<?xml version="1.0" encoding="UTF-8"?>
<gpx xmlns:xsi="http://www.w3.org/2001/XMLSchema-instance" xmlns="http://www.topografix.com/GPX/1/0" xsi:schemaLocation="http://www.topografix.com/GPX/1/1 http://www.topografix.com/GPX/1/1/gpx.xsd" creator="Geographica - http://geographica.biz/" appVersion="Ver 2.1.59:4409" device="google sunfish" android="13" carrier="povo">
<trk>
<name>20260905</name>
<trkseg>
<trkpt lat="35.842259" lon="139.044512">
<ele>654.500000</ele>
<time>2026-09-04T23:21:11Z</time>
<speed>2.110000</speed>
<trueHeading>0.000000</trueHeading>
<magneticHeading>0.000000</magneticHeading>
<gpsHeading>0.000000</gpsHeading>
<haccuracy>8.206789</haccuracy>
<vaccuracy>8.206789</vaccuracy>
<internetconnect>2</internetconnect>
</trkpt>
<trkpt lat="35.841785" lon="139.044536">
<ele>631.666667</ele>
<time>2026-09-04T23:22:11Z</time>
<speed>3.030000</speed>
<trueHeading>0.000000</trueHeading>
<magneticHeading>0.000000</magneticHeading>
<gpsHeading>177.289520</gpsHeading>
<haccuracy>12.556000</haccuracy>
<vaccuracy>12.556000</vaccuracy>
<internetconnect>2</internetconnect>
</trkpt>
<trkpt lat="35.841655" lon="139.044221">
<ele>617.666667</ele>
<time>2026-09-04T23:23:20Z</time>
<speed>1.780000</speed>
<trueHeading>0.000000</trueHeading>
<magneticHeading>0.000000</magneticHeading>
<gpsHeading>243.068481</gpsHeading>
<haccuracy>10.250000</haccuracy>
<vaccuracy>10.250000</vaccuracy>
<internetconnect>2</internetconnect>
</trkpt>
<trkpt lat="35.841259" lon="139.043730">
<ele>617.000000</ele>
<time>2026-09-04T23:24:08Z</time>
<speed>1.321149</speed>
<trueHeading>0.000000</trueHeading>
<magneticHeading>0.000000</magneticHeading>
<gpsHeading>225.127426</gpsHeading>
<haccuracy>7.441000</haccuracy>
<vaccuracy>7.441000</vaccuracy>
<internetconnect>2</internetconnect>
</trkpt>
<trkpt lat="35.841333" lon="139.043093">
<ele>617.000000</ele>
<time>2026-09-04T23:24:56Z</time>
<speed>1.443578</speed>
<trueHeading>0.000000</trueHeading>
<magneticHeading>0.000000</magneticHeading>
<gpsHeading>278.190430</gpsHeading>
<haccuracy>6.654000</haccuracy>
<vaccuracy>6.654000</vaccuracy>
<internetconnect>2</internetconnect>
</trkpt>
<trkpt lat="35.841445" lon="139.042313">
<ele>619.666667</ele>
<time>2026-09-04T23:25:42Z</time>
<speed>1.509381</speed>
<trueHeading>0.000000</trueHeading>
<magneticHeading>0.000000</magneticHeading>
<gpsHeading>280.008270</gpsHeading>
<haccuracy>11.102000</haccuracy>
<vaccuracy>11.102000</vaccuracy>
<internetconnect>2</internetconnect>
</trkpt>
<trkpt lat="35.841246" lon="139.041707">
<ele>620.333333</ele>
<time>2026-09-04T23:26:29Z</time>
<speed>1.486030</speed>
<trueHeading>0.000000</trueHeading>
<magneticHeading>0.000000</magneticHeading>
<gpsHeading>247.964050</gpsHeading>
<haccuracy>7.199000</haccuracy>
<vaccuracy>7.199000</vaccuracy>
<internetconnect>2</internetconnect>
</trkpt>
<trkpt lat="35.841164" lon="139.040970">
<ele>619.666667</ele>
<time>2026-09-04T23:27:19Z</time>
<speed>1.353173</speed>
<trueHeading>0.000000</trueHeading>
<magneticHeading>0.000000</magneticHeading>
<gpsHeading>262.234100</gpsHeading>
<haccuracy>6.631000</haccuracy>
<vaccuracy>6.631000</vaccuracy>
<internetconnect>2</internetconnect>
</trkpt>
<trkpt lat="35.841250" lon="139.040186">
<ele>617.333333</ele>
<time>2026-09-04T23:28:06Z</time>
<speed>1.514263</speed>
<trueHeading>0.000000</trueHeading>
<magneticHeading>0.000000</magneticHeading>
<gpsHeading>277.675873</gpsHeading>
<haccuracy>8.439000</haccuracy>
<vaccuracy>8.439000</vaccuracy>
<internetconnect>2</internetconnect>
</trkpt>
<trkpt lat="35.841257" lon="139.039708">
<ele>614.333333</ele>
<time>2026-09-04T23:28:53Z</time>
<speed>0.340862</speed>
<trueHeading>0.000000</trueHeading>
<magneticHeading>0.000000</magneticHeading>
<gpsHeading>271.020813</gpsHeading>
<haccuracy>6.734000</haccuracy>
<vaccuracy>6.734000</vaccuracy>
<internetconnect>2</internetconnect>
</trkpt>
<trkpt lat="35.841291" lon="139.039170">
<ele>605.333333</ele>
<time>2026-09-04T23:29:50Z</time>
<speed>0.270593</speed>
<trueHeading>0.000000</trueHeading>
<magneticHeading>0.000000</magneticHeading>
<gpsHeading>274.494385</gpsHeading>
<haccuracy>11.898000</haccuracy>
<vaccuracy>11.898000</vaccuracy>
<internetconnect>2</internetconnect>
</trkpt>
<trkpt lat="35.841438" lon="139.038570">
<ele>595.000000</ele>
<time>2026-09-04T23:30:37Z</time>
<speed>1.283658</speed>
<trueHeading>0.000000</trueHeading>
<magneticHeading>0.000000</magneticHeading>
<gpsHeading>286.819031</gpsHeading>
<haccuracy>5.423000</haccuracy>
<vaccuracy>5.423000</vaccuracy>
<internetconnect>2</internetconnect>
</trkpt>
<trkpt lat="35.841554" lon="139.038155">
<ele>580.666667</ele>
<time>2026-09-04T23:31:24Z</time>
<speed>0.800160</speed>
<trueHeading>0.000000</trueHeading>
<magneticHeading>0.000000</magneticHeading>
<gpsHeading>289.063751</gpsHeading>
<haccuracy>6.102000</haccuracy>
<vaccuracy>6.102000</vaccuracy>
<internetconnect>2</internetconnect>
</trkpt>
<trkpt lat="35.841827" lon="139.037722">
<ele>571.666667</ele>
<time>2026-09-04T23:32:11Z</time>
<speed>1.055695</speed>
<trueHeading>0.000000</trueHeading>
<magneticHeading>0.000000</magneticHeading>
<gpsHeading>307.768585</gpsHeading>
<haccuracy>5.717000</haccuracy>
<vaccuracy>5.717000</vaccuracy>
<internetconnect>2</internetconnect>
</trkpt>
<trkpt lat="35.842342" lon="139.037448">
<ele>564.333333</ele>
<time>2026-09-04T23:33:00Z</time>
<speed>1.532882</speed>
<trueHeading>0.000000</trueHeading>
<magneticHeading>0.000000</magneticHeading>
<gpsHeading>336.731781</gpsHeading>
<haccuracy>5.621000</haccuracy>
<vaccuracy>5.621000</vaccuracy>
<internetconnect>2</internetconnect>
</trkpt>
<trkpt lat="35.842780" lon="139.037314">
<ele>569.333333</ele>
<time>2026-09-04T23:33:47Z</time>
<speed>0.720200</speed>
<trueHeading>0.000000</trueHeading>
<magneticHeading>0.000000</magneticHeading>
<gpsHeading>346.017822</gpsHeading>
<haccuracy>6.067000</haccuracy>
<vaccuracy>6.067000</vaccuracy>
<internetconnect>2</internetconnect>
</trkpt>
<trkpt lat="35.843121" lon="139.037015">
<ele>569.333333</ele>
<time>2026-09-04T23:34:35Z</time>
<speed>1.396509</speed>
<trueHeading>0.000000</trueHeading>
<magneticHeading>0.000000</magneticHeading>
<gpsHeading>324.608978</gpsHeading>
<haccuracy>5.678000</haccuracy>
<vaccuracy>5.678000</vaccuracy>
<internetconnect>2</internetconnect>
</trkpt>
<trkpt lat="35.842837" lon="139.036957">
<ele>567.000000</ele>
<time>2026-09-04T23:36:08Z</time>
<speed>0.122740</speed>
<trueHeading>0.000000</trueHeading>
<magneticHeading>0.000000</magneticHeading>
<gpsHeading>189.368225</gpsHeading>
<haccuracy>3.599000</haccuracy>
<vaccuracy>3.599000</vaccuracy>
<internetconnect>2</internetconnect>
</trkpt>
<trkpt lat="35.842657" lon="139.037274">
<ele>555.666667</ele>
<time>2026-09-04T23:37:28Z</time>
<speed>1.400000</speed>
<trueHeading>0.000000</trueHeading>
<magneticHeading>0.000000</magneticHeading>
<gpsHeading>125.003784</gpsHeading>
<haccuracy>12.659000</haccuracy>
<vaccuracy>12.659000</vaccuracy>
<internetconnect>2</internetconnect>
</trkpt>
<trkpt lat="35.842408" lon="139.037097">
<ele>551.333333</ele>
<time>2026-09-04T23:38:20Z</time>
<speed>0.000000</speed>
<trueHeading>0.000000</trueHeading>
<magneticHeading>0.000000</magneticHeading>
<gpsHeading>209.934189</gpsHeading>
<haccuracy>19.028999</haccuracy>
<vaccuracy>19.028999</vaccuracy>
<internetconnect>2</internetconnect>
</trkpt>
<trkpt lat="35.842323" lon="139.037044">
<ele>555.666667</ele>
<time>2026-09-04T23:40:33Z</time>
<speed>0.141586</speed>
<trueHeading>0.000000</trueHeading>
<magneticHeading>0.000000</magneticHeading>
<gpsHeading>206.885117</gpsHeading>
<haccuracy>9.657000</haccuracy>
<vaccuracy>9.657000</vaccuracy>
<internetconnect>2</internetconnect>
</trkpt>
<trkpt lat="35.842191" lon="139.036833">
<ele>566.333333</ele>
<time>2026-09-04T23:42:36Z</time>
<speed>0.000000</speed>
<trueHeading>0.000000</trueHeading>
<magneticHeading>0.000000</magneticHeading>
<gpsHeading>232.433411</gpsHeading>
<haccuracy>10.249000</haccuracy>
<vaccuracy>10.249000</vaccuracy>
<internetconnect>2</internetconnect>
</trkpt>
<trkpt lat="35.842126" lon="139.036601">
<ele>581.000000</ele>
<time>2026-09-04T23:44:38Z</time>
<speed>1.000000</speed>
<trueHeading>0.000000</trueHeading>
<magneticHeading>0.000000</magneticHeading>
<gpsHeading>250.817291</gpsHeading>
<haccuracy>10.432000</haccuracy>
<vaccuracy>10.432000</vaccuracy>
<internetconnect>2</internetconnect>
</trkpt>
<trkpt lat="35.841967" lon="139.036543">
<ele>594.333333</ele>
<time>2026-09-04T23:46:41Z</time>
<speed>0.570000</speed>
<trueHeading>0.000000</trueHeading>
<magneticHeading>0.000000</magneticHeading>
<gpsHeading>196.629929</gpsHeading>
<haccuracy>10.572000</haccuracy>
<vaccuracy>10.572000</vaccuracy>
<internetconnect>2</internetconnect>
</trkpt>
<trkpt lat="35.841829" lon="139.036480">
<ele>612.000000</ele>
<time>2026-09-04T23:49:00Z</time>
<speed>0.000000</speed>
<trueHeading>0.000000</trueHeading>
<magneticHeading>0.000000</magneticHeading>
<gpsHeading>200.205826</gpsHeading>
<haccuracy>6.504000</haccuracy>
<vaccuracy>6.504000</vaccuracy>
<internetconnect>2</internetconnect>
</trkpt>
<trkpt lat="35.841630" lon="139.036233">
<ele>633.333333</ele>
<time>2026-09-04T23:50:47Z</time>
<speed>0.762687</speed>
<trueHeading>0.000000</trueHeading>
<magneticHeading>0.000000</magneticHeading>
<gpsHeading>225.196548</gpsHeading>
<haccuracy>4.169000</haccuracy>
<vaccuracy>4.169000</vaccuracy>
<internetconnect>2</internetconnect>
</trkpt>
<trkpt lat="35.841396" lon="139.036045">
<ele>653.000000</ele>
<time>2026-09-04T23:51:36Z</time>
<speed>0.741532</speed>
<trueHeading>0.000000</trueHeading>
<magneticHeading>0.000000</magneticHeading>
<gpsHeading>212.986206</gpsHeading>
<haccuracy>5.472000</haccuracy>
<vaccuracy>5.472000</vaccuracy>
<internetconnect>2</internetconnect>
</trkpt>
<trkpt lat="35.841291" lon="139.035786">
<ele>670.000000</ele>
<time>2026-09-04T23:53:40Z</time>
<speed>0.216997</speed>
<trueHeading>0.000000</trueHeading>
<magneticHeading>0.000000</magneticHeading>
<gpsHeading>243.512924</gpsHeading>
<haccuracy>4.417000</haccuracy>
<vaccuracy>4.417000</vaccuracy>
<internetconnect>2</internetconnect>
</trkpt>
<trkpt lat="35.841014" lon="139.035706">
<ele>684.333333</ele>
<time>2026-09-04T23:55:12Z</time>
<speed>0.115084</speed>
<trueHeading>0.000000</trueHeading>
<magneticHeading>0.000000</magneticHeading>
<gpsHeading>193.285416</gpsHeading>
<haccuracy>4.303000</haccuracy>
<vaccuracy>4.303000</vaccuracy>
<internetconnect>2</internetconnect>
</trkpt>
<trkpt lat="35.840742" lon="139.035627">
<ele>700.000000</ele>
<time>2026-09-04T23:57:04Z</time>
<speed>0.126320</speed>
<trueHeading>0.000000</trueHeading>
<magneticHeading>0.000000</magneticHeading>
<gpsHeading>193.174973</gpsHeading>
<haccuracy>3.548000</haccuracy>
<vaccuracy>3.548000</vaccuracy>
<internetconnect>2</internetconnect>
</trkpt>
<trkpt lat="35.840495" lon="139.035789">
<ele>714.000000</ele>
<time>2026-09-04T23:57:58Z</time>
<speed>1.009813</speed>
<trueHeading>0.000000</trueHeading>
<magneticHeading>0.000000</magneticHeading>
<gpsHeading>152.015457</gpsHeading>
<haccuracy>4.678000</haccuracy>
<vaccuracy>4.678000</vaccuracy>
<internetconnect>2</internetconnect>
</trkpt>
<trkpt lat="35.840204" lon="139.035786">
<ele>723.333333</ele>
<time>2026-09-04T23:59:03Z</time>
<speed>0.893088</speed>
<trueHeading>0.000000</trueHeading>
<magneticHeading>0.000000</magneticHeading>
<gpsHeading>180.543411</gpsHeading>
<haccuracy>5.275000</haccuracy>
<vaccuracy>5.275000</vaccuracy>
<internetconnect>2</internetconnect>
</trkpt>
<trkpt lat="35.839895" lon="139.035698">
<ele>734.666667</ele>
<time>2026-09-05T00:00:13Z</time>
<speed>1.356499</speed>
<trueHeading>0.000000</trueHeading>
<magneticHeading>0.000000</magneticHeading>
<gpsHeading>193.030472</gpsHeading>
<haccuracy>8.513000</haccuracy>
<vaccuracy>8.513000</vaccuracy>
<internetconnect>2</internetconnect>
</trkpt>
<trkpt lat="35.839577" lon="139.035989">
<ele>748.666667</ele>
<time>2026-09-05T00:01:02Z</time>
<speed>0.423595</speed>
<trueHeading>0.000000</trueHeading>
<magneticHeading>0.000000</magneticHeading>
<gpsHeading>143.410492</gpsHeading>
<haccuracy>5.078000</haccuracy>
<vaccuracy>5.078000</vaccuracy>
<internetconnect>2</internetconnect>
</trkpt>
<trkpt lat="35.839260" lon="139.036009">
<ele>766.000000</ele>
<time>2026-09-05T00:03:07Z</time>
<speed>0.432235</speed>
<trueHeading>0.000000</trueHeading>
<magneticHeading>0.000000</magneticHeading>
<gpsHeading>177.090393</gpsHeading>
<haccuracy>3.949000</haccuracy>
<vaccuracy>3.949000</vaccuracy>
<internetconnect>2</internetconnect>
</trkpt>
<trkpt lat="35.838989" lon="139.035848">
<ele>781.333333</ele>
<time>2026-09-05T00:04:14Z</time>
<speed>0.497179</speed>
<trueHeading>0.000000</trueHeading>
<magneticHeading>0.000000</magneticHeading>
<gpsHeading>205.790894</gpsHeading>
<haccuracy>5.284000</haccuracy>
<vaccuracy>5.284000</vaccuracy>
<internetconnect>2</internetconnect>
</trkpt>
<trkpt lat="35.838709" lon="139.035830">
<ele>794.666667</ele>
<time>2026-09-05T00:05:17Z</time>
<speed>0.754895</speed>
<trueHeading>0.000000</trueHeading>
<magneticHeading>0.000000</magneticHeading>
<gpsHeading>182.983231</gpsHeading>
<haccuracy>5.706000</haccuracy>
<vaccuracy>5.706000</vaccuracy>
<internetconnect>2</internetconnect>
</trkpt>
<trkpt lat="35.838457" lon="139.035637">
<ele>809.000000</ele>
<time>2026-09-05T00:06:18Z</time>
<speed>0.911022</speed>
<trueHeading>0.000000</trueHeading>
<magneticHeading>0.000000</magneticHeading>
<gpsHeading>211.734680</gpsHeading>
<haccuracy>5.687000</haccuracy>
<vaccuracy>5.687000</vaccuracy>
<internetconnect>2</internetconnect>
</trkpt>
<trkpt lat="35.838128" lon="139.035605">
<ele>823.666667</ele>
<time>2026-09-05T00:07:05Z</time>
<speed>0.808451</speed>
<trueHeading>0.000000</trueHeading>
<magneticHeading>0.000000</magneticHeading>
<gpsHeading>184.558792</gpsHeading>
<haccuracy>5.109000</haccuracy>
<vaccuracy>5.109000</vaccuracy>
<internetconnect>2</internetconnect>
</trkpt>
<trkpt lat="35.837868" lon="139.035454">
<ele>838.000000</ele>
<time>2026-09-05T00:07:55Z</time>
<speed>0.747848</speed>
<trueHeading>0.000000</trueHeading>
<magneticHeading>0.000000</magneticHeading>
<gpsHeading>205.147095</gpsHeading>
<haccuracy>4.960000</haccuracy>
<vaccuracy>4.960000</vaccuracy>
<internetconnect>2</internetconnect>
</trkpt>
<trkpt lat="35.837694" lon="139.035300">
<ele>851.333333</ele>
<time>2026-09-05T00:09:58Z</time>
<speed>0.202597</speed>
<trueHeading>0.000000</trueHeading>
<magneticHeading>0.000000</magneticHeading>
<gpsHeading>215.704529</gpsHeading>
<haccuracy>5.410000</haccuracy>
<vaccuracy>5.410000</vaccuracy>
<internetconnect>2</internetconnect>
</trkpt>
<trkpt lat="35.837477" lon="139.035153">
<ele>865.333333</ele>
<time>2026-09-05T00:12:03Z</time>
<speed>0.220000</speed>
<trueHeading>0.000000</trueHeading>
<magneticHeading>0.000000</magneticHeading>
<gpsHeading>208.696915</gpsHeading>
<haccuracy>10.464000</haccuracy>
<vaccuracy>10.464000</vaccuracy>
<internetconnect>2</internetconnect>
</trkpt>
<trkpt lat="35.837217" lon="139.035064">
<ele>880.000000</ele>
<time>2026-09-05T00:14:08Z</time>
<speed>0.195622</speed>
<trueHeading>0.000000</trueHeading>
<magneticHeading>0.000000</magneticHeading>
<gpsHeading>195.471039</gpsHeading>
<haccuracy>5.373000</haccuracy>
<vaccuracy>5.373000</vaccuracy>
<internetconnect>2</internetconnect>
</trkpt>
<trkpt lat="35.836922" lon="139.035133">
<ele>898.000000</ele>
<time>2026-09-05T00:15:11Z</time>
<speed>0.438666</speed>
<trueHeading>0.000000</trueHeading>
<magneticHeading>0.000000</magneticHeading>
<gpsHeading>169.298141</gpsHeading>
<haccuracy>4.776000</haccuracy>
<vaccuracy>4.776000</vaccuracy>
<internetconnect>2</internetconnect>
</trkpt>
<trkpt lat="35.836654" lon="139.034988">
<ele>915.666667</ele>
<time>2026-09-05T00:16:49Z</time>
<speed>0.677754</speed>
<trueHeading>0.000000</trueHeading>
<magneticHeading>0.000000</magneticHeading>
<gpsHeading>203.588043</gpsHeading>
<haccuracy>4.086000</haccuracy>
<vaccuracy>4.086000</vaccuracy>
<internetconnect>2</internetconnect>
</trkpt>
<trkpt lat="35.836365" lon="139.034836">
<ele>934.666667</ele>
<time>2026-09-05T00:17:57Z</time>
<speed>0.736174</speed>
<trueHeading>0.000000</trueHeading>
<magneticHeading>0.000000</magneticHeading>
<gpsHeading>203.111954</gpsHeading>
<haccuracy>4.567000</haccuracy>
<vaccuracy>4.567000</vaccuracy>
<internetconnect>2</internetconnect>
</trkpt>
<trkpt lat="35.836088" lon="139.034718">
<ele>951.000000</ele>
<time>2026-09-05T00:19:45Z</time>
<speed>0.221525</speed>
<trueHeading>0.000000</trueHeading>
<magneticHeading>0.000000</magneticHeading>
<gpsHeading>199.167847</gpsHeading>
<haccuracy>4.490000</haccuracy>
<vaccuracy>4.490000</vaccuracy>
<internetconnect>0</internetconnect>
</trkpt>
<trkpt lat="35.835788" lon="139.034685">
<ele>968.000000</ele>
<time>2026-09-05T00:21:20Z</time>
<speed>0.456473</speed>
<trueHeading>0.000000</trueHeading>
<magneticHeading>0.000000</magneticHeading>
<gpsHeading>185.000473</gpsHeading>
<haccuracy>5.451000</haccuracy>
<vaccuracy>5.451000</vaccuracy>
<internetconnect>0</internetconnect>
</trkpt>
<trkpt lat="35.835502" lon="139.034629">
<ele>982.000000</ele>
<time>2026-09-05T00:22:14Z</time>
<speed>0.275464</speed>
<trueHeading>0.000000</trueHeading>
<magneticHeading>0.000000</magneticHeading>
<gpsHeading>188.994659</gpsHeading>
<haccuracy>4.390000</haccuracy>
<vaccuracy>4.390000</vaccuracy>
<internetconnect>0</internetconnect>
</trkpt>
<trkpt lat="35.835250" lon="139.034603">
<ele>996.333333</ele>
<time>2026-09-05T00:24:24Z</time>
<speed>0.094136</speed>
<trueHeading>0.000000</trueHeading>
<magneticHeading>0.000000</magneticHeading>
<gpsHeading>184.757858</gpsHeading>
<haccuracy>3.000000</haccuracy>
<vaccuracy>3.000000</vaccuracy>
<internetconnect>0</internetconnect>
</trkpt>
<trkpt lat="35.834837" lon="139.034594">
<ele>1010.333333</ele>
<time>2026-09-05T00:25:12Z</time>
<speed>0.294654</speed>
<trueHeading>0.000000</trueHeading>
<magneticHeading>0.000000</magneticHeading>
<gpsHeading>181.044586</gpsHeading>
<haccuracy>4.738000</haccuracy>
<vaccuracy>4.738000</vaccuracy>
<internetconnect>0</internetconnect>
</trkpt>
<trkpt lat="35.834511" lon="139.034509">
<ele>1026.000000</ele>
<time>2026-09-05T00:26:35Z</time>
<speed>0.484831</speed>
<trueHeading>0.000000</trueHeading>
<magneticHeading>0.000000</magneticHeading>
<gpsHeading>192.000824</gpsHeading>
<haccuracy>5.049000</haccuracy>
<vaccuracy>5.049000</vaccuracy>
<internetconnect>0</internetconnect>
</trkpt>
<trkpt lat="35.834292" lon="139.034253">
<ele>1043.333333</ele>
<time>2026-09-05T00:27:25Z</time>
<speed>0.288094</speed>
<trueHeading>0.000000</trueHeading>
<magneticHeading>0.000000</magneticHeading>
<gpsHeading>223.461319</gpsHeading>
<haccuracy>4.119000</haccuracy>
<vaccuracy>4.119000</vaccuracy>
<internetconnect>0</internetconnect>
</trkpt>
<trkpt lat="35.834003" lon="139.034178">
<ele>1060.000000</ele>
<time>2026-09-05T00:28:51Z</time>
<speed>0.360636</speed>
<trueHeading>0.000000</trueHeading>
<magneticHeading>0.000000</magneticHeading>
<gpsHeading>191.773575</gpsHeading>
<haccuracy>4.755000</haccuracy>
<vaccuracy>4.755000</vaccuracy>
<internetconnect>0</internetconnect>
</trkpt>
<trkpt lat="35.833786" lon="139.034072">
<ele>1074.333333</ele>
<time>2026-09-05T00:30:54Z</time>
<speed>0.615923</speed>
<trueHeading>0.000000</trueHeading>
<magneticHeading>0.000000</magneticHeading>
<gpsHeading>201.751801</gpsHeading>
<haccuracy>4.218000</haccuracy>
<vaccuracy>4.218000</vaccuracy>
<internetconnect>0</internetconnect>
</trkpt>
<trkpt lat="35.833533" lon="139.034285">
<ele>1089.000000</ele>
<time>2026-09-05T00:32:30Z</time>
<speed>0.345143</speed>
<trueHeading>0.000000</trueHeading>
<magneticHeading>0.000000</magneticHeading>
<gpsHeading>145.722931</gpsHeading>
<haccuracy>4.714000</haccuracy>
<vaccuracy>4.714000</vaccuracy>
<internetconnect>0</internetconnect>
</trkpt>
<trkpt lat="35.833245" lon="139.034429">
<ele>1104.666667</ele>
<time>2026-09-05T00:33:37Z</time>
<speed>0.889530</speed>
<trueHeading>0.000000</trueHeading>
<magneticHeading>0.000000</magneticHeading>
<gpsHeading>157.878799</gpsHeading>
<haccuracy>4.801000</haccuracy>
<vaccuracy>4.801000</vaccuracy>
<internetconnect>0</internetconnect>
</trkpt>
<trkpt lat="35.832966" lon="139.034314">
<ele>1121.333333</ele>
<time>2026-09-05T00:35:16Z</time>
<speed>0.386626</speed>
<trueHeading>0.000000</trueHeading>
<magneticHeading>0.000000</magneticHeading>
<gpsHeading>198.539536</gpsHeading>
<haccuracy>4.178000</haccuracy>
<vaccuracy>4.178000</vaccuracy>
<internetconnect>0</internetconnect>
</trkpt>
<trkpt lat="35.832695" lon="139.034398">
<ele>1135.000000</ele>
<time>2026-09-05T00:36:23Z</time>
<speed>0.525506</speed>
<trueHeading>0.000000</trueHeading>
<magneticHeading>0.000000</magneticHeading>
<gpsHeading>165.840515</gpsHeading>
<haccuracy>3.792000</haccuracy>
<vaccuracy>3.792000</vaccuracy>
<internetconnect>0</internetconnect>
</trkpt>
<trkpt lat="35.832442" lon="139.034564">
<ele>1146.666667</ele>
<time>2026-09-05T00:37:17Z</time>
<speed>0.439790</speed>
<trueHeading>0.000000</trueHeading>
<magneticHeading>0.000000</magneticHeading>
<gpsHeading>151.895081</gpsHeading>
<haccuracy>4.878000</haccuracy>
<vaccuracy>4.878000</vaccuracy>
<internetconnect>0</internetconnect>
</trkpt>
<trkpt lat="35.832218" lon="139.034600">
<ele>1159.000000</ele>
<time>2026-09-05T00:39:27Z</time>
<speed>0.220043</speed>
<trueHeading>0.000000</trueHeading>
<magneticHeading>0.000000</magneticHeading>
<gpsHeading>172.613083</gpsHeading>
<haccuracy>3.000000</haccuracy>
<vaccuracy>3.000000</vaccuracy>
<internetconnect>0</internetconnect>
</trkpt>
<trkpt lat="35.832000" lon="139.034832">
<ele>1171.000000</ele>
<time>2026-09-05T00:40:15Z</time>
<speed>0.236547</speed>
<trueHeading>0.000000</trueHeading>
<magneticHeading>0.000000</magneticHeading>
<gpsHeading>139.125290</gpsHeading>
<haccuracy>4.198000</haccuracy>
<vaccuracy>4.198000</vaccuracy>
<internetconnect>0</internetconnect>
</trkpt>
<trkpt lat="35.831743" lon="139.034967">
<ele>1183.333333</ele>
<time>2026-09-05T00:41:29Z</time>
<speed>0.303658</speed>
<trueHeading>0.000000</trueHeading>
<magneticHeading>0.000000</magneticHeading>
<gpsHeading>157.033356</gpsHeading>
<haccuracy>4.539000</haccuracy>
<vaccuracy>4.539000</vaccuracy>
<internetconnect>0</internetconnect>
</trkpt>
<trkpt lat="35.831465" lon="139.035077">
<ele>1195.666667</ele>
<time>2026-09-05T00:42:17Z</time>
<speed>0.331141</speed>
<trueHeading>0.000000</trueHeading>
<magneticHeading>0.000000</magneticHeading>
<gpsHeading>162.153351</gpsHeading>
<haccuracy>4.466000</haccuracy>
<vaccuracy>4.466000</vaccuracy>
<internetconnect>0</internetconnect>
</trkpt>
<trkpt lat="35.831196" lon="139.035197">
<ele>1207.000000</ele>
<time>2026-09-05T00:43:18Z</time>
<speed>0.431259</speed>
<trueHeading>0.000000</trueHeading>
<magneticHeading>0.000000</magneticHeading>
<gpsHeading>160.231934</gpsHeading>
<haccuracy>4.643000</haccuracy>
<vaccuracy>4.643000</vaccuracy>
<internetconnect>0</internetconnect>
</trkpt>
<trkpt lat="35.831057" lon="139.035291">
<ele>1219.000000</ele>
<time>2026-09-05T00:45:33Z</time>
<speed>0.000000</speed>
<trueHeading>0.000000</trueHeading>
<magneticHeading>0.000000</magneticHeading>
<gpsHeading>151.041336</gpsHeading>
<haccuracy>5.200000</haccuracy>
<vaccuracy>5.200000</vaccuracy>
<internetconnect>0</internetconnect>
</trkpt>
<trkpt lat="35.830777" lon="139.035210">
<ele>1232.666667</ele>
<time>2026-09-05T00:47:07Z</time>
<speed>0.340122</speed>
<trueHeading>0.000000</trueHeading>
<magneticHeading>0.000000</magneticHeading>
<gpsHeading>193.300323</gpsHeading>
<haccuracy>4.274000</haccuracy>
<vaccuracy>4.274000</vaccuracy>
<internetconnect>0</internetconnect>
</trkpt>
<trkpt lat="35.830609" lon="139.035176">
<ele>1247.666667</ele>
<time>2026-09-05T00:49:34Z</time>
<speed>0.025387</speed>
<trueHeading>0.000000</trueHeading>
<magneticHeading>0.000000</magneticHeading>
<gpsHeading>189.188721</gpsHeading>
<haccuracy>5.333000</haccuracy>
<vaccuracy>5.333000</vaccuracy>
<internetconnect>0</internetconnect>
</trkpt>
<trkpt lat="35.830402" lon="139.035121">
<ele>1262.000000</ele>
<time>2026-09-05T00:51:44Z</time>
<speed>0.153361</speed>
<trueHeading>0.000000</trueHeading>
<magneticHeading>0.000000</magneticHeading>
<gpsHeading>192.196762</gpsHeading>
<haccuracy>4.037000</haccuracy>
<vaccuracy>4.037000</vaccuracy>
<internetconnect>0</internetconnect>
</trkpt>
<trkpt lat="35.830028" lon="139.035163">
<ele>1275.666667</ele>
<time>2026-09-05T00:52:33Z</time>
<speed>0.200002</speed>
<trueHeading>0.000000</trueHeading>
<magneticHeading>0.000000</magneticHeading>
<gpsHeading>174.745651</gpsHeading>
<haccuracy>3.569000</haccuracy>
<vaccuracy>3.569000</vaccuracy>
<internetconnect>0</internetconnect>
</trkpt>
<trkpt lat="35.829747" lon="139.035066">
<ele>1288.666667</ele>
<time>2026-09-05T00:54:19Z</time>
<speed>0.612285</speed>
<trueHeading>0.000000</trueHeading>
<magneticHeading>0.000000</magneticHeading>
<gpsHeading>195.635361</gpsHeading>
<haccuracy>3.859000</haccuracy>
<vaccuracy>3.859000</vaccuracy>
<internetconnect>0</internetconnect>
</trkpt>
<trkpt lat="35.829450" lon="139.035024">
<ele>1302.666667</ele>
<time>2026-09-05T00:55:27Z</time>
<speed>0.670752</speed>
<trueHeading>0.000000</trueHeading>
<magneticHeading>0.000000</magneticHeading>
<gpsHeading>186.560394</gpsHeading>
<haccuracy>5.060000</haccuracy>
<vaccuracy>5.060000</vaccuracy>
<internetconnect>0</internetconnect>
</trkpt>
<trkpt lat="35.829168" lon="139.035049">
<ele>1315.666667</ele>
<time>2026-09-05T00:56:27Z</time>
<speed>0.351812</speed>
<trueHeading>0.000000</trueHeading>
<magneticHeading>0.000000</magneticHeading>
<gpsHeading>175.967957</gpsHeading>
<haccuracy>4.688000</haccuracy>
<vaccuracy>4.688000</vaccuracy>
<internetconnect>0</internetconnect>
</trkpt>
<trkpt lat="35.828893" lon="139.035140">
<ele>1332.000000</ele>
<time>2026-09-05T00:57:48Z</time>
<speed>0.169146</speed>
<trueHeading>0.000000</trueHeading>
<magneticHeading>0.000000</magneticHeading>
<gpsHeading>164.913513</gpsHeading>
<haccuracy>4.250000</haccuracy>
<vaccuracy>4.250000</vaccuracy>
<internetconnect>0</internetconnect>
</trkpt>
<trkpt lat="35.828602" lon="139.035163">
<ele>1347.000000</ele>
<time>2026-09-05T00:59:10Z</time>
<speed>0.607984</speed>
<trueHeading>0.000000</trueHeading>
<magneticHeading>0.000000</magneticHeading>
<gpsHeading>176.289536</gpsHeading>
<haccuracy>4.641000</haccuracy>
<vaccuracy>4.641000</vaccuracy>
<internetconnect>0</internetconnect>
</trkpt>
<trkpt lat="35.828318" lon="139.035188">
<ele>1361.333333</ele>
<time>2026-09-05T01:01:00Z</time>
<speed>0.201785</speed>
<trueHeading>0.000000</trueHeading>
<magneticHeading>0.000000</magneticHeading>
<gpsHeading>176.004654</gpsHeading>
<haccuracy>4.207000</haccuracy>
<vaccuracy>4.207000</vaccuracy>
<internetconnect>0</internetconnect>
</trkpt>
<trkpt lat="35.828053" lon="139.035021">
<ele>1372.333333</ele>
<time>2026-09-05T01:02:08Z</time>
<speed>0.322867</speed>
<trueHeading>0.000000</trueHeading>
<magneticHeading>0.000000</magneticHeading>
<gpsHeading>207.052567</gpsHeading>
<haccuracy>4.380000</haccuracy>
<vaccuracy>4.380000</vaccuracy>
<internetconnect>0</internetconnect>
</trkpt>
<trkpt lat="35.827753" lon="139.035011">
<ele>1383.333333</ele>
<time>2026-09-05T01:02:55Z</time>
<speed>0.492682</speed>
<trueHeading>0.000000</trueHeading>
<magneticHeading>0.000000</magneticHeading>
<gpsHeading>181.576416</gpsHeading>
<haccuracy>4.396000</haccuracy>
<vaccuracy>4.396000</vaccuracy>
<internetconnect>0</internetconnect>
</trkpt>
<trkpt lat="35.827446" lon="139.034892">
<ele>1394.666667</ele>
<time>2026-09-05T01:03:57Z</time>
<speed>0.974262</speed>
<trueHeading>0.000000</trueHeading>
<magneticHeading>0.000000</magneticHeading>
<gpsHeading>197.412949</gpsHeading>
<haccuracy>4.681000</haccuracy>
<vaccuracy>4.681000</vaccuracy>
<internetconnect>0</internetconnect>
</trkpt>
<trkpt lat="35.827142" lon="139.034946">
<ele>1404.000000</ele>
<time>2026-09-05T01:05:28Z</time>
<speed>0.215507</speed>
<trueHeading>0.000000</trueHeading>
<magneticHeading>0.000000</magneticHeading>
<gpsHeading>171.934830</gpsHeading>
<haccuracy>4.416000</haccuracy>
<vaccuracy>4.416000</vaccuracy>
<internetconnect>0</internetconnect>
</trkpt>
<trkpt lat="35.826855" lon="139.034928">
<ele>1412.333333</ele>
<time>2026-09-05T01:06:25Z</time>
<speed>0.217804</speed>
<trueHeading>0.000000</trueHeading>
<magneticHeading>0.000000</magneticHeading>
<gpsHeading>182.769562</gpsHeading>
<haccuracy>4.566000</haccuracy>
<vaccuracy>4.566000</vaccuracy>
<internetconnect>0</internetconnect>
</trkpt>
<trkpt lat="35.826572" lon="139.034810">
<ele>1420.666667</ele>
<time>2026-09-05T01:07:18Z</time>
<speed>0.320352</speed>
<trueHeading>0.000000</trueHeading>
<magneticHeading>0.000000</magneticHeading>
<gpsHeading>198.708221</gpsHeading>
<haccuracy>4.517000</haccuracy>
<vaccuracy>4.517000</vaccuracy>
<internetconnect>0</internetconnect>
</trkpt>
<trkpt lat="35.826444" lon="139.034503">
<ele>1428.000000</ele>
<time>2026-09-05T01:08:10Z</time>
<speed>0.487662</speed>
<trueHeading>0.000000</trueHeading>
<magneticHeading>0.000000</magneticHeading>
<gpsHeading>242.769562</gpsHeading>
<haccuracy>4.428000</haccuracy>
<vaccuracy>4.428000</vaccuracy>
<internetconnect>0</internetconnect>
</trkpt>
<trkpt lat="35.826153" lon="139.034485">
<ele>1435.000000</ele>
<time>2026-09-05T01:08:58Z</time>
<speed>0.215112</speed>
<trueHeading>0.000000</trueHeading>
<magneticHeading>0.000000</magneticHeading>
<gpsHeading>182.892990</gpsHeading>
<haccuracy>4.844000</haccuracy>
<vaccuracy>4.844000</vaccuracy>
<internetconnect>0</internetconnect>
</trkpt>
<trkpt lat="35.825849" lon="139.034331">
<ele>1440.666667</ele>
<time>2026-09-05T01:09:46Z</time>
<speed>0.403806</speed>
<trueHeading>0.000000</trueHeading>
<magneticHeading>0.000000</magneticHeading>
<gpsHeading>202.218018</gpsHeading>
<haccuracy>5.355000</haccuracy>
<vaccuracy>5.355000</vaccuracy>
<internetconnect>0</internetconnect>
</trkpt>
<trkpt lat="35.825615" lon="139.034087">
<ele>1450.333333</ele>
<time>2026-09-05T01:10:33Z</time>
<speed>0.186192</speed>
<trueHeading>0.000000</trueHeading>
<magneticHeading>0.000000</magneticHeading>
<gpsHeading>220.262238</gpsHeading>
<haccuracy>5.219000</haccuracy>
<vaccuracy>5.219000</vaccuracy>
<internetconnect>0</internetconnect>
</trkpt>
<trkpt lat="35.825420" lon="139.033832">
<ele>1461.333333</ele>
<time>2026-09-05T01:11:35Z</time>
<speed>0.162143</speed>
<trueHeading>0.000000</trueHeading>
<magneticHeading>0.000000</magneticHeading>
<gpsHeading>226.780167</gpsHeading>
<haccuracy>4.681000</haccuracy>
<vaccuracy>4.681000</vaccuracy>
<internetconnect>0</internetconnect>
</trkpt>
<trkpt lat="35.825225" lon="139.033675">
<ele>1471.666667</ele>
<time>2026-09-05T01:13:40Z</time>
<speed>1.740000</speed>
<trueHeading>0.000000</trueHeading>
<magneticHeading>0.000000</magneticHeading>
<gpsHeading>213.029297</gpsHeading>
<haccuracy>9.935000</haccuracy>
<vaccuracy>9.935000</vaccuracy>
<internetconnect>0</internetconnect>
</trkpt>
<trkpt lat="35.824886" lon="139.033546">
<ele>1478.666667</ele>
<time>2026-09-05T01:14:27Z</time>
<speed>0.809578</speed>
<trueHeading>0.000000</trueHeading>
<magneticHeading>0.000000</magneticHeading>
<gpsHeading>197.068817</gpsHeading>
<haccuracy>4.787000</haccuracy>
<vaccuracy>4.787000</vaccuracy>
<internetconnect>0</internetconnect>
</trkpt>
<trkpt lat="35.824604" lon="139.033363">
<ele>1484.333333</ele>
<time>2026-09-05T01:15:16Z</time>
<speed>0.415286</speed>
<trueHeading>0.000000</trueHeading>
<magneticHeading>0.000000</magneticHeading>
<gpsHeading>207.764664</gpsHeading>
<haccuracy>4.499000</haccuracy>
<vaccuracy>4.499000</vaccuracy>
<internetconnect>0</internetconnect>
</trkpt>
<trkpt lat="35.824408" lon="139.033097">
<ele>1487.666667</ele>
<time>2026-09-05T01:16:46Z</time>
<speed>0.251109</speed>
<trueHeading>0.000000</trueHeading>
<magneticHeading>0.000000</magneticHeading>
<gpsHeading>227.830673</gpsHeading>
<haccuracy>4.193000</haccuracy>
<vaccuracy>4.193000</vaccuracy>
<internetconnect>0</internetconnect>
</trkpt>
<trkpt lat="35.824436" lon="139.033040">
<ele>1490.666667</ele>
<time>2026-09-05T01:20:52Z</time>
<speed>0.145939</speed>
<trueHeading>0.000000</trueHeading>
<magneticHeading>0.000000</magneticHeading>
<gpsHeading>322.716339</gpsHeading>
<haccuracy>4.131000</haccuracy>
<vaccuracy>4.131000</vaccuracy>
<internetconnect>0</internetconnect>
</trkpt>
<trkpt lat="35.824403" lon="139.033027">
<ele>1491.666667</ele>
<time>2026-09-05T01:41:24Z</time>
<speed>0.000000</speed>
<trueHeading>0.000000</trueHeading>
<magneticHeading>0.000000</magneticHeading>
<gpsHeading>211.333160</gpsHeading>
<haccuracy>4.336000</haccuracy>
<vaccuracy>4.336000</vaccuracy>
<internetconnect>0</internetconnect>
</trkpt>
<trkpt lat="35.824398" lon="139.032638">
<ele>1494.333333</ele>
<time>2026-09-05T01:42:28Z</time>
<speed>1.290000</speed>
<trueHeading>0.000000</trueHeading>
<magneticHeading>0.000000</magneticHeading>
<gpsHeading>268.983093</gpsHeading>
<haccuracy>9.993000</haccuracy>
<vaccuracy>9.993000</vaccuracy>
<internetconnect>0</internetconnect>
</trkpt>
<trkpt lat="35.824210" lon="139.032017">
<ele>1498.333333</ele>
<time>2026-09-05T01:43:17Z</time>
<speed>1.311148</speed>
<trueHeading>0.000000</trueHeading>
<magneticHeading>0.000000</magneticHeading>
<gpsHeading>249.519623</gpsHeading>
<haccuracy>5.510000</haccuracy>
<vaccuracy>5.510000</vaccuracy>
<internetconnect>0</internetconnect>
</trkpt>
<trkpt lat="35.824055" lon="139.031606">
<ele>1502.000000</ele>
<time>2026-09-05T01:44:05Z</time>
<speed>1.047153</speed>
<trueHeading>0.000000</trueHeading>
<magneticHeading>0.000000</magneticHeading>
<gpsHeading>245.124741</gpsHeading>
<haccuracy>5.500000</haccuracy>
<vaccuracy>5.500000</vaccuracy>
<internetconnect>0</internetconnect>
</trkpt>
<trkpt lat="35.824040" lon="139.031188">
<ele>1504.333333</ele>
<time>2026-09-05T01:44:52Z</time>
<speed>1.096133</speed>
<trueHeading>0.000000</trueHeading>
<magneticHeading>0.000000</magneticHeading>
<gpsHeading>267.385254</gpsHeading>
<haccuracy>4.726000</haccuracy>
<vaccuracy>4.726000</vaccuracy>
<internetconnect>0</internetconnect>
</trkpt>
<trkpt lat="35.824297" lon="139.030833">
<ele>1510.000000</ele>
<time>2026-09-05T01:45:40Z</time>
<speed>1.220024</speed>
<trueHeading>0.000000</trueHeading>
<magneticHeading>0.000000</magneticHeading>
<gpsHeading>311.806519</gpsHeading>
<haccuracy>4.787000</haccuracy>
<vaccuracy>4.787000</vaccuracy>
<internetconnect>0</internetconnect>
</trkpt>
<trkpt lat="35.824345" lon="139.030392">
<ele>1515.666667</ele>
<time>2026-09-05T01:46:29Z</time>
<speed>1.054587</speed>
<trueHeading>0.000000</trueHeading>
<magneticHeading>0.000000</magneticHeading>
<gpsHeading>277.579285</gpsHeading>
<haccuracy>4.771000</haccuracy>
<vaccuracy>4.771000</vaccuracy>
<internetconnect>0</internetconnect>
</trkpt>
<trkpt lat="35.824249" lon="139.030029">
<ele>1520.666667</ele>
<time>2026-09-05T01:47:19Z</time>
<speed>1.036321</speed>
<trueHeading>0.000000</trueHeading>
<magneticHeading>0.000000</magneticHeading>
<gpsHeading>251.903717</gpsHeading>
<haccuracy>5.133000</haccuracy>
<vaccuracy>5.133000</vaccuracy>
<internetconnect>0</internetconnect>
</trkpt>
<trkpt lat="35.824171" lon="139.029655">
<ele>1518.333333</ele>
<time>2026-09-05T01:48:41Z</time>
<speed>1.433779</speed>
<trueHeading>0.000000</trueHeading>
<magneticHeading>0.000000</magneticHeading>
<gpsHeading>255.593674</gpsHeading>
<haccuracy>3.029000</haccuracy>
<vaccuracy>3.029000</vaccuracy>
<internetconnect>0</internetconnect>
</trkpt>
<trkpt lat="35.824521" lon="139.029432">
<ele>1510.333333</ele>
<time>2026-09-05T01:49:29Z</time>
<speed>1.030437</speed>
<trueHeading>0.000000</trueHeading>
<magneticHeading>0.000000</magneticHeading>
<gpsHeading>332.780701</gpsHeading>
<haccuracy>3.052000</haccuracy>
<vaccuracy>3.052000</vaccuracy>
<internetconnect>0</internetconnect>
</trkpt>
<trkpt lat="35.824802" lon="139.029383">
<ele>1496.666667</ele>
<time>2026-09-05T01:51:06Z</time>
<speed>1.060000</speed>
<trueHeading>0.000000</trueHeading>
<magneticHeading>0.000000</magneticHeading>
<gpsHeading>351.905823</gpsHeading>
<haccuracy>4.678000</haccuracy>
<vaccuracy>4.678000</vaccuracy>
<internetconnect>0</internetconnect>
</trkpt>
<trkpt lat="35.825028" lon="139.029501">
<ele>1484.666667</ele>
<time>2026-09-05T01:53:10Z</time>
<speed>0.680000</speed>
<trueHeading>0.000000</trueHeading>
<magneticHeading>0.000000</magneticHeading>
<gpsHeading>22.981487</gpsHeading>
<haccuracy>3.790000</haccuracy>
<vaccuracy>3.790000</vaccuracy>
<internetconnect>0</internetconnect>
</trkpt>
<trkpt lat="35.825382" lon="139.029476">
<ele>1458.333333</ele>
<time>2026-09-05T01:56:59Z</time>
<speed>0.620000</speed>
<trueHeading>0.000000</trueHeading>
<magneticHeading>0.000000</magneticHeading>
<gpsHeading>0.839693</gpsHeading>
<haccuracy>9.941000</haccuracy>
<vaccuracy>9.941000</vaccuracy>
<internetconnect>0</internetconnect>
</trkpt>
<trkpt lat="35.825641" lon="139.029580">
<ele>1439.333333</ele>
<time>2026-09-05T01:59:01Z</time>
<speed>0.960000</speed>
<trueHeading>0.000000</trueHeading>
<magneticHeading>0.000000</magneticHeading>
<gpsHeading>18.017565</gpsHeading>
<haccuracy>4.850000</haccuracy>
<vaccuracy>4.850000</vaccuracy>
<internetconnect>0</internetconnect>
</trkpt>
<trkpt lat="35.825955" lon="139.029481">
<ele>1419.666667</ele>
<time>2026-09-05T02:00:52Z</time>
<speed>1.160000</speed>
<trueHeading>0.000000</trueHeading>
<magneticHeading>0.000000</magneticHeading>
<gpsHeading>345.541077</gpsHeading>
<haccuracy>10.431000</haccuracy>
<vaccuracy>10.431000</vaccuracy>
<internetconnect>0</internetconnect>
</trkpt>
<trkpt lat="35.826135" lon="139.029503">
<ele>1406.666667</ele>
<time>2026-09-05T02:02:53Z</time>
<speed>0.420000</speed>
<trueHeading>0.000000</trueHeading>
<magneticHeading>0.000000</magneticHeading>
<gpsHeading>5.809491</gpsHeading>
<haccuracy>6.073000</haccuracy>
<vaccuracy>6.073000</vaccuracy>
<internetconnect>0</internetconnect>
</trkpt>
<trkpt lat="35.826179" lon="139.029229">
<ele>1390.333333</ele>
<time>2026-09-05T02:08:03Z</time>
<speed>0.350000</speed>
<trueHeading>0.000000</trueHeading>
<magneticHeading>0.000000</magneticHeading>
<gpsHeading>287.673370</gpsHeading>
<haccuracy>4.075000</haccuracy>
<vaccuracy>4.075000</vaccuracy>
<internetconnect>0</internetconnect>
</trkpt>
<trkpt lat="35.826413" lon="139.029262">
<ele>1378.333333</ele>
<time>2026-09-05T02:10:06Z</time>
<speed>0.880000</speed>
<trueHeading>0.000000</trueHeading>
<magneticHeading>0.000000</magneticHeading>
<gpsHeading>6.550959</gpsHeading>
<haccuracy>10.230000</haccuracy>
<vaccuracy>10.230000</vaccuracy>
<internetconnect>0</internetconnect>
</trkpt>
<trkpt lat="35.826556" lon="139.029232">
<ele>1363.333333</ele>
<time>2026-09-05T02:12:07Z</time>
<speed>0.000000</speed>
<trueHeading>0.000000</trueHeading>
<magneticHeading>0.000000</magneticHeading>
<gpsHeading>350.549927</gpsHeading>
<haccuracy>4.202000</haccuracy>
<vaccuracy>4.202000</vaccuracy>
<internetconnect>0</internetconnect>
</trkpt>
<trkpt lat="35.826692" lon="139.029357">
<ele>1352.666667</ele>
<time>2026-09-05T02:14:10Z</time>
<speed>0.580000</speed>
<trueHeading>0.000000</trueHeading>
<magneticHeading>0.000000</magneticHeading>
<gpsHeading>36.812038</gpsHeading>
<haccuracy>6.279000</haccuracy>
<vaccuracy>6.279000</vaccuracy>
<internetconnect>0</internetconnect>
</trkpt>
<trkpt lat="35.826782" lon="139.029339">
<ele>1342.666667</ele>
<time>2026-09-05T02:16:12Z</time>
<speed>0.000000</speed>
<trueHeading>0.000000</trueHeading>
<magneticHeading>0.000000</magneticHeading>
<gpsHeading>350.608643</gpsHeading>
<haccuracy>5.171000</haccuracy>
<vaccuracy>5.171000</vaccuracy>
<internetconnect>0</internetconnect>
</trkpt>
<trkpt lat="35.826906" lon="139.029191">
<ele>1331.333333</ele>
<time>2026-09-05T02:18:16Z</time>
<speed>0.000000</speed>
<trueHeading>0.000000</trueHeading>
<magneticHeading>0.000000</magneticHeading>
<gpsHeading>316.113251</gpsHeading>
<haccuracy>11.204000</haccuracy>
<vaccuracy>11.204000</vaccuracy>
<internetconnect>0</internetconnect>
</trkpt>
<trkpt lat="35.827123" lon="139.029196">
<ele>1315.333333</ele>
<time>2026-09-05T02:20:22Z</time>
<speed>0.680000</speed>
<trueHeading>0.000000</trueHeading>
<magneticHeading>0.000000</magneticHeading>
<gpsHeading>1.028407</gpsHeading>
<haccuracy>10.330000</haccuracy>
<vaccuracy>10.330000</vaccuracy>
<internetconnect>0</internetconnect>
</trkpt>
<trkpt lat="35.827340" lon="139.029262">
<ele>1296.666667</ele>
<time>2026-09-05T02:22:27Z</time>
<speed>0.190000</speed>
<trueHeading>0.000000</trueHeading>
<magneticHeading>0.000000</magneticHeading>
<gpsHeading>13.877259</gpsHeading>
<haccuracy>4.397000</haccuracy>
<vaccuracy>4.397000</vaccuracy>
<internetconnect>0</internetconnect>
</trkpt>
<trkpt lat="35.827505" lon="139.029256">
<ele>1280.666667</ele>
<time>2026-09-05T02:24:32Z</time>
<speed>0.310000</speed>
<trueHeading>0.000000</trueHeading>
<magneticHeading>0.000000</magneticHeading>
<gpsHeading>358.373413</gpsHeading>
<haccuracy>3.888000</haccuracy>
<vaccuracy>3.888000</vaccuracy>
<internetconnect>0</internetconnect>
</trkpt>
<trkpt lat="35.827665" lon="139.029293">
<ele>1267.333333</ele>
<time>2026-09-05T02:26:34Z</time>
<speed>0.540000</speed>
<trueHeading>0.000000</trueHeading>
<magneticHeading>0.000000</magneticHeading>
<gpsHeading>10.610682</gpsHeading>
<haccuracy>9.358000</haccuracy>
<vaccuracy>9.358000</vaccuracy>
<internetconnect>0</internetconnect>
</trkpt>
<trkpt lat="35.827802" lon="139.029385">
<ele>1258.333333</ele>
<time>2026-09-05T02:28:39Z</time>
<speed>0.000000</speed>
<trueHeading>0.000000</trueHeading>
<magneticHeading>0.000000</magneticHeading>
<gpsHeading>28.679787</gpsHeading>
<haccuracy>4.798000</haccuracy>
<vaccuracy>4.798000</vaccuracy>
<internetconnect>0</internetconnect>
</trkpt>
<trkpt lat="35.827792" lon="139.029340">
<ele>1255.666667</ele>
<time>2026-09-05T02:32:48Z</time>
<speed>0.430351</speed>
<trueHeading>0.000000</trueHeading>
<magneticHeading>0.000000</magneticHeading>
<gpsHeading>193.287521</gpsHeading>
<haccuracy>4.659000</haccuracy>
<vaccuracy>4.659000</vaccuracy>
<internetconnect>0</internetconnect>
</trkpt>
<trkpt lat="35.827703" lon="139.029313">
<ele>1258.666667</ele>
<time>2026-09-05T02:34:50Z</time>
<speed>0.090135</speed>
<trueHeading>0.000000</trueHeading>
<magneticHeading>0.000000</magneticHeading>
<gpsHeading>193.749817</gpsHeading>
<haccuracy>3.000000</haccuracy>
<vaccuracy>3.000000</vaccuracy>
<internetconnect>0</internetconnect>
</trkpt>
<trkpt lat="35.827764" lon="139.029412">
<ele>1258.000000</ele>
<time>2026-09-05T02:41:30Z</time>
<speed>0.222729</speed>
<trueHeading>0.000000</trueHeading>
<magneticHeading>0.000000</magneticHeading>
<gpsHeading>48.961533</gpsHeading>
<haccuracy>5.146000</haccuracy>
<vaccuracy>5.146000</vaccuracy>
<internetconnect>0</internetconnect>
</trkpt>
<trkpt lat="35.827744" lon="139.029336">
<ele>1262.333333</ele>
<time>2026-09-05T02:56:05Z</time>
<speed>0.018261</speed>
<trueHeading>0.000000</trueHeading>
<magneticHeading>0.000000</magneticHeading>
<gpsHeading>343.220367</gpsHeading>
<haccuracy>4.641000</haccuracy>
<vaccuracy>4.641000</vaccuracy>
<internetconnect>0</internetconnect>
</trkpt>
<trkpt lat="35.827565" lon="139.029025">
<ele>1264.000000</ele>
<time>2026-09-05T02:57:44Z</time>
<speed>0.941343</speed>
<trueHeading>0.000000</trueHeading>
<magneticHeading>0.000000</magneticHeading>
<gpsHeading>234.722778</gpsHeading>
<haccuracy>4.004000</haccuracy>
<vaccuracy>4.004000</vaccuracy>
<internetconnect>0</internetconnect>
</trkpt>
<trkpt lat="35.827423" lon="139.028705">
<ele>1266.666667</ele>
<time>2026-09-05T02:58:44Z</time>
<speed>0.640000</speed>
<trueHeading>0.000000</trueHeading>
<magneticHeading>0.000000</magneticHeading>
<gpsHeading>241.220764</gpsHeading>
<haccuracy>10.696000</haccuracy>
<vaccuracy>10.696000</vaccuracy>
<internetconnect>0</internetconnect>
</trkpt>
<trkpt lat="35.827511" lon="139.028448">
<ele>1272.000000</ele>
<time>2026-09-05T03:00:50Z</time>
<speed>0.000000</speed>
<trueHeading>0.000000</trueHeading>
<magneticHeading>0.000000</magneticHeading>
<gpsHeading>293.012024</gpsHeading>
<haccuracy>10.243000</haccuracy>
<vaccuracy>10.243000</vaccuracy>
<internetconnect>0</internetconnect>
</trkpt>
<trkpt lat="35.827587" lon="139.028093">
<ele>1283.666667</ele>
<time>2026-09-05T03:02:55Z</time>
<speed>0.000000</speed>
<trueHeading>0.000000</trueHeading>
<magneticHeading>0.000000</magneticHeading>
<gpsHeading>284.686218</gpsHeading>
<haccuracy>10.108000</haccuracy>
<vaccuracy>10.108000</vaccuracy>
<internetconnect>0</internetconnect>
</trkpt>
<trkpt lat="35.827582" lon="139.027748">
<ele>1296.333333</ele>
<time>2026-09-05T03:04:50Z</time>
<speed>0.000000</speed>
<trueHeading>0.000000</trueHeading>
<magneticHeading>0.000000</magneticHeading>
<gpsHeading>268.956390</gpsHeading>
<haccuracy>9.935000</haccuracy>
<vaccuracy>9.935000</vaccuracy>
<internetconnect>0</internetconnect>
</trkpt>
<trkpt lat="35.827551" lon="139.027568">
<ele>1306.666667</ele>
<time>2026-09-05T03:06:54Z</time>
<speed>0.610000</speed>
<trueHeading>0.000000</trueHeading>
<magneticHeading>0.000000</magneticHeading>
<gpsHeading>258.220062</gpsHeading>
<haccuracy>5.084000</haccuracy>
<vaccuracy>5.084000</vaccuracy>
<internetconnect>0</internetconnect>
</trkpt>
<trkpt lat="35.827274" lon="139.027513">
<ele>1309.000000</ele>
<time>2026-09-05T03:08:51Z</time>
<speed>0.820000</speed>
<trueHeading>0.000000</trueHeading>
<magneticHeading>0.000000</magneticHeading>
<gpsHeading>189.194412</gpsHeading>
<haccuracy>3.790000</haccuracy>
<vaccuracy>3.790000</vaccuracy>
<internetconnect>0</internetconnect>
</trkpt>
<trkpt lat="35.827049" lon="139.027290">
<ele>1309.666667</ele>
<time>2026-09-05T03:10:27Z</time>
<speed>0.000000</speed>
<trueHeading>0.000000</trueHeading>
<magneticHeading>0.000000</magneticHeading>
<gpsHeading>218.797180</gpsHeading>
<haccuracy>3.937000</haccuracy>
<vaccuracy>3.937000</vaccuracy>
<internetconnect>0</internetconnect>
</trkpt>
<trkpt lat="35.827095" lon="139.027367">
<ele>1305.000000</ele>
<time>2026-09-05T03:14:53Z</time>
<speed>0.150804</speed>
<trueHeading>0.000000</trueHeading>
<magneticHeading>0.000000</magneticHeading>
<gpsHeading>6.864964</gpsHeading>
<haccuracy>5.746000</haccuracy>
<vaccuracy>5.746000</vaccuracy>
<internetconnect>0</internetconnect>
</trkpt>
<trkpt lat="35.827007" lon="139.026954">
<ele>1302.000000</ele>
<time>2026-09-05T03:15:39Z</time>
<speed>0.366731</speed>
<trueHeading>0.000000</trueHeading>
<magneticHeading>0.000000</magneticHeading>
<gpsHeading>255.275604</gpsHeading>
<haccuracy>4.670000</haccuracy>
<vaccuracy>4.670000</vaccuracy>
<internetconnect>0</internetconnect>
</trkpt>
<trkpt lat="35.826817" lon="139.026673">
<ele>1302.333333</ele>
<time>2026-09-05T03:16:28Z</time>
<speed>0.390143</speed>
<trueHeading>0.000000</trueHeading>
<magneticHeading>0.000000</magneticHeading>
<gpsHeading>230.143967</gpsHeading>
<haccuracy>5.390000</haccuracy>
<vaccuracy>5.390000</vaccuracy>
<internetconnect>0</internetconnect>
</trkpt>
<trkpt lat="35.826537" lon="139.026683">
<ele>1301.666667</ele>
<time>2026-09-05T03:18:13Z</time>
<speed>0.461451</speed>
<trueHeading>0.000000</trueHeading>
<magneticHeading>0.000000</magneticHeading>
<gpsHeading>178.304581</gpsHeading>
<haccuracy>4.643000</haccuracy>
<vaccuracy>4.643000</vaccuracy>
<internetconnect>0</internetconnect>
</trkpt>
<trkpt lat="35.826593" lon="139.026263">
<ele>1306.333333</ele>
<time>2026-09-05T03:19:06Z</time>
<speed>1.109586</speed>
<trueHeading>0.000000</trueHeading>
<magneticHeading>0.000000</magneticHeading>
<gpsHeading>279.348419</gpsHeading>
<haccuracy>4.900000</haccuracy>
<vaccuracy>4.900000</vaccuracy>
<internetconnect>0</internetconnect>
</trkpt>
<trkpt lat="35.826503" lon="139.025936">
<ele>1304.666667</ele>
<time>2026-09-05T03:20:43Z</time>
<speed>0.156477</speed>
<trueHeading>0.000000</trueHeading>
<magneticHeading>0.000000</magneticHeading>
<gpsHeading>251.179764</gpsHeading>
<haccuracy>4.059000</haccuracy>
<vaccuracy>4.059000</vaccuracy>
<internetconnect>0</internetconnect>
</trkpt>
<trkpt lat="35.826634" lon="139.025781">
<ele>1312.333333</ele>
<time>2026-09-05T03:23:04Z</time>
<speed>0.727783</speed>
<trueHeading>0.000000</trueHeading>
<magneticHeading>0.000000</magneticHeading>
<gpsHeading>316.299988</gpsHeading>
<haccuracy>5.543000</haccuracy>
<vaccuracy>5.543000</vaccuracy>
<internetconnect>0</internetconnect>
</trkpt>
<trkpt lat="35.826506" lon="139.025635">
<ele>1311.666667</ele>
<time>2026-09-05T03:25:07Z</time>
<speed>0.000000</speed>
<trueHeading>0.000000</trueHeading>
<magneticHeading>0.000000</magneticHeading>
<gpsHeading>222.802063</gpsHeading>
<haccuracy>10.830000</haccuracy>
<vaccuracy>10.830000</vaccuracy>
<internetconnect>0</internetconnect>
</trkpt>
<trkpt lat="35.826630" lon="139.025574">
<ele>1319.333333</ele>
<time>2026-09-05T03:27:12Z</time>
<speed>0.270000</speed>
<trueHeading>0.000000</trueHeading>
<magneticHeading>0.000000</magneticHeading>
<gpsHeading>338.287354</gpsHeading>
<haccuracy>10.900000</haccuracy>
<vaccuracy>10.900000</vaccuracy>
<internetconnect>0</internetconnect>
</trkpt>
<trkpt lat="35.826578" lon="139.025390">
<ele>1320.666667</ele>
<time>2026-09-05T03:29:20Z</time>
<speed>0.132035</speed>
<trueHeading>0.000000</trueHeading>
<magneticHeading>0.000000</magneticHeading>
<gpsHeading>250.900192</gpsHeading>
<haccuracy>3.000000</haccuracy>
<vaccuracy>3.000000</vaccuracy>
<internetconnect>0</internetconnect>
</trkpt>
<trkpt lat="35.826600" lon="139.025083">
<ele>1321.000000</ele>
<time>2026-09-05T03:31:30Z</time>
<speed>0.092290</speed>
<trueHeading>0.000000</trueHeading>
<magneticHeading>0.000000</magneticHeading>
<gpsHeading>275.153961</gpsHeading>
<haccuracy>6.396000</haccuracy>
<vaccuracy>6.396000</vaccuracy>
<internetconnect>0</internetconnect>
</trkpt>
<trkpt lat="35.826744" lon="139.024939">
<ele>1321.333333</ele>
<time>2026-09-05T03:33:33Z</time>
<speed>0.000000</speed>
<trueHeading>0.000000</trueHeading>
<magneticHeading>0.000000</magneticHeading>
<gpsHeading>320.829163</gpsHeading>
<haccuracy>9.444000</haccuracy>
<vaccuracy>9.444000</vaccuracy>
<internetconnect>0</internetconnect>
</trkpt>
<trkpt lat="35.826513" lon="139.024861">
<ele>1313.666667</ele>
<time>2026-09-05T03:35:38Z</time>
<speed>1.130000</speed>
<trueHeading>0.000000</trueHeading>
<magneticHeading>0.000000</magneticHeading>
<gpsHeading>195.136139</gpsHeading>
<haccuracy>8.233000</haccuracy>
<vaccuracy>8.233000</vaccuracy>
<internetconnect>0</internetconnect>
</trkpt>
<trkpt lat="35.826734" lon="139.024620">
<ele>1309.333333</ele>
<time>2026-09-05T03:36:51Z</time>
<speed>0.000000</speed>
<trueHeading>0.000000</trueHeading>
<magneticHeading>0.000000</magneticHeading>
<gpsHeading>318.491119</gpsHeading>
<haccuracy>7.215000</haccuracy>
<vaccuracy>7.215000</vaccuracy>
<internetconnect>0</internetconnect>
</trkpt>
<trkpt lat="35.826809" lon="139.024538">
<ele>1297.333333</ele>
<time>2026-09-05T03:39:13Z</time>
<speed>0.340000</speed>
<trueHeading>0.000000</trueHeading>
<magneticHeading>0.000000</magneticHeading>
<gpsHeading>318.360321</gpsHeading>
<haccuracy>11.410000</haccuracy>
<vaccuracy>11.410000</vaccuracy>
<internetconnect>0</internetconnect>
</trkpt>
<trkpt lat="35.826994" lon="139.024337">
<ele>1289.666667</ele>
<time>2026-09-05T03:41:16Z</time>
<speed>1.680000</speed>
<trueHeading>0.000000</trueHeading>
<magneticHeading>0.000000</magneticHeading>
<gpsHeading>318.736115</gpsHeading>
<haccuracy>12.093000</haccuracy>
<vaccuracy>12.093000</vaccuracy>
<internetconnect>0</internetconnect>
</trkpt>
<trkpt lat="35.827177" lon="139.024097">
<ele>1319.333333</ele>
<time>2026-09-05T03:43:23Z</time>
<speed>0.250000</speed>
<trueHeading>0.000000</trueHeading>
<magneticHeading>0.000000</magneticHeading>
<gpsHeading>313.053009</gpsHeading>
<haccuracy>12.081000</haccuracy>
<vaccuracy>12.081000</vaccuracy>
<internetconnect>0</internetconnect>
</trkpt>
<trkpt lat="35.826155" lon="139.023812">
<ele>1328.666667</ele>
<time>2026-09-05T03:44:33Z</time>
<speed>0.000000</speed>
<trueHeading>0.000000</trueHeading>
<magneticHeading>0.000000</magneticHeading>
<gpsHeading>192.726746</gpsHeading>
<haccuracy>29.937000</haccuracy>
<vaccuracy>29.937000</vaccuracy>
<internetconnect>0</internetconnect>
</trkpt>
<trkpt lat="35.826738" lon="139.023971">
<ele>1334.333333</ele>
<time>2026-09-05T03:45:21Z</time>
<speed>0.000000</speed>
<trueHeading>0.000000</trueHeading>
<magneticHeading>0.000000</magneticHeading>
<gpsHeading>12.439922</gpsHeading>
<haccuracy>9.634000</haccuracy>
<vaccuracy>9.634000</vaccuracy>
<internetconnect>0</internetconnect>
</trkpt>
<trkpt lat="35.827029" lon="139.024008">
<ele>1296.333333</ele>
<time>2026-09-05T03:46:17Z</time>
<speed>0.130583</speed>
<trueHeading>0.000000</trueHeading>
<magneticHeading>0.000000</magneticHeading>
<gpsHeading>5.901944</gpsHeading>
<haccuracy>6.554000</haccuracy>
<vaccuracy>6.554000</vaccuracy>
<internetconnect>0</internetconnect>
</trkpt>
<trkpt lat="35.827288" lon="139.023822">
<ele>1281.000000</ele>
<time>2026-09-05T03:47:07Z</time>
<speed>0.953018</speed>
<trueHeading>0.000000</trueHeading>
<magneticHeading>0.000000</magneticHeading>
<gpsHeading>329.831543</gpsHeading>
<haccuracy>5.492000</haccuracy>
<vaccuracy>5.492000</vaccuracy>
<internetconnect>0</internetconnect>
</trkpt>
<trkpt lat="35.827455" lon="139.023564">
<ele>1271.000000</ele>
<time>2026-09-05T03:50:21Z</time>
<speed>0.760000</speed>
<trueHeading>0.000000</trueHeading>
<magneticHeading>0.000000</magneticHeading>
<gpsHeading>296.578156</gpsHeading>
<haccuracy>13.182000</haccuracy>
<vaccuracy>13.182000</vaccuracy>
<internetconnect>0</internetconnect>
</trkpt>
<trkpt lat="35.827588" lon="139.023858">
<ele>1269.333333</ele>
<time>2026-09-05T03:52:31Z</time>
<speed>0.000000</speed>
<trueHeading>0.000000</trueHeading>
<magneticHeading>0.000000</magneticHeading>
<gpsHeading>60.785454</gpsHeading>
<haccuracy>9.941000</haccuracy>
<vaccuracy>9.941000</vaccuracy>
<internetconnect>0</internetconnect>
</trkpt>
<trkpt lat="35.827809" lon="139.023889">
<ele>1265.666667</ele>
<time>2026-09-05T03:54:34Z</time>
<speed>0.570000</speed>
<trueHeading>0.000000</trueHeading>
<magneticHeading>0.000000</magneticHeading>
<gpsHeading>6.559413</gpsHeading>
<haccuracy>10.147000</haccuracy>
<vaccuracy>10.147000</vaccuracy>
<internetconnect>0</internetconnect>
</trkpt>
<trkpt lat="35.828100" lon="139.023978">
<ele>1269.333333</ele>
<time>2026-09-05T03:56:37Z</time>
<speed>0.890000</speed>
<trueHeading>0.000000</trueHeading>
<magneticHeading>0.000000</magneticHeading>
<gpsHeading>13.944205</gpsHeading>
<haccuracy>10.906000</haccuracy>
<vaccuracy>10.906000</vaccuracy>
<internetconnect>0</internetconnect>
</trkpt>
<trkpt lat="35.828320" lon="139.023987">
<ele>1265.000000</ele>
<time>2026-09-05T03:58:39Z</time>
<speed>0.000000</speed>
<trueHeading>0.000000</trueHeading>
<magneticHeading>0.000000</magneticHeading>
<gpsHeading>1.773133</gpsHeading>
<haccuracy>10.563000</haccuracy>
<vaccuracy>10.563000</vaccuracy>
<internetconnect>0</internetconnect>
</trkpt>
<trkpt lat="35.828526" lon="139.024265">
<ele>1263.666667</ele>
<time>2026-09-05T04:00:25Z</time>
<speed>0.000000</speed>
<trueHeading>0.000000</trueHeading>
<magneticHeading>0.000000</magneticHeading>
<gpsHeading>47.715279</gpsHeading>
<haccuracy>6.099000</haccuracy>
<vaccuracy>6.099000</vaccuracy>
<internetconnect>0</internetconnect>
</trkpt>
<trkpt lat="35.828806" lon="139.024339">
<ele>1260.000000</ele>
<time>2026-09-05T04:01:34Z</time>
<speed>0.380000</speed>
<trueHeading>0.000000</trueHeading>
<magneticHeading>0.000000</magneticHeading>
<gpsHeading>12.089991</gpsHeading>
<haccuracy>9.960000</haccuracy>
<vaccuracy>9.960000</vaccuracy>
<internetconnect>0</internetconnect>
</trkpt>
<trkpt lat="35.829015" lon="139.024472">
<ele>1263.333333</ele>
<time>2026-09-05T04:04:04Z</time>
<speed>0.490000</speed>
<trueHeading>0.000000</trueHeading>
<magneticHeading>0.000000</magneticHeading>
<gpsHeading>27.168171</gpsHeading>
<haccuracy>9.945000</haccuracy>
<vaccuracy>9.945000</vaccuracy>
<internetconnect>0</internetconnect>
</trkpt>
<trkpt lat="35.829225" lon="139.024559">
<ele>1261.666667</ele>
<time>2026-09-05T04:06:27Z</time>
<speed>0.000000</speed>
<trueHeading>0.000000</trueHeading>
<magneticHeading>0.000000</magneticHeading>
<gpsHeading>18.591368</gpsHeading>
<haccuracy>10.128000</haccuracy>
<vaccuracy>10.128000</vaccuracy>
<internetconnect>0</internetconnect>
</trkpt>
<trkpt lat="35.829544" lon="139.024594">
<ele>1262.666667</ele>
<time>2026-09-05T04:07:24Z</time>
<speed>0.580000</speed>
<trueHeading>0.000000</trueHeading>
<magneticHeading>0.000000</magneticHeading>
<gpsHeading>5.072309</gpsHeading>
<haccuracy>5.420000</haccuracy>
<vaccuracy>5.420000</vaccuracy>
<internetconnect>0</internetconnect>
</trkpt>
<trkpt lat="35.829831" lon="139.024624">
<ele>1263.666667</ele>
<time>2026-09-05T04:09:03Z</time>
<speed>0.000000</speed>
<trueHeading>0.000000</trueHeading>
<magneticHeading>0.000000</magneticHeading>
<gpsHeading>4.895759</gpsHeading>
<haccuracy>10.049000</haccuracy>
<vaccuracy>10.049000</vaccuracy>
<internetconnect>0</internetconnect>
</trkpt>
<trkpt lat="35.830024" lon="139.024885">
<ele>1266.333333</ele>
<time>2026-09-05T04:10:26Z</time>
<speed>0.475797</speed>
<trueHeading>0.000000</trueHeading>
<magneticHeading>0.000000</magneticHeading>
<gpsHeading>47.662746</gpsHeading>
<haccuracy>3.915000</haccuracy>
<vaccuracy>3.915000</vaccuracy>
<internetconnect>0</internetconnect>
</trkpt>
<trkpt lat="35.830314" lon="139.025045">
<ele>1265.666667</ele>
<time>2026-09-05T04:11:57Z</time>
<speed>0.000000</speed>
<trueHeading>0.000000</trueHeading>
<magneticHeading>0.000000</magneticHeading>
<gpsHeading>24.110182</gpsHeading>
<haccuracy>5.327000</haccuracy>
<vaccuracy>5.327000</vaccuracy>
<internetconnect>0</internetconnect>
</trkpt>
<trkpt lat="35.830415" lon="139.025114">
<ele>1263.666667</ele>
<time>2026-09-05T04:15:05Z</time>
<speed>0.099012</speed>
<trueHeading>0.000000</trueHeading>
<magneticHeading>0.000000</magneticHeading>
<gpsHeading>29.031301</gpsHeading>
<haccuracy>3.533000</haccuracy>
<vaccuracy>3.533000</vaccuracy>
<internetconnect>0</internetconnect>
</trkpt>
<trkpt lat="35.830424" lon="139.025224">
<ele>1261.333333</ele>
<time>2026-09-05T04:20:58Z</time>
<speed>0.146012</speed>
<trueHeading>0.000000</trueHeading>
<magneticHeading>0.000000</magneticHeading>
<gpsHeading>87.779663</gpsHeading>
<haccuracy>5.523000</haccuracy>
<vaccuracy>5.523000</vaccuracy>
<internetconnect>0</internetconnect>
</trkpt>
<trkpt lat="35.830471" lon="139.025185">
<ele>1261.333333</ele>
<time>2026-09-05T04:31:42Z</time>
<speed>0.060224</speed>
<trueHeading>0.000000</trueHeading>
<magneticHeading>0.000000</magneticHeading>
<gpsHeading>222.603485</gpsHeading>
<haccuracy>3.000000</haccuracy>
<vaccuracy>3.000000</vaccuracy>
<internetconnect>0</internetconnect>
</trkpt>
<trkpt lat="35.830692" lon="139.024923">
<ele>1262.000000</ele>
<time>2026-09-05T04:35:27Z</time>
<speed>0.650000</speed>
<trueHeading>0.000000</trueHeading>
<magneticHeading>0.000000</magneticHeading>
<gpsHeading>325.554871</gpsHeading>
<haccuracy>11.476000</haccuracy>
<vaccuracy>11.476000</vaccuracy>
<internetconnect>0</internetconnect>
</trkpt>
<trkpt lat="35.830802" lon="139.024954">
<ele>1259.333333</ele>
<time>2026-09-05T04:37:29Z</time>
<speed>0.078777</speed>
<trueHeading>0.000000</trueHeading>
<magneticHeading>0.000000</magneticHeading>
<gpsHeading>12.823771</gpsHeading>
<haccuracy>4.884000</haccuracy>
<vaccuracy>4.884000</vaccuracy>
<internetconnect>0</internetconnect>
</trkpt>
<trkpt lat="35.831007" lon="139.024713">
<ele>1259.666667</ele>
<time>2026-09-05T04:39:06Z</time>
<speed>0.000000</speed>
<trueHeading>0.000000</trueHeading>
<magneticHeading>0.000000</magneticHeading>
<gpsHeading>316.412598</gpsHeading>
<haccuracy>10.653000</haccuracy>
<vaccuracy>10.653000</vaccuracy>
<internetconnect>0</internetconnect>
</trkpt>
<trkpt lat="35.830892" lon="139.024498">
<ele>1268.333333</ele>
<time>2026-09-05T04:41:08Z</time>
<speed>0.000000</speed>
<trueHeading>0.000000</trueHeading>
<magneticHeading>0.000000</magneticHeading>
<gpsHeading>236.712402</gpsHeading>
<haccuracy>10.150000</haccuracy>
<vaccuracy>10.150000</vaccuracy>
<internetconnect>0</internetconnect>
</trkpt>
<trkpt lat="35.830829" lon="139.024296">
<ele>1272.000000</ele>
<time>2026-09-05T04:43:16Z</time>
<speed>0.181514</speed>
<trueHeading>0.000000</trueHeading>
<magneticHeading>0.000000</magneticHeading>
<gpsHeading>248.865921</gpsHeading>
<haccuracy>4.142000</haccuracy>
<vaccuracy>4.142000</vaccuracy>
<internetconnect>0</internetconnect>
</trkpt>
<trkpt lat="35.830979" lon="139.024002">
<ele>1271.333333</ele>
<time>2026-09-05T04:44:47Z</time>
<speed>0.000000</speed>
<trueHeading>0.000000</trueHeading>
<magneticHeading>0.000000</magneticHeading>
<gpsHeading>302.242645</gpsHeading>
<haccuracy>10.503000</haccuracy>
<vaccuracy>10.503000</vaccuracy>
<internetconnect>0</internetconnect>
</trkpt>
<trkpt lat="35.831182" lon="139.023761">
<ele>1265.666667</ele>
<time>2026-09-05T04:46:12Z</time>
<speed>0.000000</speed>
<trueHeading>0.000000</trueHeading>
<magneticHeading>0.000000</magneticHeading>
<gpsHeading>316.016388</gpsHeading>
<haccuracy>10.096000</haccuracy>
<vaccuracy>10.096000</vaccuracy>
<internetconnect>0</internetconnect>
</trkpt>
<trkpt lat="35.831288" lon="139.023638">
<ele>1262.000000</ele>
<time>2026-09-05T04:49:03Z</time>
<speed>0.230000</speed>
<trueHeading>0.000000</trueHeading>
<magneticHeading>0.000000</magneticHeading>
<gpsHeading>316.878998</gpsHeading>
<haccuracy>10.550000</haccuracy>
<vaccuracy>10.550000</vaccuracy>
<internetconnect>0</internetconnect>
</trkpt>
<trkpt lat="35.831398" lon="139.023400">
<ele>1257.333333</ele>
<time>2026-09-05T04:51:21Z</time>
<speed>0.310000</speed>
<trueHeading>0.000000</trueHeading>
<magneticHeading>0.000000</magneticHeading>
<gpsHeading>299.556641</gpsHeading>
<haccuracy>10.388000</haccuracy>
<vaccuracy>10.388000</vaccuracy>
<internetconnect>0</internetconnect>
</trkpt>
<trkpt lat="35.831395" lon="139.023269">
<ele>1256.000000</ele>
<time>2026-09-05T04:53:51Z</time>
<speed>0.400000</speed>
<trueHeading>0.000000</trueHeading>
<magneticHeading>0.000000</magneticHeading>
<gpsHeading>268.388153</gpsHeading>
<haccuracy>10.727000</haccuracy>
<vaccuracy>10.727000</vaccuracy>
<internetconnect>0</internetconnect>
</trkpt>
<trkpt lat="35.831328" lon="139.023373">
<ele>1263.000000</ele>
<time>2026-09-05T04:56:19Z</time>
<speed>0.000000</speed>
<trueHeading>0.000000</trueHeading>
<magneticHeading>0.000000</magneticHeading>
<gpsHeading>128.510193</gpsHeading>
<haccuracy>6.001000</haccuracy>
<vaccuracy>6.001000</vaccuracy>
<internetconnect>0</internetconnect>
</trkpt>
<trkpt lat="35.831223" lon="139.023129">
<ele>1276.333333</ele>
<time>2026-09-05T04:59:16Z</time>
<speed>0.590000</speed>
<trueHeading>0.000000</trueHeading>
<magneticHeading>0.000000</magneticHeading>
<gpsHeading>242.038040</gpsHeading>
<haccuracy>9.935000</haccuracy>
<vaccuracy>9.935000</vaccuracy>
<internetconnect>0</internetconnect>
</trkpt>
<trkpt lat="35.830992" lon="139.022935">
<ele>1287.666667</ele>
<time>2026-09-05T05:00:56Z</time>
<speed>0.124760</speed>
<trueHeading>0.000000</trueHeading>
<magneticHeading>0.000000</magneticHeading>
<gpsHeading>214.277878</gpsHeading>
<haccuracy>4.507000</haccuracy>
<vaccuracy>4.507000</vaccuracy>
<internetconnect>0</internetconnect>
</trkpt>
<trkpt lat="35.830780" lon="139.022680">
<ele>1304.000000</ele>
<time>2026-09-05T05:05:01Z</time>
<speed>0.810000</speed>
<trueHeading>0.000000</trueHeading>
<magneticHeading>0.000000</magneticHeading>
<gpsHeading>231.228912</gpsHeading>
<haccuracy>10.206000</haccuracy>
<vaccuracy>10.206000</vaccuracy>
<internetconnect>0</internetconnect>
</trkpt>
<trkpt lat="35.830597" lon="139.022414">
<ele>1311.666667</ele>
<time>2026-09-05T05:06:40Z</time>
<speed>0.730000</speed>
<trueHeading>0.000000</trueHeading>
<magneticHeading>0.000000</magneticHeading>
<gpsHeading>229.668976</gpsHeading>
<haccuracy>10.685000</haccuracy>
<vaccuracy>10.685000</vaccuracy>
<internetconnect>0</internetconnect>
</trkpt>
<trkpt lat="35.830523" lon="139.022081">
<ele>1315.000000</ele>
<time>2026-09-05T05:07:50Z</time>
<speed>0.750000</speed>
<trueHeading>0.000000</trueHeading>
<magneticHeading>0.000000</magneticHeading>
<gpsHeading>254.696136</gpsHeading>
<haccuracy>10.120000</haccuracy>
<vaccuracy>10.120000</vaccuracy>
<internetconnect>0</internetconnect>
</trkpt>
<trkpt lat="35.830599" lon="139.021732">
<ele>1312.666667</ele>
<time>2026-09-05T05:09:19Z</time>
<speed>0.900000</speed>
<trueHeading>0.000000</trueHeading>
<magneticHeading>0.000000</magneticHeading>
<gpsHeading>285.072357</gpsHeading>
<haccuracy>10.296000</haccuracy>
<vaccuracy>10.296000</vaccuracy>
<internetconnect>0</internetconnect>
</trkpt>
<trkpt lat="35.830731" lon="139.021421">
<ele>1311.000000</ele>
<time>2026-09-05T05:11:15Z</time>
<speed>0.000000</speed>
<trueHeading>0.000000</trueHeading>
<magneticHeading>0.000000</magneticHeading>
<gpsHeading>297.645508</gpsHeading>
<haccuracy>10.996000</haccuracy>
<vaccuracy>10.996000</vaccuracy>
<internetconnect>0</internetconnect>
</trkpt>
<trkpt lat="35.830637" lon="139.021159">
<ele>1306.333333</ele>
<time>2026-09-05T05:13:20Z</time>
<speed>0.420000</speed>
<trueHeading>0.000000</trueHeading>
<magneticHeading>0.000000</magneticHeading>
<gpsHeading>245.902191</gpsHeading>
<haccuracy>10.638000</haccuracy>
<vaccuracy>10.638000</vaccuracy>
<internetconnect>0</internetconnect>
</trkpt>
<trkpt lat="35.830841" lon="139.020872">
<ele>1306.666667</ele>
<time>2026-09-05T05:15:10Z</time>
<speed>0.250000</speed>
<trueHeading>0.000000</trueHeading>
<magneticHeading>0.000000</magneticHeading>
<gpsHeading>311.344971</gpsHeading>
<haccuracy>12.093000</haccuracy>
<vaccuracy>12.093000</vaccuracy>
<internetconnect>0</internetconnect>
</trkpt>
<trkpt lat="35.830807" lon="139.020700">
<ele>1299.666667</ele>
<time>2026-09-05T05:17:13Z</time>
<speed>0.000000</speed>
<trueHeading>0.000000</trueHeading>
<magneticHeading>0.000000</magneticHeading>
<gpsHeading>256.088348</gpsHeading>
<haccuracy>7.801000</haccuracy>
<vaccuracy>7.801000</vaccuracy>
<internetconnect>0</internetconnect>
</trkpt>
<trkpt lat="35.830903" lon="139.021002">
<ele>1296.666667</ele>
<time>2026-09-05T05:19:24Z</time>
<speed>0.000000</speed>
<trueHeading>0.000000</trueHeading>
<magneticHeading>0.000000</magneticHeading>
<gpsHeading>68.590698</gpsHeading>
<haccuracy>10.159000</haccuracy>
<vaccuracy>10.159000</vaccuracy>
<internetconnect>0</internetconnect>
</trkpt>
<trkpt lat="35.830904" lon="139.021129">
<ele>1290.666667</ele>
<time>2026-09-05T05:21:36Z</time>
<speed>0.000000</speed>
<trueHeading>0.000000</trueHeading>
<magneticHeading>0.000000</magneticHeading>
<gpsHeading>89.160080</gpsHeading>
<haccuracy>5.639000</haccuracy>
<vaccuracy>5.639000</vaccuracy>
<internetconnect>0</internetconnect>
</trkpt>
<trkpt lat="35.831165" lon="139.020882">
<ele>1281.000000</ele>
<time>2026-09-05T05:25:12Z</time>
<speed>0.250000</speed>
<trueHeading>0.000000</trueHeading>
<magneticHeading>0.000000</magneticHeading>
<gpsHeading>324.965607</gpsHeading>
<haccuracy>10.053000</haccuracy>
<vaccuracy>10.053000</vaccuracy>
<internetconnect>0</internetconnect>
</trkpt>
<trkpt lat="35.831142" lon="139.020742">
<ele>1275.666667</ele>
<time>2026-09-05T05:29:48Z</time>
<speed>0.250000</speed>
<trueHeading>0.000000</trueHeading>
<magneticHeading>0.000000</magneticHeading>
<gpsHeading>307.428711</gpsHeading>
<haccuracy>10.269000</haccuracy>
<vaccuracy>10.269000</vaccuracy>
<internetconnect>0</internetconnect>
</trkpt>
<trkpt lat="35.831135" lon="139.020626">
<ele>1275.000000</ele>
<time>2026-09-05T05:31:51Z</time>
<speed>0.000000</speed>
<trueHeading>0.000000</trueHeading>
<magneticHeading>0.000000</magneticHeading>
<gpsHeading>265.432587</gpsHeading>
<haccuracy>6.913000</haccuracy>
<vaccuracy>6.913000</vaccuracy>
<internetconnect>0</internetconnect>
</trkpt>
<trkpt lat="35.831123" lon="139.020512">
<ele>1274.333333</ele>
<time>2026-09-05T05:36:00Z</time>
<speed>0.000000</speed>
<trueHeading>0.000000</trueHeading>
<magneticHeading>0.000000</magneticHeading>
<gpsHeading>326.776428</gpsHeading>
<haccuracy>11.532000</haccuracy>
<vaccuracy>11.532000</vaccuracy>
<internetconnect>0</internetconnect>
</trkpt>
<trkpt lat="35.831244" lon="139.020642">
<ele>1269.666667</ele>
<time>2026-09-05T05:38:02Z</time>
<speed>0.000000</speed>
<trueHeading>0.000000</trueHeading>
<magneticHeading>0.000000</magneticHeading>
<gpsHeading>41.144650</gpsHeading>
<haccuracy>10.547000</haccuracy>
<vaccuracy>10.547000</vaccuracy>
<internetconnect>0</internetconnect>
</trkpt>
<trkpt lat="35.831256" lon="139.020774">
<ele>1264.000000</ele>
<time>2026-09-05T05:40:20Z</time>
<speed>0.000000</speed>
<trueHeading>0.000000</trueHeading>
<magneticHeading>0.000000</magneticHeading>
<gpsHeading>83.568306</gpsHeading>
<haccuracy>10.360000</haccuracy>
<vaccuracy>10.360000</vaccuracy>
<internetconnect>0</internetconnect>
</trkpt>
<trkpt lat="35.831348" lon="139.020905">
<ele>1263.333333</ele>
<time>2026-09-05T05:42:25Z</time>
<speed>0.000000</speed>
<trueHeading>0.000000</trueHeading>
<magneticHeading>0.000000</magneticHeading>
<gpsHeading>49.007607</gpsHeading>
<haccuracy>10.617000</haccuracy>
<vaccuracy>10.617000</vaccuracy>
<internetconnect>0</internetconnect>
</trkpt>
<trkpt lat="35.831623" lon="139.021064">
<ele>1267.333333</ele>
<time>2026-09-05T05:44:00Z</time>
<speed>0.800000</speed>
<trueHeading>0.000000</trueHeading>
<magneticHeading>0.000000</magneticHeading>
<gpsHeading>25.148655</gpsHeading>
<haccuracy>11.122000</haccuracy>
<vaccuracy>11.122000</vaccuracy>
<internetconnect>0</internetconnect>
</trkpt>
<trkpt lat="35.831889" lon="139.021169">
<ele>1276.333333</ele>
<time>2026-09-05T05:45:16Z</time>
<speed>0.000000</speed>
<trueHeading>0.000000</trueHeading>
<magneticHeading>0.000000</magneticHeading>
<gpsHeading>17.695768</gpsHeading>
<haccuracy>10.877000</haccuracy>
<vaccuracy>10.877000</vaccuracy>
<internetconnect>0</internetconnect>
</trkpt>
<trkpt lat="35.832030" lon="139.021265">
<ele>1287.333333</ele>
<time>2026-09-05T05:47:21Z</time>
<speed>0.810000</speed>
<trueHeading>0.000000</trueHeading>
<magneticHeading>0.000000</magneticHeading>
<gpsHeading>29.178663</gpsHeading>
<haccuracy>10.427000</haccuracy>
<vaccuracy>10.427000</vaccuracy>
<internetconnect>0</internetconnect>
</trkpt>
<trkpt lat="35.832307" lon="139.021327">
<ele>1289.666667</ele>
<time>2026-09-05T05:48:52Z</time>
<speed>0.860000</speed>
<trueHeading>0.000000</trueHeading>
<magneticHeading>0.000000</magneticHeading>
<gpsHeading>10.173390</gpsHeading>
<haccuracy>10.536000</haccuracy>
<vaccuracy>10.536000</vaccuracy>
<internetconnect>0</internetconnect>
</trkpt>
<trkpt lat="35.832301" lon="139.021496">
<ele>1286.333333</ele>
<time>2026-09-05T05:50:54Z</time>
<speed>0.000000</speed>
<trueHeading>0.000000</trueHeading>
<magneticHeading>0.000000</magneticHeading>
<gpsHeading>92.507446</gpsHeading>
<haccuracy>8.511000</haccuracy>
<vaccuracy>8.511000</vaccuracy>
<internetconnect>0</internetconnect>
</trkpt>
<trkpt lat="35.832503" lon="139.021770">
<ele>1277.666667</ele>
<time>2026-09-05T05:52:32Z</time>
<speed>0.000000</speed>
<trueHeading>0.000000</trueHeading>
<magneticHeading>0.000000</magneticHeading>
<gpsHeading>47.760315</gpsHeading>
<haccuracy>10.103000</haccuracy>
<vaccuracy>10.103000</vaccuracy>
<internetconnect>0</internetconnect>
</trkpt>
<trkpt lat="35.832600" lon="139.021735">
<ele>1280.666667</ele>
<time>2026-09-05T05:56:45Z</time>
<speed>0.970000</speed>
<trueHeading>0.000000</trueHeading>
<magneticHeading>0.000000</magneticHeading>
<gpsHeading>313.017303</gpsHeading>
<haccuracy>4.060000</haccuracy>
<vaccuracy>4.060000</vaccuracy>
<internetconnect>0</internetconnect>
</trkpt>
<trkpt lat="35.832680" lon="139.021660">
<ele>1279.333333</ele>
<time>2026-09-05T05:59:58Z</time>
<speed>0.820000</speed>
<trueHeading>0.000000</trueHeading>
<magneticHeading>0.000000</magneticHeading>
<gpsHeading>322.648438</gpsHeading>
<haccuracy>10.067000</haccuracy>
<vaccuracy>10.067000</vaccuracy>
<internetconnect>0</internetconnect>
</trkpt>
<trkpt lat="35.832911" lon="139.021711">
<ele>1276.333333</ele>
<time>2026-09-05T06:02:29Z</time>
<speed>1.130000</speed>
<trueHeading>0.000000</trueHeading>
<magneticHeading>0.000000</magneticHeading>
<gpsHeading>10.165263</gpsHeading>
<haccuracy>10.672000</haccuracy>
<vaccuracy>10.672000</vaccuracy>
<internetconnect>0</internetconnect>
</trkpt>
<trkpt lat="35.833143" lon="139.021449">
<ele>1276.333333</ele>
<time>2026-09-05T06:03:48Z</time>
<speed>0.000000</speed>
<trueHeading>0.000000</trueHeading>
<magneticHeading>0.000000</magneticHeading>
<gpsHeading>317.639893</gpsHeading>
<haccuracy>10.316000</haccuracy>
<vaccuracy>10.316000</vaccuracy>
<internetconnect>0</internetconnect>
</trkpt>
<trkpt lat="35.833412" lon="139.021220">
<ele>1283.000000</ele>
<time>2026-09-05T06:04:38Z</time>
<speed>0.300000</speed>
<trueHeading>0.000000</trueHeading>
<magneticHeading>0.000000</magneticHeading>
<gpsHeading>325.281097</gpsHeading>
<haccuracy>11.802000</haccuracy>
<vaccuracy>11.802000</vaccuracy>
<internetconnect>0</internetconnect>
</trkpt>
<trkpt lat="35.833698" lon="139.021236">
<ele>1284.000000</ele>
<time>2026-09-05T06:05:43Z</time>
<speed>0.790000</speed>
<trueHeading>0.000000</trueHeading>
<magneticHeading>0.000000</magneticHeading>
<gpsHeading>2.657989</gpsHeading>
<haccuracy>11.221000</haccuracy>
<vaccuracy>11.221000</vaccuracy>
<internetconnect>0</internetconnect>
</trkpt>
<trkpt lat="35.833750" lon="139.021419">
<ele>1281.000000</ele>
<time>2026-09-05T06:07:47Z</time>
<speed>0.000000</speed>
<trueHeading>0.000000</trueHeading>
<magneticHeading>0.000000</magneticHeading>
<gpsHeading>70.797668</gpsHeading>
<haccuracy>5.140000</haccuracy>
<vaccuracy>5.140000</vaccuracy>
<internetconnect>0</internetconnect>
</trkpt>
<trkpt lat="35.833870" lon="139.021612">
<ele>1278.000000</ele>
<time>2026-09-05T06:09:51Z</time>
<speed>0.260000</speed>
<trueHeading>0.000000</trueHeading>
<magneticHeading>0.000000</magneticHeading>
<gpsHeading>52.307243</gpsHeading>
<haccuracy>10.831000</haccuracy>
<vaccuracy>10.831000</vaccuracy>
<internetconnect>0</internetconnect>
</trkpt>
<trkpt lat="35.834074" lon="139.021887">
<ele>1277.333333</ele>
<time>2026-09-05T06:11:26Z</time>
<speed>0.680000</speed>
<trueHeading>0.000000</trueHeading>
<magneticHeading>0.000000</magneticHeading>
<gpsHeading>47.645184</gpsHeading>
<haccuracy>11.263000</haccuracy>
<vaccuracy>11.263000</vaccuracy>
<internetconnect>0</internetconnect>
</trkpt>
<trkpt lat="35.834040" lon="139.022099">
<ele>1278.000000</ele>
<time>2026-09-05T06:13:27Z</time>
<speed>0.250000</speed>
<trueHeading>0.000000</trueHeading>
<magneticHeading>0.000000</magneticHeading>
<gpsHeading>101.350197</gpsHeading>
<haccuracy>10.407000</haccuracy>
<vaccuracy>10.407000</vaccuracy>
<internetconnect>0</internetconnect>
</trkpt>
<trkpt lat="35.835106" lon="139.022559">
<ele>1279.333333</ele>
<time>2026-09-05T06:19:20Z</time>
<speed>0.670000</speed>
<trueHeading>0.000000</trueHeading>
<magneticHeading>0.000000</magneticHeading>
<gpsHeading>19.258396</gpsHeading>
<haccuracy>14.817000</haccuracy>
<vaccuracy>14.817000</vaccuracy>
<internetconnect>0</internetconnect>
</trkpt>
<trkpt lat="35.835277" lon="139.022839">
<ele>1285.000000</ele>
<time>2026-09-05T06:20:42Z</time>
<speed>0.168180</speed>
<trueHeading>0.000000</trueHeading>
<magneticHeading>0.000000</magneticHeading>
<gpsHeading>53.144806</gpsHeading>
<haccuracy>4.802000</haccuracy>
<vaccuracy>4.802000</vaccuracy>
<internetconnect>0</internetconnect>
</trkpt>
<trkpt lat="35.835531" lon="139.023005">
<ele>1289.333333</ele>
<time>2026-09-05T06:22:23Z</time>
<speed>0.213256</speed>
<trueHeading>0.000000</trueHeading>
<magneticHeading>0.000000</magneticHeading>
<gpsHeading>27.783707</gpsHeading>
<haccuracy>3.000000</haccuracy>
<vaccuracy>3.000000</vaccuracy>
<internetconnect>0</internetconnect>
</trkpt>
<trkpt lat="35.835815" lon="139.023015">
<ele>1294.000000</ele>
<time>2026-09-05T06:23:24Z</time>
<speed>0.207678</speed>
<trueHeading>0.000000</trueHeading>
<magneticHeading>0.000000</magneticHeading>
<gpsHeading>1.763974</gpsHeading>
<haccuracy>4.583000</haccuracy>
<vaccuracy>4.583000</vaccuracy>
<internetconnect>0</internetconnect>
</trkpt>
<trkpt lat="35.836139" lon="139.022994">
<ele>1297.666667</ele>
<time>2026-09-05T06:24:36Z</time>
<speed>0.796478</speed>
<trueHeading>0.000000</trueHeading>
<magneticHeading>0.000000</magneticHeading>
<gpsHeading>356.914978</gpsHeading>
<haccuracy>5.936000</haccuracy>
<vaccuracy>5.936000</vaccuracy>
<internetconnect>0</internetconnect>
</trkpt>
<trkpt lat="35.836444" lon="139.023029">
<ele>1302.000000</ele>
<time>2026-09-05T06:26:04Z</time>
<speed>0.716338</speed>
<trueHeading>0.000000</trueHeading>
<magneticHeading>0.000000</magneticHeading>
<gpsHeading>5.321374</gpsHeading>
<haccuracy>5.156000</haccuracy>
<vaccuracy>5.156000</vaccuracy>
<internetconnect>0</internetconnect>
</trkpt>
<trkpt lat="35.836590" lon="139.022814">
<ele>1306.333333</ele>
<time>2026-09-05T06:28:05Z</time>
<speed>0.344741</speed>
<trueHeading>0.000000</trueHeading>
<magneticHeading>0.000000</magneticHeading>
<gpsHeading>309.912354</gpsHeading>
<haccuracy>3.000000</haccuracy>
<vaccuracy>3.000000</vaccuracy>
<internetconnect>0</internetconnect>
</trkpt>
<trkpt lat="35.836659" lon="139.022452">
<ele>1306.666667</ele>
<time>2026-09-05T06:29:16Z</time>
<speed>0.521488</speed>
<trueHeading>0.000000</trueHeading>
<magneticHeading>0.000000</magneticHeading>
<gpsHeading>283.105927</gpsHeading>
<haccuracy>3.327000</haccuracy>
<vaccuracy>3.327000</vaccuracy>
<internetconnect>0</internetconnect>
</trkpt>
<trkpt lat="35.836901" lon="139.022328">
<ele>1308.333333</ele>
<time>2026-09-05T06:31:21Z</time>
<speed>0.053853</speed>
<trueHeading>0.000000</trueHeading>
<magneticHeading>0.000000</magneticHeading>
<gpsHeading>337.500519</gpsHeading>
<haccuracy>3.000000</haccuracy>
<vaccuracy>3.000000</vaccuracy>
<internetconnect>0</internetconnect>
</trkpt>
<trkpt lat="35.836702" lon="139.022058">
<ele>1307.666667</ele>
<time>2026-09-05T06:32:12Z</time>
<speed>0.523005</speed>
<trueHeading>0.000000</trueHeading>
<magneticHeading>0.000000</magneticHeading>
<gpsHeading>227.664093</gpsHeading>
<haccuracy>3.000000</haccuracy>
<vaccuracy>3.000000</vaccuracy>
<internetconnect>0</internetconnect>
</trkpt>
<trkpt lat="35.836547" lon="139.021904">
<ele>1310.666667</ele>
<time>2026-09-05T06:34:15Z</time>
<speed>0.161986</speed>
<trueHeading>0.000000</trueHeading>
<magneticHeading>0.000000</magneticHeading>
<gpsHeading>218.976929</gpsHeading>
<haccuracy>4.256000</haccuracy>
<vaccuracy>4.256000</vaccuracy>
<internetconnect>0</internetconnect>
</trkpt>
<trkpt lat="35.836452" lon="139.021568">
<ele>1308.333333</ele>
<time>2026-09-05T06:35:42Z</time>
<speed>0.162133</speed>
<trueHeading>0.000000</trueHeading>
<magneticHeading>0.000000</magneticHeading>
<gpsHeading>250.797668</gpsHeading>
<haccuracy>3.018000</haccuracy>
<vaccuracy>3.018000</vaccuracy>
<internetconnect>0</internetconnect>
</trkpt>
<trkpt lat="35.836545" lon="139.021220">
<ele>1307.000000</ele>
<time>2026-09-05T06:37:30Z</time>
<speed>0.000000</speed>
<trueHeading>0.000000</trueHeading>
<magneticHeading>0.000000</magneticHeading>
<gpsHeading>288.217743</gpsHeading>
<haccuracy>4.118000</haccuracy>
<vaccuracy>4.118000</vaccuracy>
<internetconnect>0</internetconnect>
</trkpt>
<trkpt lat="35.836484" lon="139.020870">
<ele>1306.000000</ele>
<time>2026-09-05T06:39:30Z</time>
<speed>0.420000</speed>
<trueHeading>0.000000</trueHeading>
<magneticHeading>0.000000</magneticHeading>
<gpsHeading>257.809082</gpsHeading>
<haccuracy>10.403000</haccuracy>
<vaccuracy>10.403000</vaccuracy>
<internetconnect>0</internetconnect>
</trkpt>
<trkpt lat="35.836578" lon="139.020655">
<ele>1305.666667</ele>
<time>2026-09-05T06:41:49Z</time>
<speed>0.670000</speed>
<trueHeading>0.000000</trueHeading>
<magneticHeading>0.000000</magneticHeading>
<gpsHeading>298.187469</gpsHeading>
<haccuracy>10.129000</haccuracy>
<vaccuracy>10.129000</vaccuracy>
<internetconnect>0</internetconnect>
</trkpt>
<trkpt lat="35.836790" lon="139.020381">
<ele>1306.000000</ele>
<time>2026-09-05T06:43:42Z</time>
<speed>0.000000</speed>
<trueHeading>0.000000</trueHeading>
<magneticHeading>0.000000</magneticHeading>
<gpsHeading>313.747131</gpsHeading>
<haccuracy>10.237000</haccuracy>
<vaccuracy>10.237000</vaccuracy>
<internetconnect>0</internetconnect>
</trkpt>
<trkpt lat="35.836729" lon="139.020127">
<ele>1302.000000</ele>
<time>2026-09-05T06:45:51Z</time>
<speed>0.620000</speed>
<trueHeading>0.000000</trueHeading>
<magneticHeading>0.000000</magneticHeading>
<gpsHeading>253.447510</gpsHeading>
<haccuracy>10.454000</haccuracy>
<vaccuracy>10.454000</vaccuracy>
<internetconnect>0</internetconnect>
</trkpt>
<trkpt lat="35.836878" lon="139.020035">
<ele>1297.000000</ele>
<time>2026-09-05T06:48:00Z</time>
<speed>0.390000</speed>
<trueHeading>0.000000</trueHeading>
<magneticHeading>0.000000</magneticHeading>
<gpsHeading>333.522369</gpsHeading>
<haccuracy>10.710000</haccuracy>
<vaccuracy>10.710000</vaccuracy>
<internetconnect>0</internetconnect>
</trkpt>
<trkpt lat="35.836957" lon="139.019834">
<ele>1288.000000</ele>
<time>2026-09-05T06:50:05Z</time>
<speed>0.000000</speed>
<trueHeading>0.000000</trueHeading>
<magneticHeading>0.000000</magneticHeading>
<gpsHeading>295.530579</gpsHeading>
<haccuracy>10.196000</haccuracy>
<vaccuracy>10.196000</vaccuracy>
<internetconnect>0</internetconnect>
</trkpt>
<trkpt lat="35.837169" lon="139.019565">
<ele>1283.000000</ele>
<time>2026-09-05T06:50:55Z</time>
<speed>0.000000</speed>
<trueHeading>0.000000</trueHeading>
<magneticHeading>0.000000</magneticHeading>
<gpsHeading>314.305939</gpsHeading>
<haccuracy>10.068000</haccuracy>
<vaccuracy>10.068000</vaccuracy>
<internetconnect>0</internetconnect>
</trkpt>
<trkpt lat="35.837356" lon="139.019295">
<ele>1279.333333</ele>
<time>2026-09-05T06:52:05Z</time>
<speed>0.000000</speed>
<trueHeading>0.000000</trueHeading>
<magneticHeading>0.000000</magneticHeading>
<gpsHeading>310.568787</gpsHeading>
<haccuracy>3.790000</haccuracy>
<vaccuracy>3.790000</vaccuracy>
<internetconnect>0</internetconnect>
</trkpt>
<trkpt lat="35.837351" lon="139.018920">
<ele>1277.666667</ele>
<time>2026-09-05T06:54:06Z</time>
<speed>0.718085</speed>
<trueHeading>0.000000</trueHeading>
<magneticHeading>0.000000</magneticHeading>
<gpsHeading>269.059479</gpsHeading>
<haccuracy>3.334000</haccuracy>
<vaccuracy>3.334000</vaccuracy>
<internetconnect>0</internetconnect>
</trkpt>
<trkpt lat="35.837127" lon="139.018699">
<ele>1291.531169</ele>
<time>2026-09-05T06:55:56Z</time>
<speed>0.890000</speed>
<trueHeading>0.000000</trueHeading>
<magneticHeading>0.000000</magneticHeading>
<gpsHeading>218.565933</gpsHeading>
<haccuracy>10.338000</haccuracy>
<vaccuracy>10.338000</vaccuracy>
<internetconnect>0</internetconnect>
</trkpt>
<trkpt lat="35.837133" lon="139.018524">
<ele>1284.864502</ele>
<time>2026-09-05T06:57:58Z</time>
<speed>0.840000</speed>
<trueHeading>0.000000</trueHeading>
<magneticHeading>0.000000</magneticHeading>
<gpsHeading>272.381409</gpsHeading>
<haccuracy>10.611000</haccuracy>
<vaccuracy>10.611000</vaccuracy>
<internetconnect>0</internetconnect>
</trkpt>
<trkpt lat="35.837405" lon="139.018424">
<ele>1264.666667</ele>
<time>2026-09-05T06:59:07Z</time>
<speed>1.180000</speed>
<trueHeading>0.000000</trueHeading>
<magneticHeading>0.000000</magneticHeading>
<gpsHeading>343.382111</gpsHeading>
<haccuracy>10.905000</haccuracy>
<vaccuracy>10.905000</vaccuracy>
<internetconnect>0</internetconnect>
</trkpt>
<trkpt lat="35.837625" lon="139.018280">
<ele>1266.666667</ele>
<time>2026-09-05T07:02:56Z</time>
<speed>0.687728</speed>
<trueHeading>0.000000</trueHeading>
<magneticHeading>0.000000</magneticHeading>
<gpsHeading>323.863556</gpsHeading>
<haccuracy>5.458000</haccuracy>
<vaccuracy>5.458000</vaccuracy>
<internetconnect>0</internetconnect>
</trkpt>
<trkpt lat="35.837711" lon="139.017951">
<ele>1271.666667</ele>
<time>2026-09-05T07:04:00Z</time>
<speed>0.272770</speed>
<trueHeading>0.000000</trueHeading>
<magneticHeading>0.000000</magneticHeading>
<gpsHeading>287.979034</gpsHeading>
<haccuracy>5.121000</haccuracy>
<vaccuracy>5.121000</vaccuracy>
<internetconnect>0</internetconnect>
</trkpt>
<trkpt lat="35.837955" lon="139.017765">
<ele>1283.333333</ele>
<time>2026-09-05T07:05:05Z</time>
<speed>0.610000</speed>
<trueHeading>0.000000</trueHeading>
<magneticHeading>0.000000</magneticHeading>
<gpsHeading>328.315186</gpsHeading>
<haccuracy>7.934000</haccuracy>
<vaccuracy>7.934000</vaccuracy>
<internetconnect>0</internetconnect>
</trkpt>
<trkpt lat="35.838122" lon="139.017475">
<ele>1284.333333</ele>
<time>2026-09-05T07:06:23Z</time>
<speed>0.637785</speed>
<trueHeading>0.000000</trueHeading>
<magneticHeading>0.000000</magneticHeading>
<gpsHeading>305.376251</gpsHeading>
<haccuracy>4.897000</haccuracy>
<vaccuracy>4.897000</vaccuracy>
<internetconnect>0</internetconnect>
</trkpt>
<trkpt lat="35.838443" lon="139.017446">
<ele>1281.666667</ele>
<time>2026-09-05T07:07:09Z</time>
<speed>0.760000</speed>
<trueHeading>0.000000</trueHeading>
<magneticHeading>0.000000</magneticHeading>
<gpsHeading>355.828217</gpsHeading>
<haccuracy>10.065000</haccuracy>
<vaccuracy>10.065000</vaccuracy>
<internetconnect>0</internetconnect>
</trkpt>
<trkpt lat="35.838705" lon="139.017296">
<ele>1278.333333</ele>
<time>2026-09-05T07:08:22Z</time>
<speed>0.970000</speed>
<trueHeading>0.000000</trueHeading>
<magneticHeading>0.000000</magneticHeading>
<gpsHeading>335.148712</gpsHeading>
<haccuracy>10.332000</haccuracy>
<vaccuracy>10.332000</vaccuracy>
<internetconnect>0</internetconnect>
</trkpt>
<trkpt lat="35.838831" lon="139.017058">
<ele>1280.333333</ele>
<time>2026-09-05T07:10:24Z</time>
<speed>0.430000</speed>
<trueHeading>0.000000</trueHeading>
<magneticHeading>0.000000</magneticHeading>
<gpsHeading>303.163910</gpsHeading>
<haccuracy>10.148000</haccuracy>
<vaccuracy>10.148000</vaccuracy>
<internetconnect>0</internetconnect>
</trkpt>
<trkpt lat="35.838844" lon="139.016882">
<ele>1292.000000</ele>
<time>2026-09-05T07:12:26Z</time>
<speed>0.150000</speed>
<trueHeading>0.000000</trueHeading>
<magneticHeading>0.000000</magneticHeading>
<gpsHeading>274.969879</gpsHeading>
<haccuracy>10.203000</haccuracy>
<vaccuracy>10.203000</vaccuracy>
<internetconnect>0</internetconnect>
</trkpt>
<trkpt lat="35.838932" lon="139.016607">
<ele>1296.333333</ele>
<time>2026-09-05T07:14:27Z</time>
<speed>0.530000</speed>
<trueHeading>0.000000</trueHeading>
<magneticHeading>0.000000</magneticHeading>
<gpsHeading>291.592560</gpsHeading>
<haccuracy>10.396000</haccuracy>
<vaccuracy>10.396000</vaccuracy>
<internetconnect>0</internetconnect>
</trkpt>
<trkpt lat="35.839143" lon="139.016380">
<ele>1299.000000</ele>
<time>2026-09-05T07:15:37Z</time>
<speed>1.010000</speed>
<trueHeading>0.000000</trueHeading>
<magneticHeading>0.000000</magneticHeading>
<gpsHeading>318.957153</gpsHeading>
<haccuracy>9.960000</haccuracy>
<vaccuracy>9.960000</vaccuracy>
<internetconnect>0</internetconnect>
</trkpt>
<trkpt lat="35.839287" lon="139.016201">
<ele>1297.333333</ele>
<time>2026-09-05T07:17:41Z</time>
<speed>0.142179</speed>
<trueHeading>0.000000</trueHeading>
<magneticHeading>0.000000</magneticHeading>
<gpsHeading>314.811768</gpsHeading>
<haccuracy>3.000000</haccuracy>
<vaccuracy>3.000000</vaccuracy>
<internetconnect>0</internetconnect>
</trkpt>
<trkpt lat="35.839347" lon="139.016159">
<ele>1299.000000</ele>
<time>2026-09-05T07:28:43Z</time>
<speed>0.110003</speed>
<trueHeading>0.000000</trueHeading>
<magneticHeading>0.000000</magneticHeading>
<gpsHeading>13.249634</gpsHeading>
<haccuracy>4.449000</haccuracy>
<vaccuracy>4.449000</vaccuracy>
<internetconnect>0</internetconnect>
</trkpt>
<trkpt lat="35.839592" lon="139.016020">
<ele>1309.333333</ele>
<time>2026-09-05T07:32:55Z</time>
<speed>0.150157</speed>
<trueHeading>0.000000</trueHeading>
<magneticHeading>0.000000</magneticHeading>
<gpsHeading>336.207489</gpsHeading>
<haccuracy>4.920000</haccuracy>
<vaccuracy>4.920000</vaccuracy>
<internetconnect>0</internetconnect>
</trkpt>
<trkpt lat="35.839894" lon="139.016016">
<ele>1319.000000</ele>
<time>2026-09-05T07:34:19Z</time>
<speed>0.785075</speed>
<trueHeading>0.000000</trueHeading>
<magneticHeading>0.000000</magneticHeading>
<gpsHeading>359.323547</gpsHeading>
<haccuracy>4.903000</haccuracy>
<vaccuracy>4.903000</vaccuracy>
<internetconnect>0</internetconnect>
</trkpt>
<trkpt lat="35.840168" lon="139.016125">
<ele>1327.333333</ele>
<time>2026-09-05T07:35:24Z</time>
<speed>0.518150</speed>
<trueHeading>0.000000</trueHeading>
<magneticHeading>0.000000</magneticHeading>
<gpsHeading>17.962843</gpsHeading>
<haccuracy>4.680000</haccuracy>
<vaccuracy>4.680000</vaccuracy>
<internetconnect>0</internetconnect>
</trkpt>
<trkpt lat="35.840448" lon="139.016261">
<ele>1328.333333</ele>
<time>2026-09-05T07:36:27Z</time>
<speed>0.728227</speed>
<trueHeading>0.000000</trueHeading>
<magneticHeading>0.000000</magneticHeading>
<gpsHeading>21.491808</gpsHeading>
<haccuracy>4.917000</haccuracy>
<vaccuracy>4.917000</vaccuracy>
<internetconnect>0</internetconnect>
</trkpt>
<trkpt lat="35.840736" lon="139.016318">
<ele>1326.333333</ele>
<time>2026-09-05T07:37:40Z</time>
<speed>1.099275</speed>
<trueHeading>0.000000</trueHeading>
<magneticHeading>0.000000</magneticHeading>
<gpsHeading>9.023632</gpsHeading>
<haccuracy>5.625000</haccuracy>
<vaccuracy>5.625000</vaccuracy>
<internetconnect>0</internetconnect>
</trkpt>
<trkpt lat="35.840700" lon="139.016703">
<ele>1317.000000</ele>
<time>2026-09-05T07:38:29Z</time>
<speed>1.251931</speed>
<trueHeading>0.000000</trueHeading>
<magneticHeading>0.000000</magneticHeading>
<gpsHeading>96.586113</gpsHeading>
<haccuracy>5.171000</haccuracy>
<vaccuracy>5.171000</vaccuracy>
<internetconnect>0</internetconnect>
</trkpt>
<trkpt lat="35.840855" lon="139.017097">
<ele>1304.666667</ele>
<time>2026-09-05T07:39:17Z</time>
<speed>1.154761</speed>
<trueHeading>0.000000</trueHeading>
<magneticHeading>0.000000</magneticHeading>
<gpsHeading>64.107811</gpsHeading>
<haccuracy>5.760000</haccuracy>
<vaccuracy>5.760000</vaccuracy>
<internetconnect>0</internetconnect>
</trkpt>
<trkpt lat="35.840935" lon="139.017454">
<ele>1288.333333</ele>
<time>2026-09-05T07:41:13Z</time>
<speed>0.720000</speed>
<trueHeading>0.000000</trueHeading>
<magneticHeading>0.000000</magneticHeading>
<gpsHeading>74.586380</gpsHeading>
<haccuracy>3.992000</haccuracy>
<vaccuracy>3.992000</vaccuracy>
<internetconnect>0</internetconnect>
</trkpt>
<trkpt lat="35.841075" lon="139.017781">
<ele>1274.000000</ele>
<time>2026-09-05T07:43:06Z</time>
<speed>0.150223</speed>
<trueHeading>0.000000</trueHeading>
<magneticHeading>0.000000</magneticHeading>
<gpsHeading>62.210369</gpsHeading>
<haccuracy>4.438000</haccuracy>
<vaccuracy>4.438000</vaccuracy>
<internetconnect>0</internetconnect>
</trkpt>
<trkpt lat="35.841136" lon="139.018078">
<ele>1265.666667</ele>
<time>2026-09-05T07:45:09Z</time>
<speed>0.000000</speed>
<trueHeading>0.000000</trueHeading>
<magneticHeading>0.000000</magneticHeading>
<gpsHeading>75.683121</gpsHeading>
<haccuracy>11.113000</haccuracy>
<vaccuracy>11.113000</vaccuracy>
<internetconnect>0</internetconnect>
</trkpt>
<trkpt lat="35.841495" lon="139.018155">
<ele>1276.333333</ele>
<time>2026-09-05T07:48:19Z</time>
<speed>0.692043</speed>
<trueHeading>0.000000</trueHeading>
<magneticHeading>0.000000</magneticHeading>
<gpsHeading>1.959190</gpsHeading>
<haccuracy>4.828000</haccuracy>
<vaccuracy>4.828000</vaccuracy>
<internetconnect>2</internetconnect>
</trkpt>
<trkpt lat="35.841793" lon="139.018080">
<ele>1286.666667</ele>
<time>2026-09-05T07:49:57Z</time>
<speed>1.038494</speed>
<trueHeading>0.000000</trueHeading>
<magneticHeading>0.000000</magneticHeading>
<gpsHeading>348.536163</gpsHeading>
<haccuracy>4.887000</haccuracy>
<vaccuracy>4.887000</vaccuracy>
<internetconnect>2</internetconnect>
</trkpt>
<trkpt lat="35.842154" lon="139.018069">
<ele>1293.666667</ele>
<time>2026-09-05T07:50:45Z</time>
<speed>1.033490</speed>
<trueHeading>0.000000</trueHeading>
<magneticHeading>0.000000</magneticHeading>
<gpsHeading>358.569397</gpsHeading>
<haccuracy>5.586000</haccuracy>
<vaccuracy>5.586000</vaccuracy>
<internetconnect>2</internetconnect>
</trkpt>
<trkpt lat="35.842458" lon="139.018163">
<ele>1296.333333</ele>
<time>2026-09-05T07:51:31Z</time>
<speed>1.053330</speed>
<trueHeading>0.000000</trueHeading>
<magneticHeading>0.000000</magneticHeading>
<gpsHeading>13.986447</gpsHeading>
<haccuracy>4.994000</haccuracy>
<vaccuracy>4.994000</vaccuracy>
<internetconnect>2</internetconnect>
</trkpt>
<trkpt lat="35.842757" lon="139.018229">
<ele>1295.666667</ele>
<time>2026-09-05T07:52:26Z</time>
<speed>1.043837</speed>
<trueHeading>0.000000</trueHeading>
<magneticHeading>0.000000</magneticHeading>
<gpsHeading>10.246817</gpsHeading>
<haccuracy>5.444000</haccuracy>
<vaccuracy>5.444000</vaccuracy>
<internetconnect>2</internetconnect>
</trkpt>
<trkpt lat="35.843030" lon="139.018145">
<ele>1290.666667</ele>
<time>2026-09-05T07:53:24Z</time>
<speed>0.378857</speed>
<trueHeading>0.000000</trueHeading>
<magneticHeading>0.000000</magneticHeading>
<gpsHeading>345.933136</gpsHeading>
<haccuracy>5.191000</haccuracy>
<vaccuracy>5.191000</vaccuracy>
<internetconnect>2</internetconnect>
</trkpt>
<trkpt lat="35.843326" lon="139.018151">
<ele>1282.666667</ele>
<time>2026-09-05T07:54:26Z</time>
<speed>0.996200</speed>
<trueHeading>0.000000</trueHeading>
<magneticHeading>0.000000</magneticHeading>
<gpsHeading>0.893709</gpsHeading>
<haccuracy>4.962000</haccuracy>
<vaccuracy>4.962000</vaccuracy>
<internetconnect>2</internetconnect>
</trkpt>
<trkpt lat="35.843568" lon="139.018377">
<ele>1276.333333</ele>
<time>2026-09-05T07:56:19Z</time>
<speed>1.180000</speed>
<trueHeading>0.000000</trueHeading>
<magneticHeading>0.000000</magneticHeading>
<gpsHeading>37.047035</gpsHeading>
<haccuracy>9.942000</haccuracy>
<vaccuracy>9.942000</vaccuracy>
<internetconnect>2</internetconnect>
</trkpt>
<trkpt lat="35.843870" lon="139.018472">
<ele>1269.666667</ele>
<time>2026-09-05T07:57:07Z</time>
<speed>0.954602</speed>
<trueHeading>0.000000</trueHeading>
<magneticHeading>0.000000</magneticHeading>
<gpsHeading>14.319748</gpsHeading>
<haccuracy>4.609000</haccuracy>
<vaccuracy>4.609000</vaccuracy>
<internetconnect>2</internetconnect>
</trkpt>
<trkpt lat="35.844076" lon="139.018728">
<ele>1264.666667</ele>
<time>2026-09-05T07:58:13Z</time>
<speed>1.298424</speed>
<trueHeading>0.000000</trueHeading>
<magneticHeading>0.000000</magneticHeading>
<gpsHeading>45.338524</gpsHeading>
<haccuracy>5.486000</haccuracy>
<vaccuracy>5.486000</vaccuracy>
<internetconnect>2</internetconnect>
</trkpt>
<trkpt lat="35.844342" lon="139.018857">
<ele>1257.333333</ele>
<time>2026-09-05T07:59:15Z</time>
<speed>0.938247</speed>
<trueHeading>0.000000</trueHeading>
<magneticHeading>0.000000</magneticHeading>
<gpsHeading>21.371378</gpsHeading>
<haccuracy>5.859000</haccuracy>
<vaccuracy>5.859000</vaccuracy>
<internetconnect>2</internetconnect>
</trkpt>
<trkpt lat="35.844605" lon="139.018979">
<ele>1248.666667</ele>
<time>2026-09-05T08:00:14Z</time>
<speed>1.120376</speed>
<trueHeading>0.000000</trueHeading>
<magneticHeading>0.000000</magneticHeading>
<gpsHeading>20.668266</gpsHeading>
<haccuracy>5.119000</haccuracy>
<vaccuracy>5.119000</vaccuracy>
<internetconnect>2</internetconnect>
</trkpt>
<trkpt lat="35.844781" lon="139.019271">
<ele>1243.666667</ele>
<time>2026-09-05T08:02:15Z</time>
<speed>0.879730</speed>
<trueHeading>0.000000</trueHeading>
<magneticHeading>0.000000</magneticHeading>
<gpsHeading>53.410252</gpsHeading>
<haccuracy>4.421000</haccuracy>
<vaccuracy>4.421000</vaccuracy>
<internetconnect>2</internetconnect>
</trkpt>
<trkpt lat="35.844790" lon="139.019642">
<ele>1244.333333</ele>
<time>2026-09-05T08:03:25Z</time>
<speed>0.745504</speed>
<trueHeading>0.000000</trueHeading>
<magneticHeading>0.000000</magneticHeading>
<gpsHeading>88.209702</gpsHeading>
<haccuracy>5.234000</haccuracy>
<vaccuracy>5.234000</vaccuracy>
<internetconnect>2</internetconnect>
</trkpt>
<trkpt lat="35.845074" lon="139.019671">
<ele>1253.666667</ele>
<time>2026-09-05T08:04:27Z</time>
<speed>0.828630</speed>
<trueHeading>0.000000</trueHeading>
<magneticHeading>0.000000</magneticHeading>
<gpsHeading>4.858268</gpsHeading>
<haccuracy>4.535000</haccuracy>
<vaccuracy>4.535000</vaccuracy>
<internetconnect>2</internetconnect>
</trkpt>
<trkpt lat="35.845257" lon="139.019931">
<ele>1264.000000</ele>
<time>2026-09-05T08:06:07Z</time>
<speed>0.805618</speed>
<trueHeading>0.000000</trueHeading>
<magneticHeading>0.000000</magneticHeading>
<gpsHeading>49.043121</gpsHeading>
<haccuracy>4.480000</haccuracy>
<vaccuracy>4.480000</vaccuracy>
<internetconnect>2</internetconnect>
</trkpt>
<trkpt lat="35.845538" lon="139.020065">
<ele>1270.000000</ele>
<time>2026-09-05T08:07:25Z</time>
<speed>0.623106</speed>
<trueHeading>0.000000</trueHeading>
<magneticHeading>0.000000</magneticHeading>
<gpsHeading>21.033997</gpsHeading>
<haccuracy>5.555000</haccuracy>
<vaccuracy>5.555000</vaccuracy>
<internetconnect>2</internetconnect>
</trkpt>
<trkpt lat="35.845638" lon="139.020419">
<ele>1265.000000</ele>
<time>2026-09-05T08:08:34Z</time>
<speed>1.154234</speed>
<trueHeading>0.000000</trueHeading>
<magneticHeading>0.000000</magneticHeading>
<gpsHeading>70.843231</gpsHeading>
<haccuracy>6.010000</haccuracy>
<vaccuracy>6.010000</vaccuracy>
<internetconnect>2</internetconnect>
</trkpt>
<trkpt lat="35.845536" lon="139.020986">
<ele>1254.333333</ele>
<time>2026-09-05T08:09:22Z</time>
<speed>1.022551</speed>
<trueHeading>0.000000</trueHeading>
<magneticHeading>0.000000</magneticHeading>
<gpsHeading>102.536484</gpsHeading>
<haccuracy>5.017000</haccuracy>
<vaccuracy>5.017000</vaccuracy>
<internetconnect>2</internetconnect>
</trkpt>
<trkpt lat="35.845466" lon="139.021322">
<ele>1242.666667</ele>
<time>2026-09-05T08:10:15Z</time>
<speed>0.748135</speed>
<trueHeading>0.000000</trueHeading>
<magneticHeading>0.000000</magneticHeading>
<gpsHeading>104.409607</gpsHeading>
<haccuracy>5.212000</haccuracy>
<vaccuracy>5.212000</vaccuracy>
<internetconnect>2</internetconnect>
</trkpt>
<trkpt lat="35.845457" lon="139.021604">
<ele>1233.000000</ele>
<time>2026-09-05T08:12:16Z</time>
<speed>0.160000</speed>
<trueHeading>0.000000</trueHeading>
<magneticHeading>0.000000</magneticHeading>
<gpsHeading>92.078743</gpsHeading>
<haccuracy>10.353000</haccuracy>
<vaccuracy>10.353000</vaccuracy>
<internetconnect>2</internetconnect>
</trkpt>
<trkpt lat="35.845403" lon="139.021945">
<ele>1223.666667</ele>
<time>2026-09-05T08:14:20Z</time>
<speed>0.370000</speed>
<trueHeading>0.000000</trueHeading>
<magneticHeading>0.000000</magneticHeading>
<gpsHeading>101.110718</gpsHeading>
<haccuracy>10.666000</haccuracy>
<vaccuracy>10.666000</vaccuracy>
<internetconnect>2</internetconnect>
</trkpt>
<trkpt lat="35.845250" lon="139.022241">
<ele>1214.000000</ele>
<time>2026-09-05T08:15:52Z</time>
<speed>0.870000</speed>
<trueHeading>0.000000</trueHeading>
<magneticHeading>0.000000</magneticHeading>
<gpsHeading>122.524811</gpsHeading>
<haccuracy>9.998000</haccuracy>
<vaccuracy>9.998000</vaccuracy>
<internetconnect>2</internetconnect>
</trkpt>
<trkpt lat="35.845146" lon="139.022588">
<ele>1203.666667</ele>
<time>2026-09-05T08:17:25Z</time>
<speed>1.071833</speed>
<trueHeading>0.000000</trueHeading>
<magneticHeading>0.000000</magneticHeading>
<gpsHeading>110.336105</gpsHeading>
<haccuracy>5.528000</haccuracy>
<vaccuracy>5.528000</vaccuracy>
<internetconnect>2</internetconnect>
</trkpt>
<trkpt lat="35.845123" lon="139.022979">
<ele>1189.333333</ele>
<time>2026-09-05T08:18:35Z</time>
<speed>1.096042</speed>
<trueHeading>0.000000</trueHeading>
<magneticHeading>0.000000</magneticHeading>
<gpsHeading>94.132561</gpsHeading>
<haccuracy>6.549000</haccuracy>
<vaccuracy>6.549000</vaccuracy>
<internetconnect>2</internetconnect>
</trkpt>
<trkpt lat="35.845282" lon="139.023303">
<ele>1173.000000</ele>
<time>2026-09-05T08:19:52Z</time>
<speed>0.969947</speed>
<trueHeading>0.000000</trueHeading>
<magneticHeading>0.000000</magneticHeading>
<gpsHeading>58.849258</gpsHeading>
<haccuracy>5.171000</haccuracy>
<vaccuracy>5.171000</vaccuracy>
<internetconnect>2</internetconnect>
</trkpt>
<trkpt lat="35.845071" lon="139.023584">
<ele>1156.666667</ele>
<time>2026-09-05T08:20:41Z</time>
<speed>1.161885</speed>
<trueHeading>0.000000</trueHeading>
<magneticHeading>0.000000</magneticHeading>
<gpsHeading>132.745667</gpsHeading>
<haccuracy>3.910000</haccuracy>
<vaccuracy>3.910000</vaccuracy>
<internetconnect>2</internetconnect>
</trkpt>
<trkpt lat="35.845163" lon="139.023922">
<ele>1142.000000</ele>
<time>2026-09-05T08:22:12Z</time>
<speed>1.156813</speed>
<trueHeading>0.000000</trueHeading>
<magneticHeading>0.000000</magneticHeading>
<gpsHeading>71.542854</gpsHeading>
<haccuracy>5.494000</haccuracy>
<vaccuracy>5.494000</vaccuracy>
<internetconnect>2</internetconnect>
</trkpt>
<trkpt lat="35.845185" lon="139.024341">
<ele>1129.333333</ele>
<time>2026-09-05T08:22:59Z</time>
<speed>1.367009</speed>
<trueHeading>0.000000</trueHeading>
<magneticHeading>0.000000</magneticHeading>
<gpsHeading>86.142738</gpsHeading>
<haccuracy>4.805000</haccuracy>
<vaccuracy>4.805000</vaccuracy>
<internetconnect>2</internetconnect>
</trkpt>
<trkpt lat="35.844941" lon="139.024618">
<ele>1119.333333</ele>
<time>2026-09-05T08:24:01Z</time>
<speed>1.410686</speed>
<trueHeading>0.000000</trueHeading>
<magneticHeading>0.000000</magneticHeading>
<gpsHeading>137.535324</gpsHeading>
<haccuracy>5.319000</haccuracy>
<vaccuracy>5.319000</vaccuracy>
<internetconnect>2</internetconnect>
</trkpt>
<trkpt lat="35.845076" lon="139.024992">
<ele>1108.666667</ele>
<time>2026-09-05T08:24:49Z</time>
<speed>1.230970</speed>
<trueHeading>0.000000</trueHeading>
<magneticHeading>0.000000</magneticHeading>
<gpsHeading>65.849045</gpsHeading>
<haccuracy>4.517000</haccuracy>
<vaccuracy>4.517000</vaccuracy>
<internetconnect>2</internetconnect>
</trkpt>
<trkpt lat="35.845016" lon="139.025455">
<ele>1095.333333</ele>
<time>2026-09-05T08:25:37Z</time>
<speed>1.129942</speed>
<trueHeading>0.000000</trueHeading>
<magneticHeading>0.000000</magneticHeading>
<gpsHeading>99.077126</gpsHeading>
<haccuracy>5.896000</haccuracy>
<vaccuracy>5.896000</vaccuracy>
<internetconnect>2</internetconnect>
</trkpt>
<trkpt lat="35.845068" lon="139.025815">
<ele>1081.333333</ele>
<time>2026-09-05T08:26:35Z</time>
<speed>0.969891</speed>
<trueHeading>0.000000</trueHeading>
<magneticHeading>0.000000</magneticHeading>
<gpsHeading>80.015984</gpsHeading>
<haccuracy>4.908000</haccuracy>
<vaccuracy>4.908000</vaccuracy>
<internetconnect>2</internetconnect>
</trkpt>
<trkpt lat="35.845265" lon="139.026070">
<ele>1067.333333</ele>
<time>2026-09-05T08:27:48Z</time>
<speed>0.975318</speed>
<trueHeading>0.000000</trueHeading>
<magneticHeading>0.000000</magneticHeading>
<gpsHeading>46.373623</gpsHeading>
<haccuracy>5.667000</haccuracy>
<vaccuracy>5.667000</vaccuracy>
<internetconnect>2</internetconnect>
</trkpt>
<trkpt lat="35.845291" lon="139.026481">
<ele>1053.333333</ele>
<time>2026-09-05T08:28:36Z</time>
<speed>1.121851</speed>
<trueHeading>0.000000</trueHeading>
<magneticHeading>0.000000</magneticHeading>
<gpsHeading>85.555779</gpsHeading>
<haccuracy>5.311000</haccuracy>
<vaccuracy>5.311000</vaccuracy>
<internetconnect>2</internetconnect>
</trkpt>
<trkpt lat="35.845226" lon="139.026853">
<ele>1038.333333</ele>
<time>2026-09-05T08:29:23Z</time>
<speed>1.078954</speed>
<trueHeading>0.000000</trueHeading>
<magneticHeading>0.000000</magneticHeading>
<gpsHeading>102.055420</gpsHeading>
<haccuracy>4.560000</haccuracy>
<vaccuracy>4.560000</vaccuracy>
<internetconnect>2</internetconnect>
</trkpt>
<trkpt lat="35.845160" lon="139.027201">
<ele>1021.000000</ele>
<time>2026-09-05T08:30:40Z</time>
<speed>1.297757</speed>
<trueHeading>0.000000</trueHeading>
<magneticHeading>0.000000</magneticHeading>
<gpsHeading>103.245522</gpsHeading>
<haccuracy>6.002000</haccuracy>
<vaccuracy>6.002000</vaccuracy>
<internetconnect>2</internetconnect>
</trkpt>
<trkpt lat="35.845514" lon="139.027535">
<ele>1007.000000</ele>
<time>2026-09-05T08:31:29Z</time>
<speed>1.198770</speed>
<trueHeading>0.000000</trueHeading>
<magneticHeading>0.000000</magneticHeading>
<gpsHeading>37.419041</gpsHeading>
<haccuracy>5.476000</haccuracy>
<vaccuracy>5.476000</vaccuracy>
<internetconnect>2</internetconnect>
</trkpt>
<trkpt lat="35.845507" lon="139.027946">
<ele>995.666667</ele>
<time>2026-09-05T08:32:37Z</time>
<speed>0.914781</speed>
<trueHeading>0.000000</trueHeading>
<magneticHeading>0.000000</magneticHeading>
<gpsHeading>91.220566</gpsHeading>
<haccuracy>3.574000</haccuracy>
<vaccuracy>3.574000</vaccuracy>
<internetconnect>2</internetconnect>
</trkpt>
<trkpt lat="35.845286" lon="139.028243">
<ele>988.666667</ele>
<time>2026-09-05T08:33:26Z</time>
<speed>0.783423</speed>
<trueHeading>0.000000</trueHeading>
<magneticHeading>0.000000</magneticHeading>
<gpsHeading>132.686188</gpsHeading>
<haccuracy>6.393000</haccuracy>
<vaccuracy>6.393000</vaccuracy>
<internetconnect>2</internetconnect>
</trkpt>
<trkpt lat="35.845089" lon="139.028708">
<ele>980.666667</ele>
<time>2026-09-05T08:34:14Z</time>
<speed>1.171010</speed>
<trueHeading>0.000000</trueHeading>
<magneticHeading>0.000000</magneticHeading>
<gpsHeading>117.525551</gpsHeading>
<haccuracy>5.592000</haccuracy>
<vaccuracy>5.592000</vaccuracy>
<internetconnect>2</internetconnect>
</trkpt>
<trkpt lat="35.844989" lon="139.029097">
<ele>975.000000</ele>
<time>2026-09-05T08:35:02Z</time>
<speed>0.737762</speed>
<trueHeading>0.000000</trueHeading>
<magneticHeading>0.000000</magneticHeading>
<gpsHeading>107.603569</gpsHeading>
<haccuracy>4.656000</haccuracy>
<vaccuracy>4.656000</vaccuracy>
<internetconnect>2</internetconnect>
</trkpt>
<trkpt lat="35.845021" lon="139.029037">
<ele>970.333333</ele>
<time>2026-09-05T08:39:22Z</time>
<speed>0.140218</speed>
<trueHeading>0.000000</trueHeading>
<magneticHeading>0.000000</magneticHeading>
<gpsHeading>116.742828</gpsHeading>
<haccuracy>4.568000</haccuracy>
<vaccuracy>4.568000</vaccuracy>
<internetconnect>2</internetconnect>
</trkpt>
<trkpt lat="35.845157" lon="139.029339">
<ele>966.333333</ele>
<time>2026-09-05T08:40:51Z</time>
<speed>1.107141</speed>
<trueHeading>0.000000</trueHeading>
<magneticHeading>0.000000</magneticHeading>
<gpsHeading>61.053032</gpsHeading>
<haccuracy>4.845000</haccuracy>
<vaccuracy>4.845000</vaccuracy>
<internetconnect>2</internetconnect>
</trkpt>
<trkpt lat="35.844897" lon="139.029722">
<ele>959.000000</ele>
<time>2026-09-05T08:41:39Z</time>
<speed>0.774958</speed>
<trueHeading>0.000000</trueHeading>
<magneticHeading>0.000000</magneticHeading>
<gpsHeading>129.923248</gpsHeading>
<haccuracy>5.131000</haccuracy>
<vaccuracy>5.131000</vaccuracy>
<internetconnect>2</internetconnect>
</trkpt>
<trkpt lat="35.845065" lon="139.030309">
<ele>949.000000</ele>
<time>2026-09-05T08:42:27Z</time>
<speed>1.252187</speed>
<trueHeading>0.000000</trueHeading>
<magneticHeading>0.000000</magneticHeading>
<gpsHeading>70.524300</gpsHeading>
<haccuracy>5.265000</haccuracy>
<vaccuracy>5.265000</vaccuracy>
<internetconnect>2</internetconnect>
</trkpt>
<trkpt lat="35.845206" lon="139.030621">
<ele>936.333333</ele>
<time>2026-09-05T08:44:13Z</time>
<speed>0.911708</speed>
<trueHeading>0.000000</trueHeading>
<magneticHeading>0.000000</magneticHeading>
<gpsHeading>60.969543</gpsHeading>
<haccuracy>3.000000</haccuracy>
<vaccuracy>3.000000</vaccuracy>
<internetconnect>2</internetconnect>
</trkpt>
<trkpt lat="35.845063" lon="139.030968">
<ele>924.666667</ele>
<time>2026-09-05T08:45:29Z</time>
<speed>1.227911</speed>
<trueHeading>0.000000</trueHeading>
<magneticHeading>0.000000</magneticHeading>
<gpsHeading>116.994125</gpsHeading>
<haccuracy>5.211000</haccuracy>
<vaccuracy>5.211000</vaccuracy>
<internetconnect>2</internetconnect>
</trkpt>
<trkpt lat="35.845336" lon="139.031386">
<ele>915.000000</ele>
<time>2026-09-05T08:46:16Z</time>
<speed>1.169686</speed>
<trueHeading>0.000000</trueHeading>
<magneticHeading>0.000000</magneticHeading>
<gpsHeading>51.107758</gpsHeading>
<haccuracy>4.881000</haccuracy>
<vaccuracy>4.881000</vaccuracy>
<internetconnect>2</internetconnect>
</trkpt>
<trkpt lat="35.845280" lon="139.031783">
<ele>905.000000</ele>
<time>2026-09-05T08:47:09Z</time>
<speed>1.283531</speed>
<trueHeading>0.000000</trueHeading>
<magneticHeading>0.000000</magneticHeading>
<gpsHeading>99.716446</gpsHeading>
<haccuracy>10.485000</haccuracy>
<vaccuracy>10.485000</vaccuracy>
<internetconnect>2</internetconnect>
</trkpt>
<trkpt lat="35.845410" lon="139.032289">
<ele>895.666667</ele>
<time>2026-09-05T08:47:57Z</time>
<speed>1.455398</speed>
<trueHeading>0.000000</trueHeading>
<magneticHeading>0.000000</magneticHeading>
<gpsHeading>72.410553</gpsHeading>
<haccuracy>5.154000</haccuracy>
<vaccuracy>5.154000</vaccuracy>
<internetconnect>2</internetconnect>
</trkpt>
<trkpt lat="35.845328" lon="139.032639">
<ele>886.333333</ele>
<time>2026-09-05T08:48:45Z</time>
<speed>1.253686</speed>
<trueHeading>0.000000</trueHeading>
<magneticHeading>0.000000</magneticHeading>
<gpsHeading>106.149261</gpsHeading>
<haccuracy>5.851000</haccuracy>
<vaccuracy>5.851000</vaccuracy>
<internetconnect>2</internetconnect>
</trkpt>
<trkpt lat="35.845241" lon="139.032985">
<ele>878.000000</ele>
<time>2026-09-05T08:49:45Z</time>
<speed>1.149748</speed>
<trueHeading>0.000000</trueHeading>
<magneticHeading>0.000000</magneticHeading>
<gpsHeading>107.210434</gpsHeading>
<haccuracy>6.311000</haccuracy>
<vaccuracy>6.311000</vaccuracy>
<internetconnect>2</internetconnect>
</trkpt>
<trkpt lat="35.845392" lon="139.033336">
<ele>867.000000</ele>
<time>2026-09-05T08:50:33Z</time>
<speed>1.013278</speed>
<trueHeading>0.000000</trueHeading>
<magneticHeading>0.000000</magneticHeading>
<gpsHeading>62.188129</gpsHeading>
<haccuracy>5.946000</haccuracy>
<vaccuracy>5.946000</vaccuracy>
<internetconnect>2</internetconnect>
</trkpt>
<trkpt lat="35.845139" lon="139.033508">
<ele>852.000000</ele>
<time>2026-09-05T08:52:12Z</time>
<speed>0.800000</speed>
<trueHeading>0.000000</trueHeading>
<magneticHeading>0.000000</magneticHeading>
<gpsHeading>151.178909</gpsHeading>
<haccuracy>10.655000</haccuracy>
<vaccuracy>10.655000</vaccuracy>
<internetconnect>2</internetconnect>
</trkpt>
<trkpt lat="35.845062" lon="139.033866">
<ele>835.333333</ele>
<time>2026-09-05T08:53:20Z</time>
<speed>0.970000</speed>
<trueHeading>0.000000</trueHeading>
<magneticHeading>0.000000</magneticHeading>
<gpsHeading>104.749596</gpsHeading>
<haccuracy>11.282000</haccuracy>
<vaccuracy>11.282000</vaccuracy>
<internetconnect>2</internetconnect>
</trkpt>
<trkpt lat="35.845083" lon="139.034217">
<ele>817.666667</ele>
<time>2026-09-05T08:54:20Z</time>
<speed>0.410000</speed>
<trueHeading>0.000000</trueHeading>
<magneticHeading>0.000000</magneticHeading>
<gpsHeading>85.856537</gpsHeading>
<haccuracy>10.480000</haccuracy>
<vaccuracy>10.480000</vaccuracy>
<internetconnect>2</internetconnect>
</trkpt>
<trkpt lat="35.844768" lon="139.034198">
<ele>800.333333</ele>
<time>2026-09-05T08:55:10Z</time>
<speed>0.760000</speed>
<trueHeading>0.000000</trueHeading>
<magneticHeading>0.000000</magneticHeading>
<gpsHeading>182.781815</gpsHeading>
<haccuracy>11.020000</haccuracy>
<vaccuracy>11.020000</vaccuracy>
<internetconnect>2</internetconnect>
</trkpt>
<trkpt lat="35.844459" lon="139.034167">
<ele>784.000000</ele>
<time>2026-09-05T08:56:05Z</time>
<speed>1.080000</speed>
<trueHeading>0.000000</trueHeading>
<magneticHeading>0.000000</magneticHeading>
<gpsHeading>184.617889</gpsHeading>
<haccuracy>10.985000</haccuracy>
<vaccuracy>10.985000</vaccuracy>
<internetconnect>2</internetconnect>
</trkpt>
<trkpt lat="35.844409" lon="139.034528">
<ele>773.666667</ele>
<time>2026-09-05T08:56:54Z</time>
<speed>1.421819</speed>
<trueHeading>0.000000</trueHeading>
<magneticHeading>0.000000</magneticHeading>
<gpsHeading>99.609596</gpsHeading>
<haccuracy>5.312000</haccuracy>
<vaccuracy>5.312000</vaccuracy>
<internetconnect>2</internetconnect>
</trkpt>
<trkpt lat="35.844510" lon="139.034849">
<ele>763.666667</ele>
<time>2026-09-05T08:58:38Z</time>
<speed>1.113790</speed>
<trueHeading>0.000000</trueHeading>
<magneticHeading>0.000000</magneticHeading>
<gpsHeading>68.805199</gpsHeading>
<haccuracy>5.067000</haccuracy>
<vaccuracy>5.067000</vaccuracy>
<internetconnect>2</internetconnect>
</trkpt>
<trkpt lat="35.844357" lon="139.035318">
<ele>749.333333</ele>
<time>2026-09-05T08:59:25Z</time>
<speed>1.022259</speed>
<trueHeading>0.000000</trueHeading>
<magneticHeading>0.000000</magneticHeading>
<gpsHeading>111.917007</gpsHeading>
<haccuracy>4.999000</haccuracy>
<vaccuracy>4.999000</vaccuracy>
<internetconnect>2</internetconnect>
</trkpt>
<trkpt lat="35.844167" lon="139.035575">
<ele>733.000000</ele>
<time>2026-09-05T09:00:26Z</time>
<speed>1.386951</speed>
<trueHeading>0.000000</trueHeading>
<magneticHeading>0.000000</magneticHeading>
<gpsHeading>132.429535</gpsHeading>
<haccuracy>7.086000</haccuracy>
<vaccuracy>7.086000</vaccuracy>
<internetconnect>2</internetconnect>
</trkpt>
<trkpt lat="35.843851" lon="139.035392">
<ele>715.333333</ele>
<time>2026-09-05T09:01:14Z</time>
<speed>1.424906</speed>
<trueHeading>0.000000</trueHeading>
<magneticHeading>0.000000</magneticHeading>
<gpsHeading>205.074844</gpsHeading>
<haccuracy>4.860000</haccuracy>
<vaccuracy>4.860000</vaccuracy>
<internetconnect>2</internetconnect>
</trkpt>
<trkpt lat="35.843550" lon="139.035352">
<ele>704.666667</ele>
<time>2026-09-05T09:02:10Z</time>
<speed>1.343527</speed>
<trueHeading>0.000000</trueHeading>
<magneticHeading>0.000000</magneticHeading>
<gpsHeading>186.266251</gpsHeading>
<haccuracy>6.361000</haccuracy>
<vaccuracy>6.361000</vaccuracy>
<internetconnect>2</internetconnect>
</trkpt>
<trkpt lat="35.843713" lon="139.035773">
<ele>690.333333</ele>
<time>2026-09-05T09:02:57Z</time>
<speed>1.275572</speed>
<trueHeading>0.000000</trueHeading>
<magneticHeading>0.000000</magneticHeading>
<gpsHeading>64.397430</gpsHeading>
<haccuracy>4.534000</haccuracy>
<vaccuracy>4.534000</vaccuracy>
<internetconnect>2</internetconnect>
</trkpt>
<trkpt lat="35.843279" lon="139.035251">
<ele>682.000000</ele>
<time>2026-09-05T09:03:43Z</time>
<speed>1.282245</speed>
<trueHeading>0.000000</trueHeading>
<magneticHeading>0.000000</magneticHeading>
<gpsHeading>224.296265</gpsHeading>
<haccuracy>5.604000</haccuracy>
<vaccuracy>5.604000</vaccuracy>
<internetconnect>2</internetconnect>
</trkpt>
<trkpt lat="35.843293" lon="139.035677">
<ele>671.000000</ele>
<time>2026-09-05T09:04:30Z</time>
<speed>1.116440</speed>
<trueHeading>0.000000</trueHeading>
<magneticHeading>0.000000</magneticHeading>
<gpsHeading>87.713684</gpsHeading>
<haccuracy>6.030000</haccuracy>
<vaccuracy>6.030000</vaccuracy>
<internetconnect>2</internetconnect>
</trkpt>
<trkpt lat="35.843016" lon="139.035217">
<ele>658.333333</ele>
<time>2026-09-05T09:05:18Z</time>
<speed>1.432070</speed>
<trueHeading>0.000000</trueHeading>
<magneticHeading>0.000000</magneticHeading>
<gpsHeading>233.408936</gpsHeading>
<haccuracy>5.297000</haccuracy>
<vaccuracy>5.297000</vaccuracy>
<internetconnect>2</internetconnect>
</trkpt>
<trkpt lat="35.842790" lon="139.035465">
<ele>642.666667</ele>
<time>2026-09-05T09:06:10Z</time>
<speed>1.342634</speed>
<trueHeading>0.000000</trueHeading>
<magneticHeading>0.000000</magneticHeading>
<gpsHeading>138.433731</gpsHeading>
<haccuracy>3.794000</haccuracy>
<vaccuracy>3.794000</vaccuracy>
<internetconnect>2</internetconnect>
</trkpt>
<trkpt lat="35.842750" lon="139.035865">
<ele>635.000000</ele>
<time>2026-09-05T09:06:57Z</time>
<speed>1.385766</speed>
<trueHeading>0.000000</trueHeading>
<magneticHeading>0.000000</magneticHeading>
<gpsHeading>96.914108</gpsHeading>
<haccuracy>5.418000</haccuracy>
<vaccuracy>5.418000</vaccuracy>
<internetconnect>2</internetconnect>
</trkpt>
<trkpt lat="35.843033" lon="139.035974">
<ele>625.666667</ele>
<time>2026-09-05T09:07:44Z</time>
<speed>1.196004</speed>
<trueHeading>0.000000</trueHeading>
<magneticHeading>0.000000</magneticHeading>
<gpsHeading>17.360115</gpsHeading>
<haccuracy>5.238000</haccuracy>
<vaccuracy>5.238000</vaccuracy>
<internetconnect>2</internetconnect>
</trkpt>
<trkpt lat="35.842823" lon="139.036235">
<ele>612.666667</ele>
<time>2026-09-05T09:08:36Z</time>
<speed>1.163733</speed>
<trueHeading>0.000000</trueHeading>
<magneticHeading>0.000000</magneticHeading>
<gpsHeading>134.857391</gpsHeading>
<haccuracy>5.244000</haccuracy>
<vaccuracy>5.244000</vaccuracy>
<internetconnect>2</internetconnect>
</trkpt>
<trkpt lat="35.842321" lon="139.036095">
<ele>592.666667</ele>
<time>2026-09-05T09:09:23Z</time>
<speed>1.278652</speed>
<trueHeading>0.000000</trueHeading>
<magneticHeading>0.000000</magneticHeading>
<gpsHeading>192.669861</gpsHeading>
<haccuracy>5.874000</haccuracy>
<vaccuracy>5.874000</vaccuracy>
<internetconnect>2</internetconnect>
</trkpt>
<trkpt lat="35.842441" lon="139.036428">
<ele>577.333333</ele>
<time>2026-09-05T09:10:24Z</time>
<speed>1.251364</speed>
<trueHeading>0.000000</trueHeading>
<magneticHeading>0.000000</magneticHeading>
<gpsHeading>65.989487</gpsHeading>
<haccuracy>6.171000</haccuracy>
<vaccuracy>6.171000</vaccuracy>
<internetconnect>2</internetconnect>
</trkpt>
<trkpt lat="35.842634" lon="139.036792">
<ele>565.666667</ele>
<time>2026-09-05T09:11:12Z</time>
<speed>0.893585</speed>
<trueHeading>0.000000</trueHeading>
<magneticHeading>0.000000</magneticHeading>
<gpsHeading>56.786419</gpsHeading>
<haccuracy>6.006000</haccuracy>
<vaccuracy>6.006000</vaccuracy>
<internetconnect>2</internetconnect>
</trkpt>
<trkpt lat="35.842785" lon="139.037128">
<ele>558.000000</ele>
<time>2026-09-05T09:12:53Z</time>
<speed>0.184331</speed>
<trueHeading>0.000000</trueHeading>
<magneticHeading>0.000000</magneticHeading>
<gpsHeading>60.974693</gpsHeading>
<haccuracy>6.233000</haccuracy>
<vaccuracy>6.233000</vaccuracy>
<internetconnect>2</internetconnect>
</trkpt>
<trkpt lat="35.843089" lon="139.037287">
<ele>559.000000</ele>
<time>2026-09-05T09:13:40Z</time>
<speed>1.361309</speed>
<trueHeading>0.000000</trueHeading>
<magneticHeading>0.000000</magneticHeading>
<gpsHeading>22.930267</gpsHeading>
<haccuracy>4.465000</haccuracy>
<vaccuracy>4.465000</vaccuracy>
<internetconnect>2</internetconnect>
</trkpt>
<trkpt lat="35.842622" lon="139.037458">
<ele>566.666667</ele>
<time>2026-09-05T09:14:28Z</time>
<speed>1.131968</speed>
<trueHeading>0.000000</trueHeading>
<magneticHeading>0.000000</magneticHeading>
<gpsHeading>163.410568</gpsHeading>
<haccuracy>5.620000</haccuracy>
<vaccuracy>5.620000</vaccuracy>
<internetconnect>2</internetconnect>
</trkpt>
<trkpt lat="35.842307" lon="139.037584">
<ele>574.666667</ele>
<time>2026-09-05T09:15:15Z</time>
<speed>1.253607</speed>
<trueHeading>0.000000</trueHeading>
<magneticHeading>0.000000</magneticHeading>
<gpsHeading>162.103943</gpsHeading>
<haccuracy>4.073000</haccuracy>
<vaccuracy>4.073000</vaccuracy>
<internetconnect>2</internetconnect>
</trkpt>
<trkpt lat="35.842066" lon="139.037776">
<ele>577.000000</ele>
<time>2026-09-05T09:16:03Z</time>
<speed>1.314851</speed>
<trueHeading>0.000000</trueHeading>
<magneticHeading>0.000000</magneticHeading>
<gpsHeading>147.164154</gpsHeading>
<haccuracy>5.123000</haccuracy>
<vaccuracy>5.123000</vaccuracy>
<internetconnect>2</internetconnect>
</trkpt>
<trkpt lat="35.841670" lon="139.037941">
<ele>581.666667</ele>
<time>2026-09-05T09:16:51Z</time>
<speed>1.379916</speed>
<trueHeading>0.000000</trueHeading>
<magneticHeading>0.000000</magneticHeading>
<gpsHeading>161.321915</gpsHeading>
<haccuracy>6.012000</haccuracy>
<vaccuracy>6.012000</vaccuracy>
<internetconnect>2</internetconnect>
</trkpt>
<trkpt lat="35.841594" lon="139.038383">
<ele>590.000000</ele>
<time>2026-09-05T09:17:38Z</time>
<speed>1.270074</speed>
<trueHeading>0.000000</trueHeading>
<magneticHeading>0.000000</magneticHeading>
<gpsHeading>101.914375</gpsHeading>
<haccuracy>4.115000</haccuracy>
<vaccuracy>4.115000</vaccuracy>
<internetconnect>2</internetconnect>
</trkpt>
<trkpt lat="35.841471" lon="139.038850">
<ele>602.333333</ele>
<time>2026-09-05T09:18:26Z</time>
<speed>1.377044</speed>
<trueHeading>0.000000</trueHeading>
<magneticHeading>0.000000</magneticHeading>
<gpsHeading>108.053360</gpsHeading>
<haccuracy>5.015000</haccuracy>
<vaccuracy>5.015000</vaccuracy>
<internetconnect>2</internetconnect>
</trkpt>
<trkpt lat="35.841306" lon="139.039274">
<ele>610.000000</ele>
<time>2026-09-05T09:19:14Z</time>
<speed>0.854605</speed>
<trueHeading>0.000000</trueHeading>
<magneticHeading>0.000000</magneticHeading>
<gpsHeading>115.665306</gpsHeading>
<haccuracy>4.808000</haccuracy>
<vaccuracy>4.808000</vaccuracy>
<internetconnect>2</internetconnect>
</trkpt>
<trkpt lat="35.841161" lon="139.039722">
<ele>615.333333</ele>
<time>2026-09-05T09:20:03Z</time>
<speed>1.404419</speed>
<trueHeading>0.000000</trueHeading>
<magneticHeading>0.000000</magneticHeading>
<gpsHeading>111.719833</gpsHeading>
<haccuracy>5.638000</haccuracy>
<vaccuracy>5.638000</vaccuracy>
<internetconnect>2</internetconnect>
</trkpt>
<trkpt lat="35.841318" lon="139.040150">
<ele>616.666667</ele>
<time>2026-09-05T09:20:50Z</time>
<speed>1.490750</speed>
<trueHeading>0.000000</trueHeading>
<magneticHeading>0.000000</magneticHeading>
<gpsHeading>65.619019</gpsHeading>
<haccuracy>3.408000</haccuracy>
<vaccuracy>3.408000</vaccuracy>
<internetconnect>2</internetconnect>
</trkpt>
<trkpt lat="35.841125" lon="139.040817">
<ele>619.000000</ele>
<time>2026-09-05T09:21:34Z</time>
<speed>1.420348</speed>
<trueHeading>-999.000000</trueHeading>
<magneticHeading>-999.000000</magneticHeading>
<gpsHeading>109.642555</gpsHeading>
<haccuracy>3.069000</haccuracy>
<vaccuracy>3.069000</vaccuracy>
<internetconnect>2</internetconnect>
</trkpt>
</trkseg></trk>
</gpx>
