<?xml version="1.0" encoding="UTF-8"?>
<gpx xmlns:xsi="http://www.w3.org/2001/XMLSchema-instance" xmlns="http://www.topografix.com/GPX/1/0" xsi:schemaLocation="http://www.topografix.com/GPX/1/1 http://www.topografix.com/GPX/1/1/gpx.xsd" creator="Geographica - http://geographica.biz/" appVersion="Ver 2.1.53:395" device="google sunfish" android="13" carrier="povo">
<trk>
<name>20260711</name>
<trkseg>
<trkpt lat="35.841622" lon="139.044482">
<ele>614.500000</ele>
<time>2026-07-10T23:16:48Z</time>
<speed>0.000000</speed>
<trueHeading>0.000000</trueHeading>
<magneticHeading>0.000000</magneticHeading>
<gpsHeading>0.000000</gpsHeading>
<haccuracy>9.283260</haccuracy>
<vaccuracy>9.283260</vaccuracy>
<internetconnect>2</internetconnect>
</trkpt>
<trkpt lat="35.841597" lon="139.044468">
<ele>615.333333</ele>
<time>2026-07-10T23:16:48Z</time>
<speed>0.189488</speed>
<trueHeading>0.000000</trueHeading>
<magneticHeading>0.000000</magneticHeading>
<gpsHeading>0.000000</gpsHeading>
<haccuracy>5.847000</haccuracy>
<vaccuracy>5.847000</vaccuracy>
<internetconnect>2</internetconnect>
</trkpt>
<trkpt lat="35.841687" lon="139.044465">
<ele>615.333333</ele>
<time>2026-07-10T23:18:51Z</time>
<speed>0.067388</speed>
<trueHeading>0.000000</trueHeading>
<magneticHeading>0.000000</magneticHeading>
<gpsHeading>358.711487</gpsHeading>
<haccuracy>5.639000</haccuracy>
<vaccuracy>5.639000</vaccuracy>
<internetconnect>2</internetconnect>
</trkpt>
<trkpt lat="35.841660" lon="139.044496">
<ele>613.000000</ele>
<time>2026-07-10T23:21:03Z</time>
<speed>0.034774</speed>
<trueHeading>0.000000</trueHeading>
<magneticHeading>0.000000</magneticHeading>
<gpsHeading>138.021683</gpsHeading>
<haccuracy>8.261000</haccuracy>
<vaccuracy>8.261000</vaccuracy>
<internetconnect>2</internetconnect>
</trkpt>
<trkpt lat="35.841373" lon="139.044554">
<ele>609.000000</ele>
<time>2026-07-10T23:22:23Z</time>
<speed>1.393221</speed>
<trueHeading>0.000000</trueHeading>
<magneticHeading>0.000000</magneticHeading>
<gpsHeading>170.731094</gpsHeading>
<haccuracy>4.875000</haccuracy>
<vaccuracy>4.875000</vaccuracy>
<internetconnect>2</internetconnect>
</trkpt>
<trkpt lat="35.841573" lon="139.045030">
<ele>603.000000</ele>
<time>2026-07-10T23:23:09Z</time>
<speed>1.604174</speed>
<trueHeading>0.000000</trueHeading>
<magneticHeading>0.000000</magneticHeading>
<gpsHeading>62.570732</gpsHeading>
<haccuracy>6.022000</haccuracy>
<vaccuracy>6.022000</vaccuracy>
<internetconnect>2</internetconnect>
</trkpt>
<trkpt lat="35.841368" lon="139.045657">
<ele>593.333333</ele>
<time>2026-07-10T23:23:55Z</time>
<speed>1.601900</speed>
<trueHeading>0.000000</trueHeading>
<magneticHeading>0.000000</magneticHeading>
<gpsHeading>111.965408</gpsHeading>
<haccuracy>4.992000</haccuracy>
<vaccuracy>4.992000</vaccuracy>
<internetconnect>2</internetconnect>
</trkpt>
<trkpt lat="35.841031" lon="139.046048">
<ele>578.666667</ele>
<time>2026-07-10T23:24:42Z</time>
<speed>1.136231</speed>
<trueHeading>0.000000</trueHeading>
<magneticHeading>0.000000</magneticHeading>
<gpsHeading>136.843689</gpsHeading>
<haccuracy>5.330000</haccuracy>
<vaccuracy>5.330000</vaccuracy>
<internetconnect>2</internetconnect>
</trkpt>
<trkpt lat="35.840849" lon="139.046524">
<ele>563.000000</ele>
<time>2026-07-10T23:25:29Z</time>
<speed>1.292351</speed>
<trueHeading>0.000000</trueHeading>
<magneticHeading>0.000000</magneticHeading>
<gpsHeading>115.132927</gpsHeading>
<haccuracy>5.337000</haccuracy>
<vaccuracy>5.337000</vaccuracy>
<internetconnect>2</internetconnect>
</trkpt>
<trkpt lat="35.840714" lon="139.046970">
<ele>549.666667</ele>
<time>2026-07-10T23:26:17Z</time>
<speed>1.311876</speed>
<trueHeading>0.000000</trueHeading>
<magneticHeading>0.000000</magneticHeading>
<gpsHeading>110.564163</gpsHeading>
<haccuracy>5.654000</haccuracy>
<vaccuracy>5.654000</vaccuracy>
<internetconnect>2</internetconnect>
</trkpt>
<trkpt lat="35.840835" lon="139.047370">
<ele>541.333333</ele>
<time>2026-07-10T23:27:05Z</time>
<speed>0.140221</speed>
<trueHeading>0.000000</trueHeading>
<magneticHeading>0.000000</magneticHeading>
<gpsHeading>69.446846</gpsHeading>
<haccuracy>5.970000</haccuracy>
<vaccuracy>5.970000</vaccuracy>
<internetconnect>2</internetconnect>
</trkpt>
<trkpt lat="35.841040" lon="139.047642">
<ele>534.000000</ele>
<time>2026-07-10T23:28:24Z</time>
<speed>1.055516</speed>
<trueHeading>0.000000</trueHeading>
<magneticHeading>0.000000</magneticHeading>
<gpsHeading>47.033092</gpsHeading>
<haccuracy>5.302000</haccuracy>
<vaccuracy>5.302000</vaccuracy>
<internetconnect>2</internetconnect>
</trkpt>
<trkpt lat="35.841170" lon="139.048048">
<ele>529.666667</ele>
<time>2026-07-10T23:29:12Z</time>
<speed>0.908844</speed>
<trueHeading>0.000000</trueHeading>
<magneticHeading>0.000000</magneticHeading>
<gpsHeading>68.496429</gpsHeading>
<haccuracy>6.245000</haccuracy>
<vaccuracy>6.245000</vaccuracy>
<internetconnect>2</internetconnect>
</trkpt>
<trkpt lat="35.841200" lon="139.048399">
<ele>525.666667</ele>
<time>2026-07-10T23:30:20Z</time>
<speed>1.243520</speed>
<trueHeading>0.000000</trueHeading>
<magneticHeading>0.000000</magneticHeading>
<gpsHeading>84.092422</gpsHeading>
<haccuracy>5.066000</haccuracy>
<vaccuracy>5.066000</vaccuracy>
<internetconnect>2</internetconnect>
</trkpt>
<trkpt lat="35.841598" lon="139.048912">
<ele>525.000000</ele>
<time>2026-07-10T23:31:09Z</time>
<speed>1.383403</speed>
<trueHeading>0.000000</trueHeading>
<magneticHeading>0.000000</magneticHeading>
<gpsHeading>46.273792</gpsHeading>
<haccuracy>5.187000</haccuracy>
<vaccuracy>5.187000</vaccuracy>
<internetconnect>2</internetconnect>
</trkpt>
<trkpt lat="35.841254" lon="139.049368">
<ele>526.666667</ele>
<time>2026-07-10T23:31:57Z</time>
<speed>1.008471</speed>
<trueHeading>0.000000</trueHeading>
<magneticHeading>0.000000</magneticHeading>
<gpsHeading>132.866547</gpsHeading>
<haccuracy>5.637000</haccuracy>
<vaccuracy>5.637000</vaccuracy>
<internetconnect>2</internetconnect>
</trkpt>
<trkpt lat="35.841250" lon="139.049757">
<ele>528.666667</ele>
<time>2026-07-10T23:32:45Z</time>
<speed>0.192025</speed>
<trueHeading>0.000000</trueHeading>
<magneticHeading>0.000000</magneticHeading>
<gpsHeading>90.853462</gpsHeading>
<haccuracy>4.916000</haccuracy>
<vaccuracy>4.916000</vaccuracy>
<internetconnect>2</internetconnect>
</trkpt>
<trkpt lat="35.841197" lon="139.050336">
<ele>523.333333</ele>
<time>2026-07-10T23:33:43Z</time>
<speed>0.440261</speed>
<trueHeading>0.000000</trueHeading>
<magneticHeading>0.000000</magneticHeading>
<gpsHeading>96.465500</gpsHeading>
<haccuracy>7.059000</haccuracy>
<vaccuracy>7.059000</vaccuracy>
<internetconnect>2</internetconnect>
</trkpt>
<trkpt lat="35.841334" lon="139.050715">
<ele>527.333333</ele>
<time>2026-07-10T23:34:31Z</time>
<speed>1.051927</speed>
<trueHeading>0.000000</trueHeading>
<magneticHeading>0.000000</magneticHeading>
<gpsHeading>65.944679</gpsHeading>
<haccuracy>4.014000</haccuracy>
<vaccuracy>4.014000</vaccuracy>
<internetconnect>2</internetconnect>
</trkpt>
<trkpt lat="35.840951" lon="139.050726">
<ele>531.000000</ele>
<time>2026-07-10T23:35:19Z</time>
<speed>0.932803</speed>
<trueHeading>0.000000</trueHeading>
<magneticHeading>0.000000</magneticHeading>
<gpsHeading>178.663834</gpsHeading>
<haccuracy>7.606000</haccuracy>
<vaccuracy>7.606000</vaccuracy>
<internetconnect>2</internetconnect>
</trkpt>
<trkpt lat="35.840824" lon="139.051033">
<ele>552.333333</ele>
<time>2026-07-10T23:36:18Z</time>
<speed>1.106484</speed>
<trueHeading>0.000000</trueHeading>
<magneticHeading>0.000000</magneticHeading>
<gpsHeading>117.046379</gpsHeading>
<haccuracy>5.983000</haccuracy>
<vaccuracy>5.983000</vaccuracy>
<internetconnect>2</internetconnect>
</trkpt>
<trkpt lat="35.840571" lon="139.050785">
<ele>569.333333</ele>
<time>2026-07-10T23:37:05Z</time>
<speed>1.107373</speed>
<trueHeading>0.000000</trueHeading>
<magneticHeading>0.000000</magneticHeading>
<gpsHeading>218.494324</gpsHeading>
<haccuracy>12.729000</haccuracy>
<vaccuracy>12.729000</vaccuracy>
<internetconnect>2</internetconnect>
</trkpt>
<trkpt lat="35.840333" lon="139.050659">
<ele>593.333333</ele>
<time>2026-07-10T23:39:10Z</time>
<speed>1.122158</speed>
<trueHeading>0.000000</trueHeading>
<magneticHeading>0.000000</magneticHeading>
<gpsHeading>203.187653</gpsHeading>
<haccuracy>4.887000</haccuracy>
<vaccuracy>4.887000</vaccuracy>
<internetconnect>2</internetconnect>
</trkpt>
<trkpt lat="35.840165" lon="139.050364">
<ele>610.000000</ele>
<time>2026-07-10T23:40:03Z</time>
<speed>1.038912</speed>
<trueHeading>0.000000</trueHeading>
<magneticHeading>0.000000</magneticHeading>
<gpsHeading>234.836044</gpsHeading>
<haccuracy>6.116000</haccuracy>
<vaccuracy>6.116000</vaccuracy>
<internetconnect>2</internetconnect>
</trkpt>
<trkpt lat="35.839987" lon="139.050635">
<ele>626.000000</ele>
<time>2026-07-10T23:41:56Z</time>
<speed>1.315808</speed>
<trueHeading>0.000000</trueHeading>
<magneticHeading>0.000000</magneticHeading>
<gpsHeading>128.952820</gpsHeading>
<haccuracy>5.905000</haccuracy>
<vaccuracy>5.905000</vaccuracy>
<internetconnect>2</internetconnect>
</trkpt>
<trkpt lat="35.839681" lon="139.051030">
<ele>639.666667</ele>
<time>2026-07-10T23:42:43Z</time>
<speed>1.266578</speed>
<trueHeading>0.000000</trueHeading>
<magneticHeading>0.000000</magneticHeading>
<gpsHeading>133.789337</gpsHeading>
<haccuracy>5.204000</haccuracy>
<vaccuracy>5.204000</vaccuracy>
<internetconnect>2</internetconnect>
</trkpt>
<trkpt lat="35.839453" lon="139.050813">
<ele>652.333333</ele>
<time>2026-07-10T23:43:59Z</time>
<speed>0.964100</speed>
<trueHeading>0.000000</trueHeading>
<magneticHeading>0.000000</magneticHeading>
<gpsHeading>217.686035</gpsHeading>
<haccuracy>3.512000</haccuracy>
<vaccuracy>3.512000</vaccuracy>
<internetconnect>2</internetconnect>
</trkpt>
<trkpt lat="35.839510" lon="139.050454">
<ele>665.666667</ele>
<time>2026-07-10T23:45:23Z</time>
<speed>0.996899</speed>
<trueHeading>0.000000</trueHeading>
<magneticHeading>0.000000</magneticHeading>
<gpsHeading>280.968842</gpsHeading>
<haccuracy>5.428000</haccuracy>
<vaccuracy>5.428000</vaccuracy>
<internetconnect>2</internetconnect>
</trkpt>
<trkpt lat="35.839232" lon="139.050305">
<ele>679.000000</ele>
<time>2026-07-10T23:46:49Z</time>
<speed>0.833311</speed>
<trueHeading>0.000000</trueHeading>
<magneticHeading>0.000000</magneticHeading>
<gpsHeading>203.505096</gpsHeading>
<haccuracy>5.329000</haccuracy>
<vaccuracy>5.329000</vaccuracy>
<internetconnect>2</internetconnect>
</trkpt>
<trkpt lat="35.839206" lon="139.049950">
<ele>692.666667</ele>
<time>2026-07-10T23:48:25Z</time>
<speed>0.196671</speed>
<trueHeading>0.000000</trueHeading>
<magneticHeading>0.000000</magneticHeading>
<gpsHeading>264.910919</gpsHeading>
<haccuracy>4.579000</haccuracy>
<vaccuracy>4.579000</vaccuracy>
<internetconnect>2</internetconnect>
</trkpt>
<trkpt lat="35.839135" lon="139.049809">
<ele>703.333333</ele>
<time>2026-07-10T23:50:30Z</time>
<speed>0.862220</speed>
<trueHeading>0.000000</trueHeading>
<magneticHeading>0.000000</magneticHeading>
<gpsHeading>238.316513</gpsHeading>
<haccuracy>5.969000</haccuracy>
<vaccuracy>5.969000</vaccuracy>
<internetconnect>2</internetconnect>
</trkpt>
<trkpt lat="35.838912" lon="139.049909">
<ele>714.333333</ele>
<time>2026-07-10T23:52:34Z</time>
<speed>0.934916</speed>
<trueHeading>0.000000</trueHeading>
<magneticHeading>0.000000</magneticHeading>
<gpsHeading>159.963562</gpsHeading>
<haccuracy>6.241000</haccuracy>
<vaccuracy>6.241000</vaccuracy>
<internetconnect>2</internetconnect>
</trkpt>
<trkpt lat="35.838628" lon="139.049826">
<ele>732.000000</ele>
<time>2026-07-10T23:53:38Z</time>
<speed>1.122846</speed>
<trueHeading>0.000000</trueHeading>
<magneticHeading>0.000000</magneticHeading>
<gpsHeading>193.299744</gpsHeading>
<haccuracy>5.710000</haccuracy>
<vaccuracy>5.710000</vaccuracy>
<internetconnect>2</internetconnect>
</trkpt>
<trkpt lat="35.838392" lon="139.049608">
<ele>750.666667</ele>
<time>2026-07-10T23:55:03Z</time>
<speed>1.047004</speed>
<trueHeading>0.000000</trueHeading>
<magneticHeading>0.000000</magneticHeading>
<gpsHeading>216.825394</gpsHeading>
<haccuracy>8.192000</haccuracy>
<vaccuracy>8.192000</vaccuracy>
<internetconnect>2</internetconnect>
</trkpt>
<trkpt lat="35.838120" lon="139.049508">
<ele>770.666667</ele>
<time>2026-07-10T23:56:09Z</time>
<speed>0.905530</speed>
<trueHeading>0.000000</trueHeading>
<magneticHeading>0.000000</magneticHeading>
<gpsHeading>196.688583</gpsHeading>
<haccuracy>8.427000</haccuracy>
<vaccuracy>8.427000</vaccuracy>
<internetconnect>2</internetconnect>
</trkpt>
<trkpt lat="35.837851" lon="139.049366">
<ele>785.666667</ele>
<time>2026-07-10T23:57:29Z</time>
<speed>1.101208</speed>
<trueHeading>0.000000</trueHeading>
<magneticHeading>0.000000</magneticHeading>
<gpsHeading>203.140427</gpsHeading>
<haccuracy>3.098000</haccuracy>
<vaccuracy>3.098000</vaccuracy>
<internetconnect>2</internetconnect>
</trkpt>
<trkpt lat="35.837574" lon="139.049245">
<ele>800.000000</ele>
<time>2026-07-10T23:58:21Z</time>
<speed>1.110452</speed>
<trueHeading>0.000000</trueHeading>
<magneticHeading>0.000000</magneticHeading>
<gpsHeading>199.450943</gpsHeading>
<haccuracy>4.778000</haccuracy>
<vaccuracy>4.778000</vaccuracy>
<internetconnect>2</internetconnect>
</trkpt>
<trkpt lat="35.837283" lon="139.049165">
<ele>813.333333</ele>
<time>2026-07-10T23:59:08Z</time>
<speed>1.128844</speed>
<trueHeading>0.000000</trueHeading>
<magneticHeading>0.000000</magneticHeading>
<gpsHeading>192.569748</gpsHeading>
<haccuracy>4.689000</haccuracy>
<vaccuracy>4.689000</vaccuracy>
<internetconnect>2</internetconnect>
</trkpt>
<trkpt lat="35.837014" lon="139.049024">
<ele>826.333333</ele>
<time>2026-07-11T00:00:16Z</time>
<speed>1.061583</speed>
<trueHeading>0.000000</trueHeading>
<magneticHeading>0.000000</magneticHeading>
<gpsHeading>202.991531</gpsHeading>
<haccuracy>5.488000</haccuracy>
<vaccuracy>5.488000</vaccuracy>
<internetconnect>2</internetconnect>
</trkpt>
<trkpt lat="35.836784" lon="139.048804">
<ele>839.000000</ele>
<time>2026-07-11T00:01:34Z</time>
<speed>0.794049</speed>
<trueHeading>0.000000</trueHeading>
<magneticHeading>0.000000</magneticHeading>
<gpsHeading>217.828171</gpsHeading>
<haccuracy>4.908000</haccuracy>
<vaccuracy>4.908000</vaccuracy>
<internetconnect>2</internetconnect>
</trkpt>
<trkpt lat="35.836495" lon="139.048794">
<ele>848.000000</ele>
<time>2026-07-11T00:03:04Z</time>
<speed>0.933361</speed>
<trueHeading>0.000000</trueHeading>
<magneticHeading>0.000000</magneticHeading>
<gpsHeading>181.718033</gpsHeading>
<haccuracy>3.074000</haccuracy>
<vaccuracy>3.074000</vaccuracy>
<internetconnect>2</internetconnect>
</trkpt>
<trkpt lat="35.836204" lon="139.048663">
<ele>855.666667</ele>
<time>2026-07-11T00:03:53Z</time>
<speed>0.432458</speed>
<trueHeading>0.000000</trueHeading>
<magneticHeading>0.000000</magneticHeading>
<gpsHeading>199.936829</gpsHeading>
<haccuracy>5.586000</haccuracy>
<vaccuracy>5.586000</vaccuracy>
<internetconnect>2</internetconnect>
</trkpt>
<trkpt lat="35.835910" lon="139.048517">
<ele>862.666667</ele>
<time>2026-07-11T00:04:41Z</time>
<speed>1.121026</speed>
<trueHeading>0.000000</trueHeading>
<magneticHeading>0.000000</magneticHeading>
<gpsHeading>201.970016</gpsHeading>
<haccuracy>4.549000</haccuracy>
<vaccuracy>4.549000</vaccuracy>
<internetconnect>2</internetconnect>
</trkpt>
<trkpt lat="35.835574" lon="139.048396">
<ele>874.666667</ele>
<time>2026-07-11T00:05:29Z</time>
<speed>1.116167</speed>
<trueHeading>0.000000</trueHeading>
<magneticHeading>0.000000</magneticHeading>
<gpsHeading>196.315384</gpsHeading>
<haccuracy>5.085000</haccuracy>
<vaccuracy>5.085000</vaccuracy>
<internetconnect>2</internetconnect>
</trkpt>
<trkpt lat="35.835368" lon="139.048121">
<ele>887.000000</ele>
<time>2026-07-11T00:06:17Z</time>
<speed>0.876571</speed>
<trueHeading>0.000000</trueHeading>
<magneticHeading>0.000000</magneticHeading>
<gpsHeading>227.123489</gpsHeading>
<haccuracy>8.209000</haccuracy>
<vaccuracy>8.209000</vaccuracy>
<internetconnect>2</internetconnect>
</trkpt>
<trkpt lat="35.835085" lon="139.048072">
<ele>897.333333</ele>
<time>2026-07-11T00:07:50Z</time>
<speed>0.998327</speed>
<trueHeading>0.000000</trueHeading>
<magneticHeading>0.000000</magneticHeading>
<gpsHeading>187.990982</gpsHeading>
<haccuracy>4.706000</haccuracy>
<vaccuracy>4.706000</vaccuracy>
<internetconnect>2</internetconnect>
</trkpt>
<trkpt lat="35.834717" lon="139.047955">
<ele>905.333333</ele>
<time>2026-07-11T00:08:38Z</time>
<speed>0.657585</speed>
<trueHeading>0.000000</trueHeading>
<magneticHeading>0.000000</magneticHeading>
<gpsHeading>194.543900</gpsHeading>
<haccuracy>4.976000</haccuracy>
<vaccuracy>4.976000</vaccuracy>
<internetconnect>2</internetconnect>
</trkpt>
<trkpt lat="35.834487" lon="139.047746">
<ele>907.333333</ele>
<time>2026-07-11T00:09:45Z</time>
<speed>0.444759</speed>
<trueHeading>0.000000</trueHeading>
<magneticHeading>0.000000</magneticHeading>
<gpsHeading>216.308640</gpsHeading>
<haccuracy>5.605000</haccuracy>
<vaccuracy>5.605000</vaccuracy>
<internetconnect>2</internetconnect>
</trkpt>
<trkpt lat="35.834199" lon="139.047700">
<ele>908.000000</ele>
<time>2026-07-11T00:10:45Z</time>
<speed>1.296555</speed>
<trueHeading>0.000000</trueHeading>
<magneticHeading>0.000000</magneticHeading>
<gpsHeading>187.380646</gpsHeading>
<haccuracy>5.520000</haccuracy>
<vaccuracy>5.520000</vaccuracy>
<internetconnect>2</internetconnect>
</trkpt>
<trkpt lat="35.833879" lon="139.047494">
<ele>908.333333</ele>
<time>2026-07-11T00:11:33Z</time>
<speed>1.305443</speed>
<trueHeading>0.000000</trueHeading>
<magneticHeading>0.000000</magneticHeading>
<gpsHeading>207.548584</gpsHeading>
<haccuracy>5.078000</haccuracy>
<vaccuracy>5.078000</vaccuracy>
<internetconnect>2</internetconnect>
</trkpt>
<trkpt lat="35.833566" lon="139.047381">
<ele>914.666667</ele>
<time>2026-07-11T00:12:22Z</time>
<speed>1.014183</speed>
<trueHeading>0.000000</trueHeading>
<magneticHeading>0.000000</magneticHeading>
<gpsHeading>196.323990</gpsHeading>
<haccuracy>4.994000</haccuracy>
<vaccuracy>4.994000</vaccuracy>
<internetconnect>2</internetconnect>
</trkpt>
<trkpt lat="35.833440" lon="139.047053">
<ele>925.333333</ele>
<time>2026-07-11T00:13:39Z</time>
<speed>0.258865</speed>
<trueHeading>0.000000</trueHeading>
<magneticHeading>0.000000</magneticHeading>
<gpsHeading>244.549423</gpsHeading>
<haccuracy>5.002000</haccuracy>
<vaccuracy>5.002000</vaccuracy>
<internetconnect>2</internetconnect>
</trkpt>
<trkpt lat="35.833139" lon="139.046765">
<ele>937.000000</ele>
<time>2026-07-11T00:14:29Z</time>
<speed>0.442164</speed>
<trueHeading>0.000000</trueHeading>
<magneticHeading>0.000000</magneticHeading>
<gpsHeading>217.828735</gpsHeading>
<haccuracy>6.342000</haccuracy>
<vaccuracy>6.342000</vaccuracy>
<internetconnect>2</internetconnect>
</trkpt>
<trkpt lat="35.832953" lon="139.046509">
<ele>949.000000</ele>
<time>2026-07-11T00:15:26Z</time>
<speed>0.251923</speed>
<trueHeading>0.000000</trueHeading>
<magneticHeading>0.000000</magneticHeading>
<gpsHeading>228.080841</gpsHeading>
<haccuracy>5.256000</haccuracy>
<vaccuracy>5.256000</vaccuracy>
<internetconnect>2</internetconnect>
</trkpt>
<trkpt lat="35.832659" lon="139.046382">
<ele>962.000000</ele>
<time>2026-07-11T00:16:30Z</time>
<speed>0.980433</speed>
<trueHeading>0.000000</trueHeading>
<magneticHeading>0.000000</magneticHeading>
<gpsHeading>199.313065</gpsHeading>
<haccuracy>5.837000</haccuracy>
<vaccuracy>5.837000</vaccuracy>
<internetconnect>2</internetconnect>
</trkpt>
<trkpt lat="35.832416" lon="139.046209">
<ele>973.333333</ele>
<time>2026-07-11T00:17:25Z</time>
<speed>0.875168</speed>
<trueHeading>0.000000</trueHeading>
<magneticHeading>0.000000</magneticHeading>
<gpsHeading>210.076920</gpsHeading>
<haccuracy>6.435000</haccuracy>
<vaccuracy>6.435000</vaccuracy>
<internetconnect>2</internetconnect>
</trkpt>
<trkpt lat="35.832135" lon="139.046150">
<ele>985.666667</ele>
<time>2026-07-11T00:18:25Z</time>
<speed>1.026471</speed>
<trueHeading>0.000000</trueHeading>
<magneticHeading>0.000000</magneticHeading>
<gpsHeading>189.568146</gpsHeading>
<haccuracy>4.558000</haccuracy>
<vaccuracy>4.558000</vaccuracy>
<internetconnect>2</internetconnect>
</trkpt>
<trkpt lat="35.831898" lon="139.045927">
<ele>995.000000</ele>
<time>2026-07-11T00:19:22Z</time>
<speed>1.079903</speed>
<trueHeading>0.000000</trueHeading>
<magneticHeading>0.000000</magneticHeading>
<gpsHeading>217.303818</gpsHeading>
<haccuracy>6.574000</haccuracy>
<vaccuracy>6.574000</vaccuracy>
<internetconnect>2</internetconnect>
</trkpt>
<trkpt lat="35.831632" lon="139.045750">
<ele>1006.000000</ele>
<time>2026-07-11T00:20:11Z</time>
<speed>1.221554</speed>
<trueHeading>0.000000</trueHeading>
<magneticHeading>0.000000</magneticHeading>
<gpsHeading>208.318863</gpsHeading>
<haccuracy>5.089000</haccuracy>
<vaccuracy>5.089000</vaccuracy>
<internetconnect>2</internetconnect>
</trkpt>
<trkpt lat="35.831441" lon="139.045427">
<ele>1017.333333</ele>
<time>2026-07-11T00:20:58Z</time>
<speed>1.082917</speed>
<trueHeading>0.000000</trueHeading>
<magneticHeading>0.000000</magneticHeading>
<gpsHeading>233.979874</gpsHeading>
<haccuracy>4.960000</haccuracy>
<vaccuracy>4.960000</vaccuracy>
<internetconnect>2</internetconnect>
</trkpt>
<trkpt lat="35.831139" lon="139.045524">
<ele>1032.000000</ele>
<time>2026-07-11T00:23:04Z</time>
<speed>0.827770</speed>
<trueHeading>0.000000</trueHeading>
<magneticHeading>0.000000</magneticHeading>
<gpsHeading>165.437500</gpsHeading>
<haccuracy>5.079000</haccuracy>
<vaccuracy>5.079000</vaccuracy>
<internetconnect>2</internetconnect>
</trkpt>
<trkpt lat="35.830841" lon="139.045519">
<ele>1047.000000</ele>
<time>2026-07-11T00:23:53Z</time>
<speed>0.958512</speed>
<trueHeading>0.000000</trueHeading>
<magneticHeading>0.000000</magneticHeading>
<gpsHeading>180.810532</gpsHeading>
<haccuracy>4.467000</haccuracy>
<vaccuracy>4.467000</vaccuracy>
<internetconnect>2</internetconnect>
</trkpt>
<trkpt lat="35.830569" lon="139.045429">
<ele>1063.000000</ele>
<time>2026-07-11T00:25:09Z</time>
<speed>0.917766</speed>
<trueHeading>0.000000</trueHeading>
<magneticHeading>0.000000</magneticHeading>
<gpsHeading>195.000977</gpsHeading>
<haccuracy>4.579000</haccuracy>
<vaccuracy>4.579000</vaccuracy>
<internetconnect>2</internetconnect>
</trkpt>
<trkpt lat="35.830266" lon="139.045472">
<ele>1078.333333</ele>
<time>2026-07-11T00:26:18Z</time>
<speed>0.829958</speed>
<trueHeading>0.000000</trueHeading>
<magneticHeading>0.000000</magneticHeading>
<gpsHeading>173.347961</gpsHeading>
<haccuracy>5.208000</haccuracy>
<vaccuracy>5.208000</vaccuracy>
<internetconnect>2</internetconnect>
</trkpt>
<trkpt lat="35.829977" lon="139.045469">
<ele>1094.666667</ele>
<time>2026-07-11T00:27:34Z</time>
<speed>1.032864</speed>
<trueHeading>0.000000</trueHeading>
<magneticHeading>0.000000</magneticHeading>
<gpsHeading>180.467422</gpsHeading>
<haccuracy>6.042000</haccuracy>
<vaccuracy>6.042000</vaccuracy>
<internetconnect>2</internetconnect>
</trkpt>
<trkpt lat="35.829692" lon="139.045425">
<ele>1103.666667</ele>
<time>2026-07-11T00:28:46Z</time>
<speed>0.939818</speed>
<trueHeading>0.000000</trueHeading>
<magneticHeading>0.000000</magneticHeading>
<gpsHeading>187.263855</gpsHeading>
<haccuracy>6.796000</haccuracy>
<vaccuracy>6.796000</vaccuracy>
<internetconnect>2</internetconnect>
</trkpt>
<trkpt lat="35.829760" lon="139.045433">
<ele>1108.333333</ele>
<time>2026-07-11T00:31:17Z</time>
<speed>0.288337</speed>
<trueHeading>0.000000</trueHeading>
<magneticHeading>0.000000</magneticHeading>
<gpsHeading>6.030819</gpsHeading>
<haccuracy>8.303000</haccuracy>
<vaccuracy>8.303000</vaccuracy>
<internetconnect>2</internetconnect>
</trkpt>
<trkpt lat="35.829752" lon="139.045421">
<ele>1107.000000</ele>
<time>2026-07-11T00:33:18Z</time>
<speed>0.469825</speed>
<trueHeading>0.000000</trueHeading>
<magneticHeading>0.000000</magneticHeading>
<gpsHeading>232.372025</gpsHeading>
<haccuracy>7.566000</haccuracy>
<vaccuracy>7.566000</vaccuracy>
<internetconnect>2</internetconnect>
</trkpt>
<trkpt lat="35.829753" lon="139.045410">
<ele>1106.000000</ele>
<time>2026-07-11T00:44:05Z</time>
<speed>0.102048</speed>
<trueHeading>0.000000</trueHeading>
<magneticHeading>0.000000</magneticHeading>
<gpsHeading>274.447662</gpsHeading>
<haccuracy>3.004000</haccuracy>
<vaccuracy>3.004000</vaccuracy>
<internetconnect>2</internetconnect>
</trkpt>
<trkpt lat="35.829850" lon="139.045193">
<ele>1110.666667</ele>
<time>2026-07-11T00:46:08Z</time>
<speed>0.173031</speed>
<trueHeading>0.000000</trueHeading>
<magneticHeading>0.000000</magneticHeading>
<gpsHeading>298.819763</gpsHeading>
<haccuracy>4.400000</haccuracy>
<vaccuracy>4.400000</vaccuracy>
<internetconnect>2</internetconnect>
</trkpt>
<trkpt lat="35.829641" lon="139.045140">
<ele>1113.000000</ele>
<time>2026-07-11T00:48:09Z</time>
<speed>0.068963</speed>
<trueHeading>0.000000</trueHeading>
<magneticHeading>0.000000</magneticHeading>
<gpsHeading>191.597015</gpsHeading>
<haccuracy>4.067000</haccuracy>
<vaccuracy>4.067000</vaccuracy>
<internetconnect>2</internetconnect>
</trkpt>
<trkpt lat="35.829566" lon="139.044793">
<ele>1110.666667</ele>
<time>2026-07-11T00:49:57Z</time>
<speed>0.121100</speed>
<trueHeading>0.000000</trueHeading>
<magneticHeading>0.000000</magneticHeading>
<gpsHeading>255.067200</gpsHeading>
<haccuracy>4.290000</haccuracy>
<vaccuracy>4.290000</vaccuracy>
<internetconnect>2</internetconnect>
</trkpt>
<trkpt lat="35.829604" lon="139.044515">
<ele>1103.666667</ele>
<time>2026-07-11T00:52:18Z</time>
<speed>0.038604</speed>
<trueHeading>0.000000</trueHeading>
<magneticHeading>0.000000</magneticHeading>
<gpsHeading>279.418121</gpsHeading>
<haccuracy>4.795000</haccuracy>
<vaccuracy>4.795000</vaccuracy>
<internetconnect>2</internetconnect>
</trkpt>
<trkpt lat="35.829495" lon="139.044398">
<ele>1095.333333</ele>
<time>2026-07-11T00:54:25Z</time>
<speed>0.107488</speed>
<trueHeading>0.000000</trueHeading>
<magneticHeading>0.000000</magneticHeading>
<gpsHeading>221.311813</gpsHeading>
<haccuracy>3.841000</haccuracy>
<vaccuracy>3.841000</vaccuracy>
<internetconnect>2</internetconnect>
</trkpt>
<trkpt lat="35.829382" lon="139.044060">
<ele>1094.333333</ele>
<time>2026-07-11T00:55:28Z</time>
<speed>0.450000</speed>
<trueHeading>0.000000</trueHeading>
<magneticHeading>0.000000</magneticHeading>
<gpsHeading>247.567200</gpsHeading>
<haccuracy>7.390000</haccuracy>
<vaccuracy>7.390000</vaccuracy>
<internetconnect>2</internetconnect>
</trkpt>
<trkpt lat="35.829335" lon="139.043987">
<ele>1097.666667</ele>
<time>2026-07-11T00:59:49Z</time>
<speed>0.000000</speed>
<trueHeading>0.000000</trueHeading>
<magneticHeading>0.000000</magneticHeading>
<gpsHeading>231.698944</gpsHeading>
<haccuracy>10.211000</haccuracy>
<vaccuracy>10.211000</vaccuracy>
<internetconnect>2</internetconnect>
</trkpt>
<trkpt lat="35.829225" lon="139.043923">
<ele>1104.000000</ele>
<time>2026-07-11T01:02:44Z</time>
<speed>0.000000</speed>
<trueHeading>0.000000</trueHeading>
<magneticHeading>0.000000</magneticHeading>
<gpsHeading>205.343277</gpsHeading>
<haccuracy>10.150000</haccuracy>
<vaccuracy>10.150000</vaccuracy>
<internetconnect>2</internetconnect>
</trkpt>
<trkpt lat="35.829208" lon="139.043830">
<ele>1105.666667</ele>
<time>2026-07-11T01:04:57Z</time>
<speed>0.000000</speed>
<trueHeading>0.000000</trueHeading>
<magneticHeading>0.000000</magneticHeading>
<gpsHeading>256.824005</gpsHeading>
<haccuracy>10.578000</haccuracy>
<vaccuracy>10.578000</vaccuracy>
<internetconnect>2</internetconnect>
</trkpt>
<trkpt lat="35.829133" lon="139.043483">
<ele>1100.000000</ele>
<time>2026-07-11T01:06:59Z</time>
<speed>0.710000</speed>
<trueHeading>0.000000</trueHeading>
<magneticHeading>0.000000</magneticHeading>
<gpsHeading>255.204727</gpsHeading>
<haccuracy>11.220000</haccuracy>
<vaccuracy>11.220000</vaccuracy>
<internetconnect>2</internetconnect>
</trkpt>
<trkpt lat="35.829095" lon="139.043303">
<ele>1097.000000</ele>
<time>2026-07-11T01:09:06Z</time>
<speed>0.250000</speed>
<trueHeading>0.000000</trueHeading>
<magneticHeading>0.000000</magneticHeading>
<gpsHeading>255.360596</gpsHeading>
<haccuracy>4.127000</haccuracy>
<vaccuracy>4.127000</vaccuracy>
<internetconnect>2</internetconnect>
</trkpt>
<trkpt lat="35.829051" lon="139.042947">
<ele>1093.333333</ele>
<time>2026-07-11T01:10:42Z</time>
<speed>0.000000</speed>
<trueHeading>0.000000</trueHeading>
<magneticHeading>0.000000</magneticHeading>
<gpsHeading>261.259705</gpsHeading>
<haccuracy>10.301000</haccuracy>
<vaccuracy>10.301000</vaccuracy>
<internetconnect>2</internetconnect>
</trkpt>
<trkpt lat="35.829105" lon="139.042577">
<ele>1093.333333</ele>
<time>2026-07-11T01:12:32Z</time>
<speed>0.000000</speed>
<trueHeading>0.000000</trueHeading>
<magneticHeading>0.000000</magneticHeading>
<gpsHeading>280.246948</gpsHeading>
<haccuracy>10.613000</haccuracy>
<vaccuracy>10.613000</vaccuracy>
<internetconnect>2</internetconnect>
</trkpt>
<trkpt lat="35.829071" lon="139.042492">
<ele>1081.333333</ele>
<time>2026-07-11T01:16:14Z</time>
<speed>0.000000</speed>
<trueHeading>0.000000</trueHeading>
<magneticHeading>0.000000</magneticHeading>
<gpsHeading>243.539856</gpsHeading>
<haccuracy>10.875000</haccuracy>
<vaccuracy>10.875000</vaccuracy>
<internetconnect>2</internetconnect>
</trkpt>
<trkpt lat="35.829215" lon="139.042130">
<ele>1080.333333</ele>
<time>2026-07-11T01:17:28Z</time>
<speed>2.480000</speed>
<trueHeading>0.000000</trueHeading>
<magneticHeading>0.000000</magneticHeading>
<gpsHeading>296.037048</gpsHeading>
<haccuracy>9.072000</haccuracy>
<vaccuracy>9.072000</vaccuracy>
<internetconnect>2</internetconnect>
</trkpt>
<trkpt lat="35.828892" lon="139.042135">
<ele>1074.000000</ele>
<time>2026-07-11T01:19:15Z</time>
<speed>1.710000</speed>
<trueHeading>0.000000</trueHeading>
<magneticHeading>0.000000</magneticHeading>
<gpsHeading>179.164871</gpsHeading>
<haccuracy>12.438000</haccuracy>
<vaccuracy>12.438000</vaccuracy>
<internetconnect>2</internetconnect>
</trkpt>
<trkpt lat="35.828807" lon="139.041802">
<ele>1080.000000</ele>
<time>2026-07-11T01:20:49Z</time>
<speed>0.000000</speed>
<trueHeading>0.000000</trueHeading>
<magneticHeading>0.000000</magneticHeading>
<gpsHeading>252.611755</gpsHeading>
<haccuracy>10.227000</haccuracy>
<vaccuracy>10.227000</vaccuracy>
<internetconnect>2</internetconnect>
</trkpt>
<trkpt lat="35.828650" lon="139.041713">
<ele>1078.666667</ele>
<time>2026-07-11T01:22:51Z</time>
<speed>1.040000</speed>
<trueHeading>0.000000</trueHeading>
<magneticHeading>0.000000</magneticHeading>
<gpsHeading>204.495880</gpsHeading>
<haccuracy>9.268000</haccuracy>
<vaccuracy>9.268000</vaccuracy>
<internetconnect>2</internetconnect>
</trkpt>
<trkpt lat="35.828657" lon="139.041739">
<ele>1082.000000</ele>
<time>2026-07-11T01:24:53Z</time>
<speed>0.000000</speed>
<trueHeading>0.000000</trueHeading>
<magneticHeading>0.000000</magneticHeading>
<gpsHeading>70.692528</gpsHeading>
<haccuracy>8.899000</haccuracy>
<vaccuracy>8.899000</vaccuracy>
<internetconnect>2</internetconnect>
</trkpt>
<trkpt lat="35.828599" lon="139.041598">
<ele>1082.000000</ele>
<time>2026-07-11T01:26:36Z</time>
<speed>2.110000</speed>
<trueHeading>0.000000</trueHeading>
<magneticHeading>0.000000</magneticHeading>
<gpsHeading>0.000000</gpsHeading>
<haccuracy>17.234076</haccuracy>
<vaccuracy>17.234076</vaccuracy>
<internetconnect>2</internetconnect>
</trkpt>
<trkpt lat="35.828648" lon="139.041750">
<ele>1080.333333</ele>
<time>2026-07-11T01:28:45Z</time>
<speed>0.000000</speed>
<trueHeading>0.000000</trueHeading>
<magneticHeading>0.000000</magneticHeading>
<gpsHeading>68.356873</gpsHeading>
<haccuracy>10.796000</haccuracy>
<vaccuracy>10.796000</vaccuracy>
<internetconnect>2</internetconnect>
</trkpt>
<trkpt lat="35.828642" lon="139.041513">
<ele>1069.666667</ele>
<time>2026-07-11T01:32:35Z</time>
<speed>0.760000</speed>
<trueHeading>0.000000</trueHeading>
<magneticHeading>0.000000</magneticHeading>
<gpsHeading>268.288879</gpsHeading>
<haccuracy>11.001431</haccuracy>
<vaccuracy>11.001431</vaccuracy>
<internetconnect>2</internetconnect>
</trkpt>
<trkpt lat="35.828828" lon="139.041289">
<ele>1058.333333</ele>
<time>2026-07-11T01:36:39Z</time>
<speed>0.380000</speed>
<trueHeading>0.000000</trueHeading>
<magneticHeading>0.000000</magneticHeading>
<gpsHeading>315.703644</gpsHeading>
<haccuracy>10.401963</haccuracy>
<vaccuracy>10.401963</vaccuracy>
<internetconnect>2</internetconnect>
</trkpt>
<trkpt lat="35.828995" lon="139.041146">
<ele>1049.333333</ele>
<time>2026-07-11T01:38:42Z</time>
<speed>0.200000</speed>
<trueHeading>0.000000</trueHeading>
<magneticHeading>0.000000</magneticHeading>
<gpsHeading>325.293304</gpsHeading>
<haccuracy>11.122868</haccuracy>
<vaccuracy>11.122868</vaccuracy>
<internetconnect>2</internetconnect>
</trkpt>
<trkpt lat="35.828863" lon="139.041051">
<ele>1049.666667</ele>
<time>2026-07-11T01:40:45Z</time>
<speed>0.830000</speed>
<trueHeading>0.000000</trueHeading>
<magneticHeading>0.000000</magneticHeading>
<gpsHeading>210.499588</gpsHeading>
<haccuracy>10.102564</haccuracy>
<vaccuracy>10.102564</vaccuracy>
<internetconnect>2</internetconnect>
</trkpt>
<trkpt lat="35.828780" lon="139.041007">
<ele>1051.666667</ele>
<time>2026-07-11T01:43:14Z</time>
<speed>0.000000</speed>
<trueHeading>0.000000</trueHeading>
<magneticHeading>0.000000</magneticHeading>
<gpsHeading>203.122864</gpsHeading>
<haccuracy>10.280440</haccuracy>
<vaccuracy>10.280440</vaccuracy>
<internetconnect>2</internetconnect>
</trkpt>
<trkpt lat="35.828893" lon="139.040942">
<ele>1052.666667</ele>
<time>2026-07-11T01:45:20Z</time>
<speed>0.233097</speed>
<trueHeading>0.000000</trueHeading>
<magneticHeading>0.000000</magneticHeading>
<gpsHeading>335.042206</gpsHeading>
<haccuracy>5.792000</haccuracy>
<vaccuracy>5.792000</vaccuracy>
<internetconnect>2</internetconnect>
</trkpt>
<trkpt lat="35.828854" lon="139.040980">
<ele>1052.333333</ele>
<time>2026-07-11T01:47:23Z</time>
<speed>0.000000</speed>
<trueHeading>0.000000</trueHeading>
<magneticHeading>0.000000</magneticHeading>
<gpsHeading>141.506836</gpsHeading>
<haccuracy>10.983109</haccuracy>
<vaccuracy>10.983109</vaccuracy>
<internetconnect>2</internetconnect>
</trkpt>
<trkpt lat="35.828819" lon="139.040936">
<ele>1052.666667</ele>
<time>2026-07-11T01:49:29Z</time>
<speed>0.000000</speed>
<trueHeading>0.000000</trueHeading>
<magneticHeading>0.000000</magneticHeading>
<gpsHeading>225.703537</gpsHeading>
<haccuracy>10.302165</haccuracy>
<vaccuracy>10.302165</vaccuracy>
<internetconnect>2</internetconnect>
</trkpt>
<trkpt lat="35.828788" lon="139.040925">
<ele>1054.333333</ele>
<time>2026-07-11T01:52:13Z</time>
<speed>0.018248</speed>
<trueHeading>0.000000</trueHeading>
<magneticHeading>0.000000</magneticHeading>
<gpsHeading>196.560867</gpsHeading>
<haccuracy>8.450000</haccuracy>
<vaccuracy>8.450000</vaccuracy>
<internetconnect>2</internetconnect>
</trkpt>
<trkpt lat="35.828793" lon="139.040803">
<ele>1056.333333</ele>
<time>2026-07-11T01:54:17Z</time>
<speed>0.000000</speed>
<trueHeading>0.000000</trueHeading>
<magneticHeading>0.000000</magneticHeading>
<gpsHeading>272.565613</gpsHeading>
<haccuracy>4.473650</haccuracy>
<vaccuracy>4.473650</vaccuracy>
<internetconnect>2</internetconnect>
</trkpt>
<trkpt lat="35.828686" lon="139.040683">
<ele>1061.333333</ele>
<time>2026-07-11T01:56:20Z</time>
<speed>0.340000</speed>
<trueHeading>0.000000</trueHeading>
<magneticHeading>0.000000</magneticHeading>
<gpsHeading>222.385361</gpsHeading>
<haccuracy>11.258980</haccuracy>
<vaccuracy>11.258980</vaccuracy>
<internetconnect>2</internetconnect>
</trkpt>
<trkpt lat="35.828693" lon="139.040397">
<ele>1069.000000</ele>
<time>2026-07-11T01:58:38Z</time>
<speed>0.400000</speed>
<trueHeading>0.000000</trueHeading>
<magneticHeading>0.000000</magneticHeading>
<gpsHeading>271.654144</gpsHeading>
<haccuracy>10.860251</haccuracy>
<vaccuracy>10.860251</vaccuracy>
<internetconnect>2</internetconnect>
</trkpt>
<trkpt lat="35.828794" lon="139.040064">
<ele>1080.000000</ele>
<time>2026-07-11T02:00:03Z</time>
<speed>0.619155</speed>
<trueHeading>0.000000</trueHeading>
<magneticHeading>0.000000</magneticHeading>
<gpsHeading>290.645020</gpsHeading>
<haccuracy>6.448000</haccuracy>
<vaccuracy>6.448000</vaccuracy>
<internetconnect>2</internetconnect>
</trkpt>
<trkpt lat="35.828778" lon="139.039711">
<ele>1089.333333</ele>
<time>2026-07-11T02:01:42Z</time>
<speed>0.740000</speed>
<trueHeading>0.000000</trueHeading>
<magneticHeading>0.000000</magneticHeading>
<gpsHeading>266.628540</gpsHeading>
<haccuracy>11.738830</haccuracy>
<vaccuracy>11.738830</vaccuracy>
<internetconnect>2</internetconnect>
</trkpt>
<trkpt lat="35.828723" lon="139.039559">
<ele>1098.333333</ele>
<time>2026-07-11T02:03:56Z</time>
<speed>0.019067</speed>
<trueHeading>0.000000</trueHeading>
<magneticHeading>0.000000</magneticHeading>
<gpsHeading>246.248291</gpsHeading>
<haccuracy>6.393000</haccuracy>
<vaccuracy>6.393000</vaccuracy>
<internetconnect>2</internetconnect>
</trkpt>
<trkpt lat="35.828769" lon="139.039405">
<ele>1104.666667</ele>
<time>2026-07-11T02:05:58Z</time>
<speed>0.580000</speed>
<trueHeading>0.000000</trueHeading>
<magneticHeading>0.000000</magneticHeading>
<gpsHeading>290.124023</gpsHeading>
<haccuracy>11.896130</haccuracy>
<vaccuracy>11.896130</vaccuracy>
<internetconnect>2</internetconnect>
</trkpt>
<trkpt lat="35.829060" lon="139.039511">
<ele>1109.666667</ele>
<time>2026-07-11T02:07:51Z</time>
<speed>0.250000</speed>
<trueHeading>0.000000</trueHeading>
<magneticHeading>0.000000</magneticHeading>
<gpsHeading>16.355286</gpsHeading>
<haccuracy>11.244182</haccuracy>
<vaccuracy>11.244182</vaccuracy>
<internetconnect>2</internetconnect>
</trkpt>
<trkpt lat="35.829132" lon="139.039525">
<ele>1111.000000</ele>
<time>2026-07-11T02:10:28Z</time>
<speed>0.000000</speed>
<trueHeading>0.000000</trueHeading>
<magneticHeading>0.000000</magneticHeading>
<gpsHeading>9.103556</gpsHeading>
<haccuracy>5.068459</haccuracy>
<vaccuracy>5.068459</vaccuracy>
<internetconnect>2</internetconnect>
</trkpt>
<trkpt lat="35.829186" lon="139.039828">
<ele>1114.666667</ele>
<time>2026-07-11T02:13:26Z</time>
<speed>0.260000</speed>
<trueHeading>0.000000</trueHeading>
<magneticHeading>0.000000</magneticHeading>
<gpsHeading>77.465286</gpsHeading>
<haccuracy>10.532483</haccuracy>
<vaccuracy>10.532483</vaccuracy>
<internetconnect>2</internetconnect>
</trkpt>
<trkpt lat="35.829303" lon="139.040188">
<ele>1113.666667</ele>
<time>2026-07-11T02:14:26Z</time>
<speed>0.670000</speed>
<trueHeading>0.000000</trueHeading>
<magneticHeading>0.000000</magneticHeading>
<gpsHeading>68.220360</gpsHeading>
<haccuracy>10.401994</haccuracy>
<vaccuracy>10.401994</vaccuracy>
<internetconnect>2</internetconnect>
</trkpt>
<trkpt lat="35.829207" lon="139.040236">
<ele>1115.666667</ele>
<time>2026-07-11T02:16:32Z</time>
<speed>0.160000</speed>
<trueHeading>0.000000</trueHeading>
<magneticHeading>0.000000</magneticHeading>
<gpsHeading>158.081207</gpsHeading>
<haccuracy>9.935046</haccuracy>
<vaccuracy>9.935046</vaccuracy>
<internetconnect>2</internetconnect>
</trkpt>
<trkpt lat="35.829275" lon="139.040229">
<ele>1114.333333</ele>
<time>2026-07-11T02:18:33Z</time>
<speed>0.000000</speed>
<trueHeading>0.000000</trueHeading>
<magneticHeading>0.000000</magneticHeading>
<gpsHeading>355.565796</gpsHeading>
<haccuracy>9.935046</haccuracy>
<vaccuracy>9.935046</vaccuracy>
<internetconnect>2</internetconnect>
</trkpt>
<trkpt lat="35.829258" lon="139.040236">
<ele>1117.000000</ele>
<time>2026-07-11T02:20:55Z</time>
<speed>0.000000</speed>
<trueHeading>0.000000</trueHeading>
<magneticHeading>0.000000</magneticHeading>
<gpsHeading>162.416077</gpsHeading>
<haccuracy>10.137780</haccuracy>
<vaccuracy>10.137780</vaccuracy>
<internetconnect>2</internetconnect>
</trkpt>
<trkpt lat="35.829250" lon="139.040243">
<ele>1117.000000</ele>
<time>2026-07-11T02:23:11Z</time>
<speed>0.000000</speed>
<trueHeading>0.000000</trueHeading>
<magneticHeading>0.000000</magneticHeading>
<gpsHeading>143.346573</gpsHeading>
<haccuracy>9.935046</haccuracy>
<vaccuracy>9.935046</vaccuracy>
<internetconnect>2</internetconnect>
</trkpt>
<trkpt lat="35.829239" lon="139.040246">
<ele>1117.000000</ele>
<time>2026-07-11T02:25:21Z</time>
<speed>0.677465</speed>
<trueHeading>0.000000</trueHeading>
<magneticHeading>0.000000</magneticHeading>
<gpsHeading>170.684158</gpsHeading>
<haccuracy>8.295000</haccuracy>
<vaccuracy>8.295000</vaccuracy>
<internetconnect>2</internetconnect>
</trkpt>
<trkpt lat="35.829276" lon="139.040289">
<ele>1118.333333</ele>
<time>2026-07-11T02:27:24Z</time>
<speed>0.470000</speed>
<trueHeading>0.000000</trueHeading>
<magneticHeading>0.000000</magneticHeading>
<gpsHeading>43.034081</gpsHeading>
<haccuracy>10.309900</haccuracy>
<vaccuracy>10.309900</vaccuracy>
<internetconnect>2</internetconnect>
</trkpt>
<trkpt lat="35.829318" lon="139.040180">
<ele>1119.666667</ele>
<time>2026-07-11T02:29:27Z</time>
<speed>0.105335</speed>
<trueHeading>0.000000</trueHeading>
<magneticHeading>0.000000</magneticHeading>
<gpsHeading>295.359070</gpsHeading>
<haccuracy>8.738000</haccuracy>
<vaccuracy>8.738000</vaccuracy>
<internetconnect>2</internetconnect>
</trkpt>
<trkpt lat="35.829316" lon="139.040267">
<ele>1121.000000</ele>
<time>2026-07-11T02:31:29Z</time>
<speed>0.280000</speed>
<trueHeading>0.000000</trueHeading>
<magneticHeading>0.000000</magneticHeading>
<gpsHeading>91.799522</gpsHeading>
<haccuracy>9.935046</haccuracy>
<vaccuracy>9.935046</vaccuracy>
<internetconnect>2</internetconnect>
</trkpt>
<trkpt lat="35.829301" lon="139.040273">
<ele>1122.666667</ele>
<time>2026-07-11T02:34:03Z</time>
<speed>0.000000</speed>
<trueHeading>0.000000</trueHeading>
<magneticHeading>0.000000</magneticHeading>
<gpsHeading>160.478760</gpsHeading>
<haccuracy>10.707066</haccuracy>
<vaccuracy>10.707066</vaccuracy>
<internetconnect>2</internetconnect>
</trkpt>
<trkpt lat="35.829374" lon="139.040165">
<ele>1122.666667</ele>
<time>2026-07-11T02:36:11Z</time>
<speed>0.127530</speed>
<trueHeading>0.000000</trueHeading>
<magneticHeading>0.000000</magneticHeading>
<gpsHeading>309.625854</gpsHeading>
<haccuracy>3.229000</haccuracy>
<vaccuracy>3.229000</vaccuracy>
<internetconnect>2</internetconnect>
</trkpt>
<trkpt lat="35.829693" lon="139.040281">
<ele>1121.000000</ele>
<time>2026-07-11T02:37:48Z</time>
<speed>0.440000</speed>
<trueHeading>0.000000</trueHeading>
<magneticHeading>0.000000</magneticHeading>
<gpsHeading>16.441307</gpsHeading>
<haccuracy>11.188363</haccuracy>
<vaccuracy>11.188363</vaccuracy>
<internetconnect>2</internetconnect>
</trkpt>
<trkpt lat="35.829882" lon="139.040329">
<ele>1116.333333</ele>
<time>2026-07-11T02:39:55Z</time>
<speed>0.000000</speed>
<trueHeading>0.000000</trueHeading>
<magneticHeading>0.000000</magneticHeading>
<gpsHeading>11.810863</gpsHeading>
<haccuracy>11.256333</haccuracy>
<vaccuracy>11.256333</vaccuracy>
<internetconnect>2</internetconnect>
</trkpt>
<trkpt lat="35.830086" lon="139.040607">
<ele>1112.000000</ele>
<time>2026-07-11T02:41:32Z</time>
<speed>0.000000</speed>
<trueHeading>0.000000</trueHeading>
<magneticHeading>0.000000</magneticHeading>
<gpsHeading>47.787678</gpsHeading>
<haccuracy>10.845028</haccuracy>
<vaccuracy>10.845028</vaccuracy>
<internetconnect>2</internetconnect>
</trkpt>
<trkpt lat="35.830130" lon="139.040674">
<ele>1114.333333</ele>
<time>2026-07-11T02:43:49Z</time>
<speed>0.000000</speed>
<trueHeading>0.000000</trueHeading>
<magneticHeading>0.000000</magneticHeading>
<gpsHeading>50.995018</gpsHeading>
<haccuracy>11.480322</haccuracy>
<vaccuracy>11.480322</vaccuracy>
<internetconnect>2</internetconnect>
</trkpt>
<trkpt lat="35.830317" lon="139.040725">
<ele>1120.000000</ele>
<time>2026-07-11T02:47:24Z</time>
<speed>0.000000</speed>
<trueHeading>0.000000</trueHeading>
<magneticHeading>0.000000</magneticHeading>
<gpsHeading>12.293221</gpsHeading>
<haccuracy>12.007663</haccuracy>
<vaccuracy>12.007663</vaccuracy>
<internetconnect>2</internetconnect>
</trkpt>
<trkpt lat="35.830602" lon="139.040764">
<ele>1129.333333</ele>
<time>2026-07-11T02:48:20Z</time>
<speed>2.240000</speed>
<trueHeading>0.000000</trueHeading>
<magneticHeading>0.000000</magneticHeading>
<gpsHeading>6.321766</gpsHeading>
<haccuracy>10.648641</haccuracy>
<vaccuracy>10.648641</vaccuracy>
<internetconnect>2</internetconnect>
</trkpt>
<trkpt lat="35.830861" lon="139.040896">
<ele>1132.000000</ele>
<time>2026-07-11T02:50:19Z</time>
<speed>0.000000</speed>
<trueHeading>0.000000</trueHeading>
<magneticHeading>0.000000</magneticHeading>
<gpsHeading>22.459854</gpsHeading>
<haccuracy>11.236846</haccuracy>
<vaccuracy>11.236846</vaccuracy>
<internetconnect>2</internetconnect>
</trkpt>
<trkpt lat="35.830996" lon="139.040915">
<ele>1133.000000</ele>
<time>2026-07-11T02:52:36Z</time>
<speed>0.390000</speed>
<trueHeading>0.000000</trueHeading>
<magneticHeading>0.000000</magneticHeading>
<gpsHeading>6.715625</gpsHeading>
<haccuracy>10.527985</haccuracy>
<vaccuracy>10.527985</vaccuracy>
<internetconnect>2</internetconnect>
</trkpt>
<trkpt lat="35.831267" lon="139.040993">
<ele>1131.666667</ele>
<time>2026-07-11T02:53:56Z</time>
<speed>0.270000</speed>
<trueHeading>0.000000</trueHeading>
<magneticHeading>0.000000</magneticHeading>
<gpsHeading>13.124156</gpsHeading>
<haccuracy>10.823094</haccuracy>
<vaccuracy>10.823094</vaccuracy>
<internetconnect>2</internetconnect>
</trkpt>
<trkpt lat="35.831546" lon="139.040991">
<ele>1134.333333</ele>
<time>2026-07-11T02:56:00Z</time>
<speed>1.560000</speed>
<trueHeading>0.000000</trueHeading>
<magneticHeading>0.000000</magneticHeading>
<gpsHeading>359.686340</gpsHeading>
<haccuracy>10.505484</haccuracy>
<vaccuracy>10.505484</vaccuracy>
<internetconnect>2</internetconnect>
</trkpt>
<trkpt lat="35.831700" lon="139.040827">
<ele>1130.000000</ele>
<time>2026-07-11T02:58:05Z</time>
<speed>0.000000</speed>
<trueHeading>0.000000</trueHeading>
<magneticHeading>0.000000</magneticHeading>
<gpsHeading>319.194977</gpsHeading>
<haccuracy>4.078444</haccuracy>
<vaccuracy>4.078444</vaccuracy>
<internetconnect>2</internetconnect>
</trkpt>
<trkpt lat="35.831968" lon="139.040999">
<ele>1127.333333</ele>
<time>2026-07-11T03:00:09Z</time>
<speed>0.180000</speed>
<trueHeading>0.000000</trueHeading>
<magneticHeading>0.000000</magneticHeading>
<gpsHeading>27.362574</gpsHeading>
<haccuracy>10.757863</haccuracy>
<vaccuracy>10.757863</vaccuracy>
<internetconnect>2</internetconnect>
</trkpt>
<trkpt lat="35.831959" lon="139.040982">
<ele>1128.000000</ele>
<time>2026-07-11T03:02:12Z</time>
<speed>0.640000</speed>
<trueHeading>0.000000</trueHeading>
<magneticHeading>0.000000</magneticHeading>
<gpsHeading>234.485397</gpsHeading>
<haccuracy>10.165030</haccuracy>
<vaccuracy>10.165030</vaccuracy>
<internetconnect>2</internetconnect>
</trkpt>
<trkpt lat="35.831706" lon="139.040768">
<ele>1137.333333</ele>
<time>2026-07-11T03:03:47Z</time>
<speed>0.870000</speed>
<trueHeading>0.000000</trueHeading>
<magneticHeading>0.000000</magneticHeading>
<gpsHeading>214.468491</gpsHeading>
<haccuracy>9.935046</haccuracy>
<vaccuracy>9.935046</vaccuracy>
<internetconnect>2</internetconnect>
</trkpt>
<trkpt lat="35.831439" lon="139.040656">
<ele>1148.333333</ele>
<time>2026-07-11T03:04:55Z</time>
<speed>0.906856</speed>
<trueHeading>0.000000</trueHeading>
<magneticHeading>0.000000</magneticHeading>
<gpsHeading>198.812225</gpsHeading>
<haccuracy>5.516000</haccuracy>
<vaccuracy>5.516000</vaccuracy>
<internetconnect>2</internetconnect>
</trkpt>
<trkpt lat="35.831178" lon="139.040475">
<ele>1159.000000</ele>
<time>2026-07-11T03:06:56Z</time>
<speed>0.780000</speed>
<trueHeading>0.000000</trueHeading>
<magneticHeading>0.000000</magneticHeading>
<gpsHeading>209.403259</gpsHeading>
<haccuracy>10.186014</haccuracy>
<vaccuracy>10.186014</vaccuracy>
<internetconnect>2</internetconnect>
</trkpt>
<trkpt lat="35.830971" lon="139.040194">
<ele>1170.666667</ele>
<time>2026-07-11T03:08:36Z</time>
<speed>0.400000</speed>
<trueHeading>0.000000</trueHeading>
<magneticHeading>0.000000</magneticHeading>
<gpsHeading>227.698486</gpsHeading>
<haccuracy>10.321030</haccuracy>
<vaccuracy>10.321030</vaccuracy>
<internetconnect>2</internetconnect>
</trkpt>
<trkpt lat="35.830881" lon="139.039858">
<ele>1181.333333</ele>
<time>2026-07-11T03:10:04Z</time>
<speed>0.747774</speed>
<trueHeading>0.000000</trueHeading>
<magneticHeading>0.000000</magneticHeading>
<gpsHeading>251.770950</gpsHeading>
<haccuracy>3.020000</haccuracy>
<vaccuracy>3.020000</vaccuracy>
<internetconnect>2</internetconnect>
</trkpt>
<trkpt lat="35.830846" lon="139.039498">
<ele>1191.333333</ele>
<time>2026-07-11T03:11:37Z</time>
<speed>0.440000</speed>
<trueHeading>0.000000</trueHeading>
<magneticHeading>0.000000</magneticHeading>
<gpsHeading>263.078674</gpsHeading>
<haccuracy>10.320127</haccuracy>
<vaccuracy>10.320127</vaccuracy>
<internetconnect>2</internetconnect>
</trkpt>
<trkpt lat="35.830854" lon="139.039127">
<ele>1201.333333</ele>
<time>2026-07-11T03:13:12Z</time>
<speed>0.560000</speed>
<trueHeading>0.000000</trueHeading>
<magneticHeading>0.000000</magneticHeading>
<gpsHeading>271.448212</gpsHeading>
<haccuracy>10.402442</haccuracy>
<vaccuracy>10.402442</vaccuracy>
<internetconnect>2</internetconnect>
</trkpt>
<trkpt lat="35.830899" lon="139.038820">
<ele>1205.000000</ele>
<time>2026-07-11T03:15:14Z</time>
<speed>0.060984</speed>
<trueHeading>0.000000</trueHeading>
<magneticHeading>0.000000</magneticHeading>
<gpsHeading>280.270691</gpsHeading>
<haccuracy>4.118000</haccuracy>
<vaccuracy>4.118000</vaccuracy>
<internetconnect>2</internetconnect>
</trkpt>
<trkpt lat="35.831045" lon="139.038523">
<ele>1206.000000</ele>
<time>2026-07-11T03:16:24Z</time>
<speed>0.000000</speed>
<trueHeading>0.000000</trueHeading>
<magneticHeading>0.000000</magneticHeading>
<gpsHeading>301.305664</gpsHeading>
<haccuracy>10.457183</haccuracy>
<vaccuracy>10.457183</vaccuracy>
<internetconnect>2</internetconnect>
</trkpt>
<trkpt lat="35.831038" lon="139.038496">
<ele>1204.000000</ele>
<time>2026-07-11T03:19:46Z</time>
<speed>0.000000</speed>
<trueHeading>0.000000</trueHeading>
<magneticHeading>0.000000</magneticHeading>
<gpsHeading>253.452774</gpsHeading>
<haccuracy>10.299390</haccuracy>
<vaccuracy>10.299390</vaccuracy>
<internetconnect>2</internetconnect>
</trkpt>
<trkpt lat="35.831033" lon="139.038487">
<ele>1207.333333</ele>
<time>2026-07-11T03:22:56Z</time>
<speed>0.000000</speed>
<trueHeading>0.000000</trueHeading>
<magneticHeading>0.000000</magneticHeading>
<gpsHeading>232.638748</gpsHeading>
<haccuracy>10.574222</haccuracy>
<vaccuracy>10.574222</vaccuracy>
<internetconnect>2</internetconnect>
</trkpt>
<trkpt lat="35.830969" lon="139.038129">
<ele>1208.333333</ele>
<time>2026-07-11T03:23:59Z</time>
<speed>0.390000</speed>
<trueHeading>0.000000</trueHeading>
<magneticHeading>0.000000</magneticHeading>
<gpsHeading>257.640198</gpsHeading>
<haccuracy>10.258612</haccuracy>
<vaccuracy>10.258612</vaccuracy>
<internetconnect>2</internetconnect>
</trkpt>
<trkpt lat="35.830963" lon="139.038056">
<ele>1207.666667</ele>
<time>2026-07-11T03:26:22Z</time>
<speed>0.530000</speed>
<trueHeading>0.000000</trueHeading>
<magneticHeading>0.000000</magneticHeading>
<gpsHeading>263.882751</gpsHeading>
<haccuracy>10.231654</haccuracy>
<vaccuracy>10.231654</vaccuracy>
<internetconnect>2</internetconnect>
</trkpt>
<trkpt lat="35.830924" lon="139.037711">
<ele>1205.666667</ele>
<time>2026-07-11T03:27:22Z</time>
<speed>0.000000</speed>
<trueHeading>0.000000</trueHeading>
<magneticHeading>0.000000</magneticHeading>
<gpsHeading>262.151276</gpsHeading>
<haccuracy>10.357448</haccuracy>
<vaccuracy>10.357448</vaccuracy>
<internetconnect>2</internetconnect>
</trkpt>
<trkpt lat="35.830948" lon="139.037646">
<ele>1212.000000</ele>
<time>2026-07-11T03:29:32Z</time>
<speed>0.222601</speed>
<trueHeading>0.000000</trueHeading>
<magneticHeading>0.000000</magneticHeading>
<gpsHeading>294.316650</gpsHeading>
<haccuracy>15.217000</haccuracy>
<vaccuracy>15.217000</vaccuracy>
<internetconnect>2</internetconnect>
</trkpt>
<trkpt lat="35.830526" lon="139.037528">
<ele>1215.000000</ele>
<time>2026-07-11T03:31:33Z</time>
<speed>1.090000</speed>
<trueHeading>0.000000</trueHeading>
<magneticHeading>0.000000</magneticHeading>
<gpsHeading>192.848984</gpsHeading>
<haccuracy>13.844357</haccuracy>
<vaccuracy>13.844357</vaccuracy>
<internetconnect>2</internetconnect>
</trkpt>
<trkpt lat="35.830743" lon="139.037214">
<ele>1215.000000</ele>
<time>2026-07-11T03:32:22Z</time>
<speed>0.493717</speed>
<trueHeading>0.000000</trueHeading>
<magneticHeading>0.000000</magneticHeading>
<gpsHeading>310.451630</gpsHeading>
<haccuracy>20.749001</haccuracy>
<vaccuracy>20.749001</vaccuracy>
<internetconnect>2</internetconnect>
</trkpt>
<trkpt lat="35.830732" lon="139.036964">
<ele>1207.666667</ele>
<time>2026-07-11T03:34:24Z</time>
<speed>0.000000</speed>
<trueHeading>0.000000</trueHeading>
<magneticHeading>0.000000</magneticHeading>
<gpsHeading>266.985504</gpsHeading>
<haccuracy>3.790092</haccuracy>
<vaccuracy>3.790092</vaccuracy>
<internetconnect>2</internetconnect>
</trkpt>
<trkpt lat="35.830724" lon="139.037074">
<ele>1206.666667</ele>
<time>2026-07-11T03:36:26Z</time>
<speed>0.000000</speed>
<trueHeading>0.000000</trueHeading>
<magneticHeading>0.000000</magneticHeading>
<gpsHeading>94.987999</gpsHeading>
<haccuracy>9.755163</haccuracy>
<vaccuracy>9.755163</vaccuracy>
<internetconnect>2</internetconnect>
</trkpt>
<trkpt lat="35.830701" lon="139.037146">
<ele>1208.666667</ele>
<time>2026-07-11T03:38:38Z</time>
<speed>0.000000</speed>
<trueHeading>0.000000</trueHeading>
<magneticHeading>0.000000</magneticHeading>
<gpsHeading>111.632317</gpsHeading>
<haccuracy>10.518490</haccuracy>
<vaccuracy>10.518490</vaccuracy>
<internetconnect>2</internetconnect>
</trkpt>
<trkpt lat="35.830675" lon="139.037117">
<ele>1208.666667</ele>
<time>2026-07-11T03:41:02Z</time>
<speed>0.000000</speed>
<trueHeading>0.000000</trueHeading>
<magneticHeading>0.000000</magneticHeading>
<gpsHeading>221.902664</gpsHeading>
<haccuracy>9.935046</haccuracy>
<vaccuracy>9.935046</vaccuracy>
<internetconnect>2</internetconnect>
</trkpt>
<trkpt lat="35.830692" lon="139.037100">
<ele>1208.666667</ele>
<time>2026-07-11T03:43:58Z</time>
<speed>2.320000</speed>
<trueHeading>0.000000</trueHeading>
<magneticHeading>0.000000</magneticHeading>
<gpsHeading>322.133301</gpsHeading>
<haccuracy>9.935046</haccuracy>
<vaccuracy>9.935046</vaccuracy>
<internetconnect>2</internetconnect>
</trkpt>
<trkpt lat="35.830711" lon="139.037148">
<ele>1208.666667</ele>
<time>2026-07-11T03:51:48Z</time>
<speed>0.000000</speed>
<trueHeading>0.000000</trueHeading>
<magneticHeading>0.000000</magneticHeading>
<gpsHeading>64.515762</gpsHeading>
<haccuracy>9.967000</haccuracy>
<vaccuracy>9.967000</vaccuracy>
<internetconnect>2</internetconnect>
</trkpt>
<trkpt lat="35.830746" lon="139.037180">
<ele>1212.666667</ele>
<time>2026-07-11T03:54:27Z</time>
<speed>0.220000</speed>
<trueHeading>0.000000</trueHeading>
<magneticHeading>0.000000</magneticHeading>
<gpsHeading>36.454578</gpsHeading>
<haccuracy>10.069000</haccuracy>
<vaccuracy>10.069000</vaccuracy>
<internetconnect>2</internetconnect>
</trkpt>
<trkpt lat="35.830686" lon="139.037254">
<ele>1218.000000</ele>
<time>2026-07-11T03:56:34Z</time>
<speed>0.000000</speed>
<trueHeading>0.000000</trueHeading>
<magneticHeading>0.000000</magneticHeading>
<gpsHeading>134.854996</gpsHeading>
<haccuracy>10.165551</haccuracy>
<vaccuracy>10.165551</vaccuracy>
<internetconnect>2</internetconnect>
</trkpt>
<trkpt lat="35.830549" lon="139.037361">
<ele>1224.333333</ele>
<time>2026-07-11T03:58:37Z</time>
<speed>0.330000</speed>
<trueHeading>0.000000</trueHeading>
<magneticHeading>0.000000</magneticHeading>
<gpsHeading>147.692474</gpsHeading>
<haccuracy>10.948544</haccuracy>
<vaccuracy>10.948544</vaccuracy>
<internetconnect>2</internetconnect>
</trkpt>
<trkpt lat="35.830453" lon="139.037369">
<ele>1230.000000</ele>
<time>2026-07-11T04:00:39Z</time>
<speed>0.820000</speed>
<trueHeading>0.000000</trueHeading>
<magneticHeading>0.000000</magneticHeading>
<gpsHeading>175.717819</gpsHeading>
<haccuracy>10.583475</haccuracy>
<vaccuracy>10.583475</vaccuracy>
<internetconnect>2</internetconnect>
</trkpt>
<trkpt lat="35.830235" lon="139.037610">
<ele>1238.000000</ele>
<time>2026-07-11T04:02:07Z</time>
<speed>0.705232</speed>
<trueHeading>0.000000</trueHeading>
<magneticHeading>0.000000</magneticHeading>
<gpsHeading>138.154663</gpsHeading>
<haccuracy>5.214000</haccuracy>
<vaccuracy>5.214000</vaccuracy>
<internetconnect>2</internetconnect>
</trkpt>
<trkpt lat="35.830048" lon="139.037339">
<ele>1248.333333</ele>
<time>2026-07-11T04:03:06Z</time>
<speed>0.847700</speed>
<trueHeading>0.000000</trueHeading>
<magneticHeading>0.000000</magneticHeading>
<gpsHeading>229.630081</gpsHeading>
<haccuracy>4.535000</haccuracy>
<vaccuracy>4.535000</vaccuracy>
<internetconnect>2</internetconnect>
</trkpt>
<trkpt lat="35.829770" lon="139.037281">
<ele>1261.000000</ele>
<time>2026-07-11T04:04:28Z</time>
<speed>0.779322</speed>
<trueHeading>0.000000</trueHeading>
<magneticHeading>0.000000</magneticHeading>
<gpsHeading>189.464066</gpsHeading>
<haccuracy>5.258000</haccuracy>
<vaccuracy>5.258000</vaccuracy>
<internetconnect>2</internetconnect>
</trkpt>
<trkpt lat="35.829681" lon="139.036933">
<ele>1271.000000</ele>
<time>2026-07-11T04:05:20Z</time>
<speed>0.974138</speed>
<trueHeading>0.000000</trueHeading>
<magneticHeading>0.000000</magneticHeading>
<gpsHeading>252.548370</gpsHeading>
<haccuracy>4.970000</haccuracy>
<vaccuracy>4.970000</vaccuracy>
<internetconnect>2</internetconnect>
</trkpt>
<trkpt lat="35.829408" lon="139.036782">
<ele>1281.333333</ele>
<time>2026-07-11T04:06:32Z</time>
<speed>0.960828</speed>
<trueHeading>0.000000</trueHeading>
<magneticHeading>0.000000</magneticHeading>
<gpsHeading>204.183395</gpsHeading>
<haccuracy>4.791000</haccuracy>
<vaccuracy>4.791000</vaccuracy>
<internetconnect>2</internetconnect>
</trkpt>
<trkpt lat="35.829248" lon="139.036467">
<ele>1291.000000</ele>
<time>2026-07-11T04:07:44Z</time>
<speed>0.900576</speed>
<trueHeading>0.000000</trueHeading>
<magneticHeading>0.000000</magneticHeading>
<gpsHeading>237.853043</gpsHeading>
<haccuracy>5.171000</haccuracy>
<vaccuracy>5.171000</vaccuracy>
<internetconnect>2</internetconnect>
</trkpt>
<trkpt lat="35.828988" lon="139.036305">
<ele>1302.666667</ele>
<time>2026-07-11T04:08:51Z</time>
<speed>0.560000</speed>
<trueHeading>0.000000</trueHeading>
<magneticHeading>0.000000</magneticHeading>
<gpsHeading>206.764572</gpsHeading>
<haccuracy>10.054279</haccuracy>
<vaccuracy>10.054279</vaccuracy>
<internetconnect>2</internetconnect>
</trkpt>
<trkpt lat="35.828750" lon="139.035993">
<ele>1313.333333</ele>
<time>2026-07-11T04:09:38Z</time>
<speed>1.158107</speed>
<trueHeading>0.000000</trueHeading>
<magneticHeading>0.000000</magneticHeading>
<gpsHeading>226.777649</gpsHeading>
<haccuracy>5.015000</haccuracy>
<vaccuracy>5.015000</vaccuracy>
<internetconnect>2</internetconnect>
</trkpt>
<trkpt lat="35.828538" lon="139.035768">
<ele>1327.666667</ele>
<time>2026-07-11T04:10:36Z</time>
<speed>1.019901</speed>
<trueHeading>0.000000</trueHeading>
<magneticHeading>0.000000</magneticHeading>
<gpsHeading>220.621902</gpsHeading>
<haccuracy>4.427000</haccuracy>
<vaccuracy>4.427000</vaccuracy>
<internetconnect>2</internetconnect>
</trkpt>
<trkpt lat="35.828539" lon="139.035403">
<ele>1343.000000</ele>
<time>2026-07-11T04:11:30Z</time>
<speed>0.914515</speed>
<trueHeading>0.000000</trueHeading>
<magneticHeading>0.000000</magneticHeading>
<gpsHeading>270.251678</gpsHeading>
<haccuracy>5.711000</haccuracy>
<vaccuracy>5.711000</vaccuracy>
<internetconnect>2</internetconnect>
</trkpt>
<trkpt lat="35.828343" lon="139.035134">
<ele>1360.333333</ele>
<time>2026-07-11T04:13:28Z</time>
<speed>0.650000</speed>
<trueHeading>0.000000</trueHeading>
<magneticHeading>0.000000</magneticHeading>
<gpsHeading>228.084534</gpsHeading>
<haccuracy>10.311076</haccuracy>
<vaccuracy>10.311076</vaccuracy>
<internetconnect>2</internetconnect>
</trkpt>
<trkpt lat="35.828097" lon="139.034971">
<ele>1373.333333</ele>
<time>2026-07-11T04:14:29Z</time>
<speed>0.971093</speed>
<trueHeading>0.000000</trueHeading>
<magneticHeading>0.000000</magneticHeading>
<gpsHeading>208.273895</gpsHeading>
<haccuracy>5.508000</haccuracy>
<vaccuracy>5.508000</vaccuracy>
<internetconnect>2</internetconnect>
</trkpt>
<trkpt lat="35.827815" lon="139.034951">
<ele>1384.000000</ele>
<time>2026-07-11T04:15:17Z</time>
<speed>0.984147</speed>
<trueHeading>0.000000</trueHeading>
<magneticHeading>0.000000</magneticHeading>
<gpsHeading>183.313278</gpsHeading>
<haccuracy>4.977000</haccuracy>
<vaccuracy>4.977000</vaccuracy>
<internetconnect>2</internetconnect>
</trkpt>
<trkpt lat="35.827580" lon="139.034751">
<ele>1392.333333</ele>
<time>2026-07-11T04:16:09Z</time>
<speed>0.952645</speed>
<trueHeading>0.000000</trueHeading>
<magneticHeading>0.000000</magneticHeading>
<gpsHeading>214.549057</gpsHeading>
<haccuracy>5.582000</haccuracy>
<vaccuracy>5.582000</vaccuracy>
<internetconnect>2</internetconnect>
</trkpt>
<trkpt lat="35.827328" lon="139.034945">
<ele>1401.333333</ele>
<time>2026-07-11T04:17:23Z</time>
<speed>0.946487</speed>
<trueHeading>0.000000</trueHeading>
<magneticHeading>0.000000</magneticHeading>
<gpsHeading>148.168564</gpsHeading>
<haccuracy>5.962000</haccuracy>
<vaccuracy>5.962000</vaccuracy>
<internetconnect>2</internetconnect>
</trkpt>
<trkpt lat="35.827051" lon="139.034873">
<ele>1410.333333</ele>
<time>2026-07-11T04:18:11Z</time>
<speed>0.979423</speed>
<trueHeading>0.000000</trueHeading>
<magneticHeading>0.000000</magneticHeading>
<gpsHeading>191.820908</gpsHeading>
<haccuracy>5.332000</haccuracy>
<vaccuracy>5.332000</vaccuracy>
<internetconnect>2</internetconnect>
</trkpt>
<trkpt lat="35.826770" lon="139.034753">
<ele>1420.000000</ele>
<time>2026-07-11T04:19:18Z</time>
<speed>1.049937</speed>
<trueHeading>0.000000</trueHeading>
<magneticHeading>0.000000</magneticHeading>
<gpsHeading>199.152924</gpsHeading>
<haccuracy>4.936000</haccuracy>
<vaccuracy>4.936000</vaccuracy>
<internetconnect>2</internetconnect>
</trkpt>
<trkpt lat="35.826515" lon="139.034600">
<ele>1427.333333</ele>
<time>2026-07-11T04:20:24Z</time>
<speed>1.055441</speed>
<trueHeading>0.000000</trueHeading>
<magneticHeading>0.000000</magneticHeading>
<gpsHeading>206.000656</gpsHeading>
<haccuracy>4.556000</haccuracy>
<vaccuracy>4.556000</vaccuracy>
<internetconnect>2</internetconnect>
</trkpt>
<trkpt lat="35.826227" lon="139.034536">
<ele>1434.000000</ele>
<time>2026-07-11T04:21:22Z</time>
<speed>1.082674</speed>
<trueHeading>0.000000</trueHeading>
<magneticHeading>0.000000</magneticHeading>
<gpsHeading>190.095978</gpsHeading>
<haccuracy>5.187000</haccuracy>
<vaccuracy>5.187000</vaccuracy>
<internetconnect>2</internetconnect>
</trkpt>
<trkpt lat="35.825921" lon="139.034350">
<ele>1440.666667</ele>
<time>2026-07-11T04:22:10Z</time>
<speed>0.860000</speed>
<trueHeading>0.000000</trueHeading>
<magneticHeading>0.000000</magneticHeading>
<gpsHeading>206.268158</gpsHeading>
<haccuracy>9.935046</haccuracy>
<vaccuracy>9.935046</vaccuracy>
<internetconnect>2</internetconnect>
</trkpt>
<trkpt lat="35.825678" lon="139.034045">
<ele>1450.666667</ele>
<time>2026-07-11T04:22:57Z</time>
<speed>1.054960</speed>
<trueHeading>0.000000</trueHeading>
<magneticHeading>0.000000</magneticHeading>
<gpsHeading>225.488129</gpsHeading>
<haccuracy>5.276000</haccuracy>
<vaccuracy>5.276000</vaccuracy>
<internetconnect>2</internetconnect>
</trkpt>
<trkpt lat="35.825478" lon="139.033769">
<ele>1462.333333</ele>
<time>2026-07-11T04:23:50Z</time>
<speed>1.071298</speed>
<trueHeading>0.000000</trueHeading>
<magneticHeading>0.000000</magneticHeading>
<gpsHeading>228.268021</gpsHeading>
<haccuracy>5.165000</haccuracy>
<vaccuracy>5.165000</vaccuracy>
<internetconnect>2</internetconnect>
</trkpt>
<trkpt lat="35.825193" lon="139.033658">
<ele>1472.666667</ele>
<time>2026-07-11T04:25:31Z</time>
<speed>1.001003</speed>
<trueHeading>0.000000</trueHeading>
<magneticHeading>0.000000</magneticHeading>
<gpsHeading>197.546799</gpsHeading>
<haccuracy>4.587000</haccuracy>
<vaccuracy>4.587000</vaccuracy>
<internetconnect>2</internetconnect>
</trkpt>
<trkpt lat="35.824903" lon="139.033550">
<ele>1481.666667</ele>
<time>2026-07-11T04:27:08Z</time>
<speed>0.709050</speed>
<trueHeading>0.000000</trueHeading>
<magneticHeading>0.000000</magneticHeading>
<gpsHeading>196.818420</gpsHeading>
<haccuracy>3.939000</haccuracy>
<vaccuracy>3.939000</vaccuracy>
<internetconnect>2</internetconnect>
</trkpt>
<trkpt lat="35.824592" lon="139.033216">
<ele>1487.333333</ele>
<time>2026-07-11T04:27:56Z</time>
<speed>1.050686</speed>
<trueHeading>0.000000</trueHeading>
<magneticHeading>0.000000</magneticHeading>
<gpsHeading>220.987778</gpsHeading>
<haccuracy>5.052000</haccuracy>
<vaccuracy>5.052000</vaccuracy>
<internetconnect>2</internetconnect>
</trkpt>
<trkpt lat="35.824497" lon="139.032966">
<ele>1491.666667</ele>
<time>2026-07-11T04:29:58Z</time>
<speed>0.760000</speed>
<trueHeading>0.000000</trueHeading>
<magneticHeading>0.000000</magneticHeading>
<gpsHeading>244.830246</gpsHeading>
<haccuracy>4.166878</haccuracy>
<vaccuracy>4.166878</vaccuracy>
<internetconnect>2</internetconnect>
</trkpt>
<trkpt lat="35.824385" lon="139.032622">
<ele>1495.000000</ele>
<time>2026-07-11T04:31:16Z</time>
<speed>1.160000</speed>
<trueHeading>0.000000</trueHeading>
<magneticHeading>0.000000</magneticHeading>
<gpsHeading>248.083405</gpsHeading>
<haccuracy>3.790092</haccuracy>
<vaccuracy>3.790092</vaccuracy>
<internetconnect>2</internetconnect>
</trkpt>
<trkpt lat="35.824178" lon="139.031965">
<ele>1498.000000</ele>
<time>2026-07-11T04:32:04Z</time>
<speed>1.402571</speed>
<trueHeading>0.000000</trueHeading>
<magneticHeading>0.000000</magneticHeading>
<gpsHeading>248.758560</gpsHeading>
<haccuracy>3.722000</haccuracy>
<vaccuracy>3.722000</vaccuracy>
<internetconnect>2</internetconnect>
</trkpt>
<trkpt lat="35.824006" lon="139.031548">
<ele>1502.000000</ele>
<time>2026-07-11T04:32:51Z</time>
<speed>0.920000</speed>
<trueHeading>0.000000</trueHeading>
<magneticHeading>0.000000</magneticHeading>
<gpsHeading>243.189835</gpsHeading>
<haccuracy>9.935046</haccuracy>
<vaccuracy>9.935046</vaccuracy>
<internetconnect>2</internetconnect>
</trkpt>
<trkpt lat="35.824137" lon="139.031094">
<ele>1506.000000</ele>
<time>2026-07-11T04:33:41Z</time>
<speed>0.990000</speed>
<trueHeading>0.000000</trueHeading>
<magneticHeading>0.000000</magneticHeading>
<gpsHeading>289.543030</gpsHeading>
<haccuracy>9.935046</haccuracy>
<vaccuracy>9.935046</vaccuracy>
<internetconnect>2</internetconnect>
</trkpt>
<trkpt lat="35.824367" lon="139.030607">
<ele>1512.333333</ele>
<time>2026-07-11T04:34:29Z</time>
<speed>0.761411</speed>
<trueHeading>0.000000</trueHeading>
<magneticHeading>0.000000</magneticHeading>
<gpsHeading>300.233124</gpsHeading>
<haccuracy>4.986000</haccuracy>
<vaccuracy>4.986000</vaccuracy>
<internetconnect>2</internetconnect>
</trkpt>
<trkpt lat="35.824270" lon="139.030149">
<ele>1517.666667</ele>
<time>2026-07-11T04:35:16Z</time>
<speed>0.910000</speed>
<trueHeading>0.000000</trueHeading>
<magneticHeading>0.000000</magneticHeading>
<gpsHeading>255.322571</gpsHeading>
<haccuracy>9.935046</haccuracy>
<vaccuracy>9.935046</vaccuracy>
<internetconnect>2</internetconnect>
</trkpt>
<trkpt lat="35.824246" lon="139.029490">
<ele>1519.000000</ele>
<time>2026-07-11T04:36:06Z</time>
<speed>1.145347</speed>
<trueHeading>0.000000</trueHeading>
<magneticHeading>0.000000</magneticHeading>
<gpsHeading>267.407959</gpsHeading>
<haccuracy>5.087000</haccuracy>
<vaccuracy>5.087000</vaccuracy>
<internetconnect>2</internetconnect>
</trkpt>
<trkpt lat="35.824307" lon="139.028845">
<ele>1516.333333</ele>
<time>2026-07-11T04:36:53Z</time>
<speed>0.938962</speed>
<trueHeading>0.000000</trueHeading>
<magneticHeading>0.000000</magneticHeading>
<gpsHeading>276.670898</gpsHeading>
<haccuracy>4.843000</haccuracy>
<vaccuracy>4.843000</vaccuracy>
<internetconnect>2</internetconnect>
</trkpt>
<trkpt lat="35.824051" lon="139.028259">
<ele>1513.000000</ele>
<time>2026-07-11T04:37:41Z</time>
<speed>1.080000</speed>
<trueHeading>0.000000</trueHeading>
<magneticHeading>0.000000</magneticHeading>
<gpsHeading>241.720810</gpsHeading>
<haccuracy>9.935046</haccuracy>
<vaccuracy>9.935046</vaccuracy>
<internetconnect>2</internetconnect>
</trkpt>
<trkpt lat="35.823886" lon="139.027658">
<ele>1510.666667</ele>
<time>2026-07-11T04:38:28Z</time>
<speed>1.390352</speed>
<trueHeading>0.000000</trueHeading>
<magneticHeading>0.000000</magneticHeading>
<gpsHeading>251.320724</gpsHeading>
<haccuracy>5.114000</haccuracy>
<vaccuracy>5.114000</vaccuracy>
<internetconnect>2</internetconnect>
</trkpt>
<trkpt lat="35.823907" lon="139.027047">
<ele>1510.666667</ele>
<time>2026-07-11T04:39:16Z</time>
<speed>1.400000</speed>
<trueHeading>0.000000</trueHeading>
<magneticHeading>0.000000</magneticHeading>
<gpsHeading>272.407288</gpsHeading>
<haccuracy>9.935046</haccuracy>
<vaccuracy>9.935046</vaccuracy>
<internetconnect>2</internetconnect>
</trkpt>
<trkpt lat="35.823739" lon="139.026391">
<ele>1512.333333</ele>
<time>2026-07-11T04:40:03Z</time>
<speed>1.632478</speed>
<trueHeading>0.000000</trueHeading>
<magneticHeading>0.000000</magneticHeading>
<gpsHeading>252.487625</gpsHeading>
<haccuracy>5.275000</haccuracy>
<vaccuracy>5.275000</vaccuracy>
<internetconnect>2</internetconnect>
</trkpt>
<trkpt lat="35.823670" lon="139.025720">
<ele>1516.000000</ele>
<time>2026-07-11T04:40:51Z</time>
<speed>1.110000</speed>
<trueHeading>0.000000</trueHeading>
<magneticHeading>0.000000</magneticHeading>
<gpsHeading>262.765320</gpsHeading>
<haccuracy>9.935046</haccuracy>
<vaccuracy>9.935046</vaccuracy>
<internetconnect>2</internetconnect>
</trkpt>
<trkpt lat="35.823681" lon="139.025001">
<ele>1515.666667</ele>
<time>2026-07-11T04:41:40Z</time>
<speed>1.575677</speed>
<trueHeading>0.000000</trueHeading>
<magneticHeading>0.000000</magneticHeading>
<gpsHeading>271.037262</gpsHeading>
<haccuracy>5.121000</haccuracy>
<vaccuracy>5.121000</vaccuracy>
<internetconnect>2</internetconnect>
</trkpt>
<trkpt lat="35.823756" lon="139.024319">
<ele>1515.666667</ele>
<time>2026-07-11T04:42:29Z</time>
<speed>0.777085</speed>
<trueHeading>0.000000</trueHeading>
<magneticHeading>0.000000</magneticHeading>
<gpsHeading>277.702362</gpsHeading>
<haccuracy>5.564000</haccuracy>
<vaccuracy>5.564000</vaccuracy>
<internetconnect>2</internetconnect>
</trkpt>
<trkpt lat="35.823847" lon="139.023653">
<ele>1517.333333</ele>
<time>2026-07-11T04:43:16Z</time>
<speed>1.440000</speed>
<trueHeading>0.000000</trueHeading>
<magneticHeading>0.000000</magneticHeading>
<gpsHeading>279.585419</gpsHeading>
<haccuracy>9.935046</haccuracy>
<vaccuracy>9.935046</vaccuracy>
<internetconnect>2</internetconnect>
</trkpt>
<trkpt lat="35.824027" lon="139.022961">
<ele>1524.666667</ele>
<time>2026-07-11T04:44:04Z</time>
<speed>1.504382</speed>
<trueHeading>0.000000</trueHeading>
<magneticHeading>0.000000</magneticHeading>
<gpsHeading>287.854614</gpsHeading>
<haccuracy>5.018000</haccuracy>
<vaccuracy>5.018000</vaccuracy>
<internetconnect>2</internetconnect>
</trkpt>
<trkpt lat="35.824232" lon="139.022449">
<ele>1534.000000</ele>
<time>2026-07-11T04:44:51Z</time>
<speed>1.110000</speed>
<trueHeading>0.000000</trueHeading>
<magneticHeading>0.000000</magneticHeading>
<gpsHeading>296.221863</gpsHeading>
<haccuracy>9.935046</haccuracy>
<vaccuracy>9.935046</vaccuracy>
<internetconnect>2</internetconnect>
</trkpt>
<trkpt lat="35.824250" lon="139.021885">
<ele>1542.666667</ele>
<time>2026-07-11T04:45:40Z</time>
<speed>1.258918</speed>
<trueHeading>0.000000</trueHeading>
<magneticHeading>0.000000</magneticHeading>
<gpsHeading>272.286774</gpsHeading>
<haccuracy>4.856000</haccuracy>
<vaccuracy>4.856000</vaccuracy>
<internetconnect>2</internetconnect>
</trkpt>
<trkpt lat="35.824200" lon="139.021541">
<ele>1551.333333</ele>
<time>2026-07-11T04:46:28Z</time>
<speed>1.239650</speed>
<trueHeading>0.000000</trueHeading>
<magneticHeading>0.000000</magneticHeading>
<gpsHeading>259.860046</gpsHeading>
<haccuracy>6.491000</haccuracy>
<vaccuracy>6.491000</vaccuracy>
<internetconnect>2</internetconnect>
</trkpt>
<trkpt lat="35.824040" lon="139.021116">
<ele>1560.333333</ele>
<time>2026-07-11T04:47:15Z</time>
<speed>1.145793</speed>
<trueHeading>0.000000</trueHeading>
<magneticHeading>0.000000</magneticHeading>
<gpsHeading>244.998077</gpsHeading>
<haccuracy>5.046000</haccuracy>
<vaccuracy>5.046000</vaccuracy>
<internetconnect>2</internetconnect>
</trkpt>
<trkpt lat="35.823941" lon="139.020778">
<ele>1572.000000</ele>
<time>2026-07-11T04:48:01Z</time>
<speed>1.258498</speed>
<trueHeading>0.000000</trueHeading>
<magneticHeading>0.000000</magneticHeading>
<gpsHeading>250.082840</gpsHeading>
<haccuracy>5.185000</haccuracy>
<vaccuracy>5.185000</vaccuracy>
<internetconnect>2</internetconnect>
</trkpt>
<trkpt lat="35.823824" lon="139.020425">
<ele>1585.333333</ele>
<time>2026-07-11T04:49:13Z</time>
<speed>1.189777</speed>
<trueHeading>0.000000</trueHeading>
<magneticHeading>0.000000</magneticHeading>
<gpsHeading>247.754913</gpsHeading>
<haccuracy>6.143000</haccuracy>
<vaccuracy>6.143000</vaccuracy>
<internetconnect>2</internetconnect>
</trkpt>
<trkpt lat="35.823614" lon="139.020137">
<ele>1598.000000</ele>
<time>2026-07-11T04:50:01Z</time>
<speed>0.840000</speed>
<trueHeading>0.000000</trueHeading>
<magneticHeading>0.000000</magneticHeading>
<gpsHeading>228.024490</gpsHeading>
<haccuracy>9.935046</haccuracy>
<vaccuracy>9.935046</vaccuracy>
<internetconnect>2</internetconnect>
</trkpt>
<trkpt lat="35.823535" lon="139.019799">
<ele>1607.666667</ele>
<time>2026-07-11T04:50:56Z</time>
<speed>0.830000</speed>
<trueHeading>0.000000</trueHeading>
<magneticHeading>0.000000</magneticHeading>
<gpsHeading>254.075180</gpsHeading>
<haccuracy>9.935046</haccuracy>
<vaccuracy>9.935046</vaccuracy>
<internetconnect>2</internetconnect>
</trkpt>
<trkpt lat="35.823561" lon="139.019240">
<ele>1612.666667</ele>
<time>2026-07-11T04:51:46Z</time>
<speed>0.860000</speed>
<trueHeading>0.000000</trueHeading>
<magneticHeading>0.000000</magneticHeading>
<gpsHeading>273.260376</gpsHeading>
<haccuracy>9.935046</haccuracy>
<vaccuracy>9.935046</vaccuracy>
<internetconnect>2</internetconnect>
</trkpt>
<trkpt lat="35.823761" lon="139.018628">
<ele>1613.333333</ele>
<time>2026-07-11T04:52:34Z</time>
<speed>1.497314</speed>
<trueHeading>0.000000</trueHeading>
<magneticHeading>0.000000</magneticHeading>
<gpsHeading>291.970947</gpsHeading>
<haccuracy>5.538000</haccuracy>
<vaccuracy>5.538000</vaccuracy>
<internetconnect>2</internetconnect>
</trkpt>
<trkpt lat="35.824063" lon="139.018127">
<ele>1612.000000</ele>
<time>2026-07-11T04:53:21Z</time>
<speed>1.210000</speed>
<trueHeading>0.000000</trueHeading>
<magneticHeading>0.000000</magneticHeading>
<gpsHeading>306.652771</gpsHeading>
<haccuracy>9.935046</haccuracy>
<vaccuracy>9.935046</vaccuracy>
<internetconnect>2</internetconnect>
</trkpt>
<trkpt lat="35.824466" lon="139.017580">
<ele>1613.000000</ele>
<time>2026-07-11T04:54:09Z</time>
<speed>1.188215</speed>
<trueHeading>0.000000</trueHeading>
<magneticHeading>0.000000</magneticHeading>
<gpsHeading>312.254700</gpsHeading>
<haccuracy>5.505000</haccuracy>
<vaccuracy>5.505000</vaccuracy>
<internetconnect>2</internetconnect>
</trkpt>
<trkpt lat="35.824953" lon="139.017333">
<ele>1620.000000</ele>
<time>2026-07-11T04:54:56Z</time>
<speed>1.130000</speed>
<trueHeading>0.000000</trueHeading>
<magneticHeading>0.000000</magneticHeading>
<gpsHeading>337.620605</gpsHeading>
<haccuracy>9.935046</haccuracy>
<vaccuracy>9.935046</vaccuracy>
<internetconnect>2</internetconnect>
</trkpt>
<trkpt lat="35.825336" lon="139.016936">
<ele>1629.666667</ele>
<time>2026-07-11T04:55:45Z</time>
<speed>1.118600</speed>
<trueHeading>0.000000</trueHeading>
<magneticHeading>0.000000</magneticHeading>
<gpsHeading>319.942017</gpsHeading>
<haccuracy>4.923000</haccuracy>
<vaccuracy>4.923000</vaccuracy>
<internetconnect>2</internetconnect>
</trkpt>
<trkpt lat="35.825659" lon="139.016781">
<ele>1640.666667</ele>
<time>2026-07-11T04:56:34Z</time>
<speed>1.422077</speed>
<trueHeading>0.000000</trueHeading>
<magneticHeading>0.000000</magneticHeading>
<gpsHeading>338.769653</gpsHeading>
<haccuracy>4.208000</haccuracy>
<vaccuracy>4.208000</vaccuracy>
<internetconnect>2</internetconnect>
</trkpt>
<trkpt lat="35.826110" lon="139.016748">
<ele>1645.000000</ele>
<time>2026-07-11T04:57:21Z</time>
<speed>1.000000</speed>
<trueHeading>0.000000</trueHeading>
<magneticHeading>0.000000</magneticHeading>
<gpsHeading>356.530457</gpsHeading>
<haccuracy>9.935046</haccuracy>
<vaccuracy>9.935046</vaccuracy>
<internetconnect>2</internetconnect>
</trkpt>
<trkpt lat="35.826579" lon="139.016273">
<ele>1648.333333</ele>
<time>2026-07-11T04:58:09Z</time>
<speed>1.483771</speed>
<trueHeading>0.000000</trueHeading>
<magneticHeading>0.000000</magneticHeading>
<gpsHeading>320.605377</gpsHeading>
<haccuracy>6.480000</haccuracy>
<vaccuracy>6.480000</vaccuracy>
<internetconnect>2</internetconnect>
</trkpt>
<trkpt lat="35.827137" lon="139.016025">
<ele>1647.333333</ele>
<time>2026-07-11T04:58:56Z</time>
<speed>1.270000</speed>
<trueHeading>0.000000</trueHeading>
<magneticHeading>0.000000</magneticHeading>
<gpsHeading>340.223694</gpsHeading>
<haccuracy>3.790092</haccuracy>
<vaccuracy>3.790092</vaccuracy>
<internetconnect>2</internetconnect>
</trkpt>
<trkpt lat="35.827403" lon="139.015311">
<ele>1648.000000</ele>
<time>2026-07-11T04:59:45Z</time>
<speed>1.471240</speed>
<trueHeading>0.000000</trueHeading>
<magneticHeading>0.000000</magneticHeading>
<gpsHeading>294.729309</gpsHeading>
<haccuracy>3.165000</haccuracy>
<vaccuracy>3.165000</vaccuracy>
<internetconnect>2</internetconnect>
</trkpt>
<trkpt lat="35.827608" lon="139.014645">
<ele>1650.333333</ele>
<time>2026-07-11T05:00:31Z</time>
<speed>1.190000</speed>
<trueHeading>0.000000</trueHeading>
<magneticHeading>0.000000</magneticHeading>
<gpsHeading>290.687927</gpsHeading>
<haccuracy>9.935046</haccuracy>
<vaccuracy>9.935046</vaccuracy>
<internetconnect>2</internetconnect>
</trkpt>
<trkpt lat="35.828027" lon="139.014209">
<ele>1658.000000</ele>
<time>2026-07-11T05:01:21Z</time>
<speed>1.160000</speed>
<trueHeading>0.000000</trueHeading>
<magneticHeading>0.000000</magneticHeading>
<gpsHeading>319.913300</gpsHeading>
<haccuracy>9.935046</haccuracy>
<vaccuracy>9.935046</vaccuracy>
<internetconnect>2</internetconnect>
</trkpt>
<trkpt lat="35.828400" lon="139.013971">
<ele>1668.000000</ele>
<time>2026-07-11T05:02:09Z</time>
<speed>0.829132</speed>
<trueHeading>0.000000</trueHeading>
<magneticHeading>0.000000</magneticHeading>
<gpsHeading>332.634277</gpsHeading>
<haccuracy>6.440000</haccuracy>
<vaccuracy>6.440000</vaccuracy>
<internetconnect>2</internetconnect>
</trkpt>
<trkpt lat="35.828670" lon="139.013670">
<ele>1678.666667</ele>
<time>2026-07-11T05:02:56Z</time>
<speed>0.960000</speed>
<trueHeading>0.000000</trueHeading>
<magneticHeading>0.000000</magneticHeading>
<gpsHeading>317.887054</gpsHeading>
<haccuracy>9.935046</haccuracy>
<vaccuracy>9.935046</vaccuracy>
<internetconnect>2</internetconnect>
</trkpt>
<trkpt lat="35.829026" lon="139.013350">
<ele>1688.666667</ele>
<time>2026-07-11T05:03:46Z</time>
<speed>0.910000</speed>
<trueHeading>0.000000</trueHeading>
<magneticHeading>0.000000</magneticHeading>
<gpsHeading>323.890137</gpsHeading>
<haccuracy>9.935046</haccuracy>
<vaccuracy>9.935046</vaccuracy>
<internetconnect>2</internetconnect>
</trkpt>
<trkpt lat="35.829295" lon="139.013182">
<ele>1701.333333</ele>
<time>2026-07-11T05:04:36Z</time>
<speed>0.960000</speed>
<trueHeading>0.000000</trueHeading>
<magneticHeading>0.000000</magneticHeading>
<gpsHeading>333.174652</gpsHeading>
<haccuracy>9.935046</haccuracy>
<vaccuracy>9.935046</vaccuracy>
<internetconnect>2</internetconnect>
</trkpt>
<trkpt lat="35.829532" lon="139.012980">
<ele>1713.666667</ele>
<time>2026-07-11T05:05:31Z</time>
<speed>0.820000</speed>
<trueHeading>0.000000</trueHeading>
<magneticHeading>0.000000</magneticHeading>
<gpsHeading>325.309845</gpsHeading>
<haccuracy>9.935046</haccuracy>
<vaccuracy>9.935046</vaccuracy>
<internetconnect>2</internetconnect>
</trkpt>
<trkpt lat="35.829695" lon="139.012609">
<ele>1725.000000</ele>
<time>2026-07-11T05:06:19Z</time>
<speed>1.200947</speed>
<trueHeading>0.000000</trueHeading>
<magneticHeading>0.000000</magneticHeading>
<gpsHeading>298.424896</gpsHeading>
<haccuracy>5.197000</haccuracy>
<vaccuracy>5.197000</vaccuracy>
<internetconnect>2</internetconnect>
</trkpt>
<trkpt lat="35.829863" lon="139.012355">
<ele>1731.333333</ele>
<time>2026-07-11T05:08:21Z</time>
<speed>0.350000</speed>
<trueHeading>0.000000</trueHeading>
<magneticHeading>0.000000</magneticHeading>
<gpsHeading>309.156128</gpsHeading>
<haccuracy>3.790092</haccuracy>
<vaccuracy>3.790092</vaccuracy>
<internetconnect>2</internetconnect>
</trkpt>
<trkpt lat="35.829894" lon="139.012369">
<ele>1734.000000</ele>
<time>2026-07-11T05:10:26Z</time>
<speed>0.000000</speed>
<trueHeading>0.000000</trueHeading>
<magneticHeading>0.000000</magneticHeading>
<gpsHeading>20.488403</gpsHeading>
<haccuracy>3.790092</haccuracy>
<vaccuracy>3.790092</vaccuracy>
<internetconnect>2</internetconnect>
</trkpt>
<trkpt lat="35.829863" lon="139.012310">
<ele>1732.666667</ele>
<time>2026-07-11T05:22:14Z</time>
<speed>0.450000</speed>
<trueHeading>0.000000</trueHeading>
<magneticHeading>0.000000</magneticHeading>
<gpsHeading>237.080124</gpsHeading>
<haccuracy>4.425116</haccuracy>
<vaccuracy>4.425116</vaccuracy>
<internetconnect>2</internetconnect>
</trkpt>
<trkpt lat="35.829768" lon="139.012561">
<ele>1724.333333</ele>
<time>2026-07-11T05:24:19Z</time>
<speed>1.751933</speed>
<trueHeading>0.000000</trueHeading>
<magneticHeading>0.000000</magneticHeading>
<gpsHeading>115.008797</gpsHeading>
<haccuracy>3.396000</haccuracy>
<vaccuracy>3.396000</vaccuracy>
<internetconnect>2</internetconnect>
</trkpt>
<trkpt lat="35.829437" lon="139.013049">
<ele>1712.333333</ele>
<time>2026-07-11T05:25:06Z</time>
<speed>1.358488</speed>
<trueHeading>0.000000</trueHeading>
<magneticHeading>0.000000</magneticHeading>
<gpsHeading>129.904984</gpsHeading>
<haccuracy>3.070000</haccuracy>
<vaccuracy>3.070000</vaccuracy>
<internetconnect>2</internetconnect>
</trkpt>
<trkpt lat="35.829196" lon="139.013244">
<ele>1696.000000</ele>
<time>2026-07-11T05:25:54Z</time>
<speed>1.589707</speed>
<trueHeading>0.000000</trueHeading>
<magneticHeading>0.000000</magneticHeading>
<gpsHeading>146.730103</gpsHeading>
<haccuracy>6.820000</haccuracy>
<vaccuracy>6.820000</vaccuracy>
<internetconnect>2</internetconnect>
</trkpt>
<trkpt lat="35.828753" lon="139.013593">
<ele>1682.333333</ele>
<time>2026-07-11T05:26:41Z</time>
<speed>1.606172</speed>
<trueHeading>0.000000</trueHeading>
<magneticHeading>0.000000</magneticHeading>
<gpsHeading>147.438675</gpsHeading>
<haccuracy>3.882000</haccuracy>
<vaccuracy>3.882000</vaccuracy>
<internetconnect>2</internetconnect>
</trkpt>
<trkpt lat="35.828347" lon="139.014002">
<ele>1668.666667</ele>
<time>2026-07-11T05:27:29Z</time>
<speed>1.621072</speed>
<trueHeading>0.000000</trueHeading>
<magneticHeading>0.000000</magneticHeading>
<gpsHeading>140.697403</gpsHeading>
<haccuracy>5.920000</haccuracy>
<vaccuracy>5.920000</vaccuracy>
<internetconnect>2</internetconnect>
</trkpt>
<trkpt lat="35.827941" lon="139.014205">
<ele>1657.000000</ele>
<time>2026-07-11T05:28:16Z</time>
<speed>1.676865</speed>
<trueHeading>0.000000</trueHeading>
<magneticHeading>0.000000</magneticHeading>
<gpsHeading>157.947693</gpsHeading>
<haccuracy>5.731000</haccuracy>
<vaccuracy>5.731000</vaccuracy>
<internetconnect>2</internetconnect>
</trkpt>
<trkpt lat="35.827542" lon="139.014665">
<ele>1650.333333</ele>
<time>2026-07-11T05:29:03Z</time>
<speed>1.674982</speed>
<trueHeading>0.000000</trueHeading>
<magneticHeading>0.000000</magneticHeading>
<gpsHeading>136.989914</gpsHeading>
<haccuracy>5.341000</haccuracy>
<vaccuracy>5.341000</vaccuracy>
<internetconnect>2</internetconnect>
</trkpt>
<trkpt lat="35.827485" lon="139.015312">
<ele>1648.000000</ele>
<time>2026-07-11T05:29:52Z</time>
<speed>0.000000</speed>
<trueHeading>0.000000</trueHeading>
<magneticHeading>0.000000</magneticHeading>
<gpsHeading>96.224831</gpsHeading>
<haccuracy>3.790092</haccuracy>
<vaccuracy>3.790092</vaccuracy>
<internetconnect>2</internetconnect>
</trkpt>
<trkpt lat="35.827326" lon="139.015614">
<ele>1649.000000</ele>
<time>2026-07-11T05:31:00Z</time>
<speed>1.501698</speed>
<trueHeading>0.000000</trueHeading>
<magneticHeading>0.000000</magneticHeading>
<gpsHeading>122.911041</gpsHeading>
<haccuracy>3.100000</haccuracy>
<vaccuracy>3.100000</vaccuracy>
<internetconnect>2</internetconnect>
</trkpt>
<trkpt lat="35.826957" lon="139.016111">
<ele>1649.333333</ele>
<time>2026-07-11T05:31:47Z</time>
<speed>1.590000</speed>
<trueHeading>0.000000</trueHeading>
<magneticHeading>0.000000</magneticHeading>
<gpsHeading>132.523987</gpsHeading>
<haccuracy>9.935046</haccuracy>
<vaccuracy>9.935046</vaccuracy>
<internetconnect>2</internetconnect>
</trkpt>
<trkpt lat="35.826367" lon="139.016541">
<ele>1647.000000</ele>
<time>2026-07-11T05:32:35Z</time>
<speed>1.594771</speed>
<trueHeading>0.000000</trueHeading>
<magneticHeading>0.000000</magneticHeading>
<gpsHeading>149.417236</gpsHeading>
<haccuracy>5.491000</haccuracy>
<vaccuracy>5.491000</vaccuracy>
<internetconnect>2</internetconnect>
</trkpt>
<trkpt lat="35.825770" lon="139.016861">
<ele>1640.666667</ele>
<time>2026-07-11T05:33:22Z</time>
<speed>1.960000</speed>
<trueHeading>0.000000</trueHeading>
<magneticHeading>0.000000</magneticHeading>
<gpsHeading>156.536407</gpsHeading>
<haccuracy>9.935046</haccuracy>
<vaccuracy>9.935046</vaccuracy>
<internetconnect>2</internetconnect>
</trkpt>
<trkpt lat="35.825274" lon="139.016994">
<ele>1628.666667</ele>
<time>2026-07-11T05:34:12Z</time>
<speed>1.660000</speed>
<trueHeading>0.000000</trueHeading>
<magneticHeading>0.000000</magneticHeading>
<gpsHeading>167.681366</gpsHeading>
<haccuracy>10.311793</haccuracy>
<vaccuracy>10.311793</vaccuracy>
<internetconnect>2</internetconnect>
</trkpt>
<trkpt lat="35.824864" lon="139.017481">
<ele>1618.000000</ele>
<time>2026-07-11T05:34:59Z</time>
<speed>1.597880</speed>
<trueHeading>0.000000</trueHeading>
<magneticHeading>0.000000</magneticHeading>
<gpsHeading>136.106003</gpsHeading>
<haccuracy>5.364000</haccuracy>
<vaccuracy>5.364000</vaccuracy>
<internetconnect>2</internetconnect>
</trkpt>
<trkpt lat="35.824377" lon="139.017747">
<ele>1611.666667</ele>
<time>2026-07-11T05:35:46Z</time>
<speed>1.517004</speed>
<trueHeading>0.000000</trueHeading>
<magneticHeading>0.000000</magneticHeading>
<gpsHeading>156.068817</gpsHeading>
<haccuracy>4.540000</haccuracy>
<vaccuracy>4.540000</vaccuracy>
<internetconnect>2</internetconnect>
</trkpt>
<trkpt lat="35.823950" lon="139.018288">
<ele>1613.000000</ele>
<time>2026-07-11T05:36:34Z</time>
<speed>1.555174</speed>
<trueHeading>0.000000</trueHeading>
<magneticHeading>0.000000</magneticHeading>
<gpsHeading>134.218231</gpsHeading>
<haccuracy>5.446000</haccuracy>
<vaccuracy>5.446000</vaccuracy>
<internetconnect>2</internetconnect>
</trkpt>
<trkpt lat="35.823639" lon="139.018933">
<ele>1612.666667</ele>
<time>2026-07-11T05:37:21Z</time>
<speed>1.522820</speed>
<trueHeading>0.000000</trueHeading>
<magneticHeading>0.000000</magneticHeading>
<gpsHeading>120.742279</gpsHeading>
<haccuracy>5.786000</haccuracy>
<vaccuracy>5.786000</vaccuracy>
<internetconnect>2</internetconnect>
</trkpt>
<trkpt lat="35.823521" lon="139.019650">
<ele>1604.333333</ele>
<time>2026-07-11T05:38:08Z</time>
<speed>1.633312</speed>
<trueHeading>0.000000</trueHeading>
<magneticHeading>0.000000</magneticHeading>
<gpsHeading>101.560326</gpsHeading>
<haccuracy>6.397000</haccuracy>
<vaccuracy>6.397000</vaccuracy>
<internetconnect>2</internetconnect>
</trkpt>
<trkpt lat="35.823466" lon="139.020391">
<ele>1592.000000</ele>
<time>2026-07-11T05:38:56Z</time>
<speed>1.673047</speed>
<trueHeading>0.000000</trueHeading>
<magneticHeading>0.000000</magneticHeading>
<gpsHeading>95.191833</gpsHeading>
<haccuracy>5.053000</haccuracy>
<vaccuracy>5.053000</vaccuracy>
<internetconnect>2</internetconnect>
</trkpt>
<trkpt lat="35.823827" lon="139.020613">
<ele>1577.000000</ele>
<time>2026-07-11T05:39:42Z</time>
<speed>1.350000</speed>
<trueHeading>0.000000</trueHeading>
<magneticHeading>0.000000</magneticHeading>
<gpsHeading>26.535549</gpsHeading>
<haccuracy>9.935046</haccuracy>
<vaccuracy>9.935046</vaccuracy>
<internetconnect>2</internetconnect>
</trkpt>
<trkpt lat="35.823987" lon="139.020965">
<ele>1566.333333</ele>
<time>2026-07-11T05:40:30Z</time>
<speed>1.364275</speed>
<trueHeading>0.000000</trueHeading>
<magneticHeading>0.000000</magneticHeading>
<gpsHeading>60.668846</gpsHeading>
<haccuracy>6.472000</haccuracy>
<vaccuracy>6.472000</vaccuracy>
<internetconnect>2</internetconnect>
</trkpt>
<trkpt lat="35.824123" lon="139.021406">
<ele>1551.666667</ele>
<time>2026-07-11T05:41:17Z</time>
<speed>1.800000</speed>
<trueHeading>0.000000</trueHeading>
<magneticHeading>0.000000</magneticHeading>
<gpsHeading>69.191284</gpsHeading>
<haccuracy>9.935046</haccuracy>
<vaccuracy>9.935046</vaccuracy>
<internetconnect>2</internetconnect>
</trkpt>
<trkpt lat="35.824269" lon="139.022255">
<ele>1540.000000</ele>
<time>2026-07-11T05:42:04Z</time>
<speed>1.565206</speed>
<trueHeading>0.000000</trueHeading>
<magneticHeading>0.000000</magneticHeading>
<gpsHeading>77.974907</gpsHeading>
<haccuracy>5.283000</haccuracy>
<vaccuracy>5.283000</vaccuracy>
<internetconnect>2</internetconnect>
</trkpt>
<trkpt lat="35.824162" lon="139.022716">
<ele>1528.333333</ele>
<time>2026-07-11T05:42:52Z</time>
<speed>1.370860</speed>
<trueHeading>0.000000</trueHeading>
<magneticHeading>0.000000</magneticHeading>
<gpsHeading>105.980865</gpsHeading>
<haccuracy>4.773000</haccuracy>
<vaccuracy>4.773000</vaccuracy>
<internetconnect>2</internetconnect>
</trkpt>
<trkpt lat="35.823934" lon="139.023401">
<ele>1520.333333</ele>
<time>2026-07-11T05:43:39Z</time>
<speed>1.632101</speed>
<trueHeading>0.000000</trueHeading>
<magneticHeading>0.000000</magneticHeading>
<gpsHeading>112.347923</gpsHeading>
<haccuracy>5.699000</haccuracy>
<vaccuracy>5.699000</vaccuracy>
<internetconnect>2</internetconnect>
</trkpt>
<trkpt lat="35.823766" lon="139.024034">
<ele>1516.333333</ele>
<time>2026-07-11T05:44:27Z</time>
<speed>1.250000</speed>
<trueHeading>0.000000</trueHeading>
<magneticHeading>0.000000</magneticHeading>
<gpsHeading>108.118378</gpsHeading>
<haccuracy>9.951857</haccuracy>
<vaccuracy>9.951857</vaccuracy>
<internetconnect>2</internetconnect>
</trkpt>
<trkpt lat="35.823629" lon="139.024836">
<ele>1516.333333</ele>
<time>2026-07-11T05:45:15Z</time>
<speed>1.484292</speed>
<trueHeading>0.000000</trueHeading>
<magneticHeading>0.000000</magneticHeading>
<gpsHeading>101.902916</gpsHeading>
<haccuracy>5.435000</haccuracy>
<vaccuracy>5.435000</vaccuracy>
<internetconnect>2</internetconnect>
</trkpt>
<trkpt lat="35.823735" lon="139.025519">
<ele>1516.333333</ele>
<time>2026-07-11T05:46:02Z</time>
<speed>1.260000</speed>
<trueHeading>0.000000</trueHeading>
<magneticHeading>0.000000</magneticHeading>
<gpsHeading>79.188026</gpsHeading>
<haccuracy>9.935046</haccuracy>
<vaccuracy>9.935046</vaccuracy>
<internetconnect>2</internetconnect>
</trkpt>
<trkpt lat="35.823769" lon="139.026338">
<ele>1513.333333</ele>
<time>2026-07-11T05:46:50Z</time>
<speed>1.543510</speed>
<trueHeading>0.000000</trueHeading>
<magneticHeading>0.000000</magneticHeading>
<gpsHeading>87.052345</gpsHeading>
<haccuracy>5.359000</haccuracy>
<vaccuracy>5.359000</vaccuracy>
<internetconnect>2</internetconnect>
</trkpt>
<trkpt lat="35.823883" lon="139.027056">
<ele>1510.333333</ele>
<time>2026-07-11T05:47:37Z</time>
<speed>1.529922</speed>
<trueHeading>0.000000</trueHeading>
<magneticHeading>0.000000</magneticHeading>
<gpsHeading>78.865623</gpsHeading>
<haccuracy>5.690000</haccuracy>
<vaccuracy>5.690000</vaccuracy>
<internetconnect>2</internetconnect>
</trkpt>
<trkpt lat="35.823700" lon="139.027642">
<ele>1510.000000</ele>
<time>2026-07-11T05:48:25Z</time>
<speed>1.561986</speed>
<trueHeading>0.000000</trueHeading>
<magneticHeading>0.000000</magneticHeading>
<gpsHeading>111.158577</gpsHeading>
<haccuracy>5.634000</haccuracy>
<vaccuracy>5.634000</vaccuracy>
<internetconnect>2</internetconnect>
</trkpt>
<trkpt lat="35.823946" lon="139.028130">
<ele>1512.333333</ele>
<time>2026-07-11T05:49:12Z</time>
<speed>1.250000</speed>
<trueHeading>0.000000</trueHeading>
<magneticHeading>0.000000</magneticHeading>
<gpsHeading>58.083767</gpsHeading>
<haccuracy>9.935046</haccuracy>
<vaccuracy>9.935046</vaccuracy>
<internetconnect>2</internetconnect>
</trkpt>
<trkpt lat="35.824317" lon="139.028742">
<ele>1515.666667</ele>
<time>2026-07-11T05:50:00Z</time>
<speed>1.588178</speed>
<trueHeading>0.000000</trueHeading>
<magneticHeading>0.000000</magneticHeading>
<gpsHeading>53.258369</gpsHeading>
<haccuracy>5.411000</haccuracy>
<vaccuracy>5.411000</vaccuracy>
<internetconnect>2</internetconnect>
</trkpt>
<trkpt lat="35.824187" lon="139.029412">
<ele>1518.666667</ele>
<time>2026-07-11T05:50:47Z</time>
<speed>1.210000</speed>
<trueHeading>0.000000</trueHeading>
<magneticHeading>0.000000</magneticHeading>
<gpsHeading>103.474060</gpsHeading>
<haccuracy>9.935046</haccuracy>
<vaccuracy>9.935046</vaccuracy>
<internetconnect>2</internetconnect>
</trkpt>
<trkpt lat="35.824175" lon="139.030077">
<ele>1516.000000</ele>
<time>2026-07-11T05:51:35Z</time>
<speed>1.488350</speed>
<trueHeading>0.000000</trueHeading>
<magneticHeading>0.000000</magneticHeading>
<gpsHeading>91.279549</gpsHeading>
<haccuracy>5.420000</haccuracy>
<vaccuracy>5.420000</vaccuracy>
<internetconnect>2</internetconnect>
</trkpt>
<trkpt lat="35.824252" lon="139.030815">
<ele>1510.333333</ele>
<time>2026-07-11T05:52:22Z</time>
<speed>1.460882</speed>
<trueHeading>0.000000</trueHeading>
<magneticHeading>0.000000</magneticHeading>
<gpsHeading>82.646652</gpsHeading>
<haccuracy>5.245000</haccuracy>
<vaccuracy>5.245000</vaccuracy>
<internetconnect>2</internetconnect>
</trkpt>
<trkpt lat="35.823984" lon="139.031356">
<ele>1503.333333</ele>
<time>2026-07-11T05:53:09Z</time>
<speed>1.332887</speed>
<trueHeading>0.000000</trueHeading>
<magneticHeading>0.000000</magneticHeading>
<gpsHeading>121.413658</gpsHeading>
<haccuracy>4.788000</haccuracy>
<vaccuracy>4.788000</vaccuracy>
<internetconnect>2</internetconnect>
</trkpt>
<trkpt lat="35.824087" lon="139.031944">
<ele>1498.666667</ele>
<time>2026-07-11T05:53:57Z</time>
<speed>1.496748</speed>
<trueHeading>0.000000</trueHeading>
<magneticHeading>0.000000</magneticHeading>
<gpsHeading>77.803673</gpsHeading>
<haccuracy>5.419000</haccuracy>
<vaccuracy>5.419000</vaccuracy>
<internetconnect>2</internetconnect>
</trkpt>
<trkpt lat="35.824456" lon="139.032497">
<ele>1494.333333</ele>
<time>2026-07-11T05:54:44Z</time>
<speed>1.528788</speed>
<trueHeading>0.000000</trueHeading>
<magneticHeading>0.000000</magneticHeading>
<gpsHeading>50.585079</gpsHeading>
<haccuracy>5.367000</haccuracy>
<vaccuracy>5.367000</vaccuracy>
<internetconnect>2</internetconnect>
</trkpt>
<trkpt lat="35.824308" lon="139.033025">
<ele>1487.333333</ele>
<time>2026-07-11T05:55:31Z</time>
<speed>1.101665</speed>
<trueHeading>0.000000</trueHeading>
<magneticHeading>0.000000</magneticHeading>
<gpsHeading>109.101158</gpsHeading>
<haccuracy>5.169000</haccuracy>
<vaccuracy>5.169000</vaccuracy>
<internetconnect>2</internetconnect>
</trkpt>
<trkpt lat="35.824022" lon="139.033087">
<ele>1479.666667</ele>
<time>2026-07-11T05:56:23Z</time>
<speed>0.814445</speed>
<trueHeading>0.000000</trueHeading>
<magneticHeading>0.000000</magneticHeading>
<gpsHeading>170.048752</gpsHeading>
<haccuracy>5.296000</haccuracy>
<vaccuracy>5.296000</vaccuracy>
<internetconnect>2</internetconnect>
</trkpt>
<trkpt lat="35.823981" lon="139.033167">
<ele>1469.333333</ele>
<time>2026-07-11T05:58:26Z</time>
<speed>0.335211</speed>
<trueHeading>0.000000</trueHeading>
<magneticHeading>0.000000</magneticHeading>
<gpsHeading>122.073067</gpsHeading>
<haccuracy>4.475000</haccuracy>
<vaccuracy>4.475000</vaccuracy>
<internetconnect>2</internetconnect>
</trkpt>
<trkpt lat="35.823713" lon="139.033488">
<ele>1461.333333</ele>
<time>2026-07-11T05:59:12Z</time>
<speed>0.660000</speed>
<trueHeading>0.000000</trueHeading>
<magneticHeading>0.000000</magneticHeading>
<gpsHeading>135.833649</gpsHeading>
<haccuracy>9.935046</haccuracy>
<vaccuracy>9.935046</vaccuracy>
<internetconnect>2</internetconnect>
</trkpt>
<trkpt lat="35.823404" lon="139.034085">
<ele>1454.666667</ele>
<time>2026-07-11T06:00:01Z</time>
<speed>1.441468</speed>
<trueHeading>0.000000</trueHeading>
<magneticHeading>0.000000</magneticHeading>
<gpsHeading>122.552826</gpsHeading>
<haccuracy>5.819000</haccuracy>
<vaccuracy>5.819000</vaccuracy>
<internetconnect>2</internetconnect>
</trkpt>
<trkpt lat="35.823140" lon="139.034671">
<ele>1450.666667</ele>
<time>2026-07-11T06:00:50Z</time>
<speed>0.979384</speed>
<trueHeading>0.000000</trueHeading>
<magneticHeading>0.000000</magneticHeading>
<gpsHeading>119.029816</gpsHeading>
<haccuracy>5.557000</haccuracy>
<vaccuracy>5.557000</vaccuracy>
<internetconnect>2</internetconnect>
</trkpt>
<trkpt lat="35.822840" lon="139.035233">
<ele>1446.666667</ele>
<time>2026-07-11T06:01:37Z</time>
<speed>1.350000</speed>
<trueHeading>0.000000</trueHeading>
<magneticHeading>0.000000</magneticHeading>
<gpsHeading>123.404671</gpsHeading>
<haccuracy>9.935046</haccuracy>
<vaccuracy>9.935046</vaccuracy>
<internetconnect>2</internetconnect>
</trkpt>
<trkpt lat="35.822453" lon="139.035838">
<ele>1441.000000</ele>
<time>2026-07-11T06:02:23Z</time>
<speed>1.673806</speed>
<trueHeading>0.000000</trueHeading>
<magneticHeading>0.000000</magneticHeading>
<gpsHeading>128.276459</gpsHeading>
<haccuracy>5.735000</haccuracy>
<vaccuracy>5.735000</vaccuracy>
<internetconnect>2</internetconnect>
</trkpt>
<trkpt lat="35.822265" lon="139.036479">
<ele>1434.333333</ele>
<time>2026-07-11T06:03:11Z</time>
<speed>1.312661</speed>
<trueHeading>0.000000</trueHeading>
<magneticHeading>0.000000</magneticHeading>
<gpsHeading>109.872055</gpsHeading>
<haccuracy>4.092000</haccuracy>
<vaccuracy>4.092000</vaccuracy>
<internetconnect>2</internetconnect>
</trkpt>
<trkpt lat="35.822180" lon="139.037197">
<ele>1427.000000</ele>
<time>2026-07-11T06:03:57Z</time>
<speed>1.220000</speed>
<trueHeading>0.000000</trueHeading>
<magneticHeading>0.000000</magneticHeading>
<gpsHeading>98.363701</gpsHeading>
<haccuracy>9.935046</haccuracy>
<vaccuracy>9.935046</vaccuracy>
<internetconnect>2</internetconnect>
</trkpt>
<trkpt lat="35.821842" lon="139.037802">
<ele>1423.333333</ele>
<time>2026-07-11T06:04:46Z</time>
<speed>1.585702</speed>
<trueHeading>0.000000</trueHeading>
<magneticHeading>0.000000</magneticHeading>
<gpsHeading>124.529854</gpsHeading>
<haccuracy>5.443000</haccuracy>
<vaccuracy>5.443000</vaccuracy>
<internetconnect>2</internetconnect>
</trkpt>
<trkpt lat="35.821377" lon="139.038241">
<ele>1422.666667</ele>
<time>2026-07-11T06:05:33Z</time>
<speed>1.645109</speed>
<trueHeading>0.000000</trueHeading>
<magneticHeading>0.000000</magneticHeading>
<gpsHeading>142.577988</gpsHeading>
<haccuracy>5.495000</haccuracy>
<vaccuracy>5.495000</vaccuracy>
<internetconnect>2</internetconnect>
</trkpt>
<trkpt lat="35.821126" lon="139.038926">
<ele>1424.000000</ele>
<time>2026-07-11T06:06:20Z</time>
<speed>1.601616</speed>
<trueHeading>0.000000</trueHeading>
<magneticHeading>0.000000</magneticHeading>
<gpsHeading>114.341721</gpsHeading>
<haccuracy>4.925000</haccuracy>
<vaccuracy>4.925000</vaccuracy>
<internetconnect>2</internetconnect>
</trkpt>
<trkpt lat="35.820763" lon="139.039551">
<ele>1423.333333</ele>
<time>2026-07-11T06:07:07Z</time>
<speed>1.280000</speed>
<trueHeading>0.000000</trueHeading>
<magneticHeading>0.000000</magneticHeading>
<gpsHeading>125.604988</gpsHeading>
<haccuracy>9.935046</haccuracy>
<vaccuracy>9.935046</vaccuracy>
<internetconnect>2</internetconnect>
</trkpt>
<trkpt lat="35.820246" lon="139.040089">
<ele>1421.666667</ele>
<time>2026-07-11T06:07:56Z</time>
<speed>1.610899</speed>
<trueHeading>0.000000</trueHeading>
<magneticHeading>0.000000</magneticHeading>
<gpsHeading>139.807312</gpsHeading>
<haccuracy>5.562000</haccuracy>
<vaccuracy>5.562000</vaccuracy>
<internetconnect>2</internetconnect>
</trkpt>
<trkpt lat="35.819947" lon="139.040667">
<ele>1417.666667</ele>
<time>2026-07-11T06:08:42Z</time>
<speed>1.310000</speed>
<trueHeading>0.000000</trueHeading>
<magneticHeading>0.000000</magneticHeading>
<gpsHeading>122.526344</gpsHeading>
<haccuracy>9.935046</haccuracy>
<vaccuracy>9.935046</vaccuracy>
<internetconnect>2</internetconnect>
</trkpt>
<trkpt lat="35.820179" lon="139.040987">
<ele>1407.666667</ele>
<time>2026-07-11T06:09:32Z</time>
<speed>1.420000</speed>
<trueHeading>0.000000</trueHeading>
<magneticHeading>0.000000</magneticHeading>
<gpsHeading>48.180977</gpsHeading>
<haccuracy>9.935046</haccuracy>
<vaccuracy>9.935046</vaccuracy>
<internetconnect>2</internetconnect>
</trkpt>
<trkpt lat="35.820062" lon="139.041383">
<ele>1396.666667</ele>
<time>2026-07-11T06:10:21Z</time>
<speed>1.620532</speed>
<trueHeading>0.000000</trueHeading>
<magneticHeading>0.000000</magneticHeading>
<gpsHeading>110.129990</gpsHeading>
<haccuracy>3.415000</haccuracy>
<vaccuracy>3.415000</vaccuracy>
<internetconnect>2</internetconnect>
</trkpt>
<trkpt lat="35.820387" lon="139.041591">
<ele>1389.000000</ele>
<time>2026-07-11T06:11:08Z</time>
<speed>1.449705</speed>
<trueHeading>0.000000</trueHeading>
<magneticHeading>0.000000</magneticHeading>
<gpsHeading>27.361307</gpsHeading>
<haccuracy>5.801000</haccuracy>
<vaccuracy>5.801000</vaccuracy>
<internetconnect>2</internetconnect>
</trkpt>
<trkpt lat="35.819893" lon="139.042026">
<ele>1393.333333</ele>
<time>2026-07-11T06:11:56Z</time>
<speed>1.557986</speed>
<trueHeading>0.000000</trueHeading>
<magneticHeading>0.000000</magneticHeading>
<gpsHeading>144.469635</gpsHeading>
<haccuracy>5.256000</haccuracy>
<vaccuracy>5.256000</vaccuracy>
<internetconnect>2</internetconnect>
</trkpt>
<trkpt lat="35.819626" lon="139.042670">
<ele>1400.000000</ele>
<time>2026-07-11T06:12:44Z</time>
<speed>1.400102</speed>
<trueHeading>0.000000</trueHeading>
<magneticHeading>0.000000</magneticHeading>
<gpsHeading>117.033691</gpsHeading>
<haccuracy>5.294000</haccuracy>
<vaccuracy>5.294000</vaccuracy>
<internetconnect>2</internetconnect>
</trkpt>
<trkpt lat="35.819349" lon="139.043184">
<ele>1408.000000</ele>
<time>2026-07-11T06:13:32Z</time>
<speed>1.130000</speed>
<trueHeading>0.000000</trueHeading>
<magneticHeading>0.000000</magneticHeading>
<gpsHeading>123.651466</gpsHeading>
<haccuracy>9.935046</haccuracy>
<vaccuracy>9.935046</vaccuracy>
<internetconnect>2</internetconnect>
</trkpt>
<trkpt lat="35.818983" lon="139.043771">
<ele>1413.333333</ele>
<time>2026-07-11T06:14:21Z</time>
<speed>1.373832</speed>
<trueHeading>0.000000</trueHeading>
<magneticHeading>0.000000</magneticHeading>
<gpsHeading>127.551476</gpsHeading>
<haccuracy>5.266000</haccuracy>
<vaccuracy>5.266000</vaccuracy>
<internetconnect>2</internetconnect>
</trkpt>
<trkpt lat="35.818841" lon="139.044441">
<ele>1419.333333</ele>
<time>2026-07-11T06:15:10Z</time>
<speed>1.302948</speed>
<trueHeading>0.000000</trueHeading>
<magneticHeading>0.000000</magneticHeading>
<gpsHeading>104.679626</gpsHeading>
<haccuracy>5.960000</haccuracy>
<vaccuracy>5.960000</vaccuracy>
<internetconnect>2</internetconnect>
</trkpt>
<trkpt lat="35.818788" lon="139.045200">
<ele>1425.000000</ele>
<time>2026-07-11T06:15:57Z</time>
<speed>1.230000</speed>
<trueHeading>0.000000</trueHeading>
<magneticHeading>0.000000</magneticHeading>
<gpsHeading>94.870522</gpsHeading>
<haccuracy>9.935046</haccuracy>
<vaccuracy>9.935046</vaccuracy>
<internetconnect>2</internetconnect>
</trkpt>
<trkpt lat="35.818674" lon="139.045882">
<ele>1430.000000</ele>
<time>2026-07-11T06:16:44Z</time>
<speed>1.393355</speed>
<trueHeading>0.000000</trueHeading>
<magneticHeading>0.000000</magneticHeading>
<gpsHeading>101.657013</gpsHeading>
<haccuracy>5.400000</haccuracy>
<vaccuracy>5.400000</vaccuracy>
<internetconnect>2</internetconnect>
</trkpt>
<trkpt lat="35.818384" lon="139.046382">
<ele>1438.666667</ele>
<time>2026-07-11T06:17:32Z</time>
<speed>1.020000</speed>
<trueHeading>0.000000</trueHeading>
<magneticHeading>0.000000</magneticHeading>
<gpsHeading>125.560471</gpsHeading>
<haccuracy>9.935046</haccuracy>
<vaccuracy>9.935046</vaccuracy>
<internetconnect>2</internetconnect>
</trkpt>
<trkpt lat="35.818081" lon="139.046934">
<ele>1444.333333</ele>
<time>2026-07-11T06:18:19Z</time>
<speed>1.530123</speed>
<trueHeading>0.000000</trueHeading>
<magneticHeading>0.000000</magneticHeading>
<gpsHeading>124.120483</gpsHeading>
<haccuracy>5.502000</haccuracy>
<vaccuracy>5.502000</vaccuracy>
<internetconnect>2</internetconnect>
</trkpt>
<trkpt lat="35.818065" lon="139.047600">
<ele>1447.000000</ele>
<time>2026-07-11T06:19:07Z</time>
<speed>1.180000</speed>
<trueHeading>0.000000</trueHeading>
<magneticHeading>0.000000</magneticHeading>
<gpsHeading>91.755951</gpsHeading>
<haccuracy>9.935046</haccuracy>
<vaccuracy>9.935046</vaccuracy>
<internetconnect>2</internetconnect>
</trkpt>
<trkpt lat="35.818122" lon="139.048380">
<ele>1442.000000</ele>
<time>2026-07-11T06:19:57Z</time>
<speed>1.320000</speed>
<trueHeading>0.000000</trueHeading>
<magneticHeading>0.000000</magneticHeading>
<gpsHeading>84.801140</gpsHeading>
<haccuracy>9.935046</haccuracy>
<vaccuracy>9.935046</vaccuracy>
<internetconnect>2</internetconnect>
</trkpt>
<trkpt lat="35.818108" lon="139.049186">
<ele>1437.666667</ele>
<time>2026-07-11T06:20:44Z</time>
<speed>1.704481</speed>
<trueHeading>0.000000</trueHeading>
<magneticHeading>0.000000</magneticHeading>
<gpsHeading>91.258026</gpsHeading>
<haccuracy>5.557000</haccuracy>
<vaccuracy>5.557000</vaccuracy>
<internetconnect>2</internetconnect>
</trkpt>
<trkpt lat="35.818500" lon="139.049694">
<ele>1433.333333</ele>
<time>2026-07-11T06:21:32Z</time>
<speed>0.000000</speed>
<trueHeading>0.000000</trueHeading>
<magneticHeading>0.000000</magneticHeading>
<gpsHeading>46.387375</gpsHeading>
<haccuracy>9.935046</haccuracy>
<vaccuracy>9.935046</vaccuracy>
<internetconnect>2</internetconnect>
</trkpt>
<trkpt lat="35.818670" lon="139.050583">
<ele>1427.666667</ele>
<time>2026-07-11T06:22:20Z</time>
<speed>1.595511</speed>
<trueHeading>0.000000</trueHeading>
<magneticHeading>0.000000</magneticHeading>
<gpsHeading>76.748840</gpsHeading>
<haccuracy>5.324000</haccuracy>
<vaccuracy>5.324000</vaccuracy>
<internetconnect>2</internetconnect>
</trkpt>
<trkpt lat="35.818826" lon="139.051198">
<ele>1419.333333</ele>
<time>2026-07-11T06:23:07Z</time>
<speed>1.550000</speed>
<trueHeading>0.000000</trueHeading>
<magneticHeading>0.000000</magneticHeading>
<gpsHeading>72.579208</gpsHeading>
<haccuracy>9.935046</haccuracy>
<vaccuracy>9.935046</vaccuracy>
<internetconnect>2</internetconnect>
</trkpt>
<trkpt lat="35.818666" lon="139.051921">
<ele>1410.000000</ele>
<time>2026-07-11T06:23:56Z</time>
<speed>0.872192</speed>
<trueHeading>0.000000</trueHeading>
<magneticHeading>0.000000</magneticHeading>
<gpsHeading>105.293175</gpsHeading>
<haccuracy>5.599000</haccuracy>
<vaccuracy>5.599000</vaccuracy>
<internetconnect>2</internetconnect>
</trkpt>
<trkpt lat="35.818422" lon="139.052516">
<ele>1399.000000</ele>
<time>2026-07-11T06:24:42Z</time>
<speed>1.520000</speed>
<trueHeading>0.000000</trueHeading>
<magneticHeading>0.000000</magneticHeading>
<gpsHeading>116.765747</gpsHeading>
<haccuracy>9.935046</haccuracy>
<vaccuracy>9.935046</vaccuracy>
<internetconnect>2</internetconnect>
</trkpt>
<trkpt lat="35.818117" lon="139.052973">
<ele>1388.666667</ele>
<time>2026-07-11T06:25:32Z</time>
<speed>1.290000</speed>
<trueHeading>0.000000</trueHeading>
<magneticHeading>0.000000</magneticHeading>
<gpsHeading>129.484207</gpsHeading>
<haccuracy>9.935046</haccuracy>
<vaccuracy>9.935046</vaccuracy>
<internetconnect>2</internetconnect>
</trkpt>
<trkpt lat="35.818035" lon="139.053479">
<ele>1372.666667</ele>
<time>2026-07-11T06:26:20Z</time>
<speed>1.627277</speed>
<trueHeading>0.000000</trueHeading>
<magneticHeading>0.000000</magneticHeading>
<gpsHeading>101.331085</gpsHeading>
<haccuracy>5.512000</haccuracy>
<vaccuracy>5.512000</vaccuracy>
<internetconnect>2</internetconnect>
</trkpt>
<trkpt lat="35.817817" lon="139.053980">
<ele>1358.333333</ele>
<time>2026-07-11T06:27:07Z</time>
<speed>1.360000</speed>
<trueHeading>0.000000</trueHeading>
<magneticHeading>0.000000</magneticHeading>
<gpsHeading>118.247620</gpsHeading>
<haccuracy>9.935046</haccuracy>
<vaccuracy>9.935046</vaccuracy>
<internetconnect>2</internetconnect>
</trkpt>
<trkpt lat="35.817638" lon="139.054259">
<ele>1340.666667</ele>
<time>2026-07-11T06:28:12Z</time>
<speed>1.320000</speed>
<trueHeading>0.000000</trueHeading>
<magneticHeading>0.000000</magneticHeading>
<gpsHeading>128.234329</gpsHeading>
<haccuracy>9.935046</haccuracy>
<vaccuracy>9.935046</vaccuracy>
<internetconnect>2</internetconnect>
</trkpt>
<trkpt lat="35.817383" lon="139.054524">
<ele>1326.333333</ele>
<time>2026-07-11T06:28:58Z</time>
<speed>0.943378</speed>
<trueHeading>0.000000</trueHeading>
<magneticHeading>0.000000</magneticHeading>
<gpsHeading>139.893860</gpsHeading>
<haccuracy>5.442000</haccuracy>
<vaccuracy>5.442000</vaccuracy>
<internetconnect>2</internetconnect>
</trkpt>
<trkpt lat="35.817287" lon="139.055008">
<ele>1312.333333</ele>
<time>2026-07-11T06:29:45Z</time>
<speed>1.503259</speed>
<trueHeading>0.000000</trueHeading>
<magneticHeading>0.000000</magneticHeading>
<gpsHeading>103.805527</gpsHeading>
<haccuracy>5.285000</haccuracy>
<vaccuracy>5.285000</vaccuracy>
<internetconnect>2</internetconnect>
</trkpt>
<trkpt lat="35.817246" lon="139.055415">
<ele>1299.666667</ele>
<time>2026-07-11T06:30:32Z</time>
<speed>1.520000</speed>
<trueHeading>0.000000</trueHeading>
<magneticHeading>0.000000</magneticHeading>
<gpsHeading>97.049446</gpsHeading>
<haccuracy>10.011325</haccuracy>
<vaccuracy>10.011325</vaccuracy>
<internetconnect>2</internetconnect>
</trkpt>
<trkpt lat="35.816963" lon="139.055878">
<ele>1287.000000</ele>
<time>2026-07-11T06:31:19Z</time>
<speed>0.448818</speed>
<trueHeading>0.000000</trueHeading>
<magneticHeading>0.000000</magneticHeading>
<gpsHeading>127.049202</gpsHeading>
<haccuracy>4.317000</haccuracy>
<vaccuracy>4.317000</vaccuracy>
<internetconnect>2</internetconnect>
</trkpt>
<trkpt lat="35.816771" lon="139.056226">
<ele>1271.666667</ele>
<time>2026-07-11T06:32:07Z</time>
<speed>2.150000</speed>
<trueHeading>0.000000</trueHeading>
<magneticHeading>0.000000</magneticHeading>
<gpsHeading>124.239471</gpsHeading>
<haccuracy>4.022871</haccuracy>
<vaccuracy>4.022871</vaccuracy>
<internetconnect>2</internetconnect>
</trkpt>
<trkpt lat="35.816437" lon="139.056634">
<ele>1257.666667</ele>
<time>2026-07-11T06:32:53Z</time>
<speed>1.336523</speed>
<trueHeading>0.000000</trueHeading>
<magneticHeading>0.000000</magneticHeading>
<gpsHeading>135.208389</gpsHeading>
<haccuracy>4.849000</haccuracy>
<vaccuracy>4.849000</vaccuracy>
<internetconnect>2</internetconnect>
</trkpt>
<trkpt lat="35.816220" lon="139.056898">
<ele>1244.000000</ele>
<time>2026-07-11T06:33:50Z</time>
<speed>1.292179</speed>
<trueHeading>0.000000</trueHeading>
<magneticHeading>0.000000</magneticHeading>
<gpsHeading>135.500183</gpsHeading>
<haccuracy>5.954000</haccuracy>
<vaccuracy>5.954000</vaccuracy>
<internetconnect>2</internetconnect>
</trkpt>
<trkpt lat="35.815932" lon="139.056917">
<ele>1231.666667</ele>
<time>2026-07-11T06:34:43Z</time>
<speed>0.541280</speed>
<trueHeading>0.000000</trueHeading>
<magneticHeading>0.000000</magneticHeading>
<gpsHeading>176.968903</gpsHeading>
<haccuracy>6.288000</haccuracy>
<vaccuracy>6.288000</vaccuracy>
<internetconnect>2</internetconnect>
</trkpt>
<trkpt lat="35.815557" lon="139.056968">
<ele>1220.000000</ele>
<time>2026-07-11T06:35:32Z</time>
<speed>1.470000</speed>
<trueHeading>0.000000</trueHeading>
<magneticHeading>0.000000</magneticHeading>
<gpsHeading>173.630539</gpsHeading>
<haccuracy>9.935046</haccuracy>
<vaccuracy>9.935046</vaccuracy>
<internetconnect>2</internetconnect>
</trkpt>
<trkpt lat="35.815278" lon="139.057549">
<ele>1209.333333</ele>
<time>2026-07-11T06:36:20Z</time>
<speed>1.471700</speed>
<trueHeading>0.000000</trueHeading>
<magneticHeading>0.000000</magneticHeading>
<gpsHeading>120.756622</gpsHeading>
<haccuracy>3.074000</haccuracy>
<vaccuracy>3.074000</vaccuracy>
<internetconnect>2</internetconnect>
</trkpt>
<trkpt lat="35.815182" lon="139.058051">
<ele>1195.333333</ele>
<time>2026-07-11T06:37:06Z</time>
<speed>1.577941</speed>
<trueHeading>0.000000</trueHeading>
<magneticHeading>0.000000</magneticHeading>
<gpsHeading>103.185089</gpsHeading>
<haccuracy>3.039000</haccuracy>
<vaccuracy>3.039000</vaccuracy>
<internetconnect>0</internetconnect>
</trkpt>
<trkpt lat="35.814810" lon="139.058082">
<ele>1185.000000</ele>
<time>2026-07-11T06:37:54Z</time>
<speed>1.159146</speed>
<trueHeading>0.000000</trueHeading>
<magneticHeading>0.000000</magneticHeading>
<gpsHeading>176.123703</gpsHeading>
<haccuracy>5.270000</haccuracy>
<vaccuracy>5.270000</vaccuracy>
<internetconnect>0</internetconnect>
</trkpt>
<trkpt lat="35.814766" lon="139.058428">
<ele>1176.000000</ele>
<time>2026-07-11T06:38:57Z</time>
<speed>0.000000</speed>
<trueHeading>0.000000</trueHeading>
<magneticHeading>0.000000</magneticHeading>
<gpsHeading>98.966713</gpsHeading>
<haccuracy>3.790092</haccuracy>
<vaccuracy>3.790092</vaccuracy>
<internetconnect>0</internetconnect>
</trkpt>
<trkpt lat="35.814626" lon="139.058873">
<ele>1171.000000</ele>
<time>2026-07-11T06:39:43Z</time>
<speed>1.250000</speed>
<trueHeading>0.000000</trueHeading>
<magneticHeading>0.000000</magneticHeading>
<gpsHeading>111.136520</gpsHeading>
<haccuracy>9.935046</haccuracy>
<vaccuracy>9.935046</vaccuracy>
<internetconnect>0</internetconnect>
</trkpt>
<trkpt lat="35.814416" lon="139.059598">
<ele>1168.333333</ele>
<time>2026-07-11T06:40:33Z</time>
<speed>1.585009</speed>
<trueHeading>0.000000</trueHeading>
<magneticHeading>0.000000</magneticHeading>
<gpsHeading>109.681694</gpsHeading>
<haccuracy>3.113000</haccuracy>
<vaccuracy>3.113000</vaccuracy>
<internetconnect>0</internetconnect>
</trkpt>
<trkpt lat="35.813920" lon="139.060230">
<ele>1166.333333</ele>
<time>2026-07-11T06:41:19Z</time>
<speed>1.596049</speed>
<trueHeading>0.000000</trueHeading>
<magneticHeading>0.000000</magneticHeading>
<gpsHeading>134.039978</gpsHeading>
<haccuracy>5.070000</haccuracy>
<vaccuracy>5.070000</vaccuracy>
<internetconnect>0</internetconnect>
</trkpt>
<trkpt lat="35.813477" lon="139.060794">
<ele>1167.666667</ele>
<time>2026-07-11T06:42:07Z</time>
<speed>1.576748</speed>
<trueHeading>0.000000</trueHeading>
<magneticHeading>0.000000</magneticHeading>
<gpsHeading>134.097733</gpsHeading>
<haccuracy>5.243000</haccuracy>
<vaccuracy>5.243000</vaccuracy>
<internetconnect>2</internetconnect>
</trkpt>
<trkpt lat="35.813792" lon="139.061495">
<ele>1163.000000</ele>
<time>2026-07-11T06:42:54Z</time>
<speed>1.680578</speed>
<trueHeading>0.000000</trueHeading>
<magneticHeading>0.000000</magneticHeading>
<gpsHeading>61.007046</gpsHeading>
<haccuracy>5.383000</haccuracy>
<vaccuracy>5.383000</vaccuracy>
<internetconnect>2</internetconnect>
</trkpt>
<trkpt lat="35.813786" lon="139.062163">
<ele>1158.666667</ele>
<time>2026-07-11T06:43:41Z</time>
<speed>1.228852</speed>
<trueHeading>0.000000</trueHeading>
<magneticHeading>0.000000</magneticHeading>
<gpsHeading>90.592476</gpsHeading>
<haccuracy>8.397000</haccuracy>
<vaccuracy>8.397000</vaccuracy>
<internetconnect>2</internetconnect>
</trkpt>
<trkpt lat="35.813869" lon="139.062807">
<ele>1154.333333</ele>
<time>2026-07-11T06:44:28Z</time>
<speed>1.210000</speed>
<trueHeading>0.000000</trueHeading>
<magneticHeading>0.000000</magneticHeading>
<gpsHeading>80.973900</gpsHeading>
<haccuracy>9.935046</haccuracy>
<vaccuracy>9.935046</vaccuracy>
<internetconnect>2</internetconnect>
</trkpt>
<trkpt lat="35.814120" lon="139.063557">
<ele>1153.000000</ele>
<time>2026-07-11T06:45:17Z</time>
<speed>1.618210</speed>
<trueHeading>0.000000</trueHeading>
<magneticHeading>0.000000</magneticHeading>
<gpsHeading>67.598282</gpsHeading>
<haccuracy>5.609000</haccuracy>
<vaccuracy>5.609000</vaccuracy>
<internetconnect>2</internetconnect>
</trkpt>
<trkpt lat="35.813862" lon="139.064236">
<ele>1153.333333</ele>
<time>2026-07-11T06:46:04Z</time>
<speed>1.356038</speed>
<trueHeading>0.000000</trueHeading>
<magneticHeading>0.000000</magneticHeading>
<gpsHeading>115.170387</gpsHeading>
<haccuracy>3.054000</haccuracy>
<vaccuracy>3.054000</vaccuracy>
<internetconnect>2</internetconnect>
</trkpt>
<trkpt lat="35.813598" lon="139.064936">
<ele>1152.333333</ele>
<time>2026-07-11T06:46:51Z</time>
<speed>1.137944</speed>
<trueHeading>0.000000</trueHeading>
<magneticHeading>0.000000</magneticHeading>
<gpsHeading>114.930679</gpsHeading>
<haccuracy>4.009000</haccuracy>
<vaccuracy>4.009000</vaccuracy>
<internetconnect>2</internetconnect>
</trkpt>
<trkpt lat="35.813347" lon="139.065674">
<ele>1149.000000</ele>
<time>2026-07-11T06:47:38Z</time>
<speed>1.430000</speed>
<trueHeading>0.000000</trueHeading>
<magneticHeading>0.000000</magneticHeading>
<gpsHeading>112.727707</gpsHeading>
<haccuracy>10.058816</haccuracy>
<vaccuracy>10.058816</vaccuracy>
<internetconnect>2</internetconnect>
</trkpt>
<trkpt lat="35.813173" lon="139.066452">
<ele>1144.666667</ele>
<time>2026-07-11T06:48:28Z</time>
<speed>1.324758</speed>
<trueHeading>0.000000</trueHeading>
<magneticHeading>0.000000</magneticHeading>
<gpsHeading>105.443588</gpsHeading>
<haccuracy>5.076000</haccuracy>
<vaccuracy>5.076000</vaccuracy>
<internetconnect>2</internetconnect>
</trkpt>
<trkpt lat="35.813066" lon="139.066848">
<ele>1139.000000</ele>
<time>2026-07-11T06:49:20Z</time>
<speed>0.083218</speed>
<trueHeading>0.000000</trueHeading>
<magneticHeading>0.000000</magneticHeading>
<gpsHeading>108.408966</gpsHeading>
<haccuracy>4.445000</haccuracy>
<vaccuracy>4.445000</vaccuracy>
<internetconnect>2</internetconnect>
</trkpt>
<trkpt lat="35.813213" lon="139.067495">
<ele>1132.333333</ele>
<time>2026-07-11T06:50:09Z</time>
<speed>1.590122</speed>
<trueHeading>0.000000</trueHeading>
<magneticHeading>0.000000</magneticHeading>
<gpsHeading>74.341537</gpsHeading>
<haccuracy>3.154000</haccuracy>
<vaccuracy>3.154000</vaccuracy>
<internetconnect>2</internetconnect>
</trkpt>
<trkpt lat="35.813504" lon="139.067809">
<ele>1125.666667</ele>
<time>2026-07-11T06:50:58Z</time>
<speed>0.125755</speed>
<trueHeading>0.000000</trueHeading>
<magneticHeading>0.000000</magneticHeading>
<gpsHeading>41.260357</gpsHeading>
<haccuracy>7.459000</haccuracy>
<vaccuracy>7.459000</vaccuracy>
<internetconnect>2</internetconnect>
</trkpt>
<trkpt lat="35.813521" lon="139.068170">
<ele>1116.333333</ele>
<time>2026-07-11T06:51:46Z</time>
<speed>1.310000</speed>
<trueHeading>0.000000</trueHeading>
<magneticHeading>0.000000</magneticHeading>
<gpsHeading>86.599045</gpsHeading>
<haccuracy>3.977932</haccuracy>
<vaccuracy>3.977932</vaccuracy>
<internetconnect>2</internetconnect>
</trkpt>
<trkpt lat="35.813674" lon="139.068721">
<ele>1107.000000</ele>
<time>2026-07-11T06:52:34Z</time>
<speed>0.628270</speed>
<trueHeading>0.000000</trueHeading>
<magneticHeading>0.000000</magneticHeading>
<gpsHeading>71.130302</gpsHeading>
<haccuracy>5.546000</haccuracy>
<vaccuracy>5.546000</vaccuracy>
<internetconnect>2</internetconnect>
</trkpt>
<trkpt lat="35.813889" lon="139.069219">
<ele>1093.666667</ele>
<time>2026-07-11T06:53:21Z</time>
<speed>1.220000</speed>
<trueHeading>0.000000</trueHeading>
<magneticHeading>0.000000</magneticHeading>
<gpsHeading>61.844402</gpsHeading>
<haccuracy>10.435575</haccuracy>
<vaccuracy>10.435575</vaccuracy>
<internetconnect>2</internetconnect>
</trkpt>
<trkpt lat="35.813638" lon="139.069739">
<ele>1083.000000</ele>
<time>2026-07-11T06:54:11Z</time>
<speed>1.300000</speed>
<trueHeading>0.000000</trueHeading>
<magneticHeading>0.000000</magneticHeading>
<gpsHeading>120.797531</gpsHeading>
<haccuracy>10.486085</haccuracy>
<vaccuracy>10.486085</vaccuracy>
<internetconnect>2</internetconnect>
</trkpt>
<trkpt lat="35.813407" lon="139.069951">
<ele>1072.333333</ele>
<time>2026-07-11T06:54:58Z</time>
<speed>0.218918</speed>
<trueHeading>0.000000</trueHeading>
<magneticHeading>0.000000</magneticHeading>
<gpsHeading>143.305756</gpsHeading>
<haccuracy>4.290000</haccuracy>
<vaccuracy>4.290000</vaccuracy>
<internetconnect>2</internetconnect>
</trkpt>
<trkpt lat="35.813182" lon="139.070293">
<ele>1060.333333</ele>
<time>2026-07-11T06:55:46Z</time>
<speed>1.140000</speed>
<trueHeading>0.000000</trueHeading>
<magneticHeading>0.000000</magneticHeading>
<gpsHeading>129.061157</gpsHeading>
<haccuracy>10.149072</haccuracy>
<vaccuracy>10.149072</vaccuracy>
<internetconnect>2</internetconnect>
</trkpt>
<trkpt lat="35.812932" lon="139.070710">
<ele>1048.333333</ele>
<time>2026-07-11T06:56:35Z</time>
<speed>1.561132</speed>
<trueHeading>0.000000</trueHeading>
<magneticHeading>0.000000</magneticHeading>
<gpsHeading>126.517303</gpsHeading>
<haccuracy>5.566000</haccuracy>
<vaccuracy>5.566000</vaccuracy>
<internetconnect>2</internetconnect>
</trkpt>
<trkpt lat="35.812708" lon="139.071105">
<ele>1035.000000</ele>
<time>2026-07-11T06:57:21Z</time>
<speed>0.286896</speed>
<trueHeading>0.000000</trueHeading>
<magneticHeading>0.000000</magneticHeading>
<gpsHeading>124.894684</gpsHeading>
<haccuracy>5.247000</haccuracy>
<vaccuracy>5.247000</vaccuracy>
<internetconnect>2</internetconnect>
</trkpt>
<trkpt lat="35.812331" lon="139.071540">
<ele>1023.000000</ele>
<time>2026-07-11T06:58:09Z</time>
<speed>1.355595</speed>
<trueHeading>0.000000</trueHeading>
<magneticHeading>0.000000</magneticHeading>
<gpsHeading>136.948730</gpsHeading>
<haccuracy>6.146000</haccuracy>
<vaccuracy>6.146000</vaccuracy>
<internetconnect>2</internetconnect>
</trkpt>
<trkpt lat="35.812029" lon="139.071815">
<ele>1011.666667</ele>
<time>2026-07-11T06:58:56Z</time>
<speed>1.770000</speed>
<trueHeading>0.000000</trueHeading>
<magneticHeading>0.000000</magneticHeading>
<gpsHeading>143.590851</gpsHeading>
<haccuracy>10.236848</haccuracy>
<vaccuracy>10.236848</vaccuracy>
<internetconnect>2</internetconnect>
</trkpt>
<trkpt lat="35.811786" lon="139.072146">
<ele>997.333333</ele>
<time>2026-07-11T06:59:45Z</time>
<speed>1.509960</speed>
<trueHeading>0.000000</trueHeading>
<magneticHeading>0.000000</magneticHeading>
<gpsHeading>132.054520</gpsHeading>
<haccuracy>4.250000</haccuracy>
<vaccuracy>4.250000</vaccuracy>
<internetconnect>2</internetconnect>
</trkpt>
<trkpt lat="35.811255" lon="139.072512">
<ele>983.333333</ele>
<time>2026-07-11T07:00:33Z</time>
<speed>1.395383</speed>
<trueHeading>0.000000</trueHeading>
<magneticHeading>0.000000</magneticHeading>
<gpsHeading>150.850037</gpsHeading>
<haccuracy>5.383000</haccuracy>
<vaccuracy>5.383000</vaccuracy>
<internetconnect>2</internetconnect>
</trkpt>
<trkpt lat="35.810833" lon="139.072705">
<ele>967.333333</ele>
<time>2026-07-11T07:01:21Z</time>
<speed>1.620000</speed>
<trueHeading>0.000000</trueHeading>
<magneticHeading>0.000000</magneticHeading>
<gpsHeading>159.639664</gpsHeading>
<haccuracy>9.935046</haccuracy>
<vaccuracy>9.935046</vaccuracy>
<internetconnect>2</internetconnect>
</trkpt>
<trkpt lat="35.810473" lon="139.072941">
<ele>954.333333</ele>
<time>2026-07-11T07:02:10Z</time>
<speed>0.288331</speed>
<trueHeading>0.000000</trueHeading>
<magneticHeading>0.000000</magneticHeading>
<gpsHeading>151.990250</gpsHeading>
<haccuracy>5.145000</haccuracy>
<vaccuracy>5.145000</vaccuracy>
<internetconnect>2</internetconnect>
</trkpt>
<trkpt lat="35.810296" lon="139.073220">
<ele>942.000000</ele>
<time>2026-07-11T07:02:56Z</time>
<speed>1.640000</speed>
<trueHeading>0.000000</trueHeading>
<magneticHeading>0.000000</magneticHeading>
<gpsHeading>128.052246</gpsHeading>
<haccuracy>10.054826</haccuracy>
<vaccuracy>10.054826</vaccuracy>
<internetconnect>2</internetconnect>
</trkpt>
<trkpt lat="35.810058" lon="139.073580">
<ele>929.000000</ele>
<time>2026-07-11T07:03:44Z</time>
<speed>0.318945</speed>
<trueHeading>0.000000</trueHeading>
<magneticHeading>0.000000</magneticHeading>
<gpsHeading>129.180069</gpsHeading>
<haccuracy>4.787000</haccuracy>
<vaccuracy>4.787000</vaccuracy>
<internetconnect>2</internetconnect>
</trkpt>
<trkpt lat="35.809896" lon="139.074253">
<ele>916.333333</ele>
<time>2026-07-11T07:04:31Z</time>
<speed>1.480000</speed>
<trueHeading>0.000000</trueHeading>
<magneticHeading>0.000000</magneticHeading>
<gpsHeading>106.570595</gpsHeading>
<haccuracy>10.426641</haccuracy>
<vaccuracy>10.426641</vaccuracy>
<internetconnect>2</internetconnect>
</trkpt>
<trkpt lat="35.809810" lon="139.074870">
<ele>904.666667</ele>
<time>2026-07-11T07:05:18Z</time>
<speed>1.061515</speed>
<trueHeading>0.000000</trueHeading>
<magneticHeading>0.000000</magneticHeading>
<gpsHeading>99.724274</gpsHeading>
<haccuracy>5.236000</haccuracy>
<vaccuracy>5.236000</vaccuracy>
<internetconnect>2</internetconnect>
</trkpt>
<trkpt lat="35.809641" lon="139.075440">
<ele>894.666667</ele>
<time>2026-07-11T07:06:06Z</time>
<speed>1.170000</speed>
<trueHeading>0.000000</trueHeading>
<magneticHeading>0.000000</magneticHeading>
<gpsHeading>110.134590</gpsHeading>
<haccuracy>9.935046</haccuracy>
<vaccuracy>9.935046</vaccuracy>
<internetconnect>2</internetconnect>
</trkpt>
<trkpt lat="35.809556" lon="139.076162">
<ele>886.666667</ele>
<time>2026-07-11T07:06:54Z</time>
<speed>1.347864</speed>
<trueHeading>0.000000</trueHeading>
<magneticHeading>0.000000</magneticHeading>
<gpsHeading>98.251740</gpsHeading>
<haccuracy>5.167000</haccuracy>
<vaccuracy>5.167000</vaccuracy>
<internetconnect>2</internetconnect>
</trkpt>
<trkpt lat="35.809605" lon="139.076821">
<ele>877.333333</ele>
<time>2026-07-11T07:07:40Z</time>
<speed>1.641573</speed>
<trueHeading>0.000000</trueHeading>
<magneticHeading>0.000000</magneticHeading>
<gpsHeading>84.699181</gpsHeading>
<haccuracy>5.192000</haccuracy>
<vaccuracy>5.192000</vaccuracy>
<internetconnect>2</internetconnect>
</trkpt>
<trkpt lat="35.809697" lon="139.077550">
<ele>868.000000</ele>
<time>2026-07-11T07:08:27Z</time>
<speed>1.280533</speed>
<trueHeading>0.000000</trueHeading>
<magneticHeading>0.000000</magneticHeading>
<gpsHeading>81.212669</gpsHeading>
<haccuracy>5.854000</haccuracy>
<vaccuracy>5.854000</vaccuracy>
<internetconnect>2</internetconnect>
</trkpt>
<trkpt lat="35.810004" lon="139.078034">
<ele>856.666667</ele>
<time>2026-07-11T07:09:15Z</time>
<speed>1.595596</speed>
<trueHeading>0.000000</trueHeading>
<magneticHeading>0.000000</magneticHeading>
<gpsHeading>51.964081</gpsHeading>
<haccuracy>4.068000</haccuracy>
<vaccuracy>4.068000</vaccuracy>
<internetconnect>2</internetconnect>
</trkpt>
<trkpt lat="35.810044" lon="139.078656">
<ele>845.333333</ele>
<time>2026-07-11T07:10:02Z</time>
<speed>1.542572</speed>
<trueHeading>0.000000</trueHeading>
<magneticHeading>0.000000</magneticHeading>
<gpsHeading>85.416420</gpsHeading>
<haccuracy>5.554000</haccuracy>
<vaccuracy>5.554000</vaccuracy>
<internetconnect>2</internetconnect>
</trkpt>
<trkpt lat="35.810203" lon="139.079424">
<ele>834.000000</ele>
<time>2026-07-11T07:10:48Z</time>
<speed>1.477693</speed>
<trueHeading>0.000000</trueHeading>
<magneticHeading>0.000000</magneticHeading>
<gpsHeading>75.767197</gpsHeading>
<haccuracy>5.825000</haccuracy>
<vaccuracy>5.825000</vaccuracy>
<internetconnect>2</internetconnect>
</trkpt>
<trkpt lat="35.810431" lon="139.080057">
<ele>823.333333</ele>
<time>2026-07-11T07:11:35Z</time>
<speed>1.470985</speed>
<trueHeading>0.000000</trueHeading>
<magneticHeading>0.000000</magneticHeading>
<gpsHeading>65.988823</gpsHeading>
<haccuracy>3.088000</haccuracy>
<vaccuracy>3.088000</vaccuracy>
<internetconnect>2</internetconnect>
</trkpt>
<trkpt lat="35.810573" lon="139.080768">
<ele>815.666667</ele>
<time>2026-07-11T07:12:22Z</time>
<speed>1.637966</speed>
<trueHeading>0.000000</trueHeading>
<magneticHeading>0.000000</magneticHeading>
<gpsHeading>76.222870</gpsHeading>
<haccuracy>5.183000</haccuracy>
<vaccuracy>5.183000</vaccuracy>
<internetconnect>2</internetconnect>
</trkpt>
<trkpt lat="35.810622" lon="139.081472">
<ele>808.666667</ele>
<time>2026-07-11T07:13:09Z</time>
<speed>1.609634</speed>
<trueHeading>0.000000</trueHeading>
<magneticHeading>0.000000</magneticHeading>
<gpsHeading>85.036102</gpsHeading>
<haccuracy>5.752000</haccuracy>
<vaccuracy>5.752000</vaccuracy>
<internetconnect>2</internetconnect>
</trkpt>
<trkpt lat="35.810766" lon="139.082167">
<ele>801.333333</ele>
<time>2026-07-11T07:13:56Z</time>
<speed>0.630000</speed>
<trueHeading>0.000000</trueHeading>
<magneticHeading>0.000000</magneticHeading>
<gpsHeading>75.695877</gpsHeading>
<haccuracy>3.790092</haccuracy>
<vaccuracy>3.790092</vaccuracy>
<internetconnect>2</internetconnect>
</trkpt>
<trkpt lat="35.810701" lon="139.082732">
<ele>790.666667</ele>
<time>2026-07-11T07:14:44Z</time>
<speed>1.366456</speed>
<trueHeading>0.000000</trueHeading>
<magneticHeading>0.000000</magneticHeading>
<gpsHeading>97.985313</gpsHeading>
<haccuracy>3.001000</haccuracy>
<vaccuracy>3.001000</vaccuracy>
<internetconnect>2</internetconnect>
</trkpt>
<trkpt lat="35.810721" lon="139.083285">
<ele>783.000000</ele>
<time>2026-07-11T07:15:31Z</time>
<speed>1.530000</speed>
<trueHeading>0.000000</trueHeading>
<magneticHeading>0.000000</magneticHeading>
<gpsHeading>87.539497</gpsHeading>
<haccuracy>9.935046</haccuracy>
<vaccuracy>9.935046</vaccuracy>
<internetconnect>2</internetconnect>
</trkpt>
<trkpt lat="35.810441" lon="139.082802">
<ele>772.333333</ele>
<time>2026-07-11T07:16:20Z</time>
<speed>0.192532</speed>
<trueHeading>0.000000</trueHeading>
<magneticHeading>0.000000</magneticHeading>
<gpsHeading>234.498322</gpsHeading>
<haccuracy>4.995000</haccuracy>
<vaccuracy>4.995000</vaccuracy>
<internetconnect>2</internetconnect>
</trkpt>
<trkpt lat="35.809914" lon="139.082648">
<ele>759.000000</ele>
<time>2026-07-11T07:17:06Z</time>
<speed>1.290000</speed>
<trueHeading>0.000000</trueHeading>
<magneticHeading>0.000000</magneticHeading>
<gpsHeading>193.283859</gpsHeading>
<haccuracy>10.372770</haccuracy>
<vaccuracy>10.372770</vaccuracy>
<internetconnect>2</internetconnect>
</trkpt>
<trkpt lat="35.809523" lon="139.082500">
<ele>739.666667</ele>
<time>2026-07-11T07:17:55Z</time>
<speed>0.632981</speed>
<trueHeading>0.000000</trueHeading>
<magneticHeading>0.000000</magneticHeading>
<gpsHeading>197.049026</gpsHeading>
<haccuracy>6.440000</haccuracy>
<vaccuracy>6.440000</vaccuracy>
<internetconnect>2</internetconnect>
</trkpt>
<trkpt lat="35.809174" lon="139.082465">
<ele>722.666667</ele>
<time>2026-07-11T07:18:43Z</time>
<speed>1.522734</speed>
<trueHeading>0.000000</trueHeading>
<magneticHeading>0.000000</magneticHeading>
<gpsHeading>184.707855</gpsHeading>
<haccuracy>4.262000</haccuracy>
<vaccuracy>4.262000</vaccuracy>
<internetconnect>2</internetconnect>
</trkpt>
<trkpt lat="35.809298" lon="139.082802">
<ele>713.666667</ele>
<time>2026-07-11T07:20:33Z</time>
<speed>0.400000</speed>
<trueHeading>0.000000</trueHeading>
<magneticHeading>0.000000</magneticHeading>
<gpsHeading>65.599884</gpsHeading>
<haccuracy>7.450982</haccuracy>
<vaccuracy>7.450982</vaccuracy>
<internetconnect>2</internetconnect>
</trkpt>
<trkpt lat="35.809695" lon="139.083210">
<ele>704.000000</ele>
<time>2026-07-11T07:21:20Z</time>
<speed>1.631698</speed>
<trueHeading>0.000000</trueHeading>
<magneticHeading>0.000000</magneticHeading>
<gpsHeading>39.781067</gpsHeading>
<haccuracy>9.651000</haccuracy>
<vaccuracy>9.651000</vaccuracy>
<internetconnect>2</internetconnect>
</trkpt>
<trkpt lat="35.809659" lon="139.083616">
<ele>700.333333</ele>
<time>2026-07-11T07:22:07Z</time>
<speed>0.430000</speed>
<trueHeading>0.000000</trueHeading>
<magneticHeading>0.000000</magneticHeading>
<gpsHeading>96.330986</gpsHeading>
<haccuracy>13.130955</haccuracy>
<vaccuracy>13.130955</vaccuracy>
<internetconnect>2</internetconnect>
</trkpt>
<trkpt lat="35.809680" lon="139.084089">
<ele>690.000000</ele>
<time>2026-07-11T07:22:54Z</time>
<speed>1.404514</speed>
<trueHeading>0.000000</trueHeading>
<magneticHeading>0.000000</magneticHeading>
<gpsHeading>86.778015</gpsHeading>
<haccuracy>6.361000</haccuracy>
<vaccuracy>6.361000</vaccuracy>
<internetconnect>2</internetconnect>
</trkpt>
<trkpt lat="35.809467" lon="139.084481">
<ele>680.666667</ele>
<time>2026-07-11T07:24:01Z</time>
<speed>1.632087</speed>
<trueHeading>0.000000</trueHeading>
<magneticHeading>0.000000</magneticHeading>
<gpsHeading>123.877213</gpsHeading>
<haccuracy>4.107000</haccuracy>
<vaccuracy>4.107000</vaccuracy>
<internetconnect>2</internetconnect>
</trkpt>
<trkpt lat="35.809143" lon="139.085128">
<ele>668.000000</ele>
<time>2026-07-11T07:24:48Z</time>
<speed>1.388122</speed>
<trueHeading>0.000000</trueHeading>
<magneticHeading>0.000000</magneticHeading>
<gpsHeading>121.679474</gpsHeading>
<haccuracy>4.824000</haccuracy>
<vaccuracy>4.824000</vaccuracy>
<internetconnect>2</internetconnect>
</trkpt>
<trkpt lat="35.808922" lon="139.085398">
<ele>658.000000</ele>
<time>2026-07-11T07:25:35Z</time>
<speed>1.580000</speed>
<trueHeading>0.000000</trueHeading>
<magneticHeading>0.000000</magneticHeading>
<gpsHeading>135.262894</gpsHeading>
<haccuracy>9.979328</haccuracy>
<vaccuracy>9.979328</vaccuracy>
<internetconnect>2</internetconnect>
</trkpt>
<trkpt lat="35.808532" lon="139.085950">
<ele>651.000000</ele>
<time>2026-07-11T07:26:23Z</time>
<speed>1.391418</speed>
<trueHeading>0.000000</trueHeading>
<magneticHeading>0.000000</magneticHeading>
<gpsHeading>131.056915</gpsHeading>
<haccuracy>5.815000</haccuracy>
<vaccuracy>5.815000</vaccuracy>
<internetconnect>2</internetconnect>
</trkpt>
<trkpt lat="35.808241" lon="139.085883">
<ele>643.666667</ele>
<time>2026-07-11T07:27:15Z</time>
<speed>1.545323</speed>
<trueHeading>0.000000</trueHeading>
<magneticHeading>0.000000</magneticHeading>
<gpsHeading>190.542068</gpsHeading>
<haccuracy>5.420000</haccuracy>
<vaccuracy>5.420000</vaccuracy>
<internetconnect>2</internetconnect>
</trkpt>
<trkpt lat="35.808202" lon="139.086241">
<ele>633.333333</ele>
<time>2026-07-11T07:28:07Z</time>
<speed>1.573764</speed>
<trueHeading>0.000000</trueHeading>
<magneticHeading>0.000000</magneticHeading>
<gpsHeading>97.779877</gpsHeading>
<haccuracy>5.276000</haccuracy>
<vaccuracy>5.276000</vaccuracy>
<internetconnect>2</internetconnect>
</trkpt>
<trkpt lat="35.807880" lon="139.086294">
<ele>623.333333</ele>
<time>2026-07-11T07:28:55Z</time>
<speed>1.296011</speed>
<trueHeading>0.000000</trueHeading>
<magneticHeading>0.000000</magneticHeading>
<gpsHeading>172.394684</gpsHeading>
<haccuracy>5.820000</haccuracy>
<vaccuracy>5.820000</vaccuracy>
<internetconnect>2</internetconnect>
</trkpt>
<trkpt lat="35.807808" lon="139.085784">
<ele>611.333333</ele>
<time>2026-07-11T07:29:42Z</time>
<speed>1.414320</speed>
<trueHeading>0.000000</trueHeading>
<magneticHeading>0.000000</magneticHeading>
<gpsHeading>260.109680</gpsHeading>
<haccuracy>6.025000</haccuracy>
<vaccuracy>6.025000</vaccuracy>
<internetconnect>2</internetconnect>
</trkpt>
<trkpt lat="35.807792" lon="139.085969">
<ele>602.666667</ele>
<time>2026-07-11T07:31:52Z</time>
<speed>0.016480</speed>
<trueHeading>0.000000</trueHeading>
<magneticHeading>0.000000</magneticHeading>
<gpsHeading>96.275970</gpsHeading>
<haccuracy>5.579000</haccuracy>
<vaccuracy>5.579000</vaccuracy>
<internetconnect>2</internetconnect>
</trkpt>
<trkpt lat="35.807641" lon="139.086287">
<ele>596.000000</ele>
<time>2026-07-11T07:33:25Z</time>
<speed>1.530692</speed>
<trueHeading>0.000000</trueHeading>
<magneticHeading>0.000000</magneticHeading>
<gpsHeading>120.365273</gpsHeading>
<haccuracy>6.656000</haccuracy>
<vaccuracy>6.656000</vaccuracy>
<internetconnect>2</internetconnect>
</trkpt>
<trkpt lat="35.807619" lon="139.086992">
<ele>593.666667</ele>
<time>2026-07-11T07:34:11Z</time>
<speed>1.698080</speed>
<trueHeading>0.000000</trueHeading>
<magneticHeading>0.000000</magneticHeading>
<gpsHeading>92.213585</gpsHeading>
<haccuracy>5.739000</haccuracy>
<vaccuracy>5.739000</vaccuracy>
<internetconnect>2</internetconnect>
</trkpt>
<trkpt lat="35.808228" lon="139.087164">
<ele>590.666667</ele>
<time>2026-07-11T07:34:58Z</time>
<speed>1.650332</speed>
<trueHeading>0.000000</trueHeading>
<magneticHeading>0.000000</magneticHeading>
<gpsHeading>12.921494</gpsHeading>
<haccuracy>6.192000</haccuracy>
<vaccuracy>6.192000</vaccuracy>
<internetconnect>2</internetconnect>
</trkpt>
<trkpt lat="35.808273" lon="139.087915">
<ele>587.333333</ele>
<time>2026-07-11T07:35:45Z</time>
<speed>1.699037</speed>
<trueHeading>0.000000</trueHeading>
<magneticHeading>0.000000</magneticHeading>
<gpsHeading>85.726974</gpsHeading>
<haccuracy>5.855000</haccuracy>
<vaccuracy>5.855000</vaccuracy>
<internetconnect>2</internetconnect>
</trkpt>
<trkpt lat="35.808230" lon="139.088657">
<ele>578.333333</ele>
<time>2026-07-11T07:36:32Z</time>
<speed>1.698750</speed>
<trueHeading>0.000000</trueHeading>
<magneticHeading>0.000000</magneticHeading>
<gpsHeading>94.125221</gpsHeading>
<haccuracy>6.057000</haccuracy>
<vaccuracy>6.057000</vaccuracy>
<internetconnect>2</internetconnect>
</trkpt>
<trkpt lat="35.808054" lon="139.089405">
<ele>568.000000</ele>
<time>2026-07-11T07:37:19Z</time>
<speed>1.682541</speed>
<trueHeading>0.000000</trueHeading>
<magneticHeading>0.000000</magneticHeading>
<gpsHeading>106.168549</gpsHeading>
<haccuracy>5.745000</haccuracy>
<vaccuracy>5.745000</vaccuracy>
<internetconnect>2</internetconnect>
</trkpt>
<trkpt lat="35.807849" lon="139.089171">
<ele>557.333333</ele>
<time>2026-07-11T07:38:22Z</time>
<speed>1.707337</speed>
<trueHeading>0.000000</trueHeading>
<magneticHeading>0.000000</magneticHeading>
<gpsHeading>222.813309</gpsHeading>
<haccuracy>5.792000</haccuracy>
<vaccuracy>5.792000</vaccuracy>
<internetconnect>2</internetconnect>
</trkpt>
<trkpt lat="35.807592" lon="139.088444">
<ele>548.666667</ele>
<time>2026-07-11T07:39:09Z</time>
<speed>1.687518</speed>
<trueHeading>0.000000</trueHeading>
<magneticHeading>0.000000</magneticHeading>
<gpsHeading>246.505325</gpsHeading>
<haccuracy>6.505000</haccuracy>
<vaccuracy>6.505000</vaccuracy>
<internetconnect>2</internetconnect>
</trkpt>
<trkpt lat="35.807271" lon="139.087913">
<ele>539.666667</ele>
<time>2026-07-11T07:39:56Z</time>
<speed>1.330000</speed>
<trueHeading>0.000000</trueHeading>
<magneticHeading>0.000000</magneticHeading>
<gpsHeading>233.237961</gpsHeading>
<haccuracy>9.935046</haccuracy>
<vaccuracy>9.935046</vaccuracy>
<internetconnect>2</internetconnect>
</trkpt>
<trkpt lat="35.807055" lon="139.088178">
<ele>527.000000</ele>
<time>2026-07-11T07:41:21Z</time>
<speed>1.461626</speed>
<trueHeading>0.000000</trueHeading>
<magneticHeading>0.000000</magneticHeading>
<gpsHeading>135.136887</gpsHeading>
<haccuracy>7.838000</haccuracy>
<vaccuracy>7.838000</vaccuracy>
<internetconnect>2</internetconnect>
</trkpt>
<trkpt lat="35.806839" lon="139.088648">
<ele>514.000000</ele>
<time>2026-07-11T07:42:08Z</time>
<speed>1.210000</speed>
<trueHeading>0.000000</trueHeading>
<magneticHeading>0.000000</magneticHeading>
<gpsHeading>119.503166</gpsHeading>
<haccuracy>10.173903</haccuracy>
<vaccuracy>10.173903</vaccuracy>
<internetconnect>2</internetconnect>
</trkpt>
<trkpt lat="35.806470" lon="139.089185">
<ele>502.666667</ele>
<time>2026-07-11T07:42:56Z</time>
<speed>1.491165</speed>
<trueHeading>0.000000</trueHeading>
<magneticHeading>0.000000</magneticHeading>
<gpsHeading>130.274933</gpsHeading>
<haccuracy>6.092000</haccuracy>
<vaccuracy>6.092000</vaccuracy>
<internetconnect>2</internetconnect>
</trkpt>
<trkpt lat="35.806082" lon="139.089631">
<ele>492.000000</ele>
<time>2026-07-11T07:43:42Z</time>
<speed>1.525827</speed>
<trueHeading>0.000000</trueHeading>
<magneticHeading>0.000000</magneticHeading>
<gpsHeading>137.024368</gpsHeading>
<haccuracy>6.349000</haccuracy>
<vaccuracy>6.349000</vaccuracy>
<internetconnect>2</internetconnect>
</trkpt>
<trkpt lat="35.805768" lon="139.089999">
<ele>485.000000</ele>
<time>2026-07-11T07:44:30Z</time>
<speed>1.476020</speed>
<trueHeading>0.000000</trueHeading>
<magneticHeading>0.000000</magneticHeading>
<gpsHeading>136.453156</gpsHeading>
<haccuracy>5.540000</haccuracy>
<vaccuracy>5.540000</vaccuracy>
<internetconnect>2</internetconnect>
</trkpt>
<trkpt lat="35.805598" lon="139.090401">
<ele>470.666667</ele>
<time>2026-07-11T07:45:17Z</time>
<speed>1.617478</speed>
<trueHeading>0.000000</trueHeading>
<magneticHeading>0.000000</magneticHeading>
<gpsHeading>117.610184</gpsHeading>
<haccuracy>4.674000</haccuracy>
<vaccuracy>4.674000</vaccuracy>
<internetconnect>2</internetconnect>
</trkpt>
<trkpt lat="35.805460" lon="139.090861">
<ele>456.000000</ele>
<time>2026-07-11T07:46:04Z</time>
<speed>1.443716</speed>
<trueHeading>0.000000</trueHeading>
<magneticHeading>0.000000</magneticHeading>
<gpsHeading>110.230980</gpsHeading>
<haccuracy>5.704000</haccuracy>
<vaccuracy>5.704000</vaccuracy>
<internetconnect>2</internetconnect>
</trkpt>
<trkpt lat="35.805658" lon="139.091282">
<ele>434.333333</ele>
<time>2026-07-11T07:46:51Z</time>
<speed>1.205559</speed>
<trueHeading>0.000000</trueHeading>
<magneticHeading>0.000000</magneticHeading>
<gpsHeading>59.953854</gpsHeading>
<haccuracy>5.448000</haccuracy>
<vaccuracy>5.448000</vaccuracy>
<internetconnect>2</internetconnect>
</trkpt>
<trkpt lat="35.805628" lon="139.091634">
<ele>421.666667</ele>
<time>2026-07-11T07:47:49Z</time>
<speed>1.570223</speed>
<trueHeading>0.000000</trueHeading>
<magneticHeading>0.000000</magneticHeading>
<gpsHeading>96.012169</gpsHeading>
<haccuracy>4.084000</haccuracy>
<vaccuracy>4.084000</vaccuracy>
<internetconnect>2</internetconnect>
</trkpt>
<trkpt lat="35.805771" lon="139.092209">
<ele>414.666667</ele>
<time>2026-07-11T07:48:36Z</time>
<speed>1.587689</speed>
<trueHeading>0.000000</trueHeading>
<magneticHeading>0.000000</magneticHeading>
<gpsHeading>72.932220</gpsHeading>
<haccuracy>5.710000</haccuracy>
<vaccuracy>5.710000</vaccuracy>
<internetconnect>2</internetconnect>
</trkpt>
<trkpt lat="35.806051" lon="139.092172">
<ele>409.333333</ele>
<time>2026-07-11T07:49:33Z</time>
<speed>1.420000</speed>
<trueHeading>0.000000</trueHeading>
<magneticHeading>0.000000</magneticHeading>
<gpsHeading>353.912415</gpsHeading>
<haccuracy>10.279302</haccuracy>
<vaccuracy>10.279302</vaccuracy>
<internetconnect>2</internetconnect>
</trkpt>
<trkpt lat="35.806415" lon="139.092353">
<ele>401.333333</ele>
<time>2026-07-11T07:50:20Z</time>
<speed>1.651189</speed>
<trueHeading>0.000000</trueHeading>
<magneticHeading>0.000000</magneticHeading>
<gpsHeading>21.952921</gpsHeading>
<haccuracy>5.939000</haccuracy>
<vaccuracy>5.939000</vaccuracy>
<internetconnect>2</internetconnect>
</trkpt>
<trkpt lat="35.806691" lon="139.092693">
<ele>391.000000</ele>
<time>2026-07-11T07:51:08Z</time>
<speed>1.630000</speed>
<trueHeading>0.000000</trueHeading>
<magneticHeading>0.000000</magneticHeading>
<gpsHeading>45.008564</gpsHeading>
<haccuracy>10.830949</haccuracy>
<vaccuracy>10.830949</vaccuracy>
<internetconnect>2</internetconnect>
</trkpt>
<trkpt lat="35.807006" lon="139.093510">
<ele>383.000000</ele>
<time>2026-07-11T07:51:55Z</time>
<speed>1.547491</speed>
<trueHeading>0.000000</trueHeading>
<magneticHeading>0.000000</magneticHeading>
<gpsHeading>64.515968</gpsHeading>
<haccuracy>5.312000</haccuracy>
<vaccuracy>5.312000</vaccuracy>
<internetconnect>2</internetconnect>
</trkpt>
<trkpt lat="35.807284" lon="139.094023">
<ele>378.000000</ele>
<time>2026-07-11T07:52:43Z</time>
<speed>0.000000</speed>
<trueHeading>0.000000</trueHeading>
<magneticHeading>0.000000</magneticHeading>
<gpsHeading>56.316422</gpsHeading>
<haccuracy>9.935046</haccuracy>
<vaccuracy>9.935046</vaccuracy>
<internetconnect>2</internetconnect>
</trkpt>
<trkpt lat="35.807720" lon="139.094297">
<ele>369.666667</ele>
<time>2026-07-11T07:53:29Z</time>
<speed>1.320000</speed>
<trueHeading>0.000000</trueHeading>
<magneticHeading>0.000000</magneticHeading>
<gpsHeading>26.988222</gpsHeading>
<haccuracy>3.867843</haccuracy>
<vaccuracy>3.867843</vaccuracy>
<internetconnect>2</internetconnect>
</trkpt>
<trkpt lat="35.807557" lon="139.094601">
<ele>362.666667</ele>
<time>2026-07-11T07:54:32Z</time>
<speed>1.544670</speed>
<trueHeading>0.000000</trueHeading>
<magneticHeading>0.000000</magneticHeading>
<gpsHeading>123.292236</gpsHeading>
<haccuracy>4.352000</haccuracy>
<vaccuracy>4.352000</vaccuracy>
<internetconnect>2</internetconnect>
</trkpt>
<trkpt lat="35.807015" lon="139.094664">
<ele>356.333333</ele>
<time>2026-07-11T07:55:19Z</time>
<speed>1.129472</speed>
<trueHeading>0.000000</trueHeading>
<magneticHeading>0.000000</magneticHeading>
<gpsHeading>174.700089</gpsHeading>
<haccuracy>7.535000</haccuracy>
<vaccuracy>7.535000</vaccuracy>
<internetconnect>2</internetconnect>
</trkpt>
<trkpt lat="35.807254" lon="139.094851">
<ele>349.333333</ele>
<time>2026-07-11T07:56:11Z</time>
<speed>1.630000</speed>
<trueHeading>0.000000</trueHeading>
<magneticHeading>0.000000</magneticHeading>
<gpsHeading>32.476582</gpsHeading>
<haccuracy>9.935046</haccuracy>
<vaccuracy>9.935046</vaccuracy>
<internetconnect>2</internetconnect>
</trkpt>
<trkpt lat="35.807031" lon="139.095503">
<ele>344.333333</ele>
<time>2026-07-11T07:56:59Z</time>
<speed>1.424489</speed>
<trueHeading>0.000000</trueHeading>
<magneticHeading>0.000000</magneticHeading>
<gpsHeading>112.854744</gpsHeading>
<haccuracy>3.857000</haccuracy>
<vaccuracy>3.857000</vaccuracy>
<internetconnect>2</internetconnect>
</trkpt>
<trkpt lat="35.807058" lon="139.095456">
<ele>339.500000</ele>
<time>2026-07-11T07:57:02Z</time>
<speed>0.360000</speed>
<trueHeading>-999.000000</trueHeading>
<magneticHeading>244.462921</magneticHeading>
<gpsHeading>305.360931</gpsHeading>
<haccuracy>9.935046</haccuracy>
<vaccuracy>9.935046</vaccuracy>
<internetconnect>2</internetconnect>
</trkpt>
</trkseg></trk>
</gpx>
