<?xml version="1.0" encoding="UTF-8"?>
<gpx xmlns:xsi="http://www.w3.org/2001/XMLSchema-instance" xmlns="http://www.topografix.com/GPX/1/0" xsi:schemaLocation="http://www.topografix.com/GPX/1/1 http://www.topografix.com/GPX/1/1/gpx.xsd" creator="Geographica - http://geographica.biz/" appVersion="Ver 2.1.50:388" device="google sunfish" android="13" carrier="povo">
<trk>
<name>20260620</name>
<trkseg>
<trkpt lat="35.809062" lon="139.096776">
<ele>342.500000</ele>
<time>2026-06-19T22:17:54Z</time>
<speed>0.075770</speed>
<trueHeading>0.000000</trueHeading>
<magneticHeading>0.000000</magneticHeading>
<gpsHeading>0.000000</gpsHeading>
<haccuracy>3.971000</haccuracy>
<vaccuracy>3.971000</vaccuracy>
<internetconnect>2</internetconnect>
</trkpt>
<trkpt lat="35.809063" lon="139.096781">
<ele>342.000000</ele>
<time>2026-06-19T22:17:55Z</time>
<speed>0.076472</speed>
<trueHeading>0.000000</trueHeading>
<magneticHeading>0.000000</magneticHeading>
<gpsHeading>0.000000</gpsHeading>
<haccuracy>4.040000</haccuracy>
<vaccuracy>4.040000</vaccuracy>
<internetconnect>2</internetconnect>
</trkpt>
<trkpt lat="35.808841" lon="139.096502">
<ele>341.333333</ele>
<time>2026-06-19T22:18:42Z</time>
<speed>0.066832</speed>
<trueHeading>0.000000</trueHeading>
<magneticHeading>0.000000</magneticHeading>
<gpsHeading>225.500748</gpsHeading>
<haccuracy>4.419000</haccuracy>
<vaccuracy>4.419000</vaccuracy>
<internetconnect>2</internetconnect>
</trkpt>
<trkpt lat="35.808560" lon="139.096488">
<ele>340.666667</ele>
<time>2026-06-19T22:19:57Z</time>
<speed>1.411947</speed>
<trueHeading>0.000000</trueHeading>
<magneticHeading>0.000000</magneticHeading>
<gpsHeading>182.332748</gpsHeading>
<haccuracy>4.974000</haccuracy>
<vaccuracy>4.974000</vaccuracy>
<internetconnect>2</internetconnect>
</trkpt>
<trkpt lat="35.808090" lon="139.096778">
<ele>330.000000</ele>
<time>2026-06-19T22:20:44Z</time>
<speed>1.496049</speed>
<trueHeading>0.000000</trueHeading>
<magneticHeading>0.000000</magneticHeading>
<gpsHeading>153.357956</gpsHeading>
<haccuracy>5.662000</haccuracy>
<vaccuracy>5.662000</vaccuracy>
<internetconnect>2</internetconnect>
</trkpt>
<trkpt lat="35.807732" lon="139.096151">
<ele>328.000000</ele>
<time>2026-06-19T22:21:31Z</time>
<speed>1.514126</speed>
<trueHeading>0.000000</trueHeading>
<magneticHeading>0.000000</magneticHeading>
<gpsHeading>234.805206</gpsHeading>
<haccuracy>4.719000</haccuracy>
<vaccuracy>4.719000</vaccuracy>
<internetconnect>2</internetconnect>
</trkpt>
<trkpt lat="35.807780" lon="139.095671">
<ele>325.333333</ele>
<time>2026-06-19T22:22:18Z</time>
<speed>1.465536</speed>
<trueHeading>0.000000</trueHeading>
<magneticHeading>0.000000</magneticHeading>
<gpsHeading>277.104889</gpsHeading>
<haccuracy>3.993000</haccuracy>
<vaccuracy>3.993000</vaccuracy>
<internetconnect>2</internetconnect>
</trkpt>
<trkpt lat="35.808420" lon="139.095505">
<ele>334.333333</ele>
<time>2026-06-19T22:23:06Z</time>
<speed>1.479288</speed>
<trueHeading>0.000000</trueHeading>
<magneticHeading>0.000000</magneticHeading>
<gpsHeading>348.120850</gpsHeading>
<haccuracy>4.590000</haccuracy>
<vaccuracy>4.590000</vaccuracy>
<internetconnect>2</internetconnect>
</trkpt>
<trkpt lat="35.809041" lon="139.095184">
<ele>338.000000</ele>
<time>2026-06-19T22:23:54Z</time>
<speed>1.551003</speed>
<trueHeading>0.000000</trueHeading>
<magneticHeading>0.000000</magneticHeading>
<gpsHeading>337.241028</gpsHeading>
<haccuracy>3.683000</haccuracy>
<vaccuracy>3.683000</vaccuracy>
<internetconnect>2</internetconnect>
</trkpt>
<trkpt lat="35.809624" lon="139.094805">
<ele>341.666667</ele>
<time>2026-06-19T22:24:43Z</time>
<speed>1.401291</speed>
<trueHeading>0.000000</trueHeading>
<magneticHeading>0.000000</magneticHeading>
<gpsHeading>332.251434</gpsHeading>
<haccuracy>4.336000</haccuracy>
<vaccuracy>4.336000</vaccuracy>
<internetconnect>2</internetconnect>
</trkpt>
<trkpt lat="35.810254" lon="139.094803">
<ele>344.666667</ele>
<time>2026-06-19T22:25:32Z</time>
<speed>1.484681</speed>
<trueHeading>0.000000</trueHeading>
<magneticHeading>0.000000</magneticHeading>
<gpsHeading>359.822845</gpsHeading>
<haccuracy>4.078000</haccuracy>
<vaccuracy>4.078000</vaccuracy>
<internetconnect>2</internetconnect>
</trkpt>
<trkpt lat="35.810875" lon="139.094908">
<ele>347.333333</ele>
<time>2026-06-19T22:26:20Z</time>
<speed>1.016316</speed>
<trueHeading>0.000000</trueHeading>
<magneticHeading>0.000000</magneticHeading>
<gpsHeading>7.775751</gpsHeading>
<haccuracy>4.127000</haccuracy>
<vaccuracy>4.127000</vaccuracy>
<internetconnect>2</internetconnect>
</trkpt>
<trkpt lat="35.811537" lon="139.095078">
<ele>351.333333</ele>
<time>2026-06-19T22:27:08Z</time>
<speed>1.491464</speed>
<trueHeading>0.000000</trueHeading>
<magneticHeading>0.000000</magneticHeading>
<gpsHeading>11.779079</gpsHeading>
<haccuracy>3.981000</haccuracy>
<vaccuracy>3.981000</vaccuracy>
<internetconnect>2</internetconnect>
</trkpt>
<trkpt lat="35.812057" lon="139.094827">
<ele>354.333333</ele>
<time>2026-06-19T22:27:58Z</time>
<speed>1.336348</speed>
<trueHeading>0.000000</trueHeading>
<magneticHeading>0.000000</magneticHeading>
<gpsHeading>338.664185</gpsHeading>
<haccuracy>3.122000</haccuracy>
<vaccuracy>3.122000</vaccuracy>
<internetconnect>2</internetconnect>
</trkpt>
<trkpt lat="35.812625" lon="139.094393">
<ele>353.666667</ele>
<time>2026-06-19T22:28:46Z</time>
<speed>1.292040</speed>
<trueHeading>0.000000</trueHeading>
<magneticHeading>0.000000</magneticHeading>
<gpsHeading>328.177673</gpsHeading>
<haccuracy>5.246000</haccuracy>
<vaccuracy>5.246000</vaccuracy>
<internetconnect>2</internetconnect>
</trkpt>
<trkpt lat="35.812766" lon="139.093763">
<ele>353.333333</ele>
<time>2026-06-19T22:29:34Z</time>
<speed>1.143065</speed>
<trueHeading>0.000000</trueHeading>
<magneticHeading>0.000000</magneticHeading>
<gpsHeading>285.432526</gpsHeading>
<haccuracy>4.008000</haccuracy>
<vaccuracy>4.008000</vaccuracy>
<internetconnect>2</internetconnect>
</trkpt>
<trkpt lat="35.812587" lon="139.093189">
<ele>357.666667</ele>
<time>2026-06-19T22:30:23Z</time>
<speed>1.347443</speed>
<trueHeading>0.000000</trueHeading>
<magneticHeading>0.000000</magneticHeading>
<gpsHeading>248.976364</gpsHeading>
<haccuracy>5.187000</haccuracy>
<vaccuracy>5.187000</vaccuracy>
<internetconnect>2</internetconnect>
</trkpt>
<trkpt lat="35.813186" lon="139.093068">
<ele>364.333333</ele>
<time>2026-06-19T22:31:11Z</time>
<speed>1.566631</speed>
<trueHeading>0.000000</trueHeading>
<magneticHeading>0.000000</magneticHeading>
<gpsHeading>350.681915</gpsHeading>
<haccuracy>4.944000</haccuracy>
<vaccuracy>4.944000</vaccuracy>
<internetconnect>2</internetconnect>
</trkpt>
<trkpt lat="35.813481" lon="139.092609">
<ele>370.666667</ele>
<time>2026-06-19T22:31:58Z</time>
<speed>0.117344</speed>
<trueHeading>0.000000</trueHeading>
<magneticHeading>0.000000</magneticHeading>
<gpsHeading>308.397247</gpsHeading>
<haccuracy>4.599000</haccuracy>
<vaccuracy>4.599000</vaccuracy>
<internetconnect>2</internetconnect>
</trkpt>
<trkpt lat="35.813975" lon="139.092141">
<ele>372.333333</ele>
<time>2026-06-19T22:32:47Z</time>
<speed>1.040511</speed>
<trueHeading>0.000000</trueHeading>
<magneticHeading>0.000000</magneticHeading>
<gpsHeading>322.472565</gpsHeading>
<haccuracy>6.513000</haccuracy>
<vaccuracy>6.513000</vaccuracy>
<internetconnect>2</internetconnect>
</trkpt>
<trkpt lat="35.814490" lon="139.092178">
<ele>375.666667</ele>
<time>2026-06-19T22:33:34Z</time>
<speed>1.618455</speed>
<trueHeading>0.000000</trueHeading>
<magneticHeading>0.000000</magneticHeading>
<gpsHeading>3.282250</gpsHeading>
<haccuracy>5.796000</haccuracy>
<vaccuracy>5.796000</vaccuracy>
<internetconnect>2</internetconnect>
</trkpt>
<trkpt lat="35.815044" lon="139.092388">
<ele>378.000000</ele>
<time>2026-06-19T22:34:21Z</time>
<speed>0.170862</speed>
<trueHeading>0.000000</trueHeading>
<magneticHeading>0.000000</magneticHeading>
<gpsHeading>17.076931</gpsHeading>
<haccuracy>6.871000</haccuracy>
<vaccuracy>6.871000</vaccuracy>
<internetconnect>2</internetconnect>
</trkpt>
<trkpt lat="35.815396" lon="139.091860">
<ele>384.666667</ele>
<time>2026-06-19T22:35:09Z</time>
<speed>1.474984</speed>
<trueHeading>0.000000</trueHeading>
<magneticHeading>0.000000</magneticHeading>
<gpsHeading>309.363190</gpsHeading>
<haccuracy>5.946000</haccuracy>
<vaccuracy>5.946000</vaccuracy>
<internetconnect>2</internetconnect>
</trkpt>
<trkpt lat="35.815340" lon="139.091000">
<ele>388.333333</ele>
<time>2026-06-19T22:35:56Z</time>
<speed>0.551317</speed>
<trueHeading>0.000000</trueHeading>
<magneticHeading>0.000000</magneticHeading>
<gpsHeading>265.388916</gpsHeading>
<haccuracy>6.805000</haccuracy>
<vaccuracy>6.805000</vaccuracy>
<internetconnect>2</internetconnect>
</trkpt>
<trkpt lat="35.815481" lon="139.090296">
<ele>392.000000</ele>
<time>2026-06-19T22:36:44Z</time>
<speed>1.253515</speed>
<trueHeading>0.000000</trueHeading>
<magneticHeading>0.000000</magneticHeading>
<gpsHeading>283.883148</gpsHeading>
<haccuracy>4.845000</haccuracy>
<vaccuracy>4.845000</vaccuracy>
<internetconnect>2</internetconnect>
</trkpt>
<trkpt lat="35.816077" lon="139.089751">
<ele>388.000000</ele>
<time>2026-06-19T22:37:33Z</time>
<speed>1.646805</speed>
<trueHeading>0.000000</trueHeading>
<magneticHeading>0.000000</magneticHeading>
<gpsHeading>323.435822</gpsHeading>
<haccuracy>3.107000</haccuracy>
<vaccuracy>3.107000</vaccuracy>
<internetconnect>2</internetconnect>
</trkpt>
<trkpt lat="35.816406" lon="139.089121">
<ele>385.666667</ele>
<time>2026-06-19T22:38:22Z</time>
<speed>1.350773</speed>
<trueHeading>0.000000</trueHeading>
<magneticHeading>0.000000</magneticHeading>
<gpsHeading>302.797241</gpsHeading>
<haccuracy>4.034000</haccuracy>
<vaccuracy>4.034000</vaccuracy>
<internetconnect>2</internetconnect>
</trkpt>
<trkpt lat="35.816195" lon="139.088512">
<ele>384.000000</ele>
<time>2026-06-19T22:39:10Z</time>
<speed>1.485436</speed>
<trueHeading>0.000000</trueHeading>
<magneticHeading>0.000000</magneticHeading>
<gpsHeading>246.801498</gpsHeading>
<haccuracy>5.981000</haccuracy>
<vaccuracy>5.981000</vaccuracy>
<internetconnect>2</internetconnect>
</trkpt>
<trkpt lat="35.816258" lon="139.087697">
<ele>388.666667</ele>
<time>2026-06-19T22:39:58Z</time>
<speed>1.285218</speed>
<trueHeading>0.000000</trueHeading>
<magneticHeading>0.000000</magneticHeading>
<gpsHeading>275.452637</gpsHeading>
<haccuracy>7.298000</haccuracy>
<vaccuracy>7.298000</vaccuracy>
<internetconnect>2</internetconnect>
</trkpt>
<trkpt lat="35.816459" lon="139.086851">
<ele>386.000000</ele>
<time>2026-06-19T22:40:46Z</time>
<speed>1.501181</speed>
<trueHeading>0.000000</trueHeading>
<magneticHeading>0.000000</magneticHeading>
<gpsHeading>286.298126</gpsHeading>
<haccuracy>6.859000</haccuracy>
<vaccuracy>6.859000</vaccuracy>
<internetconnect>2</internetconnect>
</trkpt>
<trkpt lat="35.816997" lon="139.086395">
<ele>388.333333</ele>
<time>2026-06-19T22:41:36Z</time>
<speed>0.986840</speed>
<trueHeading>0.000000</trueHeading>
<magneticHeading>0.000000</magneticHeading>
<gpsHeading>325.536285</gpsHeading>
<haccuracy>5.828000</haccuracy>
<vaccuracy>5.828000</vaccuracy>
<internetconnect>2</internetconnect>
</trkpt>
<trkpt lat="35.817665" lon="139.086251">
<ele>389.333333</ele>
<time>2026-06-19T22:42:25Z</time>
<speed>1.105662</speed>
<trueHeading>0.000000</trueHeading>
<magneticHeading>0.000000</magneticHeading>
<gpsHeading>350.090057</gpsHeading>
<haccuracy>3.250000</haccuracy>
<vaccuracy>3.250000</vaccuracy>
<internetconnect>2</internetconnect>
</trkpt>
<trkpt lat="35.818349" lon="139.086111">
<ele>399.333333</ele>
<time>2026-06-19T22:43:13Z</time>
<speed>1.009268</speed>
<trueHeading>0.000000</trueHeading>
<magneticHeading>0.000000</magneticHeading>
<gpsHeading>350.550110</gpsHeading>
<haccuracy>4.524000</haccuracy>
<vaccuracy>4.524000</vaccuracy>
<internetconnect>2</internetconnect>
</trkpt>
<trkpt lat="35.818657" lon="139.085615">
<ele>403.333333</ele>
<time>2026-06-19T22:44:01Z</time>
<speed>0.107413</speed>
<trueHeading>0.000000</trueHeading>
<magneticHeading>0.000000</magneticHeading>
<gpsHeading>307.511078</gpsHeading>
<haccuracy>4.910000</haccuracy>
<vaccuracy>4.910000</vaccuracy>
<internetconnect>2</internetconnect>
</trkpt>
<trkpt lat="35.819372" lon="139.085262">
<ele>405.666667</ele>
<time>2026-06-19T22:44:50Z</time>
<speed>1.193991</speed>
<trueHeading>0.000000</trueHeading>
<magneticHeading>0.000000</magneticHeading>
<gpsHeading>338.207397</gpsHeading>
<haccuracy>4.640000</haccuracy>
<vaccuracy>4.640000</vaccuracy>
<internetconnect>2</internetconnect>
</trkpt>
<trkpt lat="35.819985" lon="139.084818">
<ele>405.000000</ele>
<time>2026-06-19T22:45:37Z</time>
<speed>1.478772</speed>
<trueHeading>0.000000</trueHeading>
<magneticHeading>0.000000</magneticHeading>
<gpsHeading>329.561462</gpsHeading>
<haccuracy>6.574000</haccuracy>
<vaccuracy>6.574000</vaccuracy>
<internetconnect>2</internetconnect>
</trkpt>
<trkpt lat="35.820622" lon="139.084800">
<ele>405.000000</ele>
<time>2026-06-19T22:46:25Z</time>
<speed>1.530547</speed>
<trueHeading>0.000000</trueHeading>
<magneticHeading>0.000000</magneticHeading>
<gpsHeading>358.671814</gpsHeading>
<haccuracy>5.961000</haccuracy>
<vaccuracy>5.961000</vaccuracy>
<internetconnect>2</internetconnect>
</trkpt>
<trkpt lat="35.821122" lon="139.084631">
<ele>405.333333</ele>
<time>2026-06-19T22:47:13Z</time>
<speed>0.752424</speed>
<trueHeading>0.000000</trueHeading>
<magneticHeading>0.000000</magneticHeading>
<gpsHeading>344.690704</gpsHeading>
<haccuracy>6.711000</haccuracy>
<vaccuracy>6.711000</vaccuracy>
<internetconnect>2</internetconnect>
</trkpt>
<trkpt lat="35.821623" lon="139.084184">
<ele>402.666667</ele>
<time>2026-06-19T22:48:02Z</time>
<speed>1.459141</speed>
<trueHeading>0.000000</trueHeading>
<magneticHeading>0.000000</magneticHeading>
<gpsHeading>324.104004</gpsHeading>
<haccuracy>5.001000</haccuracy>
<vaccuracy>5.001000</vaccuracy>
<internetconnect>2</internetconnect>
</trkpt>
<trkpt lat="35.821513" lon="139.083577">
<ele>402.000000</ele>
<time>2026-06-19T22:48:53Z</time>
<speed>1.083223</speed>
<trueHeading>0.000000</trueHeading>
<magneticHeading>0.000000</magneticHeading>
<gpsHeading>257.446106</gpsHeading>
<haccuracy>7.335000</haccuracy>
<vaccuracy>7.335000</vaccuracy>
<internetconnect>2</internetconnect>
</trkpt>
<trkpt lat="35.821305" lon="139.082861">
<ele>400.333333</ele>
<time>2026-06-19T22:49:40Z</time>
<speed>0.736439</speed>
<trueHeading>0.000000</trueHeading>
<magneticHeading>0.000000</magneticHeading>
<gpsHeading>250.261490</gpsHeading>
<haccuracy>6.501000</haccuracy>
<vaccuracy>6.501000</vaccuracy>
<internetconnect>2</internetconnect>
</trkpt>
<trkpt lat="35.821737" lon="139.082201">
<ele>403.333333</ele>
<time>2026-06-19T22:50:29Z</time>
<speed>1.683640</speed>
<trueHeading>0.000000</trueHeading>
<magneticHeading>0.000000</magneticHeading>
<gpsHeading>308.937531</gpsHeading>
<haccuracy>5.264000</haccuracy>
<vaccuracy>5.264000</vaccuracy>
<internetconnect>2</internetconnect>
</trkpt>
<trkpt lat="35.822124" lon="139.081691">
<ele>402.666667</ele>
<time>2026-06-19T22:51:15Z</time>
<speed>1.451808</speed>
<trueHeading>0.000000</trueHeading>
<magneticHeading>0.000000</magneticHeading>
<gpsHeading>313.140686</gpsHeading>
<haccuracy>4.582000</haccuracy>
<vaccuracy>4.582000</vaccuracy>
<internetconnect>2</internetconnect>
</trkpt>
<trkpt lat="35.822763" lon="139.081378">
<ele>407.000000</ele>
<time>2026-06-19T22:52:04Z</time>
<speed>0.970896</speed>
<trueHeading>0.000000</trueHeading>
<magneticHeading>0.000000</magneticHeading>
<gpsHeading>338.348297</gpsHeading>
<haccuracy>4.479000</haccuracy>
<vaccuracy>4.479000</vaccuracy>
<internetconnect>2</internetconnect>
</trkpt>
<trkpt lat="35.823018" lon="139.080729">
<ele>408.000000</ele>
<time>2026-06-19T22:52:53Z</time>
<speed>1.298961</speed>
<trueHeading>0.000000</trueHeading>
<magneticHeading>0.000000</magneticHeading>
<gpsHeading>295.831573</gpsHeading>
<haccuracy>3.107000</haccuracy>
<vaccuracy>3.107000</vaccuracy>
<internetconnect>2</internetconnect>
</trkpt>
<trkpt lat="35.822745" lon="139.079995">
<ele>410.333333</ele>
<time>2026-06-19T22:53:41Z</time>
<speed>1.417236</speed>
<trueHeading>0.000000</trueHeading>
<magneticHeading>0.000000</magneticHeading>
<gpsHeading>245.347946</gpsHeading>
<haccuracy>6.451000</haccuracy>
<vaccuracy>6.451000</vaccuracy>
<internetconnect>2</internetconnect>
</trkpt>
<trkpt lat="35.822765" lon="139.079152">
<ele>408.000000</ele>
<time>2026-06-19T22:54:30Z</time>
<speed>0.785520</speed>
<trueHeading>0.000000</trueHeading>
<magneticHeading>0.000000</magneticHeading>
<gpsHeading>271.640747</gpsHeading>
<haccuracy>5.075000</haccuracy>
<vaccuracy>5.075000</vaccuracy>
<internetconnect>2</internetconnect>
</trkpt>
<trkpt lat="35.823182" lon="139.078427">
<ele>408.000000</ele>
<time>2026-06-19T22:55:19Z</time>
<speed>0.501179</speed>
<trueHeading>0.000000</trueHeading>
<magneticHeading>0.000000</magneticHeading>
<gpsHeading>305.377411</gpsHeading>
<haccuracy>5.642000</haccuracy>
<vaccuracy>5.642000</vaccuracy>
<internetconnect>2</internetconnect>
</trkpt>
<trkpt lat="35.823695" lon="139.077718">
<ele>406.666667</ele>
<time>2026-06-19T22:56:07Z</time>
<speed>1.539953</speed>
<trueHeading>0.000000</trueHeading>
<magneticHeading>0.000000</magneticHeading>
<gpsHeading>311.741058</gpsHeading>
<haccuracy>4.649000</haccuracy>
<vaccuracy>4.649000</vaccuracy>
<internetconnect>2</internetconnect>
</trkpt>
<trkpt lat="35.824168" lon="139.077290">
<ele>408.000000</ele>
<time>2026-06-19T22:56:57Z</time>
<speed>0.181811</speed>
<trueHeading>0.000000</trueHeading>
<magneticHeading>0.000000</magneticHeading>
<gpsHeading>323.722626</gpsHeading>
<haccuracy>3.086000</haccuracy>
<vaccuracy>3.086000</vaccuracy>
<internetconnect>2</internetconnect>
</trkpt>
<trkpt lat="35.824343" lon="139.076732">
<ele>405.333333</ele>
<time>2026-06-19T22:57:48Z</time>
<speed>0.197398</speed>
<trueHeading>0.000000</trueHeading>
<magneticHeading>0.000000</magneticHeading>
<gpsHeading>291.093231</gpsHeading>
<haccuracy>4.566000</haccuracy>
<vaccuracy>4.566000</vaccuracy>
<internetconnect>2</internetconnect>
</trkpt>
<trkpt lat="35.824363" lon="139.077243">
<ele>405.000000</ele>
<time>2026-06-19T23:03:48Z</time>
<speed>1.820108</speed>
<trueHeading>0.000000</trueHeading>
<magneticHeading>0.000000</magneticHeading>
<gpsHeading>87.182335</gpsHeading>
<haccuracy>70.859001</haccuracy>
<vaccuracy>70.859001</vaccuracy>
<internetconnect>2</internetconnect>
</trkpt>
<trkpt lat="35.824476" lon="139.076698">
<ele>401.333333</ele>
<time>2026-06-19T23:06:38Z</time>
<speed>0.096292</speed>
<trueHeading>0.000000</trueHeading>
<magneticHeading>0.000000</magneticHeading>
<gpsHeading>284.348755</gpsHeading>
<haccuracy>16.962000</haccuracy>
<vaccuracy>16.962000</vaccuracy>
<internetconnect>2</internetconnect>
</trkpt>
<trkpt lat="35.824554" lon="139.076864">
<ele>400.666667</ele>
<time>2026-06-19T23:09:27Z</time>
<speed>0.220327</speed>
<trueHeading>0.000000</trueHeading>
<magneticHeading>0.000000</magneticHeading>
<gpsHeading>59.856453</gpsHeading>
<haccuracy>6.860000</haccuracy>
<vaccuracy>6.860000</vaccuracy>
<internetconnect>2</internetconnect>
</trkpt>
<trkpt lat="35.824559" lon="139.076886">
<ele>399.000000</ele>
<time>2026-06-19T23:12:17Z</time>
<speed>0.134227</speed>
<trueHeading>0.000000</trueHeading>
<magneticHeading>0.000000</magneticHeading>
<gpsHeading>74.673119</gpsHeading>
<haccuracy>5.025000</haccuracy>
<vaccuracy>5.025000</vaccuracy>
<internetconnect>2</internetconnect>
</trkpt>
<trkpt lat="35.824548" lon="139.076883">
<ele>399.000000</ele>
<time>2026-06-19T23:15:01Z</time>
<speed>0.122037</speed>
<trueHeading>0.000000</trueHeading>
<magneticHeading>0.000000</magneticHeading>
<gpsHeading>192.148117</gpsHeading>
<haccuracy>3.818000</haccuracy>
<vaccuracy>3.818000</vaccuracy>
<internetconnect>2</internetconnect>
</trkpt>
<trkpt lat="35.824520" lon="139.076876">
<ele>400.000000</ele>
<time>2026-06-19T23:17:23Z</time>
<speed>0.226160</speed>
<trueHeading>0.000000</trueHeading>
<magneticHeading>0.000000</magneticHeading>
<gpsHeading>191.699356</gpsHeading>
<haccuracy>6.651000</haccuracy>
<vaccuracy>6.651000</vaccuracy>
<internetconnect>2</internetconnect>
</trkpt>
<trkpt lat="35.824453" lon="139.076898">
<ele>401.666667</ele>
<time>2026-06-19T23:19:26Z</time>
<speed>0.462761</speed>
<trueHeading>0.000000</trueHeading>
<magneticHeading>0.000000</magneticHeading>
<gpsHeading>165.287811</gpsHeading>
<haccuracy>7.511000</haccuracy>
<vaccuracy>7.511000</vaccuracy>
<internetconnect>2</internetconnect>
</trkpt>
<trkpt lat="35.824496" lon="139.076523">
<ele>402.666667</ele>
<time>2026-06-19T23:20:23Z</time>
<speed>1.089313</speed>
<trueHeading>0.000000</trueHeading>
<magneticHeading>0.000000</magneticHeading>
<gpsHeading>277.887299</gpsHeading>
<haccuracy>5.490000</haccuracy>
<vaccuracy>5.490000</vaccuracy>
<internetconnect>2</internetconnect>
</trkpt>
<trkpt lat="35.824814" lon="139.075948">
<ele>400.666667</ele>
<time>2026-06-19T23:21:11Z</time>
<speed>1.473883</speed>
<trueHeading>0.000000</trueHeading>
<magneticHeading>0.000000</magneticHeading>
<gpsHeading>304.297333</gpsHeading>
<haccuracy>4.597000</haccuracy>
<vaccuracy>4.597000</vaccuracy>
<internetconnect>2</internetconnect>
</trkpt>
<trkpt lat="35.825410" lon="139.075942">
<ele>401.000000</ele>
<time>2026-06-19T23:21:59Z</time>
<speed>1.508400</speed>
<trueHeading>0.000000</trueHeading>
<magneticHeading>0.000000</magneticHeading>
<gpsHeading>359.579651</gpsHeading>
<haccuracy>6.705000</haccuracy>
<vaccuracy>6.705000</vaccuracy>
<internetconnect>2</internetconnect>
</trkpt>
<trkpt lat="35.825970" lon="139.075718">
<ele>406.000000</ele>
<time>2026-06-19T23:22:47Z</time>
<speed>1.488153</speed>
<trueHeading>0.000000</trueHeading>
<magneticHeading>0.000000</magneticHeading>
<gpsHeading>341.981537</gpsHeading>
<haccuracy>6.333000</haccuracy>
<vaccuracy>6.333000</vaccuracy>
<internetconnect>2</internetconnect>
</trkpt>
<trkpt lat="35.826364" lon="139.075253">
<ele>420.333333</ele>
<time>2026-06-19T23:23:36Z</time>
<speed>1.449840</speed>
<trueHeading>0.000000</trueHeading>
<magneticHeading>0.000000</magneticHeading>
<gpsHeading>316.259369</gpsHeading>
<haccuracy>6.002000</haccuracy>
<vaccuracy>6.002000</vaccuracy>
<internetconnect>2</internetconnect>
</trkpt>
<trkpt lat="35.826480" lon="139.074669">
<ele>428.666667</ele>
<time>2026-06-19T23:24:23Z</time>
<speed>1.515034</speed>
<trueHeading>0.000000</trueHeading>
<magneticHeading>0.000000</magneticHeading>
<gpsHeading>283.760803</gpsHeading>
<haccuracy>7.140000</haccuracy>
<vaccuracy>7.140000</vaccuracy>
<internetconnect>2</internetconnect>
</trkpt>
<trkpt lat="35.826330" lon="139.075019">
<ele>433.000000</ele>
<time>2026-06-19T23:25:40Z</time>
<speed>1.531263</speed>
<trueHeading>0.000000</trueHeading>
<magneticHeading>0.000000</magneticHeading>
<gpsHeading>117.828629</gpsHeading>
<haccuracy>5.295000</haccuracy>
<vaccuracy>5.295000</vaccuracy>
<internetconnect>2</internetconnect>
</trkpt>
<trkpt lat="35.826055" lon="139.075153">
<ele>425.666667</ele>
<time>2026-06-19T23:26:26Z</time>
<speed>0.314599</speed>
<trueHeading>0.000000</trueHeading>
<magneticHeading>0.000000</magneticHeading>
<gpsHeading>158.536011</gpsHeading>
<haccuracy>5.029000</haccuracy>
<vaccuracy>5.029000</vaccuracy>
<internetconnect>2</internetconnect>
</trkpt>
<trkpt lat="35.825852" lon="139.075445">
<ele>424.000000</ele>
<time>2026-06-19T23:27:15Z</time>
<speed>0.945904</speed>
<trueHeading>0.000000</trueHeading>
<magneticHeading>0.000000</magneticHeading>
<gpsHeading>130.527084</gpsHeading>
<haccuracy>4.679000</haccuracy>
<vaccuracy>4.679000</vaccuracy>
<internetconnect>2</internetconnect>
</trkpt>
<trkpt lat="35.825555" lon="139.075403">
<ele>428.333333</ele>
<time>2026-06-19T23:28:02Z</time>
<speed>0.587159</speed>
<trueHeading>0.000000</trueHeading>
<magneticHeading>0.000000</magneticHeading>
<gpsHeading>186.510025</gpsHeading>
<haccuracy>5.682000</haccuracy>
<vaccuracy>5.682000</vaccuracy>
<internetconnect>2</internetconnect>
</trkpt>
<trkpt lat="35.825277" lon="139.075350">
<ele>424.666667</ele>
<time>2026-06-19T23:28:51Z</time>
<speed>0.893599</speed>
<trueHeading>0.000000</trueHeading>
<magneticHeading>0.000000</magneticHeading>
<gpsHeading>188.858658</gpsHeading>
<haccuracy>6.332000</haccuracy>
<vaccuracy>6.332000</vaccuracy>
<internetconnect>2</internetconnect>
</trkpt>
<trkpt lat="35.825118" lon="139.075694">
<ele>431.000000</ele>
<time>2026-06-19T23:29:39Z</time>
<speed>1.034039</speed>
<trueHeading>0.000000</trueHeading>
<magneticHeading>0.000000</magneticHeading>
<gpsHeading>119.704765</gpsHeading>
<haccuracy>5.796000</haccuracy>
<vaccuracy>5.796000</vaccuracy>
<internetconnect>2</internetconnect>
</trkpt>
<trkpt lat="35.824900" lon="139.075448">
<ele>433.666667</ele>
<time>2026-06-19T23:30:41Z</time>
<speed>0.885016</speed>
<trueHeading>0.000000</trueHeading>
<magneticHeading>0.000000</magneticHeading>
<gpsHeading>222.470016</gpsHeading>
<haccuracy>5.313000</haccuracy>
<vaccuracy>5.313000</vaccuracy>
<internetconnect>2</internetconnect>
</trkpt>
<trkpt lat="35.824584" lon="139.075331">
<ele>455.666667</ele>
<time>2026-06-19T23:31:30Z</time>
<speed>0.857985</speed>
<trueHeading>0.000000</trueHeading>
<magneticHeading>0.000000</magneticHeading>
<gpsHeading>196.827911</gpsHeading>
<haccuracy>6.055000</haccuracy>
<vaccuracy>6.055000</vaccuracy>
<internetconnect>2</internetconnect>
</trkpt>
<trkpt lat="35.824532" lon="139.074988">
<ele>472.333333</ele>
<time>2026-06-19T23:32:33Z</time>
<speed>0.978738</speed>
<trueHeading>0.000000</trueHeading>
<magneticHeading>0.000000</magneticHeading>
<gpsHeading>259.402008</gpsHeading>
<haccuracy>5.798000</haccuracy>
<vaccuracy>5.798000</vaccuracy>
<internetconnect>2</internetconnect>
</trkpt>
<trkpt lat="35.824692" lon="139.074707">
<ele>490.666667</ele>
<time>2026-06-19T23:33:36Z</time>
<speed>0.954266</speed>
<trueHeading>0.000000</trueHeading>
<magneticHeading>0.000000</magneticHeading>
<gpsHeading>304.874481</gpsHeading>
<haccuracy>5.417000</haccuracy>
<vaccuracy>5.417000</vaccuracy>
<internetconnect>2</internetconnect>
</trkpt>
<trkpt lat="35.824795" lon="139.074480">
<ele>511.333333</ele>
<time>2026-06-19T23:35:40Z</time>
<speed>0.550775</speed>
<trueHeading>0.000000</trueHeading>
<magneticHeading>0.000000</magneticHeading>
<gpsHeading>299.298981</gpsHeading>
<haccuracy>5.753000</haccuracy>
<vaccuracy>5.753000</vaccuracy>
<internetconnect>2</internetconnect>
</trkpt>
<trkpt lat="35.824659" lon="139.074176">
<ele>529.333333</ele>
<time>2026-06-19T23:36:54Z</time>
<speed>0.900421</speed>
<trueHeading>0.000000</trueHeading>
<magneticHeading>0.000000</magneticHeading>
<gpsHeading>241.110229</gpsHeading>
<haccuracy>6.051000</haccuracy>
<vaccuracy>6.051000</vaccuracy>
<internetconnect>2</internetconnect>
</trkpt>
<trkpt lat="35.824683" lon="139.073815">
<ele>544.666667</ele>
<time>2026-06-19T23:38:16Z</time>
<speed>0.840432</speed>
<trueHeading>0.000000</trueHeading>
<magneticHeading>0.000000</magneticHeading>
<gpsHeading>274.763885</gpsHeading>
<haccuracy>5.292000</haccuracy>
<vaccuracy>5.292000</vaccuracy>
<internetconnect>2</internetconnect>
</trkpt>
<trkpt lat="35.824602" lon="139.073480">
<ele>561.666667</ele>
<time>2026-06-19T23:40:17Z</time>
<speed>0.896257</speed>
<trueHeading>0.000000</trueHeading>
<magneticHeading>0.000000</magneticHeading>
<gpsHeading>253.439087</gpsHeading>
<haccuracy>6.732000</haccuracy>
<vaccuracy>6.732000</vaccuracy>
<internetconnect>2</internetconnect>
</trkpt>
<trkpt lat="35.824850" lon="139.073237">
<ele>575.333333</ele>
<time>2026-06-19T23:41:44Z</time>
<speed>0.799546</speed>
<trueHeading>0.000000</trueHeading>
<magneticHeading>0.000000</magneticHeading>
<gpsHeading>321.488831</gpsHeading>
<haccuracy>6.384000</haccuracy>
<vaccuracy>6.384000</vaccuracy>
<internetconnect>2</internetconnect>
</trkpt>
<trkpt lat="35.824715" lon="139.072950">
<ele>594.000000</ele>
<time>2026-06-19T23:43:47Z</time>
<speed>0.478643</speed>
<trueHeading>0.000000</trueHeading>
<magneticHeading>0.000000</magneticHeading>
<gpsHeading>239.726410</gpsHeading>
<haccuracy>5.272000</haccuracy>
<vaccuracy>5.272000</vaccuracy>
<internetconnect>2</internetconnect>
</trkpt>
<trkpt lat="35.824843" lon="139.072634">
<ele>604.333333</ele>
<time>2026-06-19T23:44:54Z</time>
<speed>0.768636</speed>
<trueHeading>0.000000</trueHeading>
<magneticHeading>0.000000</magneticHeading>
<gpsHeading>296.541870</gpsHeading>
<haccuracy>4.678000</haccuracy>
<vaccuracy>4.678000</vaccuracy>
<internetconnect>2</internetconnect>
</trkpt>
<trkpt lat="35.824859" lon="139.072348">
<ele>617.666667</ele>
<time>2026-06-19T23:46:59Z</time>
<speed>0.831532</speed>
<trueHeading>0.000000</trueHeading>
<magneticHeading>0.000000</magneticHeading>
<gpsHeading>274.074219</gpsHeading>
<haccuracy>5.251000</haccuracy>
<vaccuracy>5.251000</vaccuracy>
<internetconnect>2</internetconnect>
</trkpt>
<trkpt lat="35.824838" lon="139.071996">
<ele>630.333333</ele>
<time>2026-06-19T23:47:58Z</time>
<speed>1.025372</speed>
<trueHeading>0.000000</trueHeading>
<magneticHeading>0.000000</magneticHeading>
<gpsHeading>265.815308</gpsHeading>
<haccuracy>6.338000</haccuracy>
<vaccuracy>6.338000</vaccuracy>
<internetconnect>2</internetconnect>
</trkpt>
<trkpt lat="35.824837" lon="139.071622">
<ele>643.666667</ele>
<time>2026-06-19T23:49:11Z</time>
<speed>0.956334</speed>
<trueHeading>0.000000</trueHeading>
<magneticHeading>0.000000</magneticHeading>
<gpsHeading>269.754364</gpsHeading>
<haccuracy>6.441000</haccuracy>
<vaccuracy>6.441000</vaccuracy>
<internetconnect>2</internetconnect>
</trkpt>
<trkpt lat="35.824822" lon="139.071263">
<ele>657.333333</ele>
<time>2026-06-19T23:50:27Z</time>
<speed>0.836855</speed>
<trueHeading>0.000000</trueHeading>
<magneticHeading>0.000000</magneticHeading>
<gpsHeading>267.029572</gpsHeading>
<haccuracy>7.579000</haccuracy>
<vaccuracy>7.579000</vaccuracy>
<internetconnect>2</internetconnect>
</trkpt>
<trkpt lat="35.824782" lon="139.070890">
<ele>670.000000</ele>
<time>2026-06-19T23:51:36Z</time>
<speed>0.605539</speed>
<trueHeading>0.000000</trueHeading>
<magneticHeading>0.000000</magneticHeading>
<gpsHeading>262.556885</gpsHeading>
<haccuracy>7.009000</haccuracy>
<vaccuracy>7.009000</vaccuracy>
<internetconnect>2</internetconnect>
</trkpt>
<trkpt lat="35.824910" lon="139.070531">
<ele>683.000000</ele>
<time>2026-06-19T23:52:43Z</time>
<speed>0.905639</speed>
<trueHeading>0.000000</trueHeading>
<magneticHeading>0.000000</magneticHeading>
<gpsHeading>293.695923</gpsHeading>
<haccuracy>11.355000</haccuracy>
<vaccuracy>11.355000</vaccuracy>
<internetconnect>2</internetconnect>
</trkpt>
<trkpt lat="35.824842" lon="139.070302">
<ele>696.666667</ele>
<time>2026-06-19T23:54:47Z</time>
<speed>1.003368</speed>
<trueHeading>0.000000</trueHeading>
<magneticHeading>0.000000</magneticHeading>
<gpsHeading>249.646530</gpsHeading>
<haccuracy>8.130000</haccuracy>
<vaccuracy>8.130000</vaccuracy>
<internetconnect>2</internetconnect>
</trkpt>
<trkpt lat="35.824660" lon="139.070026">
<ele>710.000000</ele>
<time>2026-06-19T23:56:05Z</time>
<speed>0.832636</speed>
<trueHeading>0.000000</trueHeading>
<magneticHeading>0.000000</magneticHeading>
<gpsHeading>230.939957</gpsHeading>
<haccuracy>6.992000</haccuracy>
<vaccuracy>6.992000</vaccuracy>
<internetconnect>2</internetconnect>
</trkpt>
<trkpt lat="35.824411" lon="139.069794">
<ele>725.666667</ele>
<time>2026-06-19T23:57:49Z</time>
<speed>1.014705</speed>
<trueHeading>0.000000</trueHeading>
<magneticHeading>0.000000</magneticHeading>
<gpsHeading>217.021088</gpsHeading>
<haccuracy>7.409000</haccuracy>
<vaccuracy>7.409000</vaccuracy>
<internetconnect>2</internetconnect>
</trkpt>
<trkpt lat="35.824453" lon="139.069450">
<ele>743.000000</ele>
<time>2026-06-19T23:58:59Z</time>
<speed>0.565627</speed>
<trueHeading>0.000000</trueHeading>
<magneticHeading>0.000000</magneticHeading>
<gpsHeading>278.666199</gpsHeading>
<haccuracy>6.337000</haccuracy>
<vaccuracy>6.337000</vaccuracy>
<internetconnect>2</internetconnect>
</trkpt>
<trkpt lat="35.824284" lon="139.069136">
<ele>760.666667</ele>
<time>2026-06-20T00:01:00Z</time>
<speed>0.807032</speed>
<trueHeading>0.000000</trueHeading>
<magneticHeading>0.000000</magneticHeading>
<gpsHeading>236.329025</gpsHeading>
<haccuracy>5.517000</haccuracy>
<vaccuracy>5.517000</vaccuracy>
<internetconnect>2</internetconnect>
</trkpt>
<trkpt lat="35.824156" lon="139.068783">
<ele>779.333333</ele>
<time>2026-06-20T00:02:54Z</time>
<speed>0.827104</speed>
<trueHeading>0.000000</trueHeading>
<magneticHeading>0.000000</magneticHeading>
<gpsHeading>245.991516</gpsHeading>
<haccuracy>5.712000</haccuracy>
<vaccuracy>5.712000</vaccuracy>
<internetconnect>2</internetconnect>
</trkpt>
<trkpt lat="35.824277" lon="139.068268">
<ele>792.666667</ele>
<time>2026-06-20T00:03:43Z</time>
<speed>1.001087</speed>
<trueHeading>0.000000</trueHeading>
<magneticHeading>0.000000</magneticHeading>
<gpsHeading>286.133972</gpsHeading>
<haccuracy>14.181000</haccuracy>
<vaccuracy>14.181000</vaccuracy>
<internetconnect>2</internetconnect>
</trkpt>
<trkpt lat="35.824157" lon="139.068147">
<ele>802.666667</ele>
<time>2026-06-20T00:05:44Z</time>
<speed>0.213031</speed>
<trueHeading>0.000000</trueHeading>
<magneticHeading>0.000000</magneticHeading>
<gpsHeading>219.339569</gpsHeading>
<haccuracy>5.432000</haccuracy>
<vaccuracy>5.432000</vaccuracy>
<internetconnect>2</internetconnect>
</trkpt>
<trkpt lat="35.824148" lon="139.068052">
<ele>812.333333</ele>
<time>2026-06-20T00:08:07Z</time>
<speed>1.850000</speed>
<trueHeading>0.000000</trueHeading>
<magneticHeading>0.000000</magneticHeading>
<gpsHeading>262.903229</gpsHeading>
<haccuracy>10.823000</haccuracy>
<vaccuracy>10.823000</vaccuracy>
<internetconnect>2</internetconnect>
</trkpt>
<trkpt lat="35.824162" lon="139.067683">
<ele>825.000000</ele>
<time>2026-06-20T00:09:53Z</time>
<speed>0.733456</speed>
<trueHeading>0.000000</trueHeading>
<magneticHeading>0.000000</magneticHeading>
<gpsHeading>272.753998</gpsHeading>
<haccuracy>4.790000</haccuracy>
<vaccuracy>4.790000</vaccuracy>
<internetconnect>2</internetconnect>
</trkpt>
<trkpt lat="35.823961" lon="139.067439">
<ele>841.000000</ele>
<time>2026-06-20T00:11:19Z</time>
<speed>0.098218</speed>
<trueHeading>0.000000</trueHeading>
<magneticHeading>0.000000</magneticHeading>
<gpsHeading>224.633148</gpsHeading>
<haccuracy>5.340000</haccuracy>
<vaccuracy>5.340000</vaccuracy>
<internetconnect>2</internetconnect>
</trkpt>
<trkpt lat="35.823853" lon="139.067076">
<ele>854.666667</ele>
<time>2026-06-20T00:13:06Z</time>
<speed>0.879876</speed>
<trueHeading>0.000000</trueHeading>
<magneticHeading>0.000000</magneticHeading>
<gpsHeading>249.729980</gpsHeading>
<haccuracy>5.628000</haccuracy>
<vaccuracy>5.628000</vaccuracy>
<internetconnect>2</internetconnect>
</trkpt>
<trkpt lat="35.823991" lon="139.066691">
<ele>866.666667</ele>
<time>2026-06-20T00:13:55Z</time>
<speed>1.044273</speed>
<trueHeading>0.000000</trueHeading>
<magneticHeading>0.000000</magneticHeading>
<gpsHeading>293.912720</gpsHeading>
<haccuracy>17.745001</haccuracy>
<vaccuracy>17.745001</vaccuracy>
<internetconnect>2</internetconnect>
</trkpt>
<trkpt lat="35.824041" lon="139.066331">
<ele>874.333333</ele>
<time>2026-06-20T00:15:07Z</time>
<speed>0.913222</speed>
<trueHeading>0.000000</trueHeading>
<magneticHeading>0.000000</magneticHeading>
<gpsHeading>279.782654</gpsHeading>
<haccuracy>9.218000</haccuracy>
<vaccuracy>9.218000</vaccuracy>
<internetconnect>2</internetconnect>
</trkpt>
<trkpt lat="35.823913" lon="139.066362">
<ele>883.333333</ele>
<time>2026-06-20T00:17:17Z</time>
<speed>0.076243</speed>
<trueHeading>0.000000</trueHeading>
<magneticHeading>0.000000</magneticHeading>
<gpsHeading>169.001999</gpsHeading>
<haccuracy>5.633000</haccuracy>
<vaccuracy>5.633000</vaccuracy>
<internetconnect>2</internetconnect>
</trkpt>
<trkpt lat="35.823593" lon="139.066157">
<ele>889.000000</ele>
<time>2026-06-20T00:18:04Z</time>
<speed>0.230938</speed>
<trueHeading>0.000000</trueHeading>
<magneticHeading>0.000000</magneticHeading>
<gpsHeading>207.456146</gpsHeading>
<haccuracy>4.234000</haccuracy>
<vaccuracy>4.234000</vaccuracy>
<internetconnect>2</internetconnect>
</trkpt>
<trkpt lat="35.823349" lon="139.066349">
<ele>889.000000</ele>
<time>2026-06-20T00:20:00Z</time>
<speed>0.775909</speed>
<trueHeading>0.000000</trueHeading>
<magneticHeading>0.000000</magneticHeading>
<gpsHeading>147.456192</gpsHeading>
<haccuracy>4.755000</haccuracy>
<vaccuracy>4.755000</vaccuracy>
<internetconnect>2</internetconnect>
</trkpt>
<trkpt lat="35.823121" lon="139.066600">
<ele>886.333333</ele>
<time>2026-06-20T00:20:47Z</time>
<speed>0.050212</speed>
<trueHeading>0.000000</trueHeading>
<magneticHeading>0.000000</magneticHeading>
<gpsHeading>138.343628</gpsHeading>
<haccuracy>4.101000</haccuracy>
<vaccuracy>4.101000</vaccuracy>
<internetconnect>2</internetconnect>
</trkpt>
<trkpt lat="35.822848" lon="139.066676">
<ele>890.000000</ele>
<time>2026-06-20T00:22:43Z</time>
<speed>0.069919</speed>
<trueHeading>0.000000</trueHeading>
<magneticHeading>0.000000</magneticHeading>
<gpsHeading>167.231506</gpsHeading>
<haccuracy>4.007000</haccuracy>
<vaccuracy>4.007000</vaccuracy>
<internetconnect>2</internetconnect>
</trkpt>
<trkpt lat="35.822683" lon="139.066459">
<ele>905.666667</ele>
<time>2026-06-20T00:25:05Z</time>
<speed>1.840000</speed>
<trueHeading>0.000000</trueHeading>
<magneticHeading>0.000000</magneticHeading>
<gpsHeading>226.887390</gpsHeading>
<haccuracy>5.529000</haccuracy>
<vaccuracy>5.529000</vaccuracy>
<internetconnect>2</internetconnect>
</trkpt>
<trkpt lat="35.822823" lon="139.066137">
<ele>927.000000</ele>
<time>2026-06-20T00:26:56Z</time>
<speed>0.902697</speed>
<trueHeading>0.000000</trueHeading>
<magneticHeading>0.000000</magneticHeading>
<gpsHeading>298.169159</gpsHeading>
<haccuracy>9.707000</haccuracy>
<vaccuracy>9.707000</vaccuracy>
<internetconnect>2</internetconnect>
</trkpt>
<trkpt lat="35.822862" lon="139.065764">
<ele>947.666667</ele>
<time>2026-06-20T00:28:22Z</time>
<speed>0.349528</speed>
<trueHeading>0.000000</trueHeading>
<magneticHeading>0.000000</magneticHeading>
<gpsHeading>277.440979</gpsHeading>
<haccuracy>5.211000</haccuracy>
<vaccuracy>5.211000</vaccuracy>
<internetconnect>2</internetconnect>
</trkpt>
<trkpt lat="35.822865" lon="139.065421">
<ele>963.333333</ele>
<time>2026-06-20T00:30:14Z</time>
<speed>0.867931</speed>
<trueHeading>0.000000</trueHeading>
<magneticHeading>0.000000</magneticHeading>
<gpsHeading>270.679626</gpsHeading>
<haccuracy>5.089000</haccuracy>
<vaccuracy>5.089000</vaccuracy>
<internetconnect>2</internetconnect>
</trkpt>
<trkpt lat="35.822732" lon="139.065116">
<ele>974.000000</ele>
<time>2026-06-20T00:31:51Z</time>
<speed>0.994641</speed>
<trueHeading>0.000000</trueHeading>
<magneticHeading>0.000000</magneticHeading>
<gpsHeading>241.661270</gpsHeading>
<haccuracy>4.901000</haccuracy>
<vaccuracy>4.901000</vaccuracy>
<internetconnect>2</internetconnect>
</trkpt>
<trkpt lat="35.822659" lon="139.064784">
<ele>981.000000</ele>
<time>2026-06-20T00:32:38Z</time>
<speed>1.069585</speed>
<trueHeading>0.000000</trueHeading>
<magneticHeading>0.000000</magneticHeading>
<gpsHeading>254.880249</gpsHeading>
<haccuracy>5.779000</haccuracy>
<vaccuracy>5.779000</vaccuracy>
<internetconnect>2</internetconnect>
</trkpt>
<trkpt lat="35.822497" lon="139.064434">
<ele>980.666667</ele>
<time>2026-06-20T00:33:25Z</time>
<speed>0.149184</speed>
<trueHeading>0.000000</trueHeading>
<magneticHeading>0.000000</magneticHeading>
<gpsHeading>240.115326</gpsHeading>
<haccuracy>5.231000</haccuracy>
<vaccuracy>5.231000</vaccuracy>
<internetconnect>2</internetconnect>
</trkpt>
<trkpt lat="35.822212" lon="139.064436">
<ele>980.666667</ele>
<time>2026-06-20T00:35:10Z</time>
<speed>0.758852</speed>
<trueHeading>0.000000</trueHeading>
<magneticHeading>0.000000</magneticHeading>
<gpsHeading>179.738632</gpsHeading>
<haccuracy>3.585000</haccuracy>
<vaccuracy>3.585000</vaccuracy>
<internetconnect>2</internetconnect>
</trkpt>
<trkpt lat="35.821945" lon="139.064305">
<ele>979.666667</ele>
<time>2026-06-20T00:36:39Z</time>
<speed>0.319514</speed>
<trueHeading>0.000000</trueHeading>
<magneticHeading>0.000000</magneticHeading>
<gpsHeading>201.649551</gpsHeading>
<haccuracy>9.272000</haccuracy>
<vaccuracy>9.272000</vaccuracy>
<internetconnect>2</internetconnect>
</trkpt>
<trkpt lat="35.821706" lon="139.064076">
<ele>992.000000</ele>
<time>2026-06-20T00:37:44Z</time>
<speed>0.645590</speed>
<trueHeading>0.000000</trueHeading>
<magneticHeading>0.000000</magneticHeading>
<gpsHeading>217.833054</gpsHeading>
<haccuracy>5.765000</haccuracy>
<vaccuracy>5.765000</vaccuracy>
<internetconnect>2</internetconnect>
</trkpt>
<trkpt lat="35.821793" lon="139.063783">
<ele>1004.333333</ele>
<time>2026-06-20T00:39:49Z</time>
<speed>0.169178</speed>
<trueHeading>0.000000</trueHeading>
<magneticHeading>0.000000</magneticHeading>
<gpsHeading>290.314392</gpsHeading>
<haccuracy>4.684000</haccuracy>
<vaccuracy>4.684000</vaccuracy>
<internetconnect>2</internetconnect>
</trkpt>
<trkpt lat="35.821961" lon="139.063508">
<ele>1021.000000</ele>
<time>2026-06-20T00:40:59Z</time>
<speed>0.896038</speed>
<trueHeading>0.000000</trueHeading>
<magneticHeading>0.000000</magneticHeading>
<gpsHeading>306.830505</gpsHeading>
<haccuracy>5.332000</haccuracy>
<vaccuracy>5.332000</vaccuracy>
<internetconnect>2</internetconnect>
</trkpt>
<trkpt lat="35.822220" lon="139.063353">
<ele>1029.333333</ele>
<time>2026-06-20T00:42:49Z</time>
<speed>0.465777</speed>
<trueHeading>0.000000</trueHeading>
<magneticHeading>0.000000</magneticHeading>
<gpsHeading>334.164429</gpsHeading>
<haccuracy>5.794000</haccuracy>
<vaccuracy>5.794000</vaccuracy>
<internetconnect>2</internetconnect>
</trkpt>
<trkpt lat="35.822515" lon="139.063532">
<ele>1035.000000</ele>
<time>2026-06-20T00:43:37Z</time>
<speed>1.060698</speed>
<trueHeading>0.000000</trueHeading>
<magneticHeading>0.000000</magneticHeading>
<gpsHeading>26.168678</gpsHeading>
<haccuracy>4.960000</haccuracy>
<vaccuracy>4.960000</vaccuracy>
<internetconnect>2</internetconnect>
</trkpt>
<trkpt lat="35.822757" lon="139.063708">
<ele>1039.666667</ele>
<time>2026-06-20T00:44:52Z</time>
<speed>0.492619</speed>
<trueHeading>0.000000</trueHeading>
<magneticHeading>0.000000</magneticHeading>
<gpsHeading>30.465380</gpsHeading>
<haccuracy>5.356000</haccuracy>
<vaccuracy>5.356000</vaccuracy>
<internetconnect>2</internetconnect>
</trkpt>
<trkpt lat="35.822911" lon="139.063808">
<ele>1050.666667</ele>
<time>2026-06-20T00:48:31Z</time>
<speed>0.000000</speed>
<trueHeading>0.000000</trueHeading>
<magneticHeading>0.000000</magneticHeading>
<gpsHeading>27.839304</gpsHeading>
<haccuracy>10.920000</haccuracy>
<vaccuracy>10.920000</vaccuracy>
<internetconnect>2</internetconnect>
</trkpt>
<trkpt lat="35.823140" lon="139.063882">
<ele>1061.000000</ele>
<time>2026-06-20T00:50:35Z</time>
<speed>0.000000</speed>
<trueHeading>0.000000</trueHeading>
<magneticHeading>0.000000</magneticHeading>
<gpsHeading>14.763878</gpsHeading>
<haccuracy>9.935000</haccuracy>
<vaccuracy>9.935000</vaccuracy>
<internetconnect>2</internetconnect>
</trkpt>
<trkpt lat="35.823228" lon="139.063900">
<ele>1066.000000</ele>
<time>2026-06-20T00:52:54Z</time>
<speed>0.489213</speed>
<trueHeading>0.000000</trueHeading>
<magneticHeading>0.000000</magneticHeading>
<gpsHeading>9.272994</gpsHeading>
<haccuracy>3.490000</haccuracy>
<vaccuracy>3.490000</vaccuracy>
<internetconnect>2</internetconnect>
</trkpt>
<trkpt lat="35.823224" lon="139.063926">
<ele>1065.333333</ele>
<time>2026-06-20T00:54:56Z</time>
<speed>0.416588</speed>
<trueHeading>0.000000</trueHeading>
<magneticHeading>0.000000</magneticHeading>
<gpsHeading>98.829781</gpsHeading>
<haccuracy>9.427000</haccuracy>
<vaccuracy>9.427000</vaccuracy>
<internetconnect>2</internetconnect>
</trkpt>
<trkpt lat="35.823216" lon="139.063939">
<ele>1064.000000</ele>
<time>2026-06-20T01:00:07Z</time>
<speed>0.457911</speed>
<trueHeading>0.000000</trueHeading>
<magneticHeading>0.000000</magneticHeading>
<gpsHeading>129.082779</gpsHeading>
<haccuracy>6.501000</haccuracy>
<vaccuracy>6.501000</vaccuracy>
<internetconnect>2</internetconnect>
</trkpt>
<trkpt lat="35.823206" lon="139.063963">
<ele>1064.000000</ele>
<time>2026-06-20T01:03:10Z</time>
<speed>0.142427</speed>
<trueHeading>0.000000</trueHeading>
<magneticHeading>0.000000</magneticHeading>
<gpsHeading>116.494530</gpsHeading>
<haccuracy>3.154000</haccuracy>
<vaccuracy>3.154000</vaccuracy>
<internetconnect>2</internetconnect>
</trkpt>
<trkpt lat="35.823212" lon="139.063953">
<ele>1064.000000</ele>
<time>2026-06-20T01:05:15Z</time>
<speed>0.216258</speed>
<trueHeading>0.000000</trueHeading>
<magneticHeading>0.000000</magneticHeading>
<gpsHeading>305.576874</gpsHeading>
<haccuracy>5.431000</haccuracy>
<vaccuracy>5.431000</vaccuracy>
<internetconnect>2</internetconnect>
</trkpt>
<trkpt lat="35.823216" lon="139.063944">
<ele>1064.000000</ele>
<time>2026-06-20T01:08:08Z</time>
<speed>0.135990</speed>
<trueHeading>0.000000</trueHeading>
<magneticHeading>0.000000</magneticHeading>
<gpsHeading>299.274780</gpsHeading>
<haccuracy>4.951000</haccuracy>
<vaccuracy>4.951000</vaccuracy>
<internetconnect>2</internetconnect>
</trkpt>
<trkpt lat="35.823250" lon="139.063931">
<ele>1064.000000</ele>
<time>2026-06-20T01:10:33Z</time>
<speed>0.142833</speed>
<trueHeading>0.000000</trueHeading>
<magneticHeading>0.000000</magneticHeading>
<gpsHeading>343.321686</gpsHeading>
<haccuracy>5.244000</haccuracy>
<vaccuracy>5.244000</vaccuracy>
<internetconnect>2</internetconnect>
</trkpt>
<trkpt lat="35.823236" lon="139.063924">
<ele>1064.000000</ele>
<time>2026-06-20T01:14:11Z</time>
<speed>0.071429</speed>
<trueHeading>0.000000</trueHeading>
<magneticHeading>0.000000</magneticHeading>
<gpsHeading>201.924622</gpsHeading>
<haccuracy>3.757000</haccuracy>
<vaccuracy>3.757000</vaccuracy>
<internetconnect>2</internetconnect>
</trkpt>
<trkpt lat="35.823207" lon="139.063926">
<ele>1058.000000</ele>
<time>2026-06-20T01:16:35Z</time>
<speed>0.615546</speed>
<trueHeading>0.000000</trueHeading>
<magneticHeading>0.000000</magneticHeading>
<gpsHeading>176.662704</gpsHeading>
<haccuracy>3.576000</haccuracy>
<vaccuracy>3.576000</vaccuracy>
<internetconnect>2</internetconnect>
</trkpt>
<trkpt lat="35.823376" lon="139.064019">
<ele>1052.333333</ele>
<time>2026-06-20T01:18:40Z</time>
<speed>0.904225</speed>
<trueHeading>0.000000</trueHeading>
<magneticHeading>0.000000</magneticHeading>
<gpsHeading>24.007067</gpsHeading>
<haccuracy>5.351000</haccuracy>
<vaccuracy>5.351000</vaccuracy>
<internetconnect>2</internetconnect>
</trkpt>
<trkpt lat="35.823450" lon="139.063940">
<ele>1037.000000</ele>
<time>2026-06-20T01:20:47Z</time>
<speed>0.000000</speed>
<trueHeading>0.000000</trueHeading>
<magneticHeading>0.000000</magneticHeading>
<gpsHeading>319.300140</gpsHeading>
<haccuracy>5.617000</haccuracy>
<vaccuracy>5.617000</vaccuracy>
<internetconnect>2</internetconnect>
</trkpt>
<trkpt lat="35.823488" lon="139.064030">
<ele>1027.666667</ele>
<time>2026-06-20T01:22:54Z</time>
<speed>0.000000</speed>
<trueHeading>0.000000</trueHeading>
<magneticHeading>0.000000</magneticHeading>
<gpsHeading>62.281349</gpsHeading>
<haccuracy>9.935000</haccuracy>
<vaccuracy>9.935000</vaccuracy>
<internetconnect>2</internetconnect>
</trkpt>
<trkpt lat="35.823515" lon="139.064065">
<ele>1018.000000</ele>
<time>2026-06-20T01:25:13Z</time>
<speed>1.870000</speed>
<trueHeading>0.000000</trueHeading>
<magneticHeading>0.000000</magneticHeading>
<gpsHeading>46.144184</gpsHeading>
<haccuracy>4.485000</haccuracy>
<vaccuracy>4.485000</vaccuracy>
<internetconnect>2</internetconnect>
</trkpt>
<trkpt lat="35.823456" lon="139.064049">
<ele>1027.333333</ele>
<time>2026-06-20T01:27:16Z</time>
<speed>0.370000</speed>
<trueHeading>0.000000</trueHeading>
<magneticHeading>0.000000</magneticHeading>
<gpsHeading>192.068863</gpsHeading>
<haccuracy>10.368000</haccuracy>
<vaccuracy>10.368000</vaccuracy>
<internetconnect>2</internetconnect>
</trkpt>
<trkpt lat="35.823322" lon="139.064015">
<ele>1042.666667</ele>
<time>2026-06-20T01:29:18Z</time>
<speed>0.000000</speed>
<trueHeading>0.000000</trueHeading>
<magneticHeading>0.000000</magneticHeading>
<gpsHeading>191.516998</gpsHeading>
<haccuracy>9.935000</haccuracy>
<vaccuracy>9.935000</vaccuracy>
<internetconnect>2</internetconnect>
</trkpt>
<trkpt lat="35.823205" lon="139.063914">
<ele>1061.666667</ele>
<time>2026-06-20T01:31:27Z</time>
<speed>0.339212</speed>
<trueHeading>0.000000</trueHeading>
<magneticHeading>0.000000</magneticHeading>
<gpsHeading>215.115845</gpsHeading>
<haccuracy>4.700000</haccuracy>
<vaccuracy>4.700000</vaccuracy>
<internetconnect>2</internetconnect>
</trkpt>
<trkpt lat="35.823253" lon="139.063500">
<ele>1073.000000</ele>
<time>2026-06-20T01:32:16Z</time>
<speed>0.291704</speed>
<trueHeading>0.000000</trueHeading>
<magneticHeading>0.000000</magneticHeading>
<gpsHeading>278.093292</gpsHeading>
<haccuracy>5.495000</haccuracy>
<vaccuracy>5.495000</vaccuracy>
<internetconnect>2</internetconnect>
</trkpt>
<trkpt lat="35.823274" lon="139.063130">
<ele>1079.333333</ele>
<time>2026-06-20T01:33:20Z</time>
<speed>0.974819</speed>
<trueHeading>0.000000</trueHeading>
<magneticHeading>0.000000</magneticHeading>
<gpsHeading>274.055634</gpsHeading>
<haccuracy>3.025000</haccuracy>
<vaccuracy>3.025000</vaccuracy>
<internetconnect>2</internetconnect>
</trkpt>
<trkpt lat="35.823350" lon="139.062769">
<ele>1084.666667</ele>
<time>2026-06-20T01:34:08Z</time>
<speed>0.735955</speed>
<trueHeading>0.000000</trueHeading>
<magneticHeading>0.000000</magneticHeading>
<gpsHeading>284.529999</gpsHeading>
<haccuracy>4.510000</haccuracy>
<vaccuracy>4.510000</vaccuracy>
<internetconnect>2</internetconnect>
</trkpt>
<trkpt lat="35.823361" lon="139.062423">
<ele>1089.333333</ele>
<time>2026-06-20T01:35:56Z</time>
<speed>0.102839</speed>
<trueHeading>0.000000</trueHeading>
<magneticHeading>0.000000</magneticHeading>
<gpsHeading>272.182312</gpsHeading>
<haccuracy>4.592000</haccuracy>
<vaccuracy>4.592000</vaccuracy>
<internetconnect>2</internetconnect>
</trkpt>
<trkpt lat="35.823586" lon="139.062235">
<ele>1096.333333</ele>
<time>2026-06-20T01:37:58Z</time>
<speed>0.132058</speed>
<trueHeading>0.000000</trueHeading>
<magneticHeading>0.000000</magneticHeading>
<gpsHeading>325.861694</gpsHeading>
<haccuracy>4.299000</haccuracy>
<vaccuracy>4.299000</vaccuracy>
<internetconnect>2</internetconnect>
</trkpt>
<trkpt lat="35.823698" lon="139.061989">
<ele>1100.666667</ele>
<time>2026-06-20T01:40:36Z</time>
<speed>0.850000</speed>
<trueHeading>0.000000</trueHeading>
<magneticHeading>0.000000</magneticHeading>
<gpsHeading>299.428101</gpsHeading>
<haccuracy>4.735000</haccuracy>
<vaccuracy>4.735000</vaccuracy>
<internetconnect>2</internetconnect>
</trkpt>
<trkpt lat="35.823833" lon="139.061676">
<ele>1104.666667</ele>
<time>2026-06-20T01:42:35Z</time>
<speed>0.000000</speed>
<trueHeading>0.000000</trueHeading>
<magneticHeading>0.000000</magneticHeading>
<gpsHeading>297.964935</gpsHeading>
<haccuracy>10.430000</haccuracy>
<vaccuracy>10.430000</vaccuracy>
<internetconnect>2</internetconnect>
</trkpt>
<trkpt lat="35.823910" lon="139.061340">
<ele>1105.333333</ele>
<time>2026-06-20T01:44:35Z</time>
<speed>0.000000</speed>
<trueHeading>0.000000</trueHeading>
<magneticHeading>0.000000</magneticHeading>
<gpsHeading>285.833008</gpsHeading>
<haccuracy>11.258000</haccuracy>
<vaccuracy>11.258000</vaccuracy>
<internetconnect>2</internetconnect>
</trkpt>
<trkpt lat="35.823951" lon="139.061202">
<ele>1104.000000</ele>
<time>2026-06-20T01:46:42Z</time>
<speed>0.850000</speed>
<trueHeading>0.000000</trueHeading>
<magneticHeading>0.000000</magneticHeading>
<gpsHeading>289.786469</gpsHeading>
<haccuracy>10.947000</haccuracy>
<vaccuracy>10.947000</vaccuracy>
<internetconnect>2</internetconnect>
</trkpt>
<trkpt lat="35.824015" lon="139.061026">
<ele>1102.666667</ele>
<time>2026-06-20T01:48:48Z</time>
<speed>0.000000</speed>
<trueHeading>0.000000</trueHeading>
<magneticHeading>0.000000</magneticHeading>
<gpsHeading>294.483582</gpsHeading>
<haccuracy>5.306000</haccuracy>
<vaccuracy>5.306000</vaccuracy>
<internetconnect>2</internetconnect>
</trkpt>
<trkpt lat="35.823982" lon="139.060638">
<ele>1104.666667</ele>
<time>2026-06-20T01:50:04Z</time>
<speed>0.480000</speed>
<trueHeading>0.000000</trueHeading>
<magneticHeading>0.000000</magneticHeading>
<gpsHeading>263.866150</gpsHeading>
<haccuracy>10.869000</haccuracy>
<vaccuracy>10.869000</vaccuracy>
<internetconnect>2</internetconnect>
</trkpt>
<trkpt lat="35.824006" lon="139.060355">
<ele>1111.666667</ele>
<time>2026-06-20T01:52:09Z</time>
<speed>0.300000</speed>
<trueHeading>0.000000</trueHeading>
<magneticHeading>0.000000</magneticHeading>
<gpsHeading>275.968903</gpsHeading>
<haccuracy>11.574000</haccuracy>
<vaccuracy>11.574000</vaccuracy>
<internetconnect>2</internetconnect>
</trkpt>
<trkpt lat="35.824043" lon="139.060170">
<ele>1118.000000</ele>
<time>2026-06-20T01:54:11Z</time>
<speed>0.000000</speed>
<trueHeading>0.000000</trueHeading>
<magneticHeading>0.000000</magneticHeading>
<gpsHeading>284.121948</gpsHeading>
<haccuracy>10.632000</haccuracy>
<vaccuracy>10.632000</vaccuracy>
<internetconnect>2</internetconnect>
</trkpt>
<trkpt lat="35.824269" lon="139.059929">
<ele>1118.000000</ele>
<time>2026-06-20T01:55:59Z</time>
<speed>1.510000</speed>
<trueHeading>0.000000</trueHeading>
<magneticHeading>0.000000</magneticHeading>
<gpsHeading>319.115387</gpsHeading>
<haccuracy>10.595000</haccuracy>
<vaccuracy>10.595000</vaccuracy>
<internetconnect>2</internetconnect>
</trkpt>
<trkpt lat="35.824296" lon="139.059787">
<ele>1117.666667</ele>
<time>2026-06-20T01:58:02Z</time>
<speed>0.000000</speed>
<trueHeading>0.000000</trueHeading>
<magneticHeading>0.000000</magneticHeading>
<gpsHeading>283.282990</gpsHeading>
<haccuracy>7.924000</haccuracy>
<vaccuracy>7.924000</vaccuracy>
<internetconnect>2</internetconnect>
</trkpt>
<trkpt lat="35.824252" lon="139.059622">
<ele>1114.666667</ele>
<time>2026-06-20T02:00:20Z</time>
<speed>0.410000</speed>
<trueHeading>0.000000</trueHeading>
<magneticHeading>0.000000</magneticHeading>
<gpsHeading>251.577713</gpsHeading>
<haccuracy>11.561000</haccuracy>
<vaccuracy>11.561000</vaccuracy>
<internetconnect>2</internetconnect>
</trkpt>
<trkpt lat="35.824252" lon="139.059474">
<ele>1109.666667</ele>
<time>2026-06-20T02:02:23Z</time>
<speed>0.104210</speed>
<trueHeading>0.000000</trueHeading>
<magneticHeading>0.000000</magneticHeading>
<gpsHeading>270.095490</gpsHeading>
<haccuracy>10.526000</haccuracy>
<vaccuracy>10.526000</vaccuracy>
<internetconnect>2</internetconnect>
</trkpt>
<trkpt lat="35.824319" lon="139.059438">
<ele>1103.333333</ele>
<time>2026-06-20T02:05:01Z</time>
<speed>0.460000</speed>
<trueHeading>0.000000</trueHeading>
<magneticHeading>0.000000</magneticHeading>
<gpsHeading>336.157867</gpsHeading>
<haccuracy>4.956000</haccuracy>
<vaccuracy>4.956000</vaccuracy>
<internetconnect>2</internetconnect>
</trkpt>
<trkpt lat="35.824160" lon="139.059135">
<ele>1099.666667</ele>
<time>2026-06-20T02:06:27Z</time>
<speed>0.000000</speed>
<trueHeading>0.000000</trueHeading>
<magneticHeading>0.000000</magneticHeading>
<gpsHeading>237.156006</gpsHeading>
<haccuracy>5.743000</haccuracy>
<vaccuracy>5.743000</vaccuracy>
<internetconnect>2</internetconnect>
</trkpt>
<trkpt lat="35.824175" lon="139.058791">
<ele>1102.333333</ele>
<time>2026-06-20T02:08:31Z</time>
<speed>0.000000</speed>
<trueHeading>0.000000</trueHeading>
<magneticHeading>0.000000</magneticHeading>
<gpsHeading>273.077423</gpsHeading>
<haccuracy>10.312000</haccuracy>
<vaccuracy>10.312000</vaccuracy>
<internetconnect>2</internetconnect>
</trkpt>
<trkpt lat="35.824207" lon="139.058641">
<ele>1104.666667</ele>
<time>2026-06-20T02:10:33Z</time>
<speed>0.000000</speed>
<trueHeading>0.000000</trueHeading>
<magneticHeading>0.000000</magneticHeading>
<gpsHeading>284.725067</gpsHeading>
<haccuracy>10.712000</haccuracy>
<vaccuracy>10.712000</vaccuracy>
<internetconnect>2</internetconnect>
</trkpt>
<trkpt lat="35.824387" lon="139.058313">
<ele>1108.333333</ele>
<time>2026-06-20T02:12:39Z</time>
<speed>0.300000</speed>
<trueHeading>0.000000</trueHeading>
<magneticHeading>0.000000</magneticHeading>
<gpsHeading>304.086823</gpsHeading>
<haccuracy>10.562000</haccuracy>
<vaccuracy>10.562000</vaccuracy>
<internetconnect>2</internetconnect>
</trkpt>
<trkpt lat="35.824424" lon="139.058232">
<ele>1108.333333</ele>
<time>2026-06-20T02:14:47Z</time>
<speed>0.000000</speed>
<trueHeading>0.000000</trueHeading>
<magneticHeading>0.000000</magneticHeading>
<gpsHeading>299.026825</gpsHeading>
<haccuracy>11.728000</haccuracy>
<vaccuracy>11.728000</vaccuracy>
<internetconnect>2</internetconnect>
</trkpt>
<trkpt lat="35.824446" lon="139.058266">
<ele>1105.666667</ele>
<time>2026-06-20T02:17:08Z</time>
<speed>0.230000</speed>
<trueHeading>0.000000</trueHeading>
<magneticHeading>0.000000</magneticHeading>
<gpsHeading>50.654362</gpsHeading>
<haccuracy>10.725000</haccuracy>
<vaccuracy>10.725000</vaccuracy>
<internetconnect>2</internetconnect>
</trkpt>
<trkpt lat="35.824467" lon="139.058325">
<ele>1101.000000</ele>
<time>2026-06-20T02:19:12Z</time>
<speed>0.590000</speed>
<trueHeading>0.000000</trueHeading>
<magneticHeading>0.000000</magneticHeading>
<gpsHeading>67.075768</gpsHeading>
<haccuracy>8.845000</haccuracy>
<vaccuracy>8.845000</vaccuracy>
<internetconnect>2</internetconnect>
</trkpt>
<trkpt lat="35.824526" lon="139.058338">
<ele>1100.666667</ele>
<time>2026-06-20T02:22:23Z</time>
<speed>0.510000</speed>
<trueHeading>0.000000</trueHeading>
<magneticHeading>0.000000</magneticHeading>
<gpsHeading>9.703050</gpsHeading>
<haccuracy>10.635000</haccuracy>
<vaccuracy>10.635000</vaccuracy>
<internetconnect>2</internetconnect>
</trkpt>
<trkpt lat="35.824527" lon="139.058270">
<ele>1108.333333</ele>
<time>2026-06-20T02:24:39Z</time>
<speed>0.000000</speed>
<trueHeading>0.000000</trueHeading>
<magneticHeading>0.000000</magneticHeading>
<gpsHeading>271.151428</gpsHeading>
<haccuracy>10.828000</haccuracy>
<vaccuracy>10.828000</vaccuracy>
<internetconnect>2</internetconnect>
</trkpt>
<trkpt lat="35.824600" lon="139.058145">
<ele>1118.333333</ele>
<time>2026-06-20T02:27:48Z</time>
<speed>1.550000</speed>
<trueHeading>0.000000</trueHeading>
<magneticHeading>0.000000</magneticHeading>
<gpsHeading>305.936554</gpsHeading>
<haccuracy>5.953000</haccuracy>
<vaccuracy>5.953000</vaccuracy>
<internetconnect>2</internetconnect>
</trkpt>
<trkpt lat="35.824691" lon="139.058139">
<ele>1122.333333</ele>
<time>2026-06-20T02:29:50Z</time>
<speed>0.242005</speed>
<trueHeading>0.000000</trueHeading>
<magneticHeading>0.000000</magneticHeading>
<gpsHeading>357.296326</gpsHeading>
<haccuracy>5.604000</haccuracy>
<vaccuracy>5.604000</vaccuracy>
<internetconnect>2</internetconnect>
</trkpt>
<trkpt lat="35.824853" lon="139.058353">
<ele>1120.000000</ele>
<time>2026-06-20T02:32:01Z</time>
<speed>0.089521</speed>
<trueHeading>0.000000</trueHeading>
<magneticHeading>0.000000</magneticHeading>
<gpsHeading>46.955807</gpsHeading>
<haccuracy>3.821000</haccuracy>
<vaccuracy>3.821000</vaccuracy>
<internetconnect>2</internetconnect>
</trkpt>
<trkpt lat="35.824937" lon="139.058471">
<ele>1117.333333</ele>
<time>2026-06-20T02:34:04Z</time>
<speed>0.000000</speed>
<trueHeading>0.000000</trueHeading>
<magneticHeading>0.000000</magneticHeading>
<gpsHeading>48.525166</gpsHeading>
<haccuracy>5.581000</haccuracy>
<vaccuracy>5.581000</vaccuracy>
<internetconnect>2</internetconnect>
</trkpt>
<trkpt lat="35.825021" lon="139.058471">
<ele>1118.333333</ele>
<time>2026-06-20T02:36:38Z</time>
<speed>0.480000</speed>
<trueHeading>0.000000</trueHeading>
<magneticHeading>0.000000</magneticHeading>
<gpsHeading>0.222809</gpsHeading>
<haccuracy>5.246000</haccuracy>
<vaccuracy>5.246000</vaccuracy>
<internetconnect>2</internetconnect>
</trkpt>
<trkpt lat="35.825258" lon="139.058334">
<ele>1113.333333</ele>
<time>2026-06-20T02:38:46Z</time>
<speed>0.990000</speed>
<trueHeading>0.000000</trueHeading>
<magneticHeading>0.000000</magneticHeading>
<gpsHeading>334.875977</gpsHeading>
<haccuracy>10.113000</haccuracy>
<vaccuracy>10.113000</vaccuracy>
<internetconnect>2</internetconnect>
</trkpt>
<trkpt lat="35.825453" lon="139.058269">
<ele>1107.666667</ele>
<time>2026-06-20T02:40:51Z</time>
<speed>0.000000</speed>
<trueHeading>0.000000</trueHeading>
<magneticHeading>0.000000</magneticHeading>
<gpsHeading>344.846619</gpsHeading>
<haccuracy>11.253000</haccuracy>
<vaccuracy>11.253000</vaccuracy>
<internetconnect>2</internetconnect>
</trkpt>
<trkpt lat="35.825543" lon="139.058069">
<ele>1101.000000</ele>
<time>2026-06-20T02:42:52Z</time>
<speed>0.000000</speed>
<trueHeading>0.000000</trueHeading>
<magneticHeading>0.000000</magneticHeading>
<gpsHeading>299.064331</gpsHeading>
<haccuracy>11.343000</haccuracy>
<vaccuracy>11.343000</vaccuracy>
<internetconnect>2</internetconnect>
</trkpt>
<trkpt lat="35.825629" lon="139.058089">
<ele>1102.333333</ele>
<time>2026-06-20T02:45:13Z</time>
<speed>0.000000</speed>
<trueHeading>0.000000</trueHeading>
<magneticHeading>0.000000</magneticHeading>
<gpsHeading>10.622170</gpsHeading>
<haccuracy>11.545000</haccuracy>
<vaccuracy>11.545000</vaccuracy>
<internetconnect>2</internetconnect>
</trkpt>
<trkpt lat="35.825678" lon="139.058045">
<ele>1101.333333</ele>
<time>2026-06-20T02:47:20Z</time>
<speed>0.138918</speed>
<trueHeading>0.000000</trueHeading>
<magneticHeading>0.000000</magneticHeading>
<gpsHeading>324.060425</gpsHeading>
<haccuracy>3.009000</haccuracy>
<vaccuracy>3.009000</vaccuracy>
<internetconnect>2</internetconnect>
</trkpt>
<trkpt lat="35.825952" lon="139.057967">
<ele>1099.000000</ele>
<time>2026-06-20T02:48:46Z</time>
<speed>0.000000</speed>
<trueHeading>0.000000</trueHeading>
<magneticHeading>0.000000</magneticHeading>
<gpsHeading>346.986969</gpsHeading>
<haccuracy>10.834000</haccuracy>
<vaccuracy>10.834000</vaccuracy>
<internetconnect>2</internetconnect>
</trkpt>
<trkpt lat="35.826178" lon="139.057795">
<ele>1095.000000</ele>
<time>2026-06-20T02:50:57Z</time>
<speed>0.000000</speed>
<trueHeading>0.000000</trueHeading>
<magneticHeading>0.000000</magneticHeading>
<gpsHeading>328.292847</gpsHeading>
<haccuracy>11.061000</haccuracy>
<vaccuracy>11.061000</vaccuracy>
<internetconnect>2</internetconnect>
</trkpt>
<trkpt lat="35.826440" lon="139.057661">
<ele>1091.000000</ele>
<time>2026-06-20T02:52:34Z</time>
<speed>1.770000</speed>
<trueHeading>0.000000</trueHeading>
<magneticHeading>0.000000</magneticHeading>
<gpsHeading>337.507050</gpsHeading>
<haccuracy>10.591000</haccuracy>
<vaccuracy>10.591000</vaccuracy>
<internetconnect>2</internetconnect>
</trkpt>
<trkpt lat="35.826712" lon="139.057785">
<ele>1088.333333</ele>
<time>2026-06-20T02:54:04Z</time>
<speed>0.330000</speed>
<trueHeading>0.000000</trueHeading>
<magneticHeading>0.000000</magneticHeading>
<gpsHeading>20.202238</gpsHeading>
<haccuracy>10.938000</haccuracy>
<vaccuracy>10.938000</vaccuracy>
<internetconnect>2</internetconnect>
</trkpt>
<trkpt lat="35.826783" lon="139.057956">
<ele>1084.000000</ele>
<time>2026-06-20T02:56:16Z</time>
<speed>0.109924</speed>
<trueHeading>0.000000</trueHeading>
<magneticHeading>0.000000</magneticHeading>
<gpsHeading>62.956524</gpsHeading>
<haccuracy>10.013000</haccuracy>
<vaccuracy>10.013000</vaccuracy>
<internetconnect>2</internetconnect>
</trkpt>
<trkpt lat="35.826859" lon="139.058333">
<ele>1082.666667</ele>
<time>2026-06-20T02:58:15Z</time>
<speed>0.200217</speed>
<trueHeading>0.000000</trueHeading>
<magneticHeading>0.000000</magneticHeading>
<gpsHeading>75.903381</gpsHeading>
<haccuracy>3.007000</haccuracy>
<vaccuracy>3.007000</vaccuracy>
<internetconnect>2</internetconnect>
</trkpt>
<trkpt lat="35.827079" lon="139.058603">
<ele>1081.000000</ele>
<time>2026-06-20T02:59:37Z</time>
<speed>0.952771</speed>
<trueHeading>0.000000</trueHeading>
<magneticHeading>0.000000</magneticHeading>
<gpsHeading>44.962448</gpsHeading>
<haccuracy>4.957000</haccuracy>
<vaccuracy>4.957000</vaccuracy>
<internetconnect>2</internetconnect>
</trkpt>
<trkpt lat="35.827147" lon="139.058795">
<ele>1078.666667</ele>
<time>2026-06-20T03:01:39Z</time>
<speed>0.286755</speed>
<trueHeading>0.000000</trueHeading>
<magneticHeading>0.000000</magneticHeading>
<gpsHeading>66.249046</gpsHeading>
<haccuracy>3.035000</haccuracy>
<vaccuracy>3.035000</vaccuracy>
<internetconnect>2</internetconnect>
</trkpt>
<trkpt lat="35.827061" lon="139.058763">
<ele>1074.000000</ele>
<time>2026-06-20T03:03:49Z</time>
<speed>0.156183</speed>
<trueHeading>0.000000</trueHeading>
<magneticHeading>0.000000</magneticHeading>
<gpsHeading>196.849960</gpsHeading>
<haccuracy>3.000000</haccuracy>
<vaccuracy>3.000000</vaccuracy>
<internetconnect>2</internetconnect>
</trkpt>
<trkpt lat="35.827056" lon="139.058859">
<ele>1072.666667</ele>
<time>2026-06-20T03:05:53Z</time>
<speed>0.104813</speed>
<trueHeading>0.000000</trueHeading>
<magneticHeading>0.000000</magneticHeading>
<gpsHeading>93.368187</gpsHeading>
<haccuracy>3.000000</haccuracy>
<vaccuracy>3.000000</vaccuracy>
<internetconnect>2</internetconnect>
</trkpt>
<trkpt lat="35.827233" lon="139.058873">
<ele>1073.333333</ele>
<time>2026-06-20T03:08:09Z</time>
<speed>0.151679</speed>
<trueHeading>0.000000</trueHeading>
<magneticHeading>0.000000</magneticHeading>
<gpsHeading>3.486351</gpsHeading>
<haccuracy>4.390000</haccuracy>
<vaccuracy>4.390000</vaccuracy>
<internetconnect>2</internetconnect>
</trkpt>
<trkpt lat="35.827358" lon="139.058780">
<ele>1072.333333</ele>
<time>2026-06-20T03:10:10Z</time>
<speed>0.264166</speed>
<trueHeading>0.000000</trueHeading>
<magneticHeading>0.000000</magneticHeading>
<gpsHeading>328.920868</gpsHeading>
<haccuracy>4.117000</haccuracy>
<vaccuracy>4.117000</vaccuracy>
<internetconnect>2</internetconnect>
</trkpt>
<trkpt lat="35.827640" lon="139.058774">
<ele>1070.000000</ele>
<time>2026-06-20T03:11:41Z</time>
<speed>0.144463</speed>
<trueHeading>0.000000</trueHeading>
<magneticHeading>0.000000</magneticHeading>
<gpsHeading>359.125427</gpsHeading>
<haccuracy>7.005000</haccuracy>
<vaccuracy>7.005000</vaccuracy>
<internetconnect>2</internetconnect>
</trkpt>
<trkpt lat="35.827781" lon="139.058807">
<ele>1066.666667</ele>
<time>2026-06-20T03:13:42Z</time>
<speed>0.000000</speed>
<trueHeading>0.000000</trueHeading>
<magneticHeading>0.000000</magneticHeading>
<gpsHeading>10.529069</gpsHeading>
<haccuracy>4.949000</haccuracy>
<vaccuracy>4.949000</vaccuracy>
<internetconnect>2</internetconnect>
</trkpt>
<trkpt lat="35.827886" lon="139.058905">
<ele>1071.666667</ele>
<time>2026-06-20T03:15:47Z</time>
<speed>3.240000</speed>
<trueHeading>0.000000</trueHeading>
<magneticHeading>0.000000</magneticHeading>
<gpsHeading>37.233433</gpsHeading>
<haccuracy>9.173000</haccuracy>
<vaccuracy>9.173000</vaccuracy>
<internetconnect>0</internetconnect>
</trkpt>
<trkpt lat="35.828174" lon="139.058891">
<ele>1075.000000</ele>
<time>2026-06-20T03:16:50Z</time>
<speed>0.000000</speed>
<trueHeading>0.000000</trueHeading>
<magneticHeading>0.000000</magneticHeading>
<gpsHeading>357.647186</gpsHeading>
<haccuracy>10.253000</haccuracy>
<vaccuracy>10.253000</vaccuracy>
<internetconnect>0</internetconnect>
</trkpt>
<trkpt lat="35.828468" lon="139.058952">
<ele>1082.333333</ele>
<time>2026-06-20T03:18:11Z</time>
<speed>0.560000</speed>
<trueHeading>0.000000</trueHeading>
<magneticHeading>0.000000</magneticHeading>
<gpsHeading>9.607923</gpsHeading>
<haccuracy>4.691000</haccuracy>
<vaccuracy>4.691000</vaccuracy>
<internetconnect>0</internetconnect>
</trkpt>
<trkpt lat="35.828754" lon="139.058949">
<ele>1084.333333</ele>
<time>2026-06-20T03:19:34Z</time>
<speed>0.212144</speed>
<trueHeading>0.000000</trueHeading>
<magneticHeading>0.000000</magneticHeading>
<gpsHeading>359.464752</gpsHeading>
<haccuracy>3.033000</haccuracy>
<vaccuracy>3.033000</vaccuracy>
<internetconnect>0</internetconnect>
</trkpt>
<trkpt lat="35.828991" lon="139.059043">
<ele>1087.333333</ele>
<time>2026-06-20T03:21:39Z</time>
<speed>0.102684</speed>
<trueHeading>0.000000</trueHeading>
<magneticHeading>0.000000</magneticHeading>
<gpsHeading>17.875921</gpsHeading>
<haccuracy>3.000000</haccuracy>
<vaccuracy>3.000000</vaccuracy>
<internetconnect>0</internetconnect>
</trkpt>
<trkpt lat="35.829071" lon="139.059162">
<ele>1088.333333</ele>
<time>2026-06-20T03:23:40Z</time>
<speed>0.396361</speed>
<trueHeading>0.000000</trueHeading>
<magneticHeading>0.000000</magneticHeading>
<gpsHeading>50.500137</gpsHeading>
<haccuracy>6.205000</haccuracy>
<vaccuracy>6.205000</vaccuracy>
<internetconnect>0</internetconnect>
</trkpt>
<trkpt lat="35.828874" lon="139.058926">
<ele>1093.000000</ele>
<time>2026-06-20T03:25:44Z</time>
<speed>0.838569</speed>
<trueHeading>0.000000</trueHeading>
<magneticHeading>0.000000</magneticHeading>
<gpsHeading>224.266968</gpsHeading>
<haccuracy>5.093000</haccuracy>
<vaccuracy>5.093000</vaccuracy>
<internetconnect>0</internetconnect>
</trkpt>
<trkpt lat="35.828802" lon="139.058590">
<ele>1102.666667</ele>
<time>2026-06-20T03:26:32Z</time>
<speed>0.715249</speed>
<trueHeading>0.000000</trueHeading>
<magneticHeading>0.000000</magneticHeading>
<gpsHeading>255.241684</gpsHeading>
<haccuracy>5.005000</haccuracy>
<vaccuracy>5.005000</vaccuracy>
<internetconnect>0</internetconnect>
</trkpt>
<trkpt lat="35.828557" lon="139.058404">
<ele>1112.666667</ele>
<time>2026-06-20T03:27:29Z</time>
<speed>0.337029</speed>
<trueHeading>0.000000</trueHeading>
<magneticHeading>0.000000</magneticHeading>
<gpsHeading>211.606674</gpsHeading>
<haccuracy>5.212000</haccuracy>
<vaccuracy>5.212000</vaccuracy>
<internetconnect>0</internetconnect>
</trkpt>
<trkpt lat="35.828282" lon="139.058207">
<ele>1123.333333</ele>
<time>2026-06-20T03:28:57Z</time>
<speed>0.853530</speed>
<trueHeading>0.000000</trueHeading>
<magneticHeading>0.000000</magneticHeading>
<gpsHeading>210.099609</gpsHeading>
<haccuracy>5.215000</haccuracy>
<vaccuracy>5.215000</vaccuracy>
<internetconnect>0</internetconnect>
</trkpt>
<trkpt lat="35.828329" lon="139.057844">
<ele>1132.333333</ele>
<time>2026-06-20T03:30:13Z</time>
<speed>1.023599</speed>
<trueHeading>0.000000</trueHeading>
<magneticHeading>0.000000</magneticHeading>
<gpsHeading>279.059143</gpsHeading>
<haccuracy>3.058000</haccuracy>
<vaccuracy>3.058000</vaccuracy>
<internetconnect>0</internetconnect>
</trkpt>
<trkpt lat="35.828155" lon="139.057557">
<ele>1143.000000</ele>
<time>2026-06-20T03:31:07Z</time>
<speed>0.987281</speed>
<trueHeading>0.000000</trueHeading>
<magneticHeading>0.000000</magneticHeading>
<gpsHeading>233.212540</gpsHeading>
<haccuracy>5.159000</haccuracy>
<vaccuracy>5.159000</vaccuracy>
<internetconnect>0</internetconnect>
</trkpt>
<trkpt lat="35.828099" lon="139.057211">
<ele>1154.333333</ele>
<time>2026-06-20T03:32:19Z</time>
<speed>0.750212</speed>
<trueHeading>0.000000</trueHeading>
<magneticHeading>0.000000</magneticHeading>
<gpsHeading>258.841309</gpsHeading>
<haccuracy>4.649000</haccuracy>
<vaccuracy>4.649000</vaccuracy>
<internetconnect>0</internetconnect>
</trkpt>
<trkpt lat="35.827825" lon="139.057115">
<ele>1165.333333</ele>
<time>2026-06-20T03:33:10Z</time>
<speed>0.443428</speed>
<trueHeading>0.000000</trueHeading>
<magneticHeading>0.000000</magneticHeading>
<gpsHeading>195.762604</gpsHeading>
<haccuracy>4.972000</haccuracy>
<vaccuracy>4.972000</vaccuracy>
<internetconnect>0</internetconnect>
</trkpt>
<trkpt lat="35.827671" lon="139.056822">
<ele>1176.333333</ele>
<time>2026-06-20T03:34:02Z</time>
<speed>0.848738</speed>
<trueHeading>0.000000</trueHeading>
<magneticHeading>0.000000</magneticHeading>
<gpsHeading>237.191208</gpsHeading>
<haccuracy>5.319000</haccuracy>
<vaccuracy>5.319000</vaccuracy>
<internetconnect>0</internetconnect>
</trkpt>
<trkpt lat="35.827419" lon="139.056486">
<ele>1185.000000</ele>
<time>2026-06-20T03:34:49Z</time>
<speed>1.185779</speed>
<trueHeading>0.000000</trueHeading>
<magneticHeading>0.000000</magneticHeading>
<gpsHeading>227.190552</gpsHeading>
<haccuracy>5.426000</haccuracy>
<vaccuracy>5.426000</vaccuracy>
<internetconnect>0</internetconnect>
</trkpt>
<trkpt lat="35.827160" lon="139.056266">
<ele>1195.333333</ele>
<time>2026-06-20T03:35:42Z</time>
<speed>0.993233</speed>
<trueHeading>0.000000</trueHeading>
<magneticHeading>0.000000</magneticHeading>
<gpsHeading>214.542938</gpsHeading>
<haccuracy>4.283000</haccuracy>
<vaccuracy>4.283000</vaccuracy>
<internetconnect>0</internetconnect>
</trkpt>
<trkpt lat="35.826907" lon="139.056079">
<ele>1204.333333</ele>
<time>2026-06-20T03:37:15Z</time>
<speed>0.793288</speed>
<trueHeading>0.000000</trueHeading>
<magneticHeading>0.000000</magneticHeading>
<gpsHeading>210.950348</gpsHeading>
<haccuracy>5.131000</haccuracy>
<vaccuracy>5.131000</vaccuracy>
<internetconnect>0</internetconnect>
</trkpt>
<trkpt lat="35.826575" lon="139.055886">
<ele>1211.000000</ele>
<time>2026-06-20T03:38:05Z</time>
<speed>0.867438</speed>
<trueHeading>0.000000</trueHeading>
<magneticHeading>0.000000</magneticHeading>
<gpsHeading>205.162506</gpsHeading>
<haccuracy>5.476000</haccuracy>
<vaccuracy>5.476000</vaccuracy>
<internetconnect>0</internetconnect>
</trkpt>
<trkpt lat="35.826275" lon="139.055955">
<ele>1215.333333</ele>
<time>2026-06-20T03:38:54Z</time>
<speed>0.445738</speed>
<trueHeading>0.000000</trueHeading>
<magneticHeading>0.000000</magneticHeading>
<gpsHeading>169.510208</gpsHeading>
<haccuracy>4.737000</haccuracy>
<vaccuracy>4.737000</vaccuracy>
<internetconnect>0</internetconnect>
</trkpt>
<trkpt lat="35.825962" lon="139.056044">
<ele>1225.000000</ele>
<time>2026-06-20T03:39:42Z</time>
<speed>1.075788</speed>
<trueHeading>0.000000</trueHeading>
<magneticHeading>0.000000</magneticHeading>
<gpsHeading>166.914780</gpsHeading>
<haccuracy>4.676000</haccuracy>
<vaccuracy>4.676000</vaccuracy>
<internetconnect>0</internetconnect>
</trkpt>
<trkpt lat="35.825704" lon="139.056231">
<ele>1237.666667</ele>
<time>2026-06-20T03:41:14Z</time>
<speed>0.881822</speed>
<trueHeading>0.000000</trueHeading>
<magneticHeading>0.000000</magneticHeading>
<gpsHeading>149.700516</gpsHeading>
<haccuracy>5.267000</haccuracy>
<vaccuracy>5.267000</vaccuracy>
<internetconnect>0</internetconnect>
</trkpt>
<trkpt lat="35.825556" lon="139.056199">
<ele>1254.333333</ele>
<time>2026-06-20T03:43:15Z</time>
<speed>0.088304</speed>
<trueHeading>0.000000</trueHeading>
<magneticHeading>0.000000</magneticHeading>
<gpsHeading>190.000336</gpsHeading>
<haccuracy>3.000000</haccuracy>
<vaccuracy>3.000000</vaccuracy>
<internetconnect>0</internetconnect>
</trkpt>
<trkpt lat="35.825232" lon="139.056184">
<ele>1264.666667</ele>
<time>2026-06-20T03:45:21Z</time>
<speed>0.755180</speed>
<trueHeading>0.000000</trueHeading>
<magneticHeading>0.000000</magneticHeading>
<gpsHeading>182.049484</gpsHeading>
<haccuracy>5.614000</haccuracy>
<vaccuracy>5.614000</vaccuracy>
<internetconnect>0</internetconnect>
</trkpt>
<trkpt lat="35.824919" lon="139.055914">
<ele>1274.666667</ele>
<time>2026-06-20T03:46:09Z</time>
<speed>0.797566</speed>
<trueHeading>0.000000</trueHeading>
<magneticHeading>0.000000</magneticHeading>
<gpsHeading>214.957962</gpsHeading>
<haccuracy>5.600000</haccuracy>
<vaccuracy>5.600000</vaccuracy>
<internetconnect>0</internetconnect>
</trkpt>
<trkpt lat="35.824603" lon="139.055654">
<ele>1281.000000</ele>
<time>2026-06-20T03:46:59Z</time>
<speed>0.184773</speed>
<trueHeading>0.000000</trueHeading>
<magneticHeading>0.000000</magneticHeading>
<gpsHeading>213.669266</gpsHeading>
<haccuracy>5.098000</haccuracy>
<vaccuracy>5.098000</vaccuracy>
<internetconnect>0</internetconnect>
</trkpt>
<trkpt lat="35.824297" lon="139.055194">
<ele>1292.000000</ele>
<time>2026-06-20T03:47:48Z</time>
<speed>0.656382</speed>
<trueHeading>0.000000</trueHeading>
<magneticHeading>0.000000</magneticHeading>
<gpsHeading>230.688599</gpsHeading>
<haccuracy>4.870000</haccuracy>
<vaccuracy>4.870000</vaccuracy>
<internetconnect>0</internetconnect>
</trkpt>
<trkpt lat="35.824138" lon="139.054849">
<ele>1303.333333</ele>
<time>2026-06-20T03:48:37Z</time>
<speed>1.002461</speed>
<trueHeading>0.000000</trueHeading>
<magneticHeading>0.000000</magneticHeading>
<gpsHeading>240.293228</gpsHeading>
<haccuracy>5.320000</haccuracy>
<vaccuracy>5.320000</vaccuracy>
<internetconnect>0</internetconnect>
</trkpt>
<trkpt lat="35.823912" lon="139.054639">
<ele>1316.000000</ele>
<time>2026-06-20T03:49:48Z</time>
<speed>0.811980</speed>
<trueHeading>0.000000</trueHeading>
<magneticHeading>0.000000</magneticHeading>
<gpsHeading>217.006195</gpsHeading>
<haccuracy>4.996000</haccuracy>
<vaccuracy>4.996000</vaccuracy>
<internetconnect>0</internetconnect>
</trkpt>
<trkpt lat="35.823629" lon="139.054469">
<ele>1325.000000</ele>
<time>2026-06-20T03:51:03Z</time>
<speed>1.024376</speed>
<trueHeading>0.000000</trueHeading>
<magneticHeading>0.000000</magneticHeading>
<gpsHeading>206.062134</gpsHeading>
<haccuracy>5.332000</haccuracy>
<vaccuracy>5.332000</vaccuracy>
<internetconnect>0</internetconnect>
</trkpt>
<trkpt lat="35.823370" lon="139.054305">
<ele>1332.000000</ele>
<time>2026-06-20T03:52:12Z</time>
<speed>0.361852</speed>
<trueHeading>0.000000</trueHeading>
<magneticHeading>0.000000</magneticHeading>
<gpsHeading>207.223145</gpsHeading>
<haccuracy>4.984000</haccuracy>
<vaccuracy>4.984000</vaccuracy>
<internetconnect>0</internetconnect>
</trkpt>
<trkpt lat="35.823184" lon="139.054025">
<ele>1336.666667</ele>
<time>2026-06-20T03:53:02Z</time>
<speed>0.340115</speed>
<trueHeading>0.000000</trueHeading>
<magneticHeading>0.000000</magneticHeading>
<gpsHeading>230.592865</gpsHeading>
<haccuracy>4.681000</haccuracy>
<vaccuracy>4.681000</vaccuracy>
<internetconnect>0</internetconnect>
</trkpt>
<trkpt lat="35.822985" lon="139.053756">
<ele>1338.666667</ele>
<time>2026-06-20T03:53:51Z</time>
<speed>1.054835</speed>
<trueHeading>0.000000</trueHeading>
<magneticHeading>0.000000</magneticHeading>
<gpsHeading>227.679596</gpsHeading>
<haccuracy>4.811000</haccuracy>
<vaccuracy>4.811000</vaccuracy>
<internetconnect>0</internetconnect>
</trkpt>
<trkpt lat="35.822818" lon="139.053455">
<ele>1337.333333</ele>
<time>2026-06-20T03:54:40Z</time>
<speed>0.894200</speed>
<trueHeading>0.000000</trueHeading>
<magneticHeading>0.000000</magneticHeading>
<gpsHeading>235.544998</gpsHeading>
<haccuracy>5.838000</haccuracy>
<vaccuracy>5.838000</vaccuracy>
<internetconnect>0</internetconnect>
</trkpt>
<trkpt lat="35.822806" lon="139.053331">
<ele>1338.000000</ele>
<time>2026-06-20T03:56:42Z</time>
<speed>0.945739</speed>
<trueHeading>0.000000</trueHeading>
<magneticHeading>0.000000</magneticHeading>
<gpsHeading>263.536346</gpsHeading>
<haccuracy>6.460000</haccuracy>
<vaccuracy>6.460000</vaccuracy>
<internetconnect>2</internetconnect>
</trkpt>
<trkpt lat="35.822489" lon="139.053134">
<ele>1345.666667</ele>
<time>2026-06-20T03:57:32Z</time>
<speed>1.208983</speed>
<trueHeading>0.000000</trueHeading>
<magneticHeading>0.000000</magneticHeading>
<gpsHeading>206.718613</gpsHeading>
<haccuracy>4.103000</haccuracy>
<vaccuracy>4.103000</vaccuracy>
<internetconnect>2</internetconnect>
</trkpt>
<trkpt lat="35.822337" lon="139.052814">
<ele>1354.000000</ele>
<time>2026-06-20T03:58:25Z</time>
<speed>0.856687</speed>
<trueHeading>0.000000</trueHeading>
<magneticHeading>0.000000</magneticHeading>
<gpsHeading>239.637543</gpsHeading>
<haccuracy>4.125000</haccuracy>
<vaccuracy>4.125000</vaccuracy>
<internetconnect>2</internetconnect>
</trkpt>
<trkpt lat="35.822156" lon="139.052533">
<ele>1362.000000</ele>
<time>2026-06-20T03:59:46Z</time>
<speed>1.074106</speed>
<trueHeading>0.000000</trueHeading>
<magneticHeading>0.000000</magneticHeading>
<gpsHeading>231.490173</gpsHeading>
<haccuracy>4.585000</haccuracy>
<vaccuracy>4.585000</vaccuracy>
<internetconnect>2</internetconnect>
</trkpt>
<trkpt lat="35.821826" lon="139.052746">
<ele>1364.333333</ele>
<time>2026-06-20T04:00:35Z</time>
<speed>0.069438</speed>
<trueHeading>0.000000</trueHeading>
<magneticHeading>0.000000</magneticHeading>
<gpsHeading>152.261765</gpsHeading>
<haccuracy>4.623000</haccuracy>
<vaccuracy>4.623000</vaccuracy>
<internetconnect>2</internetconnect>
</trkpt>
<trkpt lat="35.821826" lon="139.053090">
<ele>1372.333333</ele>
<time>2026-06-20T04:01:25Z</time>
<speed>1.135858</speed>
<trueHeading>0.000000</trueHeading>
<magneticHeading>0.000000</magneticHeading>
<gpsHeading>90.123138</gpsHeading>
<haccuracy>5.746000</haccuracy>
<vaccuracy>5.746000</vaccuracy>
<internetconnect>2</internetconnect>
</trkpt>
<trkpt lat="35.821528" lon="139.053119">
<ele>1382.000000</ele>
<time>2026-06-20T04:02:47Z</time>
<speed>0.119187</speed>
<trueHeading>0.000000</trueHeading>
<magneticHeading>0.000000</magneticHeading>
<gpsHeading>175.547287</gpsHeading>
<haccuracy>3.659000</haccuracy>
<vaccuracy>3.659000</vaccuracy>
<internetconnect>2</internetconnect>
</trkpt>
<trkpt lat="35.821234" lon="139.052994">
<ele>1396.333333</ele>
<time>2026-06-20T04:04:35Z</time>
<speed>1.019204</speed>
<trueHeading>0.000000</trueHeading>
<magneticHeading>0.000000</magneticHeading>
<gpsHeading>198.932907</gpsHeading>
<haccuracy>4.463000</haccuracy>
<vaccuracy>4.463000</vaccuracy>
<internetconnect>2</internetconnect>
</trkpt>
<trkpt lat="35.820955" lon="139.052966">
<ele>1409.666667</ele>
<time>2026-06-20T04:05:37Z</time>
<speed>0.426551</speed>
<trueHeading>0.000000</trueHeading>
<magneticHeading>0.000000</magneticHeading>
<gpsHeading>184.754852</gpsHeading>
<haccuracy>5.228000</haccuracy>
<vaccuracy>5.228000</vaccuracy>
<internetconnect>2</internetconnect>
</trkpt>
<trkpt lat="35.820636" lon="139.052864">
<ele>1420.333333</ele>
<time>2026-06-20T04:06:47Z</time>
<speed>1.052845</speed>
<trueHeading>0.000000</trueHeading>
<magneticHeading>0.000000</magneticHeading>
<gpsHeading>194.444397</gpsHeading>
<haccuracy>6.640000</haccuracy>
<vaccuracy>6.640000</vaccuracy>
<internetconnect>2</internetconnect>
</trkpt>
<trkpt lat="35.820394" lon="139.052645">
<ele>1430.666667</ele>
<time>2026-06-20T04:07:51Z</time>
<speed>0.931537</speed>
<trueHeading>0.000000</trueHeading>
<magneticHeading>0.000000</magneticHeading>
<gpsHeading>216.381851</gpsHeading>
<haccuracy>5.703000</haccuracy>
<vaccuracy>5.703000</vaccuracy>
<internetconnect>2</internetconnect>
</trkpt>
<trkpt lat="35.820106" lon="139.052602">
<ele>1439.666667</ele>
<time>2026-06-20T04:08:39Z</time>
<speed>0.818487</speed>
<trueHeading>0.000000</trueHeading>
<magneticHeading>0.000000</magneticHeading>
<gpsHeading>186.802856</gpsHeading>
<haccuracy>5.150000</haccuracy>
<vaccuracy>5.150000</vaccuracy>
<internetconnect>2</internetconnect>
</trkpt>
<trkpt lat="35.819830" lon="139.052504">
<ele>1446.666667</ele>
<time>2026-06-20T04:09:33Z</time>
<speed>1.006445</speed>
<trueHeading>0.000000</trueHeading>
<magneticHeading>0.000000</magneticHeading>
<gpsHeading>196.198410</gpsHeading>
<haccuracy>5.109000</haccuracy>
<vaccuracy>5.109000</vaccuracy>
<internetconnect>2</internetconnect>
</trkpt>
<trkpt lat="35.819523" lon="139.052444">
<ele>1449.000000</ele>
<time>2026-06-20T04:10:22Z</time>
<speed>0.575385</speed>
<trueHeading>0.000000</trueHeading>
<magneticHeading>0.000000</magneticHeading>
<gpsHeading>188.931229</gpsHeading>
<haccuracy>4.892000</haccuracy>
<vaccuracy>4.892000</vaccuracy>
<internetconnect>2</internetconnect>
</trkpt>
<trkpt lat="35.819518" lon="139.052250">
<ele>1449.000000</ele>
<time>2026-06-20T04:12:28Z</time>
<speed>0.095467</speed>
<trueHeading>0.000000</trueHeading>
<magneticHeading>0.000000</magneticHeading>
<gpsHeading>268.103790</gpsHeading>
<haccuracy>3.000000</haccuracy>
<vaccuracy>3.000000</vaccuracy>
<internetconnect>2</internetconnect>
</trkpt>
<trkpt lat="35.819624" lon="139.052381">
<ele>1447.000000</ele>
<time>2026-06-20T04:14:29Z</time>
<speed>0.032627</speed>
<trueHeading>0.000000</trueHeading>
<magneticHeading>0.000000</magneticHeading>
<gpsHeading>45.114357</gpsHeading>
<haccuracy>3.951000</haccuracy>
<vaccuracy>3.951000</vaccuracy>
<internetconnect>2</internetconnect>
</trkpt>
<trkpt lat="35.819262" lon="139.052258">
<ele>1439.333333</ele>
<time>2026-06-20T04:15:18Z</time>
<speed>1.145472</speed>
<trueHeading>0.000000</trueHeading>
<magneticHeading>0.000000</magneticHeading>
<gpsHeading>195.475815</gpsHeading>
<haccuracy>4.160000</haccuracy>
<vaccuracy>4.160000</vaccuracy>
<internetconnect>2</internetconnect>
</trkpt>
<trkpt lat="35.818906" lon="139.052520">
<ele>1427.333333</ele>
<time>2026-06-20T04:16:07Z</time>
<speed>0.715363</speed>
<trueHeading>0.000000</trueHeading>
<magneticHeading>0.000000</magneticHeading>
<gpsHeading>149.151031</gpsHeading>
<haccuracy>3.004000</haccuracy>
<vaccuracy>3.004000</vaccuracy>
<internetconnect>2</internetconnect>
</trkpt>
<trkpt lat="35.818602" lon="139.052700">
<ele>1411.000000</ele>
<time>2026-06-20T04:16:57Z</time>
<speed>0.863020</speed>
<trueHeading>0.000000</trueHeading>
<magneticHeading>0.000000</magneticHeading>
<gpsHeading>154.405273</gpsHeading>
<haccuracy>3.009000</haccuracy>
<vaccuracy>3.009000</vaccuracy>
<internetconnect>2</internetconnect>
</trkpt>
<trkpt lat="35.818288" lon="139.052872">
<ele>1396.333333</ele>
<time>2026-06-20T04:17:47Z</time>
<speed>0.610157</speed>
<trueHeading>0.000000</trueHeading>
<magneticHeading>0.000000</magneticHeading>
<gpsHeading>155.973892</gpsHeading>
<haccuracy>3.111000</haccuracy>
<vaccuracy>3.111000</vaccuracy>
<internetconnect>2</internetconnect>
</trkpt>
<trkpt lat="35.818031" lon="139.053234">
<ele>1381.666667</ele>
<time>2026-06-20T04:18:35Z</time>
<speed>1.210093</speed>
<trueHeading>0.000000</trueHeading>
<magneticHeading>0.000000</magneticHeading>
<gpsHeading>131.287903</gpsHeading>
<haccuracy>3.284000</haccuracy>
<vaccuracy>3.284000</vaccuracy>
<internetconnect>2</internetconnect>
</trkpt>
<trkpt lat="35.818051" lon="139.053740">
<ele>1369.000000</ele>
<time>2026-06-20T04:19:24Z</time>
<speed>0.622081</speed>
<trueHeading>0.000000</trueHeading>
<magneticHeading>0.000000</magneticHeading>
<gpsHeading>87.296700</gpsHeading>
<haccuracy>5.475000</haccuracy>
<vaccuracy>5.475000</vaccuracy>
<internetconnect>2</internetconnect>
</trkpt>
<trkpt lat="35.817785" lon="139.053904">
<ele>1356.666667</ele>
<time>2026-06-20T04:20:14Z</time>
<speed>0.636346</speed>
<trueHeading>0.000000</trueHeading>
<magneticHeading>0.000000</magneticHeading>
<gpsHeading>153.436462</gpsHeading>
<haccuracy>5.287000</haccuracy>
<vaccuracy>5.287000</vaccuracy>
<internetconnect>2</internetconnect>
</trkpt>
<trkpt lat="35.817639" lon="139.054196">
<ele>1343.666667</ele>
<time>2026-06-20T04:21:01Z</time>
<speed>0.832896</speed>
<trueHeading>0.000000</trueHeading>
<magneticHeading>0.000000</magneticHeading>
<gpsHeading>121.702271</gpsHeading>
<haccuracy>4.705000</haccuracy>
<vaccuracy>4.705000</vaccuracy>
<internetconnect>2</internetconnect>
</trkpt>
<trkpt lat="35.817452" lon="139.054452">
<ele>1329.333333</ele>
<time>2026-06-20T04:21:57Z</time>
<speed>1.033528</speed>
<trueHeading>0.000000</trueHeading>
<magneticHeading>0.000000</magneticHeading>
<gpsHeading>131.994095</gpsHeading>
<haccuracy>5.143000</haccuracy>
<vaccuracy>5.143000</vaccuracy>
<internetconnect>2</internetconnect>
</trkpt>
<trkpt lat="35.817312" lon="139.054893">
<ele>1315.000000</ele>
<time>2026-06-20T04:22:47Z</time>
<speed>0.326373</speed>
<trueHeading>0.000000</trueHeading>
<magneticHeading>0.000000</magneticHeading>
<gpsHeading>111.454094</gpsHeading>
<haccuracy>4.675000</haccuracy>
<vaccuracy>4.675000</vaccuracy>
<internetconnect>2</internetconnect>
</trkpt>
<trkpt lat="35.817241" lon="139.055370">
<ele>1301.666667</ele>
<time>2026-06-20T04:23:35Z</time>
<speed>1.411758</speed>
<trueHeading>0.000000</trueHeading>
<magneticHeading>0.000000</magneticHeading>
<gpsHeading>100.276230</gpsHeading>
<haccuracy>3.060000</haccuracy>
<vaccuracy>3.060000</vaccuracy>
<internetconnect>2</internetconnect>
</trkpt>
<trkpt lat="35.817016" lon="139.055853">
<ele>1290.666667</ele>
<time>2026-06-20T04:24:24Z</time>
<speed>1.144572</speed>
<trueHeading>0.000000</trueHeading>
<magneticHeading>0.000000</magneticHeading>
<gpsHeading>119.983505</gpsHeading>
<haccuracy>3.115000</haccuracy>
<vaccuracy>3.115000</vaccuracy>
<internetconnect>2</internetconnect>
</trkpt>
<trkpt lat="35.816884" lon="139.056234">
<ele>1276.333333</ele>
<time>2026-06-20T04:25:13Z</time>
<speed>1.205127</speed>
<trueHeading>0.000000</trueHeading>
<magneticHeading>0.000000</magneticHeading>
<gpsHeading>113.034698</gpsHeading>
<haccuracy>3.058000</haccuracy>
<vaccuracy>3.058000</vaccuracy>
<internetconnect>2</internetconnect>
</trkpt>
<trkpt lat="35.816495" lon="139.056548">
<ele>1261.666667</ele>
<time>2026-06-20T04:26:03Z</time>
<speed>1.115663</speed>
<trueHeading>0.000000</trueHeading>
<magneticHeading>0.000000</magneticHeading>
<gpsHeading>146.768112</gpsHeading>
<haccuracy>3.036000</haccuracy>
<vaccuracy>3.036000</vaccuracy>
<internetconnect>2</internetconnect>
</trkpt>
<trkpt lat="35.816277" lon="139.056860">
<ele>1245.666667</ele>
<time>2026-06-20T04:27:22Z</time>
<speed>1.221305</speed>
<trueHeading>0.000000</trueHeading>
<magneticHeading>0.000000</magneticHeading>
<gpsHeading>130.715118</gpsHeading>
<haccuracy>5.794000</haccuracy>
<vaccuracy>5.794000</vaccuracy>
<internetconnect>2</internetconnect>
</trkpt>
<trkpt lat="35.815937" lon="139.056964">
<ele>1233.333333</ele>
<time>2026-06-20T04:28:11Z</time>
<speed>0.856526</speed>
<trueHeading>0.000000</trueHeading>
<magneticHeading>0.000000</magneticHeading>
<gpsHeading>166.178040</gpsHeading>
<haccuracy>3.083000</haccuracy>
<vaccuracy>3.083000</vaccuracy>
<internetconnect>2</internetconnect>
</trkpt>
<trkpt lat="35.815602" lon="139.057072">
<ele>1223.000000</ele>
<time>2026-06-20T04:28:58Z</time>
<speed>0.011526</speed>
<trueHeading>0.000000</trueHeading>
<magneticHeading>0.000000</magneticHeading>
<gpsHeading>165.319962</gpsHeading>
<haccuracy>3.000000</haccuracy>
<vaccuracy>3.000000</vaccuracy>
<internetconnect>2</internetconnect>
</trkpt>
<trkpt lat="35.815410" lon="139.057366">
<ele>1213.666667</ele>
<time>2026-06-20T04:30:07Z</time>
<speed>1.480347</speed>
<trueHeading>0.000000</trueHeading>
<magneticHeading>0.000000</magneticHeading>
<gpsHeading>128.918976</gpsHeading>
<haccuracy>3.626000</haccuracy>
<vaccuracy>3.626000</vaccuracy>
<internetconnect>2</internetconnect>
</trkpt>
<trkpt lat="35.815180" lon="139.057778">
<ele>1203.000000</ele>
<time>2026-06-20T04:30:53Z</time>
<speed>1.535972</speed>
<trueHeading>0.000000</trueHeading>
<magneticHeading>0.000000</magneticHeading>
<gpsHeading>124.514885</gpsHeading>
<haccuracy>3.048000</haccuracy>
<vaccuracy>3.048000</vaccuracy>
<internetconnect>2</internetconnect>
</trkpt>
<trkpt lat="35.815009" lon="139.058246">
<ele>1191.000000</ele>
<time>2026-06-20T04:31:42Z</time>
<speed>1.222032</speed>
<trueHeading>0.000000</trueHeading>
<magneticHeading>0.000000</magneticHeading>
<gpsHeading>114.233948</gpsHeading>
<haccuracy>3.041000</haccuracy>
<vaccuracy>3.041000</vaccuracy>
<internetconnect>2</internetconnect>
</trkpt>
<trkpt lat="35.814760" lon="139.058495">
<ele>1180.000000</ele>
<time>2026-06-20T04:32:39Z</time>
<speed>1.286033</speed>
<trueHeading>0.000000</trueHeading>
<magneticHeading>0.000000</magneticHeading>
<gpsHeading>141.039825</gpsHeading>
<haccuracy>3.030000</haccuracy>
<vaccuracy>3.030000</vaccuracy>
<internetconnect>2</internetconnect>
</trkpt>
<trkpt lat="35.814574" lon="139.059015">
<ele>1170.000000</ele>
<time>2026-06-20T04:33:26Z</time>
<speed>1.420279</speed>
<trueHeading>0.000000</trueHeading>
<magneticHeading>0.000000</magneticHeading>
<gpsHeading>113.733086</gpsHeading>
<haccuracy>3.122000</haccuracy>
<vaccuracy>3.122000</vaccuracy>
<internetconnect>2</internetconnect>
</trkpt>
<trkpt lat="35.814343" lon="139.059607">
<ele>1164.666667</ele>
<time>2026-06-20T04:34:13Z</time>
<speed>1.405766</speed>
<trueHeading>0.000000</trueHeading>
<magneticHeading>0.000000</magneticHeading>
<gpsHeading>115.706436</gpsHeading>
<haccuracy>3.044000</haccuracy>
<vaccuracy>3.044000</vaccuracy>
<internetconnect>2</internetconnect>
</trkpt>
<trkpt lat="35.813895" lon="139.060157">
<ele>1163.000000</ele>
<time>2026-06-20T04:35:01Z</time>
<speed>1.475850</speed>
<trueHeading>0.000000</trueHeading>
<magneticHeading>0.000000</magneticHeading>
<gpsHeading>135.139877</gpsHeading>
<haccuracy>3.001000</haccuracy>
<vaccuracy>3.001000</vaccuracy>
<internetconnect>2</internetconnect>
</trkpt>
<trkpt lat="35.813466" lon="139.060710">
<ele>1164.666667</ele>
<time>2026-06-20T04:35:48Z</time>
<speed>1.570147</speed>
<trueHeading>0.000000</trueHeading>
<magneticHeading>0.000000</magneticHeading>
<gpsHeading>133.753021</gpsHeading>
<haccuracy>5.438000</haccuracy>
<vaccuracy>5.438000</vaccuracy>
<internetconnect>2</internetconnect>
</trkpt>
<trkpt lat="35.813732" lon="139.061367">
<ele>1162.666667</ele>
<time>2026-06-20T04:36:35Z</time>
<speed>1.517730</speed>
<trueHeading>0.000000</trueHeading>
<magneticHeading>0.000000</magneticHeading>
<gpsHeading>63.471897</gpsHeading>
<haccuracy>5.729000</haccuracy>
<vaccuracy>5.729000</vaccuracy>
<internetconnect>2</internetconnect>
</trkpt>
<trkpt lat="35.813671" lon="139.062051">
<ele>1160.000000</ele>
<time>2026-06-20T04:37:23Z</time>
<speed>1.451144</speed>
<trueHeading>0.000000</trueHeading>
<magneticHeading>0.000000</magneticHeading>
<gpsHeading>96.282257</gpsHeading>
<haccuracy>3.011000</haccuracy>
<vaccuracy>3.011000</vaccuracy>
<internetconnect>2</internetconnect>
</trkpt>
<trkpt lat="35.813751" lon="139.062797">
<ele>1157.333333</ele>
<time>2026-06-20T04:38:11Z</time>
<speed>1.514237</speed>
<trueHeading>0.000000</trueHeading>
<magneticHeading>0.000000</magneticHeading>
<gpsHeading>82.440849</gpsHeading>
<haccuracy>3.707000</haccuracy>
<vaccuracy>3.707000</vaccuracy>
<internetconnect>2</internetconnect>
</trkpt>
<trkpt lat="35.814043" lon="139.063451">
<ele>1159.000000</ele>
<time>2026-06-20T04:38:59Z</time>
<speed>1.526196</speed>
<trueHeading>0.000000</trueHeading>
<magneticHeading>0.000000</magneticHeading>
<gpsHeading>61.143986</gpsHeading>
<haccuracy>5.332000</haccuracy>
<vaccuracy>5.332000</vaccuracy>
<internetconnect>2</internetconnect>
</trkpt>
<trkpt lat="35.813802" lon="139.064096">
<ele>1161.333333</ele>
<time>2026-06-20T04:39:48Z</time>
<speed>1.409251</speed>
<trueHeading>0.000000</trueHeading>
<magneticHeading>0.000000</magneticHeading>
<gpsHeading>114.747665</gpsHeading>
<haccuracy>3.012000</haccuracy>
<vaccuracy>3.012000</vaccuracy>
<internetconnect>2</internetconnect>
</trkpt>
<trkpt lat="35.813559" lon="139.064791">
<ele>1163.333333</ele>
<time>2026-06-20T04:40:35Z</time>
<speed>1.527984</speed>
<trueHeading>0.000000</trueHeading>
<magneticHeading>0.000000</magneticHeading>
<gpsHeading>113.341904</gpsHeading>
<haccuracy>5.396000</haccuracy>
<vaccuracy>5.396000</vaccuracy>
<internetconnect>2</internetconnect>
</trkpt>
<trkpt lat="35.813276" lon="139.065326">
<ele>1160.000000</ele>
<time>2026-06-20T04:41:24Z</time>
<speed>1.612751</speed>
<trueHeading>0.000000</trueHeading>
<magneticHeading>0.000000</magneticHeading>
<gpsHeading>123.065903</gpsHeading>
<haccuracy>6.442000</haccuracy>
<vaccuracy>6.442000</vaccuracy>
<internetconnect>2</internetconnect>
</trkpt>
<trkpt lat="35.813150" lon="139.066138">
<ele>1153.333333</ele>
<time>2026-06-20T04:42:13Z</time>
<speed>1.505787</speed>
<trueHeading>0.000000</trueHeading>
<magneticHeading>0.000000</magneticHeading>
<gpsHeading>100.852081</gpsHeading>
<haccuracy>5.878000</haccuracy>
<vaccuracy>5.878000</vaccuracy>
<internetconnect>2</internetconnect>
</trkpt>
<trkpt lat="35.812958" lon="139.066821">
<ele>1146.666667</ele>
<time>2026-06-20T04:43:01Z</time>
<speed>1.491832</speed>
<trueHeading>0.000000</trueHeading>
<magneticHeading>0.000000</magneticHeading>
<gpsHeading>109.099495</gpsHeading>
<haccuracy>3.008000</haccuracy>
<vaccuracy>3.008000</vaccuracy>
<internetconnect>2</internetconnect>
</trkpt>
<trkpt lat="35.812940" lon="139.067561">
<ele>1137.333333</ele>
<time>2026-06-20T04:43:50Z</time>
<speed>1.122226</speed>
<trueHeading>0.000000</trueHeading>
<magneticHeading>0.000000</magneticHeading>
<gpsHeading>91.746010</gpsHeading>
<haccuracy>5.024000</haccuracy>
<vaccuracy>5.024000</vaccuracy>
<internetconnect>2</internetconnect>
</trkpt>
<trkpt lat="35.813352" lon="139.067999">
<ele>1125.666667</ele>
<time>2026-06-20T04:44:39Z</time>
<speed>0.490634</speed>
<trueHeading>0.000000</trueHeading>
<magneticHeading>0.000000</magneticHeading>
<gpsHeading>40.753056</gpsHeading>
<haccuracy>3.793000</haccuracy>
<vaccuracy>3.793000</vaccuracy>
<internetconnect>2</internetconnect>
</trkpt>
<trkpt lat="35.813656" lon="139.068609">
<ele>1110.666667</ele>
<time>2026-06-20T04:45:26Z</time>
<speed>1.548728</speed>
<trueHeading>0.000000</trueHeading>
<magneticHeading>0.000000</magneticHeading>
<gpsHeading>58.368050</gpsHeading>
<haccuracy>4.403000</haccuracy>
<vaccuracy>4.403000</vaccuracy>
<internetconnect>2</internetconnect>
</trkpt>
<trkpt lat="35.813810" lon="139.069038">
<ele>1098.666667</ele>
<time>2026-06-20T04:46:15Z</time>
<speed>1.473158</speed>
<trueHeading>0.000000</trueHeading>
<magneticHeading>0.000000</magneticHeading>
<gpsHeading>66.247330</gpsHeading>
<haccuracy>4.575000</haccuracy>
<vaccuracy>4.575000</vaccuracy>
<internetconnect>2</internetconnect>
</trkpt>
<trkpt lat="35.813739" lon="139.069456">
<ele>1087.333333</ele>
<time>2026-06-20T04:47:04Z</time>
<speed>0.244593</speed>
<trueHeading>0.000000</trueHeading>
<magneticHeading>0.000000</magneticHeading>
<gpsHeading>101.722237</gpsHeading>
<haccuracy>4.143000</haccuracy>
<vaccuracy>4.143000</vaccuracy>
<internetconnect>2</internetconnect>
</trkpt>
<trkpt lat="35.813463" lon="139.069743">
<ele>1074.666667</ele>
<time>2026-06-20T04:47:54Z</time>
<speed>0.330616</speed>
<trueHeading>0.000000</trueHeading>
<magneticHeading>0.000000</magneticHeading>
<gpsHeading>139.920380</gpsHeading>
<haccuracy>4.526000</haccuracy>
<vaccuracy>4.526000</vaccuracy>
<internetconnect>2</internetconnect>
</trkpt>
<trkpt lat="35.813203" lon="139.069931">
<ele>1062.000000</ele>
<time>2026-06-20T04:48:48Z</time>
<speed>0.100670</speed>
<trueHeading>0.000000</trueHeading>
<magneticHeading>0.000000</magneticHeading>
<gpsHeading>149.541794</gpsHeading>
<haccuracy>5.407000</haccuracy>
<vaccuracy>5.407000</vaccuracy>
<internetconnect>2</internetconnect>
</trkpt>
<trkpt lat="35.812958" lon="139.070586">
<ele>1047.333333</ele>
<time>2026-06-20T04:50:10Z</time>
<speed>1.508689</speed>
<trueHeading>0.000000</trueHeading>
<magneticHeading>0.000000</magneticHeading>
<gpsHeading>114.781784</gpsHeading>
<haccuracy>8.648000</haccuracy>
<vaccuracy>8.648000</vaccuracy>
<internetconnect>2</internetconnect>
</trkpt>
<trkpt lat="35.812645" lon="139.071008">
<ele>1034.666667</ele>
<time>2026-06-20T04:50:58Z</time>
<speed>1.384247</speed>
<trueHeading>0.000000</trueHeading>
<magneticHeading>0.000000</magneticHeading>
<gpsHeading>132.473846</gpsHeading>
<haccuracy>4.969000</haccuracy>
<vaccuracy>4.969000</vaccuracy>
<internetconnect>2</internetconnect>
</trkpt>
<trkpt lat="35.812385" lon="139.071401">
<ele>1021.333333</ele>
<time>2026-06-20T04:51:47Z</time>
<speed>0.621528</speed>
<trueHeading>0.000000</trueHeading>
<magneticHeading>0.000000</magneticHeading>
<gpsHeading>129.183533</gpsHeading>
<haccuracy>3.040000</haccuracy>
<vaccuracy>3.040000</vaccuracy>
<internetconnect>2</internetconnect>
</trkpt>
<trkpt lat="35.812010" lon="139.071735">
<ele>1007.000000</ele>
<time>2026-06-20T04:52:38Z</time>
<speed>0.369325</speed>
<trueHeading>0.000000</trueHeading>
<magneticHeading>0.000000</magneticHeading>
<gpsHeading>144.182053</gpsHeading>
<haccuracy>4.004000</haccuracy>
<vaccuracy>4.004000</vaccuracy>
<internetconnect>2</internetconnect>
</trkpt>
<trkpt lat="35.811593" lon="139.072133">
<ele>991.666667</ele>
<time>2026-06-20T04:53:28Z</time>
<speed>0.527905</speed>
<trueHeading>0.000000</trueHeading>
<magneticHeading>0.000000</magneticHeading>
<gpsHeading>142.267319</gpsHeading>
<haccuracy>5.740000</haccuracy>
<vaccuracy>5.740000</vaccuracy>
<internetconnect>2</internetconnect>
</trkpt>
<trkpt lat="35.811157" lon="139.072416">
<ele>976.333333</ele>
<time>2026-06-20T04:54:16Z</time>
<speed>1.534269</speed>
<trueHeading>0.000000</trueHeading>
<magneticHeading>0.000000</magneticHeading>
<gpsHeading>152.230591</gpsHeading>
<haccuracy>5.095000</haccuracy>
<vaccuracy>5.095000</vaccuracy>
<internetconnect>2</internetconnect>
</trkpt>
<trkpt lat="35.810764" lon="139.072643">
<ele>965.333333</ele>
<time>2026-06-20T04:55:04Z</time>
<speed>1.607953</speed>
<trueHeading>0.000000</trueHeading>
<magneticHeading>0.000000</magneticHeading>
<gpsHeading>154.857681</gpsHeading>
<haccuracy>5.391000</haccuracy>
<vaccuracy>5.391000</vaccuracy>
<internetconnect>2</internetconnect>
</trkpt>
<trkpt lat="35.810514" lon="139.072976">
<ele>952.333333</ele>
<time>2026-06-20T04:55:51Z</time>
<speed>1.485391</speed>
<trueHeading>0.000000</trueHeading>
<magneticHeading>0.000000</magneticHeading>
<gpsHeading>132.860901</gpsHeading>
<haccuracy>3.140000</haccuracy>
<vaccuracy>3.140000</vaccuracy>
<internetconnect>2</internetconnect>
</trkpt>
<trkpt lat="35.810284" lon="139.073350">
<ele>938.333333</ele>
<time>2026-06-20T04:56:40Z</time>
<speed>1.080747</speed>
<trueHeading>0.000000</trueHeading>
<magneticHeading>0.000000</magneticHeading>
<gpsHeading>127.268173</gpsHeading>
<haccuracy>3.776000</haccuracy>
<vaccuracy>3.776000</vaccuracy>
<internetconnect>2</internetconnect>
</trkpt>
<trkpt lat="35.810279" lon="139.073914">
<ele>923.000000</ele>
<time>2026-06-20T04:57:31Z</time>
<speed>1.407061</speed>
<trueHeading>0.000000</trueHeading>
<magneticHeading>0.000000</magneticHeading>
<gpsHeading>90.588120</gpsHeading>
<haccuracy>4.556000</haccuracy>
<vaccuracy>4.556000</vaccuracy>
<internetconnect>2</internetconnect>
</trkpt>
<trkpt lat="35.809859" lon="139.074468">
<ele>911.000000</ele>
<time>2026-06-20T04:58:20Z</time>
<speed>0.840104</speed>
<trueHeading>0.000000</trueHeading>
<magneticHeading>0.000000</magneticHeading>
<gpsHeading>133.062866</gpsHeading>
<haccuracy>5.759000</haccuracy>
<vaccuracy>5.759000</vaccuracy>
<internetconnect>2</internetconnect>
</trkpt>
<trkpt lat="35.809747" lon="139.075054">
<ele>901.333333</ele>
<time>2026-06-20T04:59:10Z</time>
<speed>1.041522</speed>
<trueHeading>0.000000</trueHeading>
<magneticHeading>0.000000</magneticHeading>
<gpsHeading>103.226547</gpsHeading>
<haccuracy>5.176000</haccuracy>
<vaccuracy>5.176000</vaccuracy>
<internetconnect>2</internetconnect>
</trkpt>
<trkpt lat="35.809542" lon="139.075646">
<ele>892.333333</ele>
<time>2026-06-20T04:59:57Z</time>
<speed>1.201063</speed>
<trueHeading>0.000000</trueHeading>
<magneticHeading>0.000000</magneticHeading>
<gpsHeading>113.188843</gpsHeading>
<haccuracy>4.675000</haccuracy>
<vaccuracy>4.675000</vaccuracy>
<internetconnect>2</internetconnect>
</trkpt>
<trkpt lat="35.809494" lon="139.076478">
<ele>883.666667</ele>
<time>2026-06-20T05:00:48Z</time>
<speed>1.515950</speed>
<trueHeading>0.000000</trueHeading>
<magneticHeading>0.000000</magneticHeading>
<gpsHeading>94.063644</gpsHeading>
<haccuracy>5.534000</haccuracy>
<vaccuracy>5.534000</vaccuracy>
<internetconnect>2</internetconnect>
</trkpt>
<trkpt lat="35.809649" lon="139.077178">
<ele>874.000000</ele>
<time>2026-06-20T05:01:35Z</time>
<speed>1.538596</speed>
<trueHeading>0.000000</trueHeading>
<magneticHeading>0.000000</magneticHeading>
<gpsHeading>74.655022</gpsHeading>
<haccuracy>5.286000</haccuracy>
<vaccuracy>5.286000</vaccuracy>
<internetconnect>2</internetconnect>
</trkpt>
<trkpt lat="35.809850" lon="139.077765">
<ele>862.000000</ele>
<time>2026-06-20T05:02:23Z</time>
<speed>1.303025</speed>
<trueHeading>0.000000</trueHeading>
<magneticHeading>0.000000</magneticHeading>
<gpsHeading>67.108452</gpsHeading>
<haccuracy>5.414000</haccuracy>
<vaccuracy>5.414000</vaccuracy>
<internetconnect>2</internetconnect>
</trkpt>
<trkpt lat="35.810097" lon="139.078327">
<ele>852.666667</ele>
<time>2026-06-20T05:03:13Z</time>
<speed>0.391903</speed>
<trueHeading>0.000000</trueHeading>
<magneticHeading>0.000000</magneticHeading>
<gpsHeading>61.588814</gpsHeading>
<haccuracy>6.654000</haccuracy>
<vaccuracy>6.654000</vaccuracy>
<internetconnect>2</internetconnect>
</trkpt>
<trkpt lat="35.809984" lon="139.079211">
<ele>843.333333</ele>
<time>2026-06-20T05:04:00Z</time>
<speed>1.549144</speed>
<trueHeading>0.000000</trueHeading>
<magneticHeading>0.000000</magneticHeading>
<gpsHeading>98.940971</gpsHeading>
<haccuracy>4.129000</haccuracy>
<vaccuracy>4.129000</vaccuracy>
<internetconnect>2</internetconnect>
</trkpt>
<trkpt lat="35.810203" lon="139.079753">
<ele>835.000000</ele>
<time>2026-06-20T05:04:48Z</time>
<speed>1.501761</speed>
<trueHeading>0.000000</trueHeading>
<magneticHeading>0.000000</magneticHeading>
<gpsHeading>63.525986</gpsHeading>
<haccuracy>3.272000</haccuracy>
<vaccuracy>3.272000</vaccuracy>
<internetconnect>2</internetconnect>
</trkpt>
<trkpt lat="35.810369" lon="139.080460">
<ele>822.333333</ele>
<time>2026-06-20T05:05:36Z</time>
<speed>1.515754</speed>
<trueHeading>0.000000</trueHeading>
<magneticHeading>0.000000</magneticHeading>
<gpsHeading>73.894608</gpsHeading>
<haccuracy>4.390000</haccuracy>
<vaccuracy>4.390000</vaccuracy>
<internetconnect>2</internetconnect>
</trkpt>
<trkpt lat="35.810725" lon="139.081101">
<ele>814.000000</ele>
<time>2026-06-20T05:06:24Z</time>
<speed>1.193537</speed>
<trueHeading>0.000000</trueHeading>
<magneticHeading>0.000000</magneticHeading>
<gpsHeading>55.568089</gpsHeading>
<haccuracy>5.654000</haccuracy>
<vaccuracy>5.654000</vaccuracy>
<internetconnect>2</internetconnect>
</trkpt>
<trkpt lat="35.810626" lon="139.081912">
<ele>805.666667</ele>
<time>2026-06-20T05:07:13Z</time>
<speed>1.515351</speed>
<trueHeading>0.000000</trueHeading>
<magneticHeading>0.000000</magneticHeading>
<gpsHeading>98.557236</gpsHeading>
<haccuracy>5.237000</haccuracy>
<vaccuracy>5.237000</vaccuracy>
<internetconnect>2</internetconnect>
</trkpt>
<trkpt lat="35.810732" lon="139.082387">
<ele>796.333333</ele>
<time>2026-06-20T05:08:02Z</time>
<speed>0.095163</speed>
<trueHeading>0.000000</trueHeading>
<magneticHeading>0.000000</magneticHeading>
<gpsHeading>74.552719</gpsHeading>
<haccuracy>4.421000</haccuracy>
<vaccuracy>4.421000</vaccuracy>
<internetconnect>2</internetconnect>
</trkpt>
<trkpt lat="35.810711" lon="139.083116">
<ele>784.333333</ele>
<time>2026-06-20T05:08:52Z</time>
<speed>0.598465</speed>
<trueHeading>0.000000</trueHeading>
<magneticHeading>0.000000</magneticHeading>
<gpsHeading>92.083649</gpsHeading>
<haccuracy>5.615000</haccuracy>
<vaccuracy>5.615000</vaccuracy>
<internetconnect>2</internetconnect>
</trkpt>
<trkpt lat="35.810466" lon="139.082924">
<ele>776.333333</ele>
<time>2026-06-20T05:09:45Z</time>
<speed>1.244883</speed>
<trueHeading>0.000000</trueHeading>
<magneticHeading>0.000000</magneticHeading>
<gpsHeading>212.411713</gpsHeading>
<haccuracy>5.598000</haccuracy>
<vaccuracy>5.598000</vaccuracy>
<internetconnect>2</internetconnect>
</trkpt>
<trkpt lat="35.810105" lon="139.082530">
<ele>758.333333</ele>
<time>2026-06-20T05:10:33Z</time>
<speed>0.705563</speed>
<trueHeading>0.000000</trueHeading>
<magneticHeading>0.000000</magneticHeading>
<gpsHeading>221.494690</gpsHeading>
<haccuracy>6.214000</haccuracy>
<vaccuracy>6.214000</vaccuracy>
<internetconnect>2</internetconnect>
</trkpt>
<trkpt lat="35.809506" lon="139.082698">
<ele>744.000000</ele>
<time>2026-06-20T05:11:21Z</time>
<speed>1.539009</speed>
<trueHeading>0.000000</trueHeading>
<magneticHeading>0.000000</magneticHeading>
<gpsHeading>167.148346</gpsHeading>
<haccuracy>5.488000</haccuracy>
<vaccuracy>5.488000</vaccuracy>
<internetconnect>2</internetconnect>
</trkpt>
<trkpt lat="35.809067" lon="139.082309">
<ele>726.000000</ele>
<time>2026-06-20T05:12:08Z</time>
<speed>1.533558</speed>
<trueHeading>0.000000</trueHeading>
<magneticHeading>0.000000</magneticHeading>
<gpsHeading>215.707336</gpsHeading>
<haccuracy>5.412000</haccuracy>
<vaccuracy>5.412000</vaccuracy>
<internetconnect>2</internetconnect>
</trkpt>
<trkpt lat="35.809282" lon="139.082565">
<ele>719.000000</ele>
<time>2026-06-20T05:13:12Z</time>
<speed>1.234801</speed>
<trueHeading>0.000000</trueHeading>
<magneticHeading>0.000000</magneticHeading>
<gpsHeading>44.010799</gpsHeading>
<haccuracy>5.581000</haccuracy>
<vaccuracy>5.581000</vaccuracy>
<internetconnect>2</internetconnect>
</trkpt>
<trkpt lat="35.809581" lon="139.083261">
<ele>712.666667</ele>
<time>2026-06-20T05:14:01Z</time>
<speed>1.320312</speed>
<trueHeading>0.000000</trueHeading>
<magneticHeading>0.000000</magneticHeading>
<gpsHeading>62.036224</gpsHeading>
<haccuracy>5.179000</haccuracy>
<vaccuracy>5.179000</vaccuracy>
<internetconnect>2</internetconnect>
</trkpt>
<trkpt lat="35.809902" lon="139.083652">
<ele>702.333333</ele>
<time>2026-06-20T05:14:49Z</time>
<speed>0.806283</speed>
<trueHeading>0.000000</trueHeading>
<magneticHeading>0.000000</magneticHeading>
<gpsHeading>44.731533</gpsHeading>
<haccuracy>4.720000</haccuracy>
<vaccuracy>4.720000</vaccuracy>
<internetconnect>2</internetconnect>
</trkpt>
<trkpt lat="35.809541" lon="139.084052">
<ele>693.666667</ele>
<time>2026-06-20T05:15:38Z</time>
<speed>1.454310</speed>
<trueHeading>0.000000</trueHeading>
<magneticHeading>0.000000</magneticHeading>
<gpsHeading>138.100662</gpsHeading>
<haccuracy>5.474000</haccuracy>
<vaccuracy>5.474000</vaccuracy>
<internetconnect>2</internetconnect>
</trkpt>
<trkpt lat="35.809617" lon="139.084455">
<ele>683.000000</ele>
<time>2026-06-20T05:16:29Z</time>
<speed>0.123562</speed>
<trueHeading>0.000000</trueHeading>
<magneticHeading>0.000000</magneticHeading>
<gpsHeading>76.884102</gpsHeading>
<haccuracy>4.358000</haccuracy>
<vaccuracy>4.358000</vaccuracy>
<internetconnect>2</internetconnect>
</trkpt>
<trkpt lat="35.809305" lon="139.084564">
<ele>674.333333</ele>
<time>2026-06-20T05:17:47Z</time>
<speed>1.460032</speed>
<trueHeading>0.000000</trueHeading>
<magneticHeading>0.000000</magneticHeading>
<gpsHeading>164.329605</gpsHeading>
<haccuracy>3.000000</haccuracy>
<vaccuracy>3.000000</vaccuracy>
<internetconnect>2</internetconnect>
</trkpt>
<trkpt lat="35.809189" lon="139.085175">
<ele>667.666667</ele>
<time>2026-06-20T05:18:34Z</time>
<speed>1.446145</speed>
<trueHeading>0.000000</trueHeading>
<magneticHeading>0.000000</magneticHeading>
<gpsHeading>103.151985</gpsHeading>
<haccuracy>5.824000</haccuracy>
<vaccuracy>5.824000</vaccuracy>
<internetconnect>2</internetconnect>
</trkpt>
<trkpt lat="35.808736" lon="139.085464">
<ele>656.000000</ele>
<time>2026-06-20T05:19:22Z</time>
<speed>1.479227</speed>
<trueHeading>0.000000</trueHeading>
<magneticHeading>0.000000</magneticHeading>
<gpsHeading>152.620483</gpsHeading>
<haccuracy>4.424000</haccuracy>
<vaccuracy>4.424000</vaccuracy>
<internetconnect>2</internetconnect>
</trkpt>
<trkpt lat="35.808587" lon="139.086093">
<ele>649.333333</ele>
<time>2026-06-20T05:20:10Z</time>
<speed>1.367726</speed>
<trueHeading>0.000000</trueHeading>
<magneticHeading>0.000000</magneticHeading>
<gpsHeading>106.307159</gpsHeading>
<haccuracy>4.716000</haccuracy>
<vaccuracy>4.716000</vaccuracy>
<internetconnect>2</internetconnect>
</trkpt>
<trkpt lat="35.808206" lon="139.085729">
<ele>640.333333</ele>
<time>2026-06-20T05:20:58Z</time>
<speed>1.353879</speed>
<trueHeading>0.000000</trueHeading>
<magneticHeading>0.000000</magneticHeading>
<gpsHeading>217.843750</gpsHeading>
<haccuracy>5.490000</haccuracy>
<vaccuracy>5.490000</vaccuracy>
<internetconnect>2</internetconnect>
</trkpt>
<trkpt lat="35.808085" lon="139.086296">
<ele>633.333333</ele>
<time>2026-06-20T05:21:46Z</time>
<speed>1.441591</speed>
<trueHeading>0.000000</trueHeading>
<magneticHeading>0.000000</magneticHeading>
<gpsHeading>104.686226</gpsHeading>
<haccuracy>5.804000</haccuracy>
<vaccuracy>5.804000</vaccuracy>
<internetconnect>2</internetconnect>
</trkpt>
<trkpt lat="35.808110" lon="139.086678">
<ele>623.000000</ele>
<time>2026-06-20T05:23:02Z</time>
<speed>1.119220</speed>
<trueHeading>0.000000</trueHeading>
<magneticHeading>0.000000</magneticHeading>
<gpsHeading>85.494225</gpsHeading>
<haccuracy>5.125000</haccuracy>
<vaccuracy>5.125000</vaccuracy>
<internetconnect>2</internetconnect>
</trkpt>
<trkpt lat="35.808494" lon="139.087214">
<ele>611.666667</ele>
<time>2026-06-20T05:23:51Z</time>
<speed>1.457681</speed>
<trueHeading>0.000000</trueHeading>
<magneticHeading>0.000000</magneticHeading>
<gpsHeading>48.500359</gpsHeading>
<haccuracy>5.151000</haccuracy>
<vaccuracy>5.151000</vaccuracy>
<internetconnect>2</internetconnect>
</trkpt>
<trkpt lat="35.808224" lon="139.087119">
<ele>604.666667</ele>
<time>2026-06-20T05:24:50Z</time>
<speed>1.599398</speed>
<trueHeading>0.000000</trueHeading>
<magneticHeading>0.000000</magneticHeading>
<gpsHeading>195.882797</gpsHeading>
<haccuracy>5.035000</haccuracy>
<vaccuracy>5.035000</vaccuracy>
<internetconnect>2</internetconnect>
</trkpt>
<trkpt lat="35.807647" lon="139.086789">
<ele>599.666667</ele>
<time>2026-06-20T05:25:37Z</time>
<speed>1.117720</speed>
<trueHeading>0.000000</trueHeading>
<magneticHeading>0.000000</magneticHeading>
<gpsHeading>204.851578</gpsHeading>
<haccuracy>6.025000</haccuracy>
<vaccuracy>6.025000</vaccuracy>
<internetconnect>2</internetconnect>
</trkpt>
<trkpt lat="35.807918" lon="139.086968">
<ele>598.000000</ele>
<time>2026-06-20T05:26:31Z</time>
<speed>1.574873</speed>
<trueHeading>0.000000</trueHeading>
<magneticHeading>0.000000</magneticHeading>
<gpsHeading>28.070230</gpsHeading>
<haccuracy>5.045000</haccuracy>
<vaccuracy>5.045000</vaccuracy>
<internetconnect>2</internetconnect>
</trkpt>
<trkpt lat="35.808365" lon="139.087482">
<ele>588.666667</ele>
<time>2026-06-20T05:27:18Z</time>
<speed>1.412531</speed>
<trueHeading>0.000000</trueHeading>
<magneticHeading>0.000000</magneticHeading>
<gpsHeading>43.038219</gpsHeading>
<haccuracy>5.535000</haccuracy>
<vaccuracy>5.535000</vaccuracy>
<internetconnect>2</internetconnect>
</trkpt>
<trkpt lat="35.808087" lon="139.088227">
<ele>583.000000</ele>
<time>2026-06-20T05:28:05Z</time>
<speed>1.326260</speed>
<trueHeading>0.000000</trueHeading>
<magneticHeading>0.000000</magneticHeading>
<gpsHeading>114.659668</gpsHeading>
<haccuracy>5.666000</haccuracy>
<vaccuracy>5.666000</vaccuracy>
<internetconnect>2</internetconnect>
</trkpt>
<trkpt lat="35.808218" lon="139.088964">
<ele>573.000000</ele>
<time>2026-06-20T05:28:53Z</time>
<speed>1.458590</speed>
<trueHeading>0.000000</trueHeading>
<magneticHeading>0.000000</magneticHeading>
<gpsHeading>77.664467</gpsHeading>
<haccuracy>5.533000</haccuracy>
<vaccuracy>5.533000</vaccuracy>
<internetconnect>2</internetconnect>
</trkpt>
<trkpt lat="35.808002" lon="139.089666">
<ele>566.000000</ele>
<time>2026-06-20T05:29:42Z</time>
<speed>1.424626</speed>
<trueHeading>0.000000</trueHeading>
<magneticHeading>0.000000</magneticHeading>
<gpsHeading>110.764938</gpsHeading>
<haccuracy>4.962000</haccuracy>
<vaccuracy>4.962000</vaccuracy>
<internetconnect>2</internetconnect>
</trkpt>
<trkpt lat="35.807802" lon="139.089390">
<ele>555.333333</ele>
<time>2026-06-20T05:30:30Z</time>
<speed>1.563189</speed>
<trueHeading>0.000000</trueHeading>
<magneticHeading>0.000000</magneticHeading>
<gpsHeading>228.188705</gpsHeading>
<haccuracy>4.733000</haccuracy>
<vaccuracy>4.733000</vaccuracy>
<internetconnect>2</internetconnect>
</trkpt>
<trkpt lat="35.807655" lon="139.088613">
<ele>548.333333</ele>
<time>2026-06-20T05:31:17Z</time>
<speed>1.497261</speed>
<trueHeading>0.000000</trueHeading>
<magneticHeading>0.000000</magneticHeading>
<gpsHeading>256.862885</gpsHeading>
<haccuracy>5.428000</haccuracy>
<vaccuracy>5.428000</vaccuracy>
<internetconnect>2</internetconnect>
</trkpt>
<trkpt lat="35.807439" lon="139.087914">
<ele>541.000000</ele>
<time>2026-06-20T05:32:06Z</time>
<speed>1.592324</speed>
<trueHeading>0.000000</trueHeading>
<magneticHeading>0.000000</magneticHeading>
<gpsHeading>249.090424</gpsHeading>
<haccuracy>6.148000</haccuracy>
<vaccuracy>6.148000</vaccuracy>
<internetconnect>2</internetconnect>
</trkpt>
<trkpt lat="35.807151" lon="139.087993">
<ele>531.666667</ele>
<time>2026-06-20T05:33:35Z</time>
<speed>0.429976</speed>
<trueHeading>0.000000</trueHeading>
<magneticHeading>0.000000</magneticHeading>
<gpsHeading>167.432922</gpsHeading>
<haccuracy>5.756000</haccuracy>
<vaccuracy>5.756000</vaccuracy>
<internetconnect>2</internetconnect>
</trkpt>
<trkpt lat="35.806997" lon="139.088471">
<ele>517.666667</ele>
<time>2026-06-20T05:34:24Z</time>
<speed>0.418745</speed>
<trueHeading>0.000000</trueHeading>
<magneticHeading>0.000000</magneticHeading>
<gpsHeading>111.750824</gpsHeading>
<haccuracy>4.131000</haccuracy>
<vaccuracy>4.131000</vaccuracy>
<internetconnect>2</internetconnect>
</trkpt>
<trkpt lat="35.806645" lon="139.089101">
<ele>504.666667</ele>
<time>2026-06-20T05:35:12Z</time>
<speed>1.317912</speed>
<trueHeading>0.000000</trueHeading>
<magneticHeading>0.000000</magneticHeading>
<gpsHeading>124.503815</gpsHeading>
<haccuracy>5.413000</haccuracy>
<vaccuracy>5.413000</vaccuracy>
<internetconnect>2</internetconnect>
</trkpt>
<trkpt lat="35.806296" lon="139.089442">
<ele>494.000000</ele>
<time>2026-06-20T05:36:01Z</time>
<speed>0.489478</speed>
<trueHeading>0.000000</trueHeading>
<magneticHeading>0.000000</magneticHeading>
<gpsHeading>141.695648</gpsHeading>
<haccuracy>4.842000</haccuracy>
<vaccuracy>4.842000</vaccuracy>
<internetconnect>2</internetconnect>
</trkpt>
<trkpt lat="35.805997" lon="139.089876">
<ele>488.333333</ele>
<time>2026-06-20T05:36:49Z</time>
<speed>0.383919</speed>
<trueHeading>0.000000</trueHeading>
<magneticHeading>0.000000</magneticHeading>
<gpsHeading>130.293869</gpsHeading>
<haccuracy>4.938000</haccuracy>
<vaccuracy>4.938000</vaccuracy>
<internetconnect>2</internetconnect>
</trkpt>
<trkpt lat="35.805830" lon="139.090210">
<ele>482.000000</ele>
<time>2026-06-20T05:37:38Z</time>
<speed>0.527452</speed>
<trueHeading>0.000000</trueHeading>
<magneticHeading>0.000000</magneticHeading>
<gpsHeading>121.639366</gpsHeading>
<haccuracy>4.771000</haccuracy>
<vaccuracy>4.771000</vaccuracy>
<internetconnect>2</internetconnect>
</trkpt>
<trkpt lat="35.805634" lon="139.090632">
<ele>470.333333</ele>
<time>2026-06-20T05:38:27Z</time>
<speed>0.662374</speed>
<trueHeading>0.000000</trueHeading>
<magneticHeading>0.000000</magneticHeading>
<gpsHeading>119.798454</gpsHeading>
<haccuracy>4.077000</haccuracy>
<vaccuracy>4.077000</vaccuracy>
<internetconnect>2</internetconnect>
</trkpt>
<trkpt lat="35.805613" lon="139.090978">
<ele>457.000000</ele>
<time>2026-06-20T05:39:17Z</time>
<speed>0.421730</speed>
<trueHeading>0.000000</trueHeading>
<magneticHeading>0.000000</magneticHeading>
<gpsHeading>94.276199</gpsHeading>
<haccuracy>3.842000</haccuracy>
<vaccuracy>3.842000</vaccuracy>
<internetconnect>2</internetconnect>
</trkpt>
<trkpt lat="35.805803" lon="139.091242">
<ele>442.000000</ele>
<time>2026-06-20T05:40:06Z</time>
<speed>0.767188</speed>
<trueHeading>0.000000</trueHeading>
<magneticHeading>0.000000</magneticHeading>
<gpsHeading>48.387348</gpsHeading>
<haccuracy>4.491000</haccuracy>
<vaccuracy>4.491000</vaccuracy>
<internetconnect>2</internetconnect>
</trkpt>
<trkpt lat="35.805916" lon="139.091602">
<ele>431.000000</ele>
<time>2026-06-20T05:41:15Z</time>
<speed>0.966639</speed>
<trueHeading>0.000000</trueHeading>
<magneticHeading>0.000000</magneticHeading>
<gpsHeading>68.807571</gpsHeading>
<haccuracy>3.023000</haccuracy>
<vaccuracy>3.023000</vaccuracy>
<internetconnect>2</internetconnect>
</trkpt>
<trkpt lat="35.805969" lon="139.091992">
<ele>421.000000</ele>
<time>2026-06-20T05:42:03Z</time>
<speed>0.617362</speed>
<trueHeading>0.000000</trueHeading>
<magneticHeading>0.000000</magneticHeading>
<gpsHeading>80.612152</gpsHeading>
<haccuracy>5.654000</haccuracy>
<vaccuracy>5.654000</vaccuracy>
<internetconnect>2</internetconnect>
</trkpt>
<trkpt lat="35.806038" lon="139.092434">
<ele>414.333333</ele>
<time>2026-06-20T05:42:52Z</time>
<speed>1.172342</speed>
<trueHeading>0.000000</trueHeading>
<magneticHeading>0.000000</magneticHeading>
<gpsHeading>79.043739</gpsHeading>
<haccuracy>3.093000</haccuracy>
<vaccuracy>3.093000</vaccuracy>
<internetconnect>2</internetconnect>
</trkpt>
<trkpt lat="35.806273" lon="139.091816">
<ele>408.000000</ele>
<time>2026-06-20T05:43:39Z</time>
<speed>1.478355</speed>
<trueHeading>0.000000</trueHeading>
<magneticHeading>0.000000</magneticHeading>
<gpsHeading>295.159576</gpsHeading>
<haccuracy>5.382000</haccuracy>
<vaccuracy>5.382000</vaccuracy>
<internetconnect>2</internetconnect>
</trkpt>
<trkpt lat="35.806608" lon="139.092339">
<ele>401.333333</ele>
<time>2026-06-20T05:44:27Z</time>
<speed>1.318998</speed>
<trueHeading>0.000000</trueHeading>
<magneticHeading>0.000000</magneticHeading>
<gpsHeading>51.698578</gpsHeading>
<haccuracy>7.051000</haccuracy>
<vaccuracy>7.051000</vaccuracy>
<internetconnect>2</internetconnect>
</trkpt>
<trkpt lat="35.806888" lon="139.092635">
<ele>393.000000</ele>
<time>2026-06-20T05:45:17Z</time>
<speed>1.489868</speed>
<trueHeading>0.000000</trueHeading>
<magneticHeading>0.000000</magneticHeading>
<gpsHeading>40.557217</gpsHeading>
<haccuracy>6.556000</haccuracy>
<vaccuracy>6.556000</vaccuracy>
<internetconnect>2</internetconnect>
</trkpt>
<trkpt lat="35.806990" lon="139.093482">
<ele>387.666667</ele>
<time>2026-06-20T05:46:04Z</time>
<speed>1.317997</speed>
<trueHeading>0.000000</trueHeading>
<magneticHeading>0.000000</magneticHeading>
<gpsHeading>81.611931</gpsHeading>
<haccuracy>7.934000</haccuracy>
<vaccuracy>7.934000</vaccuracy>
<internetconnect>2</internetconnect>
</trkpt>
<trkpt lat="35.807380" lon="139.093784">
<ele>382.000000</ele>
<time>2026-06-20T05:46:51Z</time>
<speed>0.525226</speed>
<trueHeading>0.000000</trueHeading>
<magneticHeading>0.000000</magneticHeading>
<gpsHeading>32.123215</gpsHeading>
<haccuracy>7.082000</haccuracy>
<vaccuracy>7.082000</vaccuracy>
<internetconnect>2</internetconnect>
</trkpt>
<trkpt lat="35.807666" lon="139.094200">
<ele>374.666667</ele>
<time>2026-06-20T05:47:42Z</time>
<speed>1.559320</speed>
<trueHeading>0.000000</trueHeading>
<magneticHeading>0.000000</magneticHeading>
<gpsHeading>49.743729</gpsHeading>
<haccuracy>3.000000</haccuracy>
<vaccuracy>3.000000</vaccuracy>
<internetconnect>2</internetconnect>
</trkpt>
<trkpt lat="35.807656" lon="139.094601">
<ele>364.000000</ele>
<time>2026-06-20T05:48:29Z</time>
<speed>1.468380</speed>
<trueHeading>0.000000</trueHeading>
<magneticHeading>0.000000</magneticHeading>
<gpsHeading>91.761719</gpsHeading>
<haccuracy>3.716000</haccuracy>
<vaccuracy>3.716000</vaccuracy>
<internetconnect>2</internetconnect>
</trkpt>
<trkpt lat="35.807163" lon="139.094920">
<ele>351.333333</ele>
<time>2026-06-20T05:49:18Z</time>
<speed>1.224862</speed>
<trueHeading>0.000000</trueHeading>
<magneticHeading>0.000000</magneticHeading>
<gpsHeading>152.272720</gpsHeading>
<haccuracy>3.638000</haccuracy>
<vaccuracy>3.638000</vaccuracy>
<internetconnect>2</internetconnect>
</trkpt>
<trkpt lat="35.806981" lon="139.095523">
<ele>341.333333</ele>
<time>2026-06-20T05:50:08Z</time>
<speed>1.285607</speed>
<trueHeading>0.000000</trueHeading>
<magneticHeading>0.000000</magneticHeading>
<gpsHeading>110.504311</gpsHeading>
<haccuracy>3.082000</haccuracy>
<vaccuracy>3.082000</vaccuracy>
<internetconnect>2</internetconnect>
</trkpt>
<trkpt lat="35.807434" lon="139.095803">
<ele>327.000000</ele>
<time>2026-06-20T05:50:58Z</time>
<speed>1.093691</speed>
<trueHeading>0.000000</trueHeading>
<magneticHeading>0.000000</magneticHeading>
<gpsHeading>26.663620</gpsHeading>
<haccuracy>5.250000</haccuracy>
<vaccuracy>5.250000</vaccuracy>
<internetconnect>2</internetconnect>
</trkpt>
<trkpt lat="35.807835" lon="139.096464">
<ele>328.000000</ele>
<time>2026-06-20T05:51:45Z</time>
<speed>1.483305</speed>
<trueHeading>0.000000</trueHeading>
<magneticHeading>0.000000</magneticHeading>
<gpsHeading>53.165760</gpsHeading>
<haccuracy>3.126000</haccuracy>
<vaccuracy>3.126000</vaccuracy>
<internetconnect>2</internetconnect>
</trkpt>
<trkpt lat="35.808347" lon="139.096845">
<ele>330.666667</ele>
<time>2026-06-20T05:52:33Z</time>
<speed>1.490080</speed>
<trueHeading>0.000000</trueHeading>
<magneticHeading>0.000000</magneticHeading>
<gpsHeading>31.111858</gpsHeading>
<haccuracy>5.238000</haccuracy>
<vaccuracy>5.238000</vaccuracy>
<internetconnect>2</internetconnect>
</trkpt>
<trkpt lat="35.808864" lon="139.096537">
<ele>342.333333</ele>
<time>2026-06-20T05:53:21Z</time>
<speed>1.494757</speed>
<trueHeading>0.000000</trueHeading>
<magneticHeading>0.000000</magneticHeading>
<gpsHeading>334.258331</gpsHeading>
<haccuracy>4.079000</haccuracy>
<vaccuracy>4.079000</vaccuracy>
<internetconnect>2</internetconnect>
</trkpt>
<trkpt lat="35.808899" lon="139.096963">
<ele>342.666667</ele>
<time>2026-06-20T05:54:10Z</time>
<speed>0.072007</speed>
<trueHeading>0.000000</trueHeading>
<magneticHeading>0.000000</magneticHeading>
<gpsHeading>84.213760</gpsHeading>
<haccuracy>3.613000</haccuracy>
<vaccuracy>3.613000</vaccuracy>
<internetconnect>2</internetconnect>
</trkpt>
<trkpt lat="35.808963" lon="139.096902">
<ele>343.333333</ele>
<time>2026-06-20T05:56:30Z</time>
<speed>0.073930</speed>
<trueHeading>0.000000</trueHeading>
<magneticHeading>0.000000</magneticHeading>
<gpsHeading>321.992157</gpsHeading>
<haccuracy>3.974000</haccuracy>
<vaccuracy>3.974000</vaccuracy>
<internetconnect>2</internetconnect>
</trkpt>
<trkpt lat="35.808983" lon="139.096892">
<ele>342.666667</ele>
<time>2026-06-20T05:59:12Z</time>
<speed>0.078734</speed>
<trueHeading>0.000000</trueHeading>
<magneticHeading>0.000000</magneticHeading>
<gpsHeading>339.179962</gpsHeading>
<haccuracy>4.197000</haccuracy>
<vaccuracy>4.197000</vaccuracy>
<internetconnect>2</internetconnect>
</trkpt>
<trkpt lat="35.809124" lon="139.096670">
<ele>342.500000</ele>
<time>2026-06-20T06:00:20Z</time>
<speed>0.070447</speed>
<trueHeading>-999.000000</trueHeading>
<magneticHeading>-999.000000</magneticHeading>
<gpsHeading>307.918488</gpsHeading>
<haccuracy>4.134000</haccuracy>
<vaccuracy>4.134000</vaccuracy>
<internetconnect>2</internetconnect>
</trkpt>
</trkseg></trk>
</gpx>
