<?xml version="1.0" encoding="UTF-8"?>
<gpx xmlns:xsi="http://www.w3.org/2001/XMLSchema-instance" xmlns="http://www.topografix.com/GPX/1/0" xsi:schemaLocation="http://www.topografix.com/GPX/1/1 http://www.topografix.com/GPX/1/1/gpx.xsd" creator="Geographica - http://geographica.biz/" appVersion="Ver 2.1.61:4412" device="google sunfish" android="13" carrier="povo">
<trk>
<name>30260922</name>
<trkseg>
<trkpt lat="35.809080" lon="139.096582">
<ele>342.000000</ele>
<time>2026-09-22T01:30:09Z</time>
<speed>0.000000</speed>
<trueHeading>0.000000</trueHeading>
<magneticHeading>0.000000</magneticHeading>
<gpsHeading>0.000000</gpsHeading>
<haccuracy>3.790000</haccuracy>
<vaccuracy>3.790000</vaccuracy>
<internetconnect>2</internetconnect>
</trkpt>
<trkpt lat="35.809078" lon="139.096589">
<ele>341.666667</ele>
<time>2026-09-22T01:30:09Z</time>
<speed>0.000000</speed>
<trueHeading>0.000000</trueHeading>
<magneticHeading>0.000000</magneticHeading>
<gpsHeading>0.000000</gpsHeading>
<haccuracy>3.790000</haccuracy>
<vaccuracy>3.790000</vaccuracy>
<internetconnect>2</internetconnect>
</trkpt>
<trkpt lat="35.809337" lon="139.096456">
<ele>341.333333</ele>
<time>2026-09-22T01:31:08Z</time>
<speed>0.158145</speed>
<trueHeading>0.000000</trueHeading>
<magneticHeading>0.000000</magneticHeading>
<gpsHeading>337.331268</gpsHeading>
<haccuracy>9.431000</haccuracy>
<vaccuracy>9.431000</vaccuracy>
<internetconnect>2</internetconnect>
</trkpt>
<trkpt lat="35.809037" lon="139.096584">
<ele>341.666667</ele>
<time>2026-09-22T01:31:56Z</time>
<speed>1.474903</speed>
<trueHeading>0.000000</trueHeading>
<magneticHeading>0.000000</magneticHeading>
<gpsHeading>160.907593</gpsHeading>
<haccuracy>4.076000</haccuracy>
<vaccuracy>4.076000</vaccuracy>
<internetconnect>2</internetconnect>
</trkpt>
<trkpt lat="35.808706" lon="139.096862">
<ele>342.666667</ele>
<time>2026-09-22T01:32:46Z</time>
<speed>1.288116</speed>
<trueHeading>0.000000</trueHeading>
<magneticHeading>0.000000</magneticHeading>
<gpsHeading>145.766144</gpsHeading>
<haccuracy>7.747000</haccuracy>
<vaccuracy>7.747000</vaccuracy>
<internetconnect>2</internetconnect>
</trkpt>
<trkpt lat="35.808372" lon="139.097378">
<ele>345.000000</ele>
<time>2026-09-22T01:33:33Z</time>
<speed>1.576285</speed>
<trueHeading>0.000000</trueHeading>
<magneticHeading>0.000000</magneticHeading>
<gpsHeading>128.537811</gpsHeading>
<haccuracy>9.890000</haccuracy>
<vaccuracy>9.890000</vaccuracy>
<internetconnect>2</internetconnect>
</trkpt>
<trkpt lat="35.808893" lon="139.097818">
<ele>347.333333</ele>
<time>2026-09-22T01:34:20Z</time>
<speed>1.526197</speed>
<trueHeading>0.000000</trueHeading>
<magneticHeading>0.000000</magneticHeading>
<gpsHeading>34.368629</gpsHeading>
<haccuracy>7.825000</haccuracy>
<vaccuracy>7.825000</vaccuracy>
<internetconnect>2</internetconnect>
</trkpt>
<trkpt lat="35.809389" lon="139.097987">
<ele>352.666667</ele>
<time>2026-09-22T01:35:07Z</time>
<speed>1.438780</speed>
<trueHeading>0.000000</trueHeading>
<magneticHeading>0.000000</magneticHeading>
<gpsHeading>15.504623</gpsHeading>
<haccuracy>9.262000</haccuracy>
<vaccuracy>9.262000</vaccuracy>
<internetconnect>2</internetconnect>
</trkpt>
<trkpt lat="35.809649" lon="139.098544">
<ele>356.333333</ele>
<time>2026-09-22T01:35:56Z</time>
<speed>1.516451</speed>
<trueHeading>0.000000</trueHeading>
<magneticHeading>0.000000</magneticHeading>
<gpsHeading>60.046394</gpsHeading>
<haccuracy>8.873000</haccuracy>
<vaccuracy>8.873000</vaccuracy>
<internetconnect>2</internetconnect>
</trkpt>
<trkpt lat="35.810241" lon="139.098371">
<ele>361.000000</ele>
<time>2026-09-22T01:36:43Z</time>
<speed>1.527253</speed>
<trueHeading>0.000000</trueHeading>
<magneticHeading>0.000000</magneticHeading>
<gpsHeading>346.661407</gpsHeading>
<haccuracy>14.630000</haccuracy>
<vaccuracy>14.630000</vaccuracy>
<internetconnect>2</internetconnect>
</trkpt>
<trkpt lat="35.810644" lon="139.098198">
<ele>366.000000</ele>
<time>2026-09-22T01:37:32Z</time>
<speed>0.096309</speed>
<trueHeading>0.000000</trueHeading>
<magneticHeading>0.000000</magneticHeading>
<gpsHeading>340.812897</gpsHeading>
<haccuracy>10.171000</haccuracy>
<vaccuracy>10.171000</vaccuracy>
<internetconnect>2</internetconnect>
</trkpt>
<trkpt lat="35.810942" lon="139.098063">
<ele>369.666667</ele>
<time>2026-09-22T01:38:25Z</time>
<speed>1.255015</speed>
<trueHeading>0.000000</trueHeading>
<magneticHeading>0.000000</magneticHeading>
<gpsHeading>339.737915</gpsHeading>
<haccuracy>6.427000</haccuracy>
<vaccuracy>6.427000</vaccuracy>
<internetconnect>2</internetconnect>
</trkpt>
<trkpt lat="35.811184" lon="139.097723">
<ele>373.333333</ele>
<time>2026-09-22T01:39:12Z</time>
<speed>1.436561</speed>
<trueHeading>0.000000</trueHeading>
<magneticHeading>0.000000</magneticHeading>
<gpsHeading>311.252808</gpsHeading>
<haccuracy>3.101000</haccuracy>
<vaccuracy>3.101000</vaccuracy>
<internetconnect>2</internetconnect>
</trkpt>
<trkpt lat="35.811568" lon="139.097587">
<ele>373.333333</ele>
<time>2026-09-22T01:40:01Z</time>
<speed>0.029679</speed>
<trueHeading>0.000000</trueHeading>
<magneticHeading>0.000000</magneticHeading>
<gpsHeading>343.999084</gpsHeading>
<haccuracy>4.917000</haccuracy>
<vaccuracy>4.917000</vaccuracy>
<internetconnect>2</internetconnect>
</trkpt>
<trkpt lat="35.811967" lon="139.097370">
<ele>382.333333</ele>
<time>2026-09-22T01:40:48Z</time>
<speed>1.474131</speed>
<trueHeading>0.000000</trueHeading>
<magneticHeading>0.000000</magneticHeading>
<gpsHeading>336.151031</gpsHeading>
<haccuracy>3.041000</haccuracy>
<vaccuracy>3.041000</vaccuracy>
<internetconnect>2</internetconnect>
</trkpt>
<trkpt lat="35.812520" lon="139.097439">
<ele>390.000000</ele>
<time>2026-09-22T01:41:35Z</time>
<speed>1.486825</speed>
<trueHeading>0.000000</trueHeading>
<magneticHeading>0.000000</magneticHeading>
<gpsHeading>5.755904</gpsHeading>
<haccuracy>8.558000</haccuracy>
<vaccuracy>8.558000</vaccuracy>
<internetconnect>2</internetconnect>
</trkpt>
<trkpt lat="35.813016" lon="139.097283">
<ele>396.000000</ele>
<time>2026-09-22T01:42:23Z</time>
<speed>1.513321</speed>
<trueHeading>0.000000</trueHeading>
<magneticHeading>0.000000</magneticHeading>
<gpsHeading>345.700470</gpsHeading>
<haccuracy>5.935000</haccuracy>
<vaccuracy>5.935000</vaccuracy>
<internetconnect>2</internetconnect>
</trkpt>
<trkpt lat="35.813287" lon="139.097175">
<ele>391.000000</ele>
<time>2026-09-22T01:43:34Z</time>
<speed>0.061304</speed>
<trueHeading>0.000000</trueHeading>
<magneticHeading>0.000000</magneticHeading>
<gpsHeading>342.068756</gpsHeading>
<haccuracy>3.000000</haccuracy>
<vaccuracy>3.000000</vaccuracy>
<internetconnect>2</internetconnect>
</trkpt>
<trkpt lat="35.813751" lon="139.097419">
<ele>384.333333</ele>
<time>2026-09-22T01:44:22Z</time>
<speed>0.946880</speed>
<trueHeading>0.000000</trueHeading>
<magneticHeading>0.000000</magneticHeading>
<gpsHeading>23.064377</gpsHeading>
<haccuracy>3.934000</haccuracy>
<vaccuracy>3.934000</vaccuracy>
<internetconnect>2</internetconnect>
</trkpt>
<trkpt lat="35.813983" lon="139.097703">
<ele>384.000000</ele>
<time>2026-09-22T01:46:01Z</time>
<speed>0.730000</speed>
<trueHeading>0.000000</trueHeading>
<magneticHeading>0.000000</magneticHeading>
<gpsHeading>44.880188</gpsHeading>
<haccuracy>6.132000</haccuracy>
<vaccuracy>6.132000</vaccuracy>
<internetconnect>2</internetconnect>
</trkpt>
<trkpt lat="35.814411" lon="139.098117">
<ele>387.333333</ele>
<time>2026-09-22T01:46:49Z</time>
<speed>0.983130</speed>
<trueHeading>0.000000</trueHeading>
<magneticHeading>0.000000</magneticHeading>
<gpsHeading>38.070061</gpsHeading>
<haccuracy>8.232000</haccuracy>
<vaccuracy>8.232000</vaccuracy>
<internetconnect>2</internetconnect>
</trkpt>
<trkpt lat="35.814449" lon="139.098170">
<ele>394.000000</ele>
<time>2026-09-22T01:49:07Z</time>
<speed>2.132312</speed>
<trueHeading>0.000000</trueHeading>
<magneticHeading>0.000000</magneticHeading>
<gpsHeading>49.160740</gpsHeading>
<haccuracy>4.978000</haccuracy>
<vaccuracy>4.978000</vaccuracy>
<internetconnect>2</internetconnect>
</trkpt>
<trkpt lat="35.814515" lon="139.098022">
<ele>397.666667</ele>
<time>2026-09-22T01:51:11Z</time>
<speed>0.281776</speed>
<trueHeading>0.000000</trueHeading>
<magneticHeading>0.000000</magneticHeading>
<gpsHeading>299.063599</gpsHeading>
<haccuracy>3.162000</haccuracy>
<vaccuracy>3.162000</vaccuracy>
<internetconnect>2</internetconnect>
</trkpt>
<trkpt lat="35.814558" lon="139.097451">
<ele>401.666667</ele>
<time>2026-09-22T01:51:58Z</time>
<speed>1.259319</speed>
<trueHeading>0.000000</trueHeading>
<magneticHeading>0.000000</magneticHeading>
<gpsHeading>275.220642</gpsHeading>
<haccuracy>5.468000</haccuracy>
<vaccuracy>5.468000</vaccuracy>
<internetconnect>2</internetconnect>
</trkpt>
<trkpt lat="35.814419" lon="139.097144">
<ele>411.000000</ele>
<time>2026-09-22T01:52:47Z</time>
<speed>1.407666</speed>
<trueHeading>0.000000</trueHeading>
<magneticHeading>0.000000</magneticHeading>
<gpsHeading>240.964081</gpsHeading>
<haccuracy>4.141000</haccuracy>
<vaccuracy>4.141000</vaccuracy>
<internetconnect>2</internetconnect>
</trkpt>
<trkpt lat="35.814387" lon="139.096504">
<ele>416.666667</ele>
<time>2026-09-22T01:53:35Z</time>
<speed>1.291201</speed>
<trueHeading>0.000000</trueHeading>
<magneticHeading>0.000000</magneticHeading>
<gpsHeading>266.398071</gpsHeading>
<haccuracy>5.755000</haccuracy>
<vaccuracy>5.755000</vaccuracy>
<internetconnect>2</internetconnect>
</trkpt>
<trkpt lat="35.814581" lon="139.096294">
<ele>424.333333</ele>
<time>2026-09-22T01:55:39Z</time>
<speed>0.735348</speed>
<trueHeading>0.000000</trueHeading>
<magneticHeading>0.000000</magneticHeading>
<gpsHeading>318.810120</gpsHeading>
<haccuracy>3.089000</haccuracy>
<vaccuracy>3.089000</vaccuracy>
<internetconnect>2</internetconnect>
</trkpt>
<trkpt lat="35.815123" lon="139.096176">
<ele>420.333333</ele>
<time>2026-09-22T01:56:27Z</time>
<speed>1.213459</speed>
<trueHeading>0.000000</trueHeading>
<magneticHeading>0.000000</magneticHeading>
<gpsHeading>349.978790</gpsHeading>
<haccuracy>5.675000</haccuracy>
<vaccuracy>5.675000</vaccuracy>
<internetconnect>2</internetconnect>
</trkpt>
<trkpt lat="35.815172" lon="139.095591">
<ele>421.333333</ele>
<time>2026-09-22T01:57:15Z</time>
<speed>1.435577</speed>
<trueHeading>0.000000</trueHeading>
<magneticHeading>0.000000</magneticHeading>
<gpsHeading>275.926239</gpsHeading>
<haccuracy>5.464000</haccuracy>
<vaccuracy>5.464000</vaccuracy>
<internetconnect>2</internetconnect>
</trkpt>
<trkpt lat="35.815465" lon="139.095452">
<ele>420.333333</ele>
<time>2026-09-22T01:58:02Z</time>
<speed>1.242658</speed>
<trueHeading>0.000000</trueHeading>
<magneticHeading>0.000000</magneticHeading>
<gpsHeading>338.924927</gpsHeading>
<haccuracy>4.621000</haccuracy>
<vaccuracy>4.621000</vaccuracy>
<internetconnect>2</internetconnect>
</trkpt>
<trkpt lat="35.815767" lon="139.094895">
<ele>424.666667</ele>
<time>2026-09-22T01:58:48Z</time>
<speed>1.480981</speed>
<trueHeading>0.000000</trueHeading>
<magneticHeading>0.000000</magneticHeading>
<gpsHeading>303.738434</gpsHeading>
<haccuracy>4.662000</haccuracy>
<vaccuracy>4.662000</vaccuracy>
<internetconnect>2</internetconnect>
</trkpt>
<trkpt lat="35.816076" lon="139.094887">
<ele>417.000000</ele>
<time>2026-09-22T01:59:38Z</time>
<speed>0.104666</speed>
<trueHeading>0.000000</trueHeading>
<magneticHeading>0.000000</magneticHeading>
<gpsHeading>358.890350</gpsHeading>
<haccuracy>4.496000</haccuracy>
<vaccuracy>4.496000</vaccuracy>
<internetconnect>2</internetconnect>
</trkpt>
<trkpt lat="35.815884" lon="139.094551">
<ele>410.666667</ele>
<time>2026-09-22T02:01:24Z</time>
<speed>1.490315</speed>
<trueHeading>0.000000</trueHeading>
<magneticHeading>0.000000</magneticHeading>
<gpsHeading>234.699921</gpsHeading>
<haccuracy>3.407000</haccuracy>
<vaccuracy>3.407000</vaccuracy>
<internetconnect>2</internetconnect>
</trkpt>
<trkpt lat="35.815421" lon="139.095176">
<ele>401.000000</ele>
<time>2026-09-22T02:02:10Z</time>
<speed>1.278700</speed>
<trueHeading>0.000000</trueHeading>
<magneticHeading>0.000000</magneticHeading>
<gpsHeading>132.411377</gpsHeading>
<haccuracy>5.174000</haccuracy>
<vaccuracy>5.174000</vaccuracy>
<internetconnect>2</internetconnect>
</trkpt>
<trkpt lat="35.814788" lon="139.095193">
<ele>402.333333</ele>
<time>2026-09-22T02:03:00Z</time>
<speed>1.481374</speed>
<trueHeading>0.000000</trueHeading>
<magneticHeading>0.000000</magneticHeading>
<gpsHeading>178.737137</gpsHeading>
<haccuracy>5.220000</haccuracy>
<vaccuracy>5.220000</vaccuracy>
<internetconnect>2</internetconnect>
</trkpt>
<trkpt lat="35.814697" lon="139.095938">
<ele>398.666667</ele>
<time>2026-09-22T02:03:46Z</time>
<speed>1.126668</speed>
<trueHeading>0.000000</trueHeading>
<magneticHeading>0.000000</magneticHeading>
<gpsHeading>98.622826</gpsHeading>
<haccuracy>5.222000</haccuracy>
<vaccuracy>5.222000</vaccuracy>
<internetconnect>2</internetconnect>
</trkpt>
<trkpt lat="35.814572" lon="139.095201">
<ele>393.000000</ele>
<time>2026-09-22T02:04:33Z</time>
<speed>1.294911</speed>
<trueHeading>0.000000</trueHeading>
<magneticHeading>0.000000</magneticHeading>
<gpsHeading>258.233978</gpsHeading>
<haccuracy>6.291000</haccuracy>
<vaccuracy>6.291000</vaccuracy>
<internetconnect>2</internetconnect>
</trkpt>
<trkpt lat="35.814296" lon="139.094676">
<ele>383.666667</ele>
<time>2026-09-22T02:05:22Z</time>
<speed>1.544130</speed>
<trueHeading>0.000000</trueHeading>
<magneticHeading>0.000000</magneticHeading>
<gpsHeading>237.035812</gpsHeading>
<haccuracy>5.983000</haccuracy>
<vaccuracy>5.983000</vaccuracy>
<internetconnect>2</internetconnect>
</trkpt>
<trkpt lat="35.814599" lon="139.094227">
<ele>372.333333</ele>
<time>2026-09-22T02:06:12Z</time>
<speed>1.527849</speed>
<trueHeading>0.000000</trueHeading>
<magneticHeading>0.000000</magneticHeading>
<gpsHeading>309.779297</gpsHeading>
<haccuracy>4.805000</haccuracy>
<vaccuracy>4.805000</vaccuracy>
<internetconnect>2</internetconnect>
</trkpt>
<trkpt lat="35.814468" lon="139.093489">
<ele>359.000000</ele>
<time>2026-09-22T02:06:59Z</time>
<speed>1.525102</speed>
<trueHeading>0.000000</trueHeading>
<magneticHeading>0.000000</magneticHeading>
<gpsHeading>257.627106</gpsHeading>
<haccuracy>5.542000</haccuracy>
<vaccuracy>5.542000</vaccuracy>
<internetconnect>2</internetconnect>
</trkpt>
<trkpt lat="35.814902" lon="139.093229">
<ele>351.666667</ele>
<time>2026-09-22T02:07:46Z</time>
<speed>1.315320</speed>
<trueHeading>0.000000</trueHeading>
<magneticHeading>0.000000</magneticHeading>
<gpsHeading>334.044434</gpsHeading>
<haccuracy>5.079000</haccuracy>
<vaccuracy>5.079000</vaccuracy>
<internetconnect>2</internetconnect>
</trkpt>
<trkpt lat="35.815303" lon="139.093733">
<ele>347.333333</ele>
<time>2026-09-22T02:08:34Z</time>
<speed>1.393658</speed>
<trueHeading>0.000000</trueHeading>
<magneticHeading>0.000000</magneticHeading>
<gpsHeading>45.521866</gpsHeading>
<haccuracy>5.843000</haccuracy>
<vaccuracy>5.843000</vaccuracy>
<internetconnect>2</internetconnect>
</trkpt>
<trkpt lat="35.815914" lon="139.093817">
<ele>355.666667</ele>
<time>2026-09-22T02:09:20Z</time>
<speed>1.499346</speed>
<trueHeading>0.000000</trueHeading>
<magneticHeading>0.000000</magneticHeading>
<gpsHeading>6.373909</gpsHeading>
<haccuracy>5.709000</haccuracy>
<vaccuracy>5.709000</vaccuracy>
<internetconnect>2</internetconnect>
</trkpt>
<trkpt lat="35.816546" lon="139.093940">
<ele>363.666667</ele>
<time>2026-09-22T02:10:07Z</time>
<speed>1.457065</speed>
<trueHeading>0.000000</trueHeading>
<magneticHeading>0.000000</magneticHeading>
<gpsHeading>8.985613</gpsHeading>
<haccuracy>5.550000</haccuracy>
<vaccuracy>5.550000</vaccuracy>
<internetconnect>2</internetconnect>
</trkpt>
<trkpt lat="35.816981" lon="139.093682">
<ele>371.666667</ele>
<time>2026-09-22T02:10:59Z</time>
<speed>0.092748</speed>
<trueHeading>0.000000</trueHeading>
<magneticHeading>0.000000</magneticHeading>
<gpsHeading>334.257690</gpsHeading>
<haccuracy>5.527000</haccuracy>
<vaccuracy>5.527000</vaccuracy>
<internetconnect>2</internetconnect>
</trkpt>
<trkpt lat="35.816828" lon="139.093137">
<ele>373.666667</ele>
<time>2026-09-22T02:11:47Z</time>
<speed>1.566736</speed>
<trueHeading>0.000000</trueHeading>
<magneticHeading>0.000000</magneticHeading>
<gpsHeading>250.895996</gpsHeading>
<haccuracy>3.810000</haccuracy>
<vaccuracy>3.810000</vaccuracy>
<internetconnect>2</internetconnect>
</trkpt>
<trkpt lat="35.816829" lon="139.092298">
<ele>368.666667</ele>
<time>2026-09-22T02:12:35Z</time>
<speed>1.539750</speed>
<trueHeading>0.000000</trueHeading>
<magneticHeading>0.000000</magneticHeading>
<gpsHeading>270.042114</gpsHeading>
<haccuracy>5.170000</haccuracy>
<vaccuracy>5.170000</vaccuracy>
<internetconnect>2</internetconnect>
</trkpt>
<trkpt lat="35.816477" lon="139.091722">
<ele>368.666667</ele>
<time>2026-09-22T02:13:22Z</time>
<speed>1.360050</speed>
<trueHeading>0.000000</trueHeading>
<magneticHeading>0.000000</magneticHeading>
<gpsHeading>233.009949</gpsHeading>
<haccuracy>5.924000</haccuracy>
<vaccuracy>5.924000</vaccuracy>
<internetconnect>2</internetconnect>
</trkpt>
<trkpt lat="35.816704" lon="139.091434">
<ele>365.000000</ele>
<time>2026-09-22T02:15:01Z</time>
<speed>1.450935</speed>
<trueHeading>0.000000</trueHeading>
<magneticHeading>0.000000</magneticHeading>
<gpsHeading>314.177521</gpsHeading>
<haccuracy>6.999000</haccuracy>
<vaccuracy>6.999000</vaccuracy>
<internetconnect>2</internetconnect>
</trkpt>
<trkpt lat="35.816422" lon="139.091569">
<ele>363.333333</ele>
<time>2026-09-22T02:15:47Z</time>
<speed>1.153842</speed>
<trueHeading>0.000000</trueHeading>
<magneticHeading>0.000000</magneticHeading>
<gpsHeading>158.725128</gpsHeading>
<haccuracy>5.220000</haccuracy>
<vaccuracy>5.220000</vaccuracy>
<internetconnect>2</internetconnect>
</trkpt>
<trkpt lat="35.816518" lon="139.092339">
<ele>359.333333</ele>
<time>2026-09-22T02:16:34Z</time>
<speed>0.604475</speed>
<trueHeading>0.000000</trueHeading>
<magneticHeading>0.000000</magneticHeading>
<gpsHeading>81.252487</gpsHeading>
<haccuracy>5.212000</haccuracy>
<vaccuracy>5.212000</vaccuracy>
<internetconnect>2</internetconnect>
</trkpt>
<trkpt lat="35.816593" lon="139.092449">
<ele>356.000000</ele>
<time>2026-09-22T02:18:44Z</time>
<speed>0.120086</speed>
<trueHeading>0.000000</trueHeading>
<magneticHeading>0.000000</magneticHeading>
<gpsHeading>49.747818</gpsHeading>
<haccuracy>3.001000</haccuracy>
<vaccuracy>3.001000</vaccuracy>
<internetconnect>2</internetconnect>
</trkpt>
<trkpt lat="35.816529" lon="139.092819">
<ele>352.666667</ele>
<time>2026-09-22T02:20:06Z</time>
<speed>0.871707</speed>
<trueHeading>0.000000</trueHeading>
<magneticHeading>0.000000</magneticHeading>
<gpsHeading>101.888474</gpsHeading>
<haccuracy>4.718000</haccuracy>
<vaccuracy>4.718000</vaccuracy>
<internetconnect>2</internetconnect>
</trkpt>
<trkpt lat="35.816312" lon="139.092553">
<ele>352.333333</ele>
<time>2026-09-22T02:22:07Z</time>
<speed>1.172514</speed>
<trueHeading>0.000000</trueHeading>
<magneticHeading>0.000000</magneticHeading>
<gpsHeading>224.801254</gpsHeading>
<haccuracy>3.886000</haccuracy>
<vaccuracy>3.886000</vaccuracy>
<internetconnect>2</internetconnect>
</trkpt>
<trkpt lat="35.816405" lon="139.091916">
<ele>355.666667</ele>
<time>2026-09-22T02:22:56Z</time>
<speed>1.492916</speed>
<trueHeading>0.000000</trueHeading>
<magneticHeading>0.000000</magneticHeading>
<gpsHeading>280.196991</gpsHeading>
<haccuracy>5.286000</haccuracy>
<vaccuracy>5.286000</vaccuracy>
<internetconnect>2</internetconnect>
</trkpt>
<trkpt lat="35.816496" lon="139.091204">
<ele>365.000000</ele>
<time>2026-09-22T02:23:43Z</time>
<speed>1.419536</speed>
<trueHeading>0.000000</trueHeading>
<magneticHeading>0.000000</magneticHeading>
<gpsHeading>278.940063</gpsHeading>
<haccuracy>6.122000</haccuracy>
<vaccuracy>6.122000</vaccuracy>
<internetconnect>2</internetconnect>
</trkpt>
<trkpt lat="35.816692" lon="139.091762">
<ele>372.666667</ele>
<time>2026-09-22T02:24:30Z</time>
<speed>1.509298</speed>
<trueHeading>0.000000</trueHeading>
<magneticHeading>0.000000</magneticHeading>
<gpsHeading>66.553566</gpsHeading>
<haccuracy>5.455000</haccuracy>
<vaccuracy>5.455000</vaccuracy>
<internetconnect>2</internetconnect>
</trkpt>
<trkpt lat="35.816961" lon="139.092547">
<ele>385.333333</ele>
<time>2026-09-22T02:25:17Z</time>
<speed>1.380807</speed>
<trueHeading>0.000000</trueHeading>
<magneticHeading>0.000000</magneticHeading>
<gpsHeading>67.112465</gpsHeading>
<haccuracy>3.036000</haccuracy>
<vaccuracy>3.036000</vaccuracy>
<internetconnect>2</internetconnect>
</trkpt>
<trkpt lat="35.817235" lon="139.092621">
<ele>393.333333</ele>
<time>2026-09-22T02:26:06Z</time>
<speed>0.627053</speed>
<trueHeading>0.000000</trueHeading>
<magneticHeading>0.000000</magneticHeading>
<gpsHeading>12.239406</gpsHeading>
<haccuracy>6.442000</haccuracy>
<vaccuracy>6.442000</vaccuracy>
<internetconnect>2</internetconnect>
</trkpt>
<trkpt lat="35.817147" lon="139.092286">
<ele>399.666667</ele>
<time>2026-09-22T02:26:55Z</time>
<speed>0.792731</speed>
<trueHeading>0.000000</trueHeading>
<magneticHeading>0.000000</magneticHeading>
<gpsHeading>252.031219</gpsHeading>
<haccuracy>4.067000</haccuracy>
<vaccuracy>4.067000</vaccuracy>
<internetconnect>2</internetconnect>
</trkpt>
<trkpt lat="35.817240" lon="139.092520">
<ele>404.000000</ele>
<time>2026-09-22T02:28:59Z</time>
<speed>0.723293</speed>
<trueHeading>0.000000</trueHeading>
<magneticHeading>0.000000</magneticHeading>
<gpsHeading>63.879730</gpsHeading>
<haccuracy>4.508000</haccuracy>
<vaccuracy>4.508000</vaccuracy>
<internetconnect>2</internetconnect>
</trkpt>
<trkpt lat="35.817390" lon="139.092823">
<ele>406.333333</ele>
<time>2026-09-22T02:29:53Z</time>
<speed>1.248263</speed>
<trueHeading>0.000000</trueHeading>
<magneticHeading>0.000000</magneticHeading>
<gpsHeading>58.553120</gpsHeading>
<haccuracy>4.937000</haccuracy>
<vaccuracy>4.937000</vaccuracy>
<internetconnect>2</internetconnect>
</trkpt>
<trkpt lat="35.817321" lon="139.093189">
<ele>410.333333</ele>
<time>2026-09-22T02:30:47Z</time>
<speed>0.972312</speed>
<trueHeading>0.000000</trueHeading>
<magneticHeading>0.000000</magneticHeading>
<gpsHeading>103.184235</gpsHeading>
<haccuracy>5.316000</haccuracy>
<vaccuracy>5.316000</vaccuracy>
<internetconnect>2</internetconnect>
</trkpt>
<trkpt lat="35.817320" lon="139.093661">
<ele>411.000000</ele>
<time>2026-09-22T02:31:36Z</time>
<speed>0.606661</speed>
<trueHeading>0.000000</trueHeading>
<magneticHeading>0.000000</magneticHeading>
<gpsHeading>90.119835</gpsHeading>
<haccuracy>5.168000</haccuracy>
<vaccuracy>5.168000</vaccuracy>
<internetconnect>2</internetconnect>
</trkpt>
<trkpt lat="35.817333" lon="139.093295">
<ele>421.000000</ele>
<time>2026-09-22T02:32:57Z</time>
<speed>0.907528</speed>
<trueHeading>0.000000</trueHeading>
<magneticHeading>0.000000</magneticHeading>
<gpsHeading>272.449646</gpsHeading>
<haccuracy>4.587000</haccuracy>
<vaccuracy>4.587000</vaccuracy>
<internetconnect>2</internetconnect>
</trkpt>
<trkpt lat="35.817549" lon="139.093013">
<ele>426.000000</ele>
<time>2026-09-22T02:33:44Z</time>
<speed>1.105437</speed>
<trueHeading>0.000000</trueHeading>
<magneticHeading>0.000000</magneticHeading>
<gpsHeading>313.480774</gpsHeading>
<haccuracy>4.661000</haccuracy>
<vaccuracy>4.661000</vaccuracy>
<internetconnect>2</internetconnect>
</trkpt>
<trkpt lat="35.817470" lon="139.092676">
<ele>438.666667</ele>
<time>2026-09-22T02:34:40Z</time>
<speed>1.086943</speed>
<trueHeading>0.000000</trueHeading>
<magneticHeading>0.000000</magneticHeading>
<gpsHeading>253.851883</gpsHeading>
<haccuracy>5.490000</haccuracy>
<vaccuracy>5.490000</vaccuracy>
<internetconnect>2</internetconnect>
</trkpt>
<trkpt lat="35.817757" lon="139.092696">
<ele>447.666667</ele>
<time>2026-09-22T02:35:45Z</time>
<speed>0.780851</speed>
<trueHeading>0.000000</trueHeading>
<magneticHeading>0.000000</magneticHeading>
<gpsHeading>3.234207</gpsHeading>
<haccuracy>5.056000</haccuracy>
<vaccuracy>5.056000</vaccuracy>
<internetconnect>2</internetconnect>
</trkpt>
<trkpt lat="35.817961" lon="139.092816">
<ele>463.333333</ele>
<time>2026-09-22T02:37:50Z</time>
<speed>0.228972</speed>
<trueHeading>0.000000</trueHeading>
<magneticHeading>0.000000</magneticHeading>
<gpsHeading>25.470007</gpsHeading>
<haccuracy>4.440000</haccuracy>
<vaccuracy>4.440000</vaccuracy>
<internetconnect>2</internetconnect>
</trkpt>
<trkpt lat="35.818416" lon="139.092881">
<ele>467.666667</ele>
<time>2026-09-22T02:38:39Z</time>
<speed>1.341271</speed>
<trueHeading>0.000000</trueHeading>
<magneticHeading>0.000000</magneticHeading>
<gpsHeading>6.672384</gpsHeading>
<haccuracy>5.386000</haccuracy>
<vaccuracy>5.386000</vaccuracy>
<internetconnect>2</internetconnect>
</trkpt>
<trkpt lat="35.818942" lon="139.093104">
<ele>471.000000</ele>
<time>2026-09-22T02:39:27Z</time>
<speed>1.436883</speed>
<trueHeading>0.000000</trueHeading>
<magneticHeading>0.000000</magneticHeading>
<gpsHeading>18.988354</gpsHeading>
<haccuracy>6.680000</haccuracy>
<vaccuracy>6.680000</vaccuracy>
<internetconnect>2</internetconnect>
</trkpt>
<trkpt lat="35.819349" lon="139.093497">
<ele>479.000000</ele>
<time>2026-09-22T02:40:15Z</time>
<speed>1.502167</speed>
<trueHeading>0.000000</trueHeading>
<magneticHeading>0.000000</magneticHeading>
<gpsHeading>38.011543</gpsHeading>
<haccuracy>5.247000</haccuracy>
<vaccuracy>5.247000</vaccuracy>
<internetconnect>2</internetconnect>
</trkpt>
<trkpt lat="35.819518" lon="139.093869">
<ele>489.666667</ele>
<time>2026-09-22T02:41:02Z</time>
<speed>1.446773</speed>
<trueHeading>0.000000</trueHeading>
<magneticHeading>0.000000</magneticHeading>
<gpsHeading>60.789478</gpsHeading>
<haccuracy>4.660000</haccuracy>
<vaccuracy>4.660000</vaccuracy>
<internetconnect>2</internetconnect>
</trkpt>
<trkpt lat="35.820018" lon="139.094164">
<ele>496.333333</ele>
<time>2026-09-22T02:41:50Z</time>
<speed>1.418074</speed>
<trueHeading>0.000000</trueHeading>
<magneticHeading>0.000000</magneticHeading>
<gpsHeading>25.595367</gpsHeading>
<haccuracy>5.242000</haccuracy>
<vaccuracy>5.242000</vaccuracy>
<internetconnect>2</internetconnect>
</trkpt>
<trkpt lat="35.820404" lon="139.094418">
<ele>500.000000</ele>
<time>2026-09-22T02:42:38Z</time>
<speed>0.502598</speed>
<trueHeading>0.000000</trueHeading>
<magneticHeading>0.000000</magneticHeading>
<gpsHeading>27.993107</gpsHeading>
<haccuracy>3.640000</haccuracy>
<vaccuracy>3.640000</vaccuracy>
<internetconnect>2</internetconnect>
</trkpt>
<trkpt lat="35.820827" lon="139.094558">
<ele>507.333333</ele>
<time>2026-09-22T02:43:25Z</time>
<speed>0.301547</speed>
<trueHeading>0.000000</trueHeading>
<magneticHeading>0.000000</magneticHeading>
<gpsHeading>15.032605</gpsHeading>
<haccuracy>4.548000</haccuracy>
<vaccuracy>4.548000</vaccuracy>
<internetconnect>2</internetconnect>
</trkpt>
<trkpt lat="35.821460" lon="139.094365">
<ele>519.000000</ele>
<time>2026-09-22T02:44:12Z</time>
<speed>1.439840</speed>
<trueHeading>0.000000</trueHeading>
<magneticHeading>0.000000</magneticHeading>
<gpsHeading>346.082153</gpsHeading>
<haccuracy>5.163000</haccuracy>
<vaccuracy>5.163000</vaccuracy>
<internetconnect>2</internetconnect>
</trkpt>
<trkpt lat="35.821966" lon="139.094045">
<ele>524.000000</ele>
<time>2026-09-22T02:45:01Z</time>
<speed>1.490091</speed>
<trueHeading>0.000000</trueHeading>
<magneticHeading>0.000000</magneticHeading>
<gpsHeading>332.835449</gpsHeading>
<haccuracy>5.724000</haccuracy>
<vaccuracy>5.724000</vaccuracy>
<internetconnect>2</internetconnect>
</trkpt>
<trkpt lat="35.822028" lon="139.093696">
<ele>527.666667</ele>
<time>2026-09-22T02:46:07Z</time>
<speed>0.510646</speed>
<trueHeading>0.000000</trueHeading>
<magneticHeading>0.000000</magneticHeading>
<gpsHeading>282.335175</gpsHeading>
<haccuracy>5.313000</haccuracy>
<vaccuracy>5.313000</vaccuracy>
<internetconnect>2</internetconnect>
</trkpt>
<trkpt lat="35.821694" lon="139.093640">
<ele>526.333333</ele>
<time>2026-09-22T02:46:55Z</time>
<speed>1.126499</speed>
<trueHeading>0.000000</trueHeading>
<magneticHeading>0.000000</magneticHeading>
<gpsHeading>187.680344</gpsHeading>
<haccuracy>3.000000</haccuracy>
<vaccuracy>3.000000</vaccuracy>
<internetconnect>2</internetconnect>
</trkpt>
<trkpt lat="35.821309" lon="139.093716">
<ele>526.666667</ele>
<time>2026-09-22T02:47:42Z</time>
<speed>1.468846</speed>
<trueHeading>0.000000</trueHeading>
<magneticHeading>0.000000</magneticHeading>
<gpsHeading>170.906067</gpsHeading>
<haccuracy>4.814000</haccuracy>
<vaccuracy>4.814000</vaccuracy>
<internetconnect>2</internetconnect>
</trkpt>
<trkpt lat="35.821138" lon="139.093454">
<ele>524.333333</ele>
<time>2026-09-22T02:49:44Z</time>
<speed>0.432003</speed>
<trueHeading>0.000000</trueHeading>
<magneticHeading>0.000000</magneticHeading>
<gpsHeading>231.228317</gpsHeading>
<haccuracy>3.210000</haccuracy>
<vaccuracy>3.210000</vaccuracy>
<internetconnect>2</internetconnect>
</trkpt>
<trkpt lat="35.821074" lon="139.093099">
<ele>527.666667</ele>
<time>2026-09-22T02:50:49Z</time>
<speed>1.526535</speed>
<trueHeading>0.000000</trueHeading>
<magneticHeading>0.000000</magneticHeading>
<gpsHeading>257.466461</gpsHeading>
<haccuracy>3.001000</haccuracy>
<vaccuracy>3.001000</vaccuracy>
<internetconnect>2</internetconnect>
</trkpt>
<trkpt lat="35.820871" lon="139.092533">
<ele>531.333333</ele>
<time>2026-09-22T02:51:38Z</time>
<speed>0.079761</speed>
<trueHeading>0.000000</trueHeading>
<magneticHeading>0.000000</magneticHeading>
<gpsHeading>246.116608</gpsHeading>
<haccuracy>3.000000</haccuracy>
<vaccuracy>3.000000</vaccuracy>
<internetconnect>2</internetconnect>
</trkpt>
<trkpt lat="35.820910" lon="139.092546">
<ele>534.000000</ele>
<time>2026-09-22T02:53:41Z</time>
<speed>1.112698</speed>
<trueHeading>0.000000</trueHeading>
<magneticHeading>0.000000</magneticHeading>
<gpsHeading>14.752110</gpsHeading>
<haccuracy>3.015000</haccuracy>
<vaccuracy>3.015000</vaccuracy>
<internetconnect>2</internetconnect>
</trkpt>
<trkpt lat="35.821169" lon="139.092766">
<ele>534.333333</ele>
<time>2026-09-22T02:54:30Z</time>
<speed>0.126115</speed>
<trueHeading>0.000000</trueHeading>
<magneticHeading>0.000000</magneticHeading>
<gpsHeading>34.578484</gpsHeading>
<haccuracy>4.695000</haccuracy>
<vaccuracy>4.695000</vaccuracy>
<internetconnect>2</internetconnect>
</trkpt>
<trkpt lat="35.821245" lon="139.092580">
<ele>536.666667</ele>
<time>2026-09-22T02:57:08Z</time>
<speed>0.068825</speed>
<trueHeading>0.000000</trueHeading>
<magneticHeading>0.000000</magneticHeading>
<gpsHeading>296.652435</gpsHeading>
<haccuracy>4.689000</haccuracy>
<vaccuracy>4.689000</vaccuracy>
<internetconnect>2</internetconnect>
</trkpt>
<trkpt lat="35.821404" lon="139.092733">
<ele>543.666667</ele>
<time>2026-09-22T02:59:10Z</time>
<speed>0.240626</speed>
<trueHeading>0.000000</trueHeading>
<magneticHeading>0.000000</magneticHeading>
<gpsHeading>38.031799</gpsHeading>
<haccuracy>4.506000</haccuracy>
<vaccuracy>4.506000</vaccuracy>
<internetconnect>2</internetconnect>
</trkpt>
<trkpt lat="35.821412" lon="139.093091">
<ele>550.666667</ele>
<time>2026-09-22T03:00:03Z</time>
<speed>0.375593</speed>
<trueHeading>0.000000</trueHeading>
<magneticHeading>0.000000</magneticHeading>
<gpsHeading>88.404762</gpsHeading>
<haccuracy>3.011000</haccuracy>
<vaccuracy>3.011000</vaccuracy>
<internetconnect>2</internetconnect>
</trkpt>
<trkpt lat="35.821510" lon="139.093065">
<ele>554.333333</ele>
<time>2026-09-22T03:02:07Z</time>
<speed>0.319803</speed>
<trueHeading>0.000000</trueHeading>
<magneticHeading>0.000000</magneticHeading>
<gpsHeading>347.751038</gpsHeading>
<haccuracy>3.000000</haccuracy>
<vaccuracy>3.000000</vaccuracy>
<internetconnect>2</internetconnect>
</trkpt>
<trkpt lat="35.821576" lon="139.093187">
<ele>557.666667</ele>
<time>2026-09-22T03:04:08Z</time>
<speed>0.539447</speed>
<trueHeading>0.000000</trueHeading>
<magneticHeading>0.000000</magneticHeading>
<gpsHeading>56.351093</gpsHeading>
<haccuracy>3.000000</haccuracy>
<vaccuracy>3.000000</vaccuracy>
<internetconnect>2</internetconnect>
</trkpt>
<trkpt lat="35.821679" lon="139.093030">
<ele>567.666667</ele>
<time>2026-09-22T03:06:14Z</time>
<speed>0.110859</speed>
<trueHeading>0.000000</trueHeading>
<magneticHeading>0.000000</magneticHeading>
<gpsHeading>309.029816</gpsHeading>
<haccuracy>3.000000</haccuracy>
<vaccuracy>3.000000</vaccuracy>
<internetconnect>2</internetconnect>
</trkpt>
<trkpt lat="35.822082" lon="139.092793">
<ele>585.000000</ele>
<time>2026-09-22T03:07:02Z</time>
<speed>1.071939</speed>
<trueHeading>0.000000</trueHeading>
<magneticHeading>0.000000</magneticHeading>
<gpsHeading>334.416473</gpsHeading>
<haccuracy>5.247000</haccuracy>
<vaccuracy>5.247000</vaccuracy>
<internetconnect>2</internetconnect>
</trkpt>
<trkpt lat="35.822306" lon="139.092585">
<ele>603.000000</ele>
<time>2026-09-22T03:08:14Z</time>
<speed>0.761398</speed>
<trueHeading>0.000000</trueHeading>
<magneticHeading>0.000000</magneticHeading>
<gpsHeading>322.997650</gpsHeading>
<haccuracy>4.833000</haccuracy>
<vaccuracy>4.833000</vaccuracy>
<internetconnect>2</internetconnect>
</trkpt>
<trkpt lat="35.822646" lon="139.092481">
<ele>613.000000</ele>
<time>2026-09-22T03:09:01Z</time>
<speed>1.050434</speed>
<trueHeading>0.000000</trueHeading>
<magneticHeading>0.000000</magneticHeading>
<gpsHeading>346.147827</gpsHeading>
<haccuracy>5.729000</haccuracy>
<vaccuracy>5.729000</vaccuracy>
<internetconnect>2</internetconnect>
</trkpt>
<trkpt lat="35.822930" lon="139.092453">
<ele>621.333333</ele>
<time>2026-09-22T03:09:49Z</time>
<speed>1.145069</speed>
<trueHeading>0.000000</trueHeading>
<magneticHeading>0.000000</magneticHeading>
<gpsHeading>355.327148</gpsHeading>
<haccuracy>5.143000</haccuracy>
<vaccuracy>5.143000</vaccuracy>
<internetconnect>2</internetconnect>
</trkpt>
<trkpt lat="35.823083" lon="139.092128">
<ele>627.000000</ele>
<time>2026-09-22T03:10:38Z</time>
<speed>0.873909</speed>
<trueHeading>0.000000</trueHeading>
<magneticHeading>0.000000</magneticHeading>
<gpsHeading>300.121368</gpsHeading>
<haccuracy>3.778000</haccuracy>
<vaccuracy>3.778000</vaccuracy>
<internetconnect>2</internetconnect>
</trkpt>
<trkpt lat="35.823183" lon="139.092134">
<ele>633.000000</ele>
<time>2026-09-22T03:12:50Z</time>
<speed>0.137814</speed>
<trueHeading>0.000000</trueHeading>
<magneticHeading>0.000000</magneticHeading>
<gpsHeading>2.964665</gpsHeading>
<haccuracy>4.303000</haccuracy>
<vaccuracy>4.303000</vaccuracy>
<internetconnect>2</internetconnect>
</trkpt>
<trkpt lat="35.823215" lon="139.092185">
<ele>634.333333</ele>
<time>2026-09-22T03:15:11Z</time>
<speed>0.175673</speed>
<trueHeading>0.000000</trueHeading>
<magneticHeading>0.000000</magneticHeading>
<gpsHeading>52.015419</gpsHeading>
<haccuracy>3.394000</haccuracy>
<vaccuracy>3.394000</vaccuracy>
<internetconnect>2</internetconnect>
</trkpt>
<trkpt lat="35.823240" lon="139.092188">
<ele>635.000000</ele>
<time>2026-09-22T03:17:53Z</time>
<speed>0.283749</speed>
<trueHeading>0.000000</trueHeading>
<magneticHeading>0.000000</magneticHeading>
<gpsHeading>5.416274</gpsHeading>
<haccuracy>6.030000</haccuracy>
<vaccuracy>6.030000</vaccuracy>
<internetconnect>2</internetconnect>
</trkpt>
<trkpt lat="35.823235" lon="139.092178">
<ele>635.666667</ele>
<time>2026-09-22T03:20:42Z</time>
<speed>0.588230</speed>
<trueHeading>0.000000</trueHeading>
<magneticHeading>0.000000</magneticHeading>
<gpsHeading>238.076599</gpsHeading>
<haccuracy>6.180000</haccuracy>
<vaccuracy>6.180000</vaccuracy>
<internetconnect>2</internetconnect>
</trkpt>
<trkpt lat="35.823258" lon="139.092192">
<ele>633.666667</ele>
<time>2026-09-22T03:22:54Z</time>
<speed>0.102451</speed>
<trueHeading>0.000000</trueHeading>
<magneticHeading>0.000000</magneticHeading>
<gpsHeading>26.041073</gpsHeading>
<haccuracy>4.144000</haccuracy>
<vaccuracy>4.144000</vaccuracy>
<internetconnect>2</internetconnect>
</trkpt>
<trkpt lat="35.822973" lon="139.092114">
<ele>629.666667</ele>
<time>2026-09-22T03:24:15Z</time>
<speed>1.300000</speed>
<trueHeading>0.000000</trueHeading>
<magneticHeading>0.000000</magneticHeading>
<gpsHeading>192.547134</gpsHeading>
<haccuracy>9.959000</haccuracy>
<vaccuracy>9.959000</vaccuracy>
<internetconnect>2</internetconnect>
</trkpt>
<trkpt lat="35.822556" lon="139.092081">
<ele>625.333333</ele>
<time>2026-09-22T03:25:03Z</time>
<speed>0.868350</speed>
<trueHeading>0.000000</trueHeading>
<magneticHeading>0.000000</magneticHeading>
<gpsHeading>183.660339</gpsHeading>
<haccuracy>5.046000</haccuracy>
<vaccuracy>5.046000</vaccuracy>
<internetconnect>2</internetconnect>
</trkpt>
<trkpt lat="35.822826" lon="139.092077">
<ele>626.333333</ele>
<time>2026-09-22T03:27:08Z</time>
<speed>0.256292</speed>
<trueHeading>0.000000</trueHeading>
<magneticHeading>0.000000</magneticHeading>
<gpsHeading>359.328491</gpsHeading>
<haccuracy>3.901000</haccuracy>
<vaccuracy>3.901000</vaccuracy>
<internetconnect>2</internetconnect>
</trkpt>
<trkpt lat="35.823134" lon="139.092129">
<ele>629.666667</ele>
<time>2026-09-22T03:28:36Z</time>
<speed>0.586297</speed>
<trueHeading>0.000000</trueHeading>
<magneticHeading>0.000000</magneticHeading>
<gpsHeading>7.841881</gpsHeading>
<haccuracy>3.077000</haccuracy>
<vaccuracy>3.077000</vaccuracy>
<internetconnect>2</internetconnect>
</trkpt>
<trkpt lat="35.823627" lon="139.091856">
<ele>636.000000</ele>
<time>2026-09-22T03:29:23Z</time>
<speed>1.296078</speed>
<trueHeading>0.000000</trueHeading>
<magneticHeading>0.000000</magneticHeading>
<gpsHeading>335.837463</gpsHeading>
<haccuracy>3.045000</haccuracy>
<vaccuracy>3.045000</vaccuracy>
<internetconnect>2</internetconnect>
</trkpt>
<trkpt lat="35.824122" lon="139.091691">
<ele>636.000000</ele>
<time>2026-09-22T03:30:10Z</time>
<speed>1.154162</speed>
<trueHeading>0.000000</trueHeading>
<magneticHeading>0.000000</magneticHeading>
<gpsHeading>344.817505</gpsHeading>
<haccuracy>5.744000</haccuracy>
<vaccuracy>5.744000</vaccuracy>
<internetconnect>2</internetconnect>
</trkpt>
<trkpt lat="35.824391" lon="139.091085">
<ele>640.333333</ele>
<time>2026-09-22T03:30:58Z</time>
<speed>1.345150</speed>
<trueHeading>0.000000</trueHeading>
<magneticHeading>0.000000</magneticHeading>
<gpsHeading>298.704193</gpsHeading>
<haccuracy>5.009000</haccuracy>
<vaccuracy>5.009000</vaccuracy>
<internetconnect>2</internetconnect>
</trkpt>
<trkpt lat="35.824655" lon="139.090846">
<ele>643.000000</ele>
<time>2026-09-22T03:32:03Z</time>
<speed>1.158991</speed>
<trueHeading>0.000000</trueHeading>
<magneticHeading>0.000000</magneticHeading>
<gpsHeading>323.801392</gpsHeading>
<haccuracy>3.408000</haccuracy>
<vaccuracy>3.408000</vaccuracy>
<internetconnect>2</internetconnect>
</trkpt>
<trkpt lat="35.824683" lon="139.090458">
<ele>651.666667</ele>
<time>2026-09-22T03:32:52Z</time>
<speed>1.075687</speed>
<trueHeading>0.000000</trueHeading>
<magneticHeading>0.000000</magneticHeading>
<gpsHeading>274.993195</gpsHeading>
<haccuracy>6.968000</haccuracy>
<vaccuracy>6.968000</vaccuracy>
<internetconnect>2</internetconnect>
</trkpt>
<trkpt lat="35.824679" lon="139.090089">
<ele>658.333333</ele>
<time>2026-09-22T03:34:38Z</time>
<speed>0.000000</speed>
<trueHeading>0.000000</trueHeading>
<magneticHeading>0.000000</magneticHeading>
<gpsHeading>269.234039</gpsHeading>
<haccuracy>4.424000</haccuracy>
<vaccuracy>4.424000</vaccuracy>
<internetconnect>2</internetconnect>
</trkpt>
<trkpt lat="35.824314" lon="139.089656">
<ele>666.000000</ele>
<time>2026-09-22T03:35:25Z</time>
<speed>1.211816</speed>
<trueHeading>0.000000</trueHeading>
<magneticHeading>0.000000</magneticHeading>
<gpsHeading>223.873322</gpsHeading>
<haccuracy>5.607000</haccuracy>
<vaccuracy>5.607000</vaccuracy>
<internetconnect>2</internetconnect>
</trkpt>
<trkpt lat="35.824387" lon="139.089246">
<ele>672.666667</ele>
<time>2026-09-22T03:36:12Z</time>
<speed>1.012255</speed>
<trueHeading>0.000000</trueHeading>
<magneticHeading>0.000000</magneticHeading>
<gpsHeading>282.469025</gpsHeading>
<haccuracy>5.116000</haccuracy>
<vaccuracy>5.116000</vaccuracy>
<internetconnect>2</internetconnect>
</trkpt>
<trkpt lat="35.824525" lon="139.089162">
<ele>679.666667</ele>
<time>2026-09-22T03:38:15Z</time>
<speed>1.115681</speed>
<trueHeading>0.000000</trueHeading>
<magneticHeading>0.000000</magneticHeading>
<gpsHeading>333.632660</gpsHeading>
<haccuracy>4.527000</haccuracy>
<vaccuracy>4.527000</vaccuracy>
<internetconnect>2</internetconnect>
</trkpt>
<trkpt lat="35.825108" lon="139.089047">
<ele>683.000000</ele>
<time>2026-09-22T03:39:02Z</time>
<speed>1.310844</speed>
<trueHeading>0.000000</trueHeading>
<magneticHeading>0.000000</magneticHeading>
<gpsHeading>350.922424</gpsHeading>
<haccuracy>5.643000</haccuracy>
<vaccuracy>5.643000</vaccuracy>
<internetconnect>2</internetconnect>
</trkpt>
<trkpt lat="35.825701" lon="139.089067">
<ele>685.000000</ele>
<time>2026-09-22T03:39:50Z</time>
<speed>1.356992</speed>
<trueHeading>0.000000</trueHeading>
<magneticHeading>0.000000</magneticHeading>
<gpsHeading>1.607177</gpsHeading>
<haccuracy>5.159000</haccuracy>
<vaccuracy>5.159000</vaccuracy>
<internetconnect>2</internetconnect>
</trkpt>
<trkpt lat="35.825987" lon="139.088939">
<ele>676.333333</ele>
<time>2026-09-22T03:40:37Z</time>
<speed>1.247804</speed>
<trueHeading>0.000000</trueHeading>
<magneticHeading>0.000000</magneticHeading>
<gpsHeading>340.058807</gpsHeading>
<haccuracy>5.671000</haccuracy>
<vaccuracy>5.671000</vaccuracy>
<internetconnect>2</internetconnect>
</trkpt>
<trkpt lat="35.826303" lon="139.088740">
<ele>678.000000</ele>
<time>2026-09-22T03:41:28Z</time>
<speed>1.250166</speed>
<trueHeading>0.000000</trueHeading>
<magneticHeading>0.000000</magneticHeading>
<gpsHeading>332.924927</gpsHeading>
<haccuracy>5.821000</haccuracy>
<vaccuracy>5.821000</vaccuracy>
<internetconnect>2</internetconnect>
</trkpt>
<trkpt lat="35.826470" lon="139.089062">
<ele>686.000000</ele>
<time>2026-09-22T03:42:19Z</time>
<speed>0.400310</speed>
<trueHeading>0.000000</trueHeading>
<magneticHeading>0.000000</magneticHeading>
<gpsHeading>57.299278</gpsHeading>
<haccuracy>7.935000</haccuracy>
<vaccuracy>7.935000</vaccuracy>
<internetconnect>2</internetconnect>
</trkpt>
<trkpt lat="35.826739" lon="139.088891">
<ele>699.333333</ele>
<time>2026-09-22T03:43:51Z</time>
<speed>0.966625</speed>
<trueHeading>0.000000</trueHeading>
<magneticHeading>0.000000</magneticHeading>
<gpsHeading>332.812592</gpsHeading>
<haccuracy>4.857000</haccuracy>
<vaccuracy>4.857000</vaccuracy>
<internetconnect>2</internetconnect>
</trkpt>
<trkpt lat="35.826878" lon="139.088621">
<ele>695.000000</ele>
<time>2026-09-22T03:46:10Z</time>
<speed>0.254164</speed>
<trueHeading>0.000000</trueHeading>
<magneticHeading>0.000000</magneticHeading>
<gpsHeading>302.487640</gpsHeading>
<haccuracy>3.000000</haccuracy>
<vaccuracy>3.000000</vaccuracy>
<internetconnect>2</internetconnect>
</trkpt>
<trkpt lat="35.827386" lon="139.088432">
<ele>681.666667</ele>
<time>2026-09-22T03:46:58Z</time>
<speed>1.169699</speed>
<trueHeading>0.000000</trueHeading>
<magneticHeading>0.000000</magneticHeading>
<gpsHeading>343.178375</gpsHeading>
<haccuracy>6.056000</haccuracy>
<vaccuracy>6.056000</vaccuracy>
<internetconnect>2</internetconnect>
</trkpt>
<trkpt lat="35.827695" lon="139.088228">
<ele>676.000000</ele>
<time>2026-09-22T03:47:46Z</time>
<speed>1.099970</speed>
<trueHeading>0.000000</trueHeading>
<magneticHeading>0.000000</magneticHeading>
<gpsHeading>331.837494</gpsHeading>
<haccuracy>5.870000</haccuracy>
<vaccuracy>5.870000</vaccuracy>
<internetconnect>2</internetconnect>
</trkpt>
<trkpt lat="35.828044" lon="139.088480">
<ele>677.333333</ele>
<time>2026-09-22T03:48:34Z</time>
<speed>0.300350</speed>
<trueHeading>0.000000</trueHeading>
<magneticHeading>0.000000</magneticHeading>
<gpsHeading>30.306475</gpsHeading>
<haccuracy>4.586000</haccuracy>
<vaccuracy>4.586000</vaccuracy>
<internetconnect>2</internetconnect>
</trkpt>
<trkpt lat="35.828237" lon="139.088457">
<ele>681.666667</ele>
<time>2026-09-22T03:50:44Z</time>
<speed>0.093929</speed>
<trueHeading>0.000000</trueHeading>
<magneticHeading>0.000000</magneticHeading>
<gpsHeading>354.613159</gpsHeading>
<haccuracy>3.001000</haccuracy>
<vaccuracy>3.001000</vaccuracy>
<internetconnect>2</internetconnect>
</trkpt>
<trkpt lat="35.828317" lon="139.088407">
<ele>683.666667</ele>
<time>2026-09-22T03:52:59Z</time>
<speed>0.181818</speed>
<trueHeading>0.000000</trueHeading>
<magneticHeading>0.000000</magneticHeading>
<gpsHeading>333.029358</gpsHeading>
<haccuracy>5.769000</haccuracy>
<vaccuracy>5.769000</vaccuracy>
<internetconnect>2</internetconnect>
</trkpt>
<trkpt lat="35.828399" lon="139.087990">
<ele>685.666667</ele>
<time>2026-09-22T03:53:49Z</time>
<speed>0.143471</speed>
<trueHeading>0.000000</trueHeading>
<magneticHeading>0.000000</magneticHeading>
<gpsHeading>283.687408</gpsHeading>
<haccuracy>5.158000</haccuracy>
<vaccuracy>5.158000</vaccuracy>
<internetconnect>2</internetconnect>
</trkpt>
<trkpt lat="35.828363" lon="139.088346">
<ele>689.333333</ele>
<time>2026-09-22T03:55:05Z</time>
<speed>0.177919</speed>
<trueHeading>0.000000</trueHeading>
<magneticHeading>0.000000</magneticHeading>
<gpsHeading>97.087975</gpsHeading>
<haccuracy>3.881000</haccuracy>
<vaccuracy>3.881000</vaccuracy>
<internetconnect>2</internetconnect>
</trkpt>
<trkpt lat="35.828400" lon="139.088358">
<ele>686.333333</ele>
<time>2026-09-22T03:57:22Z</time>
<speed>0.148881</speed>
<trueHeading>0.000000</trueHeading>
<magneticHeading>0.000000</magneticHeading>
<gpsHeading>14.615127</gpsHeading>
<haccuracy>3.000000</haccuracy>
<vaccuracy>3.000000</vaccuracy>
<internetconnect>2</internetconnect>
</trkpt>
<trkpt lat="35.828258" lon="139.087984">
<ele>687.333333</ele>
<time>2026-09-22T03:58:51Z</time>
<speed>1.080000</speed>
<trueHeading>0.000000</trueHeading>
<magneticHeading>0.000000</magneticHeading>
<gpsHeading>244.875702</gpsHeading>
<haccuracy>10.474000</haccuracy>
<vaccuracy>10.474000</vaccuracy>
<internetconnect>2</internetconnect>
</trkpt>
<trkpt lat="35.828306" lon="139.087580">
<ele>684.000000</ele>
<time>2026-09-22T04:00:17Z</time>
<speed>3.234358</speed>
<trueHeading>0.000000</trueHeading>
<magneticHeading>0.000000</magneticHeading>
<gpsHeading>278.304626</gpsHeading>
<haccuracy>20.101000</haccuracy>
<vaccuracy>20.101000</vaccuracy>
<internetconnect>2</internetconnect>
</trkpt>
<trkpt lat="35.827995" lon="139.087588">
<ele>684.000000</ele>
<time>2026-09-22T04:01:52Z</time>
<speed>1.033239</speed>
<trueHeading>0.000000</trueHeading>
<magneticHeading>0.000000</magneticHeading>
<gpsHeading>178.773376</gpsHeading>
<haccuracy>3.227000</haccuracy>
<vaccuracy>3.227000</vaccuracy>
<internetconnect>2</internetconnect>
</trkpt>
<trkpt lat="35.827711" lon="139.087185">
<ele>695.666667</ele>
<time>2026-09-22T04:02:40Z</time>
<speed>1.285297</speed>
<trueHeading>0.000000</trueHeading>
<magneticHeading>0.000000</magneticHeading>
<gpsHeading>229.003433</gpsHeading>
<haccuracy>5.616000</haccuracy>
<vaccuracy>5.616000</vaccuracy>
<internetconnect>2</internetconnect>
</trkpt>
<trkpt lat="35.827866" lon="139.086632">
<ele>715.666667</ele>
<time>2026-09-22T04:03:28Z</time>
<speed>1.241972</speed>
<trueHeading>0.000000</trueHeading>
<magneticHeading>0.000000</magneticHeading>
<gpsHeading>289.065857</gpsHeading>
<haccuracy>5.531000</haccuracy>
<vaccuracy>5.531000</vaccuracy>
<internetconnect>2</internetconnect>
</trkpt>
<trkpt lat="35.827879" lon="139.086285">
<ele>733.666667</ele>
<time>2026-09-22T04:04:24Z</time>
<speed>1.120899</speed>
<trueHeading>0.000000</trueHeading>
<magneticHeading>0.000000</magneticHeading>
<gpsHeading>272.460571</gpsHeading>
<haccuracy>4.594000</haccuracy>
<vaccuracy>4.594000</vaccuracy>
<internetconnect>2</internetconnect>
</trkpt>
<trkpt lat="35.827730" lon="139.085993">
<ele>734.000000</ele>
<time>2026-09-22T04:05:41Z</time>
<speed>0.800266</speed>
<trueHeading>0.000000</trueHeading>
<magneticHeading>0.000000</magneticHeading>
<gpsHeading>237.823395</gpsHeading>
<haccuracy>4.318000</haccuracy>
<vaccuracy>4.318000</vaccuracy>
<internetconnect>2</internetconnect>
</trkpt>
<trkpt lat="35.827481" lon="139.085834">
<ele>728.666667</ele>
<time>2026-09-22T04:07:06Z</time>
<speed>0.095346</speed>
<trueHeading>0.000000</trueHeading>
<magneticHeading>0.000000</magneticHeading>
<gpsHeading>207.317032</gpsHeading>
<haccuracy>3.000000</haccuracy>
<vaccuracy>3.000000</vaccuracy>
<internetconnect>2</internetconnect>
</trkpt>
<trkpt lat="35.827206" lon="139.085487">
<ele>727.666667</ele>
<time>2026-09-22T04:07:53Z</time>
<speed>0.629960</speed>
<trueHeading>0.000000</trueHeading>
<magneticHeading>0.000000</magneticHeading>
<gpsHeading>225.667480</gpsHeading>
<haccuracy>3.971000</haccuracy>
<vaccuracy>3.971000</vaccuracy>
<internetconnect>2</internetconnect>
</trkpt>
<trkpt lat="35.827306" lon="139.085100">
<ele>723.333333</ele>
<time>2026-09-22T04:09:57Z</time>
<speed>1.312997</speed>
<trueHeading>0.000000</trueHeading>
<magneticHeading>0.000000</magneticHeading>
<gpsHeading>287.635406</gpsHeading>
<haccuracy>4.325000</haccuracy>
<vaccuracy>4.325000</vaccuracy>
<internetconnect>2</internetconnect>
</trkpt>
<trkpt lat="35.827606" lon="139.084575">
<ele>719.000000</ele>
<time>2026-09-22T04:10:45Z</time>
<speed>0.996641</speed>
<trueHeading>0.000000</trueHeading>
<magneticHeading>0.000000</magneticHeading>
<gpsHeading>305.187195</gpsHeading>
<haccuracy>5.464000</haccuracy>
<vaccuracy>5.464000</vaccuracy>
<internetconnect>2</internetconnect>
</trkpt>
<trkpt lat="35.827863" lon="139.084168">
<ele>710.333333</ele>
<time>2026-09-22T04:11:33Z</time>
<speed>0.861407</speed>
<trueHeading>0.000000</trueHeading>
<magneticHeading>0.000000</magneticHeading>
<gpsHeading>307.922882</gpsHeading>
<haccuracy>5.137000</haccuracy>
<vaccuracy>5.137000</vaccuracy>
<internetconnect>2</internetconnect>
</trkpt>
<trkpt lat="35.828072" lon="139.083796">
<ele>705.666667</ele>
<time>2026-09-22T04:12:21Z</time>
<speed>1.137604</speed>
<trueHeading>0.000000</trueHeading>
<magneticHeading>0.000000</magneticHeading>
<gpsHeading>304.809021</gpsHeading>
<haccuracy>4.637000</haccuracy>
<vaccuracy>4.637000</vaccuracy>
<internetconnect>2</internetconnect>
</trkpt>
<trkpt lat="35.828136" lon="139.083315">
<ele>699.666667</ele>
<time>2026-09-22T04:13:11Z</time>
<speed>0.515743</speed>
<trueHeading>0.000000</trueHeading>
<magneticHeading>0.000000</magneticHeading>
<gpsHeading>279.332092</gpsHeading>
<haccuracy>5.491000</haccuracy>
<vaccuracy>5.491000</vaccuracy>
<internetconnect>2</internetconnect>
</trkpt>
<trkpt lat="35.828143" lon="139.082880">
<ele>694.333333</ele>
<time>2026-09-22T04:13:58Z</time>
<speed>0.886659</speed>
<trueHeading>0.000000</trueHeading>
<magneticHeading>0.000000</magneticHeading>
<gpsHeading>271.088318</gpsHeading>
<haccuracy>5.066000</haccuracy>
<vaccuracy>5.066000</vaccuracy>
<internetconnect>2</internetconnect>
</trkpt>
<trkpt lat="35.828078" lon="139.082531">
<ele>696.333333</ele>
<time>2026-09-22T04:15:37Z</time>
<speed>0.170937</speed>
<trueHeading>0.000000</trueHeading>
<magneticHeading>0.000000</magneticHeading>
<gpsHeading>257.050751</gpsHeading>
<haccuracy>4.067000</haccuracy>
<vaccuracy>4.067000</vaccuracy>
<internetconnect>2</internetconnect>
</trkpt>
<trkpt lat="35.828149" lon="139.082176">
<ele>697.000000</ele>
<time>2026-09-22T04:16:35Z</time>
<speed>1.011365</speed>
<trueHeading>0.000000</trueHeading>
<magneticHeading>0.000000</magneticHeading>
<gpsHeading>283.932037</gpsHeading>
<haccuracy>4.970000</haccuracy>
<vaccuracy>4.970000</vaccuracy>
<internetconnect>2</internetconnect>
</trkpt>
<trkpt lat="35.827903" lon="139.081597">
<ele>704.666667</ele>
<time>2026-09-22T04:17:23Z</time>
<speed>1.187008</speed>
<trueHeading>0.000000</trueHeading>
<magneticHeading>0.000000</magneticHeading>
<gpsHeading>242.297562</gpsHeading>
<haccuracy>5.419000</haccuracy>
<vaccuracy>5.419000</vaccuracy>
<internetconnect>2</internetconnect>
</trkpt>
<trkpt lat="35.827925" lon="139.081098">
<ele>705.666667</ele>
<time>2026-09-22T04:18:10Z</time>
<speed>0.713587</speed>
<trueHeading>0.000000</trueHeading>
<magneticHeading>0.000000</magneticHeading>
<gpsHeading>273.210724</gpsHeading>
<haccuracy>4.834000</haccuracy>
<vaccuracy>4.834000</vaccuracy>
<internetconnect>2</internetconnect>
</trkpt>
<trkpt lat="35.827841" lon="139.080512">
<ele>709.000000</ele>
<time>2026-09-22T04:18:58Z</time>
<speed>0.723835</speed>
<trueHeading>0.000000</trueHeading>
<magneticHeading>0.000000</magneticHeading>
<gpsHeading>259.982147</gpsHeading>
<haccuracy>5.325000</haccuracy>
<vaccuracy>5.325000</vaccuracy>
<internetconnect>2</internetconnect>
</trkpt>
<trkpt lat="35.827892" lon="139.080512">
<ele>706.000000</ele>
<time>2026-09-22T04:21:01Z</time>
<speed>0.119964</speed>
<trueHeading>0.000000</trueHeading>
<magneticHeading>0.000000</magneticHeading>
<gpsHeading>359.815643</gpsHeading>
<haccuracy>3.468000</haccuracy>
<vaccuracy>3.468000</vaccuracy>
<internetconnect>2</internetconnect>
</trkpt>
<trkpt lat="35.827885" lon="139.080461">
<ele>706.666667</ele>
<time>2026-09-22T04:23:11Z</time>
<speed>0.014902</speed>
<trueHeading>0.000000</trueHeading>
<magneticHeading>0.000000</magneticHeading>
<gpsHeading>260.714905</gpsHeading>
<haccuracy>3.000000</haccuracy>
<vaccuracy>3.000000</vaccuracy>
<internetconnect>2</internetconnect>
</trkpt>
<trkpt lat="35.827876" lon="139.080554">
<ele>708.000000</ele>
<time>2026-09-22T04:25:48Z</time>
<speed>0.196938</speed>
<trueHeading>0.000000</trueHeading>
<magneticHeading>0.000000</magneticHeading>
<gpsHeading>97.068466</gpsHeading>
<haccuracy>6.601000</haccuracy>
<vaccuracy>6.601000</vaccuracy>
<internetconnect>2</internetconnect>
</trkpt>
<trkpt lat="35.827914" lon="139.080575">
<ele>709.666667</ele>
<time>2026-09-22T04:27:55Z</time>
<speed>0.154299</speed>
<trueHeading>0.000000</trueHeading>
<magneticHeading>0.000000</magneticHeading>
<gpsHeading>24.484432</gpsHeading>
<haccuracy>5.431000</haccuracy>
<vaccuracy>5.431000</vaccuracy>
<internetconnect>2</internetconnect>
</trkpt>
<trkpt lat="35.827866" lon="139.080574">
<ele>709.666667</ele>
<time>2026-09-22T04:30:09Z</time>
<speed>0.360514</speed>
<trueHeading>0.000000</trueHeading>
<magneticHeading>0.000000</magneticHeading>
<gpsHeading>181.648239</gpsHeading>
<haccuracy>4.996000</haccuracy>
<vaccuracy>4.996000</vaccuracy>
<internetconnect>2</internetconnect>
</trkpt>
<trkpt lat="35.827883" lon="139.080558">
<ele>708.333333</ele>
<time>2026-09-22T04:32:55Z</time>
<speed>0.198865</speed>
<trueHeading>0.000000</trueHeading>
<magneticHeading>0.000000</magneticHeading>
<gpsHeading>323.558289</gpsHeading>
<haccuracy>5.943000</haccuracy>
<vaccuracy>5.943000</vaccuracy>
<internetconnect>2</internetconnect>
</trkpt>
<trkpt lat="35.827888" lon="139.080547">
<ele>707.666667</ele>
<time>2026-09-22T04:35:09Z</time>
<speed>0.497905</speed>
<trueHeading>0.000000</trueHeading>
<magneticHeading>0.000000</magneticHeading>
<gpsHeading>299.539734</gpsHeading>
<haccuracy>6.828000</haccuracy>
<vaccuracy>6.828000</vaccuracy>
<internetconnect>2</internetconnect>
</trkpt>
<trkpt lat="35.827880" lon="139.080545">
<ele>708.333333</ele>
<time>2026-09-22T04:37:43Z</time>
<speed>0.491377</speed>
<trueHeading>0.000000</trueHeading>
<magneticHeading>0.000000</magneticHeading>
<gpsHeading>194.544662</gpsHeading>
<haccuracy>3.026000</haccuracy>
<vaccuracy>3.026000</vaccuracy>
<internetconnect>2</internetconnect>
</trkpt>
<trkpt lat="35.827929" lon="139.080558">
<ele>709.666667</ele>
<time>2026-09-22T04:40:07Z</time>
<speed>0.159353</speed>
<trueHeading>0.000000</trueHeading>
<magneticHeading>0.000000</magneticHeading>
<gpsHeading>12.212152</gpsHeading>
<haccuracy>4.586000</haccuracy>
<vaccuracy>4.586000</vaccuracy>
<internetconnect>2</internetconnect>
</trkpt>
<trkpt lat="35.827938" lon="139.080563">
<ele>716.000000</ele>
<time>2026-09-22T04:42:59Z</time>
<speed>0.296597</speed>
<trueHeading>0.000000</trueHeading>
<magneticHeading>0.000000</magneticHeading>
<gpsHeading>25.693199</gpsHeading>
<haccuracy>3.000000</haccuracy>
<vaccuracy>3.000000</vaccuracy>
<internetconnect>2</internetconnect>
</trkpt>
<trkpt lat="35.828202" lon="139.080712">
<ele>727.000000</ele>
<time>2026-09-22T04:43:51Z</time>
<speed>0.818447</speed>
<trueHeading>0.000000</trueHeading>
<magneticHeading>0.000000</magneticHeading>
<gpsHeading>24.619713</gpsHeading>
<haccuracy>5.843000</haccuracy>
<vaccuracy>5.843000</vaccuracy>
<internetconnect>2</internetconnect>
</trkpt>
<trkpt lat="35.828400" lon="139.080946">
<ele>740.666667</ele>
<time>2026-09-22T04:46:28Z</time>
<speed>0.720000</speed>
<trueHeading>0.000000</trueHeading>
<magneticHeading>0.000000</magneticHeading>
<gpsHeading>43.680965</gpsHeading>
<haccuracy>9.973000</haccuracy>
<vaccuracy>9.973000</vaccuracy>
<internetconnect>2</internetconnect>
</trkpt>
<trkpt lat="35.828565" lon="139.081249">
<ele>746.000000</ele>
<time>2026-09-22T04:48:04Z</time>
<speed>0.538930</speed>
<trueHeading>0.000000</trueHeading>
<magneticHeading>0.000000</magneticHeading>
<gpsHeading>56.025211</gpsHeading>
<haccuracy>3.000000</haccuracy>
<vaccuracy>3.000000</vaccuracy>
<internetconnect>2</internetconnect>
</trkpt>
<trkpt lat="35.828835" lon="139.081186">
<ele>745.333333</ele>
<time>2026-09-22T04:50:09Z</time>
<speed>0.793032</speed>
<trueHeading>0.000000</trueHeading>
<magneticHeading>0.000000</magneticHeading>
<gpsHeading>349.358917</gpsHeading>
<haccuracy>3.040000</haccuracy>
<vaccuracy>3.040000</vaccuracy>
<internetconnect>2</internetconnect>
</trkpt>
<trkpt lat="35.828817" lon="139.081098">
<ele>741.000000</ele>
<time>2026-09-22T04:52:12Z</time>
<speed>0.158136</speed>
<trueHeading>0.000000</trueHeading>
<magneticHeading>0.000000</magneticHeading>
<gpsHeading>255.749557</gpsHeading>
<haccuracy>3.000000</haccuracy>
<vaccuracy>3.000000</vaccuracy>
<internetconnect>2</internetconnect>
</trkpt>
<trkpt lat="35.828913" lon="139.081075">
<ele>739.000000</ele>
<time>2026-09-22T04:54:13Z</time>
<speed>0.115621</speed>
<trueHeading>0.000000</trueHeading>
<magneticHeading>0.000000</magneticHeading>
<gpsHeading>349.155792</gpsHeading>
<haccuracy>3.194000</haccuracy>
<vaccuracy>3.194000</vaccuracy>
<internetconnect>2</internetconnect>
</trkpt>
<trkpt lat="35.828988" lon="139.081069">
<ele>731.666667</ele>
<time>2026-09-22T04:56:19Z</time>
<speed>0.112139</speed>
<trueHeading>0.000000</trueHeading>
<magneticHeading>0.000000</magneticHeading>
<gpsHeading>355.975281</gpsHeading>
<haccuracy>4.500000</haccuracy>
<vaccuracy>4.500000</vaccuracy>
<internetconnect>2</internetconnect>
</trkpt>
<trkpt lat="35.829175" lon="139.080794">
<ele>725.333333</ele>
<time>2026-09-22T04:57:59Z</time>
<speed>1.300000</speed>
<trueHeading>0.000000</trueHeading>
<magneticHeading>0.000000</magneticHeading>
<gpsHeading>309.977905</gpsHeading>
<haccuracy>3.790000</haccuracy>
<vaccuracy>3.790000</vaccuracy>
<internetconnect>2</internetconnect>
</trkpt>
<trkpt lat="35.829180" lon="139.080715">
<ele>716.000000</ele>
<time>2026-09-22T05:00:04Z</time>
<speed>0.160629</speed>
<trueHeading>0.000000</trueHeading>
<magneticHeading>0.000000</magneticHeading>
<gpsHeading>274.694794</gpsHeading>
<haccuracy>3.000000</haccuracy>
<vaccuracy>3.000000</vaccuracy>
<internetconnect>2</internetconnect>
</trkpt>
<trkpt lat="35.829361" lon="139.080697">
<ele>708.000000</ele>
<time>2026-09-22T05:02:06Z</time>
<speed>0.275649</speed>
<trueHeading>0.000000</trueHeading>
<magneticHeading>0.000000</magneticHeading>
<gpsHeading>355.400604</gpsHeading>
<haccuracy>3.012000</haccuracy>
<vaccuracy>3.012000</vaccuracy>
<internetconnect>2</internetconnect>
</trkpt>
<trkpt lat="35.829449" lon="139.080585">
<ele>698.000000</ele>
<time>2026-09-22T05:04:08Z</time>
<speed>0.000000</speed>
<trueHeading>0.000000</trueHeading>
<magneticHeading>0.000000</magneticHeading>
<gpsHeading>314.193573</gpsHeading>
<haccuracy>10.364000</haccuracy>
<vaccuracy>10.364000</vaccuracy>
<internetconnect>2</internetconnect>
</trkpt>
<trkpt lat="35.829569" lon="139.080677">
<ele>692.000000</ele>
<time>2026-09-22T05:06:13Z</time>
<speed>0.000000</speed>
<trueHeading>0.000000</trueHeading>
<magneticHeading>0.000000</magneticHeading>
<gpsHeading>31.913790</gpsHeading>
<haccuracy>10.623000</haccuracy>
<vaccuracy>10.623000</vaccuracy>
<internetconnect>2</internetconnect>
</trkpt>
<trkpt lat="35.829536" lon="139.080559">
<ele>689.000000</ele>
<time>2026-09-22T05:08:18Z</time>
<speed>0.000000</speed>
<trueHeading>0.000000</trueHeading>
<magneticHeading>0.000000</magneticHeading>
<gpsHeading>250.679199</gpsHeading>
<haccuracy>10.492000</haccuracy>
<vaccuracy>10.492000</vaccuracy>
<internetconnect>2</internetconnect>
</trkpt>
<trkpt lat="35.829517" lon="139.080529">
<ele>685.666667</ele>
<time>2026-09-22T05:10:21Z</time>
<speed>0.000000</speed>
<trueHeading>0.000000</trueHeading>
<magneticHeading>0.000000</magneticHeading>
<gpsHeading>232.316177</gpsHeading>
<haccuracy>10.519000</haccuracy>
<vaccuracy>10.519000</vaccuracy>
<internetconnect>2</internetconnect>
</trkpt>
<trkpt lat="35.829622" lon="139.080480">
<ele>683.333333</ele>
<time>2026-09-22T05:12:24Z</time>
<speed>0.000000</speed>
<trueHeading>0.000000</trueHeading>
<magneticHeading>0.000000</magneticHeading>
<gpsHeading>339.141418</gpsHeading>
<haccuracy>11.086000</haccuracy>
<vaccuracy>11.086000</vaccuracy>
<internetconnect>2</internetconnect>
</trkpt>
<trkpt lat="35.829512" lon="139.080443">
<ele>677.333333</ele>
<time>2026-09-22T05:14:30Z</time>
<speed>1.040000</speed>
<trueHeading>0.000000</trueHeading>
<magneticHeading>0.000000</magneticHeading>
<gpsHeading>195.543625</gpsHeading>
<haccuracy>9.988000</haccuracy>
<vaccuracy>9.988000</vaccuracy>
<internetconnect>2</internetconnect>
</trkpt>
<trkpt lat="35.829705" lon="139.080454">
<ele>672.000000</ele>
<time>2026-09-22T05:16:33Z</time>
<speed>0.000000</speed>
<trueHeading>0.000000</trueHeading>
<magneticHeading>0.000000</magneticHeading>
<gpsHeading>2.704939</gpsHeading>
<haccuracy>11.039000</haccuracy>
<vaccuracy>11.039000</vaccuracy>
<internetconnect>2</internetconnect>
</trkpt>
<trkpt lat="35.829662" lon="139.080357">
<ele>665.333333</ele>
<time>2026-09-22T05:18:34Z</time>
<speed>0.181647</speed>
<trueHeading>0.000000</trueHeading>
<magneticHeading>0.000000</magneticHeading>
<gpsHeading>241.750229</gpsHeading>
<haccuracy>4.560000</haccuracy>
<vaccuracy>4.560000</vaccuracy>
<internetconnect>2</internetconnect>
</trkpt>
<trkpt lat="35.829771" lon="139.080400">
<ele>669.000000</ele>
<time>2026-09-22T05:20:40Z</time>
<speed>0.000000</speed>
<trueHeading>0.000000</trueHeading>
<magneticHeading>0.000000</magneticHeading>
<gpsHeading>17.821032</gpsHeading>
<haccuracy>6.209000</haccuracy>
<vaccuracy>6.209000</vaccuracy>
<internetconnect>2</internetconnect>
</trkpt>
<trkpt lat="35.829647" lon="139.080512">
<ele>677.666667</ele>
<time>2026-09-22T05:23:40Z</time>
<speed>1.870000</speed>
<trueHeading>0.000000</trueHeading>
<magneticHeading>0.000000</magneticHeading>
<gpsHeading>143.718506</gpsHeading>
<haccuracy>10.640000</haccuracy>
<vaccuracy>10.640000</vaccuracy>
<internetconnect>2</internetconnect>
</trkpt>
<trkpt lat="35.829545" lon="139.080559">
<ele>690.666667</ele>
<time>2026-09-22T05:26:02Z</time>
<speed>0.610000</speed>
<trueHeading>0.000000</trueHeading>
<magneticHeading>0.000000</magneticHeading>
<gpsHeading>159.496582</gpsHeading>
<haccuracy>10.691000</haccuracy>
<vaccuracy>10.691000</vaccuracy>
<internetconnect>2</internetconnect>
</trkpt>
<trkpt lat="35.829424" lon="139.080663">
<ele>700.000000</ele>
<time>2026-09-22T05:28:23Z</time>
<speed>0.000000</speed>
<trueHeading>0.000000</trueHeading>
<magneticHeading>0.000000</magneticHeading>
<gpsHeading>145.118271</gpsHeading>
<haccuracy>10.230000</haccuracy>
<vaccuracy>10.230000</vaccuracy>
<internetconnect>2</internetconnect>
</trkpt>
<trkpt lat="35.829338" lon="139.080705">
<ele>705.666667</ele>
<time>2026-09-22T05:30:28Z</time>
<speed>0.600000</speed>
<trueHeading>0.000000</trueHeading>
<magneticHeading>0.000000</magneticHeading>
<gpsHeading>158.397614</gpsHeading>
<haccuracy>4.814000</haccuracy>
<vaccuracy>4.814000</vaccuracy>
<internetconnect>2</internetconnect>
</trkpt>
<trkpt lat="35.829319" lon="139.080731">
<ele>713.333333</ele>
<time>2026-09-22T05:32:44Z</time>
<speed>0.420000</speed>
<trueHeading>0.000000</trueHeading>
<magneticHeading>0.000000</magneticHeading>
<gpsHeading>132.058563</gpsHeading>
<haccuracy>9.967000</haccuracy>
<vaccuracy>9.967000</vaccuracy>
<internetconnect>2</internetconnect>
</trkpt>
<trkpt lat="35.829146" lon="139.080762">
<ele>724.333333</ele>
<time>2026-09-22T05:34:51Z</time>
<speed>0.910000</speed>
<trueHeading>0.000000</trueHeading>
<magneticHeading>0.000000</magneticHeading>
<gpsHeading>171.702789</gpsHeading>
<haccuracy>10.283000</haccuracy>
<vaccuracy>10.283000</vaccuracy>
<internetconnect>2</internetconnect>
</trkpt>
<trkpt lat="35.828879" lon="139.080932">
<ele>736.000000</ele>
<time>2026-09-22T05:36:51Z</time>
<speed>0.736626</speed>
<trueHeading>0.000000</trueHeading>
<magneticHeading>0.000000</magneticHeading>
<gpsHeading>152.701355</gpsHeading>
<haccuracy>4.980000</haccuracy>
<vaccuracy>4.980000</vaccuracy>
<internetconnect>2</internetconnect>
</trkpt>
<trkpt lat="35.828875" lon="139.081073">
<ele>742.333333</ele>
<time>2026-09-22T05:38:54Z</time>
<speed>0.090810</speed>
<trueHeading>0.000000</trueHeading>
<magneticHeading>0.000000</magneticHeading>
<gpsHeading>92.249428</gpsHeading>
<haccuracy>6.807000</haccuracy>
<vaccuracy>6.807000</vaccuracy>
<internetconnect>2</internetconnect>
</trkpt>
<trkpt lat="35.828806" lon="139.081120">
<ele>743.333333</ele>
<time>2026-09-22T05:41:20Z</time>
<speed>0.360082</speed>
<trueHeading>0.000000</trueHeading>
<magneticHeading>0.000000</magneticHeading>
<gpsHeading>151.040634</gpsHeading>
<haccuracy>5.591000</haccuracy>
<vaccuracy>5.591000</vaccuracy>
<internetconnect>2</internetconnect>
</trkpt>
<trkpt lat="35.828812" lon="139.081049">
<ele>744.000000</ele>
<time>2026-09-22T05:43:28Z</time>
<speed>0.119835</speed>
<trueHeading>0.000000</trueHeading>
<magneticHeading>0.000000</magneticHeading>
<gpsHeading>276.202393</gpsHeading>
<haccuracy>3.000000</haccuracy>
<vaccuracy>3.000000</vaccuracy>
<internetconnect>2</internetconnect>
</trkpt>
<trkpt lat="35.828779" lon="139.081052">
<ele>746.666667</ele>
<time>2026-09-22T05:45:29Z</time>
<speed>0.581594</speed>
<trueHeading>0.000000</trueHeading>
<magneticHeading>0.000000</magneticHeading>
<gpsHeading>176.227600</gpsHeading>
<haccuracy>3.000000</haccuracy>
<vaccuracy>3.000000</vaccuracy>
<internetconnect>2</internetconnect>
</trkpt>
<trkpt lat="35.828596" lon="139.081314">
<ele>747.000000</ele>
<time>2026-09-22T05:46:44Z</time>
<speed>0.511488</speed>
<trueHeading>0.000000</trueHeading>
<magneticHeading>0.000000</magneticHeading>
<gpsHeading>130.549805</gpsHeading>
<haccuracy>4.700000</haccuracy>
<vaccuracy>4.700000</vaccuracy>
<internetconnect>2</internetconnect>
</trkpt>
<trkpt lat="35.828446" lon="139.081613">
<ele>746.000000</ele>
<time>2026-09-22T05:48:36Z</time>
<speed>0.747955</speed>
<trueHeading>0.000000</trueHeading>
<magneticHeading>0.000000</magneticHeading>
<gpsHeading>121.910324</gpsHeading>
<haccuracy>4.920000</haccuracy>
<vaccuracy>4.920000</vaccuracy>
<internetconnect>2</internetconnect>
</trkpt>
<trkpt lat="35.828386" lon="139.081650">
<ele>739.333333</ele>
<time>2026-09-22T05:50:40Z</time>
<speed>0.382240</speed>
<trueHeading>0.000000</trueHeading>
<magneticHeading>0.000000</magneticHeading>
<gpsHeading>152.842468</gpsHeading>
<haccuracy>3.000000</haccuracy>
<vaccuracy>3.000000</vaccuracy>
<internetconnect>2</internetconnect>
</trkpt>
<trkpt lat="35.828309" lon="139.081708">
<ele>736.666667</ele>
<time>2026-09-22T05:52:50Z</time>
<speed>0.331412</speed>
<trueHeading>0.000000</trueHeading>
<magneticHeading>0.000000</magneticHeading>
<gpsHeading>148.420761</gpsHeading>
<haccuracy>4.092000</haccuracy>
<vaccuracy>4.092000</vaccuracy>
<internetconnect>2</internetconnect>
</trkpt>
<trkpt lat="35.828326" lon="139.081573">
<ele>737.333333</ele>
<time>2026-09-22T05:55:11Z</time>
<speed>0.198729</speed>
<trueHeading>0.000000</trueHeading>
<magneticHeading>0.000000</magneticHeading>
<gpsHeading>278.592468</gpsHeading>
<haccuracy>4.399000</haccuracy>
<vaccuracy>4.399000</vaccuracy>
<internetconnect>2</internetconnect>
</trkpt>
<trkpt lat="35.828369" lon="139.081519">
<ele>740.000000</ele>
<time>2026-09-22T05:57:13Z</time>
<speed>0.540000</speed>
<trueHeading>0.000000</trueHeading>
<magneticHeading>0.000000</magneticHeading>
<gpsHeading>314.616760</gpsHeading>
<haccuracy>12.495000</haccuracy>
<vaccuracy>12.495000</vaccuracy>
<internetconnect>2</internetconnect>
</trkpt>
<trkpt lat="35.828316" lon="139.081459">
<ele>744.666667</ele>
<time>2026-09-22T05:59:18Z</time>
<speed>0.566351</speed>
<trueHeading>0.000000</trueHeading>
<magneticHeading>0.000000</magneticHeading>
<gpsHeading>222.464508</gpsHeading>
<haccuracy>4.900000</haccuracy>
<vaccuracy>4.900000</vaccuracy>
<internetconnect>2</internetconnect>
</trkpt>
<trkpt lat="35.828484" lon="139.081177">
<ele>747.333333</ele>
<time>2026-09-22T06:00:43Z</time>
<speed>0.140852</speed>
<trueHeading>0.000000</trueHeading>
<magneticHeading>0.000000</magneticHeading>
<gpsHeading>306.255981</gpsHeading>
<haccuracy>3.138000</haccuracy>
<vaccuracy>3.138000</vaccuracy>
<internetconnect>2</internetconnect>
</trkpt>
<trkpt lat="35.828534" lon="139.081153">
<ele>750.666667</ele>
<time>2026-09-22T06:02:47Z</time>
<speed>0.206029</speed>
<trueHeading>0.000000</trueHeading>
<magneticHeading>0.000000</magneticHeading>
<gpsHeading>338.854736</gpsHeading>
<haccuracy>5.275000</haccuracy>
<vaccuracy>5.275000</vaccuracy>
<internetconnect>2</internetconnect>
</trkpt>
<trkpt lat="35.828528" lon="139.081148">
<ele>750.333333</ele>
<time>2026-09-22T06:05:08Z</time>
<speed>0.151551</speed>
<trueHeading>0.000000</trueHeading>
<magneticHeading>0.000000</magneticHeading>
<gpsHeading>214.131729</gpsHeading>
<haccuracy>5.915000</haccuracy>
<vaccuracy>5.915000</vaccuracy>
<internetconnect>2</internetconnect>
</trkpt>
<trkpt lat="35.828538" lon="139.081131">
<ele>750.000000</ele>
<time>2026-09-22T06:11:07Z</time>
<speed>0.231521</speed>
<trueHeading>0.000000</trueHeading>
<magneticHeading>0.000000</magneticHeading>
<gpsHeading>305.756622</gpsHeading>
<haccuracy>5.587000</haccuracy>
<vaccuracy>5.587000</vaccuracy>
<internetconnect>2</internetconnect>
</trkpt>
<trkpt lat="35.828563" lon="139.081096">
<ele>750.000000</ele>
<time>2026-09-22T06:13:29Z</time>
<speed>0.302252</speed>
<trueHeading>0.000000</trueHeading>
<magneticHeading>0.000000</magneticHeading>
<gpsHeading>311.902802</gpsHeading>
<haccuracy>7.509000</haccuracy>
<vaccuracy>7.509000</vaccuracy>
<internetconnect>2</internetconnect>
</trkpt>
<trkpt lat="35.828572" lon="139.081099">
<ele>750.000000</ele>
<time>2026-09-22T06:21:41Z</time>
<speed>0.278173</speed>
<trueHeading>0.000000</trueHeading>
<magneticHeading>0.000000</magneticHeading>
<gpsHeading>14.250492</gpsHeading>
<haccuracy>6.231000</haccuracy>
<vaccuracy>6.231000</vaccuracy>
<internetconnect>2</internetconnect>
</trkpt>
<trkpt lat="35.828563" lon="139.081101">
<ele>750.000000</ele>
<time>2026-09-22T06:26:44Z</time>
<speed>0.184778</speed>
<trueHeading>0.000000</trueHeading>
<magneticHeading>0.000000</magneticHeading>
<gpsHeading>167.029114</gpsHeading>
<haccuracy>5.991000</haccuracy>
<vaccuracy>5.991000</vaccuracy>
<internetconnect>2</internetconnect>
</trkpt>
<trkpt lat="35.828560" lon="139.081106">
<ele>750.000000</ele>
<time>2026-09-22T06:28:49Z</time>
<speed>0.199913</speed>
<trueHeading>0.000000</trueHeading>
<magneticHeading>0.000000</magneticHeading>
<gpsHeading>129.429138</gpsHeading>
<haccuracy>5.923000</haccuracy>
<vaccuracy>5.923000</vaccuracy>
<internetconnect>2</internetconnect>
</trkpt>
<trkpt lat="35.828504" lon="139.081136">
<ele>746.666667</ele>
<time>2026-09-22T06:31:01Z</time>
<speed>0.164959</speed>
<trueHeading>0.000000</trueHeading>
<magneticHeading>0.000000</magneticHeading>
<gpsHeading>156.555115</gpsHeading>
<haccuracy>4.118000</haccuracy>
<vaccuracy>4.118000</vaccuracy>
<internetconnect>2</internetconnect>
</trkpt>
<trkpt lat="35.828605" lon="139.080792">
<ele>744.666667</ele>
<time>2026-09-22T06:32:59Z</time>
<speed>0.657273</speed>
<trueHeading>0.000000</trueHeading>
<magneticHeading>0.000000</magneticHeading>
<gpsHeading>289.935669</gpsHeading>
<haccuracy>5.118000</haccuracy>
<vaccuracy>5.118000</vaccuracy>
<internetconnect>2</internetconnect>
</trkpt>
<trkpt lat="35.828361" lon="139.080982">
<ele>736.666667</ele>
<time>2026-09-22T06:34:27Z</time>
<speed>0.750160</speed>
<trueHeading>0.000000</trueHeading>
<magneticHeading>0.000000</magneticHeading>
<gpsHeading>147.776505</gpsHeading>
<haccuracy>4.930000</haccuracy>
<vaccuracy>4.930000</vaccuracy>
<internetconnect>2</internetconnect>
</trkpt>
<trkpt lat="35.828219" lon="139.080660">
<ele>727.000000</ele>
<time>2026-09-22T06:35:33Z</time>
<speed>0.565781</speed>
<trueHeading>0.000000</trueHeading>
<magneticHeading>0.000000</magneticHeading>
<gpsHeading>241.534790</gpsHeading>
<haccuracy>5.158000</haccuracy>
<vaccuracy>5.158000</vaccuracy>
<internetconnect>2</internetconnect>
</trkpt>
<trkpt lat="35.827943" lon="139.080563">
<ele>711.000000</ele>
<time>2026-09-22T06:36:56Z</time>
<speed>0.259037</speed>
<trueHeading>0.000000</trueHeading>
<magneticHeading>0.000000</magneticHeading>
<gpsHeading>195.845566</gpsHeading>
<haccuracy>4.123000</haccuracy>
<vaccuracy>4.123000</vaccuracy>
<internetconnect>2</internetconnect>
</trkpt>
<trkpt lat="35.828098" lon="139.080277">
<ele>701.666667</ele>
<time>2026-09-22T06:38:41Z</time>
<speed>0.163130</speed>
<trueHeading>0.000000</trueHeading>
<magneticHeading>0.000000</magneticHeading>
<gpsHeading>303.879822</gpsHeading>
<haccuracy>4.716000</haccuracy>
<vaccuracy>4.716000</vaccuracy>
<internetconnect>2</internetconnect>
</trkpt>
<trkpt lat="35.828381" lon="139.080136">
<ele>699.000000</ele>
<time>2026-09-22T06:40:07Z</time>
<speed>0.350262</speed>
<trueHeading>0.000000</trueHeading>
<magneticHeading>0.000000</magneticHeading>
<gpsHeading>338.045837</gpsHeading>
<haccuracy>4.712000</haccuracy>
<vaccuracy>4.712000</vaccuracy>
<internetconnect>2</internetconnect>
</trkpt>
<trkpt lat="35.828619" lon="139.079955">
<ele>695.666667</ele>
<time>2026-09-22T06:41:31Z</time>
<speed>0.130862</speed>
<trueHeading>0.000000</trueHeading>
<magneticHeading>0.000000</magneticHeading>
<gpsHeading>328.274170</gpsHeading>
<haccuracy>4.501000</haccuracy>
<vaccuracy>4.501000</vaccuracy>
<internetconnect>2</internetconnect>
</trkpt>
<trkpt lat="35.828722" lon="139.079679">
<ele>694.000000</ele>
<time>2026-09-22T06:43:33Z</time>
<speed>0.580000</speed>
<trueHeading>0.000000</trueHeading>
<magneticHeading>0.000000</magneticHeading>
<gpsHeading>294.850616</gpsHeading>
<haccuracy>10.135000</haccuracy>
<vaccuracy>10.135000</vaccuracy>
<internetconnect>2</internetconnect>
</trkpt>
<trkpt lat="35.829049" lon="139.079615">
<ele>691.000000</ele>
<time>2026-09-22T06:44:40Z</time>
<speed>1.030000</speed>
<trueHeading>0.000000</trueHeading>
<magneticHeading>0.000000</magneticHeading>
<gpsHeading>350.983337</gpsHeading>
<haccuracy>9.935000</haccuracy>
<vaccuracy>9.935000</vaccuracy>
<internetconnect>2</internetconnect>
</trkpt>
<trkpt lat="35.829354" lon="139.079888">
<ele>695.333333</ele>
<time>2026-09-22T06:45:28Z</time>
<speed>0.798020</speed>
<trueHeading>0.000000</trueHeading>
<magneticHeading>0.000000</magneticHeading>
<gpsHeading>36.006275</gpsHeading>
<haccuracy>5.054000</haccuracy>
<vaccuracy>5.054000</vaccuracy>
<internetconnect>2</internetconnect>
</trkpt>
<trkpt lat="35.829308" lon="139.080319">
<ele>698.333333</ele>
<time>2026-09-22T06:46:17Z</time>
<speed>0.140764</speed>
<trueHeading>0.000000</trueHeading>
<magneticHeading>0.000000</magneticHeading>
<gpsHeading>97.597687</gpsHeading>
<haccuracy>4.919000</haccuracy>
<vaccuracy>4.919000</vaccuracy>
<internetconnect>2</internetconnect>
</trkpt>
<trkpt lat="35.829413" lon="139.080648">
<ele>704.000000</ele>
<time>2026-09-22T06:47:37Z</time>
<speed>0.290606</speed>
<trueHeading>0.000000</trueHeading>
<magneticHeading>0.000000</magneticHeading>
<gpsHeading>68.397331</gpsHeading>
<haccuracy>4.517000</haccuracy>
<vaccuracy>4.517000</vaccuracy>
<internetconnect>2</internetconnect>
</trkpt>
<trkpt lat="35.829247" lon="139.080938">
<ele>710.666667</ele>
<time>2026-09-22T06:49:29Z</time>
<speed>0.327697</speed>
<trueHeading>0.000000</trueHeading>
<magneticHeading>0.000000</magneticHeading>
<gpsHeading>125.280838</gpsHeading>
<haccuracy>3.007000</haccuracy>
<vaccuracy>3.007000</vaccuracy>
<internetconnect>2</internetconnect>
</trkpt>
<trkpt lat="35.829229" lon="139.081004">
<ele>716.333333</ele>
<time>2026-09-22T06:51:34Z</time>
<speed>0.000000</speed>
<trueHeading>0.000000</trueHeading>
<magneticHeading>0.000000</magneticHeading>
<gpsHeading>107.785995</gpsHeading>
<haccuracy>5.418000</haccuracy>
<vaccuracy>5.418000</vaccuracy>
<internetconnect>2</internetconnect>
</trkpt>
<trkpt lat="35.829180" lon="139.081015">
<ele>719.000000</ele>
<time>2026-09-22T06:53:53Z</time>
<speed>0.000000</speed>
<trueHeading>0.000000</trueHeading>
<magneticHeading>0.000000</magneticHeading>
<gpsHeading>170.347549</gpsHeading>
<haccuracy>13.316000</haccuracy>
<vaccuracy>13.316000</vaccuracy>
<internetconnect>2</internetconnect>
</trkpt>
<trkpt lat="35.829180" lon="139.081025">
<ele>721.333333</ele>
<time>2026-09-22T06:55:58Z</time>
<speed>0.000000</speed>
<trueHeading>0.000000</trueHeading>
<magneticHeading>0.000000</magneticHeading>
<gpsHeading>90.000000</gpsHeading>
<haccuracy>3.797000</haccuracy>
<vaccuracy>3.797000</vaccuracy>
<internetconnect>2</internetconnect>
</trkpt>
<trkpt lat="35.829160" lon="139.080984">
<ele>725.666667</ele>
<time>2026-09-22T06:58:03Z</time>
<speed>0.310000</speed>
<trueHeading>0.000000</trueHeading>
<magneticHeading>0.000000</magneticHeading>
<gpsHeading>238.274353</gpsHeading>
<haccuracy>9.935000</haccuracy>
<vaccuracy>9.935000</vaccuracy>
<internetconnect>2</internetconnect>
</trkpt>
<trkpt lat="35.828997" lon="139.080703">
<ele>732.666667</ele>
<time>2026-09-22T06:59:06Z</time>
<speed>0.515450</speed>
<trueHeading>0.000000</trueHeading>
<magneticHeading>0.000000</magneticHeading>
<gpsHeading>234.439743</gpsHeading>
<haccuracy>5.106000</haccuracy>
<vaccuracy>5.106000</vaccuracy>
<internetconnect>2</internetconnect>
</trkpt>
<trkpt lat="35.828708" lon="139.080756">
<ele>740.000000</ele>
<time>2026-09-22T07:00:18Z</time>
<speed>0.882866</speed>
<trueHeading>0.000000</trueHeading>
<magneticHeading>0.000000</magneticHeading>
<gpsHeading>171.578476</gpsHeading>
<haccuracy>5.507000</haccuracy>
<vaccuracy>5.507000</vaccuracy>
<internetconnect>2</internetconnect>
</trkpt>
<trkpt lat="35.828492" lon="139.080982">
<ele>740.666667</ele>
<time>2026-09-22T07:01:11Z</time>
<speed>1.025226</speed>
<trueHeading>0.000000</trueHeading>
<magneticHeading>0.000000</magneticHeading>
<gpsHeading>139.705460</gpsHeading>
<haccuracy>5.809000</haccuracy>
<vaccuracy>5.809000</vaccuracy>
<internetconnect>2</internetconnect>
</trkpt>
<trkpt lat="35.828266" lon="139.080754">
<ele>732.000000</ele>
<time>2026-09-22T07:03:05Z</time>
<speed>0.927189</speed>
<trueHeading>0.000000</trueHeading>
<magneticHeading>0.000000</magneticHeading>
<gpsHeading>219.182755</gpsHeading>
<haccuracy>4.787000</haccuracy>
<vaccuracy>4.787000</vaccuracy>
<internetconnect>2</internetconnect>
</trkpt>
<trkpt lat="35.828004" lon="139.080585">
<ele>716.666667</ele>
<time>2026-09-22T07:03:52Z</time>
<speed>0.919709</speed>
<trueHeading>0.000000</trueHeading>
<magneticHeading>0.000000</magneticHeading>
<gpsHeading>207.720016</gpsHeading>
<haccuracy>6.143000</haccuracy>
<vaccuracy>6.143000</vaccuracy>
<internetconnect>2</internetconnect>
</trkpt>
<trkpt lat="35.827764" lon="139.080400">
<ele>701.666667</ele>
<time>2026-09-22T07:05:26Z</time>
<speed>0.143815</speed>
<trueHeading>0.000000</trueHeading>
<magneticHeading>0.000000</magneticHeading>
<gpsHeading>211.839417</gpsHeading>
<haccuracy>3.348000</haccuracy>
<vaccuracy>3.348000</vaccuracy>
<internetconnect>2</internetconnect>
</trkpt>
<trkpt lat="35.827459" lon="139.080311">
<ele>689.666667</ele>
<time>2026-09-22T07:06:17Z</time>
<speed>0.107924</speed>
<trueHeading>0.000000</trueHeading>
<magneticHeading>0.000000</magneticHeading>
<gpsHeading>193.415955</gpsHeading>
<haccuracy>5.411000</haccuracy>
<vaccuracy>5.411000</vaccuracy>
<internetconnect>2</internetconnect>
</trkpt>
<trkpt lat="35.827300" lon="139.079985">
<ele>676.333333</ele>
<time>2026-09-22T07:07:19Z</time>
<speed>0.339765</speed>
<trueHeading>0.000000</trueHeading>
<magneticHeading>0.000000</magneticHeading>
<gpsHeading>238.963455</gpsHeading>
<haccuracy>10.560000</haccuracy>
<vaccuracy>10.560000</vaccuracy>
<internetconnect>2</internetconnect>
</trkpt>
<trkpt lat="35.827025" lon="139.079891">
<ele>660.000000</ele>
<time>2026-09-22T07:08:44Z</time>
<speed>0.920544</speed>
<trueHeading>0.000000</trueHeading>
<magneticHeading>0.000000</magneticHeading>
<gpsHeading>195.527451</gpsHeading>
<haccuracy>5.695000</haccuracy>
<vaccuracy>5.695000</vaccuracy>
<internetconnect>2</internetconnect>
</trkpt>
<trkpt lat="35.826748" lon="139.080085">
<ele>640.666667</ele>
<time>2026-09-22T07:10:05Z</time>
<speed>1.066426</speed>
<trueHeading>0.000000</trueHeading>
<magneticHeading>0.000000</magneticHeading>
<gpsHeading>150.449432</gpsHeading>
<haccuracy>5.365000</haccuracy>
<vaccuracy>5.365000</vaccuracy>
<internetconnect>2</internetconnect>
</trkpt>
<trkpt lat="35.826516" lon="139.079831">
<ele>621.333333</ele>
<time>2026-09-22T07:11:11Z</time>
<speed>1.317118</speed>
<trueHeading>0.000000</trueHeading>
<magneticHeading>0.000000</magneticHeading>
<gpsHeading>221.570221</gpsHeading>
<haccuracy>5.299000</haccuracy>
<vaccuracy>5.299000</vaccuracy>
<internetconnect>2</internetconnect>
</trkpt>
<trkpt lat="35.826320" lon="139.080091">
<ele>603.000000</ele>
<time>2026-09-22T07:12:31Z</time>
<speed>0.700378</speed>
<trueHeading>0.000000</trueHeading>
<magneticHeading>0.000000</magneticHeading>
<gpsHeading>132.798645</gpsHeading>
<haccuracy>4.475000</haccuracy>
<vaccuracy>4.475000</vaccuracy>
<internetconnect>2</internetconnect>
</trkpt>
<trkpt lat="35.826059" lon="139.079960">
<ele>583.666667</ele>
<time>2026-09-22T07:14:07Z</time>
<speed>1.361735</speed>
<trueHeading>0.000000</trueHeading>
<magneticHeading>0.000000</magneticHeading>
<gpsHeading>202.197403</gpsHeading>
<haccuracy>5.838000</haccuracy>
<vaccuracy>5.838000</vaccuracy>
<internetconnect>2</internetconnect>
</trkpt>
<trkpt lat="35.825787" lon="139.079845">
<ele>560.333333</ele>
<time>2026-09-22T07:15:29Z</time>
<speed>0.281851</speed>
<trueHeading>0.000000</trueHeading>
<magneticHeading>0.000000</magneticHeading>
<gpsHeading>198.880692</gpsHeading>
<haccuracy>4.193000</haccuracy>
<vaccuracy>4.193000</vaccuracy>
<internetconnect>2</internetconnect>
</trkpt>
<trkpt lat="35.825524" lon="139.079684">
<ele>540.333333</ele>
<time>2026-09-22T07:16:17Z</time>
<speed>0.342191</speed>
<trueHeading>0.000000</trueHeading>
<magneticHeading>0.000000</magneticHeading>
<gpsHeading>206.442108</gpsHeading>
<haccuracy>4.701000</haccuracy>
<vaccuracy>4.701000</vaccuracy>
<internetconnect>2</internetconnect>
</trkpt>
<trkpt lat="35.825407" lon="139.079455">
<ele>521.333333</ele>
<time>2026-09-22T07:18:23Z</time>
<speed>1.720000</speed>
<trueHeading>0.000000</trueHeading>
<magneticHeading>0.000000</magneticHeading>
<gpsHeading>237.793808</gpsHeading>
<haccuracy>9.935000</haccuracy>
<vaccuracy>9.935000</vaccuracy>
<internetconnect>2</internetconnect>
</trkpt>
<trkpt lat="35.825164" lon="139.079649">
<ele>507.000000</ele>
<time>2026-09-22T07:19:33Z</time>
<speed>1.730000</speed>
<trueHeading>0.000000</trueHeading>
<magneticHeading>0.000000</magneticHeading>
<gpsHeading>147.003860</gpsHeading>
<haccuracy>9.935000</haccuracy>
<vaccuracy>9.935000</vaccuracy>
<internetconnect>2</internetconnect>
</trkpt>
<trkpt lat="35.824983" lon="139.079349">
<ele>494.333333</ele>
<time>2026-09-22T07:20:22Z</time>
<speed>0.841362</speed>
<trueHeading>0.000000</trueHeading>
<magneticHeading>0.000000</magneticHeading>
<gpsHeading>233.377090</gpsHeading>
<haccuracy>4.594000</haccuracy>
<vaccuracy>4.594000</vaccuracy>
<internetconnect>2</internetconnect>
</trkpt>
<trkpt lat="35.824879" lon="139.079349">
<ele>482.666667</ele>
<time>2026-09-22T07:22:28Z</time>
<speed>0.130090</speed>
<trueHeading>0.000000</trueHeading>
<magneticHeading>0.000000</magneticHeading>
<gpsHeading>180.044800</gpsHeading>
<haccuracy>3.000000</haccuracy>
<vaccuracy>3.000000</vaccuracy>
<internetconnect>2</internetconnect>
</trkpt>
<trkpt lat="35.824624" lon="139.079178">
<ele>470.666667</ele>
<time>2026-09-22T07:24:02Z</time>
<speed>0.126893</speed>
<trueHeading>0.000000</trueHeading>
<magneticHeading>0.000000</magneticHeading>
<gpsHeading>208.496277</gpsHeading>
<haccuracy>4.442000</haccuracy>
<vaccuracy>4.442000</vaccuracy>
<internetconnect>2</internetconnect>
</trkpt>
<trkpt lat="35.824373" lon="139.079028">
<ele>458.666667</ele>
<time>2026-09-22T07:25:40Z</time>
<speed>1.070000</speed>
<trueHeading>0.000000</trueHeading>
<magneticHeading>0.000000</magneticHeading>
<gpsHeading>205.837509</gpsHeading>
<haccuracy>10.335000</haccuracy>
<vaccuracy>10.335000</vaccuracy>
<internetconnect>2</internetconnect>
</trkpt>
<trkpt lat="35.824326" lon="139.079409">
<ele>453.666667</ele>
<time>2026-09-22T07:26:29Z</time>
<speed>0.641968</speed>
<trueHeading>0.000000</trueHeading>
<magneticHeading>0.000000</magneticHeading>
<gpsHeading>98.610085</gpsHeading>
<haccuracy>4.473000</haccuracy>
<vaccuracy>4.473000</vaccuracy>
<internetconnect>2</internetconnect>
</trkpt>
<trkpt lat="35.824390" lon="139.079062">
<ele>438.666667</ele>
<time>2026-09-22T07:28:26Z</time>
<speed>0.458420</speed>
<trueHeading>0.000000</trueHeading>
<magneticHeading>0.000000</magneticHeading>
<gpsHeading>282.797302</gpsHeading>
<haccuracy>8.566000</haccuracy>
<vaccuracy>8.566000</vaccuracy>
<internetconnect>2</internetconnect>
</trkpt>
<trkpt lat="35.824353" lon="139.078554">
<ele>427.000000</ele>
<time>2026-09-22T07:29:14Z</time>
<speed>1.020901</speed>
<trueHeading>0.000000</trueHeading>
<magneticHeading>0.000000</magneticHeading>
<gpsHeading>264.881744</gpsHeading>
<haccuracy>11.218000</haccuracy>
<vaccuracy>11.218000</vaccuracy>
<internetconnect>2</internetconnect>
</trkpt>
<trkpt lat="35.824728" lon="139.078298">
<ele>408.333333</ele>
<time>2026-09-22T07:30:02Z</time>
<speed>0.857425</speed>
<trueHeading>0.000000</trueHeading>
<magneticHeading>0.000000</magneticHeading>
<gpsHeading>331.095184</gpsHeading>
<haccuracy>10.488000</haccuracy>
<vaccuracy>10.488000</vaccuracy>
<internetconnect>2</internetconnect>
</trkpt>
<trkpt lat="35.824745" lon="139.077901">
<ele>402.666667</ele>
<time>2026-09-22T07:31:51Z</time>
<speed>1.412473</speed>
<trueHeading>0.000000</trueHeading>
<magneticHeading>0.000000</magneticHeading>
<gpsHeading>272.983887</gpsHeading>
<haccuracy>3.645000</haccuracy>
<vaccuracy>3.645000</vaccuracy>
<internetconnect>2</internetconnect>
</trkpt>
<trkpt lat="35.824841" lon="139.077508">
<ele>394.000000</ele>
<time>2026-09-22T07:32:41Z</time>
<speed>1.410000</speed>
<trueHeading>0.000000</trueHeading>
<magneticHeading>0.000000</magneticHeading>
<gpsHeading>286.724243</gpsHeading>
<haccuracy>11.286000</haccuracy>
<vaccuracy>11.286000</vaccuracy>
<internetconnect>2</internetconnect>
</trkpt>
<trkpt lat="35.824868" lon="139.077050">
<ele>391.000000</ele>
<time>2026-09-22T07:33:31Z</time>
<speed>0.880000</speed>
<trueHeading>0.000000</trueHeading>
<magneticHeading>0.000000</magneticHeading>
<gpsHeading>274.140472</gpsHeading>
<haccuracy>13.067000</haccuracy>
<vaccuracy>13.067000</vaccuracy>
<internetconnect>2</internetconnect>
</trkpt>
<trkpt lat="35.825028" lon="139.076643">
<ele>389.666667</ele>
<time>2026-09-22T07:34:17Z</time>
<speed>1.300000</speed>
<trueHeading>0.000000</trueHeading>
<magneticHeading>0.000000</magneticHeading>
<gpsHeading>295.810699</gpsHeading>
<haccuracy>11.801000</haccuracy>
<vaccuracy>11.801000</vaccuracy>
<internetconnect>2</internetconnect>
</trkpt>
<trkpt lat="35.825416" lon="139.076310">
<ele>392.333333</ele>
<time>2026-09-22T07:35:05Z</time>
<speed>1.280600</speed>
<trueHeading>0.000000</trueHeading>
<magneticHeading>0.000000</magneticHeading>
<gpsHeading>325.279968</gpsHeading>
<haccuracy>5.852000</haccuracy>
<vaccuracy>5.852000</vaccuracy>
<internetconnect>2</internetconnect>
</trkpt>
<trkpt lat="35.826095" lon="139.076277">
<ele>396.000000</ele>
<time>2026-09-22T07:35:52Z</time>
<speed>1.282302</speed>
<trueHeading>0.000000</trueHeading>
<magneticHeading>0.000000</magneticHeading>
<gpsHeading>357.741058</gpsHeading>
<haccuracy>3.528000</haccuracy>
<vaccuracy>3.528000</vaccuracy>
<internetconnect>2</internetconnect>
</trkpt>
<trkpt lat="35.826603" lon="139.076088">
<ele>402.000000</ele>
<time>2026-09-22T07:36:40Z</time>
<speed>1.532596</speed>
<trueHeading>0.000000</trueHeading>
<magneticHeading>0.000000</magneticHeading>
<gpsHeading>343.250244</gpsHeading>
<haccuracy>5.756000</haccuracy>
<vaccuracy>5.756000</vaccuracy>
<internetconnect>2</internetconnect>
</trkpt>
<trkpt lat="35.827014" lon="139.075753">
<ele>409.333333</ele>
<time>2026-09-22T07:37:27Z</time>
<speed>1.344128</speed>
<trueHeading>0.000000</trueHeading>
<magneticHeading>0.000000</magneticHeading>
<gpsHeading>326.459351</gpsHeading>
<haccuracy>5.711000</haccuracy>
<vaccuracy>5.711000</vaccuracy>
<internetconnect>2</internetconnect>
</trkpt>
<trkpt lat="35.827640" lon="139.075570">
<ele>415.000000</ele>
<time>2026-09-22T07:38:14Z</time>
<speed>1.472440</speed>
<trueHeading>0.000000</trueHeading>
<magneticHeading>0.000000</magneticHeading>
<gpsHeading>346.669128</gpsHeading>
<haccuracy>5.805000</haccuracy>
<vaccuracy>5.805000</vaccuracy>
<internetconnect>2</internetconnect>
</trkpt>
<trkpt lat="35.828291" lon="139.075378">
<ele>419.000000</ele>
<time>2026-09-22T07:39:01Z</time>
<speed>1.572758</speed>
<trueHeading>0.000000</trueHeading>
<magneticHeading>0.000000</magneticHeading>
<gpsHeading>346.538269</gpsHeading>
<haccuracy>6.296000</haccuracy>
<vaccuracy>6.296000</vaccuracy>
<internetconnect>2</internetconnect>
</trkpt>
<trkpt lat="35.828950" lon="139.075158">
<ele>414.333333</ele>
<time>2026-09-22T07:39:48Z</time>
<speed>1.526116</speed>
<trueHeading>0.000000</trueHeading>
<magneticHeading>0.000000</magneticHeading>
<gpsHeading>344.885437</gpsHeading>
<haccuracy>5.431000</haccuracy>
<vaccuracy>5.431000</vaccuracy>
<internetconnect>2</internetconnect>
</trkpt>
<trkpt lat="35.829532" lon="139.075318">
<ele>411.333333</ele>
<time>2026-09-22T07:40:37Z</time>
<speed>0.071871</speed>
<trueHeading>0.000000</trueHeading>
<magneticHeading>0.000000</magneticHeading>
<gpsHeading>12.550097</gpsHeading>
<haccuracy>4.399000</haccuracy>
<vaccuracy>4.399000</vaccuracy>
<internetconnect>2</internetconnect>
</trkpt>
<trkpt lat="35.829498" lon="139.075181">
<ele>406.666667</ele>
<time>2026-09-22T07:42:39Z</time>
<speed>0.098436</speed>
<trueHeading>0.000000</trueHeading>
<magneticHeading>0.000000</magneticHeading>
<gpsHeading>252.992294</gpsHeading>
<haccuracy>3.605000</haccuracy>
<vaccuracy>3.605000</vaccuracy>
<internetconnect>2</internetconnect>
</trkpt>
<trkpt lat="35.829112" lon="139.075430">
<ele>406.333333</ele>
<time>2026-09-22T07:43:29Z</time>
<speed>0.962355</speed>
<trueHeading>0.000000</trueHeading>
<magneticHeading>0.000000</magneticHeading>
<gpsHeading>152.388931</gpsHeading>
<haccuracy>4.674000</haccuracy>
<vaccuracy>4.674000</vaccuracy>
<internetconnect>2</internetconnect>
</trkpt>
<trkpt lat="35.828721" lon="139.075495">
<ele>407.333333</ele>
<time>2026-09-22T07:44:17Z</time>
<speed>1.140137</speed>
<trueHeading>0.000000</trueHeading>
<magneticHeading>0.000000</magneticHeading>
<gpsHeading>172.391891</gpsHeading>
<haccuracy>5.649000</haccuracy>
<vaccuracy>5.649000</vaccuracy>
<internetconnect>2</internetconnect>
</trkpt>
<trkpt lat="35.828192" lon="139.075444">
<ele>411.000000</ele>
<time>2026-09-22T07:45:04Z</time>
<speed>1.240322</speed>
<trueHeading>0.000000</trueHeading>
<magneticHeading>0.000000</magneticHeading>
<gpsHeading>184.464935</gpsHeading>
<haccuracy>6.303000</haccuracy>
<vaccuracy>6.303000</vaccuracy>
<internetconnect>2</internetconnect>
</trkpt>
<trkpt lat="35.827823" lon="139.075490">
<ele>417.666667</ele>
<time>2026-09-22T07:45:52Z</time>
<speed>0.891054</speed>
<trueHeading>0.000000</trueHeading>
<magneticHeading>0.000000</magneticHeading>
<gpsHeading>174.198990</gpsHeading>
<haccuracy>5.462000</haccuracy>
<vaccuracy>5.462000</vaccuracy>
<internetconnect>2</internetconnect>
</trkpt>
<trkpt lat="35.827498" lon="139.075541">
<ele>430.000000</ele>
<time>2026-09-22T07:46:40Z</time>
<speed>0.854758</speed>
<trueHeading>0.000000</trueHeading>
<magneticHeading>0.000000</magneticHeading>
<gpsHeading>172.712189</gpsHeading>
<haccuracy>6.604000</haccuracy>
<vaccuracy>6.604000</vaccuracy>
<internetconnect>2</internetconnect>
</trkpt>
<trkpt lat="35.827190" lon="139.075060">
<ele>440.000000</ele>
<time>2026-09-22T07:47:27Z</time>
<speed>1.321345</speed>
<trueHeading>0.000000</trueHeading>
<magneticHeading>0.000000</magneticHeading>
<gpsHeading>231.677368</gpsHeading>
<haccuracy>5.504000</haccuracy>
<vaccuracy>5.504000</vaccuracy>
<internetconnect>2</internetconnect>
</trkpt>
<trkpt lat="35.827024" lon="139.074643">
<ele>443.000000</ele>
<time>2026-09-22T07:48:15Z</time>
<speed>1.239627</speed>
<trueHeading>0.000000</trueHeading>
<magneticHeading>0.000000</magneticHeading>
<gpsHeading>243.980804</gpsHeading>
<haccuracy>4.504000</haccuracy>
<vaccuracy>4.504000</vaccuracy>
<internetconnect>2</internetconnect>
</trkpt>
<trkpt lat="35.826895" lon="139.074953">
<ele>439.666667</ele>
<time>2026-09-22T07:49:40Z</time>
<speed>1.062868</speed>
<trueHeading>0.000000</trueHeading>
<magneticHeading>0.000000</magneticHeading>
<gpsHeading>117.282753</gpsHeading>
<haccuracy>4.516000</haccuracy>
<vaccuracy>4.516000</vaccuracy>
<internetconnect>2</internetconnect>
</trkpt>
<trkpt lat="35.826495" lon="139.074705">
<ele>428.333333</ele>
<time>2026-09-22T07:50:27Z</time>
<speed>1.301045</speed>
<trueHeading>0.000000</trueHeading>
<magneticHeading>0.000000</magneticHeading>
<gpsHeading>206.682114</gpsHeading>
<haccuracy>5.249000</haccuracy>
<vaccuracy>5.249000</vaccuracy>
<internetconnect>2</internetconnect>
</trkpt>
<trkpt lat="35.826542" lon="139.075241">
<ele>419.000000</ele>
<time>2026-09-22T07:51:15Z</time>
<speed>0.841067</speed>
<trueHeading>0.000000</trueHeading>
<magneticHeading>0.000000</magneticHeading>
<gpsHeading>83.873962</gpsHeading>
<haccuracy>5.451000</haccuracy>
<vaccuracy>5.451000</vaccuracy>
<internetconnect>2</internetconnect>
</trkpt>
<trkpt lat="35.826346" lon="139.075587">
<ele>408.333333</ele>
<time>2026-09-22T07:52:09Z</time>
<speed>0.175403</speed>
<trueHeading>0.000000</trueHeading>
<magneticHeading>0.000000</magneticHeading>
<gpsHeading>124.948463</gpsHeading>
<haccuracy>5.457000</haccuracy>
<vaccuracy>5.457000</vaccuracy>
<internetconnect>2</internetconnect>
</trkpt>
<trkpt lat="35.825782" lon="139.075641">
<ele>405.333333</ele>
<time>2026-09-22T07:52:56Z</time>
<speed>1.132340</speed>
<trueHeading>0.000000</trueHeading>
<magneticHeading>0.000000</magneticHeading>
<gpsHeading>175.535706</gpsHeading>
<haccuracy>5.639000</haccuracy>
<vaccuracy>5.639000</vaccuracy>
<internetconnect>2</internetconnect>
</trkpt>
<trkpt lat="35.825252" lon="139.075815">
<ele>403.000000</ele>
<time>2026-09-22T07:53:42Z</time>
<speed>1.008139</speed>
<trueHeading>0.000000</trueHeading>
<magneticHeading>0.000000</magneticHeading>
<gpsHeading>165.077927</gpsHeading>
<haccuracy>6.354000</haccuracy>
<vaccuracy>6.354000</vaccuracy>
<internetconnect>2</internetconnect>
</trkpt>
<trkpt lat="35.824755" lon="139.076164">
<ele>401.333333</ele>
<time>2026-09-22T07:54:29Z</time>
<speed>1.186153</speed>
<trueHeading>0.000000</trueHeading>
<magneticHeading>0.000000</magneticHeading>
<gpsHeading>150.379837</gpsHeading>
<haccuracy>5.943000</haccuracy>
<vaccuracy>5.943000</vaccuracy>
<internetconnect>2</internetconnect>
</trkpt>
<trkpt lat="35.824459" lon="139.076917">
<ele>402.666667</ele>
<time>2026-09-22T07:55:16Z</time>
<speed>1.544081</speed>
<trueHeading>0.000000</trueHeading>
<magneticHeading>0.000000</magneticHeading>
<gpsHeading>115.902794</gpsHeading>
<haccuracy>6.244000</haccuracy>
<vaccuracy>6.244000</vaccuracy>
<internetconnect>2</internetconnect>
</trkpt>
<trkpt lat="35.824426" lon="139.076657">
<ele>405.666667</ele>
<time>2026-09-22T07:58:16Z</time>
<speed>0.357162</speed>
<trueHeading>0.000000</trueHeading>
<magneticHeading>0.000000</magneticHeading>
<gpsHeading>261.086365</gpsHeading>
<haccuracy>4.700000</haccuracy>
<vaccuracy>4.700000</vaccuracy>
<internetconnect>2</internetconnect>
</trkpt>
<trkpt lat="35.824209" lon="139.077097">
<ele>407.333333</ele>
<time>2026-09-22T07:59:05Z</time>
<speed>1.488553</speed>
<trueHeading>0.000000</trueHeading>
<magneticHeading>0.000000</magneticHeading>
<gpsHeading>121.350891</gpsHeading>
<haccuracy>5.207000</haccuracy>
<vaccuracy>5.207000</vaccuracy>
<internetconnect>2</internetconnect>
</trkpt>
<trkpt lat="35.823931" lon="139.077501">
<ele>406.666667</ele>
<time>2026-09-22T07:59:52Z</time>
<speed>0.097560</speed>
<trueHeading>0.000000</trueHeading>
<magneticHeading>0.000000</magneticHeading>
<gpsHeading>130.273270</gpsHeading>
<haccuracy>4.204000</haccuracy>
<vaccuracy>4.204000</vaccuracy>
<internetconnect>2</internetconnect>
</trkpt>
<trkpt lat="35.823538" lon="139.077999">
<ele>404.333333</ele>
<time>2026-09-22T08:00:42Z</time>
<speed>1.546340</speed>
<trueHeading>0.000000</trueHeading>
<magneticHeading>0.000000</magneticHeading>
<gpsHeading>134.210052</gpsHeading>
<haccuracy>5.356000</haccuracy>
<vaccuracy>5.356000</vaccuracy>
<internetconnect>2</internetconnect>
</trkpt>
<trkpt lat="35.823180" lon="139.078698">
<ele>403.333333</ele>
<time>2026-09-22T08:01:29Z</time>
<speed>1.584919</speed>
<trueHeading>0.000000</trueHeading>
<magneticHeading>0.000000</magneticHeading>
<gpsHeading>122.275154</gpsHeading>
<haccuracy>5.518000</haccuracy>
<vaccuracy>5.518000</vaccuracy>
<internetconnect>2</internetconnect>
</trkpt>
<trkpt lat="35.822912" lon="139.079229">
<ele>403.333333</ele>
<time>2026-09-22T08:02:16Z</time>
<speed>1.483239</speed>
<trueHeading>0.000000</trueHeading>
<magneticHeading>0.000000</magneticHeading>
<gpsHeading>121.924423</gpsHeading>
<haccuracy>4.942000</haccuracy>
<vaccuracy>4.942000</vaccuracy>
<internetconnect>2</internetconnect>
</trkpt>
<trkpt lat="35.822794" lon="139.079924">
<ele>405.666667</ele>
<time>2026-09-22T08:03:03Z</time>
<speed>1.493146</speed>
<trueHeading>0.000000</trueHeading>
<magneticHeading>0.000000</magneticHeading>
<gpsHeading>101.795723</gpsHeading>
<haccuracy>5.838000</haccuracy>
<vaccuracy>5.838000</vaccuracy>
<internetconnect>2</internetconnect>
</trkpt>
<trkpt lat="35.822988" lon="139.080570">
<ele>407.333333</ele>
<time>2026-09-22T08:03:49Z</time>
<speed>1.373435</speed>
<trueHeading>0.000000</trueHeading>
<magneticHeading>0.000000</magneticHeading>
<gpsHeading>69.654602</gpsHeading>
<haccuracy>5.446000</haccuracy>
<vaccuracy>5.446000</vaccuracy>
<internetconnect>2</internetconnect>
</trkpt>
<trkpt lat="35.822781" lon="139.081234">
<ele>408.000000</ele>
<time>2026-09-22T08:04:36Z</time>
<speed>1.661325</speed>
<trueHeading>0.000000</trueHeading>
<magneticHeading>0.000000</magneticHeading>
<gpsHeading>111.024918</gpsHeading>
<haccuracy>5.938000</haccuracy>
<vaccuracy>5.938000</vaccuracy>
<internetconnect>2</internetconnect>
</trkpt>
<trkpt lat="35.822301" lon="139.081579">
<ele>406.666667</ele>
<time>2026-09-22T08:05:22Z</time>
<speed>1.556638</speed>
<trueHeading>0.000000</trueHeading>
<magneticHeading>0.000000</magneticHeading>
<gpsHeading>149.781387</gpsHeading>
<haccuracy>5.409000</haccuracy>
<vaccuracy>5.409000</vaccuracy>
<internetconnect>2</internetconnect>
</trkpt>
<trkpt lat="35.821734" lon="139.082049">
<ele>405.000000</ele>
<time>2026-09-22T08:06:13Z</time>
<speed>1.487641</speed>
<trueHeading>0.000000</trueHeading>
<magneticHeading>0.000000</magneticHeading>
<gpsHeading>146.144623</gpsHeading>
<haccuracy>5.150000</haccuracy>
<vaccuracy>5.150000</vaccuracy>
<internetconnect>2</internetconnect>
</trkpt>
<trkpt lat="35.821314" lon="139.082719">
<ele>404.000000</ele>
<time>2026-09-22T08:06:59Z</time>
<speed>1.541927</speed>
<trueHeading>0.000000</trueHeading>
<magneticHeading>0.000000</magneticHeading>
<gpsHeading>127.655670</gpsHeading>
<haccuracy>5.248000</haccuracy>
<vaccuracy>5.248000</vaccuracy>
<internetconnect>2</internetconnect>
</trkpt>
<trkpt lat="35.821382" lon="139.083456">
<ele>402.000000</ele>
<time>2026-09-22T08:07:46Z</time>
<speed>0.355762</speed>
<trueHeading>0.000000</trueHeading>
<magneticHeading>0.000000</magneticHeading>
<gpsHeading>83.521950</gpsHeading>
<haccuracy>4.688000</haccuracy>
<vaccuracy>4.688000</vaccuracy>
<internetconnect>2</internetconnect>
</trkpt>
<trkpt lat="35.821726" lon="139.084056">
<ele>402.666667</ele>
<time>2026-09-22T08:08:32Z</time>
<speed>1.154885</speed>
<trueHeading>0.000000</trueHeading>
<magneticHeading>0.000000</magneticHeading>
<gpsHeading>54.760178</gpsHeading>
<haccuracy>5.467000</haccuracy>
<vaccuracy>5.467000</vaccuracy>
<internetconnect>2</internetconnect>
</trkpt>
<trkpt lat="35.821257" lon="139.084581">
<ele>403.000000</ele>
<time>2026-09-22T08:09:19Z</time>
<speed>1.529310</speed>
<trueHeading>0.000000</trueHeading>
<magneticHeading>0.000000</magneticHeading>
<gpsHeading>137.819138</gpsHeading>
<haccuracy>5.413000</haccuracy>
<vaccuracy>5.413000</vaccuracy>
<internetconnect>2</internetconnect>
</trkpt>
<trkpt lat="35.820630" lon="139.084783">
<ele>406.000000</ele>
<time>2026-09-22T08:10:06Z</time>
<speed>0.755890</speed>
<trueHeading>0.000000</trueHeading>
<magneticHeading>0.000000</magneticHeading>
<gpsHeading>165.360214</gpsHeading>
<haccuracy>5.615000</haccuracy>
<vaccuracy>5.615000</vaccuracy>
<internetconnect>2</internetconnect>
</trkpt>
<trkpt lat="35.820005" lon="139.084756">
<ele>405.333333</ele>
<time>2026-09-22T08:10:52Z</time>
<speed>1.391172</speed>
<trueHeading>0.000000</trueHeading>
<magneticHeading>0.000000</magneticHeading>
<gpsHeading>182.012970</gpsHeading>
<haccuracy>6.065000</haccuracy>
<vaccuracy>6.065000</vaccuracy>
<internetconnect>2</internetconnect>
</trkpt>
<trkpt lat="35.819452" lon="139.085212">
<ele>405.000000</ele>
<time>2026-09-22T08:11:38Z</time>
<speed>1.331843</speed>
<trueHeading>0.000000</trueHeading>
<magneticHeading>0.000000</magneticHeading>
<gpsHeading>146.222488</gpsHeading>
<haccuracy>5.776000</haccuracy>
<vaccuracy>5.776000</vaccuracy>
<internetconnect>2</internetconnect>
</trkpt>
<trkpt lat="35.818901" lon="139.085456">
<ele>401.666667</ele>
<time>2026-09-22T08:12:25Z</time>
<speed>1.134040</speed>
<trueHeading>0.000000</trueHeading>
<magneticHeading>0.000000</magneticHeading>
<gpsHeading>160.227982</gpsHeading>
<haccuracy>5.100000</haccuracy>
<vaccuracy>5.100000</vaccuracy>
<internetconnect>2</internetconnect>
</trkpt>
<trkpt lat="35.818651" lon="139.085949">
<ele>400.000000</ele>
<time>2026-09-22T08:13:12Z</time>
<speed>1.524382</speed>
<trueHeading>0.000000</trueHeading>
<magneticHeading>0.000000</magneticHeading>
<gpsHeading>122.010399</gpsHeading>
<haccuracy>5.359000</haccuracy>
<vaccuracy>5.359000</vaccuracy>
<internetconnect>2</internetconnect>
</trkpt>
<trkpt lat="35.818097" lon="139.086118">
<ele>398.333333</ele>
<time>2026-09-22T08:13:58Z</time>
<speed>1.544970</speed>
<trueHeading>0.000000</trueHeading>
<magneticHeading>0.000000</magneticHeading>
<gpsHeading>166.168686</gpsHeading>
<haccuracy>5.184000</haccuracy>
<vaccuracy>5.184000</vaccuracy>
<internetconnect>2</internetconnect>
</trkpt>
<trkpt lat="35.817571" lon="139.086061">
<ele>392.000000</ele>
<time>2026-09-22T08:14:45Z</time>
<speed>1.534155</speed>
<trueHeading>0.000000</trueHeading>
<magneticHeading>0.000000</magneticHeading>
<gpsHeading>185.039093</gpsHeading>
<haccuracy>5.371000</haccuracy>
<vaccuracy>5.371000</vaccuracy>
<internetconnect>2</internetconnect>
</trkpt>
<trkpt lat="35.817026" lon="139.086137">
<ele>388.333333</ele>
<time>2026-09-22T08:15:32Z</time>
<speed>1.536584</speed>
<trueHeading>0.000000</trueHeading>
<magneticHeading>0.000000</magneticHeading>
<gpsHeading>173.531693</gpsHeading>
<haccuracy>5.676000</haccuracy>
<vaccuracy>5.676000</vaccuracy>
<internetconnect>2</internetconnect>
</trkpt>
<trkpt lat="35.816847" lon="139.086720">
<ele>384.666667</ele>
<time>2026-09-22T08:16:19Z</time>
<speed>1.017869</speed>
<trueHeading>0.000000</trueHeading>
<magneticHeading>0.000000</magneticHeading>
<gpsHeading>110.815903</gpsHeading>
<haccuracy>5.041000</haccuracy>
<vaccuracy>5.041000</vaccuracy>
<internetconnect>2</internetconnect>
</trkpt>
<trkpt lat="35.816832" lon="139.086359">
<ele>390.000000</ele>
<time>2026-09-22T08:17:10Z</time>
<speed>1.510044</speed>
<trueHeading>0.000000</trueHeading>
<magneticHeading>0.000000</magneticHeading>
<gpsHeading>267.025970</gpsHeading>
<haccuracy>5.265000</haccuracy>
<vaccuracy>5.265000</vaccuracy>
<internetconnect>2</internetconnect>
</trkpt>
<trkpt lat="35.816418" lon="139.086985">
<ele>390.333333</ele>
<time>2026-09-22T08:17:57Z</time>
<speed>1.600317</speed>
<trueHeading>0.000000</trueHeading>
<magneticHeading>0.000000</magneticHeading>
<gpsHeading>129.186249</gpsHeading>
<haccuracy>5.193000</haccuracy>
<vaccuracy>5.193000</vaccuracy>
<internetconnect>2</internetconnect>
</trkpt>
<trkpt lat="35.816178" lon="139.087844">
<ele>388.333333</ele>
<time>2026-09-22T08:18:47Z</time>
<speed>1.586550</speed>
<trueHeading>0.000000</trueHeading>
<magneticHeading>0.000000</magneticHeading>
<gpsHeading>108.997536</gpsHeading>
<haccuracy>5.686000</haccuracy>
<vaccuracy>5.686000</vaccuracy>
<internetconnect>2</internetconnect>
</trkpt>
<trkpt lat="35.816286" lon="139.088588">
<ele>384.666667</ele>
<time>2026-09-22T08:19:34Z</time>
<speed>1.159450</speed>
<trueHeading>0.000000</trueHeading>
<magneticHeading>0.000000</magneticHeading>
<gpsHeading>79.865219</gpsHeading>
<haccuracy>5.285000</haccuracy>
<vaccuracy>5.285000</vaccuracy>
<internetconnect>2</internetconnect>
</trkpt>
<trkpt lat="35.816422" lon="139.089365">
<ele>386.000000</ele>
<time>2026-09-22T08:20:20Z</time>
<speed>1.626010</speed>
<trueHeading>0.000000</trueHeading>
<magneticHeading>0.000000</magneticHeading>
<gpsHeading>77.783760</gpsHeading>
<haccuracy>5.503000</haccuracy>
<vaccuracy>5.503000</vaccuracy>
<internetconnect>2</internetconnect>
</trkpt>
<trkpt lat="35.815927" lon="139.089831">
<ele>387.000000</ele>
<time>2026-09-22T08:21:07Z</time>
<speed>1.373536</speed>
<trueHeading>0.000000</trueHeading>
<magneticHeading>0.000000</magneticHeading>
<gpsHeading>142.670792</gpsHeading>
<haccuracy>5.515000</haccuracy>
<vaccuracy>5.515000</vaccuracy>
<internetconnect>2</internetconnect>
</trkpt>
<trkpt lat="35.815537" lon="139.090401">
<ele>384.000000</ele>
<time>2026-09-22T08:21:53Z</time>
<speed>1.316801</speed>
<trueHeading>0.000000</trueHeading>
<magneticHeading>0.000000</magneticHeading>
<gpsHeading>130.135086</gpsHeading>
<haccuracy>5.169000</haccuracy>
<vaccuracy>5.169000</vaccuracy>
<internetconnect>2</internetconnect>
</trkpt>
<trkpt lat="35.815538" lon="139.091186">
<ele>380.000000</ele>
<time>2026-09-22T08:22:40Z</time>
<speed>1.568008</speed>
<trueHeading>0.000000</trueHeading>
<magneticHeading>0.000000</magneticHeading>
<gpsHeading>89.910072</gpsHeading>
<haccuracy>5.108000</haccuracy>
<vaccuracy>5.108000</vaccuracy>
<internetconnect>2</internetconnect>
</trkpt>
<trkpt lat="35.815420" lon="139.091945">
<ele>383.333333</ele>
<time>2026-09-22T08:23:26Z</time>
<speed>1.593681</speed>
<trueHeading>0.000000</trueHeading>
<magneticHeading>0.000000</magneticHeading>
<gpsHeading>100.909782</gpsHeading>
<haccuracy>5.831000</haccuracy>
<vaccuracy>5.831000</vaccuracy>
<internetconnect>2</internetconnect>
</trkpt>
<trkpt lat="35.814908" lon="139.092014">
<ele>396.666667</ele>
<time>2026-09-22T08:24:13Z</time>
<speed>1.542555</speed>
<trueHeading>0.000000</trueHeading>
<magneticHeading>0.000000</magneticHeading>
<gpsHeading>173.727905</gpsHeading>
<haccuracy>5.657000</haccuracy>
<vaccuracy>5.657000</vaccuracy>
<internetconnect>2</internetconnect>
</trkpt>
<trkpt lat="35.814387" lon="139.091666">
<ele>394.666667</ele>
<time>2026-09-22T08:25:00Z</time>
<speed>0.355471</speed>
<trueHeading>0.000000</trueHeading>
<magneticHeading>0.000000</magneticHeading>
<gpsHeading>208.490311</gpsHeading>
<haccuracy>5.581000</haccuracy>
<vaccuracy>5.581000</vaccuracy>
<internetconnect>2</internetconnect>
</trkpt>
<trkpt lat="35.813739" lon="139.092297">
<ele>386.000000</ele>
<time>2026-09-22T08:25:46Z</time>
<speed>1.587617</speed>
<trueHeading>0.000000</trueHeading>
<magneticHeading>0.000000</magneticHeading>
<gpsHeading>141.738251</gpsHeading>
<haccuracy>5.594000</haccuracy>
<vaccuracy>5.594000</vaccuracy>
<internetconnect>2</internetconnect>
</trkpt>
<trkpt lat="35.813343" lon="139.092961">
<ele>366.666667</ele>
<time>2026-09-22T08:26:36Z</time>
<speed>1.330027</speed>
<trueHeading>0.000000</trueHeading>
<magneticHeading>0.000000</magneticHeading>
<gpsHeading>126.292198</gpsHeading>
<haccuracy>5.410000</haccuracy>
<vaccuracy>5.410000</vaccuracy>
<internetconnect>2</internetconnect>
</trkpt>
<trkpt lat="35.812743" lon="139.093166">
<ele>360.000000</ele>
<time>2026-09-22T08:27:22Z</time>
<speed>1.464149</speed>
<trueHeading>0.000000</trueHeading>
<magneticHeading>0.000000</magneticHeading>
<gpsHeading>164.513824</gpsHeading>
<haccuracy>5.720000</haccuracy>
<vaccuracy>5.720000</vaccuracy>
<internetconnect>2</internetconnect>
</trkpt>
<trkpt lat="35.812624" lon="139.093725">
<ele>355.000000</ele>
<time>2026-09-22T08:28:09Z</time>
<speed>1.552016</speed>
<trueHeading>0.000000</trueHeading>
<magneticHeading>0.000000</magneticHeading>
<gpsHeading>104.656631</gpsHeading>
<haccuracy>5.398000</haccuracy>
<vaccuracy>5.398000</vaccuracy>
<internetconnect>2</internetconnect>
</trkpt>
<trkpt lat="35.812608" lon="139.094440">
<ele>355.666667</ele>
<time>2026-09-22T08:28:55Z</time>
<speed>1.543406</speed>
<trueHeading>0.000000</trueHeading>
<magneticHeading>0.000000</magneticHeading>
<gpsHeading>91.561134</gpsHeading>
<haccuracy>11.470000</haccuracy>
<vaccuracy>11.470000</vaccuracy>
<internetconnect>2</internetconnect>
</trkpt>
<trkpt lat="35.812054" lon="139.094707">
<ele>355.666667</ele>
<time>2026-09-22T08:29:42Z</time>
<speed>1.551175</speed>
<trueHeading>0.000000</trueHeading>
<magneticHeading>0.000000</magneticHeading>
<gpsHeading>158.696289</gpsHeading>
<haccuracy>11.632000</haccuracy>
<vaccuracy>11.632000</vaccuracy>
<internetconnect>2</internetconnect>
</trkpt>
<trkpt lat="35.811516" lon="139.095051">
<ele>353.000000</ele>
<time>2026-09-22T08:30:28Z</time>
<speed>1.522815</speed>
<trueHeading>0.000000</trueHeading>
<magneticHeading>0.000000</magneticHeading>
<gpsHeading>152.592285</gpsHeading>
<haccuracy>8.339000</haccuracy>
<vaccuracy>8.339000</vaccuracy>
<internetconnect>2</internetconnect>
</trkpt>
<trkpt lat="35.810961" lon="139.094956">
<ele>348.333333</ele>
<time>2026-09-22T08:31:15Z</time>
<speed>1.539284</speed>
<trueHeading>0.000000</trueHeading>
<magneticHeading>0.000000</magneticHeading>
<gpsHeading>187.872543</gpsHeading>
<haccuracy>4.217000</haccuracy>
<vaccuracy>4.217000</vaccuracy>
<internetconnect>2</internetconnect>
</trkpt>
<trkpt lat="35.810608" lon="139.094962">
<ele>337.666667</ele>
<time>2026-09-22T08:32:06Z</time>
<speed>1.418508</speed>
<trueHeading>0.000000</trueHeading>
<magneticHeading>0.000000</magneticHeading>
<gpsHeading>179.169403</gpsHeading>
<haccuracy>6.097000</haccuracy>
<vaccuracy>6.097000</vaccuracy>
<internetconnect>2</internetconnect>
</trkpt>
<trkpt lat="35.810651" lon="139.095414">
<ele>335.333333</ele>
<time>2026-09-22T08:32:53Z</time>
<speed>1.613183</speed>
<trueHeading>0.000000</trueHeading>
<magneticHeading>0.000000</magneticHeading>
<gpsHeading>83.377632</gpsHeading>
<haccuracy>7.493000</haccuracy>
<vaccuracy>7.493000</vaccuracy>
<internetconnect>2</internetconnect>
</trkpt>
<trkpt lat="35.810421" lon="139.096120">
<ele>334.000000</ele>
<time>2026-09-22T08:33:40Z</time>
<speed>1.591069</speed>
<trueHeading>0.000000</trueHeading>
<magneticHeading>0.000000</magneticHeading>
<gpsHeading>111.843964</gpsHeading>
<haccuracy>4.970000</haccuracy>
<vaccuracy>4.970000</vaccuracy>
<internetconnect>2</internetconnect>
</trkpt>
<trkpt lat="35.809961" lon="139.096257">
<ele>340.000000</ele>
<time>2026-09-22T08:34:27Z</time>
<speed>0.122254</speed>
<trueHeading>0.000000</trueHeading>
<magneticHeading>0.000000</magneticHeading>
<gpsHeading>166.507614</gpsHeading>
<haccuracy>4.825000</haccuracy>
<vaccuracy>4.825000</vaccuracy>
<internetconnect>2</internetconnect>
</trkpt>
<trkpt lat="35.809701" lon="139.096405">
<ele>340.666667</ele>
<time>2026-09-22T08:35:16Z</time>
<speed>0.255740</speed>
<trueHeading>0.000000</trueHeading>
<magneticHeading>0.000000</magneticHeading>
<gpsHeading>155.126129</gpsHeading>
<haccuracy>4.390000</haccuracy>
<vaccuracy>4.390000</vaccuracy>
<internetconnect>2</internetconnect>
</trkpt>
<trkpt lat="35.809377" lon="139.096381">
<ele>341.333333</ele>
<time>2026-09-22T08:37:04Z</time>
<speed>1.479505</speed>
<trueHeading>0.000000</trueHeading>
<magneticHeading>0.000000</magneticHeading>
<gpsHeading>183.490570</gpsHeading>
<haccuracy>5.285000</haccuracy>
<vaccuracy>5.285000</vaccuracy>
<internetconnect>2</internetconnect>
</trkpt>
<trkpt lat="35.808787" lon="139.096645">
<ele>341.666667</ele>
<time>2026-09-22T08:37:51Z</time>
<speed>1.537974</speed>
<trueHeading>0.000000</trueHeading>
<magneticHeading>0.000000</magneticHeading>
<gpsHeading>160.018951</gpsHeading>
<haccuracy>4.701000</haccuracy>
<vaccuracy>4.701000</vaccuracy>
<internetconnect>2</internetconnect>
</trkpt>
<trkpt lat="35.808641" lon="139.096769">
<ele>342.000000</ele>
<time>2026-09-22T08:40:51Z</time>
<speed>0.088609</speed>
<trueHeading>0.000000</trueHeading>
<magneticHeading>0.000000</magneticHeading>
<gpsHeading>145.340530</gpsHeading>
<haccuracy>3.705000</haccuracy>
<vaccuracy>3.705000</vaccuracy>
<internetconnect>2</internetconnect>
</trkpt>
<trkpt lat="35.808671" lon="139.096722">
<ele>342.000000</ele>
<time>2026-09-22T08:42:58Z</time>
<speed>0.099339</speed>
<trueHeading>0.000000</trueHeading>
<magneticHeading>0.000000</magneticHeading>
<gpsHeading>307.315460</gpsHeading>
<haccuracy>3.000000</haccuracy>
<vaccuracy>3.000000</vaccuracy>
<internetconnect>2</internetconnect>
</trkpt>
<trkpt lat="35.808619" lon="139.096772">
<ele>342.000000</ele>
<time>2026-09-22T08:45:04Z</time>
<speed>0.260010</speed>
<trueHeading>0.000000</trueHeading>
<magneticHeading>0.000000</magneticHeading>
<gpsHeading>141.845673</gpsHeading>
<haccuracy>3.217000</haccuracy>
<vaccuracy>3.217000</vaccuracy>
<internetconnect>2</internetconnect>
</trkpt>
<trkpt lat="35.808763" lon="139.096757">
<ele>342.333333</ele>
<time>2026-09-22T08:47:13Z</time>
<speed>0.272196</speed>
<trueHeading>0.000000</trueHeading>
<magneticHeading>0.000000</magneticHeading>
<gpsHeading>355.370056</gpsHeading>
<haccuracy>7.813000</haccuracy>
<vaccuracy>7.813000</vaccuracy>
<internetconnect>2</internetconnect>
</trkpt>
<trkpt lat="35.808653" lon="139.096925">
<ele>342.333333</ele>
<time>2026-09-22T08:49:33Z</time>
<speed>0.096925</speed>
<trueHeading>0.000000</trueHeading>
<magneticHeading>0.000000</magneticHeading>
<gpsHeading>128.805725</gpsHeading>
<haccuracy>3.000000</haccuracy>
<vaccuracy>3.000000</vaccuracy>
<internetconnect>2</internetconnect>
</trkpt>
<trkpt lat="35.808832" lon="139.096650">
<ele>342.666667</ele>
<time>2026-09-22T08:51:15Z</time>
<speed>1.429378</speed>
<trueHeading>0.000000</trueHeading>
<magneticHeading>0.000000</magneticHeading>
<gpsHeading>308.767761</gpsHeading>
<haccuracy>5.735000</haccuracy>
<vaccuracy>5.735000</vaccuracy>
<internetconnect>2</internetconnect>
</trkpt>
<trkpt lat="35.809046" lon="139.096937">
<ele>342.666667</ele>
<time>2026-09-22T08:52:08Z</time>
<speed>0.137380</speed>
<trueHeading>0.000000</trueHeading>
<magneticHeading>0.000000</magneticHeading>
<gpsHeading>47.489826</gpsHeading>
<haccuracy>6.648000</haccuracy>
<vaccuracy>6.648000</vaccuracy>
<internetconnect>2</internetconnect>
</trkpt>
<trkpt lat="35.809014" lon="139.096913">
<ele>343.000000</ele>
<time>2026-09-22T08:52:21Z</time>
<speed>0.305468</speed>
<trueHeading>-999.000000</trueHeading>
<magneticHeading>-999.000000</magneticHeading>
<gpsHeading>211.571762</gpsHeading>
<haccuracy>6.890000</haccuracy>
<vaccuracy>6.890000</vaccuracy>
<internetconnect>2</internetconnect>
</trkpt>
</trkseg></trk>
</gpx>
