<?xml version="1.0" encoding="UTF-8"?>
<gpx xmlns:xsi="http://www.w3.org/2001/XMLSchema-instance" xmlns="http://www.topografix.com/GPX/1/0" xsi:schemaLocation="http://www.topografix.com/GPX/1/1 http://www.topografix.com/GPX/1/1/gpx.xsd" creator="Geographica - http://geographica.biz/" appVersion="Ver 2.1.44:372" device="google sunfish" android="13" carrier="povo">
<trk>
<name>30270505</name>
<trkseg>
<trkpt lat="35.841423" lon="139.042788">
<ele>629.532241</ele>
<time>2026-05-04T23:10:47Z</time>
<speed>0.127687</speed>
<trueHeading>0.000000</trueHeading>
<magneticHeading>0.000000</magneticHeading>
<gpsHeading>0.000000</gpsHeading>
<haccuracy>3.007000</haccuracy>
<vaccuracy>3.007000</vaccuracy>
<internetconnect>0</internetconnect>
</trkpt>
<trkpt lat="35.841417" lon="139.042793">
<ele>630.893602</ele>
<time>2026-05-04T23:10:48Z</time>
<speed>0.131990</speed>
<trueHeading>0.000000</trueHeading>
<magneticHeading>0.000000</magneticHeading>
<gpsHeading>0.000000</gpsHeading>
<haccuracy>3.046000</haccuracy>
<vaccuracy>3.046000</vaccuracy>
<internetconnect>0</internetconnect>
</trkpt>
<trkpt lat="35.841284" lon="139.042870">
<ele>630.662051</ele>
<time>2026-05-04T23:11:21Z</time>
<speed>1.099435</speed>
<trueHeading>0.000000</trueHeading>
<magneticHeading>0.000000</magneticHeading>
<gpsHeading>154.861481</gpsHeading>
<haccuracy>3.329000</haccuracy>
<vaccuracy>3.329000</vaccuracy>
<internetconnect>0</internetconnect>
</trkpt>
<trkpt lat="35.841171" lon="139.043032">
<ele>630.392705</ele>
<time>2026-05-04T23:11:44Z</time>
<speed>1.310663</speed>
<trueHeading>0.000000</trueHeading>
<magneticHeading>0.000000</magneticHeading>
<gpsHeading>130.863556</gpsHeading>
<haccuracy>5.593000</haccuracy>
<vaccuracy>5.593000</vaccuracy>
<internetconnect>0</internetconnect>
</trkpt>
<trkpt lat="35.841280" lon="139.042625">
<ele>628.210734</ele>
<time>2026-05-04T23:12:08Z</time>
<speed>0.592102</speed>
<trueHeading>0.000000</trueHeading>
<magneticHeading>0.000000</magneticHeading>
<gpsHeading>288.347046</gpsHeading>
<haccuracy>4.968000</haccuracy>
<vaccuracy>4.968000</vaccuracy>
<internetconnect>0</internetconnect>
</trkpt>
<trkpt lat="35.841344" lon="139.042231">
<ele>626.707764</ele>
<time>2026-05-04T23:12:32Z</time>
<speed>1.212617</speed>
<trueHeading>0.000000</trueHeading>
<magneticHeading>0.000000</magneticHeading>
<gpsHeading>281.270752</gpsHeading>
<haccuracy>3.410000</haccuracy>
<vaccuracy>3.410000</vaccuracy>
<internetconnect>0</internetconnect>
</trkpt>
<trkpt lat="35.841079" lon="139.041955">
<ele>625.387606</ele>
<time>2026-05-04T23:12:56Z</time>
<speed>1.417580</speed>
<trueHeading>0.000000</trueHeading>
<magneticHeading>0.000000</magneticHeading>
<gpsHeading>220.153259</gpsHeading>
<haccuracy>3.117000</haccuracy>
<vaccuracy>3.117000</vaccuracy>
<internetconnect>0</internetconnect>
</trkpt>
<trkpt lat="35.841009" lon="139.041592">
<ele>624.216318</ele>
<time>2026-05-04T23:13:20Z</time>
<speed>0.946287</speed>
<trueHeading>0.000000</trueHeading>
<magneticHeading>0.000000</magneticHeading>
<gpsHeading>256.719116</gpsHeading>
<haccuracy>3.236000</haccuracy>
<vaccuracy>3.236000</vaccuracy>
<internetconnect>0</internetconnect>
</trkpt>
<trkpt lat="35.841061" lon="139.041277">
<ele>623.984371</ele>
<time>2026-05-04T23:13:43Z</time>
<speed>0.327662</speed>
<trueHeading>0.000000</trueHeading>
<magneticHeading>0.000000</magneticHeading>
<gpsHeading>281.352905</gpsHeading>
<haccuracy>5.122000</haccuracy>
<vaccuracy>5.122000</vaccuracy>
<internetconnect>0</internetconnect>
</trkpt>
<trkpt lat="35.841165" lon="139.040848">
<ele>624.350841</ele>
<time>2026-05-04T23:14:06Z</time>
<speed>1.090580</speed>
<trueHeading>0.000000</trueHeading>
<magneticHeading>0.000000</magneticHeading>
<gpsHeading>286.641571</gpsHeading>
<haccuracy>6.400000</haccuracy>
<vaccuracy>6.400000</vaccuracy>
<internetconnect>0</internetconnect>
</trkpt>
<trkpt lat="35.841216" lon="139.040494">
<ele>625.219712</ele>
<time>2026-05-04T23:14:30Z</time>
<speed>0.322807</speed>
<trueHeading>0.000000</trueHeading>
<magneticHeading>0.000000</magneticHeading>
<gpsHeading>280.188232</gpsHeading>
<haccuracy>6.280000</haccuracy>
<vaccuracy>6.280000</vaccuracy>
<internetconnect>0</internetconnect>
</trkpt>
<trkpt lat="35.841285" lon="139.040085">
<ele>625.614560</ele>
<time>2026-05-04T23:14:53Z</time>
<speed>1.019067</speed>
<trueHeading>0.000000</trueHeading>
<magneticHeading>0.000000</magneticHeading>
<gpsHeading>281.761505</gpsHeading>
<haccuracy>6.227000</haccuracy>
<vaccuracy>6.227000</vaccuracy>
<internetconnect>0</internetconnect>
</trkpt>
<trkpt lat="35.841380" lon="139.039740">
<ele>625.765515</ele>
<time>2026-05-04T23:15:17Z</time>
<speed>0.447496</speed>
<trueHeading>0.000000</trueHeading>
<magneticHeading>0.000000</magneticHeading>
<gpsHeading>288.782074</gpsHeading>
<haccuracy>5.641000</haccuracy>
<vaccuracy>5.641000</vaccuracy>
<internetconnect>0</internetconnect>
</trkpt>
<trkpt lat="35.841593" lon="139.039449">
<ele>625.409441</ele>
<time>2026-05-04T23:15:40Z</time>
<speed>0.480262</speed>
<trueHeading>0.000000</trueHeading>
<magneticHeading>0.000000</magneticHeading>
<gpsHeading>312.116669</gpsHeading>
<haccuracy>5.099000</haccuracy>
<vaccuracy>5.099000</vaccuracy>
<internetconnect>0</internetconnect>
</trkpt>
<trkpt lat="35.841819" lon="139.039189">
<ele>625.122083</ele>
<time>2026-05-04T23:16:04Z</time>
<speed>0.433421</speed>
<trueHeading>0.000000</trueHeading>
<magneticHeading>0.000000</magneticHeading>
<gpsHeading>316.841370</gpsHeading>
<haccuracy>5.798000</haccuracy>
<vaccuracy>5.798000</vaccuracy>
<internetconnect>0</internetconnect>
</trkpt>
<trkpt lat="35.842006" lon="139.038885">
<ele>624.790434</ele>
<time>2026-05-04T23:16:27Z</time>
<speed>0.931713</speed>
<trueHeading>0.000000</trueHeading>
<magneticHeading>0.000000</magneticHeading>
<gpsHeading>307.168335</gpsHeading>
<haccuracy>6.125000</haccuracy>
<vaccuracy>6.125000</vaccuracy>
<internetconnect>0</internetconnect>
</trkpt>
<trkpt lat="35.842190" lon="139.038585">
<ele>624.248762</ele>
<time>2026-05-04T23:16:50Z</time>
<speed>0.756157</speed>
<trueHeading>0.000000</trueHeading>
<magneticHeading>0.000000</magneticHeading>
<gpsHeading>307.227722</gpsHeading>
<haccuracy>4.750000</haccuracy>
<vaccuracy>4.750000</vaccuracy>
<internetconnect>0</internetconnect>
</trkpt>
<trkpt lat="35.842429" lon="139.038205">
<ele>623.524220</ele>
<time>2026-05-04T23:17:13Z</time>
<speed>1.537675</speed>
<trueHeading>0.000000</trueHeading>
<magneticHeading>0.000000</magneticHeading>
<gpsHeading>307.767761</gpsHeading>
<haccuracy>5.569000</haccuracy>
<vaccuracy>5.569000</vaccuracy>
<internetconnect>0</internetconnect>
</trkpt>
<trkpt lat="35.842736" lon="139.038103">
<ele>623.138640</ele>
<time>2026-05-04T23:17:37Z</time>
<speed>0.540439</speed>
<trueHeading>0.000000</trueHeading>
<magneticHeading>0.000000</magneticHeading>
<gpsHeading>344.940399</gpsHeading>
<haccuracy>4.594000</haccuracy>
<vaccuracy>4.594000</vaccuracy>
<internetconnect>0</internetconnect>
</trkpt>
<trkpt lat="35.843020" lon="139.038321">
<ele>622.959792</ele>
<time>2026-05-04T23:18:01Z</time>
<speed>0.347230</speed>
<trueHeading>0.000000</trueHeading>
<magneticHeading>0.000000</magneticHeading>
<gpsHeading>31.878962</gpsHeading>
<haccuracy>5.365000</haccuracy>
<vaccuracy>5.365000</vaccuracy>
<internetconnect>0</internetconnect>
</trkpt>
<trkpt lat="35.843289" lon="139.038551">
<ele>623.166359</ele>
<time>2026-05-04T23:18:25Z</time>
<speed>0.144318</speed>
<trueHeading>0.000000</trueHeading>
<magneticHeading>0.000000</magneticHeading>
<gpsHeading>34.780682</gpsHeading>
<haccuracy>4.085000</haccuracy>
<vaccuracy>4.085000</vaccuracy>
<internetconnect>0</internetconnect>
</trkpt>
<trkpt lat="35.843671" lon="139.038683">
<ele>622.790317</ele>
<time>2026-05-04T23:18:48Z</time>
<speed>1.063765</speed>
<trueHeading>0.000000</trueHeading>
<magneticHeading>0.000000</magneticHeading>
<gpsHeading>15.613846</gpsHeading>
<haccuracy>5.643000</haccuracy>
<vaccuracy>5.643000</vaccuracy>
<internetconnect>0</internetconnect>
</trkpt>
<trkpt lat="35.843898" lon="139.038600">
<ele>622.470693</ele>
<time>2026-05-04T23:19:12Z</time>
<speed>0.419195</speed>
<trueHeading>0.000000</trueHeading>
<magneticHeading>0.000000</magneticHeading>
<gpsHeading>343.449188</gpsHeading>
<haccuracy>4.575000</haccuracy>
<vaccuracy>4.575000</vaccuracy>
<internetconnect>0</internetconnect>
</trkpt>
<trkpt lat="35.844117" lon="139.038799">
<ele>622.246187</ele>
<time>2026-05-04T23:19:35Z</time>
<speed>0.473677</speed>
<trueHeading>0.000000</trueHeading>
<magneticHeading>0.000000</magneticHeading>
<gpsHeading>36.268604</gpsHeading>
<haccuracy>6.165000</haccuracy>
<vaccuracy>6.165000</vaccuracy>
<internetconnect>0</internetconnect>
</trkpt>
<trkpt lat="35.844444" lon="139.038992">
<ele>621.771353</ele>
<time>2026-05-04T23:19:59Z</time>
<speed>0.373612</speed>
<trueHeading>0.000000</trueHeading>
<magneticHeading>0.000000</magneticHeading>
<gpsHeading>25.524496</gpsHeading>
<haccuracy>6.478000</haccuracy>
<vaccuracy>6.478000</vaccuracy>
<internetconnect>0</internetconnect>
</trkpt>
<trkpt lat="35.844731" lon="139.039141">
<ele>621.432626</ele>
<time>2026-05-04T23:20:22Z</time>
<speed>0.309481</speed>
<trueHeading>0.000000</trueHeading>
<magneticHeading>0.000000</magneticHeading>
<gpsHeading>22.900835</gpsHeading>
<haccuracy>5.054000</haccuracy>
<vaccuracy>5.054000</vaccuracy>
<internetconnect>0</internetconnect>
</trkpt>
<trkpt lat="35.845048" lon="139.039298">
<ele>620.731402</ele>
<time>2026-05-04T23:20:46Z</time>
<speed>0.304491</speed>
<trueHeading>0.000000</trueHeading>
<magneticHeading>0.000000</magneticHeading>
<gpsHeading>21.899473</gpsHeading>
<haccuracy>4.739000</haccuracy>
<vaccuracy>4.739000</vaccuracy>
<internetconnect>0</internetconnect>
</trkpt>
<trkpt lat="35.845358" lon="139.039333">
<ele>620.323651</ele>
<time>2026-05-04T23:21:09Z</time>
<speed>0.441448</speed>
<trueHeading>0.000000</trueHeading>
<magneticHeading>0.000000</magneticHeading>
<gpsHeading>5.214262</gpsHeading>
<haccuracy>3.417000</haccuracy>
<vaccuracy>3.417000</vaccuracy>
<internetconnect>0</internetconnect>
</trkpt>
<trkpt lat="35.845657" lon="139.039152">
<ele>619.715034</ele>
<time>2026-05-04T23:21:33Z</time>
<speed>0.355802</speed>
<trueHeading>0.000000</trueHeading>
<magneticHeading>0.000000</magneticHeading>
<gpsHeading>333.827667</gpsHeading>
<haccuracy>3.382000</haccuracy>
<vaccuracy>3.382000</vaccuracy>
<internetconnect>0</internetconnect>
</trkpt>
<trkpt lat="35.846049" lon="139.038814">
<ele>618.872657</ele>
<time>2026-05-04T23:21:57Z</time>
<speed>1.654068</speed>
<trueHeading>0.000000</trueHeading>
<magneticHeading>0.000000</magneticHeading>
<gpsHeading>325.037842</gpsHeading>
<haccuracy>5.100000</haccuracy>
<vaccuracy>5.100000</vaccuracy>
<internetconnect>0</internetconnect>
</trkpt>
<trkpt lat="35.846405" lon="139.038787">
<ele>617.834415</ele>
<time>2026-05-04T23:22:21Z</time>
<speed>1.669080</speed>
<trueHeading>0.000000</trueHeading>
<magneticHeading>0.000000</magneticHeading>
<gpsHeading>356.463074</gpsHeading>
<haccuracy>5.213000</haccuracy>
<vaccuracy>5.213000</vaccuracy>
<internetconnect>0</internetconnect>
</trkpt>
<trkpt lat="35.846652" lon="139.038802">
<ele>616.685816</ele>
<time>2026-05-04T23:22:44Z</time>
<speed>0.238355</speed>
<trueHeading>0.000000</trueHeading>
<magneticHeading>0.000000</magneticHeading>
<gpsHeading>2.856837</gpsHeading>
<haccuracy>5.564000</haccuracy>
<vaccuracy>5.564000</vaccuracy>
<internetconnect>0</internetconnect>
</trkpt>
<trkpt lat="35.846951" lon="139.038851">
<ele>615.721679</ele>
<time>2026-05-04T23:23:08Z</time>
<speed>0.338938</speed>
<trueHeading>0.000000</trueHeading>
<magneticHeading>0.000000</magneticHeading>
<gpsHeading>7.564282</gpsHeading>
<haccuracy>4.273000</haccuracy>
<vaccuracy>4.273000</vaccuracy>
<internetconnect>0</internetconnect>
</trkpt>
<trkpt lat="35.847367" lon="139.038583">
<ele>614.745146</ele>
<time>2026-05-04T23:23:31Z</time>
<speed>1.575340</speed>
<trueHeading>0.000000</trueHeading>
<magneticHeading>0.000000</magneticHeading>
<gpsHeading>332.478394</gpsHeading>
<haccuracy>5.525000</haccuracy>
<vaccuracy>5.525000</vaccuracy>
<internetconnect>0</internetconnect>
</trkpt>
<trkpt lat="35.847547" lon="139.038264">
<ele>613.819287</ele>
<time>2026-05-04T23:23:54Z</time>
<speed>0.608898</speed>
<trueHeading>0.000000</trueHeading>
<magneticHeading>0.000000</magneticHeading>
<gpsHeading>304.717590</gpsHeading>
<haccuracy>4.653000</haccuracy>
<vaccuracy>4.653000</vaccuracy>
<internetconnect>0</internetconnect>
</trkpt>
<trkpt lat="35.847776" lon="139.037963">
<ele>612.869627</ele>
<time>2026-05-04T23:24:18Z</time>
<speed>0.397302</speed>
<trueHeading>0.000000</trueHeading>
<magneticHeading>0.000000</magneticHeading>
<gpsHeading>313.195038</gpsHeading>
<haccuracy>5.072000</haccuracy>
<vaccuracy>5.072000</vaccuracy>
<internetconnect>0</internetconnect>
</trkpt>
<trkpt lat="35.847976" lon="139.037603">
<ele>611.797261</ele>
<time>2026-05-04T23:24:42Z</time>
<speed>0.415708</speed>
<trueHeading>0.000000</trueHeading>
<magneticHeading>0.000000</magneticHeading>
<gpsHeading>304.558289</gpsHeading>
<haccuracy>5.490000</haccuracy>
<vaccuracy>5.490000</vaccuracy>
<internetconnect>0</internetconnect>
</trkpt>
<trkpt lat="35.848294" lon="139.037533">
<ele>611.481270</ele>
<time>2026-05-04T23:25:06Z</time>
<speed>0.459263</speed>
<trueHeading>0.000000</trueHeading>
<magneticHeading>0.000000</magneticHeading>
<gpsHeading>349.806274</gpsHeading>
<haccuracy>4.591000</haccuracy>
<vaccuracy>4.591000</vaccuracy>
<internetconnect>0</internetconnect>
</trkpt>
<trkpt lat="35.848627" lon="139.037502">
<ele>611.530542</ele>
<time>2026-05-04T23:25:29Z</time>
<speed>0.275205</speed>
<trueHeading>0.000000</trueHeading>
<magneticHeading>0.000000</magneticHeading>
<gpsHeading>355.703735</gpsHeading>
<haccuracy>5.443000</haccuracy>
<vaccuracy>5.443000</vaccuracy>
<internetconnect>0</internetconnect>
</trkpt>
<trkpt lat="35.848996" lon="139.037349">
<ele>612.943014</ele>
<time>2026-05-04T23:25:53Z</time>
<speed>0.309307</speed>
<trueHeading>0.000000</trueHeading>
<magneticHeading>0.000000</magneticHeading>
<gpsHeading>341.391113</gpsHeading>
<haccuracy>4.481000</haccuracy>
<vaccuracy>4.481000</vaccuracy>
<internetconnect>0</internetconnect>
</trkpt>
<trkpt lat="35.849259" lon="139.037398">
<ele>614.674376</ele>
<time>2026-05-04T23:26:16Z</time>
<speed>0.336702</speed>
<trueHeading>0.000000</trueHeading>
<magneticHeading>0.000000</magneticHeading>
<gpsHeading>8.550023</gpsHeading>
<haccuracy>4.881000</haccuracy>
<vaccuracy>4.881000</vaccuracy>
<internetconnect>0</internetconnect>
</trkpt>
<trkpt lat="35.849348" lon="139.037866">
<ele>617.154117</ele>
<time>2026-05-04T23:26:40Z</time>
<speed>0.273473</speed>
<trueHeading>0.000000</trueHeading>
<magneticHeading>0.000000</magneticHeading>
<gpsHeading>76.881393</gpsHeading>
<haccuracy>5.014000</haccuracy>
<vaccuracy>5.014000</vaccuracy>
<internetconnect>0</internetconnect>
</trkpt>
<trkpt lat="35.849435" lon="139.038310">
<ele>619.198165</ele>
<time>2026-05-04T23:27:03Z</time>
<speed>0.709902</speed>
<trueHeading>0.000000</trueHeading>
<magneticHeading>0.000000</magneticHeading>
<gpsHeading>76.313805</gpsHeading>
<haccuracy>5.778000</haccuracy>
<vaccuracy>5.778000</vaccuracy>
<internetconnect>0</internetconnect>
</trkpt>
<trkpt lat="35.849693" lon="139.038701">
<ele>620.867127</ele>
<time>2026-05-04T23:27:27Z</time>
<speed>1.551413</speed>
<trueHeading>0.000000</trueHeading>
<magneticHeading>0.000000</magneticHeading>
<gpsHeading>50.928360</gpsHeading>
<haccuracy>4.126000</haccuracy>
<vaccuracy>4.126000</vaccuracy>
<internetconnect>0</internetconnect>
</trkpt>
<trkpt lat="35.849827" lon="139.038993">
<ele>622.295347</ele>
<time>2026-05-04T23:27:50Z</time>
<speed>0.272190</speed>
<trueHeading>0.000000</trueHeading>
<magneticHeading>0.000000</magneticHeading>
<gpsHeading>60.407017</gpsHeading>
<haccuracy>4.184000</haccuracy>
<vaccuracy>4.184000</vaccuracy>
<internetconnect>0</internetconnect>
</trkpt>
<trkpt lat="35.849998" lon="139.039298">
<ele>623.997546</ele>
<time>2026-05-04T23:28:14Z</time>
<speed>0.170550</speed>
<trueHeading>0.000000</trueHeading>
<magneticHeading>0.000000</magneticHeading>
<gpsHeading>55.389488</gpsHeading>
<haccuracy>4.046000</haccuracy>
<vaccuracy>4.046000</vaccuracy>
<internetconnect>0</internetconnect>
</trkpt>
<trkpt lat="35.850317" lon="139.039680">
<ele>625.733975</ele>
<time>2026-05-04T23:28:38Z</time>
<speed>1.245949</speed>
<trueHeading>0.000000</trueHeading>
<magneticHeading>0.000000</magneticHeading>
<gpsHeading>44.075844</gpsHeading>
<haccuracy>4.284000</haccuracy>
<vaccuracy>4.284000</vaccuracy>
<internetconnect>0</internetconnect>
</trkpt>
<trkpt lat="35.850643" lon="139.039689">
<ele>627.095119</ele>
<time>2026-05-04T23:29:01Z</time>
<speed>0.244386</speed>
<trueHeading>0.000000</trueHeading>
<magneticHeading>0.000000</magneticHeading>
<gpsHeading>1.269607</gpsHeading>
<haccuracy>4.224000</haccuracy>
<vaccuracy>4.224000</vaccuracy>
<internetconnect>0</internetconnect>
</trkpt>
<trkpt lat="35.851037" lon="139.039733">
<ele>628.568498</ele>
<time>2026-05-04T23:29:25Z</time>
<speed>0.764784</speed>
<trueHeading>0.000000</trueHeading>
<magneticHeading>0.000000</magneticHeading>
<gpsHeading>5.122829</gpsHeading>
<haccuracy>5.998000</haccuracy>
<vaccuracy>5.998000</vaccuracy>
<internetconnect>0</internetconnect>
</trkpt>
<trkpt lat="35.851308" lon="139.039900">
<ele>630.498916</ele>
<time>2026-05-04T23:29:48Z</time>
<speed>0.304034</speed>
<trueHeading>0.000000</trueHeading>
<magneticHeading>0.000000</magneticHeading>
<gpsHeading>26.693485</gpsHeading>
<haccuracy>4.194000</haccuracy>
<vaccuracy>4.194000</vaccuracy>
<internetconnect>0</internetconnect>
</trkpt>
<trkpt lat="35.851707" lon="139.039892">
<ele>633.008182</ele>
<time>2026-05-04T23:30:11Z</time>
<speed>1.528560</speed>
<trueHeading>0.000000</trueHeading>
<magneticHeading>0.000000</magneticHeading>
<gpsHeading>359.046387</gpsHeading>
<haccuracy>6.942000</haccuracy>
<vaccuracy>6.942000</vaccuracy>
<internetconnect>0</internetconnect>
</trkpt>
<trkpt lat="35.851921" lon="139.039880">
<ele>633.979337</ele>
<time>2026-05-04T23:30:35Z</time>
<speed>0.311031</speed>
<trueHeading>0.000000</trueHeading>
<magneticHeading>0.000000</magneticHeading>
<gpsHeading>357.398895</gpsHeading>
<haccuracy>5.279000</haccuracy>
<vaccuracy>5.279000</vaccuracy>
<internetconnect>0</internetconnect>
</trkpt>
<trkpt lat="35.851774" lon="139.039889">
<ele>633.542454</ele>
<time>2026-05-04T23:31:06Z</time>
<speed>0.272635</speed>
<trueHeading>0.000000</trueHeading>
<magneticHeading>0.000000</magneticHeading>
<gpsHeading>177.133377</gpsHeading>
<haccuracy>4.409000</haccuracy>
<vaccuracy>4.409000</vaccuracy>
<internetconnect>0</internetconnect>
</trkpt>
<trkpt lat="35.851345" lon="139.039751">
<ele>632.416233</ele>
<time>2026-05-04T23:31:29Z</time>
<speed>1.428403</speed>
<trueHeading>0.000000</trueHeading>
<magneticHeading>0.000000</magneticHeading>
<gpsHeading>194.633774</gpsHeading>
<haccuracy>5.333000</haccuracy>
<vaccuracy>5.333000</vaccuracy>
<internetconnect>0</internetconnect>
</trkpt>
<trkpt lat="35.851295" lon="139.039947">
<ele>631.802654</ele>
<time>2026-05-04T23:32:13Z</time>
<speed>0.095243</speed>
<trueHeading>0.000000</trueHeading>
<magneticHeading>0.000000</magneticHeading>
<gpsHeading>107.487167</gpsHeading>
<haccuracy>8.024000</haccuracy>
<vaccuracy>8.024000</vaccuracy>
<internetconnect>0</internetconnect>
</trkpt>
<trkpt lat="35.851203" lon="139.040076">
<ele>631.908037</ele>
<time>2026-05-04T23:33:15Z</time>
<speed>0.100513</speed>
<trueHeading>0.000000</trueHeading>
<magneticHeading>0.000000</magneticHeading>
<gpsHeading>131.172211</gpsHeading>
<haccuracy>4.246000</haccuracy>
<vaccuracy>4.246000</vaccuracy>
<internetconnect>0</internetconnect>
</trkpt>
<trkpt lat="35.851204" lon="139.040080">
<ele>632.166583</ele>
<time>2026-05-04T23:34:16Z</time>
<speed>0.116734</speed>
<trueHeading>0.000000</trueHeading>
<magneticHeading>0.000000</magneticHeading>
<gpsHeading>71.559326</gpsHeading>
<haccuracy>4.970000</haccuracy>
<vaccuracy>4.970000</vaccuracy>
<internetconnect>0</internetconnect>
</trkpt>
<trkpt lat="35.851205" lon="139.040081">
<ele>632.168329</ele>
<time>2026-05-04T23:35:18Z</time>
<speed>0.123735</speed>
<trueHeading>0.000000</trueHeading>
<magneticHeading>0.000000</magneticHeading>
<gpsHeading>50.562836</gpsHeading>
<haccuracy>5.264000</haccuracy>
<vaccuracy>5.264000</vaccuracy>
<internetconnect>0</internetconnect>
</trkpt>
<trkpt lat="35.851337" lon="139.040158">
<ele>632.297039</ele>
<time>2026-05-04T23:36:01Z</time>
<speed>0.423805</speed>
<trueHeading>0.000000</trueHeading>
<magneticHeading>0.000000</magneticHeading>
<gpsHeading>25.310287</gpsHeading>
<haccuracy>6.034000</haccuracy>
<vaccuracy>6.034000</vaccuracy>
<internetconnect>0</internetconnect>
</trkpt>
<trkpt lat="35.851659" lon="139.040197">
<ele>634.213004</ele>
<time>2026-05-04T23:36:25Z</time>
<speed>0.258328</speed>
<trueHeading>0.000000</trueHeading>
<magneticHeading>0.000000</magneticHeading>
<gpsHeading>5.576510</gpsHeading>
<haccuracy>3.679000</haccuracy>
<vaccuracy>3.679000</vaccuracy>
<internetconnect>0</internetconnect>
</trkpt>
<trkpt lat="35.851794" lon="139.040333">
<ele>638.181334</ele>
<time>2026-05-04T23:36:49Z</time>
<speed>0.510862</speed>
<trueHeading>0.000000</trueHeading>
<magneticHeading>0.000000</magneticHeading>
<gpsHeading>39.108570</gpsHeading>
<haccuracy>4.329000</haccuracy>
<vaccuracy>4.329000</vaccuracy>
<internetconnect>0</internetconnect>
</trkpt>
<trkpt lat="35.851902" lon="139.040333">
<ele>642.800034</ele>
<time>2026-05-04T23:37:50Z</time>
<speed>0.127482</speed>
<trueHeading>0.000000</trueHeading>
<magneticHeading>0.000000</magneticHeading>
<gpsHeading>359.828003</gpsHeading>
<haccuracy>4.259000</haccuracy>
<vaccuracy>4.259000</vaccuracy>
<internetconnect>0</internetconnect>
</trkpt>
<trkpt lat="35.851896" lon="139.040296">
<ele>645.876303</ele>
<time>2026-05-04T23:38:52Z</time>
<speed>0.134568</speed>
<trueHeading>0.000000</trueHeading>
<magneticHeading>0.000000</magneticHeading>
<gpsHeading>258.010345</gpsHeading>
<haccuracy>5.457000</haccuracy>
<vaccuracy>5.457000</vaccuracy>
<internetconnect>0</internetconnect>
</trkpt>
<trkpt lat="35.851992" lon="139.040288">
<ele>646.886471</ele>
<time>2026-05-04T23:39:54Z</time>
<speed>0.504855</speed>
<trueHeading>0.000000</trueHeading>
<magneticHeading>0.000000</magneticHeading>
<gpsHeading>356.324707</gpsHeading>
<haccuracy>4.614000</haccuracy>
<vaccuracy>4.614000</vaccuracy>
<internetconnect>0</internetconnect>
</trkpt>
<trkpt lat="35.851866" lon="139.040324">
<ele>647.404776</ele>
<time>2026-05-04T23:40:55Z</time>
<speed>0.136827</speed>
<trueHeading>0.000000</trueHeading>
<magneticHeading>0.000000</magneticHeading>
<gpsHeading>167.006439</gpsHeading>
<haccuracy>4.796000</haccuracy>
<vaccuracy>4.796000</vaccuracy>
<internetconnect>0</internetconnect>
</trkpt>
<trkpt lat="35.851852" lon="139.040335">
<ele>647.841722</ele>
<time>2026-05-04T23:41:56Z</time>
<speed>0.031200</speed>
<trueHeading>0.000000</trueHeading>
<magneticHeading>0.000000</magneticHeading>
<gpsHeading>148.222626</gpsHeading>
<haccuracy>4.437000</haccuracy>
<vaccuracy>4.437000</vaccuracy>
<internetconnect>0</internetconnect>
</trkpt>
<trkpt lat="35.851889" lon="139.040329">
<ele>648.883604</ele>
<time>2026-05-04T23:42:57Z</time>
<speed>1.436591</speed>
<trueHeading>0.000000</trueHeading>
<magneticHeading>0.000000</magneticHeading>
<gpsHeading>352.700439</gpsHeading>
<haccuracy>6.380000</haccuracy>
<vaccuracy>6.380000</vaccuracy>
<internetconnect>0</internetconnect>
</trkpt>
<trkpt lat="35.851872" lon="139.040116">
<ele>653.696433</ele>
<time>2026-05-04T23:43:21Z</time>
<speed>0.286841</speed>
<trueHeading>0.000000</trueHeading>
<magneticHeading>0.000000</magneticHeading>
<gpsHeading>264.439453</gpsHeading>
<haccuracy>5.589000</haccuracy>
<vaccuracy>5.589000</vaccuracy>
<internetconnect>0</internetconnect>
</trkpt>
<trkpt lat="35.851842" lon="139.040094">
<ele>659.566018</ele>
<time>2026-05-04T23:44:22Z</time>
<speed>0.278211</speed>
<trueHeading>0.000000</trueHeading>
<magneticHeading>0.000000</magneticHeading>
<gpsHeading>209.695160</gpsHeading>
<haccuracy>4.118000</haccuracy>
<vaccuracy>4.118000</vaccuracy>
<internetconnect>0</internetconnect>
</trkpt>
<trkpt lat="35.851884" lon="139.040046">
<ele>664.984259</ele>
<time>2026-05-04T23:45:23Z</time>
<speed>0.194815</speed>
<trueHeading>0.000000</trueHeading>
<magneticHeading>0.000000</magneticHeading>
<gpsHeading>317.088928</gpsHeading>
<haccuracy>4.032000</haccuracy>
<vaccuracy>4.032000</vaccuracy>
<internetconnect>0</internetconnect>
</trkpt>
<trkpt lat="35.852027" lon="139.039999">
<ele>668.704860</ele>
<time>2026-05-04T23:45:49Z</time>
<speed>0.212769</speed>
<trueHeading>0.000000</trueHeading>
<magneticHeading>0.000000</magneticHeading>
<gpsHeading>344.901154</gpsHeading>
<haccuracy>3.181000</haccuracy>
<vaccuracy>3.181000</vaccuracy>
<internetconnect>0</internetconnect>
</trkpt>
<trkpt lat="35.852185" lon="139.040008">
<ele>672.847047</ele>
<time>2026-05-04T23:46:26Z</time>
<speed>0.259079</speed>
<trueHeading>0.000000</trueHeading>
<magneticHeading>0.000000</magneticHeading>
<gpsHeading>2.731425</gpsHeading>
<haccuracy>8.875000</haccuracy>
<vaccuracy>8.875000</vaccuracy>
<internetconnect>0</internetconnect>
</trkpt>
<trkpt lat="35.852181" lon="139.039829">
<ele>679.253467</ele>
<time>2026-05-04T23:47:20Z</time>
<speed>0.362296</speed>
<trueHeading>0.000000</trueHeading>
<magneticHeading>0.000000</magneticHeading>
<gpsHeading>268.733673</gpsHeading>
<haccuracy>5.132000</haccuracy>
<vaccuracy>5.132000</vaccuracy>
<internetconnect>0</internetconnect>
</trkpt>
<trkpt lat="35.851925" lon="139.039621">
<ele>687.966841</ele>
<time>2026-05-04T23:48:01Z</time>
<speed>0.129005</speed>
<trueHeading>0.000000</trueHeading>
<magneticHeading>0.000000</magneticHeading>
<gpsHeading>213.323730</gpsHeading>
<haccuracy>13.683000</haccuracy>
<vaccuracy>13.683000</vaccuracy>
<internetconnect>0</internetconnect>
</trkpt>
<trkpt lat="35.852068" lon="139.039594">
<ele>697.238155</ele>
<time>2026-05-04T23:48:54Z</time>
<speed>0.340648</speed>
<trueHeading>0.000000</trueHeading>
<magneticHeading>0.000000</magneticHeading>
<gpsHeading>351.121033</gpsHeading>
<haccuracy>5.432000</haccuracy>
<vaccuracy>5.432000</vaccuracy>
<internetconnect>0</internetconnect>
</trkpt>
<trkpt lat="35.852157" lon="139.039435">
<ele>706.312091</ele>
<time>2026-05-04T23:49:24Z</time>
<speed>0.840048</speed>
<trueHeading>0.000000</trueHeading>
<magneticHeading>0.000000</magneticHeading>
<gpsHeading>304.635956</gpsHeading>
<haccuracy>5.197000</haccuracy>
<vaccuracy>5.197000</vaccuracy>
<internetconnect>0</internetconnect>
</trkpt>
<trkpt lat="35.852028" lon="139.039352">
<ele>712.394081</ele>
<time>2026-05-04T23:49:48Z</time>
<speed>0.331245</speed>
<trueHeading>0.000000</trueHeading>
<magneticHeading>0.000000</magneticHeading>
<gpsHeading>207.617081</gpsHeading>
<haccuracy>4.996000</haccuracy>
<vaccuracy>4.996000</vaccuracy>
<internetconnect>0</internetconnect>
</trkpt>
<trkpt lat="35.852104" lon="139.039201">
<ele>719.837950</ele>
<time>2026-05-04T23:50:18Z</time>
<speed>0.393232</speed>
<trueHeading>0.000000</trueHeading>
<magneticHeading>0.000000</magneticHeading>
<gpsHeading>301.855560</gpsHeading>
<haccuracy>4.596000</haccuracy>
<vaccuracy>4.596000</vaccuracy>
<internetconnect>0</internetconnect>
</trkpt>
<trkpt lat="35.852157" lon="139.039034">
<ele>727.547538</ele>
<time>2026-05-04T23:51:13Z</time>
<speed>0.068770</speed>
<trueHeading>0.000000</trueHeading>
<magneticHeading>0.000000</magneticHeading>
<gpsHeading>291.442993</gpsHeading>
<haccuracy>4.609000</haccuracy>
<vaccuracy>4.609000</vaccuracy>
<internetconnect>0</internetconnect>
</trkpt>
<trkpt lat="35.852287" lon="139.038838">
<ele>735.221183</ele>
<time>2026-05-04T23:51:37Z</time>
<speed>0.380338</speed>
<trueHeading>0.000000</trueHeading>
<magneticHeading>0.000000</magneticHeading>
<gpsHeading>309.142731</gpsHeading>
<haccuracy>4.701000</haccuracy>
<vaccuracy>4.701000</vaccuracy>
<internetconnect>0</internetconnect>
</trkpt>
<trkpt lat="35.852439" lon="139.038770">
<ele>741.254003</ele>
<time>2026-05-04T23:52:01Z</time>
<speed>0.274754</speed>
<trueHeading>0.000000</trueHeading>
<magneticHeading>0.000000</magneticHeading>
<gpsHeading>340.282288</gpsHeading>
<haccuracy>5.561000</haccuracy>
<vaccuracy>5.561000</vaccuracy>
<internetconnect>0</internetconnect>
</trkpt>
<trkpt lat="35.852294" lon="139.038705">
<ele>745.227452</ele>
<time>2026-05-04T23:52:47Z</time>
<speed>0.059045</speed>
<trueHeading>0.000000</trueHeading>
<magneticHeading>0.000000</magneticHeading>
<gpsHeading>199.983734</gpsHeading>
<haccuracy>4.515000</haccuracy>
<vaccuracy>4.515000</vaccuracy>
<internetconnect>0</internetconnect>
</trkpt>
<trkpt lat="35.852184" lon="139.038824">
<ele>748.988945</ele>
<time>2026-05-04T23:53:19Z</time>
<speed>0.523183</speed>
<trueHeading>0.000000</trueHeading>
<magneticHeading>0.000000</magneticHeading>
<gpsHeading>138.678665</gpsHeading>
<haccuracy>5.971000</haccuracy>
<vaccuracy>5.971000</vaccuracy>
<internetconnect>0</internetconnect>
</trkpt>
<trkpt lat="35.852274" lon="139.038685">
<ele>752.069330</ele>
<time>2026-05-04T23:53:57Z</time>
<speed>0.342322</speed>
<trueHeading>0.000000</trueHeading>
<magneticHeading>0.000000</magneticHeading>
<gpsHeading>308.345856</gpsHeading>
<haccuracy>5.853000</haccuracy>
<vaccuracy>5.853000</vaccuracy>
<internetconnect>0</internetconnect>
</trkpt>
<trkpt lat="35.852533" lon="139.038650">
<ele>757.624381</ele>
<time>2026-05-04T23:54:20Z</time>
<speed>0.209787</speed>
<trueHeading>0.000000</trueHeading>
<magneticHeading>0.000000</magneticHeading>
<gpsHeading>353.837860</gpsHeading>
<haccuracy>5.551000</haccuracy>
<vaccuracy>5.551000</vaccuracy>
<internetconnect>0</internetconnect>
</trkpt>
<trkpt lat="35.852450" lon="139.038487">
<ele>763.144081</ele>
<time>2026-05-04T23:54:44Z</time>
<speed>0.193777</speed>
<trueHeading>0.000000</trueHeading>
<magneticHeading>0.000000</magneticHeading>
<gpsHeading>237.704758</gpsHeading>
<haccuracy>4.302000</haccuracy>
<vaccuracy>4.302000</vaccuracy>
<internetconnect>0</internetconnect>
</trkpt>
<trkpt lat="35.852349" lon="139.038359">
<ele>769.044440</ele>
<time>2026-05-04T23:55:09Z</time>
<speed>0.111512</speed>
<trueHeading>0.000000</trueHeading>
<magneticHeading>0.000000</magneticHeading>
<gpsHeading>226.004013</gpsHeading>
<haccuracy>4.248000</haccuracy>
<vaccuracy>4.248000</vaccuracy>
<internetconnect>0</internetconnect>
</trkpt>
<trkpt lat="35.852201" lon="139.038410">
<ele>773.202775</ele>
<time>2026-05-04T23:55:46Z</time>
<speed>0.295382</speed>
<trueHeading>0.000000</trueHeading>
<magneticHeading>0.000000</magneticHeading>
<gpsHeading>164.433853</gpsHeading>
<haccuracy>3.201000</haccuracy>
<vaccuracy>3.201000</vaccuracy>
<internetconnect>0</internetconnect>
</trkpt>
<trkpt lat="35.852012" lon="139.038487">
<ele>777.883096</ele>
<time>2026-05-04T23:56:10Z</time>
<speed>0.401750</speed>
<trueHeading>0.000000</trueHeading>
<magneticHeading>0.000000</magneticHeading>
<gpsHeading>161.624283</gpsHeading>
<haccuracy>3.253000</haccuracy>
<vaccuracy>3.253000</vaccuracy>
<internetconnect>0</internetconnect>
</trkpt>
<trkpt lat="35.852006" lon="139.038302">
<ele>782.623088</ele>
<time>2026-05-04T23:56:35Z</time>
<speed>0.550375</speed>
<trueHeading>0.000000</trueHeading>
<magneticHeading>0.000000</magneticHeading>
<gpsHeading>267.709839</gpsHeading>
<haccuracy>3.987000</haccuracy>
<vaccuracy>3.987000</vaccuracy>
<internetconnect>0</internetconnect>
</trkpt>
<trkpt lat="35.852260" lon="139.038145">
<ele>788.789236</ele>
<time>2026-05-04T23:56:58Z</time>
<speed>0.390113</speed>
<trueHeading>0.000000</trueHeading>
<magneticHeading>0.000000</magneticHeading>
<gpsHeading>333.433105</gpsHeading>
<haccuracy>5.244000</haccuracy>
<vaccuracy>5.244000</vaccuracy>
<internetconnect>0</internetconnect>
</trkpt>
<trkpt lat="35.852420" lon="139.038066">
<ele>794.413093</ele>
<time>2026-05-04T23:57:22Z</time>
<speed>0.263086</speed>
<trueHeading>0.000000</trueHeading>
<magneticHeading>0.000000</magneticHeading>
<gpsHeading>338.113312</gpsHeading>
<haccuracy>5.491000</haccuracy>
<vaccuracy>5.491000</vaccuracy>
<internetconnect>0</internetconnect>
</trkpt>
<trkpt lat="35.852279" lon="139.038132">
<ele>800.509693</ele>
<time>2026-05-04T23:57:49Z</time>
<speed>0.193238</speed>
<trueHeading>0.000000</trueHeading>
<magneticHeading>0.000000</magneticHeading>
<gpsHeading>159.208130</gpsHeading>
<haccuracy>3.124000</haccuracy>
<vaccuracy>3.124000</vaccuracy>
<internetconnect>0</internetconnect>
</trkpt>
<trkpt lat="35.852131" lon="139.038123">
<ele>806.763389</ele>
<time>2026-05-04T23:58:19Z</time>
<speed>0.026732</speed>
<trueHeading>0.000000</trueHeading>
<magneticHeading>0.000000</magneticHeading>
<gpsHeading>182.726013</gpsHeading>
<haccuracy>4.987000</haccuracy>
<vaccuracy>4.987000</vaccuracy>
<internetconnect>0</internetconnect>
</trkpt>
<trkpt lat="35.852055" lon="139.037970">
<ele>814.265853</ele>
<time>2026-05-04T23:58:54Z</time>
<speed>0.161617</speed>
<trueHeading>0.000000</trueHeading>
<magneticHeading>0.000000</magneticHeading>
<gpsHeading>238.700516</gpsHeading>
<haccuracy>4.452000</haccuracy>
<vaccuracy>4.452000</vaccuracy>
<internetconnect>0</internetconnect>
</trkpt>
<trkpt lat="35.852044" lon="139.037792">
<ele>821.099636</ele>
<time>2026-05-04T23:59:32Z</time>
<speed>0.424570</speed>
<trueHeading>0.000000</trueHeading>
<magneticHeading>0.000000</magneticHeading>
<gpsHeading>265.410889</gpsHeading>
<haccuracy>4.654000</haccuracy>
<vaccuracy>4.654000</vaccuracy>
<internetconnect>0</internetconnect>
</trkpt>
<trkpt lat="35.852159" lon="139.037649">
<ele>829.815031</ele>
<time>2026-05-04T23:59:55Z</time>
<speed>0.186558</speed>
<trueHeading>0.000000</trueHeading>
<magneticHeading>0.000000</magneticHeading>
<gpsHeading>314.830505</gpsHeading>
<haccuracy>5.073000</haccuracy>
<vaccuracy>5.073000</vaccuracy>
<internetconnect>0</internetconnect>
</trkpt>
<trkpt lat="35.852285" lon="139.037541">
<ele>838.402834</ele>
<time>2026-05-05T00:00:42Z</time>
<speed>0.833085</speed>
<trueHeading>0.000000</trueHeading>
<magneticHeading>0.000000</magneticHeading>
<gpsHeading>325.171814</gpsHeading>
<haccuracy>4.922000</haccuracy>
<vaccuracy>4.922000</vaccuracy>
<internetconnect>0</internetconnect>
</trkpt>
<trkpt lat="35.852294" lon="139.037360">
<ele>848.863223</ele>
<time>2026-05-05T00:01:26Z</time>
<speed>0.056271</speed>
<trueHeading>0.000000</trueHeading>
<magneticHeading>0.000000</magneticHeading>
<gpsHeading>273.317780</gpsHeading>
<haccuracy>3.416000</haccuracy>
<vaccuracy>3.416000</vaccuracy>
<internetconnect>0</internetconnect>
</trkpt>
<trkpt lat="35.852202" lon="139.037221">
<ele>856.693984</ele>
<time>2026-05-05T00:02:06Z</time>
<speed>0.284813</speed>
<trueHeading>0.000000</trueHeading>
<magneticHeading>0.000000</magneticHeading>
<gpsHeading>230.990051</gpsHeading>
<haccuracy>5.533000</haccuracy>
<vaccuracy>5.533000</vaccuracy>
<internetconnect>0</internetconnect>
</trkpt>
<trkpt lat="35.852276" lon="139.036965">
<ele>863.010409</ele>
<time>2026-05-05T00:02:30Z</time>
<speed>0.407867</speed>
<trueHeading>0.000000</trueHeading>
<magneticHeading>0.000000</magneticHeading>
<gpsHeading>289.557770</gpsHeading>
<haccuracy>6.007000</haccuracy>
<vaccuracy>6.007000</vaccuracy>
<internetconnect>0</internetconnect>
</trkpt>
<trkpt lat="35.852505" lon="139.037010">
<ele>869.141517</ele>
<time>2026-05-05T00:02:53Z</time>
<speed>1.038225</speed>
<trueHeading>0.000000</trueHeading>
<magneticHeading>0.000000</magneticHeading>
<gpsHeading>9.140590</gpsHeading>
<haccuracy>4.532000</haccuracy>
<vaccuracy>4.532000</vaccuracy>
<internetconnect>0</internetconnect>
</trkpt>
<trkpt lat="35.852644" lon="139.036958">
<ele>875.376600</ele>
<time>2026-05-05T00:03:31Z</time>
<speed>0.417753</speed>
<trueHeading>0.000000</trueHeading>
<magneticHeading>0.000000</magneticHeading>
<gpsHeading>342.917786</gpsHeading>
<haccuracy>3.700000</haccuracy>
<vaccuracy>3.700000</vaccuracy>
<internetconnect>0</internetconnect>
</trkpt>
<trkpt lat="35.852790" lon="139.036909">
<ele>883.289052</ele>
<time>2026-05-05T00:03:54Z</time>
<speed>0.459946</speed>
<trueHeading>0.000000</trueHeading>
<magneticHeading>0.000000</magneticHeading>
<gpsHeading>344.811798</gpsHeading>
<haccuracy>6.809000</haccuracy>
<vaccuracy>6.809000</vaccuracy>
<internetconnect>0</internetconnect>
</trkpt>
<trkpt lat="35.852926" lon="139.036851">
<ele>889.596063</ele>
<time>2026-05-05T00:04:26Z</time>
<speed>0.255111</speed>
<trueHeading>0.000000</trueHeading>
<magneticHeading>0.000000</magneticHeading>
<gpsHeading>341.191864</gpsHeading>
<haccuracy>3.465000</haccuracy>
<vaccuracy>3.465000</vaccuracy>
<internetconnect>0</internetconnect>
</trkpt>
<trkpt lat="35.853078" lon="139.036852">
<ele>896.704030</ele>
<time>2026-05-05T00:04:51Z</time>
<speed>0.498272</speed>
<trueHeading>0.000000</trueHeading>
<magneticHeading>0.000000</magneticHeading>
<gpsHeading>0.336736</gpsHeading>
<haccuracy>4.438000</haccuracy>
<vaccuracy>4.438000</vaccuracy>
<internetconnect>0</internetconnect>
</trkpt>
<trkpt lat="35.853205" lon="139.036762">
<ele>904.454699</ele>
<time>2026-05-05T00:05:22Z</time>
<speed>0.566240</speed>
<trueHeading>0.000000</trueHeading>
<magneticHeading>0.000000</magneticHeading>
<gpsHeading>330.147064</gpsHeading>
<haccuracy>7.655000</haccuracy>
<vaccuracy>7.655000</vaccuracy>
<internetconnect>0</internetconnect>
</trkpt>
<trkpt lat="35.853343" lon="139.036692">
<ele>912.210724</ele>
<time>2026-05-05T00:06:07Z</time>
<speed>0.585118</speed>
<trueHeading>0.000000</trueHeading>
<magneticHeading>0.000000</magneticHeading>
<gpsHeading>337.421661</gpsHeading>
<haccuracy>3.661000</haccuracy>
<vaccuracy>3.661000</vaccuracy>
<internetconnect>0</internetconnect>
</trkpt>
<trkpt lat="35.853422" lon="139.036487">
<ele>918.660039</ele>
<time>2026-05-05T00:06:31Z</time>
<speed>0.488480</speed>
<trueHeading>0.000000</trueHeading>
<magneticHeading>0.000000</magneticHeading>
<gpsHeading>295.517853</gpsHeading>
<haccuracy>3.874000</haccuracy>
<vaccuracy>3.874000</vaccuracy>
<internetconnect>0</internetconnect>
</trkpt>
<trkpt lat="35.853541" lon="139.036262">
<ele>924.892650</ele>
<time>2026-05-05T00:06:54Z</time>
<speed>0.615975</speed>
<trueHeading>0.000000</trueHeading>
<magneticHeading>0.000000</magneticHeading>
<gpsHeading>303.102448</gpsHeading>
<haccuracy>4.896000</haccuracy>
<vaccuracy>4.896000</vaccuracy>
<internetconnect>0</internetconnect>
</trkpt>
<trkpt lat="35.853688" lon="139.036284">
<ele>934.194120</ele>
<time>2026-05-05T00:07:42Z</time>
<speed>0.226856</speed>
<trueHeading>0.000000</trueHeading>
<magneticHeading>0.000000</magneticHeading>
<gpsHeading>6.949056</gpsHeading>
<haccuracy>7.824000</haccuracy>
<vaccuracy>7.824000</vaccuracy>
<internetconnect>0</internetconnect>
</trkpt>
<trkpt lat="35.853804" lon="139.036368">
<ele>947.242568</ele>
<time>2026-05-05T00:08:44Z</time>
<speed>0.331411</speed>
<trueHeading>0.000000</trueHeading>
<magneticHeading>0.000000</magneticHeading>
<gpsHeading>30.517874</gpsHeading>
<haccuracy>3.633000</haccuracy>
<vaccuracy>3.633000</vaccuracy>
<internetconnect>0</internetconnect>
</trkpt>
<trkpt lat="35.853852" lon="139.036450">
<ele>959.175237</ele>
<time>2026-05-05T00:09:45Z</time>
<speed>0.195208</speed>
<trueHeading>0.000000</trueHeading>
<magneticHeading>0.000000</magneticHeading>
<gpsHeading>54.561176</gpsHeading>
<haccuracy>4.031000</haccuracy>
<vaccuracy>4.031000</vaccuracy>
<internetconnect>0</internetconnect>
</trkpt>
<trkpt lat="35.853961" lon="139.036335">
<ele>968.863615</ele>
<time>2026-05-05T00:10:12Z</time>
<speed>0.458841</speed>
<trueHeading>0.000000</trueHeading>
<magneticHeading>0.000000</magneticHeading>
<gpsHeading>319.244537</gpsHeading>
<haccuracy>4.380000</haccuracy>
<vaccuracy>4.380000</vaccuracy>
<internetconnect>0</internetconnect>
</trkpt>
<trkpt lat="35.854020" lon="139.036498">
<ele>978.644611</ele>
<time>2026-05-05T00:10:50Z</time>
<speed>0.242031</speed>
<trueHeading>0.000000</trueHeading>
<magneticHeading>0.000000</magneticHeading>
<gpsHeading>65.869316</gpsHeading>
<haccuracy>4.730000</haccuracy>
<vaccuracy>4.730000</vaccuracy>
<internetconnect>0</internetconnect>
</trkpt>
<trkpt lat="35.854048" lon="139.036641">
<ele>988.659752</ele>
<time>2026-05-05T00:11:51Z</time>
<speed>0.371984</speed>
<trueHeading>0.000000</trueHeading>
<magneticHeading>0.000000</magneticHeading>
<gpsHeading>76.560333</gpsHeading>
<haccuracy>4.236000</haccuracy>
<vaccuracy>4.236000</vaccuracy>
<internetconnect>0</internetconnect>
</trkpt>
<trkpt lat="35.854180" lon="139.036619">
<ele>996.788086</ele>
<time>2026-05-05T00:12:52Z</time>
<speed>1.019827</speed>
<trueHeading>0.000000</trueHeading>
<magneticHeading>0.000000</magneticHeading>
<gpsHeading>352.450012</gpsHeading>
<haccuracy>4.554000</haccuracy>
<vaccuracy>4.554000</vaccuracy>
<internetconnect>0</internetconnect>
</trkpt>
<trkpt lat="35.854181" lon="139.036347">
<ele>1001.322079</ele>
<time>2026-05-05T00:13:16Z</time>
<speed>0.296214</speed>
<trueHeading>0.000000</trueHeading>
<magneticHeading>0.000000</magneticHeading>
<gpsHeading>270.078064</gpsHeading>
<haccuracy>5.213000</haccuracy>
<vaccuracy>5.213000</vaccuracy>
<internetconnect>0</internetconnect>
</trkpt>
<trkpt lat="35.854323" lon="139.036148">
<ele>1004.808274</ele>
<time>2026-05-05T00:13:39Z</time>
<speed>0.486422</speed>
<trueHeading>0.000000</trueHeading>
<magneticHeading>0.000000</magneticHeading>
<gpsHeading>311.508942</gpsHeading>
<haccuracy>5.058000</haccuracy>
<vaccuracy>5.058000</vaccuracy>
<internetconnect>0</internetconnect>
</trkpt>
<trkpt lat="35.854502" lon="139.035978">
<ele>1008.179627</ele>
<time>2026-05-05T00:14:03Z</time>
<speed>0.383069</speed>
<trueHeading>0.000000</trueHeading>
<magneticHeading>0.000000</magneticHeading>
<gpsHeading>322.253571</gpsHeading>
<haccuracy>4.962000</haccuracy>
<vaccuracy>4.962000</vaccuracy>
<internetconnect>0</internetconnect>
</trkpt>
<trkpt lat="35.854670" lon="139.035626">
<ele>1010.197946</ele>
<time>2026-05-05T00:14:27Z</time>
<speed>0.991437</speed>
<trueHeading>0.000000</trueHeading>
<magneticHeading>0.000000</magneticHeading>
<gpsHeading>300.513397</gpsHeading>
<haccuracy>5.230000</haccuracy>
<vaccuracy>5.230000</vaccuracy>
<internetconnect>0</internetconnect>
</trkpt>
<trkpt lat="35.854691" lon="139.035384">
<ele>1009.727337</ele>
<time>2026-05-05T00:14:50Z</time>
<speed>0.414115</speed>
<trueHeading>0.000000</trueHeading>
<magneticHeading>0.000000</magneticHeading>
<gpsHeading>276.106079</gpsHeading>
<haccuracy>5.082000</haccuracy>
<vaccuracy>5.082000</vaccuracy>
<internetconnect>0</internetconnect>
</trkpt>
<trkpt lat="35.854745" lon="139.035056">
<ele>1009.666265</ele>
<time>2026-05-05T00:15:14Z</time>
<speed>0.476003</speed>
<trueHeading>0.000000</trueHeading>
<magneticHeading>0.000000</magneticHeading>
<gpsHeading>281.433838</gpsHeading>
<haccuracy>4.419000</haccuracy>
<vaccuracy>4.419000</vaccuracy>
<internetconnect>0</internetconnect>
</trkpt>
<trkpt lat="35.854867" lon="139.034696">
<ele>1011.962514</ele>
<time>2026-05-05T00:15:38Z</time>
<speed>0.351162</speed>
<trueHeading>0.000000</trueHeading>
<magneticHeading>0.000000</magneticHeading>
<gpsHeading>292.696503</gpsHeading>
<haccuracy>5.472000</haccuracy>
<vaccuracy>5.472000</vaccuracy>
<internetconnect>0</internetconnect>
</trkpt>
<trkpt lat="35.854995" lon="139.034528">
<ele>1016.839473</ele>
<time>2026-05-05T00:16:01Z</time>
<speed>0.147341</speed>
<trueHeading>0.000000</trueHeading>
<magneticHeading>0.000000</magneticHeading>
<gpsHeading>313.346466</gpsHeading>
<haccuracy>4.691000</haccuracy>
<vaccuracy>4.691000</vaccuracy>
<internetconnect>0</internetconnect>
</trkpt>
<trkpt lat="35.855103" lon="139.034294">
<ele>1021.918582</ele>
<time>2026-05-05T00:16:25Z</time>
<speed>0.306332</speed>
<trueHeading>0.000000</trueHeading>
<magneticHeading>0.000000</magneticHeading>
<gpsHeading>299.706573</gpsHeading>
<haccuracy>4.774000</haccuracy>
<vaccuracy>4.774000</vaccuracy>
<internetconnect>0</internetconnect>
</trkpt>
<trkpt lat="35.855261" lon="139.034146">
<ele>1025.942461</ele>
<time>2026-05-05T00:16:48Z</time>
<speed>0.247968</speed>
<trueHeading>0.000000</trueHeading>
<magneticHeading>0.000000</magneticHeading>
<gpsHeading>322.653961</gpsHeading>
<haccuracy>4.675000</haccuracy>
<vaccuracy>4.675000</vaccuracy>
<internetconnect>0</internetconnect>
</trkpt>
<trkpt lat="35.855475" lon="139.034048">
<ele>1030.146234</ele>
<time>2026-05-05T00:17:11Z</time>
<speed>0.555480</speed>
<trueHeading>0.000000</trueHeading>
<magneticHeading>0.000000</magneticHeading>
<gpsHeading>339.690887</gpsHeading>
<haccuracy>5.432000</haccuracy>
<vaccuracy>5.432000</vaccuracy>
<internetconnect>0</internetconnect>
</trkpt>
<trkpt lat="35.855647" lon="139.033925">
<ele>1034.550327</ele>
<time>2026-05-05T00:17:35Z</time>
<speed>0.359894</speed>
<trueHeading>0.000000</trueHeading>
<magneticHeading>0.000000</magneticHeading>
<gpsHeading>329.969940</gpsHeading>
<haccuracy>5.119000</haccuracy>
<vaccuracy>5.119000</vaccuracy>
<internetconnect>0</internetconnect>
</trkpt>
<trkpt lat="35.855791" lon="139.033824">
<ele>1039.189154</ele>
<time>2026-05-05T00:17:59Z</time>
<speed>0.165849</speed>
<trueHeading>0.000000</trueHeading>
<magneticHeading>0.000000</magneticHeading>
<gpsHeading>330.192566</gpsHeading>
<haccuracy>4.115000</haccuracy>
<vaccuracy>4.115000</vaccuracy>
<internetconnect>0</internetconnect>
</trkpt>
<trkpt lat="35.855955" lon="139.033613">
<ele>1043.797607</ele>
<time>2026-05-05T00:18:22Z</time>
<speed>0.958201</speed>
<trueHeading>0.000000</trueHeading>
<magneticHeading>0.000000</magneticHeading>
<gpsHeading>313.930603</gpsHeading>
<haccuracy>4.533000</haccuracy>
<vaccuracy>4.533000</vaccuracy>
<internetconnect>0</internetconnect>
</trkpt>
<trkpt lat="35.856119" lon="139.033499">
<ele>1048.635915</ele>
<time>2026-05-05T00:18:46Z</time>
<speed>0.159127</speed>
<trueHeading>0.000000</trueHeading>
<magneticHeading>0.000000</magneticHeading>
<gpsHeading>330.461823</gpsHeading>
<haccuracy>5.125000</haccuracy>
<vaccuracy>5.125000</vaccuracy>
<internetconnect>0</internetconnect>
</trkpt>
<trkpt lat="35.856283" lon="139.033354">
<ele>1053.802792</ele>
<time>2026-05-05T00:19:09Z</time>
<speed>0.446552</speed>
<trueHeading>0.000000</trueHeading>
<magneticHeading>0.000000</magneticHeading>
<gpsHeading>324.574371</gpsHeading>
<haccuracy>4.290000</haccuracy>
<vaccuracy>4.290000</vaccuracy>
<internetconnect>0</internetconnect>
</trkpt>
<trkpt lat="35.856421" lon="139.033224">
<ele>1059.495025</ele>
<time>2026-05-05T00:19:33Z</time>
<speed>0.299484</speed>
<trueHeading>0.000000</trueHeading>
<magneticHeading>0.000000</magneticHeading>
<gpsHeading>322.595642</gpsHeading>
<haccuracy>4.730000</haccuracy>
<vaccuracy>4.730000</vaccuracy>
<internetconnect>0</internetconnect>
</trkpt>
<trkpt lat="35.856546" lon="139.033123">
<ele>1065.560867</ele>
<time>2026-05-05T00:19:57Z</time>
<speed>0.164882</speed>
<trueHeading>0.000000</trueHeading>
<magneticHeading>0.000000</magneticHeading>
<gpsHeading>326.753143</gpsHeading>
<haccuracy>4.574000</haccuracy>
<vaccuracy>4.574000</vaccuracy>
<internetconnect>0</internetconnect>
</trkpt>
<trkpt lat="35.856681" lon="139.032990">
<ele>1070.880038</ele>
<time>2026-05-05T00:20:20Z</time>
<speed>0.363009</speed>
<trueHeading>0.000000</trueHeading>
<magneticHeading>0.000000</magneticHeading>
<gpsHeading>321.349731</gpsHeading>
<haccuracy>4.437000</haccuracy>
<vaccuracy>4.437000</vaccuracy>
<internetconnect>0</internetconnect>
</trkpt>
<trkpt lat="35.856840" lon="139.032842">
<ele>1074.944591</ele>
<time>2026-05-05T00:20:43Z</time>
<speed>0.414911</speed>
<trueHeading>0.000000</trueHeading>
<magneticHeading>0.000000</magneticHeading>
<gpsHeading>322.917847</gpsHeading>
<haccuracy>4.817000</haccuracy>
<vaccuracy>4.817000</vaccuracy>
<internetconnect>0</internetconnect>
</trkpt>
<trkpt lat="35.857010" lon="139.032719">
<ele>1078.748127</ele>
<time>2026-05-05T00:21:07Z</time>
<speed>0.219515</speed>
<trueHeading>0.000000</trueHeading>
<magneticHeading>0.000000</magneticHeading>
<gpsHeading>329.643921</gpsHeading>
<haccuracy>4.804000</haccuracy>
<vaccuracy>4.804000</vaccuracy>
<internetconnect>0</internetconnect>
</trkpt>
<trkpt lat="35.857214" lon="139.032688">
<ele>1083.335986</ele>
<time>2026-05-05T00:21:30Z</time>
<speed>0.316239</speed>
<trueHeading>0.000000</trueHeading>
<magneticHeading>0.000000</magneticHeading>
<gpsHeading>353.056122</gpsHeading>
<haccuracy>4.564000</haccuracy>
<vaccuracy>4.564000</vaccuracy>
<internetconnect>0</internetconnect>
</trkpt>
<trkpt lat="35.857430" lon="139.032639">
<ele>1089.577071</ele>
<time>2026-05-05T00:21:54Z</time>
<speed>0.436585</speed>
<trueHeading>0.000000</trueHeading>
<magneticHeading>0.000000</magneticHeading>
<gpsHeading>349.482849</gpsHeading>
<haccuracy>5.408000</haccuracy>
<vaccuracy>5.408000</vaccuracy>
<internetconnect>0</internetconnect>
</trkpt>
<trkpt lat="35.857577" lon="139.032691">
<ele>1096.441174</ele>
<time>2026-05-05T00:22:18Z</time>
<speed>0.320129</speed>
<trueHeading>0.000000</trueHeading>
<magneticHeading>0.000000</magneticHeading>
<gpsHeading>16.064356</gpsHeading>
<haccuracy>4.792000</haccuracy>
<vaccuracy>4.792000</vaccuracy>
<internetconnect>0</internetconnect>
</trkpt>
<trkpt lat="35.857693" lon="139.032579">
<ele>1104.393326</ele>
<time>2026-05-05T00:22:59Z</time>
<speed>0.151833</speed>
<trueHeading>0.000000</trueHeading>
<magneticHeading>0.000000</magneticHeading>
<gpsHeading>321.811554</gpsHeading>
<haccuracy>4.544000</haccuracy>
<vaccuracy>4.544000</vaccuracy>
<internetconnect>0</internetconnect>
</trkpt>
<trkpt lat="35.857830" lon="139.032516">
<ele>1111.324143</ele>
<time>2026-05-05T00:23:36Z</time>
<speed>0.407920</speed>
<trueHeading>0.000000</trueHeading>
<magneticHeading>0.000000</magneticHeading>
<gpsHeading>339.630280</gpsHeading>
<haccuracy>5.611000</haccuracy>
<vaccuracy>5.611000</vaccuracy>
<internetconnect>0</internetconnect>
</trkpt>
<trkpt lat="35.857974" lon="139.032550">
<ele>1118.388334</ele>
<time>2026-05-05T00:24:01Z</time>
<speed>0.305802</speed>
<trueHeading>0.000000</trueHeading>
<magneticHeading>0.000000</magneticHeading>
<gpsHeading>10.873332</gpsHeading>
<haccuracy>5.078000</haccuracy>
<vaccuracy>5.078000</vaccuracy>
<internetconnect>0</internetconnect>
</trkpt>
<trkpt lat="35.858110" lon="139.032476">
<ele>1123.672817</ele>
<time>2026-05-05T00:24:35Z</time>
<speed>0.516019</speed>
<trueHeading>0.000000</trueHeading>
<magneticHeading>0.000000</magneticHeading>
<gpsHeading>335.968933</gpsHeading>
<haccuracy>4.831000</haccuracy>
<vaccuracy>4.831000</vaccuracy>
<internetconnect>0</internetconnect>
</trkpt>
<trkpt lat="35.858137" lon="139.032140">
<ele>1128.812053</ele>
<time>2026-05-05T00:24:59Z</time>
<speed>0.219419</speed>
<trueHeading>0.000000</trueHeading>
<magneticHeading>0.000000</magneticHeading>
<gpsHeading>275.705658</gpsHeading>
<haccuracy>5.162000</haccuracy>
<vaccuracy>5.162000</vaccuracy>
<internetconnect>0</internetconnect>
</trkpt>
<trkpt lat="35.858214" lon="139.031918">
<ele>1133.072187</ele>
<time>2026-05-05T00:25:22Z</time>
<speed>0.205080</speed>
<trueHeading>0.000000</trueHeading>
<magneticHeading>0.000000</magneticHeading>
<gpsHeading>293.043488</gpsHeading>
<haccuracy>5.075000</haccuracy>
<vaccuracy>5.075000</vaccuracy>
<internetconnect>0</internetconnect>
</trkpt>
<trkpt lat="35.858274" lon="139.031743">
<ele>1137.659483</ele>
<time>2026-05-05T00:25:46Z</time>
<speed>0.449317</speed>
<trueHeading>0.000000</trueHeading>
<magneticHeading>0.000000</magneticHeading>
<gpsHeading>293.110443</gpsHeading>
<haccuracy>5.404000</haccuracy>
<vaccuracy>5.404000</vaccuracy>
<internetconnect>0</internetconnect>
</trkpt>
<trkpt lat="35.858442" lon="139.031695">
<ele>1143.079919</ele>
<time>2026-05-05T00:26:09Z</time>
<speed>1.204581</speed>
<trueHeading>0.000000</trueHeading>
<magneticHeading>0.000000</magneticHeading>
<gpsHeading>347.097504</gpsHeading>
<haccuracy>6.082000</haccuracy>
<vaccuracy>6.082000</vaccuracy>
<internetconnect>0</internetconnect>
</trkpt>
<trkpt lat="35.858576" lon="139.031627">
<ele>1148.444912</ele>
<time>2026-05-05T00:26:39Z</time>
<speed>0.428535</speed>
<trueHeading>0.000000</trueHeading>
<magneticHeading>0.000000</magneticHeading>
<gpsHeading>337.658173</gpsHeading>
<haccuracy>4.135000</haccuracy>
<vaccuracy>4.135000</vaccuracy>
<internetconnect>0</internetconnect>
</trkpt>
<trkpt lat="35.858732" lon="139.031624">
<ele>1153.983403</ele>
<time>2026-05-05T00:27:03Z</time>
<speed>0.131564</speed>
<trueHeading>0.000000</trueHeading>
<magneticHeading>0.000000</magneticHeading>
<gpsHeading>359.107635</gpsHeading>
<haccuracy>4.272000</haccuracy>
<vaccuracy>4.272000</vaccuracy>
<internetconnect>0</internetconnect>
</trkpt>
<trkpt lat="35.858888" lon="139.031608">
<ele>1157.999786</ele>
<time>2026-05-05T00:27:26Z</time>
<speed>0.361670</speed>
<trueHeading>0.000000</trueHeading>
<magneticHeading>0.000000</magneticHeading>
<gpsHeading>355.176819</gpsHeading>
<haccuracy>4.457000</haccuracy>
<vaccuracy>4.457000</vaccuracy>
<internetconnect>0</internetconnect>
</trkpt>
<trkpt lat="35.858993" lon="139.031324">
<ele>1161.577886</ele>
<time>2026-05-05T00:27:50Z</time>
<speed>0.712013</speed>
<trueHeading>0.000000</trueHeading>
<magneticHeading>0.000000</magneticHeading>
<gpsHeading>294.626923</gpsHeading>
<haccuracy>6.001000</haccuracy>
<vaccuracy>6.001000</vaccuracy>
<internetconnect>0</internetconnect>
</trkpt>
<trkpt lat="35.859077" lon="139.031152">
<ele>1165.330244</ele>
<time>2026-05-05T00:28:14Z</time>
<speed>0.173249</speed>
<trueHeading>0.000000</trueHeading>
<magneticHeading>0.000000</magneticHeading>
<gpsHeading>301.013763</gpsHeading>
<haccuracy>4.500000</haccuracy>
<vaccuracy>4.500000</vaccuracy>
<internetconnect>0</internetconnect>
</trkpt>
<trkpt lat="35.859189" lon="139.031030">
<ele>1170.013366</ele>
<time>2026-05-05T00:28:40Z</time>
<speed>0.238688</speed>
<trueHeading>0.000000</trueHeading>
<magneticHeading>0.000000</magneticHeading>
<gpsHeading>318.544220</gpsHeading>
<haccuracy>4.317000</haccuracy>
<vaccuracy>4.317000</vaccuracy>
<internetconnect>0</internetconnect>
</trkpt>
<trkpt lat="35.859318" lon="139.030869">
<ele>1174.809572</ele>
<time>2026-05-05T00:29:04Z</time>
<speed>0.510182</speed>
<trueHeading>0.000000</trueHeading>
<magneticHeading>0.000000</magneticHeading>
<gpsHeading>314.663635</gpsHeading>
<haccuracy>4.134000</haccuracy>
<vaccuracy>4.134000</vaccuracy>
<internetconnect>0</internetconnect>
</trkpt>
<trkpt lat="35.859388" lon="139.030626">
<ele>1178.832764</ele>
<time>2026-05-05T00:29:28Z</time>
<speed>0.447205</speed>
<trueHeading>0.000000</trueHeading>
<magneticHeading>0.000000</magneticHeading>
<gpsHeading>289.662842</gpsHeading>
<haccuracy>4.974000</haccuracy>
<vaccuracy>4.974000</vaccuracy>
<internetconnect>0</internetconnect>
</trkpt>
<trkpt lat="35.859562" lon="139.030460">
<ele>1183.370982</ele>
<time>2026-05-05T00:29:52Z</time>
<speed>0.338237</speed>
<trueHeading>0.000000</trueHeading>
<magneticHeading>0.000000</magneticHeading>
<gpsHeading>322.125732</gpsHeading>
<haccuracy>4.553000</haccuracy>
<vaccuracy>4.553000</vaccuracy>
<internetconnect>0</internetconnect>
</trkpt>
<trkpt lat="35.859675" lon="139.030282">
<ele>1188.157764</ele>
<time>2026-05-05T00:30:16Z</time>
<speed>0.206623</speed>
<trueHeading>0.000000</trueHeading>
<magneticHeading>0.000000</magneticHeading>
<gpsHeading>308.141022</gpsHeading>
<haccuracy>5.132000</haccuracy>
<vaccuracy>5.132000</vaccuracy>
<internetconnect>0</internetconnect>
</trkpt>
<trkpt lat="35.859771" lon="139.030131">
<ele>1193.372091</ele>
<time>2026-05-05T00:30:40Z</time>
<speed>0.598214</speed>
<trueHeading>0.000000</trueHeading>
<magneticHeading>0.000000</magneticHeading>
<gpsHeading>308.020508</gpsHeading>
<haccuracy>6.309000</haccuracy>
<vaccuracy>6.309000</vaccuracy>
<internetconnect>0</internetconnect>
</trkpt>
<trkpt lat="35.859823" lon="139.029894">
<ele>1196.696542</ele>
<time>2026-05-05T00:31:04Z</time>
<speed>0.545351</speed>
<trueHeading>0.000000</trueHeading>
<magneticHeading>0.000000</magneticHeading>
<gpsHeading>285.330261</gpsHeading>
<haccuracy>4.514000</haccuracy>
<vaccuracy>4.514000</vaccuracy>
<internetconnect>0</internetconnect>
</trkpt>
<trkpt lat="35.859746" lon="139.029582">
<ele>1199.684329</ele>
<time>2026-05-05T00:31:27Z</time>
<speed>0.752761</speed>
<trueHeading>0.000000</trueHeading>
<magneticHeading>0.000000</magneticHeading>
<gpsHeading>253.048126</gpsHeading>
<haccuracy>4.538000</haccuracy>
<vaccuracy>4.538000</vaccuracy>
<internetconnect>0</internetconnect>
</trkpt>
<trkpt lat="35.859771" lon="139.029328">
<ele>1202.522181</ele>
<time>2026-05-05T00:31:51Z</time>
<speed>0.735003</speed>
<trueHeading>0.000000</trueHeading>
<magneticHeading>0.000000</magneticHeading>
<gpsHeading>276.793427</gpsHeading>
<haccuracy>5.622000</haccuracy>
<vaccuracy>5.622000</vaccuracy>
<internetconnect>0</internetconnect>
</trkpt>
<trkpt lat="35.859820" lon="139.028993">
<ele>1206.154661</ele>
<time>2026-05-05T00:32:14Z</time>
<speed>0.810306</speed>
<trueHeading>0.000000</trueHeading>
<magneticHeading>0.000000</magneticHeading>
<gpsHeading>280.356842</gpsHeading>
<haccuracy>6.068000</haccuracy>
<vaccuracy>6.068000</vaccuracy>
<internetconnect>0</internetconnect>
</trkpt>
<trkpt lat="35.859881" lon="139.028783">
<ele>1210.184187</ele>
<time>2026-05-05T00:32:38Z</time>
<speed>0.484153</speed>
<trueHeading>0.000000</trueHeading>
<magneticHeading>0.000000</magneticHeading>
<gpsHeading>289.662537</gpsHeading>
<haccuracy>4.949000</haccuracy>
<vaccuracy>4.949000</vaccuracy>
<internetconnect>0</internetconnect>
</trkpt>
<trkpt lat="35.860055" lon="139.028783">
<ele>1214.455343</ele>
<time>2026-05-05T00:33:02Z</time>
<speed>0.395388</speed>
<trueHeading>0.000000</trueHeading>
<magneticHeading>0.000000</magneticHeading>
<gpsHeading>0.080061</gpsHeading>
<haccuracy>4.802000</haccuracy>
<vaccuracy>4.802000</vaccuracy>
<internetconnect>0</internetconnect>
</trkpt>
<trkpt lat="35.860169" lon="139.028659">
<ele>1220.397162</ele>
<time>2026-05-05T00:33:27Z</time>
<speed>0.938321</speed>
<trueHeading>0.000000</trueHeading>
<magneticHeading>0.000000</magneticHeading>
<gpsHeading>318.529663</gpsHeading>
<haccuracy>5.086000</haccuracy>
<vaccuracy>5.086000</vaccuracy>
<internetconnect>0</internetconnect>
</trkpt>
<trkpt lat="35.860317" lon="139.028642">
<ele>1226.767473</ele>
<time>2026-05-05T00:34:06Z</time>
<speed>0.174601</speed>
<trueHeading>0.000000</trueHeading>
<magneticHeading>0.000000</magneticHeading>
<gpsHeading>354.705536</gpsHeading>
<haccuracy>4.033000</haccuracy>
<vaccuracy>4.033000</vaccuracy>
<internetconnect>0</internetconnect>
</trkpt>
<trkpt lat="35.860444" lon="139.028546">
<ele>1234.198869</ele>
<time>2026-05-05T00:34:33Z</time>
<speed>0.395628</speed>
<trueHeading>0.000000</trueHeading>
<magneticHeading>0.000000</magneticHeading>
<gpsHeading>328.394867</gpsHeading>
<haccuracy>4.612000</haccuracy>
<vaccuracy>4.612000</vaccuracy>
<internetconnect>0</internetconnect>
</trkpt>
<trkpt lat="35.860545" lon="139.028415">
<ele>1241.169673</ele>
<time>2026-05-05T00:35:12Z</time>
<speed>0.207580</speed>
<trueHeading>0.000000</trueHeading>
<magneticHeading>0.000000</magneticHeading>
<gpsHeading>313.664825</gpsHeading>
<haccuracy>4.030000</haccuracy>
<vaccuracy>4.030000</vaccuracy>
<internetconnect>0</internetconnect>
</trkpt>
<trkpt lat="35.860601" lon="139.028249">
<ele>1247.696637</ele>
<time>2026-05-05T00:35:42Z</time>
<speed>0.234344</speed>
<trueHeading>0.000000</trueHeading>
<magneticHeading>0.000000</magneticHeading>
<gpsHeading>292.817078</gpsHeading>
<haccuracy>4.067000</haccuracy>
<vaccuracy>4.067000</vaccuracy>
<internetconnect>0</internetconnect>
</trkpt>
<trkpt lat="35.860650" lon="139.028082">
<ele>1253.175466</ele>
<time>2026-05-05T00:36:08Z</time>
<speed>0.703257</speed>
<trueHeading>0.000000</trueHeading>
<magneticHeading>0.000000</magneticHeading>
<gpsHeading>289.860291</gpsHeading>
<haccuracy>4.721000</haccuracy>
<vaccuracy>4.721000</vaccuracy>
<internetconnect>0</internetconnect>
</trkpt>
<trkpt lat="35.860777" lon="139.027903">
<ele>1258.131711</ele>
<time>2026-05-05T00:36:32Z</time>
<speed>0.363528</speed>
<trueHeading>0.000000</trueHeading>
<magneticHeading>0.000000</magneticHeading>
<gpsHeading>310.977570</gpsHeading>
<haccuracy>5.204000</haccuracy>
<vaccuracy>5.204000</vaccuracy>
<internetconnect>0</internetconnect>
</trkpt>
<trkpt lat="35.860876" lon="139.027763">
<ele>1263.367057</ele>
<time>2026-05-05T00:36:58Z</time>
<speed>0.476024</speed>
<trueHeading>0.000000</trueHeading>
<magneticHeading>0.000000</magneticHeading>
<gpsHeading>311.248291</gpsHeading>
<haccuracy>5.856000</haccuracy>
<vaccuracy>5.856000</vaccuracy>
<internetconnect>0</internetconnect>
</trkpt>
<trkpt lat="35.860924" lon="139.027574">
<ele>1268.215830</ele>
<time>2026-05-05T00:37:22Z</time>
<speed>0.354842</speed>
<trueHeading>0.000000</trueHeading>
<magneticHeading>0.000000</magneticHeading>
<gpsHeading>287.637543</gpsHeading>
<haccuracy>3.427000</haccuracy>
<vaccuracy>3.427000</vaccuracy>
<internetconnect>0</internetconnect>
</trkpt>
<trkpt lat="35.861093" lon="139.027488">
<ele>1273.660055</ele>
<time>2026-05-05T00:37:45Z</time>
<speed>0.611178</speed>
<trueHeading>0.000000</trueHeading>
<magneticHeading>0.000000</magneticHeading>
<gpsHeading>337.470215</gpsHeading>
<haccuracy>4.044000</haccuracy>
<vaccuracy>4.044000</vaccuracy>
<internetconnect>0</internetconnect>
</trkpt>
<trkpt lat="35.861195" lon="139.027357">
<ele>1278.406436</ele>
<time>2026-05-05T00:38:16Z</time>
<speed>0.431033</speed>
<trueHeading>0.000000</trueHeading>
<magneticHeading>0.000000</magneticHeading>
<gpsHeading>313.772095</gpsHeading>
<haccuracy>3.713000</haccuracy>
<vaccuracy>3.713000</vaccuracy>
<internetconnect>0</internetconnect>
</trkpt>
<trkpt lat="35.861309" lon="139.027182">
<ele>1283.815636</ele>
<time>2026-05-05T00:38:39Z</time>
<speed>0.266380</speed>
<trueHeading>0.000000</trueHeading>
<magneticHeading>0.000000</magneticHeading>
<gpsHeading>308.872345</gpsHeading>
<haccuracy>4.717000</haccuracy>
<vaccuracy>4.717000</vaccuracy>
<internetconnect>0</internetconnect>
</trkpt>
<trkpt lat="35.861456" lon="139.027114">
<ele>1287.344952</ele>
<time>2026-05-05T00:39:03Z</time>
<speed>0.249381</speed>
<trueHeading>0.000000</trueHeading>
<magneticHeading>0.000000</magneticHeading>
<gpsHeading>339.393829</gpsHeading>
<haccuracy>4.477000</haccuracy>
<vaccuracy>4.477000</vaccuracy>
<internetconnect>0</internetconnect>
</trkpt>
<trkpt lat="35.861577" lon="139.026888">
<ele>1291.709306</ele>
<time>2026-05-05T00:39:26Z</time>
<speed>0.988311</speed>
<trueHeading>0.000000</trueHeading>
<magneticHeading>0.000000</magneticHeading>
<gpsHeading>303.343842</gpsHeading>
<haccuracy>4.652000</haccuracy>
<vaccuracy>4.652000</vaccuracy>
<internetconnect>0</internetconnect>
</trkpt>
<trkpt lat="35.861694" lon="139.026770">
<ele>1296.339690</ele>
<time>2026-05-05T00:39:51Z</time>
<speed>0.977096</speed>
<trueHeading>0.000000</trueHeading>
<magneticHeading>0.000000</magneticHeading>
<gpsHeading>320.786407</gpsHeading>
<haccuracy>4.708000</haccuracy>
<vaccuracy>4.708000</vaccuracy>
<internetconnect>0</internetconnect>
</trkpt>
<trkpt lat="35.861781" lon="139.026621">
<ele>1301.881282</ele>
<time>2026-05-05T00:40:21Z</time>
<speed>0.551923</speed>
<trueHeading>0.000000</trueHeading>
<magneticHeading>0.000000</magneticHeading>
<gpsHeading>305.942261</gpsHeading>
<haccuracy>4.349000</haccuracy>
<vaccuracy>4.349000</vaccuracy>
<internetconnect>0</internetconnect>
</trkpt>
<trkpt lat="35.861947" lon="139.026478">
<ele>1306.897715</ele>
<time>2026-05-05T00:40:45Z</time>
<speed>0.307293</speed>
<trueHeading>0.000000</trueHeading>
<magneticHeading>0.000000</magneticHeading>
<gpsHeading>324.998291</gpsHeading>
<haccuracy>4.835000</haccuracy>
<vaccuracy>4.835000</vaccuracy>
<internetconnect>0</internetconnect>
</trkpt>
<trkpt lat="35.862077" lon="139.026375">
<ele>1311.211415</ele>
<time>2026-05-05T00:41:10Z</time>
<speed>0.325567</speed>
<trueHeading>0.000000</trueHeading>
<magneticHeading>0.000000</magneticHeading>
<gpsHeading>327.405640</gpsHeading>
<haccuracy>5.072000</haccuracy>
<vaccuracy>5.072000</vaccuracy>
<internetconnect>0</internetconnect>
</trkpt>
<trkpt lat="35.862281" lon="139.026318">
<ele>1315.757023</ele>
<time>2026-05-05T00:41:34Z</time>
<speed>0.307338</speed>
<trueHeading>0.000000</trueHeading>
<magneticHeading>0.000000</magneticHeading>
<gpsHeading>347.197632</gpsHeading>
<haccuracy>4.902000</haccuracy>
<vaccuracy>4.902000</vaccuracy>
<internetconnect>0</internetconnect>
</trkpt>
<trkpt lat="35.862469" lon="139.026153">
<ele>1319.194854</ele>
<time>2026-05-05T00:41:57Z</time>
<speed>0.677928</speed>
<trueHeading>0.000000</trueHeading>
<magneticHeading>0.000000</magneticHeading>
<gpsHeading>324.687408</gpsHeading>
<haccuracy>3.035000</haccuracy>
<vaccuracy>3.035000</vaccuracy>
<internetconnect>0</internetconnect>
</trkpt>
<trkpt lat="35.862412" lon="139.026012">
<ele>1321.848937</ele>
<time>2026-05-05T00:42:59Z</time>
<speed>1.126304</speed>
<trueHeading>0.000000</trueHeading>
<magneticHeading>0.000000</magneticHeading>
<gpsHeading>243.312454</gpsHeading>
<haccuracy>5.768000</haccuracy>
<vaccuracy>5.768000</vaccuracy>
<internetconnect>0</internetconnect>
</trkpt>
<trkpt lat="35.862501" lon="139.025832">
<ele>1323.358271</ele>
<time>2026-05-05T00:43:22Z</time>
<speed>0.525903</speed>
<trueHeading>0.000000</trueHeading>
<magneticHeading>0.000000</magneticHeading>
<gpsHeading>301.274719</gpsHeading>
<haccuracy>5.632000</haccuracy>
<vaccuracy>5.632000</vaccuracy>
<internetconnect>0</internetconnect>
</trkpt>
<trkpt lat="35.862651" lon="139.025475">
<ele>1325.881124</ele>
<time>2026-05-05T00:43:46Z</time>
<speed>0.979963</speed>
<trueHeading>0.000000</trueHeading>
<magneticHeading>0.000000</magneticHeading>
<gpsHeading>297.382507</gpsHeading>
<haccuracy>4.621000</haccuracy>
<vaccuracy>4.621000</vaccuracy>
<internetconnect>0</internetconnect>
</trkpt>
<trkpt lat="35.862796" lon="139.025156">
<ele>1327.582743</ele>
<time>2026-05-05T00:44:10Z</time>
<speed>0.973450</speed>
<trueHeading>0.000000</trueHeading>
<magneticHeading>0.000000</magneticHeading>
<gpsHeading>299.300751</gpsHeading>
<haccuracy>3.080000</haccuracy>
<vaccuracy>3.080000</vaccuracy>
<internetconnect>0</internetconnect>
</trkpt>
<trkpt lat="35.862681" lon="139.024956">
<ele>1329.395440</ele>
<time>2026-05-05T00:44:33Z</time>
<speed>1.075448</speed>
<trueHeading>0.000000</trueHeading>
<magneticHeading>0.000000</magneticHeading>
<gpsHeading>234.614136</gpsHeading>
<haccuracy>3.085000</haccuracy>
<vaccuracy>3.085000</vaccuracy>
<internetconnect>0</internetconnect>
</trkpt>
<trkpt lat="35.862542" lon="139.024775">
<ele>1330.130322</ele>
<time>2026-05-05T00:44:57Z</time>
<speed>0.594591</speed>
<trueHeading>0.000000</trueHeading>
<magneticHeading>0.000000</magneticHeading>
<gpsHeading>226.669846</gpsHeading>
<haccuracy>4.835000</haccuracy>
<vaccuracy>4.835000</vaccuracy>
<internetconnect>0</internetconnect>
</trkpt>
<trkpt lat="35.862523" lon="139.024464">
<ele>1331.789850</ele>
<time>2026-05-05T00:45:20Z</time>
<speed>0.374634</speed>
<trueHeading>0.000000</trueHeading>
<magneticHeading>0.000000</magneticHeading>
<gpsHeading>265.636749</gpsHeading>
<haccuracy>4.468000</haccuracy>
<vaccuracy>4.468000</vaccuracy>
<internetconnect>0</internetconnect>
</trkpt>
<trkpt lat="35.862574" lon="139.024157">
<ele>1334.797394</ele>
<time>2026-05-05T00:45:43Z</time>
<speed>0.141608</speed>
<trueHeading>0.000000</trueHeading>
<magneticHeading>0.000000</magneticHeading>
<gpsHeading>281.576874</gpsHeading>
<haccuracy>4.713000</haccuracy>
<vaccuracy>4.713000</vaccuracy>
<internetconnect>0</internetconnect>
</trkpt>
<trkpt lat="35.862570" lon="139.023905">
<ele>1338.913439</ele>
<time>2026-05-05T00:46:07Z</time>
<speed>0.574663</speed>
<trueHeading>0.000000</trueHeading>
<magneticHeading>0.000000</magneticHeading>
<gpsHeading>268.878387</gpsHeading>
<haccuracy>4.713000</haccuracy>
<vaccuracy>4.713000</vaccuracy>
<internetconnect>0</internetconnect>
</trkpt>
<trkpt lat="35.862638" lon="139.023699">
<ele>1344.005228</ele>
<time>2026-05-05T00:46:30Z</time>
<speed>0.368685</speed>
<trueHeading>0.000000</trueHeading>
<magneticHeading>0.000000</magneticHeading>
<gpsHeading>292.191193</gpsHeading>
<haccuracy>4.711000</haccuracy>
<vaccuracy>4.711000</vaccuracy>
<internetconnect>0</internetconnect>
</trkpt>
<trkpt lat="35.862733" lon="139.023441">
<ele>1348.203095</ele>
<time>2026-05-05T00:46:54Z</time>
<speed>0.832447</speed>
<trueHeading>0.000000</trueHeading>
<magneticHeading>0.000000</magneticHeading>
<gpsHeading>294.431122</gpsHeading>
<haccuracy>3.092000</haccuracy>
<vaccuracy>3.092000</vaccuracy>
<internetconnect>0</internetconnect>
</trkpt>
<trkpt lat="35.862895" lon="139.023255">
<ele>1351.957162</ele>
<time>2026-05-05T00:47:17Z</time>
<speed>0.862570</speed>
<trueHeading>0.000000</trueHeading>
<magneticHeading>0.000000</magneticHeading>
<gpsHeading>316.952606</gpsHeading>
<haccuracy>3.000000</haccuracy>
<vaccuracy>3.000000</vaccuracy>
<internetconnect>0</internetconnect>
</trkpt>
<trkpt lat="35.863019" lon="139.023005">
<ele>1354.241634</ele>
<time>2026-05-05T00:47:41Z</time>
<speed>0.890652</speed>
<trueHeading>0.000000</trueHeading>
<magneticHeading>0.000000</magneticHeading>
<gpsHeading>301.488525</gpsHeading>
<haccuracy>3.020000</haccuracy>
<vaccuracy>3.020000</vaccuracy>
<internetconnect>0</internetconnect>
</trkpt>
<trkpt lat="35.863126" lon="139.022771">
<ele>1356.681527</ele>
<time>2026-05-05T00:48:04Z</time>
<speed>0.938963</speed>
<trueHeading>0.000000</trueHeading>
<magneticHeading>0.000000</magneticHeading>
<gpsHeading>299.408203</gpsHeading>
<haccuracy>3.030000</haccuracy>
<vaccuracy>3.030000</vaccuracy>
<internetconnect>0</internetconnect>
</trkpt>
<trkpt lat="35.863306" lon="139.022558">
<ele>1360.183103</ele>
<time>2026-05-05T00:48:27Z</time>
<speed>0.581473</speed>
<trueHeading>0.000000</trueHeading>
<magneticHeading>0.000000</magneticHeading>
<gpsHeading>316.151398</gpsHeading>
<haccuracy>3.042000</haccuracy>
<vaccuracy>3.042000</vaccuracy>
<internetconnect>0</internetconnect>
</trkpt>
<trkpt lat="35.863518" lon="139.022535">
<ele>1364.941318</ele>
<time>2026-05-05T00:48:51Z</time>
<speed>0.921134</speed>
<trueHeading>0.000000</trueHeading>
<magneticHeading>0.000000</magneticHeading>
<gpsHeading>354.941376</gpsHeading>
<haccuracy>3.055000</haccuracy>
<vaccuracy>3.055000</vaccuracy>
<internetconnect>0</internetconnect>
</trkpt>
<trkpt lat="35.863644" lon="139.022448">
<ele>1369.731059</ele>
<time>2026-05-05T00:49:17Z</time>
<speed>0.293856</speed>
<trueHeading>0.000000</trueHeading>
<magneticHeading>0.000000</magneticHeading>
<gpsHeading>330.862885</gpsHeading>
<haccuracy>4.249000</haccuracy>
<vaccuracy>4.249000</vaccuracy>
<internetconnect>0</internetconnect>
</trkpt>
<trkpt lat="35.863760" lon="139.022339">
<ele>1374.673541</ele>
<time>2026-05-05T00:49:57Z</time>
<speed>0.649830</speed>
<trueHeading>0.000000</trueHeading>
<magneticHeading>0.000000</magneticHeading>
<gpsHeading>322.658295</gpsHeading>
<haccuracy>5.570000</haccuracy>
<vaccuracy>5.570000</vaccuracy>
<internetconnect>0</internetconnect>
</trkpt>
<trkpt lat="35.863821" lon="139.022153">
<ele>1380.078387</ele>
<time>2026-05-05T00:50:21Z</time>
<speed>0.373826</speed>
<trueHeading>0.000000</trueHeading>
<magneticHeading>0.000000</magneticHeading>
<gpsHeading>292.053101</gpsHeading>
<haccuracy>4.766000</haccuracy>
<vaccuracy>4.766000</vaccuracy>
<internetconnect>0</internetconnect>
</trkpt>
<trkpt lat="35.863935" lon="139.022043">
<ele>1385.542905</ele>
<time>2026-05-05T00:50:47Z</time>
<speed>0.240599</speed>
<trueHeading>0.000000</trueHeading>
<magneticHeading>0.000000</magneticHeading>
<gpsHeading>321.971924</gpsHeading>
<haccuracy>4.166000</haccuracy>
<vaccuracy>4.166000</vaccuracy>
<internetconnect>0</internetconnect>
</trkpt>
<trkpt lat="35.864027" lon="139.021895">
<ele>1389.863365</ele>
<time>2026-05-05T00:51:11Z</time>
<speed>0.759887</speed>
<trueHeading>0.000000</trueHeading>
<magneticHeading>0.000000</magneticHeading>
<gpsHeading>307.403778</gpsHeading>
<haccuracy>4.676000</haccuracy>
<vaccuracy>4.676000</vaccuracy>
<internetconnect>0</internetconnect>
</trkpt>
<trkpt lat="35.864072" lon="139.021721">
<ele>1393.659872</ele>
<time>2026-05-05T00:52:08Z</time>
<speed>0.417439</speed>
<trueHeading>0.000000</trueHeading>
<magneticHeading>0.000000</magneticHeading>
<gpsHeading>287.552429</gpsHeading>
<haccuracy>5.196000</haccuracy>
<vaccuracy>5.196000</vaccuracy>
<internetconnect>0</internetconnect>
</trkpt>
<trkpt lat="35.864172" lon="139.021500">
<ele>1397.725949</ele>
<time>2026-05-05T00:52:31Z</time>
<speed>0.375386</speed>
<trueHeading>0.000000</trueHeading>
<magneticHeading>0.000000</magneticHeading>
<gpsHeading>299.252014</gpsHeading>
<haccuracy>4.733000</haccuracy>
<vaccuracy>4.733000</vaccuracy>
<internetconnect>0</internetconnect>
</trkpt>
<trkpt lat="35.864300" lon="139.021382">
<ele>1402.118119</ele>
<time>2026-05-05T00:52:55Z</time>
<speed>0.369678</speed>
<trueHeading>0.000000</trueHeading>
<magneticHeading>0.000000</magneticHeading>
<gpsHeading>323.400116</gpsHeading>
<haccuracy>4.386000</haccuracy>
<vaccuracy>4.386000</vaccuracy>
<internetconnect>0</internetconnect>
</trkpt>
<trkpt lat="35.864459" lon="139.021178">
<ele>1407.033618</ele>
<time>2026-05-05T00:53:18Z</time>
<speed>1.075603</speed>
<trueHeading>0.000000</trueHeading>
<magneticHeading>0.000000</magneticHeading>
<gpsHeading>313.901123</gpsHeading>
<haccuracy>5.577000</haccuracy>
<vaccuracy>5.577000</vaccuracy>
<internetconnect>0</internetconnect>
</trkpt>
<trkpt lat="35.864615" lon="139.021203">
<ele>1412.158544</ele>
<time>2026-05-05T00:53:42Z</time>
<speed>0.799838</speed>
<trueHeading>0.000000</trueHeading>
<magneticHeading>0.000000</magneticHeading>
<gpsHeading>7.311898</gpsHeading>
<haccuracy>3.000000</haccuracy>
<vaccuracy>3.000000</vaccuracy>
<internetconnect>0</internetconnect>
</trkpt>
<trkpt lat="35.864763" lon="139.021189">
<ele>1417.311239</ele>
<time>2026-05-05T00:54:09Z</time>
<speed>0.578308</speed>
<trueHeading>0.000000</trueHeading>
<magneticHeading>0.000000</magneticHeading>
<gpsHeading>355.494598</gpsHeading>
<haccuracy>3.000000</haccuracy>
<vaccuracy>3.000000</vaccuracy>
<internetconnect>0</internetconnect>
</trkpt>
<trkpt lat="35.864891" lon="139.020999">
<ele>1422.286760</ele>
<time>2026-05-05T00:54:32Z</time>
<speed>0.625539</speed>
<trueHeading>0.000000</trueHeading>
<magneticHeading>0.000000</magneticHeading>
<gpsHeading>309.567474</gpsHeading>
<haccuracy>3.001000</haccuracy>
<vaccuracy>3.001000</vaccuracy>
<internetconnect>0</internetconnect>
</trkpt>
<trkpt lat="35.864950" lon="139.020746">
<ele>1427.672485</ele>
<time>2026-05-05T00:54:56Z</time>
<speed>0.306988</speed>
<trueHeading>0.000000</trueHeading>
<magneticHeading>0.000000</magneticHeading>
<gpsHeading>286.231354</gpsHeading>
<haccuracy>5.172000</haccuracy>
<vaccuracy>5.172000</vaccuracy>
<internetconnect>0</internetconnect>
</trkpt>
<trkpt lat="35.865122" lon="139.020734">
<ele>1433.258396</ele>
<time>2026-05-05T00:55:20Z</time>
<speed>0.492815</speed>
<trueHeading>0.000000</trueHeading>
<magneticHeading>0.000000</magneticHeading>
<gpsHeading>356.629456</gpsHeading>
<haccuracy>5.614000</haccuracy>
<vaccuracy>5.614000</vaccuracy>
<internetconnect>0</internetconnect>
</trkpt>
<trkpt lat="35.865272" lon="139.020791">
<ele>1437.763356</ele>
<time>2026-05-05T00:55:43Z</time>
<speed>0.762442</speed>
<trueHeading>0.000000</trueHeading>
<magneticHeading>0.000000</magneticHeading>
<gpsHeading>17.186180</gpsHeading>
<haccuracy>4.697000</haccuracy>
<vaccuracy>4.697000</vaccuracy>
<internetconnect>0</internetconnect>
</trkpt>
<trkpt lat="35.865325" lon="139.020483">
<ele>1441.618321</ele>
<time>2026-05-05T00:56:07Z</time>
<speed>1.330531</speed>
<trueHeading>0.000000</trueHeading>
<magneticHeading>0.000000</magneticHeading>
<gpsHeading>281.804382</gpsHeading>
<haccuracy>5.439000</haccuracy>
<vaccuracy>5.439000</vaccuracy>
<internetconnect>0</internetconnect>
</trkpt>
<trkpt lat="35.865405" lon="139.020326">
<ele>1444.849692</ele>
<time>2026-05-05T00:56:33Z</time>
<speed>0.198424</speed>
<trueHeading>0.000000</trueHeading>
<magneticHeading>0.000000</magneticHeading>
<gpsHeading>302.242950</gpsHeading>
<haccuracy>4.164000</haccuracy>
<vaccuracy>4.164000</vaccuracy>
<internetconnect>0</internetconnect>
</trkpt>
<trkpt lat="35.865560" lon="139.020132">
<ele>1448.582344</ele>
<time>2026-05-05T00:56:57Z</time>
<speed>0.600107</speed>
<trueHeading>0.000000</trueHeading>
<magneticHeading>0.000000</magneticHeading>
<gpsHeading>314.619080</gpsHeading>
<haccuracy>5.218000</haccuracy>
<vaccuracy>5.218000</vaccuracy>
<internetconnect>0</internetconnect>
</trkpt>
<trkpt lat="35.865776" lon="139.019864">
<ele>1451.723114</ele>
<time>2026-05-05T00:57:21Z</time>
<speed>0.894706</speed>
<trueHeading>0.000000</trueHeading>
<magneticHeading>0.000000</magneticHeading>
<gpsHeading>314.938446</gpsHeading>
<haccuracy>3.000000</haccuracy>
<vaccuracy>3.000000</vaccuracy>
<internetconnect>0</internetconnect>
</trkpt>
<trkpt lat="35.865843" lon="139.019553">
<ele>1454.139461</ele>
<time>2026-05-05T00:57:44Z</time>
<speed>0.910644</speed>
<trueHeading>0.000000</trueHeading>
<magneticHeading>0.000000</magneticHeading>
<gpsHeading>284.828003</gpsHeading>
<haccuracy>3.071000</haccuracy>
<vaccuracy>3.071000</vaccuracy>
<internetconnect>0</internetconnect>
</trkpt>
<trkpt lat="35.865924" lon="139.019261">
<ele>1454.718266</ele>
<time>2026-05-05T00:58:07Z</time>
<speed>1.229967</speed>
<trueHeading>0.000000</trueHeading>
<magneticHeading>0.000000</magneticHeading>
<gpsHeading>288.831055</gpsHeading>
<haccuracy>3.045000</haccuracy>
<vaccuracy>3.045000</vaccuracy>
<internetconnect>0</internetconnect>
</trkpt>
<trkpt lat="35.866188" lon="139.019186">
<ele>1454.519207</ele>
<time>2026-05-05T00:58:30Z</time>
<speed>0.829730</speed>
<trueHeading>0.000000</trueHeading>
<magneticHeading>0.000000</magneticHeading>
<gpsHeading>346.920624</gpsHeading>
<haccuracy>3.011000</haccuracy>
<vaccuracy>3.011000</vaccuracy>
<internetconnect>0</internetconnect>
</trkpt>
<trkpt lat="35.866437" lon="139.018991">
<ele>1452.945256</ele>
<time>2026-05-05T00:58:54Z</time>
<speed>1.131181</speed>
<trueHeading>0.000000</trueHeading>
<magneticHeading>0.000000</magneticHeading>
<gpsHeading>327.584076</gpsHeading>
<haccuracy>3.060000</haccuracy>
<vaccuracy>3.060000</vaccuracy>
<internetconnect>0</internetconnect>
</trkpt>
<trkpt lat="35.866478" lon="139.018679">
<ele>1450.945076</ele>
<time>2026-05-05T00:59:17Z</time>
<speed>1.235199</speed>
<trueHeading>0.000000</trueHeading>
<magneticHeading>0.000000</magneticHeading>
<gpsHeading>279.175293</gpsHeading>
<haccuracy>3.069000</haccuracy>
<vaccuracy>3.069000</vaccuracy>
<internetconnect>0</internetconnect>
</trkpt>
<trkpt lat="35.866572" lon="139.018372">
<ele>1448.140571</ele>
<time>2026-05-05T00:59:41Z</time>
<speed>1.006117</speed>
<trueHeading>0.000000</trueHeading>
<magneticHeading>0.000000</magneticHeading>
<gpsHeading>290.722870</gpsHeading>
<haccuracy>3.007000</haccuracy>
<vaccuracy>3.007000</vaccuracy>
<internetconnect>0</internetconnect>
</trkpt>
<trkpt lat="35.866683" lon="139.018072">
<ele>1446.109776</ele>
<time>2026-05-05T01:00:04Z</time>
<speed>1.339708</speed>
<trueHeading>0.000000</trueHeading>
<magneticHeading>0.000000</magneticHeading>
<gpsHeading>294.659851</gpsHeading>
<haccuracy>3.000000</haccuracy>
<vaccuracy>3.000000</vaccuracy>
<internetconnect>0</internetconnect>
</trkpt>
<trkpt lat="35.866806" lon="139.017807">
<ele>1444.437447</ele>
<time>2026-05-05T01:00:27Z</time>
<speed>0.958698</speed>
<trueHeading>0.000000</trueHeading>
<magneticHeading>0.000000</magneticHeading>
<gpsHeading>299.744843</gpsHeading>
<haccuracy>3.021000</haccuracy>
<vaccuracy>3.021000</vaccuracy>
<internetconnect>0</internetconnect>
</trkpt>
<trkpt lat="35.866928" lon="139.017573">
<ele>1443.321991</ele>
<time>2026-05-05T01:00:51Z</time>
<speed>1.016804</speed>
<trueHeading>0.000000</trueHeading>
<magneticHeading>0.000000</magneticHeading>
<gpsHeading>302.605835</gpsHeading>
<haccuracy>3.087000</haccuracy>
<vaccuracy>3.087000</vaccuracy>
<internetconnect>0</internetconnect>
</trkpt>
<trkpt lat="35.867201" lon="139.017400">
<ele>1441.010077</ele>
<time>2026-05-05T01:01:15Z</time>
<speed>1.138432</speed>
<trueHeading>0.000000</trueHeading>
<magneticHeading>0.000000</magneticHeading>
<gpsHeading>332.942627</gpsHeading>
<haccuracy>3.146000</haccuracy>
<vaccuracy>3.146000</vaccuracy>
<internetconnect>0</internetconnect>
</trkpt>
<trkpt lat="35.867283" lon="139.017050">
<ele>1437.825412</ele>
<time>2026-05-05T01:01:38Z</time>
<speed>1.499610</speed>
<trueHeading>0.000000</trueHeading>
<magneticHeading>0.000000</magneticHeading>
<gpsHeading>286.163361</gpsHeading>
<haccuracy>3.056000</haccuracy>
<vaccuracy>3.056000</vaccuracy>
<internetconnect>0</internetconnect>
</trkpt>
<trkpt lat="35.867433" lon="139.016745">
<ele>1434.232735</ele>
<time>2026-05-05T01:02:02Z</time>
<speed>0.819188</speed>
<trueHeading>0.000000</trueHeading>
<magneticHeading>0.000000</magneticHeading>
<gpsHeading>301.286469</gpsHeading>
<haccuracy>3.120000</haccuracy>
<vaccuracy>3.120000</vaccuracy>
<internetconnect>0</internetconnect>
</trkpt>
<trkpt lat="35.867549" lon="139.016428">
<ele>1432.791523</ele>
<time>2026-05-05T01:02:25Z</time>
<speed>0.842422</speed>
<trueHeading>0.000000</trueHeading>
<magneticHeading>0.000000</magneticHeading>
<gpsHeading>294.177155</gpsHeading>
<haccuracy>3.047000</haccuracy>
<vaccuracy>3.047000</vaccuracy>
<internetconnect>0</internetconnect>
</trkpt>
<trkpt lat="35.867631" lon="139.016212">
<ele>1433.482504</ele>
<time>2026-05-05T01:02:49Z</time>
<speed>0.688425</speed>
<trueHeading>0.000000</trueHeading>
<magneticHeading>0.000000</magneticHeading>
<gpsHeading>295.225189</gpsHeading>
<haccuracy>3.054000</haccuracy>
<vaccuracy>3.054000</vaccuracy>
<internetconnect>0</internetconnect>
</trkpt>
<trkpt lat="35.867773" lon="139.015984">
<ele>1433.790355</ele>
<time>2026-05-05T01:03:12Z</time>
<speed>0.644286</speed>
<trueHeading>0.000000</trueHeading>
<magneticHeading>0.000000</magneticHeading>
<gpsHeading>307.563385</gpsHeading>
<haccuracy>4.899000</haccuracy>
<vaccuracy>4.899000</vaccuracy>
<internetconnect>0</internetconnect>
</trkpt>
<trkpt lat="35.867941" lon="139.015650">
<ele>1433.488102</ele>
<time>2026-05-05T01:03:36Z</time>
<speed>1.089418</speed>
<trueHeading>0.000000</trueHeading>
<magneticHeading>0.000000</magneticHeading>
<gpsHeading>301.712952</gpsHeading>
<haccuracy>3.139000</haccuracy>
<vaccuracy>3.139000</vaccuracy>
<internetconnect>0</internetconnect>
</trkpt>
<trkpt lat="35.868146" lon="139.015385">
<ele>1432.837685</ele>
<time>2026-05-05T01:04:00Z</time>
<speed>0.601923</speed>
<trueHeading>0.000000</trueHeading>
<magneticHeading>0.000000</magneticHeading>
<gpsHeading>313.765564</gpsHeading>
<haccuracy>3.164000</haccuracy>
<vaccuracy>3.164000</vaccuracy>
<internetconnect>0</internetconnect>
</trkpt>
<trkpt lat="35.868248" lon="139.015105">
<ele>1433.652308</ele>
<time>2026-05-05T01:04:24Z</time>
<speed>0.801608</speed>
<trueHeading>0.000000</trueHeading>
<magneticHeading>0.000000</magneticHeading>
<gpsHeading>294.213074</gpsHeading>
<haccuracy>3.000000</haccuracy>
<vaccuracy>3.000000</vaccuracy>
<internetconnect>0</internetconnect>
</trkpt>
<trkpt lat="35.868415" lon="139.014899">
<ele>1435.725899</ele>
<time>2026-05-05T01:04:47Z</time>
<speed>1.056550</speed>
<trueHeading>0.000000</trueHeading>
<magneticHeading>0.000000</magneticHeading>
<gpsHeading>314.944916</gpsHeading>
<haccuracy>3.027000</haccuracy>
<vaccuracy>3.027000</vaccuracy>
<internetconnect>0</internetconnect>
</trkpt>
<trkpt lat="35.868616" lon="139.014707">
<ele>1438.866520</ele>
<time>2026-05-05T01:05:10Z</time>
<speed>0.739644</speed>
<trueHeading>0.000000</trueHeading>
<magneticHeading>0.000000</magneticHeading>
<gpsHeading>322.298676</gpsHeading>
<haccuracy>3.053000</haccuracy>
<vaccuracy>3.053000</vaccuracy>
<internetconnect>0</internetconnect>
</trkpt>
<trkpt lat="35.868780" lon="139.014542">
<ele>1442.310861</ele>
<time>2026-05-05T01:05:34Z</time>
<speed>0.797117</speed>
<trueHeading>0.000000</trueHeading>
<magneticHeading>0.000000</magneticHeading>
<gpsHeading>320.843567</gpsHeading>
<haccuracy>3.015000</haccuracy>
<vaccuracy>3.015000</vaccuracy>
<internetconnect>0</internetconnect>
</trkpt>
<trkpt lat="35.868962" lon="139.014419">
<ele>1444.178642</ele>
<time>2026-05-05T01:05:57Z</time>
<speed>1.039008</speed>
<trueHeading>0.000000</trueHeading>
<magneticHeading>0.000000</magneticHeading>
<gpsHeading>331.363922</gpsHeading>
<haccuracy>3.083000</haccuracy>
<vaccuracy>3.083000</vaccuracy>
<internetconnect>0</internetconnect>
</trkpt>
<trkpt lat="35.869167" lon="139.014182">
<ele>1444.707113</ele>
<time>2026-05-05T01:06:21Z</time>
<speed>1.295046</speed>
<trueHeading>0.000000</trueHeading>
<magneticHeading>0.000000</magneticHeading>
<gpsHeading>316.786865</gpsHeading>
<haccuracy>3.033000</haccuracy>
<vaccuracy>3.033000</vaccuracy>
<internetconnect>0</internetconnect>
</trkpt>
<trkpt lat="35.869420" lon="139.013995">
<ele>1445.233615</ele>
<time>2026-05-05T01:06:45Z</time>
<speed>1.192400</speed>
<trueHeading>0.000000</trueHeading>
<magneticHeading>0.000000</magneticHeading>
<gpsHeading>329.080719</gpsHeading>
<haccuracy>3.116000</haccuracy>
<vaccuracy>3.116000</vaccuracy>
<internetconnect>0</internetconnect>
</trkpt>
<trkpt lat="35.869667" lon="139.013873">
<ele>1448.127592</ele>
<time>2026-05-05T01:07:08Z</time>
<speed>0.937608</speed>
<trueHeading>0.000000</trueHeading>
<magneticHeading>0.000000</magneticHeading>
<gpsHeading>338.234589</gpsHeading>
<haccuracy>3.028000</haccuracy>
<vaccuracy>3.028000</vaccuracy>
<internetconnect>0</internetconnect>
</trkpt>
<trkpt lat="35.869779" lon="139.013688">
<ele>1452.562353</ele>
<time>2026-05-05T01:07:32Z</time>
<speed>0.537716</speed>
<trueHeading>0.000000</trueHeading>
<magneticHeading>0.000000</magneticHeading>
<gpsHeading>306.777893</gpsHeading>
<haccuracy>3.049000</haccuracy>
<vaccuracy>3.049000</vaccuracy>
<internetconnect>0</internetconnect>
</trkpt>
<trkpt lat="35.869790" lon="139.013428">
<ele>1458.047087</ele>
<time>2026-05-05T01:07:56Z</time>
<speed>0.431193</speed>
<trueHeading>0.000000</trueHeading>
<magneticHeading>0.000000</magneticHeading>
<gpsHeading>273.007690</gpsHeading>
<haccuracy>3.281000</haccuracy>
<vaccuracy>3.281000</vaccuracy>
<internetconnect>0</internetconnect>
</trkpt>
<trkpt lat="35.869881" lon="139.013254">
<ele>1463.138471</ele>
<time>2026-05-05T01:08:19Z</time>
<speed>0.594945</speed>
<trueHeading>0.000000</trueHeading>
<magneticHeading>0.000000</magneticHeading>
<gpsHeading>302.810211</gpsHeading>
<haccuracy>5.448000</haccuracy>
<vaccuracy>5.448000</vaccuracy>
<internetconnect>0</internetconnect>
</trkpt>
<trkpt lat="35.869914" lon="139.013036">
<ele>1468.738942</ele>
<time>2026-05-05T01:08:42Z</time>
<speed>0.507677</speed>
<trueHeading>0.000000</trueHeading>
<magneticHeading>0.000000</magneticHeading>
<gpsHeading>280.795471</gpsHeading>
<haccuracy>5.193000</haccuracy>
<vaccuracy>5.193000</vaccuracy>
<internetconnect>0</internetconnect>
</trkpt>
<trkpt lat="35.870058" lon="139.013017">
<ele>1474.282664</ele>
<time>2026-05-05T01:09:07Z</time>
<speed>0.567884</speed>
<trueHeading>0.000000</trueHeading>
<magneticHeading>0.000000</magneticHeading>
<gpsHeading>354.067963</gpsHeading>
<haccuracy>4.917000</haccuracy>
<vaccuracy>4.917000</vaccuracy>
<internetconnect>0</internetconnect>
</trkpt>
<trkpt lat="35.870249" lon="139.012986">
<ele>1480.012909</ele>
<time>2026-05-05T01:09:31Z</time>
<speed>0.591397</speed>
<trueHeading>0.000000</trueHeading>
<magneticHeading>0.000000</magneticHeading>
<gpsHeading>352.475647</gpsHeading>
<haccuracy>3.006000</haccuracy>
<vaccuracy>3.006000</vaccuracy>
<internetconnect>0</internetconnect>
</trkpt>
<trkpt lat="35.870392" lon="139.012968">
<ele>1485.605494</ele>
<time>2026-05-05T01:09:54Z</time>
<speed>0.589019</speed>
<trueHeading>0.000000</trueHeading>
<magneticHeading>0.000000</magneticHeading>
<gpsHeading>354.236053</gpsHeading>
<haccuracy>3.005000</haccuracy>
<vaccuracy>3.005000</vaccuracy>
<internetconnect>0</internetconnect>
</trkpt>
<trkpt lat="35.870511" lon="139.013097">
<ele>1493.426572</ele>
<time>2026-05-05T01:10:18Z</time>
<speed>0.816641</speed>
<trueHeading>0.000000</trueHeading>
<magneticHeading>0.000000</magneticHeading>
<gpsHeading>41.306660</gpsHeading>
<haccuracy>3.000000</haccuracy>
<vaccuracy>3.000000</vaccuracy>
<internetconnect>0</internetconnect>
</trkpt>
<trkpt lat="35.870653" lon="139.013033">
<ele>1502.110939</ele>
<time>2026-05-05T01:11:09Z</time>
<speed>0.128314</speed>
<trueHeading>0.000000</trueHeading>
<magneticHeading>0.000000</magneticHeading>
<gpsHeading>340.058929</gpsHeading>
<haccuracy>3.160000</haccuracy>
<vaccuracy>3.160000</vaccuracy>
<internetconnect>0</internetconnect>
</trkpt>
<trkpt lat="35.870800" lon="139.013032">
<ele>1512.122949</ele>
<time>2026-05-05T01:11:42Z</time>
<speed>0.966181</speed>
<trueHeading>0.000000</trueHeading>
<magneticHeading>0.000000</magneticHeading>
<gpsHeading>359.778900</gpsHeading>
<haccuracy>4.559000</haccuracy>
<vaccuracy>4.559000</vaccuracy>
<internetconnect>0</internetconnect>
</trkpt>
<trkpt lat="35.870930" lon="139.012946">
<ele>1523.343543</ele>
<time>2026-05-05T01:12:18Z</time>
<speed>0.353396</speed>
<trueHeading>0.000000</trueHeading>
<magneticHeading>0.000000</magneticHeading>
<gpsHeading>331.658020</gpsHeading>
<haccuracy>4.301000</haccuracy>
<vaccuracy>4.301000</vaccuracy>
<internetconnect>0</internetconnect>
</trkpt>
<trkpt lat="35.871043" lon="139.012971">
<ele>1533.799249</ele>
<time>2026-05-05T01:13:20Z</time>
<speed>0.303341</speed>
<trueHeading>0.000000</trueHeading>
<magneticHeading>0.000000</magneticHeading>
<gpsHeading>10.142214</gpsHeading>
<haccuracy>4.371000</haccuracy>
<vaccuracy>4.371000</vaccuracy>
<internetconnect>0</internetconnect>
</trkpt>
<trkpt lat="35.871191" lon="139.013019">
<ele>1542.967034</ele>
<time>2026-05-05T01:13:44Z</time>
<speed>0.753949</speed>
<trueHeading>0.000000</trueHeading>
<magneticHeading>0.000000</magneticHeading>
<gpsHeading>14.557106</gpsHeading>
<haccuracy>5.642000</haccuracy>
<vaccuracy>5.642000</vaccuracy>
<internetconnect>0</internetconnect>
</trkpt>
<trkpt lat="35.871328" lon="139.013082">
<ele>1549.681793</ele>
<time>2026-05-05T01:14:09Z</time>
<speed>0.562124</speed>
<trueHeading>0.000000</trueHeading>
<magneticHeading>0.000000</magneticHeading>
<gpsHeading>20.425940</gpsHeading>
<haccuracy>4.595000</haccuracy>
<vaccuracy>4.595000</vaccuracy>
<internetconnect>0</internetconnect>
</trkpt>
<trkpt lat="35.871476" lon="139.013078">
<ele>1557.642232</ele>
<time>2026-05-05T01:14:47Z</time>
<speed>0.755982</speed>
<trueHeading>0.000000</trueHeading>
<magneticHeading>0.000000</magneticHeading>
<gpsHeading>358.684448</gpsHeading>
<haccuracy>4.635000</haccuracy>
<vaccuracy>4.635000</vaccuracy>
<internetconnect>0</internetconnect>
</trkpt>
<trkpt lat="35.871673" lon="139.012976">
<ele>1563.480547</ele>
<time>2026-05-05T01:15:46Z</time>
<speed>1.147028</speed>
<trueHeading>0.000000</trueHeading>
<magneticHeading>0.000000</magneticHeading>
<gpsHeading>337.205475</gpsHeading>
<haccuracy>13.345000</haccuracy>
<vaccuracy>13.345000</vaccuracy>
<internetconnect>0</internetconnect>
</trkpt>
<trkpt lat="35.871866" lon="139.012351">
<ele>1566.514333</ele>
<time>2026-05-05T01:16:09Z</time>
<speed>1.436970</speed>
<trueHeading>0.000000</trueHeading>
<magneticHeading>0.000000</magneticHeading>
<gpsHeading>290.923798</gpsHeading>
<haccuracy>3.382000</haccuracy>
<vaccuracy>3.382000</vaccuracy>
<internetconnect>0</internetconnect>
</trkpt>
<trkpt lat="35.872117" lon="139.012168">
<ele>1567.135426</ele>
<time>2026-05-05T01:16:33Z</time>
<speed>0.911281</speed>
<trueHeading>0.000000</trueHeading>
<magneticHeading>0.000000</magneticHeading>
<gpsHeading>329.415527</gpsHeading>
<haccuracy>3.024000</haccuracy>
<vaccuracy>3.024000</vaccuracy>
<internetconnect>0</internetconnect>
</trkpt>
<trkpt lat="35.872281" lon="139.012029">
<ele>1566.378312</ele>
<time>2026-05-05T01:16:57Z</time>
<speed>0.617506</speed>
<trueHeading>0.000000</trueHeading>
<magneticHeading>0.000000</magneticHeading>
<gpsHeading>325.566071</gpsHeading>
<haccuracy>3.000000</haccuracy>
<vaccuracy>3.000000</vaccuracy>
<internetconnect>0</internetconnect>
</trkpt>
<trkpt lat="35.872167" lon="139.011919">
<ele>1565.454459</ele>
<time>2026-05-05T01:17:33Z</time>
<speed>0.869418</speed>
<trueHeading>0.000000</trueHeading>
<magneticHeading>0.000000</magneticHeading>
<gpsHeading>218.072968</gpsHeading>
<haccuracy>3.488000</haccuracy>
<vaccuracy>3.488000</vaccuracy>
<internetconnect>0</internetconnect>
</trkpt>
<trkpt lat="35.872262" lon="139.011730">
<ele>1565.032361</ele>
<time>2026-05-05T01:17:56Z</time>
<speed>0.740094</speed>
<trueHeading>0.000000</trueHeading>
<magneticHeading>0.000000</magneticHeading>
<gpsHeading>301.946503</gpsHeading>
<haccuracy>5.444000</haccuracy>
<vaccuracy>5.444000</vaccuracy>
<internetconnect>0</internetconnect>
</trkpt>
<trkpt lat="35.872354" lon="139.011500">
<ele>1570.339230</ele>
<time>2026-05-05T01:18:19Z</time>
<speed>0.747463</speed>
<trueHeading>0.000000</trueHeading>
<magneticHeading>0.000000</magneticHeading>
<gpsHeading>296.287109</gpsHeading>
<haccuracy>4.752000</haccuracy>
<vaccuracy>4.752000</vaccuracy>
<internetconnect>0</internetconnect>
</trkpt>
<trkpt lat="35.872582" lon="139.011543">
<ele>1577.252396</ele>
<time>2026-05-05T01:19:09Z</time>
<speed>0.794607</speed>
<trueHeading>0.000000</trueHeading>
<magneticHeading>0.000000</magneticHeading>
<gpsHeading>8.751417</gpsHeading>
<haccuracy>16.724001</haccuracy>
<vaccuracy>16.724001</vaccuracy>
<internetconnect>0</internetconnect>
</trkpt>
<trkpt lat="35.872815" lon="139.011420">
<ele>1585.499819</ele>
<time>2026-05-05T01:19:33Z</time>
<speed>0.773677</speed>
<trueHeading>0.000000</trueHeading>
<magneticHeading>0.000000</magneticHeading>
<gpsHeading>336.883881</gpsHeading>
<haccuracy>5.333000</haccuracy>
<vaccuracy>5.333000</vaccuracy>
<internetconnect>0</internetconnect>
</trkpt>
<trkpt lat="35.872942" lon="139.011336">
<ele>1591.140154</ele>
<time>2026-05-05T01:20:07Z</time>
<speed>1.101140</speed>
<trueHeading>0.000000</trueHeading>
<magneticHeading>0.000000</magneticHeading>
<gpsHeading>331.612061</gpsHeading>
<haccuracy>4.784000</haccuracy>
<vaccuracy>4.784000</vaccuracy>
<internetconnect>0</internetconnect>
</trkpt>
<trkpt lat="35.873068" lon="139.011249">
<ele>1594.886993</ele>
<time>2026-05-05T01:20:43Z</time>
<speed>0.200988</speed>
<trueHeading>0.000000</trueHeading>
<magneticHeading>0.000000</magneticHeading>
<gpsHeading>330.871124</gpsHeading>
<haccuracy>4.069000</haccuracy>
<vaccuracy>4.069000</vaccuracy>
<internetconnect>0</internetconnect>
</trkpt>
<trkpt lat="35.873117" lon="139.011238">
<ele>1595.280262</ele>
<time>2026-05-05T01:21:44Z</time>
<speed>0.075541</speed>
<trueHeading>0.000000</trueHeading>
<magneticHeading>0.000000</magneticHeading>
<gpsHeading>350.221832</gpsHeading>
<haccuracy>3.540000</haccuracy>
<vaccuracy>3.540000</vaccuracy>
<internetconnect>0</internetconnect>
</trkpt>
<trkpt lat="35.873109" lon="139.011237">
<ele>1593.801415</ele>
<time>2026-05-05T01:22:45Z</time>
<speed>0.150210</speed>
<trueHeading>0.000000</trueHeading>
<magneticHeading>0.000000</magneticHeading>
<gpsHeading>188.746796</gpsHeading>
<haccuracy>3.000000</haccuracy>
<vaccuracy>3.000000</vaccuracy>
<internetconnect>0</internetconnect>
</trkpt>
<trkpt lat="35.873097" lon="139.011249">
<ele>1592.910633</ele>
<time>2026-05-05T01:23:47Z</time>
<speed>0.068474</speed>
<trueHeading>0.000000</trueHeading>
<magneticHeading>0.000000</magneticHeading>
<gpsHeading>140.535995</gpsHeading>
<haccuracy>3.848000</haccuracy>
<vaccuracy>3.848000</vaccuracy>
<internetconnect>0</internetconnect>
</trkpt>
<trkpt lat="35.873120" lon="139.011275">
<ele>1592.301259</ele>
<time>2026-05-05T01:24:49Z</time>
<speed>0.104825</speed>
<trueHeading>0.000000</trueHeading>
<magneticHeading>0.000000</magneticHeading>
<gpsHeading>42.599571</gpsHeading>
<haccuracy>3.970000</haccuracy>
<vaccuracy>3.970000</vaccuracy>
<internetconnect>0</internetconnect>
</trkpt>
<trkpt lat="35.873103" lon="139.011262">
<ele>1591.399289</ele>
<time>2026-05-05T01:25:51Z</time>
<speed>0.148430</speed>
<trueHeading>0.000000</trueHeading>
<magneticHeading>0.000000</magneticHeading>
<gpsHeading>211.727524</gpsHeading>
<haccuracy>4.602000</haccuracy>
<vaccuracy>4.602000</vaccuracy>
<internetconnect>0</internetconnect>
</trkpt>
<trkpt lat="35.873237" lon="139.011172">
<ele>1587.806666</ele>
<time>2026-05-05T01:26:21Z</time>
<speed>1.043991</speed>
<trueHeading>0.000000</trueHeading>
<magneticHeading>0.000000</magneticHeading>
<gpsHeading>331.461761</gpsHeading>
<haccuracy>4.664000</haccuracy>
<vaccuracy>4.664000</vaccuracy>
<internetconnect>0</internetconnect>
</trkpt>
<trkpt lat="35.873375" lon="139.011105">
<ele>1578.695015</ele>
<time>2026-05-05T01:26:48Z</time>
<speed>0.608959</speed>
<trueHeading>0.000000</trueHeading>
<magneticHeading>0.000000</magneticHeading>
<gpsHeading>338.641266</gpsHeading>
<haccuracy>4.891000</haccuracy>
<vaccuracy>4.891000</vaccuracy>
<internetconnect>0</internetconnect>
</trkpt>
<trkpt lat="35.873457" lon="139.011119">
<ele>1567.483213</ele>
<time>2026-05-05T01:27:50Z</time>
<speed>0.117956</speed>
<trueHeading>0.000000</trueHeading>
<magneticHeading>0.000000</magneticHeading>
<gpsHeading>8.016688</gpsHeading>
<haccuracy>4.746000</haccuracy>
<vaccuracy>4.746000</vaccuracy>
<internetconnect>0</internetconnect>
</trkpt>
<trkpt lat="35.873533" lon="139.010868">
<ele>1559.777494</ele>
<time>2026-05-05T01:28:13Z</time>
<speed>0.688459</speed>
<trueHeading>0.000000</trueHeading>
<magneticHeading>0.000000</magneticHeading>
<gpsHeading>290.412231</gpsHeading>
<haccuracy>5.198000</haccuracy>
<vaccuracy>5.198000</vaccuracy>
<internetconnect>0</internetconnect>
</trkpt>
<trkpt lat="35.873611" lon="139.010716">
<ele>1558.430146</ele>
<time>2026-05-05T01:28:51Z</time>
<speed>0.831414</speed>
<trueHeading>0.000000</trueHeading>
<magneticHeading>0.000000</magneticHeading>
<gpsHeading>302.314728</gpsHeading>
<haccuracy>6.400000</haccuracy>
<vaccuracy>6.400000</vaccuracy>
<internetconnect>0</internetconnect>
</trkpt>
<trkpt lat="35.873758" lon="139.010541">
<ele>1561.151988</ele>
<time>2026-05-05T01:29:15Z</time>
<speed>1.076749</speed>
<trueHeading>0.000000</trueHeading>
<magneticHeading>0.000000</magneticHeading>
<gpsHeading>316.144196</gpsHeading>
<haccuracy>5.706000</haccuracy>
<vaccuracy>5.706000</vaccuracy>
<internetconnect>0</internetconnect>
</trkpt>
<trkpt lat="35.873913" lon="139.010354">
<ele>1561.820226</ele>
<time>2026-05-05T01:29:39Z</time>
<speed>0.631512</speed>
<trueHeading>0.000000</trueHeading>
<magneticHeading>0.000000</magneticHeading>
<gpsHeading>315.621552</gpsHeading>
<haccuracy>4.962000</haccuracy>
<vaccuracy>4.962000</vaccuracy>
<internetconnect>0</internetconnect>
</trkpt>
<trkpt lat="35.874026" lon="139.010170">
<ele>1563.332373</ele>
<time>2026-05-05T01:30:02Z</time>
<speed>0.899463</speed>
<trueHeading>0.000000</trueHeading>
<magneticHeading>0.000000</magneticHeading>
<gpsHeading>307.081116</gpsHeading>
<haccuracy>5.619000</haccuracy>
<vaccuracy>5.619000</vaccuracy>
<internetconnect>0</internetconnect>
</trkpt>
<trkpt lat="35.874282" lon="139.010017">
<ele>1564.022444</ele>
<time>2026-05-05T01:30:26Z</time>
<speed>1.164657</speed>
<trueHeading>0.000000</trueHeading>
<magneticHeading>0.000000</magneticHeading>
<gpsHeading>334.068817</gpsHeading>
<haccuracy>5.571000</haccuracy>
<vaccuracy>5.571000</vaccuracy>
<internetconnect>0</internetconnect>
</trkpt>
<trkpt lat="35.874418" lon="139.009801">
<ele>1563.276801</ele>
<time>2026-05-05T01:30:49Z</time>
<speed>1.322288</speed>
<trueHeading>0.000000</trueHeading>
<magneticHeading>0.000000</magneticHeading>
<gpsHeading>307.929779</gpsHeading>
<haccuracy>5.829000</haccuracy>
<vaccuracy>5.829000</vaccuracy>
<internetconnect>0</internetconnect>
</trkpt>
<trkpt lat="35.874492" lon="139.009643">
<ele>1561.513135</ele>
<time>2026-05-05T01:31:16Z</time>
<speed>0.383166</speed>
<trueHeading>0.000000</trueHeading>
<magneticHeading>0.000000</magneticHeading>
<gpsHeading>299.956299</gpsHeading>
<haccuracy>4.093000</haccuracy>
<vaccuracy>4.093000</vaccuracy>
<internetconnect>0</internetconnect>
</trkpt>
<trkpt lat="35.874465" lon="139.009313">
<ele>1561.471560</ele>
<time>2026-05-05T01:31:39Z</time>
<speed>0.966048</speed>
<trueHeading>0.000000</trueHeading>
<magneticHeading>0.000000</magneticHeading>
<gpsHeading>264.336914</gpsHeading>
<haccuracy>4.639000</haccuracy>
<vaccuracy>4.639000</vaccuracy>
<internetconnect>0</internetconnect>
</trkpt>
<trkpt lat="35.874267" lon="139.009153">
<ele>1564.966656</ele>
<time>2026-05-05T01:32:03Z</time>
<speed>0.476437</speed>
<trueHeading>0.000000</trueHeading>
<magneticHeading>0.000000</magneticHeading>
<gpsHeading>213.208817</gpsHeading>
<haccuracy>4.636000</haccuracy>
<vaccuracy>4.636000</vaccuracy>
<internetconnect>0</internetconnect>
</trkpt>
<trkpt lat="35.874358" lon="139.008906">
<ele>1565.710070</ele>
<time>2026-05-05T01:32:27Z</time>
<speed>0.987337</speed>
<trueHeading>0.000000</trueHeading>
<magneticHeading>0.000000</magneticHeading>
<gpsHeading>294.582458</gpsHeading>
<haccuracy>4.750000</haccuracy>
<vaccuracy>4.750000</vaccuracy>
<internetconnect>0</internetconnect>
</trkpt>
<trkpt lat="35.874498" lon="139.008977">
<ele>1562.119861</ele>
<time>2026-05-05T01:33:00Z</time>
<speed>1.198340</speed>
<trueHeading>0.000000</trueHeading>
<magneticHeading>0.000000</magneticHeading>
<gpsHeading>22.425814</gpsHeading>
<haccuracy>4.954000</haccuracy>
<vaccuracy>4.954000</vaccuracy>
<internetconnect>0</internetconnect>
</trkpt>
<trkpt lat="35.874606" lon="139.008843">
<ele>1555.565975</ele>
<time>2026-05-05T01:33:23Z</time>
<speed>1.106784</speed>
<trueHeading>0.000000</trueHeading>
<magneticHeading>0.000000</magneticHeading>
<gpsHeading>314.771454</gpsHeading>
<haccuracy>5.507000</haccuracy>
<vaccuracy>5.507000</vaccuracy>
<internetconnect>0</internetconnect>
</trkpt>
<trkpt lat="35.874643" lon="139.008672">
<ele>1548.326200</ele>
<time>2026-05-05T01:33:54Z</time>
<speed>0.420589</speed>
<trueHeading>0.000000</trueHeading>
<magneticHeading>0.000000</magneticHeading>
<gpsHeading>285.002869</gpsHeading>
<haccuracy>3.802000</haccuracy>
<vaccuracy>3.802000</vaccuracy>
<internetconnect>0</internetconnect>
</trkpt>
<trkpt lat="35.874671" lon="139.008495">
<ele>1540.410150</ele>
<time>2026-05-05T01:34:27Z</time>
<speed>0.759635</speed>
<trueHeading>0.000000</trueHeading>
<magneticHeading>0.000000</magneticHeading>
<gpsHeading>281.024414</gpsHeading>
<haccuracy>5.501000</haccuracy>
<vaccuracy>5.501000</vaccuracy>
<internetconnect>0</internetconnect>
</trkpt>
<trkpt lat="35.874672" lon="139.008317">
<ele>1534.176018</ele>
<time>2026-05-05T01:35:01Z</time>
<speed>0.998491</speed>
<trueHeading>0.000000</trueHeading>
<magneticHeading>0.000000</magneticHeading>
<gpsHeading>270.594849</gpsHeading>
<haccuracy>5.993000</haccuracy>
<vaccuracy>5.993000</vaccuracy>
<internetconnect>0</internetconnect>
</trkpt>
<trkpt lat="35.874864" lon="139.008118">
<ele>1533.312608</ele>
<time>2026-05-05T01:35:25Z</time>
<speed>1.363444</speed>
<trueHeading>0.000000</trueHeading>
<magneticHeading>0.000000</magneticHeading>
<gpsHeading>319.945648</gpsHeading>
<haccuracy>5.499000</haccuracy>
<vaccuracy>5.499000</vaccuracy>
<internetconnect>0</internetconnect>
</trkpt>
<trkpt lat="35.874996" lon="139.008042">
<ele>1537.314936</ele>
<time>2026-05-05T01:36:07Z</time>
<speed>1.004809</speed>
<trueHeading>0.000000</trueHeading>
<magneticHeading>0.000000</magneticHeading>
<gpsHeading>334.992798</gpsHeading>
<haccuracy>5.031000</haccuracy>
<vaccuracy>5.031000</vaccuracy>
<internetconnect>0</internetconnect>
</trkpt>
<trkpt lat="35.875093" lon="139.007819">
<ele>1545.986981</ele>
<time>2026-05-05T01:36:30Z</time>
<speed>1.051711</speed>
<trueHeading>0.000000</trueHeading>
<magneticHeading>0.000000</magneticHeading>
<gpsHeading>298.338226</gpsHeading>
<haccuracy>6.231000</haccuracy>
<vaccuracy>6.231000</vaccuracy>
<internetconnect>0</internetconnect>
</trkpt>
<trkpt lat="35.875143" lon="139.007651">
<ele>1555.902691</ele>
<time>2026-05-05T01:37:28Z</time>
<speed>1.086505</speed>
<trueHeading>0.000000</trueHeading>
<magneticHeading>0.000000</magneticHeading>
<gpsHeading>289.914551</gpsHeading>
<haccuracy>6.358000</haccuracy>
<vaccuracy>6.358000</vaccuracy>
<internetconnect>0</internetconnect>
</trkpt>
<trkpt lat="35.875284" lon="139.007686">
<ele>1566.811962</ele>
<time>2026-05-05T01:38:12Z</time>
<speed>1.040027</speed>
<trueHeading>0.000000</trueHeading>
<magneticHeading>0.000000</magneticHeading>
<gpsHeading>11.184080</gpsHeading>
<haccuracy>4.571000</haccuracy>
<vaccuracy>4.571000</vaccuracy>
<internetconnect>0</internetconnect>
</trkpt>
<trkpt lat="35.875274" lon="139.007547">
<ele>1575.999574</ele>
<time>2026-05-05T01:39:13Z</time>
<speed>0.894569</speed>
<trueHeading>0.000000</trueHeading>
<magneticHeading>0.000000</magneticHeading>
<gpsHeading>264.879456</gpsHeading>
<haccuracy>7.045000</haccuracy>
<vaccuracy>7.045000</vaccuracy>
<internetconnect>0</internetconnect>
</trkpt>
<trkpt lat="35.875296" lon="139.007370">
<ele>1584.144577</ele>
<time>2026-05-05T01:39:51Z</time>
<speed>0.901398</speed>
<trueHeading>0.000000</trueHeading>
<magneticHeading>0.000000</magneticHeading>
<gpsHeading>278.647552</gpsHeading>
<haccuracy>4.511000</haccuracy>
<vaccuracy>4.511000</vaccuracy>
<internetconnect>0</internetconnect>
</trkpt>
<trkpt lat="35.875428" lon="139.007297">
<ele>1591.087715</ele>
<time>2026-05-05T01:40:19Z</time>
<speed>1.022364</speed>
<trueHeading>0.000000</trueHeading>
<magneticHeading>0.000000</magneticHeading>
<gpsHeading>336.096771</gpsHeading>
<haccuracy>4.971000</haccuracy>
<vaccuracy>4.971000</vaccuracy>
<internetconnect>0</internetconnect>
</trkpt>
<trkpt lat="35.875523" lon="139.007160">
<ele>1595.643382</ele>
<time>2026-05-05T01:40:56Z</time>
<speed>1.032572</speed>
<trueHeading>0.000000</trueHeading>
<magneticHeading>0.000000</magneticHeading>
<gpsHeading>310.592590</gpsHeading>
<haccuracy>5.499000</haccuracy>
<vaccuracy>5.499000</vaccuracy>
<internetconnect>0</internetconnect>
</trkpt>
<trkpt lat="35.875707" lon="139.006952">
<ele>1597.288274</ele>
<time>2026-05-05T01:41:19Z</time>
<speed>1.371317</speed>
<trueHeading>0.000000</trueHeading>
<magneticHeading>0.000000</magneticHeading>
<gpsHeading>317.565826</gpsHeading>
<haccuracy>5.422000</haccuracy>
<vaccuracy>5.422000</vaccuracy>
<internetconnect>0</internetconnect>
</trkpt>
<trkpt lat="35.875871" lon="139.006825">
<ele>1595.188838</ele>
<time>2026-05-05T01:41:43Z</time>
<speed>1.228869</speed>
<trueHeading>0.000000</trueHeading>
<magneticHeading>0.000000</magneticHeading>
<gpsHeading>327.793396</gpsHeading>
<haccuracy>5.265000</haccuracy>
<vaccuracy>5.265000</vaccuracy>
<internetconnect>0</internetconnect>
</trkpt>
<trkpt lat="35.876079" lon="139.006753">
<ele>1592.835046</ele>
<time>2026-05-05T01:42:07Z</time>
<speed>1.198464</speed>
<trueHeading>0.000000</trueHeading>
<magneticHeading>0.000000</magneticHeading>
<gpsHeading>344.248383</gpsHeading>
<haccuracy>5.740000</haccuracy>
<vaccuracy>5.740000</vaccuracy>
<internetconnect>0</internetconnect>
</trkpt>
<trkpt lat="35.876185" lon="139.006548">
<ele>1588.842393</ele>
<time>2026-05-05T01:42:31Z</time>
<speed>1.099762</speed>
<trueHeading>0.000000</trueHeading>
<magneticHeading>0.000000</magneticHeading>
<gpsHeading>302.640442</gpsHeading>
<haccuracy>5.597000</haccuracy>
<vaccuracy>5.597000</vaccuracy>
<internetconnect>0</internetconnect>
</trkpt>
<trkpt lat="35.876324" lon="139.006362">
<ele>1585.052302</ele>
<time>2026-05-05T01:42:54Z</time>
<speed>1.419673</speed>
<trueHeading>0.000000</trueHeading>
<magneticHeading>0.000000</magneticHeading>
<gpsHeading>312.746307</gpsHeading>
<haccuracy>5.961000</haccuracy>
<vaccuracy>5.961000</vaccuracy>
<internetconnect>0</internetconnect>
</trkpt>
<trkpt lat="35.876516" lon="139.006235">
<ele>1579.788272</ele>
<time>2026-05-05T01:43:18Z</time>
<speed>1.481151</speed>
<trueHeading>0.000000</trueHeading>
<magneticHeading>0.000000</magneticHeading>
<gpsHeading>331.772766</gpsHeading>
<haccuracy>5.751000</haccuracy>
<vaccuracy>5.751000</vaccuracy>
<internetconnect>0</internetconnect>
</trkpt>
<trkpt lat="35.876665" lon="139.006124">
<ele>1576.128090</ele>
<time>2026-05-05T01:43:42Z</time>
<speed>1.301741</speed>
<trueHeading>0.000000</trueHeading>
<magneticHeading>0.000000</magneticHeading>
<gpsHeading>328.780914</gpsHeading>
<haccuracy>5.174000</haccuracy>
<vaccuracy>5.174000</vaccuracy>
<internetconnect>0</internetconnect>
</trkpt>
<trkpt lat="35.876914" lon="139.006112">
<ele>1573.172241</ele>
<time>2026-05-05T01:44:05Z</time>
<speed>1.209914</speed>
<trueHeading>0.000000</trueHeading>
<magneticHeading>0.000000</magneticHeading>
<gpsHeading>357.788574</gpsHeading>
<haccuracy>5.366000</haccuracy>
<vaccuracy>5.366000</vaccuracy>
<internetconnect>0</internetconnect>
</trkpt>
<trkpt lat="35.877056" lon="139.005883">
<ele>1572.037541</ele>
<time>2026-05-05T01:44:29Z</time>
<speed>1.005407</speed>
<trueHeading>0.000000</trueHeading>
<magneticHeading>0.000000</magneticHeading>
<gpsHeading>307.469666</gpsHeading>
<haccuracy>5.135000</haccuracy>
<vaccuracy>5.135000</vaccuracy>
<internetconnect>0</internetconnect>
</trkpt>
<trkpt lat="35.877267" lon="139.005744">
<ele>1573.180488</ele>
<time>2026-05-05T01:44:53Z</time>
<speed>1.381509</speed>
<trueHeading>0.000000</trueHeading>
<magneticHeading>0.000000</magneticHeading>
<gpsHeading>331.810852</gpsHeading>
<haccuracy>5.859000</haccuracy>
<vaccuracy>5.859000</vaccuracy>
<internetconnect>0</internetconnect>
</trkpt>
<trkpt lat="35.877424" lon="139.005751">
<ele>1577.160432</ele>
<time>2026-05-05T01:45:16Z</time>
<speed>1.163721</speed>
<trueHeading>0.000000</trueHeading>
<magneticHeading>0.000000</magneticHeading>
<gpsHeading>1.945926</gpsHeading>
<haccuracy>4.271000</haccuracy>
<vaccuracy>4.271000</vaccuracy>
<internetconnect>0</internetconnect>
</trkpt>
<trkpt lat="35.877463" lon="139.005568">
<ele>1581.819360</ele>
<time>2026-05-05T01:45:40Z</time>
<speed>1.309997</speed>
<trueHeading>0.000000</trueHeading>
<magneticHeading>0.000000</magneticHeading>
<gpsHeading>284.513092</gpsHeading>
<haccuracy>5.023000</haccuracy>
<vaccuracy>5.023000</vaccuracy>
<internetconnect>0</internetconnect>
</trkpt>
<trkpt lat="35.877598" lon="139.005474">
<ele>1585.392218</ele>
<time>2026-05-05T01:46:04Z</time>
<speed>0.900226</speed>
<trueHeading>0.000000</trueHeading>
<magneticHeading>0.000000</magneticHeading>
<gpsHeading>330.729462</gpsHeading>
<haccuracy>4.936000</haccuracy>
<vaccuracy>4.936000</vaccuracy>
<internetconnect>0</internetconnect>
</trkpt>
<trkpt lat="35.877695" lon="139.005297">
<ele>1588.628683</ele>
<time>2026-05-05T01:46:27Z</time>
<speed>1.310732</speed>
<trueHeading>0.000000</trueHeading>
<magneticHeading>0.000000</magneticHeading>
<gpsHeading>304.062500</gpsHeading>
<haccuracy>5.817000</haccuracy>
<vaccuracy>5.817000</vaccuracy>
<internetconnect>0</internetconnect>
</trkpt>
<trkpt lat="35.877868" lon="139.005075">
<ele>1590.690021</ele>
<time>2026-05-05T01:46:51Z</time>
<speed>1.376367</speed>
<trueHeading>0.000000</trueHeading>
<magneticHeading>0.000000</magneticHeading>
<gpsHeading>313.840790</gpsHeading>
<haccuracy>5.215000</haccuracy>
<vaccuracy>5.215000</vaccuracy>
<internetconnect>0</internetconnect>
</trkpt>
<trkpt lat="35.878013" lon="139.004800">
<ele>1591.866529</ele>
<time>2026-05-05T01:47:14Z</time>
<speed>1.492412</speed>
<trueHeading>0.000000</trueHeading>
<magneticHeading>0.000000</magneticHeading>
<gpsHeading>303.117340</gpsHeading>
<haccuracy>6.029000</haccuracy>
<vaccuracy>6.029000</vaccuracy>
<internetconnect>0</internetconnect>
</trkpt>
<trkpt lat="35.878203" lon="139.004616">
<ele>1591.221486</ele>
<time>2026-05-05T01:47:37Z</time>
<speed>1.326411</speed>
<trueHeading>0.000000</trueHeading>
<magneticHeading>0.000000</magneticHeading>
<gpsHeading>321.746887</gpsHeading>
<haccuracy>5.660000</haccuracy>
<vaccuracy>5.660000</vaccuracy>
<internetconnect>0</internetconnect>
</trkpt>
<trkpt lat="35.878408" lon="139.004406">
<ele>1591.810614</ele>
<time>2026-05-05T01:48:01Z</time>
<speed>1.544838</speed>
<trueHeading>0.000000</trueHeading>
<magneticHeading>0.000000</magneticHeading>
<gpsHeading>320.415527</gpsHeading>
<haccuracy>5.503000</haccuracy>
<vaccuracy>5.503000</vaccuracy>
<internetconnect>0</internetconnect>
</trkpt>
<trkpt lat="35.878617" lon="139.004377">
<ele>1594.367737</ele>
<time>2026-05-05T01:48:24Z</time>
<speed>1.273229</speed>
<trueHeading>0.000000</trueHeading>
<magneticHeading>0.000000</magneticHeading>
<gpsHeading>353.506775</gpsHeading>
<haccuracy>5.346000</haccuracy>
<vaccuracy>5.346000</vaccuracy>
<internetconnect>0</internetconnect>
</trkpt>
<trkpt lat="35.878824" lon="139.004243">
<ele>1597.959296</ele>
<time>2026-05-05T01:48:48Z</time>
<speed>1.302108</speed>
<trueHeading>0.000000</trueHeading>
<magneticHeading>0.000000</magneticHeading>
<gpsHeading>332.334717</gpsHeading>
<haccuracy>5.112000</haccuracy>
<vaccuracy>5.112000</vaccuracy>
<internetconnect>0</internetconnect>
</trkpt>
<trkpt lat="35.878967" lon="139.004064">
<ele>1599.999049</ele>
<time>2026-05-05T01:49:11Z</time>
<speed>1.490472</speed>
<trueHeading>0.000000</trueHeading>
<magneticHeading>0.000000</magneticHeading>
<gpsHeading>314.426575</gpsHeading>
<haccuracy>5.893000</haccuracy>
<vaccuracy>5.893000</vaccuracy>
<internetconnect>0</internetconnect>
</trkpt>
<trkpt lat="35.879223" lon="139.003935">
<ele>1600.688701</ele>
<time>2026-05-05T01:49:34Z</time>
<speed>1.504099</speed>
<trueHeading>0.000000</trueHeading>
<magneticHeading>0.000000</magneticHeading>
<gpsHeading>337.867920</gpsHeading>
<haccuracy>5.321000</haccuracy>
<vaccuracy>5.321000</vaccuracy>
<internetconnect>0</internetconnect>
</trkpt>
<trkpt lat="35.879455" lon="139.003732">
<ele>1602.146145</ele>
<time>2026-05-05T01:49:57Z</time>
<speed>1.402108</speed>
<trueHeading>0.000000</trueHeading>
<magneticHeading>0.000000</magneticHeading>
<gpsHeading>324.591400</gpsHeading>
<haccuracy>5.544000</haccuracy>
<vaccuracy>5.544000</vaccuracy>
<internetconnect>0</internetconnect>
</trkpt>
<trkpt lat="35.879647" lon="139.003549">
<ele>1606.472487</ele>
<time>2026-05-05T01:50:21Z</time>
<speed>1.320734</speed>
<trueHeading>0.000000</trueHeading>
<magneticHeading>0.000000</magneticHeading>
<gpsHeading>322.379822</gpsHeading>
<haccuracy>4.555000</haccuracy>
<vaccuracy>4.555000</vaccuracy>
<internetconnect>0</internetconnect>
</trkpt>
<trkpt lat="35.879788" lon="139.003499">
<ele>1613.264992</ele>
<time>2026-05-05T01:50:46Z</time>
<speed>0.922912</speed>
<trueHeading>0.000000</trueHeading>
<magneticHeading>0.000000</magneticHeading>
<gpsHeading>344.017700</gpsHeading>
<haccuracy>4.628000</haccuracy>
<vaccuracy>4.628000</vaccuracy>
<internetconnect>0</internetconnect>
</trkpt>
<trkpt lat="35.879845" lon="139.003333">
<ele>1619.829761</ele>
<time>2026-05-05T01:51:29Z</time>
<speed>0.994160</speed>
<trueHeading>0.000000</trueHeading>
<magneticHeading>0.000000</magneticHeading>
<gpsHeading>293.065002</gpsHeading>
<haccuracy>5.200000</haccuracy>
<vaccuracy>5.200000</vaccuracy>
<internetconnect>0</internetconnect>
</trkpt>
<trkpt lat="35.880004" lon="139.003180">
<ele>1624.371714</ele>
<time>2026-05-05T01:51:53Z</time>
<speed>1.323778</speed>
<trueHeading>0.000000</trueHeading>
<magneticHeading>0.000000</magneticHeading>
<gpsHeading>322.003693</gpsHeading>
<haccuracy>5.226000</haccuracy>
<vaccuracy>5.226000</vaccuracy>
<internetconnect>0</internetconnect>
</trkpt>
<trkpt lat="35.880148" lon="139.003119">
<ele>1627.373058</ele>
<time>2026-05-05T01:52:25Z</time>
<speed>1.310186</speed>
<trueHeading>0.000000</trueHeading>
<magneticHeading>0.000000</magneticHeading>
<gpsHeading>341.179291</gpsHeading>
<haccuracy>7.539000</haccuracy>
<vaccuracy>7.539000</vaccuracy>
<internetconnect>0</internetconnect>
</trkpt>
<trkpt lat="35.880378" lon="139.003013">
<ele>1628.422678</ele>
<time>2026-05-05T01:52:48Z</time>
<speed>1.286494</speed>
<trueHeading>0.000000</trueHeading>
<magneticHeading>0.000000</magneticHeading>
<gpsHeading>339.436310</gpsHeading>
<haccuracy>5.303000</haccuracy>
<vaccuracy>5.303000</vaccuracy>
<internetconnect>0</internetconnect>
</trkpt>
<trkpt lat="35.880626" lon="139.002965">
<ele>1628.616600</ele>
<time>2026-05-05T01:53:12Z</time>
<speed>1.341090</speed>
<trueHeading>0.000000</trueHeading>
<magneticHeading>0.000000</magneticHeading>
<gpsHeading>351.040222</gpsHeading>
<haccuracy>5.565000</haccuracy>
<vaccuracy>5.565000</vaccuracy>
<internetconnect>0</internetconnect>
</trkpt>
<trkpt lat="35.880829" lon="139.002905">
<ele>1627.326172</ele>
<time>2026-05-05T01:53:35Z</time>
<speed>1.487668</speed>
<trueHeading>0.000000</trueHeading>
<magneticHeading>0.000000</magneticHeading>
<gpsHeading>346.601196</gpsHeading>
<haccuracy>6.053000</haccuracy>
<vaccuracy>6.053000</vaccuracy>
<internetconnect>0</internetconnect>
</trkpt>
<trkpt lat="35.881083" lon="139.002877">
<ele>1627.145618</ele>
<time>2026-05-05T01:53:59Z</time>
<speed>1.331974</speed>
<trueHeading>0.000000</trueHeading>
<magneticHeading>0.000000</magneticHeading>
<gpsHeading>354.851715</gpsHeading>
<haccuracy>5.432000</haccuracy>
<vaccuracy>5.432000</vaccuracy>
<internetconnect>0</internetconnect>
</trkpt>
<trkpt lat="35.881271" lon="139.002765">
<ele>1628.209694</ele>
<time>2026-05-05T01:54:22Z</time>
<speed>1.345497</speed>
<trueHeading>0.000000</trueHeading>
<magneticHeading>0.000000</magneticHeading>
<gpsHeading>334.278137</gpsHeading>
<haccuracy>5.090000</haccuracy>
<vaccuracy>5.090000</vaccuracy>
<internetconnect>0</internetconnect>
</trkpt>
<trkpt lat="35.881496" lon="139.002631">
<ele>1630.077334</ele>
<time>2026-05-05T01:54:46Z</time>
<speed>1.372538</speed>
<trueHeading>0.000000</trueHeading>
<magneticHeading>0.000000</magneticHeading>
<gpsHeading>334.284363</gpsHeading>
<haccuracy>5.331000</haccuracy>
<vaccuracy>5.331000</vaccuracy>
<internetconnect>0</internetconnect>
</trkpt>
<trkpt lat="35.881702" lon="139.002498">
<ele>1631.897928</ele>
<time>2026-05-05T01:55:10Z</time>
<speed>1.285758</speed>
<trueHeading>0.000000</trueHeading>
<magneticHeading>0.000000</magneticHeading>
<gpsHeading>332.396912</gpsHeading>
<haccuracy>5.412000</haccuracy>
<vaccuracy>5.412000</vaccuracy>
<internetconnect>0</internetconnect>
</trkpt>
<trkpt lat="35.881872" lon="139.002271">
<ele>1634.469315</ele>
<time>2026-05-05T01:55:33Z</time>
<speed>1.264447</speed>
<trueHeading>0.000000</trueHeading>
<magneticHeading>0.000000</magneticHeading>
<gpsHeading>312.751678</gpsHeading>
<haccuracy>5.203000</haccuracy>
<vaccuracy>5.203000</vaccuracy>
<internetconnect>0</internetconnect>
</trkpt>
<trkpt lat="35.882050" lon="139.002349">
<ele>1637.310174</ele>
<time>2026-05-05T01:55:56Z</time>
<speed>1.223064</speed>
<trueHeading>0.000000</trueHeading>
<magneticHeading>0.000000</magneticHeading>
<gpsHeading>19.586006</gpsHeading>
<haccuracy>5.079000</haccuracy>
<vaccuracy>5.079000</vaccuracy>
<internetconnect>0</internetconnect>
</trkpt>
<trkpt lat="35.882089" lon="139.002341">
<ele>1639.420400</ele>
<time>2026-05-05T01:56:58Z</time>
<speed>0.067683</speed>
<trueHeading>0.000000</trueHeading>
<magneticHeading>0.000000</magneticHeading>
<gpsHeading>350.226563</gpsHeading>
<haccuracy>4.122000</haccuracy>
<vaccuracy>4.122000</vaccuracy>
<internetconnect>0</internetconnect>
</trkpt>
<trkpt lat="35.882033" lon="139.002164">
<ele>1640.760028</ele>
<time>2026-05-05T01:57:29Z</time>
<speed>1.421483</speed>
<trueHeading>0.000000</trueHeading>
<magneticHeading>0.000000</magneticHeading>
<gpsHeading>248.821609</gpsHeading>
<haccuracy>7.307000</haccuracy>
<vaccuracy>7.307000</vaccuracy>
<internetconnect>0</internetconnect>
</trkpt>
<trkpt lat="35.881992" lon="139.001830">
<ele>1641.411972</ele>
<time>2026-05-05T01:57:52Z</time>
<speed>1.535607</speed>
<trueHeading>0.000000</trueHeading>
<magneticHeading>0.000000</magneticHeading>
<gpsHeading>261.402588</gpsHeading>
<haccuracy>5.137000</haccuracy>
<vaccuracy>5.137000</vaccuracy>
<internetconnect>0</internetconnect>
</trkpt>
<trkpt lat="35.882103" lon="139.001491">
<ele>1642.953182</ele>
<time>2026-05-05T01:58:15Z</time>
<speed>1.577994</speed>
<trueHeading>0.000000</trueHeading>
<magneticHeading>0.000000</magneticHeading>
<gpsHeading>291.998749</gpsHeading>
<haccuracy>5.636000</haccuracy>
<vaccuracy>5.636000</vaccuracy>
<internetconnect>0</internetconnect>
</trkpt>
<trkpt lat="35.882249" lon="139.001198">
<ele>1644.500775</ele>
<time>2026-05-05T01:58:38Z</time>
<speed>1.552767</speed>
<trueHeading>0.000000</trueHeading>
<magneticHeading>0.000000</magneticHeading>
<gpsHeading>301.530640</gpsHeading>
<haccuracy>5.142000</haccuracy>
<vaccuracy>5.142000</vaccuracy>
<internetconnect>0</internetconnect>
</trkpt>
<trkpt lat="35.882429" lon="139.001077">
<ele>1646.667413</ele>
<time>2026-05-05T01:59:01Z</time>
<speed>0.376827</speed>
<trueHeading>0.000000</trueHeading>
<magneticHeading>0.000000</magneticHeading>
<gpsHeading>331.644287</gpsHeading>
<haccuracy>4.941000</haccuracy>
<vaccuracy>4.941000</vaccuracy>
<internetconnect>0</internetconnect>
</trkpt>
<trkpt lat="35.882731" lon="139.001000">
<ele>1649.483748</ele>
<time>2026-05-05T01:59:25Z</time>
<speed>1.253560</speed>
<trueHeading>0.000000</trueHeading>
<magneticHeading>0.000000</magneticHeading>
<gpsHeading>348.205933</gpsHeading>
<haccuracy>5.190000</haccuracy>
<vaccuracy>5.190000</vaccuracy>
<internetconnect>0</internetconnect>
</trkpt>
<trkpt lat="35.882871" lon="139.000952">
<ele>1653.085918</ele>
<time>2026-05-05T01:59:55Z</time>
<speed>1.077023</speed>
<trueHeading>0.000000</trueHeading>
<magneticHeading>0.000000</magneticHeading>
<gpsHeading>344.690582</gpsHeading>
<haccuracy>4.630000</haccuracy>
<vaccuracy>4.630000</vaccuracy>
<internetconnect>0</internetconnect>
</trkpt>
<trkpt lat="35.883153" lon="139.000814">
<ele>1656.831395</ele>
<time>2026-05-05T02:00:19Z</time>
<speed>1.346611</speed>
<trueHeading>0.000000</trueHeading>
<magneticHeading>0.000000</magneticHeading>
<gpsHeading>338.400391</gpsHeading>
<haccuracy>3.000000</haccuracy>
<vaccuracy>3.000000</vaccuracy>
<internetconnect>0</internetconnect>
</trkpt>
<trkpt lat="35.883324" lon="139.000751">
<ele>1660.849145</ele>
<time>2026-05-05T02:00:43Z</time>
<speed>1.268823</speed>
<trueHeading>0.000000</trueHeading>
<magneticHeading>0.000000</magneticHeading>
<gpsHeading>343.196045</gpsHeading>
<haccuracy>3.108000</haccuracy>
<vaccuracy>3.108000</vaccuracy>
<internetconnect>0</internetconnect>
</trkpt>
<trkpt lat="35.883471" lon="139.000687">
<ele>1664.412318</ele>
<time>2026-05-05T02:01:06Z</time>
<speed>0.892171</speed>
<trueHeading>0.000000</trueHeading>
<magneticHeading>0.000000</magneticHeading>
<gpsHeading>340.734772</gpsHeading>
<haccuracy>3.037000</haccuracy>
<vaccuracy>3.037000</vaccuracy>
<internetconnect>0</internetconnect>
</trkpt>
<trkpt lat="35.883534" lon="139.000364">
<ele>1668.410029</ele>
<time>2026-05-05T02:01:30Z</time>
<speed>0.986049</speed>
<trueHeading>0.000000</trueHeading>
<magneticHeading>0.000000</magneticHeading>
<gpsHeading>283.511383</gpsHeading>
<haccuracy>6.031000</haccuracy>
<vaccuracy>6.031000</vaccuracy>
<internetconnect>0</internetconnect>
</trkpt>
<trkpt lat="35.883506" lon="139.000039">
<ele>1672.152640</ele>
<time>2026-05-05T02:01:53Z</time>
<speed>0.904249</speed>
<trueHeading>0.000000</trueHeading>
<magneticHeading>0.000000</magneticHeading>
<gpsHeading>263.867584</gpsHeading>
<haccuracy>3.432000</haccuracy>
<vaccuracy>3.432000</vaccuracy>
<internetconnect>0</internetconnect>
</trkpt>
<trkpt lat="35.883734" lon="138.999901">
<ele>1674.917781</ele>
<time>2026-05-05T02:02:17Z</time>
<speed>1.021818</speed>
<trueHeading>0.000000</trueHeading>
<magneticHeading>0.000000</magneticHeading>
<gpsHeading>333.909973</gpsHeading>
<haccuracy>3.121000</haccuracy>
<vaccuracy>3.121000</vaccuracy>
<internetconnect>0</internetconnect>
</trkpt>
<trkpt lat="35.883955" lon="138.999722">
<ele>1676.145280</ele>
<time>2026-05-05T02:02:40Z</time>
<speed>1.106613</speed>
<trueHeading>0.000000</trueHeading>
<magneticHeading>0.000000</magneticHeading>
<gpsHeading>326.820770</gpsHeading>
<haccuracy>3.105000</haccuracy>
<vaccuracy>3.105000</vaccuracy>
<internetconnect>0</internetconnect>
</trkpt>
<trkpt lat="35.884016" lon="138.999397">
<ele>1676.793457</ele>
<time>2026-05-05T02:03:04Z</time>
<speed>0.970043</speed>
<trueHeading>0.000000</trueHeading>
<magneticHeading>0.000000</magneticHeading>
<gpsHeading>283.062469</gpsHeading>
<haccuracy>3.061000</haccuracy>
<vaccuracy>3.061000</vaccuracy>
<internetconnect>0</internetconnect>
</trkpt>
<trkpt lat="35.884032" lon="138.999214">
<ele>1678.041004</ele>
<time>2026-05-05T02:03:33Z</time>
<speed>1.262722</speed>
<trueHeading>0.000000</trueHeading>
<magneticHeading>0.000000</magneticHeading>
<gpsHeading>275.840698</gpsHeading>
<haccuracy>3.039000</haccuracy>
<vaccuracy>3.039000</vaccuracy>
<internetconnect>0</internetconnect>
</trkpt>
<trkpt lat="35.884146" lon="138.998898">
<ele>1678.650527</ele>
<time>2026-05-05T02:03:56Z</time>
<speed>1.402058</speed>
<trueHeading>0.000000</trueHeading>
<magneticHeading>0.000000</magneticHeading>
<gpsHeading>294.159637</gpsHeading>
<haccuracy>3.242000</haccuracy>
<vaccuracy>3.242000</vaccuracy>
<internetconnect>0</internetconnect>
</trkpt>
<trkpt lat="35.884204" lon="138.998734">
<ele>1677.058746</ele>
<time>2026-05-05T02:04:20Z</time>
<speed>0.428859</speed>
<trueHeading>0.000000</trueHeading>
<magneticHeading>0.000000</magneticHeading>
<gpsHeading>293.555969</gpsHeading>
<haccuracy>3.000000</haccuracy>
<vaccuracy>3.000000</vaccuracy>
<internetconnect>0</internetconnect>
</trkpt>
<trkpt lat="35.884189" lon="138.998543">
<ele>1673.179218</ele>
<time>2026-05-05T02:04:44Z</time>
<speed>0.335004</speed>
<trueHeading>0.000000</trueHeading>
<magneticHeading>0.000000</magneticHeading>
<gpsHeading>264.460663</gpsHeading>
<haccuracy>3.025000</haccuracy>
<vaccuracy>3.025000</vaccuracy>
<internetconnect>0</internetconnect>
</trkpt>
<trkpt lat="35.884106" lon="138.998398">
<ele>1669.592812</ele>
<time>2026-05-05T02:05:07Z</time>
<speed>0.999727</speed>
<trueHeading>0.000000</trueHeading>
<magneticHeading>0.000000</magneticHeading>
<gpsHeading>234.721695</gpsHeading>
<haccuracy>4.522000</haccuracy>
<vaccuracy>4.522000</vaccuracy>
<internetconnect>0</internetconnect>
</trkpt>
<trkpt lat="35.883959" lon="138.998102">
<ele>1665.850188</ele>
<time>2026-05-05T02:05:31Z</time>
<speed>1.155615</speed>
<trueHeading>0.000000</trueHeading>
<magneticHeading>0.000000</magneticHeading>
<gpsHeading>238.432831</gpsHeading>
<haccuracy>3.033000</haccuracy>
<vaccuracy>3.033000</vaccuracy>
<internetconnect>0</internetconnect>
</trkpt>
<trkpt lat="35.883980" lon="138.997761">
<ele>1662.281140</ele>
<time>2026-05-05T02:05:54Z</time>
<speed>1.871025</speed>
<trueHeading>0.000000</trueHeading>
<magneticHeading>0.000000</magneticHeading>
<gpsHeading>274.494934</gpsHeading>
<haccuracy>3.161000</haccuracy>
<vaccuracy>3.161000</vaccuracy>
<internetconnect>0</internetconnect>
</trkpt>
<trkpt lat="35.883882" lon="138.997512">
<ele>1658.101076</ele>
<time>2026-05-05T02:06:18Z</time>
<speed>0.429610</speed>
<trueHeading>0.000000</trueHeading>
<magneticHeading>0.000000</magneticHeading>
<gpsHeading>244.095779</gpsHeading>
<haccuracy>6.685000</haccuracy>
<vaccuracy>6.685000</vaccuracy>
<internetconnect>0</internetconnect>
</trkpt>
<trkpt lat="35.883741" lon="138.997211">
<ele>1655.303848</ele>
<time>2026-05-05T02:06:41Z</time>
<speed>1.093293</speed>
<trueHeading>0.000000</trueHeading>
<magneticHeading>0.000000</magneticHeading>
<gpsHeading>239.960297</gpsHeading>
<haccuracy>4.723000</haccuracy>
<vaccuracy>4.723000</vaccuracy>
<internetconnect>0</internetconnect>
</trkpt>
<trkpt lat="35.883537" lon="138.997104">
<ele>1653.760105</ele>
<time>2026-05-05T02:07:05Z</time>
<speed>0.510242</speed>
<trueHeading>0.000000</trueHeading>
<magneticHeading>0.000000</magneticHeading>
<gpsHeading>202.928940</gpsHeading>
<haccuracy>4.828000</haccuracy>
<vaccuracy>4.828000</vaccuracy>
<internetconnect>0</internetconnect>
</trkpt>
<trkpt lat="35.883392" lon="138.996910">
<ele>1651.854095</ele>
<time>2026-05-05T02:07:28Z</time>
<speed>0.786211</speed>
<trueHeading>0.000000</trueHeading>
<magneticHeading>0.000000</magneticHeading>
<gpsHeading>227.175751</gpsHeading>
<haccuracy>5.315000</haccuracy>
<vaccuracy>5.315000</vaccuracy>
<internetconnect>0</internetconnect>
</trkpt>
<trkpt lat="35.883269" lon="138.996617">
<ele>1650.227290</ele>
<time>2026-05-05T02:07:52Z</time>
<speed>0.308372</speed>
<trueHeading>0.000000</trueHeading>
<magneticHeading>0.000000</magneticHeading>
<gpsHeading>242.671967</gpsHeading>
<haccuracy>4.555000</haccuracy>
<vaccuracy>4.555000</vaccuracy>
<internetconnect>0</internetconnect>
</trkpt>
<trkpt lat="35.883318" lon="138.996282">
<ele>1649.371626</ele>
<time>2026-05-05T02:08:16Z</time>
<speed>1.073991</speed>
<trueHeading>0.000000</trueHeading>
<magneticHeading>0.000000</magneticHeading>
<gpsHeading>280.280334</gpsHeading>
<haccuracy>5.580000</haccuracy>
<vaccuracy>5.580000</vaccuracy>
<internetconnect>0</internetconnect>
</trkpt>
<trkpt lat="35.883258" lon="138.995974">
<ele>1650.893719</ele>
<time>2026-05-05T02:08:39Z</time>
<speed>1.186093</speed>
<trueHeading>0.000000</trueHeading>
<magneticHeading>0.000000</magneticHeading>
<gpsHeading>256.446167</gpsHeading>
<haccuracy>5.925000</haccuracy>
<vaccuracy>5.925000</vaccuracy>
<internetconnect>0</internetconnect>
</trkpt>
<trkpt lat="35.883055" lon="138.995945">
<ele>1652.848325</ele>
<time>2026-05-05T02:09:03Z</time>
<speed>1.117007</speed>
<trueHeading>0.000000</trueHeading>
<magneticHeading>0.000000</magneticHeading>
<gpsHeading>186.686035</gpsHeading>
<haccuracy>5.482000</haccuracy>
<vaccuracy>5.482000</vaccuracy>
<internetconnect>0</internetconnect>
</trkpt>
<trkpt lat="35.882887" lon="138.995727">
<ele>1654.369014</ele>
<time>2026-05-05T02:09:27Z</time>
<speed>0.703323</speed>
<trueHeading>0.000000</trueHeading>
<magneticHeading>0.000000</magneticHeading>
<gpsHeading>226.464142</gpsHeading>
<haccuracy>5.129000</haccuracy>
<vaccuracy>5.129000</vaccuracy>
<internetconnect>0</internetconnect>
</trkpt>
<trkpt lat="35.882769" lon="138.995402">
<ele>1655.829697</ele>
<time>2026-05-05T02:09:50Z</time>
<speed>1.168601</speed>
<trueHeading>0.000000</trueHeading>
<magneticHeading>0.000000</magneticHeading>
<gpsHeading>245.919571</gpsHeading>
<haccuracy>6.628000</haccuracy>
<vaccuracy>6.628000</vaccuracy>
<internetconnect>0</internetconnect>
</trkpt>
<trkpt lat="35.882679" lon="138.995049">
<ele>1657.870030</ele>
<time>2026-05-05T02:10:13Z</time>
<speed>1.110741</speed>
<trueHeading>0.000000</trueHeading>
<magneticHeading>0.000000</magneticHeading>
<gpsHeading>252.546661</gpsHeading>
<haccuracy>5.746000</haccuracy>
<vaccuracy>5.746000</vaccuracy>
<internetconnect>0</internetconnect>
</trkpt>
<trkpt lat="35.882477" lon="138.994860">
<ele>1660.487325</ele>
<time>2026-05-05T02:10:37Z</time>
<speed>1.015950</speed>
<trueHeading>0.000000</trueHeading>
<magneticHeading>0.000000</magneticHeading>
<gpsHeading>217.123047</gpsHeading>
<haccuracy>5.871000</haccuracy>
<vaccuracy>5.871000</vaccuracy>
<internetconnect>0</internetconnect>
</trkpt>
<trkpt lat="35.882473" lon="138.994538">
<ele>1662.737663</ele>
<time>2026-05-05T02:11:00Z</time>
<speed>1.302713</speed>
<trueHeading>0.000000</trueHeading>
<magneticHeading>0.000000</magneticHeading>
<gpsHeading>269.164490</gpsHeading>
<haccuracy>6.317000</haccuracy>
<vaccuracy>6.317000</vaccuracy>
<internetconnect>0</internetconnect>
</trkpt>
<trkpt lat="35.882579" lon="138.994253">
<ele>1663.497136</ele>
<time>2026-05-05T02:11:24Z</time>
<speed>0.985176</speed>
<trueHeading>0.000000</trueHeading>
<magneticHeading>0.000000</magneticHeading>
<gpsHeading>294.532043</gpsHeading>
<haccuracy>4.601000</haccuracy>
<vaccuracy>4.601000</vaccuracy>
<internetconnect>0</internetconnect>
</trkpt>
<trkpt lat="35.882764" lon="138.993997">
<ele>1662.675650</ele>
<time>2026-05-05T02:11:48Z</time>
<speed>1.211055</speed>
<trueHeading>0.000000</trueHeading>
<magneticHeading>0.000000</magneticHeading>
<gpsHeading>311.851990</gpsHeading>
<haccuracy>3.032000</haccuracy>
<vaccuracy>3.032000</vaccuracy>
<internetconnect>0</internetconnect>
</trkpt>
<trkpt lat="35.882915" lon="138.993719">
<ele>1661.256645</ele>
<time>2026-05-05T02:12:12Z</time>
<speed>1.115544</speed>
<trueHeading>0.000000</trueHeading>
<magneticHeading>0.000000</magneticHeading>
<gpsHeading>303.763062</gpsHeading>
<haccuracy>3.354000</haccuracy>
<vaccuracy>3.354000</vaccuracy>
<internetconnect>0</internetconnect>
</trkpt>
<trkpt lat="35.882938" lon="138.993358">
<ele>1659.699563</ele>
<time>2026-05-05T02:12:35Z</time>
<speed>1.215557</speed>
<trueHeading>0.000000</trueHeading>
<magneticHeading>0.000000</magneticHeading>
<gpsHeading>274.463470</gpsHeading>
<haccuracy>3.055000</haccuracy>
<vaccuracy>3.055000</vaccuracy>
<internetconnect>0</internetconnect>
</trkpt>
<trkpt lat="35.882788" lon="138.993050">
<ele>1657.842782</ele>
<time>2026-05-05T02:12:58Z</time>
<speed>1.169693</speed>
<trueHeading>0.000000</trueHeading>
<magneticHeading>0.000000</magneticHeading>
<gpsHeading>239.031845</gpsHeading>
<haccuracy>4.029000</haccuracy>
<vaccuracy>4.029000</vaccuracy>
<internetconnect>0</internetconnect>
</trkpt>
<trkpt lat="35.882623" lon="138.992723">
<ele>1655.774289</ele>
<time>2026-05-05T02:13:21Z</time>
<speed>1.305836</speed>
<trueHeading>0.000000</trueHeading>
<magneticHeading>0.000000</magneticHeading>
<gpsHeading>238.109665</gpsHeading>
<haccuracy>5.646000</haccuracy>
<vaccuracy>5.646000</vaccuracy>
<internetconnect>0</internetconnect>
</trkpt>
<trkpt lat="35.882466" lon="138.992424">
<ele>1655.532080</ele>
<time>2026-05-05T02:13:45Z</time>
<speed>0.596443</speed>
<trueHeading>0.000000</trueHeading>
<magneticHeading>0.000000</magneticHeading>
<gpsHeading>237.094177</gpsHeading>
<haccuracy>5.851000</haccuracy>
<vaccuracy>5.851000</vaccuracy>
<internetconnect>0</internetconnect>
</trkpt>
<trkpt lat="35.882319" lon="138.992140">
<ele>1657.902855</ele>
<time>2026-05-05T02:14:09Z</time>
<speed>0.752274</speed>
<trueHeading>0.000000</trueHeading>
<magneticHeading>0.000000</magneticHeading>
<gpsHeading>237.418594</gpsHeading>
<haccuracy>5.153000</haccuracy>
<vaccuracy>5.153000</vaccuracy>
<internetconnect>0</internetconnect>
</trkpt>
<trkpt lat="35.882168" lon="138.991971">
<ele>1661.698225</ele>
<time>2026-05-05T02:14:32Z</time>
<speed>0.581153</speed>
<trueHeading>0.000000</trueHeading>
<magneticHeading>0.000000</magneticHeading>
<gpsHeading>222.191910</gpsHeading>
<haccuracy>5.268000</haccuracy>
<vaccuracy>5.268000</vaccuracy>
<internetconnect>0</internetconnect>
</trkpt>
<trkpt lat="35.882030" lon="138.991904">
<ele>1665.258442</ele>
<time>2026-05-05T02:14:56Z</time>
<speed>0.400505</speed>
<trueHeading>0.000000</trueHeading>
<magneticHeading>0.000000</magneticHeading>
<gpsHeading>201.459061</gpsHeading>
<haccuracy>4.573000</haccuracy>
<vaccuracy>4.573000</vaccuracy>
<internetconnect>0</internetconnect>
</trkpt>
<trkpt lat="35.881874" lon="138.991905">
<ele>1668.116874</ele>
<time>2026-05-05T02:15:19Z</time>
<speed>0.275485</speed>
<trueHeading>0.000000</trueHeading>
<magneticHeading>0.000000</magneticHeading>
<gpsHeading>179.583664</gpsHeading>
<haccuracy>5.546000</haccuracy>
<vaccuracy>5.546000</vaccuracy>
<internetconnect>0</internetconnect>
</trkpt>
<trkpt lat="35.881845" lon="138.991665">
<ele>1670.119713</ele>
<time>2026-05-05T02:15:42Z</time>
<speed>1.013003</speed>
<trueHeading>0.000000</trueHeading>
<magneticHeading>0.000000</magneticHeading>
<gpsHeading>261.639893</gpsHeading>
<haccuracy>5.431000</haccuracy>
<vaccuracy>5.431000</vaccuracy>
<internetconnect>0</internetconnect>
</trkpt>
<trkpt lat="35.882053" lon="138.991549">
<ele>1671.286825</ele>
<time>2026-05-05T02:16:06Z</time>
<speed>0.466323</speed>
<trueHeading>0.000000</trueHeading>
<magneticHeading>0.000000</magneticHeading>
<gpsHeading>335.807465</gpsHeading>
<haccuracy>5.080000</haccuracy>
<vaccuracy>5.080000</vaccuracy>
<internetconnect>0</internetconnect>
</trkpt>
<trkpt lat="35.881925" lon="138.991207">
<ele>1671.488033</ele>
<time>2026-05-05T02:16:29Z</time>
<speed>0.462600</speed>
<trueHeading>0.000000</trueHeading>
<magneticHeading>0.000000</magneticHeading>
<gpsHeading>245.210464</gpsHeading>
<haccuracy>4.749000</haccuracy>
<vaccuracy>4.749000</vaccuracy>
<internetconnect>0</internetconnect>
</trkpt>
<trkpt lat="35.881803" lon="138.991052">
<ele>1671.569923</ele>
<time>2026-05-05T02:16:53Z</time>
<speed>1.284539</speed>
<trueHeading>0.000000</trueHeading>
<magneticHeading>0.000000</magneticHeading>
<gpsHeading>225.703812</gpsHeading>
<haccuracy>5.350000</haccuracy>
<vaccuracy>5.350000</vaccuracy>
<internetconnect>0</internetconnect>
</trkpt>
<trkpt lat="35.881742" lon="138.990647">
<ele>1671.305914</ele>
<time>2026-05-05T02:17:17Z</time>
<speed>1.183918</speed>
<trueHeading>0.000000</trueHeading>
<magneticHeading>0.000000</magneticHeading>
<gpsHeading>259.388916</gpsHeading>
<haccuracy>6.486000</haccuracy>
<vaccuracy>6.486000</vaccuracy>
<internetconnect>0</internetconnect>
</trkpt>
<trkpt lat="35.881608" lon="138.990267">
<ele>1671.363395</ele>
<time>2026-05-05T02:17:41Z</time>
<speed>1.333323</speed>
<trueHeading>0.000000</trueHeading>
<magneticHeading>0.000000</magneticHeading>
<gpsHeading>246.601563</gpsHeading>
<haccuracy>5.840000</haccuracy>
<vaccuracy>5.840000</vaccuracy>
<internetconnect>0</internetconnect>
</trkpt>
<trkpt lat="35.881464" lon="138.990024">
<ele>1671.913988</ele>
<time>2026-05-05T02:18:04Z</time>
<speed>0.601650</speed>
<trueHeading>0.000000</trueHeading>
<magneticHeading>0.000000</magneticHeading>
<gpsHeading>233.739395</gpsHeading>
<haccuracy>6.417000</haccuracy>
<vaccuracy>6.417000</vaccuracy>
<internetconnect>0</internetconnect>
</trkpt>
<trkpt lat="35.881353" lon="138.989665">
<ele>1673.080337</ele>
<time>2026-05-05T02:18:28Z</time>
<speed>0.605983</speed>
<trueHeading>0.000000</trueHeading>
<magneticHeading>0.000000</magneticHeading>
<gpsHeading>249.170868</gpsHeading>
<haccuracy>6.982000</haccuracy>
<vaccuracy>6.982000</vaccuracy>
<internetconnect>0</internetconnect>
</trkpt>
<trkpt lat="35.881296" lon="138.989359">
<ele>1673.921631</ele>
<time>2026-05-05T02:18:51Z</time>
<speed>0.968595</speed>
<trueHeading>0.000000</trueHeading>
<magneticHeading>0.000000</magneticHeading>
<gpsHeading>257.042877</gpsHeading>
<haccuracy>7.476000</haccuracy>
<vaccuracy>7.476000</vaccuracy>
<internetconnect>0</internetconnect>
</trkpt>
<trkpt lat="35.881113" lon="138.989103">
<ele>1675.225891</ele>
<time>2026-05-05T02:19:15Z</time>
<speed>0.416382</speed>
<trueHeading>0.000000</trueHeading>
<magneticHeading>0.000000</magneticHeading>
<gpsHeading>228.647888</gpsHeading>
<haccuracy>5.890000</haccuracy>
<vaccuracy>5.890000</vaccuracy>
<internetconnect>0</internetconnect>
</trkpt>
<trkpt lat="35.880883" lon="138.988894">
<ele>1676.636587</ele>
<time>2026-05-05T02:19:39Z</time>
<speed>0.320189</speed>
<trueHeading>0.000000</trueHeading>
<magneticHeading>0.000000</magneticHeading>
<gpsHeading>216.288956</gpsHeading>
<haccuracy>5.248000</haccuracy>
<vaccuracy>5.248000</vaccuracy>
<internetconnect>0</internetconnect>
</trkpt>
<trkpt lat="35.880523" lon="138.988812">
<ele>1678.926141</ele>
<time>2026-05-05T02:20:02Z</time>
<speed>1.223598</speed>
<trueHeading>0.000000</trueHeading>
<magneticHeading>0.000000</magneticHeading>
<gpsHeading>190.435562</gpsHeading>
<haccuracy>5.952000</haccuracy>
<vaccuracy>5.952000</vaccuracy>
<internetconnect>0</internetconnect>
</trkpt>
<trkpt lat="35.880379" lon="138.988839">
<ele>1680.384466</ele>
<time>2026-05-05T02:20:46Z</time>
<speed>0.911559</speed>
<trueHeading>0.000000</trueHeading>
<magneticHeading>0.000000</magneticHeading>
<gpsHeading>171.527634</gpsHeading>
<haccuracy>6.110000</haccuracy>
<vaccuracy>6.110000</vaccuracy>
<internetconnect>0</internetconnect>
</trkpt>
<trkpt lat="35.880486" lon="138.988704">
<ele>1679.012865</ele>
<time>2026-05-05T02:21:17Z</time>
<speed>1.097225</speed>
<trueHeading>0.000000</trueHeading>
<magneticHeading>0.000000</magneticHeading>
<gpsHeading>314.513031</gpsHeading>
<haccuracy>3.008000</haccuracy>
<vaccuracy>3.008000</vaccuracy>
<internetconnect>0</internetconnect>
</trkpt>
<trkpt lat="35.880584" lon="138.988297">
<ele>1675.446035</ele>
<time>2026-05-05T02:21:40Z</time>
<speed>1.213435</speed>
<trueHeading>0.000000</trueHeading>
<magneticHeading>0.000000</magneticHeading>
<gpsHeading>286.498444</gpsHeading>
<haccuracy>3.006000</haccuracy>
<vaccuracy>3.006000</vaccuracy>
<internetconnect>0</internetconnect>
</trkpt>
<trkpt lat="35.880584" lon="138.987947">
<ele>1669.653647</ele>
<time>2026-05-05T02:22:04Z</time>
<speed>1.389777</speed>
<trueHeading>0.000000</trueHeading>
<magneticHeading>0.000000</magneticHeading>
<gpsHeading>269.898987</gpsHeading>
<haccuracy>3.039000</haccuracy>
<vaccuracy>3.039000</vaccuracy>
<internetconnect>0</internetconnect>
</trkpt>
<trkpt lat="35.880714" lon="138.987622">
<ele>1663.835007</ele>
<time>2026-05-05T02:22:28Z</time>
<speed>1.150022</speed>
<trueHeading>0.000000</trueHeading>
<magneticHeading>0.000000</magneticHeading>
<gpsHeading>296.393402</gpsHeading>
<haccuracy>3.183000</haccuracy>
<vaccuracy>3.183000</vaccuracy>
<internetconnect>0</internetconnect>
</trkpt>
<trkpt lat="35.880817" lon="138.987304">
<ele>1657.396271</ele>
<time>2026-05-05T02:22:52Z</time>
<speed>0.518380</speed>
<trueHeading>0.000000</trueHeading>
<magneticHeading>0.000000</magneticHeading>
<gpsHeading>291.661957</gpsHeading>
<haccuracy>5.597000</haccuracy>
<vaccuracy>5.597000</vaccuracy>
<internetconnect>0</internetconnect>
</trkpt>
<trkpt lat="35.880867" lon="138.986987">
<ele>1651.095815</ele>
<time>2026-05-05T02:23:15Z</time>
<speed>0.501862</speed>
<trueHeading>0.000000</trueHeading>
<magneticHeading>0.000000</magneticHeading>
<gpsHeading>281.097504</gpsHeading>
<haccuracy>5.617000</haccuracy>
<vaccuracy>5.617000</vaccuracy>
<internetconnect>0</internetconnect>
</trkpt>
<trkpt lat="35.880749" lon="138.986661">
<ele>1645.630867</ele>
<time>2026-05-05T02:23:38Z</time>
<speed>0.373290</speed>
<trueHeading>0.000000</trueHeading>
<magneticHeading>0.000000</magneticHeading>
<gpsHeading>245.965622</gpsHeading>
<haccuracy>6.487000</haccuracy>
<vaccuracy>6.487000</vaccuracy>
<internetconnect>0</internetconnect>
</trkpt>
<trkpt lat="35.880683" lon="138.986490">
<ele>1641.020183</ele>
<time>2026-05-05T02:24:17Z</time>
<speed>0.429554</speed>
<trueHeading>0.000000</trueHeading>
<magneticHeading>0.000000</magneticHeading>
<gpsHeading>244.577988</gpsHeading>
<haccuracy>5.174000</haccuracy>
<vaccuracy>5.174000</vaccuracy>
<internetconnect>0</internetconnect>
</trkpt>
<trkpt lat="35.880458" lon="138.986384">
<ele>1638.921854</ele>
<time>2026-05-05T02:24:40Z</time>
<speed>0.386275</speed>
<trueHeading>0.000000</trueHeading>
<magneticHeading>0.000000</magneticHeading>
<gpsHeading>200.888214</gpsHeading>
<haccuracy>4.583000</haccuracy>
<vaccuracy>4.583000</vaccuracy>
<internetconnect>0</internetconnect>
</trkpt>
<trkpt lat="35.880272" lon="138.986262">
<ele>1639.198631</ele>
<time>2026-05-05T02:25:04Z</time>
<speed>0.688677</speed>
<trueHeading>0.000000</trueHeading>
<magneticHeading>0.000000</magneticHeading>
<gpsHeading>208.129852</gpsHeading>
<haccuracy>4.409000</haccuracy>
<vaccuracy>4.409000</vaccuracy>
<internetconnect>0</internetconnect>
</trkpt>
<trkpt lat="35.880105" lon="138.986134">
<ele>1641.127866</ele>
<time>2026-05-05T02:25:27Z</time>
<speed>0.191718</speed>
<trueHeading>0.000000</trueHeading>
<magneticHeading>0.000000</magneticHeading>
<gpsHeading>211.770493</gpsHeading>
<haccuracy>4.693000</haccuracy>
<vaccuracy>4.693000</vaccuracy>
<internetconnect>0</internetconnect>
</trkpt>
<trkpt lat="35.879843" lon="138.986088">
<ele>1642.607486</ele>
<time>2026-05-05T02:25:50Z</time>
<speed>0.513716</speed>
<trueHeading>0.000000</trueHeading>
<magneticHeading>0.000000</magneticHeading>
<gpsHeading>187.991486</gpsHeading>
<haccuracy>4.988000</haccuracy>
<vaccuracy>4.988000</vaccuracy>
<internetconnect>0</internetconnect>
</trkpt>
<trkpt lat="35.879680" lon="138.985926">
<ele>1643.826759</ele>
<time>2026-05-05T02:26:13Z</time>
<speed>0.331360</speed>
<trueHeading>0.000000</trueHeading>
<magneticHeading>0.000000</magneticHeading>
<gpsHeading>218.878265</gpsHeading>
<haccuracy>5.829000</haccuracy>
<vaccuracy>5.829000</vaccuracy>
<internetconnect>0</internetconnect>
</trkpt>
<trkpt lat="35.879532" lon="138.985661">
<ele>1645.072685</ele>
<time>2026-05-05T02:26:37Z</time>
<speed>0.701818</speed>
<trueHeading>0.000000</trueHeading>
<magneticHeading>0.000000</magneticHeading>
<gpsHeading>235.577271</gpsHeading>
<haccuracy>5.028000</haccuracy>
<vaccuracy>5.028000</vaccuracy>
<internetconnect>0</internetconnect>
</trkpt>
<trkpt lat="35.879297" lon="138.985580">
<ele>1647.577887</ele>
<time>2026-05-05T02:27:00Z</time>
<speed>0.796777</speed>
<trueHeading>0.000000</trueHeading>
<magneticHeading>0.000000</magneticHeading>
<gpsHeading>195.547806</gpsHeading>
<haccuracy>5.757000</haccuracy>
<vaccuracy>5.757000</vaccuracy>
<internetconnect>0</internetconnect>
</trkpt>
<trkpt lat="35.879162" lon="138.985467">
<ele>1650.730142</ele>
<time>2026-05-05T02:27:24Z</time>
<speed>0.145113</speed>
<trueHeading>0.000000</trueHeading>
<magneticHeading>0.000000</magneticHeading>
<gpsHeading>214.282990</gpsHeading>
<haccuracy>6.384000</haccuracy>
<vaccuracy>6.384000</vaccuracy>
<internetconnect>0</internetconnect>
</trkpt>
<trkpt lat="35.879111" lon="138.985222">
<ele>1654.408630</ele>
<time>2026-05-05T02:27:47Z</time>
<speed>0.815133</speed>
<trueHeading>0.000000</trueHeading>
<magneticHeading>0.000000</magneticHeading>
<gpsHeading>255.497864</gpsHeading>
<haccuracy>6.487000</haccuracy>
<vaccuracy>6.487000</vaccuracy>
<internetconnect>0</internetconnect>
</trkpt>
<trkpt lat="35.878989" lon="138.985016">
<ele>1657.517631</ele>
<time>2026-05-05T02:28:11Z</time>
<speed>0.546718</speed>
<trueHeading>0.000000</trueHeading>
<magneticHeading>0.000000</magneticHeading>
<gpsHeading>233.956223</gpsHeading>
<haccuracy>4.951000</haccuracy>
<vaccuracy>4.951000</vaccuracy>
<internetconnect>0</internetconnect>
</trkpt>
<trkpt lat="35.878817" lon="138.984834">
<ele>1659.805377</ele>
<time>2026-05-05T02:28:35Z</time>
<speed>0.897496</speed>
<trueHeading>0.000000</trueHeading>
<magneticHeading>0.000000</magneticHeading>
<gpsHeading>220.657150</gpsHeading>
<haccuracy>5.480000</haccuracy>
<vaccuracy>5.480000</vaccuracy>
<internetconnect>0</internetconnect>
</trkpt>
<trkpt lat="35.878648" lon="138.984692">
<ele>1661.047684</ele>
<time>2026-05-05T02:28:59Z</time>
<speed>0.938620</speed>
<trueHeading>0.000000</trueHeading>
<magneticHeading>0.000000</magneticHeading>
<gpsHeading>214.284927</gpsHeading>
<haccuracy>5.337000</haccuracy>
<vaccuracy>5.337000</vaccuracy>
<internetconnect>0</internetconnect>
</trkpt>
<trkpt lat="35.878504" lon="138.984724">
<ele>1659.912216</ele>
<time>2026-05-05T02:29:31Z</time>
<speed>0.273422</speed>
<trueHeading>0.000000</trueHeading>
<magneticHeading>0.000000</magneticHeading>
<gpsHeading>169.588516</gpsHeading>
<haccuracy>4.789000</haccuracy>
<vaccuracy>4.789000</vaccuracy>
<internetconnect>0</internetconnect>
</trkpt>
<trkpt lat="35.878215" lon="138.984663">
<ele>1656.279718</ele>
<time>2026-05-05T02:29:55Z</time>
<speed>0.491922</speed>
<trueHeading>0.000000</trueHeading>
<magneticHeading>0.000000</magneticHeading>
<gpsHeading>189.701782</gpsHeading>
<haccuracy>5.291000</haccuracy>
<vaccuracy>5.291000</vaccuracy>
<internetconnect>0</internetconnect>
</trkpt>
<trkpt lat="35.878032" lon="138.984621">
<ele>1650.130219</ele>
<time>2026-05-05T02:30:18Z</time>
<speed>0.273257</speed>
<trueHeading>0.000000</trueHeading>
<magneticHeading>0.000000</magneticHeading>
<gpsHeading>190.693008</gpsHeading>
<haccuracy>4.943000</haccuracy>
<vaccuracy>4.943000</vaccuracy>
<internetconnect>0</internetconnect>
</trkpt>
<trkpt lat="35.877789" lon="138.984601">
<ele>1645.016543</ele>
<time>2026-05-05T02:30:42Z</time>
<speed>0.341467</speed>
<trueHeading>0.000000</trueHeading>
<magneticHeading>0.000000</magneticHeading>
<gpsHeading>183.813766</gpsHeading>
<haccuracy>4.721000</haccuracy>
<vaccuracy>4.721000</vaccuracy>
<internetconnect>0</internetconnect>
</trkpt>
<trkpt lat="35.877818" lon="138.984758">
<ele>1642.204256</ele>
<time>2026-05-05T02:31:44Z</time>
<speed>0.947278</speed>
<trueHeading>0.000000</trueHeading>
<magneticHeading>0.000000</magneticHeading>
<gpsHeading>77.213120</gpsHeading>
<haccuracy>7.817000</haccuracy>
<vaccuracy>7.817000</vaccuracy>
<internetconnect>0</internetconnect>
</trkpt>
<trkpt lat="35.877451" lon="138.984588">
<ele>1641.739993</ele>
<time>2026-05-05T02:32:08Z</time>
<speed>1.354796</speed>
<trueHeading>0.000000</trueHeading>
<magneticHeading>0.000000</magneticHeading>
<gpsHeading>200.585312</gpsHeading>
<haccuracy>4.823000</haccuracy>
<vaccuracy>4.823000</vaccuracy>
<internetconnect>0</internetconnect>
</trkpt>
<trkpt lat="35.877226" lon="138.984461">
<ele>1639.714513</ele>
<time>2026-05-05T02:32:32Z</time>
<speed>1.240849</speed>
<trueHeading>0.000000</trueHeading>
<magneticHeading>0.000000</magneticHeading>
<gpsHeading>204.591248</gpsHeading>
<haccuracy>5.348000</haccuracy>
<vaccuracy>5.348000</vaccuracy>
<internetconnect>0</internetconnect>
</trkpt>
<trkpt lat="35.877056" lon="138.984265">
<ele>1635.897138</ele>
<time>2026-05-05T02:32:56Z</time>
<speed>1.348487</speed>
<trueHeading>0.000000</trueHeading>
<magneticHeading>0.000000</magneticHeading>
<gpsHeading>223.103104</gpsHeading>
<haccuracy>3.009000</haccuracy>
<vaccuracy>3.009000</vaccuracy>
<internetconnect>0</internetconnect>
</trkpt>
<trkpt lat="35.876966" lon="138.984097">
<ele>1631.427208</ele>
<time>2026-05-05T02:33:19Z</time>
<speed>1.179932</speed>
<trueHeading>0.000000</trueHeading>
<magneticHeading>0.000000</magneticHeading>
<gpsHeading>236.705414</gpsHeading>
<haccuracy>3.036000</haccuracy>
<vaccuracy>3.036000</vaccuracy>
<internetconnect>0</internetconnect>
</trkpt>
<trkpt lat="35.876766" lon="138.983903">
<ele>1629.495351</ele>
<time>2026-05-05T02:33:42Z</time>
<speed>1.450180</speed>
<trueHeading>0.000000</trueHeading>
<magneticHeading>0.000000</magneticHeading>
<gpsHeading>218.054245</gpsHeading>
<haccuracy>4.098000</haccuracy>
<vaccuracy>4.098000</vaccuracy>
<internetconnect>0</internetconnect>
</trkpt>
<trkpt lat="35.876587" lon="138.983638">
<ele>1629.074711</ele>
<time>2026-05-05T02:34:06Z</time>
<speed>1.415940</speed>
<trueHeading>0.000000</trueHeading>
<magneticHeading>0.000000</magneticHeading>
<gpsHeading>230.136353</gpsHeading>
<haccuracy>5.305000</haccuracy>
<vaccuracy>5.305000</vaccuracy>
<internetconnect>0</internetconnect>
</trkpt>
<trkpt lat="35.876326" lon="138.983488">
<ele>1628.529698</ele>
<time>2026-05-05T02:34:30Z</time>
<speed>1.278698</speed>
<trueHeading>0.000000</trueHeading>
<magneticHeading>0.000000</magneticHeading>
<gpsHeading>205.054153</gpsHeading>
<haccuracy>5.079000</haccuracy>
<vaccuracy>5.079000</vaccuracy>
<internetconnect>0</internetconnect>
</trkpt>
<trkpt lat="35.876094" lon="138.983635">
<ele>1627.801094</ele>
<time>2026-05-05T02:34:54Z</time>
<speed>1.542996</speed>
<trueHeading>0.000000</trueHeading>
<magneticHeading>0.000000</magneticHeading>
<gpsHeading>152.867706</gpsHeading>
<haccuracy>3.076000</haccuracy>
<vaccuracy>3.076000</vaccuracy>
<internetconnect>0</internetconnect>
</trkpt>
<trkpt lat="35.875835" lon="138.983792">
<ele>1626.763131</ele>
<time>2026-05-05T02:35:18Z</time>
<speed>1.233269</speed>
<trueHeading>0.000000</trueHeading>
<magneticHeading>0.000000</magneticHeading>
<gpsHeading>153.854767</gpsHeading>
<haccuracy>3.167000</haccuracy>
<vaccuracy>3.167000</vaccuracy>
<internetconnect>0</internetconnect>
</trkpt>
<trkpt lat="35.875537" lon="138.983725">
<ele>1625.843392</ele>
<time>2026-05-05T02:35:42Z</time>
<speed>1.455478</speed>
<trueHeading>0.000000</trueHeading>
<magneticHeading>0.000000</magneticHeading>
<gpsHeading>190.215942</gpsHeading>
<haccuracy>4.513000</haccuracy>
<vaccuracy>4.513000</vaccuracy>
<internetconnect>0</internetconnect>
</trkpt>
<trkpt lat="35.875393" lon="138.983777">
<ele>1624.481888</ele>
<time>2026-05-05T02:36:32Z</time>
<speed>0.275654</speed>
<trueHeading>0.000000</trueHeading>
<magneticHeading>0.000000</magneticHeading>
<gpsHeading>163.819733</gpsHeading>
<haccuracy>3.667000</haccuracy>
<vaccuracy>3.667000</vaccuracy>
<internetconnect>0</internetconnect>
</trkpt>
<trkpt lat="35.875202" lon="138.983808">
<ele>1623.153957</ele>
<time>2026-05-05T02:36:55Z</time>
<speed>1.117194</speed>
<trueHeading>0.000000</trueHeading>
<magneticHeading>0.000000</magneticHeading>
<gpsHeading>172.563309</gpsHeading>
<haccuracy>5.267000</haccuracy>
<vaccuracy>5.267000</vaccuracy>
<internetconnect>0</internetconnect>
</trkpt>
<trkpt lat="35.874970" lon="138.983510">
<ele>1622.763084</ele>
<time>2026-05-05T02:37:18Z</time>
<speed>0.884045</speed>
<trueHeading>0.000000</trueHeading>
<magneticHeading>0.000000</magneticHeading>
<gpsHeading>226.175827</gpsHeading>
<haccuracy>4.841000</haccuracy>
<vaccuracy>4.841000</vaccuracy>
<internetconnect>0</internetconnect>
</trkpt>
<trkpt lat="35.874865" lon="138.983359">
<ele>1622.148091</ele>
<time>2026-05-05T02:37:42Z</time>
<speed>0.975176</speed>
<trueHeading>0.000000</trueHeading>
<magneticHeading>0.000000</magneticHeading>
<gpsHeading>229.286850</gpsHeading>
<haccuracy>6.292000</haccuracy>
<vaccuracy>6.292000</vaccuracy>
<internetconnect>0</internetconnect>
</trkpt>
<trkpt lat="35.874568" lon="138.983468">
<ele>1620.870130</ele>
<time>2026-05-05T02:38:06Z</time>
<speed>0.369022</speed>
<trueHeading>0.000000</trueHeading>
<magneticHeading>0.000000</magneticHeading>
<gpsHeading>163.375702</gpsHeading>
<haccuracy>4.692000</haccuracy>
<vaccuracy>4.692000</vaccuracy>
<internetconnect>0</internetconnect>
</trkpt>
<trkpt lat="35.874297" lon="138.983395">
<ele>1617.885739</ele>
<time>2026-05-05T02:38:29Z</time>
<speed>0.848673</speed>
<trueHeading>0.000000</trueHeading>
<magneticHeading>0.000000</magneticHeading>
<gpsHeading>192.379791</gpsHeading>
<haccuracy>5.051000</haccuracy>
<vaccuracy>5.051000</vaccuracy>
<internetconnect>0</internetconnect>
</trkpt>
<trkpt lat="35.873961" lon="138.983383">
<ele>1614.023710</ele>
<time>2026-05-05T02:38:52Z</time>
<speed>1.188189</speed>
<trueHeading>0.000000</trueHeading>
<magneticHeading>0.000000</magneticHeading>
<gpsHeading>181.575745</gpsHeading>
<haccuracy>6.058000</haccuracy>
<vaccuracy>6.058000</vaccuracy>
<internetconnect>0</internetconnect>
</trkpt>
<trkpt lat="35.873815" lon="138.983378">
<ele>1608.589186</ele>
<time>2026-05-05T02:39:26Z</time>
<speed>0.842927</speed>
<trueHeading>0.000000</trueHeading>
<magneticHeading>0.000000</magneticHeading>
<gpsHeading>181.749634</gpsHeading>
<haccuracy>5.553000</haccuracy>
<vaccuracy>5.553000</vaccuracy>
<internetconnect>0</internetconnect>
</trkpt>
<trkpt lat="35.873598" lon="138.983429">
<ele>1602.096293</ele>
<time>2026-05-05T02:39:49Z</time>
<speed>0.692669</speed>
<trueHeading>0.000000</trueHeading>
<magneticHeading>0.000000</magneticHeading>
<gpsHeading>169.256287</gpsHeading>
<haccuracy>5.946000</haccuracy>
<vaccuracy>5.946000</vaccuracy>
<internetconnect>0</internetconnect>
</trkpt>
<trkpt lat="35.873331" lon="138.983444">
<ele>1595.794001</ele>
<time>2026-05-05T02:40:13Z</time>
<speed>0.922913</speed>
<trueHeading>0.000000</trueHeading>
<magneticHeading>0.000000</magneticHeading>
<gpsHeading>177.444611</gpsHeading>
<haccuracy>5.327000</haccuracy>
<vaccuracy>5.327000</vaccuracy>
<internetconnect>0</internetconnect>
</trkpt>
<trkpt lat="35.873192" lon="138.983331">
<ele>1590.661510</ele>
<time>2026-05-05T02:40:37Z</time>
<speed>0.780271</speed>
<trueHeading>0.000000</trueHeading>
<magneticHeading>0.000000</magneticHeading>
<gpsHeading>213.370346</gpsHeading>
<haccuracy>5.451000</haccuracy>
<vaccuracy>5.451000</vaccuracy>
<internetconnect>0</internetconnect>
</trkpt>
<trkpt lat="35.872989" lon="138.983145">
<ele>1586.901498</ele>
<time>2026-05-05T02:41:01Z</time>
<speed>1.038992</speed>
<trueHeading>0.000000</trueHeading>
<magneticHeading>0.000000</magneticHeading>
<gpsHeading>216.548080</gpsHeading>
<haccuracy>6.035000</haccuracy>
<vaccuracy>6.035000</vaccuracy>
<internetconnect>0</internetconnect>
</trkpt>
<trkpt lat="35.872628" lon="138.983632">
<ele>1582.994845</ele>
<time>2026-05-05T02:41:25Z</time>
<speed>1.038885</speed>
<trueHeading>0.000000</trueHeading>
<magneticHeading>0.000000</magneticHeading>
<gpsHeading>132.400726</gpsHeading>
<haccuracy>7.814000</haccuracy>
<vaccuracy>7.814000</vaccuracy>
<internetconnect>0</internetconnect>
</trkpt>
<trkpt lat="35.872409" lon="138.983848">
<ele>1579.524331</ele>
<time>2026-05-05T02:41:49Z</time>
<speed>1.239461</speed>
<trueHeading>0.000000</trueHeading>
<magneticHeading>0.000000</magneticHeading>
<gpsHeading>141.406586</gpsHeading>
<haccuracy>5.398000</haccuracy>
<vaccuracy>5.398000</vaccuracy>
<internetconnect>0</internetconnect>
</trkpt>
<trkpt lat="35.872165" lon="138.984006">
<ele>1575.922573</ele>
<time>2026-05-05T02:42:12Z</time>
<speed>1.129260</speed>
<trueHeading>0.000000</trueHeading>
<magneticHeading>0.000000</magneticHeading>
<gpsHeading>152.350861</gpsHeading>
<haccuracy>3.094000</haccuracy>
<vaccuracy>3.094000</vaccuracy>
<internetconnect>0</internetconnect>
</trkpt>
<trkpt lat="35.871926" lon="138.984055">
<ele>1571.817200</ele>
<time>2026-05-05T02:42:36Z</time>
<speed>1.062907</speed>
<trueHeading>0.000000</trueHeading>
<magneticHeading>0.000000</magneticHeading>
<gpsHeading>170.480698</gpsHeading>
<haccuracy>3.010000</haccuracy>
<vaccuracy>3.010000</vaccuracy>
<internetconnect>0</internetconnect>
</trkpt>
<trkpt lat="35.871705" lon="138.984055">
<ele>1567.057360</ele>
<time>2026-05-05T02:43:00Z</time>
<speed>1.307501</speed>
<trueHeading>0.000000</trueHeading>
<magneticHeading>0.000000</magneticHeading>
<gpsHeading>180.042114</gpsHeading>
<haccuracy>5.743000</haccuracy>
<vaccuracy>5.743000</vaccuracy>
<internetconnect>0</internetconnect>
</trkpt>
<trkpt lat="35.871531" lon="138.984034">
<ele>1561.546307</ele>
<time>2026-05-05T02:43:24Z</time>
<speed>0.733538</speed>
<trueHeading>0.000000</trueHeading>
<magneticHeading>0.000000</magneticHeading>
<gpsHeading>185.724350</gpsHeading>
<haccuracy>4.638000</haccuracy>
<vaccuracy>4.638000</vaccuracy>
<internetconnect>0</internetconnect>
</trkpt>
<trkpt lat="35.871346" lon="138.984008">
<ele>1556.336028</ele>
<time>2026-05-05T02:43:48Z</time>
<speed>0.409770</speed>
<trueHeading>0.000000</trueHeading>
<magneticHeading>0.000000</magneticHeading>
<gpsHeading>186.483231</gpsHeading>
<haccuracy>5.158000</haccuracy>
<vaccuracy>5.158000</vaccuracy>
<internetconnect>0</internetconnect>
</trkpt>
<trkpt lat="35.871186" lon="138.983979">
<ele>1551.418561</ele>
<time>2026-05-05T02:44:11Z</time>
<speed>1.071003</speed>
<trueHeading>0.000000</trueHeading>
<magneticHeading>0.000000</magneticHeading>
<gpsHeading>188.290695</gpsHeading>
<haccuracy>5.172000</haccuracy>
<vaccuracy>5.172000</vaccuracy>
<internetconnect>0</internetconnect>
</trkpt>
<trkpt lat="35.871109" lon="138.983998">
<ele>1548.782713</ele>
<time>2026-05-05T02:45:12Z</time>
<speed>0.187952</speed>
<trueHeading>0.000000</trueHeading>
<magneticHeading>0.000000</magneticHeading>
<gpsHeading>168.910706</gpsHeading>
<haccuracy>3.009000</haccuracy>
<vaccuracy>3.009000</vaccuracy>
<internetconnect>0</internetconnect>
</trkpt>
<trkpt lat="35.870986" lon="138.984020">
<ele>1546.600861</ele>
<time>2026-05-05T02:46:13Z</time>
<speed>0.930012</speed>
<trueHeading>0.000000</trueHeading>
<magneticHeading>0.000000</magneticHeading>
<gpsHeading>171.635483</gpsHeading>
<haccuracy>6.033000</haccuracy>
<vaccuracy>6.033000</vaccuracy>
<internetconnect>0</internetconnect>
</trkpt>
<trkpt lat="35.870706" lon="138.984056">
<ele>1546.527837</ele>
<time>2026-05-05T02:46:36Z</time>
<speed>0.252222</speed>
<trueHeading>0.000000</trueHeading>
<magneticHeading>0.000000</magneticHeading>
<gpsHeading>174.054581</gpsHeading>
<haccuracy>5.420000</haccuracy>
<vaccuracy>5.420000</vaccuracy>
<internetconnect>0</internetconnect>
</trkpt>
<trkpt lat="35.870548" lon="138.983924">
<ele>1548.630071</ele>
<time>2026-05-05T02:47:00Z</time>
<speed>0.935041</speed>
<trueHeading>0.000000</trueHeading>
<magneticHeading>0.000000</magneticHeading>
<gpsHeading>214.202316</gpsHeading>
<haccuracy>6.131000</haccuracy>
<vaccuracy>6.131000</vaccuracy>
<internetconnect>0</internetconnect>
</trkpt>
<trkpt lat="35.870404" lon="138.983976">
<ele>1552.738305</ele>
<time>2026-05-05T02:47:24Z</time>
<speed>0.453562</speed>
<trueHeading>0.000000</trueHeading>
<magneticHeading>0.000000</magneticHeading>
<gpsHeading>163.643188</gpsHeading>
<haccuracy>5.025000</haccuracy>
<vaccuracy>5.025000</vaccuracy>
<internetconnect>0</internetconnect>
</trkpt>
<trkpt lat="35.870227" lon="138.984093">
<ele>1558.028899</ele>
<time>2026-05-05T02:47:48Z</time>
<speed>1.173163</speed>
<trueHeading>0.000000</trueHeading>
<magneticHeading>0.000000</magneticHeading>
<gpsHeading>151.919220</gpsHeading>
<haccuracy>4.182000</haccuracy>
<vaccuracy>4.182000</vaccuracy>
<internetconnect>0</internetconnect>
</trkpt>
<trkpt lat="35.870123" lon="138.984251">
<ele>1561.552590</ele>
<time>2026-05-05T02:48:11Z</time>
<speed>1.155412</speed>
<trueHeading>0.000000</trueHeading>
<magneticHeading>0.000000</magneticHeading>
<gpsHeading>128.934433</gpsHeading>
<haccuracy>5.291000</haccuracy>
<vaccuracy>5.291000</vaccuracy>
<internetconnect>0</internetconnect>
</trkpt>
<trkpt lat="35.869952" lon="138.984262">
<ele>1562.925492</ele>
<time>2026-05-05T02:48:35Z</time>
<speed>0.911723</speed>
<trueHeading>0.000000</trueHeading>
<magneticHeading>0.000000</magneticHeading>
<gpsHeading>177.122650</gpsHeading>
<haccuracy>5.148000</haccuracy>
<vaccuracy>5.148000</vaccuracy>
<internetconnect>0</internetconnect>
</trkpt>
<trkpt lat="35.869837" lon="138.984393">
<ele>1562.627917</ele>
<time>2026-05-05T02:48:58Z</time>
<speed>1.022599</speed>
<trueHeading>0.000000</trueHeading>
<magneticHeading>0.000000</magneticHeading>
<gpsHeading>137.408096</gpsHeading>
<haccuracy>6.100000</haccuracy>
<vaccuracy>6.100000</vaccuracy>
<internetconnect>0</internetconnect>
</trkpt>
<trkpt lat="35.869637" lon="138.984522">
<ele>1562.191387</ele>
<time>2026-05-05T02:49:22Z</time>
<speed>0.749358</speed>
<trueHeading>0.000000</trueHeading>
<magneticHeading>0.000000</magneticHeading>
<gpsHeading>152.267654</gpsHeading>
<haccuracy>5.518000</haccuracy>
<vaccuracy>5.518000</vaccuracy>
<internetconnect>0</internetconnect>
</trkpt>
<trkpt lat="35.869477" lon="138.984525">
<ele>1562.613171</ele>
<time>2026-05-05T02:49:45Z</time>
<speed>1.067262</speed>
<trueHeading>0.000000</trueHeading>
<magneticHeading>0.000000</magneticHeading>
<gpsHeading>179.191071</gpsHeading>
<haccuracy>5.696000</haccuracy>
<vaccuracy>5.696000</vaccuracy>
<internetconnect>0</internetconnect>
</trkpt>
<trkpt lat="35.869231" lon="138.984573">
<ele>1561.675109</ele>
<time>2026-05-05T02:50:08Z</time>
<speed>0.554760</speed>
<trueHeading>0.000000</trueHeading>
<magneticHeading>0.000000</magneticHeading>
<gpsHeading>170.970840</gpsHeading>
<haccuracy>4.914000</haccuracy>
<vaccuracy>4.914000</vaccuracy>
<internetconnect>0</internetconnect>
</trkpt>
<trkpt lat="35.869001" lon="138.984700">
<ele>1562.499030</ele>
<time>2026-05-05T02:50:31Z</time>
<speed>1.310421</speed>
<trueHeading>0.000000</trueHeading>
<magneticHeading>0.000000</magneticHeading>
<gpsHeading>155.830109</gpsHeading>
<haccuracy>5.924000</haccuracy>
<vaccuracy>5.924000</vaccuracy>
<internetconnect>0</internetconnect>
</trkpt>
<trkpt lat="35.868870" lon="138.984772">
<ele>1565.300859</ele>
<time>2026-05-05T02:50:58Z</time>
<speed>0.739780</speed>
<trueHeading>0.000000</trueHeading>
<magneticHeading>0.000000</magneticHeading>
<gpsHeading>156.014404</gpsHeading>
<haccuracy>5.005000</haccuracy>
<vaccuracy>5.005000</vaccuracy>
<internetconnect>0</internetconnect>
</trkpt>
<trkpt lat="35.868744" lon="138.984871">
<ele>1571.641406</ele>
<time>2026-05-05T02:51:21Z</time>
<speed>0.825145</speed>
<trueHeading>0.000000</trueHeading>
<magneticHeading>0.000000</magneticHeading>
<gpsHeading>147.640152</gpsHeading>
<haccuracy>5.123000</haccuracy>
<vaccuracy>5.123000</vaccuracy>
<internetconnect>0</internetconnect>
</trkpt>
<trkpt lat="35.868598" lon="138.984904">
<ele>1580.171196</ele>
<time>2026-05-05T02:51:56Z</time>
<speed>0.762689</speed>
<trueHeading>0.000000</trueHeading>
<magneticHeading>0.000000</magneticHeading>
<gpsHeading>169.485992</gpsHeading>
<haccuracy>5.184000</haccuracy>
<vaccuracy>5.184000</vaccuracy>
<internetconnect>0</internetconnect>
</trkpt>
<trkpt lat="35.868486" lon="138.984954">
<ele>1589.996726</ele>
<time>2026-05-05T02:52:57Z</time>
<speed>0.125534</speed>
<trueHeading>0.000000</trueHeading>
<magneticHeading>0.000000</magneticHeading>
<gpsHeading>160.391907</gpsHeading>
<haccuracy>4.229000</haccuracy>
<vaccuracy>4.229000</vaccuracy>
<internetconnect>0</internetconnect>
</trkpt>
<trkpt lat="35.868368" lon="138.984905">
<ele>1601.055057</ele>
<time>2026-05-05T02:53:59Z</time>
<speed>0.750068</speed>
<trueHeading>0.000000</trueHeading>
<magneticHeading>0.000000</magneticHeading>
<gpsHeading>198.452805</gpsHeading>
<haccuracy>3.014000</haccuracy>
<vaccuracy>3.014000</vaccuracy>
<internetconnect>0</internetconnect>
</trkpt>
<trkpt lat="35.868235" lon="138.984985">
<ele>1611.158902</ele>
<time>2026-05-05T02:54:57Z</time>
<speed>0.709741</speed>
<trueHeading>0.000000</trueHeading>
<magneticHeading>0.000000</magneticHeading>
<gpsHeading>154.070068</gpsHeading>
<haccuracy>4.776000</haccuracy>
<vaccuracy>4.776000</vaccuracy>
<internetconnect>0</internetconnect>
</trkpt>
<trkpt lat="35.868117" lon="138.985088">
<ele>1621.383273</ele>
<time>2026-05-05T02:55:52Z</time>
<speed>0.533448</speed>
<trueHeading>0.000000</trueHeading>
<magneticHeading>0.000000</magneticHeading>
<gpsHeading>144.869934</gpsHeading>
<haccuracy>3.018000</haccuracy>
<vaccuracy>3.018000</vaccuracy>
<internetconnect>0</internetconnect>
</trkpt>
<trkpt lat="35.867990" lon="138.985178">
<ele>1631.574405</ele>
<time>2026-05-05T02:56:39Z</time>
<speed>0.724453</speed>
<trueHeading>0.000000</trueHeading>
<magneticHeading>0.000000</magneticHeading>
<gpsHeading>149.928375</gpsHeading>
<haccuracy>3.098000</haccuracy>
<vaccuracy>3.098000</vaccuracy>
<internetconnect>0</internetconnect>
</trkpt>
<trkpt lat="35.867852" lon="138.985131">
<ele>1640.201139</ele>
<time>2026-05-05T02:57:35Z</time>
<speed>0.619064</speed>
<trueHeading>0.000000</trueHeading>
<magneticHeading>0.000000</magneticHeading>
<gpsHeading>195.582428</gpsHeading>
<haccuracy>4.320000</haccuracy>
<vaccuracy>4.320000</vaccuracy>
<internetconnect>0</internetconnect>
</trkpt>
<trkpt lat="35.867754" lon="138.985329">
<ele>1648.972946</ele>
<time>2026-05-05T02:57:59Z</time>
<speed>0.940012</speed>
<trueHeading>0.000000</trueHeading>
<magneticHeading>0.000000</magneticHeading>
<gpsHeading>121.207245</gpsHeading>
<haccuracy>5.417000</haccuracy>
<vaccuracy>5.417000</vaccuracy>
<internetconnect>0</internetconnect>
</trkpt>
<trkpt lat="35.867631" lon="138.985428">
<ele>1655.802183</ele>
<time>2026-05-05T02:58:50Z</time>
<speed>0.366764</speed>
<trueHeading>0.000000</trueHeading>
<magneticHeading>0.000000</magneticHeading>
<gpsHeading>146.949402</gpsHeading>
<haccuracy>5.792000</haccuracy>
<vaccuracy>5.792000</vaccuracy>
<internetconnect>0</internetconnect>
</trkpt>
<trkpt lat="35.867484" lon="138.985666">
<ele>1661.042253</ele>
<time>2026-05-05T02:59:14Z</time>
<speed>1.078662</speed>
<trueHeading>0.000000</trueHeading>
<magneticHeading>0.000000</magneticHeading>
<gpsHeading>127.286171</gpsHeading>
<haccuracy>4.034000</haccuracy>
<vaccuracy>4.034000</vaccuracy>
<internetconnect>0</internetconnect>
</trkpt>
<trkpt lat="35.867329" lon="138.985870">
<ele>1663.586990</ele>
<time>2026-05-05T02:59:38Z</time>
<speed>1.063166</speed>
<trueHeading>0.000000</trueHeading>
<magneticHeading>0.000000</magneticHeading>
<gpsHeading>133.090973</gpsHeading>
<haccuracy>3.082000</haccuracy>
<vaccuracy>3.082000</vaccuracy>
<internetconnect>0</internetconnect>
</trkpt>
<trkpt lat="35.867167" lon="138.986048">
<ele>1665.177151</ele>
<time>2026-05-05T03:00:01Z</time>
<speed>1.277453</speed>
<trueHeading>0.000000</trueHeading>
<magneticHeading>0.000000</magneticHeading>
<gpsHeading>138.421341</gpsHeading>
<haccuracy>3.038000</haccuracy>
<vaccuracy>3.038000</vaccuracy>
<internetconnect>0</internetconnect>
</trkpt>
<trkpt lat="35.867023" lon="138.986201">
<ele>1666.471089</ele>
<time>2026-05-05T03:00:24Z</time>
<speed>0.983781</speed>
<trueHeading>0.000000</trueHeading>
<magneticHeading>0.000000</magneticHeading>
<gpsHeading>139.311111</gpsHeading>
<haccuracy>3.080000</haccuracy>
<vaccuracy>3.080000</vaccuracy>
<internetconnect>0</internetconnect>
</trkpt>
<trkpt lat="35.866880" lon="138.986385">
<ele>1666.679116</ele>
<time>2026-05-05T03:00:47Z</time>
<speed>1.111509</speed>
<trueHeading>0.000000</trueHeading>
<magneticHeading>0.000000</magneticHeading>
<gpsHeading>133.808395</gpsHeading>
<haccuracy>5.089000</haccuracy>
<vaccuracy>5.089000</vaccuracy>
<internetconnect>0</internetconnect>
</trkpt>
<trkpt lat="35.866683" lon="138.986637">
<ele>1665.362803</ele>
<time>2026-05-05T03:01:10Z</time>
<speed>1.198779</speed>
<trueHeading>0.000000</trueHeading>
<magneticHeading>0.000000</magneticHeading>
<gpsHeading>133.980972</gpsHeading>
<haccuracy>5.568000</haccuracy>
<vaccuracy>5.568000</vaccuracy>
<internetconnect>0</internetconnect>
</trkpt>
<trkpt lat="35.866624" lon="138.986907">
<ele>1662.201273</ele>
<time>2026-05-05T03:01:34Z</time>
<speed>1.365619</speed>
<trueHeading>0.000000</trueHeading>
<magneticHeading>0.000000</magneticHeading>
<gpsHeading>105.029198</gpsHeading>
<haccuracy>5.549000</haccuracy>
<vaccuracy>5.549000</vaccuracy>
<internetconnect>0</internetconnect>
</trkpt>
<trkpt lat="35.866386" lon="138.986953">
<ele>1658.291491</ele>
<time>2026-05-05T03:01:58Z</time>
<speed>1.354260</speed>
<trueHeading>0.000000</trueHeading>
<magneticHeading>0.000000</magneticHeading>
<gpsHeading>171.158936</gpsHeading>
<haccuracy>5.714000</haccuracy>
<vaccuracy>5.714000</vaccuracy>
<internetconnect>0</internetconnect>
</trkpt>
<trkpt lat="35.866236" lon="138.987181">
<ele>1654.144659</ele>
<time>2026-05-05T03:02:21Z</time>
<speed>1.358178</speed>
<trueHeading>0.000000</trueHeading>
<magneticHeading>0.000000</magneticHeading>
<gpsHeading>128.946075</gpsHeading>
<haccuracy>5.070000</haccuracy>
<vaccuracy>5.070000</vaccuracy>
<internetconnect>0</internetconnect>
</trkpt>
<trkpt lat="35.866025" lon="138.987256">
<ele>1652.524102</ele>
<time>2026-05-05T03:02:45Z</time>
<speed>0.753847</speed>
<trueHeading>0.000000</trueHeading>
<magneticHeading>0.000000</magneticHeading>
<gpsHeading>163.940704</gpsHeading>
<haccuracy>5.291000</haccuracy>
<vaccuracy>5.291000</vaccuracy>
<internetconnect>0</internetconnect>
</trkpt>
<trkpt lat="35.865920" lon="138.987518">
<ele>1653.609098</ele>
<time>2026-05-05T03:03:08Z</time>
<speed>1.473121</speed>
<trueHeading>0.000000</trueHeading>
<magneticHeading>0.000000</magneticHeading>
<gpsHeading>116.231430</gpsHeading>
<haccuracy>4.975000</haccuracy>
<vaccuracy>4.975000</vaccuracy>
<internetconnect>0</internetconnect>
</trkpt>
<trkpt lat="35.865803" lon="138.987741">
<ele>1656.926883</ele>
<time>2026-05-05T03:03:31Z</time>
<speed>0.970899</speed>
<trueHeading>0.000000</trueHeading>
<magneticHeading>0.000000</magneticHeading>
<gpsHeading>122.958458</gpsHeading>
<haccuracy>5.157000</haccuracy>
<vaccuracy>5.157000</vaccuracy>
<internetconnect>0</internetconnect>
</trkpt>
<trkpt lat="35.865664" lon="138.987965">
<ele>1661.380781</ele>
<time>2026-05-05T03:03:55Z</time>
<speed>1.031694</speed>
<trueHeading>0.000000</trueHeading>
<magneticHeading>0.000000</magneticHeading>
<gpsHeading>127.420204</gpsHeading>
<haccuracy>4.872000</haccuracy>
<vaccuracy>4.872000</vaccuracy>
<internetconnect>0</internetconnect>
</trkpt>
<trkpt lat="35.865568" lon="138.988118">
<ele>1666.462184</ele>
<time>2026-05-05T03:04:18Z</time>
<speed>0.963114</speed>
<trueHeading>0.000000</trueHeading>
<magneticHeading>0.000000</magneticHeading>
<gpsHeading>127.882538</gpsHeading>
<haccuracy>5.055000</haccuracy>
<vaccuracy>5.055000</vaccuracy>
<internetconnect>0</internetconnect>
</trkpt>
<trkpt lat="35.865603" lon="138.988291">
<ele>1672.216842</ele>
<time>2026-05-05T03:04:42Z</time>
<speed>0.701262</speed>
<trueHeading>0.000000</trueHeading>
<magneticHeading>0.000000</magneticHeading>
<gpsHeading>75.944344</gpsHeading>
<haccuracy>5.084000</haccuracy>
<vaccuracy>5.084000</vaccuracy>
<internetconnect>0</internetconnect>
</trkpt>
<trkpt lat="35.865538" lon="138.988456">
<ele>1677.867108</ele>
<time>2026-05-05T03:05:05Z</time>
<speed>1.098154</speed>
<trueHeading>0.000000</trueHeading>
<magneticHeading>0.000000</magneticHeading>
<gpsHeading>115.918495</gpsHeading>
<haccuracy>4.569000</haccuracy>
<vaccuracy>4.569000</vaccuracy>
<internetconnect>0</internetconnect>
</trkpt>
<trkpt lat="35.865614" lon="138.988612">
<ele>1683.084148</ele>
<time>2026-05-05T03:05:30Z</time>
<speed>1.073626</speed>
<trueHeading>0.000000</trueHeading>
<magneticHeading>0.000000</magneticHeading>
<gpsHeading>58.923012</gpsHeading>
<haccuracy>5.064000</haccuracy>
<vaccuracy>5.064000</vaccuracy>
<internetconnect>0</internetconnect>
</trkpt>
<trkpt lat="35.865441" lon="138.988731">
<ele>1688.003506</ele>
<time>2026-05-05T03:05:53Z</time>
<speed>1.092795</speed>
<trueHeading>0.000000</trueHeading>
<magneticHeading>0.000000</magneticHeading>
<gpsHeading>150.781158</gpsHeading>
<haccuracy>5.986000</haccuracy>
<vaccuracy>5.986000</vaccuracy>
<internetconnect>0</internetconnect>
</trkpt>
<trkpt lat="35.865320" lon="138.988871">
<ele>1692.825188</ele>
<time>2026-05-05T03:06:16Z</time>
<speed>0.953696</speed>
<trueHeading>0.000000</trueHeading>
<magneticHeading>0.000000</magneticHeading>
<gpsHeading>136.666840</gpsHeading>
<haccuracy>5.430000</haccuracy>
<vaccuracy>5.430000</vaccuracy>
<internetconnect>0</internetconnect>
</trkpt>
<trkpt lat="35.865178" lon="138.988983">
<ele>1697.918376</ele>
<time>2026-05-05T03:06:39Z</time>
<speed>1.188325</speed>
<trueHeading>0.000000</trueHeading>
<magneticHeading>0.000000</magneticHeading>
<gpsHeading>147.501816</gpsHeading>
<haccuracy>5.698000</haccuracy>
<vaccuracy>5.698000</vaccuracy>
<internetconnect>0</internetconnect>
</trkpt>
<trkpt lat="35.865041" lon="138.989056">
<ele>1703.035038</ele>
<time>2026-05-05T03:07:07Z</time>
<speed>1.120476</speed>
<trueHeading>0.000000</trueHeading>
<magneticHeading>0.000000</magneticHeading>
<gpsHeading>156.631104</gpsHeading>
<haccuracy>4.826000</haccuracy>
<vaccuracy>4.826000</vaccuracy>
<internetconnect>0</internetconnect>
</trkpt>
<trkpt lat="35.864970" lon="138.989215">
<ele>1708.646133</ele>
<time>2026-05-05T03:07:30Z</time>
<speed>1.069792</speed>
<trueHeading>0.000000</trueHeading>
<magneticHeading>0.000000</magneticHeading>
<gpsHeading>118.745331</gpsHeading>
<haccuracy>5.346000</haccuracy>
<vaccuracy>5.346000</vaccuracy>
<internetconnect>0</internetconnect>
</trkpt>
<trkpt lat="35.864917" lon="138.989390">
<ele>1713.821818</ele>
<time>2026-05-05T03:07:55Z</time>
<speed>1.097487</speed>
<trueHeading>0.000000</trueHeading>
<magneticHeading>0.000000</magneticHeading>
<gpsHeading>110.625252</gpsHeading>
<haccuracy>6.488000</haccuracy>
<vaccuracy>6.488000</vaccuracy>
<internetconnect>0</internetconnect>
</trkpt>
<trkpt lat="35.864792" lon="138.989550">
<ele>1718.394551</ele>
<time>2026-05-05T03:08:18Z</time>
<speed>1.245184</speed>
<trueHeading>0.000000</trueHeading>
<magneticHeading>0.000000</magneticHeading>
<gpsHeading>133.984512</gpsHeading>
<haccuracy>5.013000</haccuracy>
<vaccuracy>5.013000</vaccuracy>
<internetconnect>0</internetconnect>
</trkpt>
<trkpt lat="35.864715" lon="138.989786">
<ele>1722.009349</ele>
<time>2026-05-05T03:08:41Z</time>
<speed>1.470417</speed>
<trueHeading>0.000000</trueHeading>
<magneticHeading>0.000000</magneticHeading>
<gpsHeading>111.904129</gpsHeading>
<haccuracy>4.786000</haccuracy>
<vaccuracy>4.786000</vaccuracy>
<internetconnect>0</internetconnect>
</trkpt>
<trkpt lat="35.864600" lon="138.990010">
<ele>1724.382779</ele>
<time>2026-05-05T03:09:05Z</time>
<speed>1.450732</speed>
<trueHeading>0.000000</trueHeading>
<magneticHeading>0.000000</magneticHeading>
<gpsHeading>122.364723</gpsHeading>
<haccuracy>5.384000</haccuracy>
<vaccuracy>5.384000</vaccuracy>
<internetconnect>0</internetconnect>
</trkpt>
<trkpt lat="35.864357" lon="138.989850">
<ele>1725.265042</ele>
<time>2026-05-05T03:09:28Z</time>
<speed>1.058144</speed>
<trueHeading>0.000000</trueHeading>
<magneticHeading>0.000000</magneticHeading>
<gpsHeading>208.065201</gpsHeading>
<haccuracy>5.105000</haccuracy>
<vaccuracy>5.105000</vaccuracy>
<internetconnect>0</internetconnect>
</trkpt>
<trkpt lat="35.864365" lon="138.989818">
<ele>1725.121135</ele>
<time>2026-05-05T03:10:29Z</time>
<speed>0.563153</speed>
<trueHeading>0.000000</trueHeading>
<magneticHeading>0.000000</magneticHeading>
<gpsHeading>287.495605</gpsHeading>
<haccuracy>3.790000</haccuracy>
<vaccuracy>3.790000</vaccuracy>
<internetconnect>0</internetconnect>
</trkpt>
<trkpt lat="35.864432" lon="138.989774">
<ele>1723.960953</ele>
<time>2026-05-05T03:11:31Z</time>
<speed>0.464886</speed>
<trueHeading>0.000000</trueHeading>
<magneticHeading>0.000000</magneticHeading>
<gpsHeading>332.423676</gpsHeading>
<haccuracy>9.935000</haccuracy>
<vaccuracy>9.935000</vaccuracy>
<internetconnect>0</internetconnect>
</trkpt>
<trkpt lat="35.864378" lon="138.989771">
<ele>1723.177685</ele>
<time>2026-05-05T03:12:32Z</time>
<speed>0.116408</speed>
<trueHeading>0.000000</trueHeading>
<magneticHeading>0.000000</magneticHeading>
<gpsHeading>182.234528</gpsHeading>
<haccuracy>4.130000</haccuracy>
<vaccuracy>4.130000</vaccuracy>
<internetconnect>0</internetconnect>
</trkpt>
<trkpt lat="35.864384" lon="138.989802">
<ele>1722.311110</ele>
<time>2026-05-05T03:13:34Z</time>
<speed>0.164885</speed>
<trueHeading>0.000000</trueHeading>
<magneticHeading>0.000000</magneticHeading>
<gpsHeading>77.534348</gpsHeading>
<haccuracy>6.195000</haccuracy>
<vaccuracy>6.195000</vaccuracy>
<internetconnect>0</internetconnect>
</trkpt>
<trkpt lat="35.864368" lon="138.989814">
<ele>1722.524842</ele>
<time>2026-05-05T03:14:35Z</time>
<speed>0.107300</speed>
<trueHeading>0.000000</trueHeading>
<magneticHeading>0.000000</magneticHeading>
<gpsHeading>148.275879</gpsHeading>
<haccuracy>4.446000</haccuracy>
<vaccuracy>4.446000</vaccuracy>
<internetconnect>0</internetconnect>
</trkpt>
<trkpt lat="35.864371" lon="138.989813">
<ele>1722.946866</ele>
<time>2026-05-05T03:15:37Z</time>
<speed>0.121936</speed>
<trueHeading>0.000000</trueHeading>
<magneticHeading>0.000000</magneticHeading>
<gpsHeading>339.492523</gpsHeading>
<haccuracy>4.826000</haccuracy>
<vaccuracy>4.826000</vaccuracy>
<internetconnect>0</internetconnect>
</trkpt>
<trkpt lat="35.864370" lon="138.989842">
<ele>1723.561168</ele>
<time>2026-05-05T03:16:39Z</time>
<speed>0.095425</speed>
<trueHeading>0.000000</trueHeading>
<magneticHeading>0.000000</magneticHeading>
<gpsHeading>91.477722</gpsHeading>
<haccuracy>5.325000</haccuracy>
<vaccuracy>5.325000</vaccuracy>
<internetconnect>0</internetconnect>
</trkpt>
<trkpt lat="35.864361" lon="138.989822">
<ele>1723.844347</ele>
<time>2026-05-05T03:17:41Z</time>
<speed>0.109518</speed>
<trueHeading>0.000000</trueHeading>
<magneticHeading>0.000000</magneticHeading>
<gpsHeading>240.762970</gpsHeading>
<haccuracy>4.708000</haccuracy>
<vaccuracy>4.708000</vaccuracy>
<internetconnect>0</internetconnect>
</trkpt>
<trkpt lat="35.864365" lon="138.989821">
<ele>1724.180246</ele>
<time>2026-05-05T03:18:42Z</time>
<speed>0.110251</speed>
<trueHeading>0.000000</trueHeading>
<magneticHeading>0.000000</magneticHeading>
<gpsHeading>345.273773</gpsHeading>
<haccuracy>4.740000</haccuracy>
<vaccuracy>4.740000</vaccuracy>
<internetconnect>0</internetconnect>
</trkpt>
<trkpt lat="35.864361" lon="138.989823">
<ele>1724.398228</ele>
<time>2026-05-05T03:19:44Z</time>
<speed>0.113676</speed>
<trueHeading>0.000000</trueHeading>
<magneticHeading>0.000000</magneticHeading>
<gpsHeading>156.998856</gpsHeading>
<haccuracy>4.790000</haccuracy>
<vaccuracy>4.790000</vaccuracy>
<internetconnect>0</internetconnect>
</trkpt>
<trkpt lat="35.864366" lon="138.989822">
<ele>1724.510525</ele>
<time>2026-05-05T03:20:46Z</time>
<speed>0.108493</speed>
<trueHeading>0.000000</trueHeading>
<magneticHeading>0.000000</magneticHeading>
<gpsHeading>353.259796</gpsHeading>
<haccuracy>4.706000</haccuracy>
<vaccuracy>4.706000</vaccuracy>
<internetconnect>0</internetconnect>
</trkpt>
<trkpt lat="35.864362" lon="138.989820">
<ele>1724.419280</ele>
<time>2026-05-05T03:21:48Z</time>
<speed>0.108264</speed>
<trueHeading>0.000000</trueHeading>
<magneticHeading>0.000000</magneticHeading>
<gpsHeading>213.546753</gpsHeading>
<haccuracy>4.748000</haccuracy>
<vaccuracy>4.748000</vaccuracy>
<internetconnect>0</internetconnect>
</trkpt>
<trkpt lat="35.864363" lon="138.989818">
<ele>1724.379208</ele>
<time>2026-05-05T03:22:50Z</time>
<speed>0.116315</speed>
<trueHeading>0.000000</trueHeading>
<magneticHeading>0.000000</magneticHeading>
<gpsHeading>279.997314</gpsHeading>
<haccuracy>4.632000</haccuracy>
<vaccuracy>4.632000</vaccuracy>
<internetconnect>0</internetconnect>
</trkpt>
<trkpt lat="35.864362" lon="138.989822">
<ele>1724.456097</ele>
<time>2026-05-05T03:23:52Z</time>
<speed>0.114286</speed>
<trueHeading>0.000000</trueHeading>
<magneticHeading>0.000000</magneticHeading>
<gpsHeading>96.548096</gpsHeading>
<haccuracy>4.843000</haccuracy>
<vaccuracy>4.843000</vaccuracy>
<internetconnect>0</internetconnect>
</trkpt>
<trkpt lat="35.864363" lon="138.989795">
<ele>1724.529216</ele>
<time>2026-05-05T03:24:54Z</time>
<speed>0.255172</speed>
<trueHeading>0.000000</trueHeading>
<magneticHeading>0.000000</magneticHeading>
<gpsHeading>273.139069</gpsHeading>
<haccuracy>4.513000</haccuracy>
<vaccuracy>4.513000</vaccuracy>
<internetconnect>0</internetconnect>
</trkpt>
<trkpt lat="35.864330" lon="138.989775">
<ele>1724.931483</ele>
<time>2026-05-05T03:25:56Z</time>
<speed>0.107589</speed>
<trueHeading>0.000000</trueHeading>
<magneticHeading>0.000000</magneticHeading>
<gpsHeading>205.706421</gpsHeading>
<haccuracy>3.610000</haccuracy>
<vaccuracy>3.610000</vaccuracy>
<internetconnect>0</internetconnect>
</trkpt>
<trkpt lat="35.864335" lon="138.989732">
<ele>1725.320712</ele>
<time>2026-05-05T03:26:58Z</time>
<speed>0.490012</speed>
<trueHeading>0.000000</trueHeading>
<magneticHeading>0.000000</magneticHeading>
<gpsHeading>278.221802</gpsHeading>
<haccuracy>4.213000</haccuracy>
<vaccuracy>4.213000</vaccuracy>
<internetconnect>0</internetconnect>
</trkpt>
<trkpt lat="35.864413" lon="138.989897">
<ele>1724.630868</ele>
<time>2026-05-05T03:27:48Z</time>
<speed>0.684684</speed>
<trueHeading>0.000000</trueHeading>
<magneticHeading>0.000000</magneticHeading>
<gpsHeading>59.587578</gpsHeading>
<haccuracy>3.363000</haccuracy>
<vaccuracy>3.363000</vaccuracy>
<internetconnect>0</internetconnect>
</trkpt>
<trkpt lat="35.864382" lon="138.990185">
<ele>1721.295969</ele>
<time>2026-05-05T03:28:12Z</time>
<speed>0.993143</speed>
<trueHeading>0.000000</trueHeading>
<magneticHeading>0.000000</magneticHeading>
<gpsHeading>97.592522</gpsHeading>
<haccuracy>4.367000</haccuracy>
<vaccuracy>4.367000</vaccuracy>
<internetconnect>0</internetconnect>
</trkpt>
<trkpt lat="35.864192" lon="138.990300">
<ele>1715.965476</ele>
<time>2026-05-05T03:28:35Z</time>
<speed>0.626939</speed>
<trueHeading>0.000000</trueHeading>
<magneticHeading>0.000000</magneticHeading>
<gpsHeading>153.812546</gpsHeading>
<haccuracy>5.558000</haccuracy>
<vaccuracy>5.558000</vaccuracy>
<internetconnect>0</internetconnect>
</trkpt>
<trkpt lat="35.863995" lon="138.990401">
<ele>1709.970329</ele>
<time>2026-05-05T03:28:58Z</time>
<speed>1.064186</speed>
<trueHeading>0.000000</trueHeading>
<magneticHeading>0.000000</magneticHeading>
<gpsHeading>157.487701</gpsHeading>
<haccuracy>5.916000</haccuracy>
<vaccuracy>5.916000</vaccuracy>
<internetconnect>0</internetconnect>
</trkpt>
<trkpt lat="35.863707" lon="138.990341">
<ele>1705.313183</ele>
<time>2026-05-05T03:29:22Z</time>
<speed>1.522483</speed>
<trueHeading>0.000000</trueHeading>
<magneticHeading>0.000000</magneticHeading>
<gpsHeading>189.485886</gpsHeading>
<haccuracy>6.074000</haccuracy>
<vaccuracy>6.074000</vaccuracy>
<internetconnect>0</internetconnect>
</trkpt>
<trkpt lat="35.863439" lon="138.990435">
<ele>1701.752417</ele>
<time>2026-05-05T03:29:46Z</time>
<speed>1.244757</speed>
<trueHeading>0.000000</trueHeading>
<magneticHeading>0.000000</magneticHeading>
<gpsHeading>164.158661</gpsHeading>
<haccuracy>5.447000</haccuracy>
<vaccuracy>5.447000</vaccuracy>
<internetconnect>0</internetconnect>
</trkpt>
<trkpt lat="35.863287" lon="138.990407">
<ele>1698.986300</ele>
<time>2026-05-05T03:30:18Z</time>
<speed>1.206519</speed>
<trueHeading>0.000000</trueHeading>
<magneticHeading>0.000000</magneticHeading>
<gpsHeading>188.653214</gpsHeading>
<haccuracy>5.595000</haccuracy>
<vaccuracy>5.595000</vaccuracy>
<internetconnect>0</internetconnect>
</trkpt>
<trkpt lat="35.863148" lon="138.990817">
<ele>1695.852343</ele>
<time>2026-05-05T03:30:42Z</time>
<speed>1.421296</speed>
<trueHeading>0.000000</trueHeading>
<magneticHeading>0.000000</magneticHeading>
<gpsHeading>112.730499</gpsHeading>
<haccuracy>3.152000</haccuracy>
<vaccuracy>3.152000</vaccuracy>
<internetconnect>0</internetconnect>
</trkpt>
<trkpt lat="35.863079" lon="138.991184">
<ele>1692.918550</ele>
<time>2026-05-05T03:31:06Z</time>
<speed>1.285578</speed>
<trueHeading>0.000000</trueHeading>
<magneticHeading>0.000000</magneticHeading>
<gpsHeading>103.046280</gpsHeading>
<haccuracy>3.083000</haccuracy>
<vaccuracy>3.083000</vaccuracy>
<internetconnect>0</internetconnect>
</trkpt>
<trkpt lat="35.863076" lon="138.991541">
<ele>1689.443186</ele>
<time>2026-05-05T03:31:30Z</time>
<speed>1.352732</speed>
<trueHeading>0.000000</trueHeading>
<magneticHeading>0.000000</magneticHeading>
<gpsHeading>90.593590</gpsHeading>
<haccuracy>3.037000</haccuracy>
<vaccuracy>3.037000</vaccuracy>
<internetconnect>0</internetconnect>
</trkpt>
<trkpt lat="35.863038" lon="138.991914">
<ele>1686.815787</ele>
<time>2026-05-05T03:31:54Z</time>
<speed>1.499099</speed>
<trueHeading>0.000000</trueHeading>
<magneticHeading>0.000000</magneticHeading>
<gpsHeading>97.213303</gpsHeading>
<haccuracy>3.139000</haccuracy>
<vaccuracy>3.139000</vaccuracy>
<internetconnect>0</internetconnect>
</trkpt>
<trkpt lat="35.862853" lon="138.992195">
<ele>1683.636949</ele>
<time>2026-05-05T03:32:17Z</time>
<speed>1.382901</speed>
<trueHeading>0.000000</trueHeading>
<magneticHeading>0.000000</magneticHeading>
<gpsHeading>128.993637</gpsHeading>
<haccuracy>3.106000</haccuracy>
<vaccuracy>3.106000</vaccuracy>
<internetconnect>0</internetconnect>
</trkpt>
<trkpt lat="35.862677" lon="138.992409">
<ele>1681.573837</ele>
<time>2026-05-05T03:32:40Z</time>
<speed>1.265428</speed>
<trueHeading>0.000000</trueHeading>
<magneticHeading>0.000000</magneticHeading>
<gpsHeading>135.388748</gpsHeading>
<haccuracy>3.045000</haccuracy>
<vaccuracy>3.045000</vaccuracy>
<internetconnect>0</internetconnect>
</trkpt>
<trkpt lat="35.862516" lon="138.992618">
<ele>1678.920774</ele>
<time>2026-05-05T03:33:03Z</time>
<speed>1.250293</speed>
<trueHeading>0.000000</trueHeading>
<magneticHeading>0.000000</magneticHeading>
<gpsHeading>133.753662</gpsHeading>
<haccuracy>3.009000</haccuracy>
<vaccuracy>3.009000</vaccuracy>
<internetconnect>0</internetconnect>
</trkpt>
<trkpt lat="35.862387" lon="138.992892">
<ele>1675.312136</ele>
<time>2026-05-05T03:33:27Z</time>
<speed>1.206532</speed>
<trueHeading>0.000000</trueHeading>
<magneticHeading>0.000000</magneticHeading>
<gpsHeading>120.104874</gpsHeading>
<haccuracy>3.045000</haccuracy>
<vaccuracy>3.045000</vaccuracy>
<internetconnect>0</internetconnect>
</trkpt>
<trkpt lat="35.862291" lon="138.993180">
<ele>1669.145594</ele>
<time>2026-05-05T03:33:50Z</time>
<speed>1.365505</speed>
<trueHeading>0.000000</trueHeading>
<magneticHeading>0.000000</magneticHeading>
<gpsHeading>112.434647</gpsHeading>
<haccuracy>3.054000</haccuracy>
<vaccuracy>3.054000</vaccuracy>
<internetconnect>0</internetconnect>
</trkpt>
<trkpt lat="35.862117" lon="138.993244">
<ele>1661.687735</ele>
<time>2026-05-05T03:34:29Z</time>
<speed>1.233812</speed>
<trueHeading>0.000000</trueHeading>
<magneticHeading>0.000000</magneticHeading>
<gpsHeading>163.358704</gpsHeading>
<haccuracy>5.886000</haccuracy>
<vaccuracy>5.886000</vaccuracy>
<internetconnect>0</internetconnect>
</trkpt>
<trkpt lat="35.861968" lon="138.993254">
<ele>1653.382715</ele>
<time>2026-05-05T03:34:54Z</time>
<speed>1.901068</speed>
<trueHeading>0.000000</trueHeading>
<magneticHeading>0.000000</magneticHeading>
<gpsHeading>176.720352</gpsHeading>
<haccuracy>3.055000</haccuracy>
<vaccuracy>3.055000</vaccuracy>
<internetconnect>0</internetconnect>
</trkpt>
<trkpt lat="35.861917" lon="138.993424">
<ele>1644.878901</ele>
<time>2026-05-05T03:35:35Z</time>
<speed>1.129490</speed>
<trueHeading>0.000000</trueHeading>
<magneticHeading>0.000000</magneticHeading>
<gpsHeading>110.291290</gpsHeading>
<haccuracy>3.004000</haccuracy>
<vaccuracy>3.004000</vaccuracy>
<internetconnect>0</internetconnect>
</trkpt>
<trkpt lat="35.861770" lon="138.993505">
<ele>1636.589574</ele>
<time>2026-05-05T03:36:16Z</time>
<speed>0.777870</speed>
<trueHeading>0.000000</trueHeading>
<magneticHeading>0.000000</magneticHeading>
<gpsHeading>156.111252</gpsHeading>
<haccuracy>3.281000</haccuracy>
<vaccuracy>3.281000</vaccuracy>
<internetconnect>0</internetconnect>
</trkpt>
<trkpt lat="35.861637" lon="138.993689">
<ele>1628.391455</ele>
<time>2026-05-05T03:36:40Z</time>
<speed>1.221208</speed>
<trueHeading>0.000000</trueHeading>
<magneticHeading>0.000000</magneticHeading>
<gpsHeading>131.754822</gpsHeading>
<haccuracy>3.000000</haccuracy>
<vaccuracy>3.000000</vaccuracy>
<internetconnect>0</internetconnect>
</trkpt>
<trkpt lat="35.861498" lon="138.993737">
<ele>1620.683839</ele>
<time>2026-05-05T03:37:16Z</time>
<speed>0.752488</speed>
<trueHeading>0.000000</trueHeading>
<magneticHeading>0.000000</magneticHeading>
<gpsHeading>164.190155</gpsHeading>
<haccuracy>3.027000</haccuracy>
<vaccuracy>3.027000</vaccuracy>
<internetconnect>0</internetconnect>
</trkpt>
<trkpt lat="35.861368" lon="138.993660">
<ele>1612.512834</ele>
<time>2026-05-05T03:37:52Z</time>
<speed>1.292826</speed>
<trueHeading>0.000000</trueHeading>
<magneticHeading>0.000000</magneticHeading>
<gpsHeading>205.740326</gpsHeading>
<haccuracy>9.412000</haccuracy>
<vaccuracy>9.412000</vaccuracy>
<internetconnect>0</internetconnect>
</trkpt>
<trkpt lat="35.861157" lon="138.993909">
<ele>1605.936037</ele>
<time>2026-05-05T03:38:15Z</time>
<speed>1.202769</speed>
<trueHeading>0.000000</trueHeading>
<magneticHeading>0.000000</magneticHeading>
<gpsHeading>136.406143</gpsHeading>
<haccuracy>3.186000</haccuracy>
<vaccuracy>3.186000</vaccuracy>
<internetconnect>0</internetconnect>
</trkpt>
<trkpt lat="35.860971" lon="138.993973">
<ele>1600.502028</ele>
<time>2026-05-05T03:38:38Z</time>
<speed>1.208357</speed>
<trueHeading>0.000000</trueHeading>
<magneticHeading>0.000000</magneticHeading>
<gpsHeading>164.432770</gpsHeading>
<haccuracy>3.070000</haccuracy>
<vaccuracy>3.070000</vaccuracy>
<internetconnect>0</internetconnect>
</trkpt>
<trkpt lat="35.860755" lon="138.994180">
<ele>1595.371251</ele>
<time>2026-05-05T03:39:02Z</time>
<speed>1.258563</speed>
<trueHeading>0.000000</trueHeading>
<magneticHeading>0.000000</magneticHeading>
<gpsHeading>142.228622</gpsHeading>
<haccuracy>3.026000</haccuracy>
<vaccuracy>3.026000</vaccuracy>
<internetconnect>0</internetconnect>
</trkpt>
<trkpt lat="35.860655" lon="138.994373">
<ele>1589.002162</ele>
<time>2026-05-05T03:39:25Z</time>
<speed>1.325967</speed>
<trueHeading>0.000000</trueHeading>
<magneticHeading>0.000000</magneticHeading>
<gpsHeading>122.328209</gpsHeading>
<haccuracy>3.092000</haccuracy>
<vaccuracy>3.092000</vaccuracy>
<internetconnect>0</internetconnect>
</trkpt>
<trkpt lat="35.860655" lon="138.994552">
<ele>1582.094471</ele>
<time>2026-05-05T03:39:52Z</time>
<speed>0.939240</speed>
<trueHeading>0.000000</trueHeading>
<magneticHeading>0.000000</magneticHeading>
<gpsHeading>90.158249</gpsHeading>
<haccuracy>3.000000</haccuracy>
<vaccuracy>3.000000</vaccuracy>
<internetconnect>0</internetconnect>
</trkpt>
<trkpt lat="35.860638" lon="138.994853">
<ele>1575.353350</ele>
<time>2026-05-05T03:40:15Z</time>
<speed>1.334297</speed>
<trueHeading>0.000000</trueHeading>
<magneticHeading>0.000000</magneticHeading>
<gpsHeading>93.870789</gpsHeading>
<haccuracy>3.020000</haccuracy>
<vaccuracy>3.020000</vaccuracy>
<internetconnect>0</internetconnect>
</trkpt>
<trkpt lat="35.860736" lon="138.995117">
<ele>1568.200231</ele>
<time>2026-05-05T03:40:39Z</time>
<speed>1.385514</speed>
<trueHeading>0.000000</trueHeading>
<magneticHeading>0.000000</magneticHeading>
<gpsHeading>65.570183</gpsHeading>
<haccuracy>3.015000</haccuracy>
<vaccuracy>3.015000</vaccuracy>
<internetconnect>0</internetconnect>
</trkpt>
<trkpt lat="35.860755" lon="138.995301">
<ele>1560.283796</ele>
<time>2026-05-05T03:41:08Z</time>
<speed>1.328177</speed>
<trueHeading>0.000000</trueHeading>
<magneticHeading>0.000000</magneticHeading>
<gpsHeading>82.428513</gpsHeading>
<haccuracy>3.002000</haccuracy>
<vaccuracy>3.002000</vaccuracy>
<internetconnect>0</internetconnect>
</trkpt>
<trkpt lat="35.860746" lon="138.995604">
<ele>1552.653234</ele>
<time>2026-05-05T03:41:31Z</time>
<speed>1.413012</speed>
<trueHeading>0.000000</trueHeading>
<magneticHeading>0.000000</magneticHeading>
<gpsHeading>92.216194</gpsHeading>
<haccuracy>4.620000</haccuracy>
<vaccuracy>4.620000</vaccuracy>
<internetconnect>0</internetconnect>
</trkpt>
<trkpt lat="35.860738" lon="138.995782">
<ele>1547.071761</ele>
<time>2026-05-05T03:42:12Z</time>
<speed>1.263531</speed>
<trueHeading>0.000000</trueHeading>
<magneticHeading>0.000000</magneticHeading>
<gpsHeading>93.019112</gpsHeading>
<haccuracy>3.000000</haccuracy>
<vaccuracy>3.000000</vaccuracy>
<internetconnect>0</internetconnect>
</trkpt>
<trkpt lat="35.860695" lon="138.995974">
<ele>1542.888824</ele>
<time>2026-05-05T03:42:35Z</time>
<speed>1.371837</speed>
<trueHeading>0.000000</trueHeading>
<magneticHeading>0.000000</magneticHeading>
<gpsHeading>105.428726</gpsHeading>
<haccuracy>3.000000</haccuracy>
<vaccuracy>3.000000</vaccuracy>
<internetconnect>0</internetconnect>
</trkpt>
<trkpt lat="35.860636" lon="138.996141">
<ele>1537.440523</ele>
<time>2026-05-05T03:42:58Z</time>
<speed>1.020336</speed>
<trueHeading>0.000000</trueHeading>
<magneticHeading>0.000000</magneticHeading>
<gpsHeading>113.564049</gpsHeading>
<haccuracy>3.064000</haccuracy>
<vaccuracy>3.064000</vaccuracy>
<internetconnect>0</internetconnect>
</trkpt>
<trkpt lat="35.860597" lon="138.996315">
<ele>1531.709096</ele>
<time>2026-05-05T03:43:37Z</time>
<speed>0.536708</speed>
<trueHeading>0.000000</trueHeading>
<magneticHeading>0.000000</magneticHeading>
<gpsHeading>105.383896</gpsHeading>
<haccuracy>3.017000</haccuracy>
<vaccuracy>3.017000</vaccuracy>
<internetconnect>0</internetconnect>
</trkpt>
<trkpt lat="35.860552" lon="138.996487">
<ele>1524.606930</ele>
<time>2026-05-05T03:44:05Z</time>
<speed>0.725283</speed>
<trueHeading>0.000000</trueHeading>
<magneticHeading>0.000000</magneticHeading>
<gpsHeading>107.934433</gpsHeading>
<haccuracy>3.061000</haccuracy>
<vaccuracy>3.061000</vaccuracy>
<internetconnect>0</internetconnect>
</trkpt>
<trkpt lat="35.860503" lon="138.996657">
<ele>1519.072251</ele>
<time>2026-05-05T03:45:00Z</time>
<speed>0.701083</speed>
<trueHeading>0.000000</trueHeading>
<magneticHeading>0.000000</magneticHeading>
<gpsHeading>109.636200</gpsHeading>
<haccuracy>3.000000</haccuracy>
<vaccuracy>3.000000</vaccuracy>
<internetconnect>0</internetconnect>
</trkpt>
<trkpt lat="35.860359" lon="138.996681">
<ele>1513.666947</ele>
<time>2026-05-05T03:45:37Z</time>
<speed>1.275165</speed>
<trueHeading>0.000000</trueHeading>
<magneticHeading>0.000000</magneticHeading>
<gpsHeading>172.286285</gpsHeading>
<haccuracy>3.000000</haccuracy>
<vaccuracy>3.000000</vaccuracy>
<internetconnect>0</internetconnect>
</trkpt>
<trkpt lat="35.860268" lon="138.997000">
<ele>1508.879409</ele>
<time>2026-05-05T03:46:00Z</time>
<speed>1.298555</speed>
<trueHeading>0.000000</trueHeading>
<magneticHeading>0.000000</magneticHeading>
<gpsHeading>109.450508</gpsHeading>
<haccuracy>3.000000</haccuracy>
<vaccuracy>3.000000</vaccuracy>
<internetconnect>0</internetconnect>
</trkpt>
<trkpt lat="35.860208" lon="138.997245">
<ele>1503.046785</ele>
<time>2026-05-05T03:46:24Z</time>
<speed>1.126490</speed>
<trueHeading>0.000000</trueHeading>
<magneticHeading>0.000000</magneticHeading>
<gpsHeading>106.667625</gpsHeading>
<haccuracy>3.070000</haccuracy>
<vaccuracy>3.070000</vaccuracy>
<internetconnect>0</internetconnect>
</trkpt>
<trkpt lat="35.860108" lon="138.997525">
<ele>1496.771849</ele>
<time>2026-05-05T03:46:47Z</time>
<speed>1.298167</speed>
<trueHeading>0.000000</trueHeading>
<magneticHeading>0.000000</magneticHeading>
<gpsHeading>113.879837</gpsHeading>
<haccuracy>3.105000</haccuracy>
<vaccuracy>3.105000</vaccuracy>
<internetconnect>0</internetconnect>
</trkpt>
<trkpt lat="35.860035" lon="138.997869">
<ele>1490.543304</ele>
<time>2026-05-05T03:47:11Z</time>
<speed>1.388335</speed>
<trueHeading>0.000000</trueHeading>
<magneticHeading>0.000000</magneticHeading>
<gpsHeading>104.535210</gpsHeading>
<haccuracy>3.033000</haccuracy>
<vaccuracy>3.033000</vaccuracy>
<internetconnect>0</internetconnect>
</trkpt>
<trkpt lat="35.859959" lon="138.998107">
<ele>1484.749687</ele>
<time>2026-05-05T03:47:35Z</time>
<speed>1.334400</speed>
<trueHeading>0.000000</trueHeading>
<magneticHeading>0.000000</magneticHeading>
<gpsHeading>111.675697</gpsHeading>
<haccuracy>3.097000</haccuracy>
<vaccuracy>3.097000</vaccuracy>
<internetconnect>0</internetconnect>
</trkpt>
<trkpt lat="35.860164" lon="138.998332">
<ele>1478.285391</ele>
<time>2026-05-05T03:47:59Z</time>
<speed>1.346724</speed>
<trueHeading>0.000000</trueHeading>
<magneticHeading>0.000000</magneticHeading>
<gpsHeading>41.658913</gpsHeading>
<haccuracy>3.040000</haccuracy>
<vaccuracy>3.040000</vaccuracy>
<internetconnect>0</internetconnect>
</trkpt>
<trkpt lat="35.859965" lon="138.998492">
<ele>1471.886290</ele>
<time>2026-05-05T03:48:22Z</time>
<speed>1.289363</speed>
<trueHeading>0.000000</trueHeading>
<magneticHeading>0.000000</magneticHeading>
<gpsHeading>147.048798</gpsHeading>
<haccuracy>3.036000</haccuracy>
<vaccuracy>3.036000</vaccuracy>
<internetconnect>0</internetconnect>
</trkpt>
<trkpt lat="35.859891" lon="138.998740">
<ele>1465.866435</ele>
<time>2026-05-05T03:48:46Z</time>
<speed>1.061947</speed>
<trueHeading>0.000000</trueHeading>
<magneticHeading>0.000000</magneticHeading>
<gpsHeading>110.192596</gpsHeading>
<haccuracy>3.036000</haccuracy>
<vaccuracy>3.036000</vaccuracy>
<internetconnect>0</internetconnect>
</trkpt>
<trkpt lat="35.859723" lon="138.998960">
<ele>1461.469515</ele>
<time>2026-05-05T03:49:09Z</time>
<speed>1.448647</speed>
<trueHeading>0.000000</trueHeading>
<magneticHeading>0.000000</magneticHeading>
<gpsHeading>133.420441</gpsHeading>
<haccuracy>3.088000</haccuracy>
<vaccuracy>3.088000</vaccuracy>
<internetconnect>0</internetconnect>
</trkpt>
<trkpt lat="35.859763" lon="138.999179">
<ele>1459.526668</ele>
<time>2026-05-05T03:49:32Z</time>
<speed>1.339331</speed>
<trueHeading>0.000000</trueHeading>
<magneticHeading>0.000000</magneticHeading>
<gpsHeading>77.190575</gpsHeading>
<haccuracy>3.000000</haccuracy>
<vaccuracy>3.000000</vaccuracy>
<internetconnect>0</internetconnect>
</trkpt>
<trkpt lat="35.859708" lon="138.999477">
<ele>1458.476636</ele>
<time>2026-05-05T03:49:55Z</time>
<speed>1.134679</speed>
<trueHeading>0.000000</trueHeading>
<magneticHeading>0.000000</magneticHeading>
<gpsHeading>102.701973</gpsHeading>
<haccuracy>3.000000</haccuracy>
<vaccuracy>3.000000</vaccuracy>
<internetconnect>0</internetconnect>
</trkpt>
<trkpt lat="35.859622" lon="138.999708">
<ele>1456.474353</ele>
<time>2026-05-05T03:50:19Z</time>
<speed>1.056630</speed>
<trueHeading>0.000000</trueHeading>
<magneticHeading>0.000000</magneticHeading>
<gpsHeading>114.726303</gpsHeading>
<haccuracy>3.189000</haccuracy>
<vaccuracy>3.189000</vaccuracy>
<internetconnect>0</internetconnect>
</trkpt>
<trkpt lat="35.859522" lon="138.999962">
<ele>1451.120456</ele>
<time>2026-05-05T03:50:42Z</time>
<speed>1.123049</speed>
<trueHeading>0.000000</trueHeading>
<magneticHeading>0.000000</magneticHeading>
<gpsHeading>115.855522</gpsHeading>
<haccuracy>3.062000</haccuracy>
<vaccuracy>3.062000</vaccuracy>
<internetconnect>0</internetconnect>
</trkpt>
<trkpt lat="35.859380" lon="139.000132">
<ele>1443.125305</ele>
<time>2026-05-05T03:51:23Z</time>
<speed>1.782023</speed>
<trueHeading>0.000000</trueHeading>
<magneticHeading>0.000000</magneticHeading>
<gpsHeading>136.029526</gpsHeading>
<haccuracy>4.784000</haccuracy>
<vaccuracy>4.784000</vaccuracy>
<internetconnect>0</internetconnect>
</trkpt>
<trkpt lat="35.859303" lon="139.000143">
<ele>1433.372372</ele>
<time>2026-05-05T03:52:25Z</time>
<speed>0.490000</speed>
<trueHeading>0.000000</trueHeading>
<magneticHeading>0.000000</magneticHeading>
<gpsHeading>173.053696</gpsHeading>
<haccuracy>9.935000</haccuracy>
<vaccuracy>9.935000</vaccuracy>
<internetconnect>0</internetconnect>
</trkpt>
<trkpt lat="35.859203" lon="139.000272">
<ele>1425.786697</ele>
<time>2026-05-05T03:53:10Z</time>
<speed>0.779827</speed>
<trueHeading>0.000000</trueHeading>
<magneticHeading>0.000000</magneticHeading>
<gpsHeading>133.875000</gpsHeading>
<haccuracy>3.029000</haccuracy>
<vaccuracy>3.029000</vaccuracy>
<internetconnect>0</internetconnect>
</trkpt>
<trkpt lat="35.859157" lon="139.000450">
<ele>1420.312356</ele>
<time>2026-05-05T03:53:57Z</time>
<speed>0.882682</speed>
<trueHeading>0.000000</trueHeading>
<magneticHeading>0.000000</magneticHeading>
<gpsHeading>107.740387</gpsHeading>
<haccuracy>3.154000</haccuracy>
<vaccuracy>3.154000</vaccuracy>
<internetconnect>0</internetconnect>
</trkpt>
<trkpt lat="35.858973" lon="139.000570">
<ele>1415.658867</ele>
<time>2026-05-05T03:54:21Z</time>
<speed>0.753365</speed>
<trueHeading>0.000000</trueHeading>
<magneticHeading>0.000000</magneticHeading>
<gpsHeading>152.153671</gpsHeading>
<haccuracy>3.023000</haccuracy>
<vaccuracy>3.023000</vaccuracy>
<internetconnect>0</internetconnect>
</trkpt>
<trkpt lat="35.858938" lon="139.000748">
<ele>1409.053873</ele>
<time>2026-05-05T03:54:52Z</time>
<speed>1.656878</speed>
<trueHeading>0.000000</trueHeading>
<magneticHeading>0.000000</magneticHeading>
<gpsHeading>103.531998</gpsHeading>
<haccuracy>5.195000</haccuracy>
<vaccuracy>5.195000</vaccuracy>
<internetconnect>0</internetconnect>
</trkpt>
<trkpt lat="35.858893" lon="139.001101">
<ele>1402.263267</ele>
<time>2026-05-05T03:55:16Z</time>
<speed>1.101862</speed>
<trueHeading>0.000000</trueHeading>
<magneticHeading>0.000000</magneticHeading>
<gpsHeading>98.828987</gpsHeading>
<haccuracy>3.058000</haccuracy>
<vaccuracy>3.058000</vaccuracy>
<internetconnect>0</internetconnect>
</trkpt>
<trkpt lat="35.859082" lon="139.001323">
<ele>1395.644438</ele>
<time>2026-05-05T03:55:39Z</time>
<speed>1.446963</speed>
<trueHeading>0.000000</trueHeading>
<magneticHeading>0.000000</magneticHeading>
<gpsHeading>43.773907</gpsHeading>
<haccuracy>3.306000</haccuracy>
<vaccuracy>3.306000</vaccuracy>
<internetconnect>0</internetconnect>
</trkpt>
<trkpt lat="35.859047" lon="139.001655">
<ele>1390.218824</ele>
<time>2026-05-05T03:56:03Z</time>
<speed>1.552535</speed>
<trueHeading>0.000000</trueHeading>
<magneticHeading>0.000000</magneticHeading>
<gpsHeading>97.300766</gpsHeading>
<haccuracy>3.047000</haccuracy>
<vaccuracy>3.047000</vaccuracy>
<internetconnect>0</internetconnect>
</trkpt>
<trkpt lat="35.858929" lon="139.001943">
<ele>1383.958780</ele>
<time>2026-05-05T03:56:26Z</time>
<speed>1.409516</speed>
<trueHeading>0.000000</trueHeading>
<magneticHeading>0.000000</magneticHeading>
<gpsHeading>116.813103</gpsHeading>
<haccuracy>3.002000</haccuracy>
<vaccuracy>3.002000</vaccuracy>
<internetconnect>0</internetconnect>
</trkpt>
<trkpt lat="35.858794" lon="139.002257">
<ele>1377.626310</ele>
<time>2026-05-05T03:56:50Z</time>
<speed>1.455168</speed>
<trueHeading>0.000000</trueHeading>
<magneticHeading>0.000000</magneticHeading>
<gpsHeading>117.972977</gpsHeading>
<haccuracy>3.048000</haccuracy>
<vaccuracy>3.048000</vaccuracy>
<internetconnect>0</internetconnect>
</trkpt>
<trkpt lat="35.858846" lon="139.002508">
<ele>1370.558080</ele>
<time>2026-05-05T03:57:13Z</time>
<speed>1.484455</speed>
<trueHeading>0.000000</trueHeading>
<magneticHeading>0.000000</magneticHeading>
<gpsHeading>75.740387</gpsHeading>
<haccuracy>3.100000</haccuracy>
<vaccuracy>3.100000</vaccuracy>
<internetconnect>0</internetconnect>
</trkpt>
<trkpt lat="35.858750" lon="139.002764">
<ele>1363.325125</ele>
<time>2026-05-05T03:57:36Z</time>
<speed>1.141074</speed>
<trueHeading>0.000000</trueHeading>
<magneticHeading>0.000000</magneticHeading>
<gpsHeading>114.687920</gpsHeading>
<haccuracy>3.165000</haccuracy>
<vaccuracy>3.165000</vaccuracy>
<internetconnect>0</internetconnect>
</trkpt>
<trkpt lat="35.858693" lon="139.002988">
<ele>1355.790848</ele>
<time>2026-05-05T03:58:00Z</time>
<speed>1.719433</speed>
<trueHeading>0.000000</trueHeading>
<magneticHeading>0.000000</magneticHeading>
<gpsHeading>107.626129</gpsHeading>
<haccuracy>3.000000</haccuracy>
<vaccuracy>3.000000</vaccuracy>
<internetconnect>0</internetconnect>
</trkpt>
<trkpt lat="35.858627" lon="139.003161">
<ele>1350.096962</ele>
<time>2026-05-05T03:58:23Z</time>
<speed>1.495891</speed>
<trueHeading>0.000000</trueHeading>
<magneticHeading>0.000000</magneticHeading>
<gpsHeading>114.943031</gpsHeading>
<haccuracy>3.005000</haccuracy>
<vaccuracy>3.005000</vaccuracy>
<internetconnect>0</internetconnect>
</trkpt>
<trkpt lat="35.858488" lon="139.003235">
<ele>1348.027566</ele>
<time>2026-05-05T03:58:52Z</time>
<speed>1.517753</speed>
<trueHeading>0.000000</trueHeading>
<magneticHeading>0.000000</magneticHeading>
<gpsHeading>156.818695</gpsHeading>
<haccuracy>4.059000</haccuracy>
<vaccuracy>4.059000</vaccuracy>
<internetconnect>0</internetconnect>
</trkpt>
<trkpt lat="35.858313" lon="139.003552">
<ele>1348.556632</ele>
<time>2026-05-05T03:59:16Z</time>
<speed>1.478717</speed>
<trueHeading>0.000000</trueHeading>
<magneticHeading>0.000000</magneticHeading>
<gpsHeading>124.195152</gpsHeading>
<haccuracy>3.003000</haccuracy>
<vaccuracy>3.003000</vaccuracy>
<internetconnect>0</internetconnect>
</trkpt>
<trkpt lat="35.858132" lon="139.003758">
<ele>1349.923192</ele>
<time>2026-05-05T03:59:39Z</time>
<speed>1.089649</speed>
<trueHeading>0.000000</trueHeading>
<magneticHeading>0.000000</magneticHeading>
<gpsHeading>137.326950</gpsHeading>
<haccuracy>4.829000</haccuracy>
<vaccuracy>4.829000</vaccuracy>
<internetconnect>0</internetconnect>
</trkpt>
<trkpt lat="35.857951" lon="139.004097">
<ele>1350.353057</ele>
<time>2026-05-05T04:00:03Z</time>
<speed>1.310818</speed>
<trueHeading>0.000000</trueHeading>
<magneticHeading>0.000000</magneticHeading>
<gpsHeading>123.378136</gpsHeading>
<haccuracy>3.031000</haccuracy>
<vaccuracy>3.031000</vaccuracy>
<internetconnect>0</internetconnect>
</trkpt>
<trkpt lat="35.857776" lon="139.004415">
<ele>1350.607019</ele>
<time>2026-05-05T04:00:27Z</time>
<speed>1.301462</speed>
<trueHeading>0.000000</trueHeading>
<magneticHeading>0.000000</magneticHeading>
<gpsHeading>124.308228</gpsHeading>
<haccuracy>3.112000</haccuracy>
<vaccuracy>3.112000</vaccuracy>
<internetconnect>0</internetconnect>
</trkpt>
<trkpt lat="35.857548" lon="139.004599">
<ele>1350.083185</ele>
<time>2026-05-05T04:00:50Z</time>
<speed>1.257729</speed>
<trueHeading>0.000000</trueHeading>
<magneticHeading>0.000000</magneticHeading>
<gpsHeading>146.743408</gpsHeading>
<haccuracy>3.058000</haccuracy>
<vaccuracy>3.058000</vaccuracy>
<internetconnect>0</internetconnect>
</trkpt>
<trkpt lat="35.857298" lon="139.004865">
<ele>1347.578860</ele>
<time>2026-05-05T04:01:14Z</time>
<speed>1.352071</speed>
<trueHeading>0.000000</trueHeading>
<magneticHeading>0.000000</magneticHeading>
<gpsHeading>139.195984</gpsHeading>
<haccuracy>3.060000</haccuracy>
<vaccuracy>3.060000</vaccuracy>
<internetconnect>0</internetconnect>
</trkpt>
<trkpt lat="35.857114" lon="139.005091">
<ele>1342.910914</ele>
<time>2026-05-05T04:01:38Z</time>
<speed>1.200632</speed>
<trueHeading>0.000000</trueHeading>
<magneticHeading>0.000000</magneticHeading>
<gpsHeading>135.270966</gpsHeading>
<haccuracy>3.062000</haccuracy>
<vaccuracy>3.062000</vaccuracy>
<internetconnect>0</internetconnect>
</trkpt>
<trkpt lat="35.857127" lon="139.005381">
<ele>1337.070736</ele>
<time>2026-05-05T04:02:02Z</time>
<speed>0.868077</speed>
<trueHeading>0.000000</trueHeading>
<magneticHeading>0.000000</magneticHeading>
<gpsHeading>86.762413</gpsHeading>
<haccuracy>3.020000</haccuracy>
<vaccuracy>3.020000</vaccuracy>
<internetconnect>0</internetconnect>
</trkpt>
<trkpt lat="35.857164" lon="139.005662">
<ele>1330.449550</ele>
<time>2026-05-05T04:02:26Z</time>
<speed>1.301427</speed>
<trueHeading>0.000000</trueHeading>
<magneticHeading>0.000000</magneticHeading>
<gpsHeading>80.842552</gpsHeading>
<haccuracy>4.932000</haccuracy>
<vaccuracy>4.932000</vaccuracy>
<internetconnect>0</internetconnect>
</trkpt>
<trkpt lat="35.857085" lon="139.005812">
<ele>1323.986861</ele>
<time>2026-05-05T04:03:06Z</time>
<speed>1.067178</speed>
<trueHeading>0.000000</trueHeading>
<magneticHeading>0.000000</magneticHeading>
<gpsHeading>122.866486</gpsHeading>
<haccuracy>3.363000</haccuracy>
<vaccuracy>3.363000</vaccuracy>
<internetconnect>0</internetconnect>
</trkpt>
<trkpt lat="35.857009" lon="139.005972">
<ele>1316.995578</ele>
<time>2026-05-05T04:03:31Z</time>
<speed>1.055166</speed>
<trueHeading>0.000000</trueHeading>
<magneticHeading>0.000000</magneticHeading>
<gpsHeading>120.411026</gpsHeading>
<haccuracy>3.168000</haccuracy>
<vaccuracy>3.168000</vaccuracy>
<internetconnect>0</internetconnect>
</trkpt>
<trkpt lat="35.856885" lon="139.005862">
<ele>1307.441958</ele>
<time>2026-05-05T04:03:54Z</time>
<speed>1.162731</speed>
<trueHeading>0.000000</trueHeading>
<magneticHeading>0.000000</magneticHeading>
<gpsHeading>215.827728</gpsHeading>
<haccuracy>3.034000</haccuracy>
<vaccuracy>3.034000</vaccuracy>
<internetconnect>0</internetconnect>
</trkpt>
<trkpt lat="35.856895" lon="139.006048">
<ele>1296.472824</ele>
<time>2026-05-05T04:04:52Z</time>
<speed>0.126569</speed>
<trueHeading>0.000000</trueHeading>
<magneticHeading>0.000000</magneticHeading>
<gpsHeading>86.246704</gpsHeading>
<haccuracy>3.315000</haccuracy>
<vaccuracy>3.315000</vaccuracy>
<internetconnect>0</internetconnect>
</trkpt>
<trkpt lat="35.856855" lon="139.006222">
<ele>1283.542466</ele>
<time>2026-05-05T04:05:30Z</time>
<speed>0.455170</speed>
<trueHeading>0.000000</trueHeading>
<magneticHeading>0.000000</magneticHeading>
<gpsHeading>105.910622</gpsHeading>
<haccuracy>3.902000</haccuracy>
<vaccuracy>3.902000</vaccuracy>
<internetconnect>0</internetconnect>
</trkpt>
<trkpt lat="35.856620" lon="139.006118">
<ele>1272.985690</ele>
<time>2026-05-05T04:06:11Z</time>
<speed>1.291184</speed>
<trueHeading>0.000000</trueHeading>
<magneticHeading>0.000000</magneticHeading>
<gpsHeading>199.803940</gpsHeading>
<haccuracy>10.682000</haccuracy>
<vaccuracy>10.682000</vaccuracy>
<internetconnect>0</internetconnect>
</trkpt>
<trkpt lat="35.856312" lon="139.006053">
<ele>1263.096672</ele>
<time>2026-05-05T04:06:35Z</time>
<speed>0.295190</speed>
<trueHeading>0.000000</trueHeading>
<magneticHeading>0.000000</magneticHeading>
<gpsHeading>189.702301</gpsHeading>
<haccuracy>5.109000</haccuracy>
<vaccuracy>5.109000</vaccuracy>
<internetconnect>0</internetconnect>
</trkpt>
<trkpt lat="35.856225" lon="139.006196">
<ele>1255.535261</ele>
<time>2026-05-05T04:07:07Z</time>
<speed>0.715604</speed>
<trueHeading>0.000000</trueHeading>
<magneticHeading>0.000000</magneticHeading>
<gpsHeading>126.932144</gpsHeading>
<haccuracy>6.573000</haccuracy>
<vaccuracy>6.573000</vaccuracy>
<internetconnect>0</internetconnect>
</trkpt>
<trkpt lat="35.856241" lon="139.006581">
<ele>1248.258676</ele>
<time>2026-05-05T04:07:30Z</time>
<speed>0.696821</speed>
<trueHeading>0.000000</trueHeading>
<magneticHeading>0.000000</magneticHeading>
<gpsHeading>86.938889</gpsHeading>
<haccuracy>5.059000</haccuracy>
<vaccuracy>5.059000</vaccuracy>
<internetconnect>0</internetconnect>
</trkpt>
<trkpt lat="35.856352" lon="139.006836">
<ele>1242.082387</ele>
<time>2026-05-05T04:07:54Z</time>
<speed>0.715975</speed>
<trueHeading>0.000000</trueHeading>
<magneticHeading>0.000000</magneticHeading>
<gpsHeading>61.723305</gpsHeading>
<haccuracy>5.100000</haccuracy>
<vaccuracy>5.100000</vaccuracy>
<internetconnect>0</internetconnect>
</trkpt>
<trkpt lat="35.856126" lon="139.006881">
<ele>1235.213226</ele>
<time>2026-05-05T04:08:18Z</time>
<speed>1.091067</speed>
<trueHeading>0.000000</trueHeading>
<magneticHeading>0.000000</magneticHeading>
<gpsHeading>170.840469</gpsHeading>
<haccuracy>4.996000</haccuracy>
<vaccuracy>4.996000</vaccuracy>
<internetconnect>0</internetconnect>
</trkpt>
<trkpt lat="35.855931" lon="139.006733">
<ele>1227.994580</ele>
<time>2026-05-05T04:08:41Z</time>
<speed>0.933553</speed>
<trueHeading>0.000000</trueHeading>
<magneticHeading>0.000000</magneticHeading>
<gpsHeading>211.627823</gpsHeading>
<haccuracy>4.677000</haccuracy>
<vaccuracy>4.677000</vaccuracy>
<internetconnect>0</internetconnect>
</trkpt>
<trkpt lat="35.855864" lon="139.006898">
<ele>1220.533114</ele>
<time>2026-05-05T04:09:07Z</time>
<speed>0.742621</speed>
<trueHeading>0.000000</trueHeading>
<magneticHeading>0.000000</magneticHeading>
<gpsHeading>116.459496</gpsHeading>
<haccuracy>3.822000</haccuracy>
<vaccuracy>3.822000</vaccuracy>
<internetconnect>0</internetconnect>
</trkpt>
<trkpt lat="35.855895" lon="139.007374">
<ele>1213.761461</ele>
<time>2026-05-05T04:09:31Z</time>
<speed>1.740825</speed>
<trueHeading>0.000000</trueHeading>
<magneticHeading>0.000000</magneticHeading>
<gpsHeading>85.386368</gpsHeading>
<haccuracy>5.715000</haccuracy>
<vaccuracy>5.715000</vaccuracy>
<internetconnect>0</internetconnect>
</trkpt>
<trkpt lat="35.855737" lon="139.007391">
<ele>1207.219568</ele>
<time>2026-05-05T04:09:54Z</time>
<speed>1.016601</speed>
<trueHeading>0.000000</trueHeading>
<magneticHeading>0.000000</magneticHeading>
<gpsHeading>174.931824</gpsHeading>
<haccuracy>5.045000</haccuracy>
<vaccuracy>5.045000</vaccuracy>
<internetconnect>0</internetconnect>
</trkpt>
<trkpt lat="35.855555" lon="139.007360">
<ele>1200.215264</ele>
<time>2026-05-05T04:10:17Z</time>
<speed>1.122097</speed>
<trueHeading>0.000000</trueHeading>
<magneticHeading>0.000000</magneticHeading>
<gpsHeading>188.023315</gpsHeading>
<haccuracy>4.423000</haccuracy>
<vaccuracy>4.423000</vaccuracy>
<internetconnect>0</internetconnect>
</trkpt>
<trkpt lat="35.855485" lon="139.007519">
<ele>1192.333291</ele>
<time>2026-05-05T04:10:50Z</time>
<speed>0.901199</speed>
<trueHeading>0.000000</trueHeading>
<magneticHeading>0.000000</magneticHeading>
<gpsHeading>118.799400</gpsHeading>
<haccuracy>5.601000</haccuracy>
<vaccuracy>5.601000</vaccuracy>
<internetconnect>0</internetconnect>
</trkpt>
<trkpt lat="35.855462" lon="139.007721">
<ele>1182.721196</ele>
<time>2026-05-05T04:11:13Z</time>
<speed>0.834505</speed>
<trueHeading>0.000000</trueHeading>
<magneticHeading>0.000000</magneticHeading>
<gpsHeading>97.809837</gpsHeading>
<haccuracy>5.185000</haccuracy>
<vaccuracy>5.185000</vaccuracy>
<internetconnect>0</internetconnect>
</trkpt>
<trkpt lat="35.855433" lon="139.007913">
<ele>1173.887932</ele>
<time>2026-05-05T04:12:02Z</time>
<speed>0.402105</speed>
<trueHeading>0.000000</trueHeading>
<magneticHeading>0.000000</magneticHeading>
<gpsHeading>100.501228</gpsHeading>
<haccuracy>4.990000</haccuracy>
<vaccuracy>4.990000</vaccuracy>
<internetconnect>0</internetconnect>
</trkpt>
<trkpt lat="35.855257" lon="139.008084">
<ele>1164.901277</ele>
<time>2026-05-05T04:12:26Z</time>
<speed>0.802626</speed>
<trueHeading>0.000000</trueHeading>
<magneticHeading>0.000000</magneticHeading>
<gpsHeading>141.779602</gpsHeading>
<haccuracy>4.942000</haccuracy>
<vaccuracy>4.942000</vaccuracy>
<internetconnect>0</internetconnect>
</trkpt>
<trkpt lat="35.855232" lon="139.008276">
<ele>1156.052674</ele>
<time>2026-05-05T04:12:56Z</time>
<speed>1.230546</speed>
<trueHeading>0.000000</trueHeading>
<magneticHeading>0.000000</magneticHeading>
<gpsHeading>99.296555</gpsHeading>
<haccuracy>5.042000</haccuracy>
<vaccuracy>5.042000</vaccuracy>
<internetconnect>0</internetconnect>
</trkpt>
<trkpt lat="35.855121" lon="139.008399">
<ele>1146.635795</ele>
<time>2026-05-05T04:13:46Z</time>
<speed>0.693623</speed>
<trueHeading>0.000000</trueHeading>
<magneticHeading>0.000000</magneticHeading>
<gpsHeading>138.020920</gpsHeading>
<haccuracy>4.643000</haccuracy>
<vaccuracy>4.643000</vaccuracy>
<internetconnect>0</internetconnect>
</trkpt>
<trkpt lat="35.854931" lon="139.008436">
<ele>1138.147523</ele>
<time>2026-05-05T04:14:09Z</time>
<speed>1.243678</speed>
<trueHeading>0.000000</trueHeading>
<magneticHeading>0.000000</magneticHeading>
<gpsHeading>170.926331</gpsHeading>
<haccuracy>4.820000</haccuracy>
<vaccuracy>4.820000</vaccuracy>
<internetconnect>0</internetconnect>
</trkpt>
<trkpt lat="35.854831" lon="139.008677">
<ele>1133.121087</ele>
<time>2026-05-05T04:14:33Z</time>
<speed>1.352146</speed>
<trueHeading>0.000000</trueHeading>
<magneticHeading>0.000000</magneticHeading>
<gpsHeading>117.334641</gpsHeading>
<haccuracy>6.081000</haccuracy>
<vaccuracy>6.081000</vaccuracy>
<internetconnect>0</internetconnect>
</trkpt>
<trkpt lat="35.854557" lon="139.008832">
<ele>1130.350645</ele>
<time>2026-05-05T04:14:57Z</time>
<speed>1.462063</speed>
<trueHeading>0.000000</trueHeading>
<magneticHeading>0.000000</magneticHeading>
<gpsHeading>155.380844</gpsHeading>
<haccuracy>5.759000</haccuracy>
<vaccuracy>5.759000</vaccuracy>
<internetconnect>2</internetconnect>
</trkpt>
<trkpt lat="35.854333" lon="139.009004">
<ele>1128.783467</ele>
<time>2026-05-05T04:15:20Z</time>
<speed>1.252027</speed>
<trueHeading>0.000000</trueHeading>
<magneticHeading>0.000000</magneticHeading>
<gpsHeading>148.130173</gpsHeading>
<haccuracy>5.378000</haccuracy>
<vaccuracy>5.378000</vaccuracy>
<internetconnect>2</internetconnect>
</trkpt>
<trkpt lat="35.854260" lon="139.009270">
<ele>1126.857630</ele>
<time>2026-05-05T04:15:44Z</time>
<speed>1.231371</speed>
<trueHeading>0.000000</trueHeading>
<magneticHeading>0.000000</magneticHeading>
<gpsHeading>108.604019</gpsHeading>
<haccuracy>5.964000</haccuracy>
<vaccuracy>5.964000</vaccuracy>
<internetconnect>2</internetconnect>
</trkpt>
<trkpt lat="35.854139" lon="139.009410">
<ele>1123.977523</ele>
<time>2026-05-05T04:16:08Z</time>
<speed>0.130345</speed>
<trueHeading>0.000000</trueHeading>
<magneticHeading>0.000000</magneticHeading>
<gpsHeading>136.710190</gpsHeading>
<haccuracy>4.354000</haccuracy>
<vaccuracy>4.354000</vaccuracy>
<internetconnect>2</internetconnect>
</trkpt>
<trkpt lat="35.854176" lon="139.009649">
<ele>1119.341797</ele>
<time>2026-05-05T04:16:32Z</time>
<speed>0.715304</speed>
<trueHeading>0.000000</trueHeading>
<magneticHeading>0.000000</magneticHeading>
<gpsHeading>79.140175</gpsHeading>
<haccuracy>5.412000</haccuracy>
<vaccuracy>5.412000</vaccuracy>
<internetconnect>2</internetconnect>
</trkpt>
<trkpt lat="35.854087" lon="139.009788">
<ele>1113.795338</ele>
<time>2026-05-05T04:16:58Z</time>
<speed>1.202224</speed>
<trueHeading>0.000000</trueHeading>
<magneticHeading>0.000000</magneticHeading>
<gpsHeading>128.219330</gpsHeading>
<haccuracy>4.445000</haccuracy>
<vaccuracy>4.445000</vaccuracy>
<internetconnect>2</internetconnect>
</trkpt>
<trkpt lat="35.854182" lon="139.010021">
<ele>1106.507208</ele>
<time>2026-05-05T04:17:22Z</time>
<speed>1.309505</speed>
<trueHeading>0.000000</trueHeading>
<magneticHeading>0.000000</magneticHeading>
<gpsHeading>63.368122</gpsHeading>
<haccuracy>5.479000</haccuracy>
<vaccuracy>5.479000</vaccuracy>
<internetconnect>2</internetconnect>
</trkpt>
<trkpt lat="35.854087" lon="139.010161">
<ele>1099.837408</ele>
<time>2026-05-05T04:17:53Z</time>
<speed>0.165749</speed>
<trueHeading>0.000000</trueHeading>
<magneticHeading>0.000000</magneticHeading>
<gpsHeading>130.057724</gpsHeading>
<haccuracy>4.208000</haccuracy>
<vaccuracy>4.208000</vaccuracy>
<internetconnect>2</internetconnect>
</trkpt>
<trkpt lat="35.853950" lon="139.010223">
<ele>1095.456359</ele>
<time>2026-05-05T04:18:19Z</time>
<speed>0.126513</speed>
<trueHeading>0.000000</trueHeading>
<magneticHeading>0.000000</magneticHeading>
<gpsHeading>159.843384</gpsHeading>
<haccuracy>3.824000</haccuracy>
<vaccuracy>3.824000</vaccuracy>
<internetconnect>2</internetconnect>
</trkpt>
<trkpt lat="35.854048" lon="139.010353">
<ele>1091.805683</ele>
<time>2026-05-05T04:19:21Z</time>
<speed>1.404180</speed>
<trueHeading>0.000000</trueHeading>
<magneticHeading>0.000000</magneticHeading>
<gpsHeading>46.994278</gpsHeading>
<haccuracy>5.529000</haccuracy>
<vaccuracy>5.529000</vaccuracy>
<internetconnect>2</internetconnect>
</trkpt>
<trkpt lat="35.853813" lon="139.010431">
<ele>1088.593569</ele>
<time>2026-05-05T04:19:45Z</time>
<speed>1.109003</speed>
<trueHeading>0.000000</trueHeading>
<magneticHeading>0.000000</magneticHeading>
<gpsHeading>164.869034</gpsHeading>
<haccuracy>3.000000</haccuracy>
<vaccuracy>3.000000</vaccuracy>
<internetconnect>2</internetconnect>
</trkpt>
<trkpt lat="35.853860" lon="139.010635">
<ele>1082.848032</ele>
<time>2026-05-05T04:20:09Z</time>
<speed>1.218972</speed>
<trueHeading>0.000000</trueHeading>
<magneticHeading>0.000000</magneticHeading>
<gpsHeading>74.060448</gpsHeading>
<haccuracy>3.016000</haccuracy>
<vaccuracy>3.016000</vaccuracy>
<internetconnect>2</internetconnect>
</trkpt>
<trkpt lat="35.854022" lon="139.010455">
<ele>1077.272485</ele>
<time>2026-05-05T04:20:32Z</time>
<speed>1.202612</speed>
<trueHeading>0.000000</trueHeading>
<magneticHeading>0.000000</magneticHeading>
<gpsHeading>317.949097</gpsHeading>
<haccuracy>4.261000</haccuracy>
<vaccuracy>4.261000</vaccuracy>
<internetconnect>2</internetconnect>
</trkpt>
<trkpt lat="35.854085" lon="139.010683">
<ele>1070.281354</ele>
<time>2026-05-05T04:20:55Z</time>
<speed>1.153389</speed>
<trueHeading>0.000000</trueHeading>
<magneticHeading>0.000000</magneticHeading>
<gpsHeading>71.435394</gpsHeading>
<haccuracy>4.023000</haccuracy>
<vaccuracy>4.023000</vaccuracy>
<internetconnect>2</internetconnect>
</trkpt>
<trkpt lat="35.854022" lon="139.010851">
<ele>1063.420441</ele>
<time>2026-05-05T04:21:27Z</time>
<speed>1.235299</speed>
<trueHeading>0.000000</trueHeading>
<magneticHeading>0.000000</magneticHeading>
<gpsHeading>114.598419</gpsHeading>
<haccuracy>4.243000</haccuracy>
<vaccuracy>4.243000</vaccuracy>
<internetconnect>2</internetconnect>
</trkpt>
<trkpt lat="35.854113" lon="139.010993">
<ele>1056.873422</ele>
<time>2026-05-05T04:21:57Z</time>
<speed>1.021905</speed>
<trueHeading>0.000000</trueHeading>
<magneticHeading>0.000000</magneticHeading>
<gpsHeading>51.717987</gpsHeading>
<haccuracy>5.549000</haccuracy>
<vaccuracy>5.549000</vaccuracy>
<internetconnect>2</internetconnect>
</trkpt>
<trkpt lat="35.853962" lon="139.010981">
<ele>1051.299434</ele>
<time>2026-05-05T04:22:23Z</time>
<speed>1.411497</speed>
<trueHeading>0.000000</trueHeading>
<magneticHeading>0.000000</magneticHeading>
<gpsHeading>183.690292</gpsHeading>
<haccuracy>4.182000</haccuracy>
<vaccuracy>4.182000</vaccuracy>
<internetconnect>2</internetconnect>
</trkpt>
<trkpt lat="35.854117" lon="139.011093">
<ele>1045.296009</ele>
<time>2026-05-05T04:22:46Z</time>
<speed>1.175268</speed>
<trueHeading>0.000000</trueHeading>
<magneticHeading>0.000000</magneticHeading>
<gpsHeading>30.205698</gpsHeading>
<haccuracy>3.000000</haccuracy>
<vaccuracy>3.000000</vaccuracy>
<internetconnect>2</internetconnect>
</trkpt>
<trkpt lat="35.854199" lon="139.010945">
<ele>1038.648568</ele>
<time>2026-05-05T04:23:17Z</time>
<speed>1.357184</speed>
<trueHeading>0.000000</trueHeading>
<magneticHeading>0.000000</magneticHeading>
<gpsHeading>304.363037</gpsHeading>
<haccuracy>3.007000</haccuracy>
<vaccuracy>3.007000</vaccuracy>
<internetconnect>2</internetconnect>
</trkpt>
<trkpt lat="35.854253" lon="139.011212">
<ele>1031.565826</ele>
<time>2026-05-05T04:23:41Z</time>
<speed>0.770680</speed>
<trueHeading>0.000000</trueHeading>
<magneticHeading>0.000000</magneticHeading>
<gpsHeading>76.188530</gpsHeading>
<haccuracy>4.757000</haccuracy>
<vaccuracy>4.757000</vaccuracy>
<internetconnect>2</internetconnect>
</trkpt>
<trkpt lat="35.854099" lon="139.011148">
<ele>1025.438025</ele>
<time>2026-05-05T04:24:04Z</time>
<speed>0.998427</speed>
<trueHeading>0.000000</trueHeading>
<magneticHeading>0.000000</magneticHeading>
<gpsHeading>198.927261</gpsHeading>
<haccuracy>6.786000</haccuracy>
<vaccuracy>6.786000</vaccuracy>
<internetconnect>2</internetconnect>
</trkpt>
<trkpt lat="35.853960" lon="139.011416">
<ele>1020.997582</ele>
<time>2026-05-05T04:24:27Z</time>
<speed>0.086639</speed>
<trueHeading>0.000000</trueHeading>
<magneticHeading>0.000000</magneticHeading>
<gpsHeading>122.482094</gpsHeading>
<haccuracy>5.362000</haccuracy>
<vaccuracy>5.362000</vaccuracy>
<internetconnect>2</internetconnect>
</trkpt>
<trkpt lat="35.854098" lon="139.011471">
<ele>1016.561639</ele>
<time>2026-05-05T04:24:51Z</time>
<speed>1.316829</speed>
<trueHeading>0.000000</trueHeading>
<magneticHeading>0.000000</magneticHeading>
<gpsHeading>17.981262</gpsHeading>
<haccuracy>5.575000</haccuracy>
<vaccuracy>5.575000</vaccuracy>
<internetconnect>2</internetconnect>
</trkpt>
<trkpt lat="35.854153" lon="139.011702">
<ele>1011.889396</ele>
<time>2026-05-05T04:25:15Z</time>
<speed>0.754057</speed>
<trueHeading>0.000000</trueHeading>
<magneticHeading>0.000000</magneticHeading>
<gpsHeading>73.462570</gpsHeading>
<haccuracy>4.762000</haccuracy>
<vaccuracy>4.762000</vaccuracy>
<internetconnect>2</internetconnect>
</trkpt>
<trkpt lat="35.853951" lon="139.011611">
<ele>1005.952414</ele>
<time>2026-05-05T04:25:39Z</time>
<speed>1.212225</speed>
<trueHeading>0.000000</trueHeading>
<magneticHeading>0.000000</magneticHeading>
<gpsHeading>200.018143</gpsHeading>
<haccuracy>4.154000</haccuracy>
<vaccuracy>4.154000</vaccuracy>
<internetconnect>2</internetconnect>
</trkpt>
<trkpt lat="35.854119" lon="139.011777">
<ele>1002.082246</ele>
<time>2026-05-05T04:26:02Z</time>
<speed>0.156102</speed>
<trueHeading>0.000000</trueHeading>
<magneticHeading>0.000000</magneticHeading>
<gpsHeading>38.689739</gpsHeading>
<haccuracy>5.041000</haccuracy>
<vaccuracy>5.041000</vaccuracy>
<internetconnect>2</internetconnect>
</trkpt>
<trkpt lat="35.854241" lon="139.011878">
<ele>999.213462</ele>
<time>2026-05-05T04:26:59Z</time>
<speed>1.490670</speed>
<trueHeading>0.000000</trueHeading>
<magneticHeading>0.000000</magneticHeading>
<gpsHeading>33.957466</gpsHeading>
<haccuracy>4.530000</haccuracy>
<vaccuracy>4.530000</vaccuracy>
<internetconnect>2</internetconnect>
</trkpt>
<trkpt lat="35.854156" lon="139.012078">
<ele>995.907850</ele>
<time>2026-05-05T04:27:22Z</time>
<speed>1.378550</speed>
<trueHeading>0.000000</trueHeading>
<magneticHeading>0.000000</magneticHeading>
<gpsHeading>117.722595</gpsHeading>
<haccuracy>6.245000</haccuracy>
<vaccuracy>6.245000</vaccuracy>
<internetconnect>2</internetconnect>
</trkpt>
<trkpt lat="35.854048" lon="139.012315">
<ele>990.379468</ele>
<time>2026-05-05T04:27:46Z</time>
<speed>1.240146</speed>
<trueHeading>0.000000</trueHeading>
<magneticHeading>0.000000</magneticHeading>
<gpsHeading>119.420540</gpsHeading>
<haccuracy>5.358000</haccuracy>
<vaccuracy>5.358000</vaccuracy>
<internetconnect>2</internetconnect>
</trkpt>
<trkpt lat="35.854095" lon="139.012501">
<ele>984.144271</ele>
<time>2026-05-05T04:28:41Z</time>
<speed>1.059606</speed>
<trueHeading>0.000000</trueHeading>
<magneticHeading>0.000000</magneticHeading>
<gpsHeading>72.434303</gpsHeading>
<haccuracy>5.487000</haccuracy>
<vaccuracy>5.487000</vaccuracy>
<internetconnect>2</internetconnect>
</trkpt>
<trkpt lat="35.853793" lon="139.012662">
<ele>978.498947</ele>
<time>2026-05-05T04:29:04Z</time>
<speed>1.484823</speed>
<trueHeading>0.000000</trueHeading>
<magneticHeading>0.000000</magneticHeading>
<gpsHeading>156.639709</gpsHeading>
<haccuracy>5.453000</haccuracy>
<vaccuracy>5.453000</vaccuracy>
<internetconnect>2</internetconnect>
</trkpt>
<trkpt lat="35.853592" lon="139.012872">
<ele>973.549383</ele>
<time>2026-05-05T04:29:29Z</time>
<speed>1.441811</speed>
<trueHeading>0.000000</trueHeading>
<magneticHeading>0.000000</magneticHeading>
<gpsHeading>139.809189</gpsHeading>
<haccuracy>5.671000</haccuracy>
<vaccuracy>5.671000</vaccuracy>
<internetconnect>2</internetconnect>
</trkpt>
<trkpt lat="35.853460" lon="139.013035">
<ele>967.666140</ele>
<time>2026-05-05T04:29:52Z</time>
<speed>1.052873</speed>
<trueHeading>0.000000</trueHeading>
<magneticHeading>0.000000</magneticHeading>
<gpsHeading>134.892456</gpsHeading>
<haccuracy>5.019000</haccuracy>
<vaccuracy>5.019000</vaccuracy>
<internetconnect>2</internetconnect>
</trkpt>
<trkpt lat="35.853558" lon="139.013175">
<ele>961.955528</ele>
<time>2026-05-05T04:30:22Z</time>
<speed>1.398306</speed>
<trueHeading>0.000000</trueHeading>
<magneticHeading>0.000000</magneticHeading>
<gpsHeading>49.265442</gpsHeading>
<haccuracy>4.876000</haccuracy>
<vaccuracy>4.876000</vaccuracy>
<internetconnect>2</internetconnect>
</trkpt>
<trkpt lat="35.853729" lon="139.013368">
<ele>956.258927</ele>
<time>2026-05-05T04:30:45Z</time>
<speed>1.140159</speed>
<trueHeading>0.000000</trueHeading>
<magneticHeading>0.000000</magneticHeading>
<gpsHeading>42.472569</gpsHeading>
<haccuracy>5.512000</haccuracy>
<vaccuracy>5.512000</vaccuracy>
<internetconnect>2</internetconnect>
</trkpt>
<trkpt lat="35.853662" lon="139.013533">
<ele>951.686489</ele>
<time>2026-05-05T04:31:32Z</time>
<speed>0.538712</speed>
<trueHeading>0.000000</trueHeading>
<magneticHeading>0.000000</magneticHeading>
<gpsHeading>116.692833</gpsHeading>
<haccuracy>4.308000</haccuracy>
<vaccuracy>4.308000</vaccuracy>
<internetconnect>2</internetconnect>
</trkpt>
<trkpt lat="35.853624" lon="139.013754">
<ele>946.674569</ele>
<time>2026-05-05T04:31:56Z</time>
<speed>1.175120</speed>
<trueHeading>0.000000</trueHeading>
<magneticHeading>0.000000</magneticHeading>
<gpsHeading>101.997421</gpsHeading>
<haccuracy>5.341000</haccuracy>
<vaccuracy>5.341000</vaccuracy>
<internetconnect>2</internetconnect>
</trkpt>
<trkpt lat="35.853496" lon="139.013853">
<ele>941.398676</ele>
<time>2026-05-05T04:32:19Z</time>
<speed>1.345020</speed>
<trueHeading>0.000000</trueHeading>
<magneticHeading>0.000000</magneticHeading>
<gpsHeading>147.932404</gpsHeading>
<haccuracy>5.716000</haccuracy>
<vaccuracy>5.716000</vaccuracy>
<internetconnect>2</internetconnect>
</trkpt>
<trkpt lat="35.853621" lon="139.014015">
<ele>935.817275</ele>
<time>2026-05-05T04:32:42Z</time>
<speed>1.309355</speed>
<trueHeading>0.000000</trueHeading>
<magneticHeading>0.000000</magneticHeading>
<gpsHeading>46.542866</gpsHeading>
<haccuracy>4.543000</haccuracy>
<vaccuracy>4.543000</vaccuracy>
<internetconnect>2</internetconnect>
</trkpt>
<trkpt lat="35.853857" lon="139.013992">
<ele>930.521754</ele>
<time>2026-05-05T04:33:06Z</time>
<speed>1.371589</speed>
<trueHeading>0.000000</trueHeading>
<magneticHeading>0.000000</magneticHeading>
<gpsHeading>355.370117</gpsHeading>
<haccuracy>5.431000</haccuracy>
<vaccuracy>5.431000</vaccuracy>
<internetconnect>2</internetconnect>
</trkpt>
<trkpt lat="35.854085" lon="139.014036">
<ele>924.725591</ele>
<time>2026-05-05T04:33:30Z</time>
<speed>1.110456</speed>
<trueHeading>0.000000</trueHeading>
<magneticHeading>0.000000</magneticHeading>
<gpsHeading>8.920670</gpsHeading>
<haccuracy>5.052000</haccuracy>
<vaccuracy>5.052000</vaccuracy>
<internetconnect>2</internetconnect>
</trkpt>
<trkpt lat="35.853982" lon="139.014170">
<ele>919.007390</ele>
<time>2026-05-05T04:34:05Z</time>
<speed>1.130195</speed>
<trueHeading>0.000000</trueHeading>
<magneticHeading>0.000000</magneticHeading>
<gpsHeading>133.263947</gpsHeading>
<haccuracy>3.000000</haccuracy>
<vaccuracy>3.000000</vaccuracy>
<internetconnect>2</internetconnect>
</trkpt>
<trkpt lat="35.853813" lon="139.014382">
<ele>914.117377</ele>
<time>2026-05-05T04:34:28Z</time>
<speed>1.163787</speed>
<trueHeading>0.000000</trueHeading>
<magneticHeading>0.000000</magneticHeading>
<gpsHeading>134.565033</gpsHeading>
<haccuracy>3.024000</haccuracy>
<vaccuracy>3.024000</vaccuracy>
<internetconnect>2</internetconnect>
</trkpt>
<trkpt lat="35.853664" lon="139.014375">
<ele>909.168133</ele>
<time>2026-05-05T04:35:01Z</time>
<speed>1.382929</speed>
<trueHeading>0.000000</trueHeading>
<magneticHeading>0.000000</magneticHeading>
<gpsHeading>182.087280</gpsHeading>
<haccuracy>3.548000</haccuracy>
<vaccuracy>3.548000</vaccuracy>
<internetconnect>2</internetconnect>
</trkpt>
<trkpt lat="35.853509" lon="139.014445">
<ele>903.854741</ele>
<time>2026-05-05T04:35:25Z</time>
<speed>1.030290</speed>
<trueHeading>0.000000</trueHeading>
<magneticHeading>0.000000</magneticHeading>
<gpsHeading>159.980011</gpsHeading>
<haccuracy>5.286000</haccuracy>
<vaccuracy>5.286000</vaccuracy>
<internetconnect>2</internetconnect>
</trkpt>
<trkpt lat="35.853388" lon="139.014542">
<ele>897.756829</ele>
<time>2026-05-05T04:36:01Z</time>
<speed>1.019819</speed>
<trueHeading>0.000000</trueHeading>
<magneticHeading>0.000000</magneticHeading>
<gpsHeading>146.829636</gpsHeading>
<haccuracy>5.005000</haccuracy>
<vaccuracy>5.005000</vaccuracy>
<internetconnect>2</internetconnect>
</trkpt>
<trkpt lat="35.853177" lon="139.014701">
<ele>891.564093</ele>
<time>2026-05-05T04:36:24Z</time>
<speed>1.304898</speed>
<trueHeading>0.000000</trueHeading>
<magneticHeading>0.000000</magneticHeading>
<gpsHeading>148.684998</gpsHeading>
<haccuracy>5.661000</haccuracy>
<vaccuracy>5.661000</vaccuracy>
<internetconnect>2</internetconnect>
</trkpt>
<trkpt lat="35.853246" lon="139.014544">
<ele>885.155365</ele>
<time>2026-05-05T04:37:00Z</time>
<speed>0.483124</speed>
<trueHeading>0.000000</trueHeading>
<magneticHeading>0.000000</magneticHeading>
<gpsHeading>298.561035</gpsHeading>
<haccuracy>4.151000</haccuracy>
<vaccuracy>4.151000</vaccuracy>
<internetconnect>2</internetconnect>
</trkpt>
<trkpt lat="35.853366" lon="139.014206">
<ele>877.951837</ele>
<time>2026-05-05T04:37:24Z</time>
<speed>1.279416</speed>
<trueHeading>0.000000</trueHeading>
<magneticHeading>0.000000</magneticHeading>
<gpsHeading>293.602081</gpsHeading>
<haccuracy>5.806000</haccuracy>
<vaccuracy>5.806000</vaccuracy>
<internetconnect>2</internetconnect>
</trkpt>
<trkpt lat="35.853063" lon="139.014109">
<ele>871.981410</ele>
<time>2026-05-05T04:37:48Z</time>
<speed>1.104278</speed>
<trueHeading>0.000000</trueHeading>
<magneticHeading>0.000000</magneticHeading>
<gpsHeading>194.507446</gpsHeading>
<haccuracy>5.908000</haccuracy>
<vaccuracy>5.908000</vaccuracy>
<internetconnect>2</internetconnect>
</trkpt>
<trkpt lat="35.852906" lon="139.014229">
<ele>866.494862</ele>
<time>2026-05-05T04:38:11Z</time>
<speed>1.025592</speed>
<trueHeading>0.000000</trueHeading>
<magneticHeading>0.000000</magneticHeading>
<gpsHeading>148.269318</gpsHeading>
<haccuracy>4.967000</haccuracy>
<vaccuracy>4.967000</vaccuracy>
<internetconnect>2</internetconnect>
</trkpt>
<trkpt lat="35.852771" lon="139.014295">
<ele>861.756638</ele>
<time>2026-05-05T04:38:39Z</time>
<speed>1.350709</speed>
<trueHeading>0.000000</trueHeading>
<magneticHeading>0.000000</magneticHeading>
<gpsHeading>158.219788</gpsHeading>
<haccuracy>5.186000</haccuracy>
<vaccuracy>5.186000</vaccuracy>
<internetconnect>2</internetconnect>
</trkpt>
<trkpt lat="35.852707" lon="139.014475">
<ele>858.645554</ele>
<time>2026-05-05T04:39:03Z</time>
<speed>0.187935</speed>
<trueHeading>0.000000</trueHeading>
<magneticHeading>0.000000</magneticHeading>
<gpsHeading>113.685768</gpsHeading>
<haccuracy>4.197000</haccuracy>
<vaccuracy>4.197000</vaccuracy>
<internetconnect>2</internetconnect>
</trkpt>
<trkpt lat="35.852795" lon="139.014416">
<ele>856.698217</ele>
<time>2026-05-05T04:40:05Z</time>
<speed>0.472757</speed>
<trueHeading>0.000000</trueHeading>
<magneticHeading>0.000000</magneticHeading>
<gpsHeading>331.276154</gpsHeading>
<haccuracy>5.306000</haccuracy>
<vaccuracy>5.306000</vaccuracy>
<internetconnect>2</internetconnect>
</trkpt>
<trkpt lat="35.852901" lon="139.014293">
<ele>854.500744</ele>
<time>2026-05-05T04:40:35Z</time>
<speed>0.949170</speed>
<trueHeading>0.000000</trueHeading>
<magneticHeading>0.000000</magneticHeading>
<gpsHeading>316.967255</gpsHeading>
<haccuracy>6.407000</haccuracy>
<vaccuracy>6.407000</vaccuracy>
<internetconnect>2</internetconnect>
</trkpt>
<trkpt lat="35.853024" lon="139.014512">
<ele>851.103094</ele>
<time>2026-05-05T04:40:59Z</time>
<speed>0.134143</speed>
<trueHeading>0.000000</trueHeading>
<magneticHeading>0.000000</magneticHeading>
<gpsHeading>55.345829</gpsHeading>
<haccuracy>4.937000</haccuracy>
<vaccuracy>4.937000</vaccuracy>
<internetconnect>2</internetconnect>
</trkpt>
<trkpt lat="35.852869" lon="139.014501">
<ele>847.029187</ele>
<time>2026-05-05T04:41:30Z</time>
<speed>1.051331</speed>
<trueHeading>0.000000</trueHeading>
<magneticHeading>0.000000</magneticHeading>
<gpsHeading>183.338913</gpsHeading>
<haccuracy>4.961000</haccuracy>
<vaccuracy>4.961000</vaccuracy>
<internetconnect>2</internetconnect>
</trkpt>
<trkpt lat="35.853017" lon="139.014621">
<ele>843.983981</ele>
<time>2026-05-05T04:41:53Z</time>
<speed>1.104655</speed>
<trueHeading>0.000000</trueHeading>
<magneticHeading>0.000000</magneticHeading>
<gpsHeading>33.276646</gpsHeading>
<haccuracy>5.758000</haccuracy>
<vaccuracy>5.758000</vaccuracy>
<internetconnect>2</internetconnect>
</trkpt>
<trkpt lat="35.852868" lon="139.014708">
<ele>839.814149</ele>
<time>2026-05-05T04:42:16Z</time>
<speed>1.229554</speed>
<trueHeading>0.000000</trueHeading>
<magneticHeading>0.000000</magneticHeading>
<gpsHeading>154.569275</gpsHeading>
<haccuracy>4.461000</haccuracy>
<vaccuracy>4.461000</vaccuracy>
<internetconnect>2</internetconnect>
</trkpt>
<trkpt lat="35.852615" lon="139.014761">
<ele>836.039698</ele>
<time>2026-05-05T04:42:39Z</time>
<speed>1.053505</speed>
<trueHeading>0.000000</trueHeading>
<magneticHeading>0.000000</magneticHeading>
<gpsHeading>170.364288</gpsHeading>
<haccuracy>5.869000</haccuracy>
<vaccuracy>5.869000</vaccuracy>
<internetconnect>2</internetconnect>
</trkpt>
<trkpt lat="35.852844" lon="139.014816">
<ele>831.280817</ele>
<time>2026-05-05T04:43:03Z</time>
<speed>0.137258</speed>
<trueHeading>0.000000</trueHeading>
<magneticHeading>0.000000</magneticHeading>
<gpsHeading>10.986139</gpsHeading>
<haccuracy>5.608000</haccuracy>
<vaccuracy>5.608000</vaccuracy>
<internetconnect>2</internetconnect>
</trkpt>
<trkpt lat="35.853048" lon="139.015052">
<ele>826.913090</ele>
<time>2026-05-05T04:43:27Z</time>
<speed>1.070978</speed>
<trueHeading>0.000000</trueHeading>
<magneticHeading>0.000000</magneticHeading>
<gpsHeading>43.270111</gpsHeading>
<haccuracy>6.468000</haccuracy>
<vaccuracy>6.468000</vaccuracy>
<internetconnect>2</internetconnect>
</trkpt>
<trkpt lat="35.852918" lon="139.015233">
<ele>821.656857</ele>
<time>2026-05-05T04:43:50Z</time>
<speed>1.397470</speed>
<trueHeading>0.000000</trueHeading>
<magneticHeading>0.000000</magneticHeading>
<gpsHeading>131.536285</gpsHeading>
<haccuracy>5.370000</haccuracy>
<vaccuracy>5.370000</vaccuracy>
<internetconnect>2</internetconnect>
</trkpt>
<trkpt lat="35.852864" lon="139.015402">
<ele>817.524457</ele>
<time>2026-05-05T04:44:36Z</time>
<speed>1.164768</speed>
<trueHeading>0.000000</trueHeading>
<magneticHeading>0.000000</magneticHeading>
<gpsHeading>111.347542</gpsHeading>
<haccuracy>4.264000</haccuracy>
<vaccuracy>4.264000</vaccuracy>
<internetconnect>2</internetconnect>
</trkpt>
<trkpt lat="35.852627" lon="139.015516">
<ele>813.342004</ele>
<time>2026-05-05T04:45:00Z</time>
<speed>0.953071</speed>
<trueHeading>0.000000</trueHeading>
<magneticHeading>0.000000</magneticHeading>
<gpsHeading>158.758362</gpsHeading>
<haccuracy>5.398000</haccuracy>
<vaccuracy>5.398000</vaccuracy>
<internetconnect>2</internetconnect>
</trkpt>
<trkpt lat="35.852650" lon="139.015762">
<ele>808.086152</ele>
<time>2026-05-05T04:45:23Z</time>
<speed>0.540145</speed>
<trueHeading>0.000000</trueHeading>
<magneticHeading>0.000000</magneticHeading>
<gpsHeading>83.515434</gpsHeading>
<haccuracy>5.918000</haccuracy>
<vaccuracy>5.918000</vaccuracy>
<internetconnect>2</internetconnect>
</trkpt>
<trkpt lat="35.852630" lon="139.015758">
<ele>802.056380</ele>
<time>2026-05-05T04:46:24Z</time>
<speed>0.229073</speed>
<trueHeading>0.000000</trueHeading>
<magneticHeading>0.000000</magneticHeading>
<gpsHeading>191.222305</gpsHeading>
<haccuracy>4.648000</haccuracy>
<vaccuracy>4.648000</vaccuracy>
<internetconnect>2</internetconnect>
</trkpt>
<trkpt lat="35.852423" lon="139.015629">
<ele>794.870309</ele>
<time>2026-05-05T04:46:47Z</time>
<speed>1.184412</speed>
<trueHeading>0.000000</trueHeading>
<magneticHeading>0.000000</magneticHeading>
<gpsHeading>206.642883</gpsHeading>
<haccuracy>6.621000</haccuracy>
<vaccuracy>6.621000</vaccuracy>
<internetconnect>2</internetconnect>
</trkpt>
<trkpt lat="35.852303" lon="139.015741">
<ele>788.386672</ele>
<time>2026-05-05T04:47:32Z</time>
<speed>0.952837</speed>
<trueHeading>0.000000</trueHeading>
<magneticHeading>0.000000</magneticHeading>
<gpsHeading>142.826874</gpsHeading>
<haccuracy>5.250000</haccuracy>
<vaccuracy>5.250000</vaccuracy>
<internetconnect>0</internetconnect>
</trkpt>
<trkpt lat="35.852287" lon="139.015992">
<ele>780.591587</ele>
<time>2026-05-05T04:47:55Z</time>
<speed>1.001813</speed>
<trueHeading>0.000000</trueHeading>
<magneticHeading>0.000000</magneticHeading>
<gpsHeading>94.608780</gpsHeading>
<haccuracy>6.483000</haccuracy>
<vaccuracy>6.483000</vaccuracy>
<internetconnect>2</internetconnect>
</trkpt>
<trkpt lat="35.852357" lon="139.015997">
<ele>774.565210</ele>
<time>2026-05-05T04:48:57Z</time>
<speed>0.130204</speed>
<trueHeading>0.000000</trueHeading>
<magneticHeading>0.000000</magneticHeading>
<gpsHeading>3.304018</gpsHeading>
<haccuracy>5.153000</haccuracy>
<vaccuracy>5.153000</vaccuracy>
<internetconnect>2</internetconnect>
</trkpt>
<trkpt lat="35.852334" lon="139.016198">
<ele>767.544243</ele>
<time>2026-05-05T04:49:20Z</time>
<speed>0.275895</speed>
<trueHeading>0.000000</trueHeading>
<magneticHeading>0.000000</magneticHeading>
<gpsHeading>98.195992</gpsHeading>
<haccuracy>5.186000</haccuracy>
<vaccuracy>5.186000</vaccuracy>
<internetconnect>2</internetconnect>
</trkpt>
<trkpt lat="35.852395" lon="139.016127">
<ele>760.167513</ele>
<time>2026-05-05T04:50:22Z</time>
<speed>0.989875</speed>
<trueHeading>0.000000</trueHeading>
<magneticHeading>0.000000</magneticHeading>
<gpsHeading>316.641174</gpsHeading>
<haccuracy>6.292000</haccuracy>
<vaccuracy>6.292000</vaccuracy>
<internetconnect>2</internetconnect>
</trkpt>
<trkpt lat="35.852530" lon="139.016197">
<ele>751.640215</ele>
<time>2026-05-05T04:51:03Z</time>
<speed>1.130329</speed>
<trueHeading>0.000000</trueHeading>
<magneticHeading>0.000000</magneticHeading>
<gpsHeading>22.647669</gpsHeading>
<haccuracy>7.039000</haccuracy>
<vaccuracy>7.039000</vaccuracy>
<internetconnect>2</internetconnect>
</trkpt>
<trkpt lat="35.852546" lon="139.016379">
<ele>744.477107</ele>
<time>2026-05-05T04:51:51Z</time>
<speed>1.147809</speed>
<trueHeading>0.000000</trueHeading>
<magneticHeading>0.000000</magneticHeading>
<gpsHeading>83.715149</gpsHeading>
<haccuracy>6.281000</haccuracy>
<vaccuracy>6.281000</vaccuracy>
<internetconnect>2</internetconnect>
</trkpt>
<trkpt lat="35.852418" lon="139.016492">
<ele>738.853122</ele>
<time>2026-05-05T04:52:15Z</time>
<speed>0.987338</speed>
<trueHeading>0.000000</trueHeading>
<magneticHeading>0.000000</magneticHeading>
<gpsHeading>144.520264</gpsHeading>
<haccuracy>4.935000</haccuracy>
<vaccuracy>4.935000</vaccuracy>
<internetconnect>2</internetconnect>
</trkpt>
<trkpt lat="35.852522" lon="139.016619">
<ele>731.547465</ele>
<time>2026-05-05T04:52:49Z</time>
<speed>0.930880</speed>
<trueHeading>0.000000</trueHeading>
<magneticHeading>0.000000</magneticHeading>
<gpsHeading>44.560291</gpsHeading>
<haccuracy>5.581000</haccuracy>
<vaccuracy>5.581000</vaccuracy>
<internetconnect>2</internetconnect>
</trkpt>
<trkpt lat="35.852377" lon="139.016688">
<ele>724.252075</ele>
<time>2026-05-05T04:53:35Z</time>
<speed>1.272016</speed>
<trueHeading>0.000000</trueHeading>
<magneticHeading>0.000000</magneticHeading>
<gpsHeading>158.796967</gpsHeading>
<haccuracy>5.717000</haccuracy>
<vaccuracy>5.717000</vaccuracy>
<internetconnect>2</internetconnect>
</trkpt>
<trkpt lat="35.852262" lon="139.016555">
<ele>717.431326</ele>
<time>2026-05-05T04:53:59Z</time>
<speed>0.202088</speed>
<trueHeading>0.000000</trueHeading>
<magneticHeading>0.000000</magneticHeading>
<gpsHeading>223.049927</gpsHeading>
<haccuracy>4.224000</haccuracy>
<vaccuracy>4.224000</vaccuracy>
<internetconnect>2</internetconnect>
</trkpt>
<trkpt lat="35.852165" lon="139.016371">
<ele>713.799015</ele>
<time>2026-05-05T04:54:22Z</time>
<speed>0.520723</speed>
<trueHeading>0.000000</trueHeading>
<magneticHeading>0.000000</magneticHeading>
<gpsHeading>237.059143</gpsHeading>
<haccuracy>6.378000</haccuracy>
<vaccuracy>6.378000</vaccuracy>
<internetconnect>2</internetconnect>
</trkpt>
<trkpt lat="35.852121" lon="139.016641">
<ele>710.682594</ele>
<time>2026-05-05T04:54:45Z</time>
<speed>0.928356</speed>
<trueHeading>0.000000</trueHeading>
<magneticHeading>0.000000</magneticHeading>
<gpsHeading>101.330727</gpsHeading>
<haccuracy>10.697000</haccuracy>
<vaccuracy>10.697000</vaccuracy>
<internetconnect>2</internetconnect>
</trkpt>
<trkpt lat="35.852332" lon="139.016740">
<ele>707.080909</ele>
<time>2026-05-05T04:55:09Z</time>
<speed>0.526256</speed>
<trueHeading>0.000000</trueHeading>
<magneticHeading>0.000000</magneticHeading>
<gpsHeading>20.944902</gpsHeading>
<haccuracy>10.798000</haccuracy>
<vaccuracy>10.798000</vaccuracy>
<internetconnect>2</internetconnect>
</trkpt>
<trkpt lat="35.852475" lon="139.016723">
<ele>703.726440</ele>
<time>2026-05-05T04:56:08Z</time>
<speed>1.280444</speed>
<trueHeading>0.000000</trueHeading>
<magneticHeading>0.000000</magneticHeading>
<gpsHeading>354.519012</gpsHeading>
<haccuracy>5.510000</haccuracy>
<vaccuracy>5.510000</vaccuracy>
<internetconnect>2</internetconnect>
</trkpt>
<trkpt lat="35.852708" lon="139.016726">
<ele>700.871410</ele>
<time>2026-05-05T04:56:32Z</time>
<speed>1.107477</speed>
<trueHeading>0.000000</trueHeading>
<magneticHeading>0.000000</magneticHeading>
<gpsHeading>0.477928</gpsHeading>
<haccuracy>9.461000</haccuracy>
<vaccuracy>9.461000</vaccuracy>
<internetconnect>2</internetconnect>
</trkpt>
<trkpt lat="35.852607" lon="139.017321">
<ele>700.221748</ele>
<time>2026-05-05T04:56:56Z</time>
<speed>0.174351</speed>
<trueHeading>0.000000</trueHeading>
<magneticHeading>0.000000</magneticHeading>
<gpsHeading>101.826530</gpsHeading>
<haccuracy>3.589000</haccuracy>
<vaccuracy>3.589000</vaccuracy>
<internetconnect>2</internetconnect>
</trkpt>
<trkpt lat="35.852717" lon="139.017440">
<ele>700.660081</ele>
<time>2026-05-05T04:57:44Z</time>
<speed>1.372139</speed>
<trueHeading>0.000000</trueHeading>
<magneticHeading>0.000000</magneticHeading>
<gpsHeading>41.305355</gpsHeading>
<haccuracy>4.193000</haccuracy>
<vaccuracy>4.193000</vaccuracy>
<internetconnect>2</internetconnect>
</trkpt>
<trkpt lat="35.852749" lon="139.017660">
<ele>701.868647</ele>
<time>2026-05-05T04:58:07Z</time>
<speed>1.105884</speed>
<trueHeading>0.000000</trueHeading>
<magneticHeading>0.000000</magneticHeading>
<gpsHeading>79.830681</gpsHeading>
<haccuracy>4.150000</haccuracy>
<vaccuracy>4.150000</vaccuracy>
<internetconnect>2</internetconnect>
</trkpt>
<trkpt lat="35.852798" lon="139.018199">
<ele>702.538026</ele>
<time>2026-05-05T04:58:30Z</time>
<speed>1.568000</speed>
<trueHeading>0.000000</trueHeading>
<magneticHeading>0.000000</magneticHeading>
<gpsHeading>83.529846</gpsHeading>
<haccuracy>5.741000</haccuracy>
<vaccuracy>5.741000</vaccuracy>
<internetconnect>2</internetconnect>
</trkpt>
<trkpt lat="35.852848" lon="139.018562">
<ele>702.078458</ele>
<time>2026-05-05T04:58:54Z</time>
<speed>1.589448</speed>
<trueHeading>0.000000</trueHeading>
<magneticHeading>0.000000</magneticHeading>
<gpsHeading>80.357864</gpsHeading>
<haccuracy>5.510000</haccuracy>
<vaccuracy>5.510000</vaccuracy>
<internetconnect>2</internetconnect>
</trkpt>
<trkpt lat="35.852877" lon="139.018956">
<ele>700.711660</ele>
<time>2026-05-05T04:59:18Z</time>
<speed>1.589155</speed>
<trueHeading>0.000000</trueHeading>
<magneticHeading>0.000000</magneticHeading>
<gpsHeading>84.875893</gpsHeading>
<haccuracy>5.582000</haccuracy>
<vaccuracy>5.582000</vaccuracy>
<internetconnect>2</internetconnect>
</trkpt>
<trkpt lat="35.852738" lon="139.019262">
<ele>698.558477</ele>
<time>2026-05-05T04:59:41Z</time>
<speed>1.470067</speed>
<trueHeading>0.000000</trueHeading>
<magneticHeading>0.000000</magneticHeading>
<gpsHeading>119.338181</gpsHeading>
<haccuracy>5.730000</haccuracy>
<vaccuracy>5.730000</vaccuracy>
<internetconnect>2</internetconnect>
</trkpt>
<trkpt lat="35.852755" lon="139.019618">
<ele>696.503434</ele>
<time>2026-05-05T05:00:05Z</time>
<speed>1.061039</speed>
<trueHeading>0.000000</trueHeading>
<magneticHeading>0.000000</magneticHeading>
<gpsHeading>86.606575</gpsHeading>
<haccuracy>6.303000</haccuracy>
<vaccuracy>6.303000</vaccuracy>
<internetconnect>2</internetconnect>
</trkpt>
<trkpt lat="35.852768" lon="139.019971">
<ele>694.915637</ele>
<time>2026-05-05T05:00:28Z</time>
<speed>1.581274</speed>
<trueHeading>0.000000</trueHeading>
<magneticHeading>0.000000</magneticHeading>
<gpsHeading>87.422119</gpsHeading>
<haccuracy>6.375000</haccuracy>
<vaccuracy>6.375000</vaccuracy>
<internetconnect>2</internetconnect>
</trkpt>
<trkpt lat="35.852660" lon="139.020324">
<ele>693.233311</ele>
<time>2026-05-05T05:00:51Z</time>
<speed>1.569423</speed>
<trueHeading>0.000000</trueHeading>
<magneticHeading>0.000000</magneticHeading>
<gpsHeading>110.609871</gpsHeading>
<haccuracy>5.819000</haccuracy>
<vaccuracy>5.819000</vaccuracy>
<internetconnect>2</internetconnect>
</trkpt>
<trkpt lat="35.852601" lon="139.020733">
<ele>691.707937</ele>
<time>2026-05-05T05:01:15Z</time>
<speed>1.604230</speed>
<trueHeading>0.000000</trueHeading>
<magneticHeading>0.000000</magneticHeading>
<gpsHeading>100.173225</gpsHeading>
<haccuracy>5.914000</haccuracy>
<vaccuracy>5.914000</vaccuracy>
<internetconnect>2</internetconnect>
</trkpt>
<trkpt lat="35.852688" lon="139.021102">
<ele>689.218010</ele>
<time>2026-05-05T05:01:39Z</time>
<speed>1.632916</speed>
<trueHeading>0.000000</trueHeading>
<magneticHeading>0.000000</magneticHeading>
<gpsHeading>73.712608</gpsHeading>
<haccuracy>5.977000</haccuracy>
<vaccuracy>5.977000</vaccuracy>
<internetconnect>2</internetconnect>
</trkpt>
<trkpt lat="35.852635" lon="139.021462">
<ele>686.879062</ele>
<time>2026-05-05T05:02:02Z</time>
<speed>1.687829</speed>
<trueHeading>0.000000</trueHeading>
<magneticHeading>0.000000</magneticHeading>
<gpsHeading>100.373688</gpsHeading>
<haccuracy>5.571000</haccuracy>
<vaccuracy>5.571000</vaccuracy>
<internetconnect>2</internetconnect>
</trkpt>
<trkpt lat="35.852643" lon="139.021856">
<ele>684.193099</ele>
<time>2026-05-05T05:02:26Z</time>
<speed>1.586220</speed>
<trueHeading>0.000000</trueHeading>
<magneticHeading>0.000000</magneticHeading>
<gpsHeading>88.473007</gpsHeading>
<haccuracy>6.204000</haccuracy>
<vaccuracy>6.204000</vaccuracy>
<internetconnect>2</internetconnect>
</trkpt>
<trkpt lat="35.852713" lon="139.022295">
<ele>682.430157</ele>
<time>2026-05-05T05:02:49Z</time>
<speed>1.618364</speed>
<trueHeading>0.000000</trueHeading>
<magneticHeading>0.000000</magneticHeading>
<gpsHeading>78.934906</gpsHeading>
<haccuracy>5.363000</haccuracy>
<vaccuracy>5.363000</vaccuracy>
<internetconnect>2</internetconnect>
</trkpt>
<trkpt lat="35.852620" lon="139.022656">
<ele>680.798650</ele>
<time>2026-05-05T05:03:12Z</time>
<speed>1.581268</speed>
<trueHeading>0.000000</trueHeading>
<magneticHeading>0.000000</magneticHeading>
<gpsHeading>107.685692</gpsHeading>
<haccuracy>4.908000</haccuracy>
<vaccuracy>4.908000</vaccuracy>
<internetconnect>2</internetconnect>
</trkpt>
<trkpt lat="35.852511" lon="139.023006">
<ele>680.210148</ele>
<time>2026-05-05T05:03:36Z</time>
<speed>1.548141</speed>
<trueHeading>0.000000</trueHeading>
<magneticHeading>0.000000</magneticHeading>
<gpsHeading>111.023743</gpsHeading>
<haccuracy>5.542000</haccuracy>
<vaccuracy>5.542000</vaccuracy>
<internetconnect>2</internetconnect>
</trkpt>
<trkpt lat="35.852478" lon="139.023370">
<ele>679.825892</ele>
<time>2026-05-05T05:03:59Z</time>
<speed>1.596447</speed>
<trueHeading>0.000000</trueHeading>
<magneticHeading>0.000000</magneticHeading>
<gpsHeading>96.364685</gpsHeading>
<haccuracy>5.459000</haccuracy>
<vaccuracy>5.459000</vaccuracy>
<internetconnect>2</internetconnect>
</trkpt>
<trkpt lat="35.852453" lon="139.023810">
<ele>679.652984</ele>
<time>2026-05-05T05:04:23Z</time>
<speed>1.586910</speed>
<trueHeading>0.000000</trueHeading>
<magneticHeading>0.000000</magneticHeading>
<gpsHeading>93.940575</gpsHeading>
<haccuracy>5.838000</haccuracy>
<vaccuracy>5.838000</vaccuracy>
<internetconnect>2</internetconnect>
</trkpt>
<trkpt lat="35.852312" lon="139.024133">
<ele>679.225458</ele>
<time>2026-05-05T05:04:46Z</time>
<speed>1.621413</speed>
<trueHeading>0.000000</trueHeading>
<magneticHeading>0.000000</magneticHeading>
<gpsHeading>118.418289</gpsHeading>
<haccuracy>5.912000</haccuracy>
<vaccuracy>5.912000</vaccuracy>
<internetconnect>2</internetconnect>
</trkpt>
<trkpt lat="35.852461" lon="139.024559">
<ele>677.323724</ele>
<time>2026-05-05T05:05:09Z</time>
<speed>1.590830</speed>
<trueHeading>0.000000</trueHeading>
<magneticHeading>0.000000</magneticHeading>
<gpsHeading>66.626328</gpsHeading>
<haccuracy>5.854000</haccuracy>
<vaccuracy>5.854000</vaccuracy>
<internetconnect>2</internetconnect>
</trkpt>
<trkpt lat="35.852458" lon="139.024933">
<ele>674.242176</ele>
<time>2026-05-05T05:05:33Z</time>
<speed>1.634791</speed>
<trueHeading>0.000000</trueHeading>
<magneticHeading>0.000000</magneticHeading>
<gpsHeading>90.566704</gpsHeading>
<haccuracy>5.972000</haccuracy>
<vaccuracy>5.972000</vaccuracy>
<internetconnect>2</internetconnect>
</trkpt>
<trkpt lat="35.852458" lon="139.025311">
<ele>670.382200</ele>
<time>2026-05-05T05:05:57Z</time>
<speed>1.619145</speed>
<trueHeading>0.000000</trueHeading>
<magneticHeading>0.000000</magneticHeading>
<gpsHeading>90.000000</gpsHeading>
<haccuracy>5.836000</haccuracy>
<vaccuracy>5.836000</vaccuracy>
<internetconnect>2</internetconnect>
</trkpt>
<trkpt lat="35.852275" lon="139.025689">
<ele>667.343908</ele>
<time>2026-05-05T05:06:20Z</time>
<speed>1.623930</speed>
<trueHeading>0.000000</trueHeading>
<magneticHeading>0.000000</magneticHeading>
<gpsHeading>120.795540</gpsHeading>
<haccuracy>4.934000</haccuracy>
<vaccuracy>4.934000</vaccuracy>
<internetconnect>2</internetconnect>
</trkpt>
<trkpt lat="35.852029" lon="139.026027">
<ele>665.359250</ele>
<time>2026-05-05T05:06:44Z</time>
<speed>1.587531</speed>
<trueHeading>0.000000</trueHeading>
<magneticHeading>0.000000</magneticHeading>
<gpsHeading>131.955765</gpsHeading>
<haccuracy>6.048000</haccuracy>
<vaccuracy>6.048000</vaccuracy>
<internetconnect>2</internetconnect>
</trkpt>
<trkpt lat="35.851776" lon="139.026271">
<ele>662.946101</ele>
<time>2026-05-05T05:07:07Z</time>
<speed>1.617526</speed>
<trueHeading>0.000000</trueHeading>
<magneticHeading>0.000000</magneticHeading>
<gpsHeading>141.961670</gpsHeading>
<haccuracy>5.560000</haccuracy>
<vaccuracy>5.560000</vaccuracy>
<internetconnect>2</internetconnect>
</trkpt>
<trkpt lat="35.851605" lon="139.026589">
<ele>660.430968</ele>
<time>2026-05-05T05:07:31Z</time>
<speed>1.615641</speed>
<trueHeading>0.000000</trueHeading>
<magneticHeading>0.000000</magneticHeading>
<gpsHeading>123.611458</gpsHeading>
<haccuracy>5.158000</haccuracy>
<vaccuracy>5.158000</vaccuracy>
<internetconnect>2</internetconnect>
</trkpt>
<trkpt lat="35.851528" lon="139.026958">
<ele>657.744799</ele>
<time>2026-05-05T05:07:54Z</time>
<speed>1.631131</speed>
<trueHeading>0.000000</trueHeading>
<magneticHeading>0.000000</magneticHeading>
<gpsHeading>104.411781</gpsHeading>
<haccuracy>5.574000</haccuracy>
<vaccuracy>5.574000</vaccuracy>
<internetconnect>2</internetconnect>
</trkpt>
<trkpt lat="35.851292" lon="139.027150">
<ele>655.454381</ele>
<time>2026-05-05T05:08:18Z</time>
<speed>1.628124</speed>
<trueHeading>0.000000</trueHeading>
<magneticHeading>0.000000</magneticHeading>
<gpsHeading>146.534821</gpsHeading>
<haccuracy>6.231000</haccuracy>
<vaccuracy>6.231000</vaccuracy>
<internetconnect>2</internetconnect>
</trkpt>
<trkpt lat="35.850962" lon="139.027065">
<ele>653.588563</ele>
<time>2026-05-05T05:08:41Z</time>
<speed>1.581222</speed>
<trueHeading>0.000000</trueHeading>
<magneticHeading>0.000000</magneticHeading>
<gpsHeading>191.903931</gpsHeading>
<haccuracy>5.677000</haccuracy>
<vaccuracy>5.677000</vaccuracy>
<internetconnect>2</internetconnect>
</trkpt>
<trkpt lat="35.850677" lon="139.027023">
<ele>651.231151</ele>
<time>2026-05-05T05:09:05Z</time>
<speed>1.578478</speed>
<trueHeading>0.000000</trueHeading>
<magneticHeading>0.000000</magneticHeading>
<gpsHeading>186.719604</gpsHeading>
<haccuracy>5.713000</haccuracy>
<vaccuracy>5.713000</vaccuracy>
<internetconnect>2</internetconnect>
</trkpt>
<trkpt lat="35.850502" lon="139.027308">
<ele>648.419928</ele>
<time>2026-05-05T05:09:29Z</time>
<speed>1.652849</speed>
<trueHeading>0.000000</trueHeading>
<magneticHeading>0.000000</magneticHeading>
<gpsHeading>127.067108</gpsHeading>
<haccuracy>5.781000</haccuracy>
<vaccuracy>5.781000</vaccuracy>
<internetconnect>2</internetconnect>
</trkpt>
<trkpt lat="35.850522" lon="139.027722">
<ele>645.588798</ele>
<time>2026-05-05T05:09:53Z</time>
<speed>1.622939</speed>
<trueHeading>0.000000</trueHeading>
<magneticHeading>0.000000</magneticHeading>
<gpsHeading>86.687271</gpsHeading>
<haccuracy>5.820000</haccuracy>
<vaccuracy>5.820000</vaccuracy>
<internetconnect>2</internetconnect>
</trkpt>
<trkpt lat="35.850668" lon="139.028125">
<ele>643.966509</ele>
<time>2026-05-05T05:10:16Z</time>
<speed>1.524851</speed>
<trueHeading>0.000000</trueHeading>
<magneticHeading>0.000000</magneticHeading>
<gpsHeading>65.903877</gpsHeading>
<haccuracy>6.338000</haccuracy>
<vaccuracy>6.338000</vaccuracy>
<internetconnect>2</internetconnect>
</trkpt>
<trkpt lat="35.850967" lon="139.028441">
<ele>642.710652</ele>
<time>2026-05-05T05:10:39Z</time>
<speed>1.653429</speed>
<trueHeading>0.000000</trueHeading>
<magneticHeading>0.000000</magneticHeading>
<gpsHeading>40.629608</gpsHeading>
<haccuracy>5.712000</haccuracy>
<vaccuracy>5.712000</vaccuracy>
<internetconnect>2</internetconnect>
</trkpt>
<trkpt lat="35.851117" lon="139.028839">
<ele>640.557826</ele>
<time>2026-05-05T05:11:03Z</time>
<speed>1.588632</speed>
<trueHeading>0.000000</trueHeading>
<magneticHeading>0.000000</magneticHeading>
<gpsHeading>65.018814</gpsHeading>
<haccuracy>5.923000</haccuracy>
<vaccuracy>5.923000</vaccuracy>
<internetconnect>2</internetconnect>
</trkpt>
<trkpt lat="35.850963" lon="139.029213">
<ele>637.055142</ele>
<time>2026-05-05T05:11:27Z</time>
<speed>1.367403</speed>
<trueHeading>0.000000</trueHeading>
<magneticHeading>0.000000</magneticHeading>
<gpsHeading>116.955849</gpsHeading>
<haccuracy>5.277000</haccuracy>
<vaccuracy>5.277000</vaccuracy>
<internetconnect>2</internetconnect>
</trkpt>
<trkpt lat="35.850644" lon="139.029339">
<ele>632.996738</ele>
<time>2026-05-05T05:11:50Z</time>
<speed>1.588204</speed>
<trueHeading>0.000000</trueHeading>
<magneticHeading>0.000000</magneticHeading>
<gpsHeading>162.207535</gpsHeading>
<haccuracy>6.006000</haccuracy>
<vaccuracy>6.006000</vaccuracy>
<internetconnect>2</internetconnect>
</trkpt>
<trkpt lat="35.850319" lon="139.029389">
<ele>629.582891</ele>
<time>2026-05-05T05:12:13Z</time>
<speed>1.632510</speed>
<trueHeading>0.000000</trueHeading>
<magneticHeading>0.000000</magneticHeading>
<gpsHeading>172.945099</gpsHeading>
<haccuracy>5.592000</haccuracy>
<vaccuracy>5.592000</vaccuracy>
<internetconnect>2</internetconnect>
</trkpt>
<trkpt lat="35.850248" lon="139.029741">
<ele>625.945573</ele>
<time>2026-05-05T05:12:36Z</time>
<speed>1.445296</speed>
<trueHeading>0.000000</trueHeading>
<magneticHeading>0.000000</magneticHeading>
<gpsHeading>104.087563</gpsHeading>
<haccuracy>5.586000</haccuracy>
<vaccuracy>5.586000</vaccuracy>
<internetconnect>2</internetconnect>
</trkpt>
<trkpt lat="35.849498" lon="139.031836">
<ele>623.454364</ele>
<time>2026-05-05T05:15:59Z</time>
<speed>1.353646</speed>
<trueHeading>0.000000</trueHeading>
<magneticHeading>0.000000</magneticHeading>
<gpsHeading>113.832085</gpsHeading>
<haccuracy>5.893000</haccuracy>
<vaccuracy>5.893000</vaccuracy>
<internetconnect>2</internetconnect>
</trkpt>
<trkpt lat="35.849396" lon="139.032236">
<ele>621.707947</ele>
<time>2026-05-05T05:16:23Z</time>
<speed>1.489836</speed>
<trueHeading>0.000000</trueHeading>
<magneticHeading>0.000000</magneticHeading>
<gpsHeading>107.346756</gpsHeading>
<haccuracy>5.782000</haccuracy>
<vaccuracy>5.782000</vaccuracy>
<internetconnect>2</internetconnect>
</trkpt>
<trkpt lat="35.849155" lon="139.032542">
<ele>621.368819</ele>
<time>2026-05-05T05:16:46Z</time>
<speed>1.594955</speed>
<trueHeading>0.000000</trueHeading>
<magneticHeading>0.000000</magneticHeading>
<gpsHeading>134.247437</gpsHeading>
<haccuracy>5.818000</haccuracy>
<vaccuracy>5.818000</vaccuracy>
<internetconnect>2</internetconnect>
</trkpt>
<trkpt lat="35.849146" lon="139.032923">
<ele>620.175142</ele>
<time>2026-05-05T05:17:09Z</time>
<speed>1.215176</speed>
<trueHeading>0.000000</trueHeading>
<magneticHeading>0.000000</magneticHeading>
<gpsHeading>91.634354</gpsHeading>
<haccuracy>5.594000</haccuracy>
<vaccuracy>5.594000</vaccuracy>
<internetconnect>2</internetconnect>
</trkpt>
<trkpt lat="35.849104" lon="139.033340">
<ele>617.669632</ele>
<time>2026-05-05T05:17:32Z</time>
<speed>1.621479</speed>
<trueHeading>0.000000</trueHeading>
<magneticHeading>0.000000</magneticHeading>
<gpsHeading>97.111519</gpsHeading>
<haccuracy>6.161000</haccuracy>
<vaccuracy>6.161000</vaccuracy>
<internetconnect>2</internetconnect>
</trkpt>
<trkpt lat="35.849153" lon="139.033738">
<ele>614.929941</ele>
<time>2026-05-05T05:17:56Z</time>
<speed>1.545382</speed>
<trueHeading>0.000000</trueHeading>
<magneticHeading>0.000000</magneticHeading>
<gpsHeading>81.367676</gpsHeading>
<haccuracy>6.238000</haccuracy>
<vaccuracy>6.238000</vaccuracy>
<internetconnect>2</internetconnect>
</trkpt>
<trkpt lat="35.849310" lon="139.034139">
<ele>613.272683</ele>
<time>2026-05-05T05:18:19Z</time>
<speed>1.580952</speed>
<trueHeading>0.000000</trueHeading>
<magneticHeading>0.000000</magneticHeading>
<gpsHeading>64.161682</gpsHeading>
<haccuracy>5.640000</haccuracy>
<vaccuracy>5.640000</vaccuracy>
<internetconnect>2</internetconnect>
</trkpt>
<trkpt lat="35.849125" lon="139.034487">
<ele>613.439966</ele>
<time>2026-05-05T05:18:43Z</time>
<speed>1.591362</speed>
<trueHeading>0.000000</trueHeading>
<magneticHeading>0.000000</magneticHeading>
<gpsHeading>123.256310</gpsHeading>
<haccuracy>5.927000</haccuracy>
<vaccuracy>5.927000</vaccuracy>
<internetconnect>2</internetconnect>
</trkpt>
<trkpt lat="35.848994" lon="139.034857">
<ele>614.215110</ele>
<time>2026-05-05T05:19:06Z</time>
<speed>1.592580</speed>
<trueHeading>0.000000</trueHeading>
<magneticHeading>0.000000</magneticHeading>
<gpsHeading>113.512589</gpsHeading>
<haccuracy>5.923000</haccuracy>
<vaccuracy>5.923000</vaccuracy>
<internetconnect>2</internetconnect>
</trkpt>
<trkpt lat="35.848969" lon="139.035175">
<ele>615.163969</ele>
<time>2026-05-05T05:19:30Z</time>
<speed>0.888981</speed>
<trueHeading>0.000000</trueHeading>
<magneticHeading>0.000000</magneticHeading>
<gpsHeading>95.529411</gpsHeading>
<haccuracy>5.612000</haccuracy>
<vaccuracy>5.612000</vaccuracy>
<internetconnect>2</internetconnect>
</trkpt>
<trkpt lat="35.849133" lon="139.035477">
<ele>615.647294</ele>
<time>2026-05-05T05:19:53Z</time>
<speed>1.688702</speed>
<trueHeading>0.000000</trueHeading>
<magneticHeading>0.000000</magneticHeading>
<gpsHeading>56.272453</gpsHeading>
<haccuracy>5.586000</haccuracy>
<vaccuracy>5.586000</vaccuracy>
<internetconnect>2</internetconnect>
</trkpt>
<trkpt lat="35.849036" lon="139.035619">
<ele>615.730597</ele>
<time>2026-05-05T05:20:17Z</time>
<speed>0.029912</speed>
<trueHeading>0.000000</trueHeading>
<magneticHeading>0.000000</magneticHeading>
<gpsHeading>130.024414</gpsHeading>
<haccuracy>5.058000</haccuracy>
<vaccuracy>5.058000</vaccuracy>
<internetconnect>2</internetconnect>
</trkpt>
<trkpt lat="35.848999" lon="139.035915">
<ele>615.547208</ele>
<time>2026-05-05T05:20:40Z</time>
<speed>1.692501</speed>
<trueHeading>0.000000</trueHeading>
<magneticHeading>0.000000</magneticHeading>
<gpsHeading>98.816315</gpsHeading>
<haccuracy>4.802000</haccuracy>
<vaccuracy>4.802000</vaccuracy>
<internetconnect>2</internetconnect>
</trkpt>
<trkpt lat="35.848910" lon="139.036404">
<ele>615.406008</ele>
<time>2026-05-05T05:21:03Z</time>
<speed>1.615692</speed>
<trueHeading>0.000000</trueHeading>
<magneticHeading>0.000000</magneticHeading>
<gpsHeading>102.629044</gpsHeading>
<haccuracy>5.565000</haccuracy>
<vaccuracy>5.565000</vaccuracy>
<internetconnect>2</internetconnect>
</trkpt>
<trkpt lat="35.848820" lon="139.036789">
<ele>615.449435</ele>
<time>2026-05-05T05:21:26Z</time>
<speed>1.603101</speed>
<trueHeading>0.000000</trueHeading>
<magneticHeading>0.000000</magneticHeading>
<gpsHeading>106.049660</gpsHeading>
<haccuracy>5.801000</haccuracy>
<vaccuracy>5.801000</vaccuracy>
<internetconnect>2</internetconnect>
</trkpt>
<trkpt lat="35.848826" lon="139.037183">
<ele>615.569838</ele>
<time>2026-05-05T05:21:49Z</time>
<speed>1.617987</speed>
<trueHeading>0.000000</trueHeading>
<magneticHeading>0.000000</magneticHeading>
<gpsHeading>88.978012</gpsHeading>
<haccuracy>6.096000</haccuracy>
<vaccuracy>6.096000</vaccuracy>
<internetconnect>2</internetconnect>
</trkpt>
<trkpt lat="35.848849" lon="139.037502">
<ele>615.724861</ele>
<time>2026-05-05T05:22:13Z</time>
<speed>1.628110</speed>
<trueHeading>0.000000</trueHeading>
<magneticHeading>0.000000</magneticHeading>
<gpsHeading>84.739410</gpsHeading>
<haccuracy>5.644000</haccuracy>
<vaccuracy>5.644000</vaccuracy>
<internetconnect>2</internetconnect>
</trkpt>
<trkpt lat="35.848474" lon="139.037541">
<ele>615.910022</ele>
<time>2026-05-05T05:22:37Z</time>
<speed>1.602306</speed>
<trueHeading>0.000000</trueHeading>
<magneticHeading>0.000000</magneticHeading>
<gpsHeading>175.235672</gpsHeading>
<haccuracy>5.835000</haccuracy>
<vaccuracy>5.835000</vaccuracy>
<internetconnect>2</internetconnect>
</trkpt>
<trkpt lat="35.848126" lon="139.037579">
<ele>616.399540</ele>
<time>2026-05-05T05:23:01Z</time>
<speed>1.593127</speed>
<trueHeading>0.000000</trueHeading>
<magneticHeading>0.000000</magneticHeading>
<gpsHeading>174.913956</gpsHeading>
<haccuracy>5.609000</haccuracy>
<vaccuracy>5.609000</vaccuracy>
<internetconnect>2</internetconnect>
</trkpt>
<trkpt lat="35.847863" lon="139.037681">
<ele>616.795983</ele>
<time>2026-05-05T05:23:24Z</time>
<speed>1.557248</speed>
<trueHeading>0.000000</trueHeading>
<magneticHeading>0.000000</magneticHeading>
<gpsHeading>162.571899</gpsHeading>
<haccuracy>5.572000</haccuracy>
<vaccuracy>5.572000</vaccuracy>
<internetconnect>2</internetconnect>
</trkpt>
<trkpt lat="35.847695" lon="139.038022">
<ele>617.677698</ele>
<time>2026-05-05T05:23:47Z</time>
<speed>1.554579</speed>
<trueHeading>0.000000</trueHeading>
<magneticHeading>0.000000</magneticHeading>
<gpsHeading>121.336464</gpsHeading>
<haccuracy>5.432000</haccuracy>
<vaccuracy>5.432000</vaccuracy>
<internetconnect>2</internetconnect>
</trkpt>
<trkpt lat="35.847445" lon="139.038228">
<ele>618.684224</ele>
<time>2026-05-05T05:24:11Z</time>
<speed>1.568859</speed>
<trueHeading>0.000000</trueHeading>
<magneticHeading>0.000000</magneticHeading>
<gpsHeading>146.221878</gpsHeading>
<haccuracy>5.364000</haccuracy>
<vaccuracy>5.364000</vaccuracy>
<internetconnect>2</internetconnect>
</trkpt>
<trkpt lat="35.847202" lon="139.038479">
<ele>620.329124</ele>
<time>2026-05-05T05:24:34Z</time>
<speed>1.551448</speed>
<trueHeading>0.000000</trueHeading>
<magneticHeading>0.000000</magneticHeading>
<gpsHeading>140.039612</gpsHeading>
<haccuracy>5.836000</haccuracy>
<vaccuracy>5.836000</vaccuracy>
<internetconnect>2</internetconnect>
</trkpt>
<trkpt lat="35.846996" lon="139.038763">
<ele>622.149284</ele>
<time>2026-05-05T05:24:58Z</time>
<speed>1.575024</speed>
<trueHeading>0.000000</trueHeading>
<magneticHeading>0.000000</magneticHeading>
<gpsHeading>131.867767</gpsHeading>
<haccuracy>5.163000</haccuracy>
<vaccuracy>5.163000</vaccuracy>
<internetconnect>2</internetconnect>
</trkpt>
<trkpt lat="35.846681" lon="139.038559">
<ele>623.656427</ele>
<time>2026-05-05T05:25:22Z</time>
<speed>1.550843</speed>
<trueHeading>0.000000</trueHeading>
<magneticHeading>0.000000</magneticHeading>
<gpsHeading>207.661865</gpsHeading>
<haccuracy>5.566000</haccuracy>
<vaccuracy>5.566000</vaccuracy>
<internetconnect>2</internetconnect>
</trkpt>
<trkpt lat="35.846347" lon="139.038615">
<ele>624.998386</ele>
<time>2026-05-05T05:25:45Z</time>
<speed>1.592131</speed>
<trueHeading>0.000000</trueHeading>
<magneticHeading>0.000000</magneticHeading>
<gpsHeading>172.401413</gpsHeading>
<haccuracy>6.017000</haccuracy>
<vaccuracy>6.017000</vaccuracy>
<internetconnect>2</internetconnect>
</trkpt>
<trkpt lat="35.846052" lon="139.038637">
<ele>625.930938</ele>
<time>2026-05-05T05:26:08Z</time>
<speed>1.538335</speed>
<trueHeading>0.000000</trueHeading>
<magneticHeading>0.000000</magneticHeading>
<gpsHeading>176.413940</gpsHeading>
<haccuracy>5.179000</haccuracy>
<vaccuracy>5.179000</vaccuracy>
<internetconnect>2</internetconnect>
</trkpt>
<trkpt lat="35.845814" lon="139.038886">
<ele>627.121984</ele>
<time>2026-05-05T05:26:31Z</time>
<speed>1.551292</speed>
<trueHeading>0.000000</trueHeading>
<magneticHeading>0.000000</magneticHeading>
<gpsHeading>139.722794</gpsHeading>
<haccuracy>4.951000</haccuracy>
<vaccuracy>4.951000</vaccuracy>
<internetconnect>2</internetconnect>
</trkpt>
<trkpt lat="35.845538" lon="139.039083">
<ele>628.488190</ele>
<time>2026-05-05T05:26:55Z</time>
<speed>1.585634</speed>
<trueHeading>0.000000</trueHeading>
<magneticHeading>0.000000</magneticHeading>
<gpsHeading>149.936462</gpsHeading>
<haccuracy>5.532000</haccuracy>
<vaccuracy>5.532000</vaccuracy>
<internetconnect>2</internetconnect>
</trkpt>
<trkpt lat="35.845228" lon="139.039198">
<ele>629.719432</ele>
<time>2026-05-05T05:27:18Z</time>
<speed>1.563265</speed>
<trueHeading>0.000000</trueHeading>
<magneticHeading>0.000000</magneticHeading>
<gpsHeading>163.289078</gpsHeading>
<haccuracy>5.848000</haccuracy>
<vaccuracy>5.848000</vaccuracy>
<internetconnect>2</internetconnect>
</trkpt>
<trkpt lat="35.844922" lon="139.039195">
<ele>630.965369</ele>
<time>2026-05-05T05:27:41Z</time>
<speed>1.636011</speed>
<trueHeading>0.000000</trueHeading>
<magneticHeading>0.000000</magneticHeading>
<gpsHeading>180.516205</gpsHeading>
<haccuracy>5.667000</haccuracy>
<vaccuracy>5.667000</vaccuracy>
<internetconnect>2</internetconnect>
</trkpt>
<trkpt lat="35.844678" lon="139.038944">
<ele>631.443310</ele>
<time>2026-05-05T05:28:04Z</time>
<speed>1.647170</speed>
<trueHeading>0.000000</trueHeading>
<magneticHeading>0.000000</magneticHeading>
<gpsHeading>219.836609</gpsHeading>
<haccuracy>5.355000</haccuracy>
<vaccuracy>5.355000</vaccuracy>
<internetconnect>2</internetconnect>
</trkpt>
<trkpt lat="35.844348" lon="139.038739">
<ele>631.594949</ele>
<time>2026-05-05T05:28:28Z</time>
<speed>1.602753</speed>
<trueHeading>0.000000</trueHeading>
<magneticHeading>0.000000</magneticHeading>
<gpsHeading>206.708252</gpsHeading>
<haccuracy>5.534000</haccuracy>
<vaccuracy>5.534000</vaccuracy>
<internetconnect>2</internetconnect>
</trkpt>
<trkpt lat="35.844023" lon="139.038544">
<ele>631.223497</ele>
<time>2026-05-05T05:28:51Z</time>
<speed>1.663356</speed>
<trueHeading>0.000000</trueHeading>
<magneticHeading>0.000000</magneticHeading>
<gpsHeading>205.936783</gpsHeading>
<haccuracy>5.414000</haccuracy>
<vaccuracy>5.414000</vaccuracy>
<internetconnect>2</internetconnect>
</trkpt>
<trkpt lat="35.843800" lon="139.038236">
<ele>630.887284</ele>
<time>2026-05-05T05:29:15Z</time>
<speed>1.676507</speed>
<trueHeading>0.000000</trueHeading>
<magneticHeading>0.000000</magneticHeading>
<gpsHeading>228.218826</gpsHeading>
<haccuracy>6.049000</haccuracy>
<vaccuracy>6.049000</vaccuracy>
<internetconnect>2</internetconnect>
</trkpt>
<trkpt lat="35.843531" lon="139.038541">
<ele>630.894868</ele>
<time>2026-05-05T05:29:39Z</time>
<speed>1.705735</speed>
<trueHeading>0.000000</trueHeading>
<magneticHeading>0.000000</magneticHeading>
<gpsHeading>137.403214</gpsHeading>
<haccuracy>5.614000</haccuracy>
<vaccuracy>5.614000</vaccuracy>
<internetconnect>2</internetconnect>
</trkpt>
<trkpt lat="35.843227" lon="139.038564">
<ele>630.548867</ele>
<time>2026-05-05T05:30:02Z</time>
<speed>1.692013</speed>
<trueHeading>0.000000</trueHeading>
<magneticHeading>0.000000</magneticHeading>
<gpsHeading>176.516327</gpsHeading>
<haccuracy>5.495000</haccuracy>
<vaccuracy>5.495000</vaccuracy>
<internetconnect>2</internetconnect>
</trkpt>
<trkpt lat="35.842953" lon="139.038294">
<ele>630.020212</ele>
<time>2026-05-05T05:30:25Z</time>
<speed>1.698139</speed>
<trueHeading>0.000000</trueHeading>
<magneticHeading>0.000000</magneticHeading>
<gpsHeading>218.535522</gpsHeading>
<haccuracy>5.770000</haccuracy>
<vaccuracy>5.770000</vaccuracy>
<internetconnect>2</internetconnect>
</trkpt>
<trkpt lat="35.842632" lon="139.038159">
<ele>629.285555</ele>
<time>2026-05-05T05:30:49Z</time>
<speed>1.652257</speed>
<trueHeading>0.000000</trueHeading>
<magneticHeading>0.000000</magneticHeading>
<gpsHeading>198.838120</gpsHeading>
<haccuracy>5.386000</haccuracy>
<vaccuracy>5.386000</vaccuracy>
<internetconnect>2</internetconnect>
</trkpt>
<trkpt lat="35.842346" lon="139.038421">
<ele>628.646889</ele>
<time>2026-05-05T05:31:13Z</time>
<speed>1.687500</speed>
<trueHeading>0.000000</trueHeading>
<magneticHeading>0.000000</magneticHeading>
<gpsHeading>143.403122</gpsHeading>
<haccuracy>5.908000</haccuracy>
<vaccuracy>5.908000</vaccuracy>
<internetconnect>2</internetconnect>
</trkpt>
<trkpt lat="35.842111" lon="139.038755">
<ele>627.703563</ele>
<time>2026-05-05T05:31:37Z</time>
<speed>1.523808</speed>
<trueHeading>0.000000</trueHeading>
<magneticHeading>0.000000</magneticHeading>
<gpsHeading>130.870667</gpsHeading>
<haccuracy>3.136000</haccuracy>
<vaccuracy>3.136000</vaccuracy>
<internetconnect>2</internetconnect>
</trkpt>
<trkpt lat="35.841954" lon="139.039093">
<ele>626.800608</ele>
<time>2026-05-05T05:32:01Z</time>
<speed>1.501163</speed>
<trueHeading>0.000000</trueHeading>
<magneticHeading>0.000000</magneticHeading>
<gpsHeading>119.744904</gpsHeading>
<haccuracy>3.035000</haccuracy>
<vaccuracy>3.035000</vaccuracy>
<internetconnect>2</internetconnect>
</trkpt>
<trkpt lat="35.841637" lon="139.039371">
<ele>626.199976</ele>
<time>2026-05-05T05:32:25Z</time>
<speed>1.611828</speed>
<trueHeading>0.000000</trueHeading>
<magneticHeading>0.000000</magneticHeading>
<gpsHeading>144.656509</gpsHeading>
<haccuracy>3.064000</haccuracy>
<vaccuracy>3.064000</vaccuracy>
<internetconnect>2</internetconnect>
</trkpt>
<trkpt lat="35.841378" lon="139.039645">
<ele>625.966638</ele>
<time>2026-05-05T05:32:49Z</time>
<speed>1.483586</speed>
<trueHeading>0.000000</trueHeading>
<magneticHeading>0.000000</magneticHeading>
<gpsHeading>139.393143</gpsHeading>
<haccuracy>5.381000</haccuracy>
<vaccuracy>5.381000</vaccuracy>
<internetconnect>2</internetconnect>
</trkpt>
<trkpt lat="35.841222" lon="139.040031">
<ele>625.733301</ele>
<time>2026-05-05T05:33:13Z</time>
<speed>1.594125</speed>
<trueHeading>0.000000</trueHeading>
<magneticHeading>0.000000</magneticHeading>
<gpsHeading>116.600655</gpsHeading>
<haccuracy>7.881000</haccuracy>
<vaccuracy>7.881000</vaccuracy>
<internetconnect>2</internetconnect>
</trkpt>
<trkpt lat="35.841157" lon="139.040462">
<ele>625.499963</ele>
<time>2026-05-05T05:33:37Z</time>
<speed>1.376016</speed>
<trueHeading>0.000000</trueHeading>
<magneticHeading>0.000000</magneticHeading>
<gpsHeading>100.430199</gpsHeading>
<haccuracy>3.285000</haccuracy>
<vaccuracy>3.285000</vaccuracy>
<internetconnect>2</internetconnect>
</trkpt>
<trkpt lat="35.841130" lon="139.040868">
<ele>625.540306</ele>
<time>2026-05-05T05:34:00Z</time>
<speed>1.435699</speed>
<trueHeading>0.000000</trueHeading>
<magneticHeading>0.000000</magneticHeading>
<gpsHeading>94.757843</gpsHeading>
<haccuracy>3.040000</haccuracy>
<vaccuracy>3.040000</vaccuracy>
<internetconnect>2</internetconnect>
</trkpt>
<trkpt lat="35.841126" lon="139.040864">
<ele>625.693745</ele>
<time>2026-05-05T05:35:01Z</time>
<speed>0.069365</speed>
<trueHeading>0.000000</trueHeading>
<magneticHeading>0.000000</magneticHeading>
<gpsHeading>216.970261</gpsHeading>
<haccuracy>9.935000</haccuracy>
<vaccuracy>9.935000</vaccuracy>
<internetconnect>2</internetconnect>
</trkpt>
<trkpt lat="35.841156" lon="139.041046">
<ele>625.568121</ele>
<time>2026-05-05T05:35:28Z</time>
<speed>1.359380</speed>
<trueHeading>0.000000</trueHeading>
<magneticHeading>0.000000</magneticHeading>
<gpsHeading>78.238693</gpsHeading>
<haccuracy>3.790000</haccuracy>
<vaccuracy>3.790000</vaccuracy>
<internetconnect>2</internetconnect>
</trkpt>
<trkpt lat="35.841118" lon="139.041406">
<ele>625.535883</ele>
<time>2026-05-05T05:35:51Z</time>
<speed>1.310148</speed>
<trueHeading>0.000000</trueHeading>
<magneticHeading>0.000000</magneticHeading>
<gpsHeading>97.489899</gpsHeading>
<haccuracy>3.058000</haccuracy>
<vaccuracy>3.058000</vaccuracy>
<internetconnect>2</internetconnect>
</trkpt>
<trkpt lat="35.841150" lon="139.041047">
<ele>624.549110</ele>
<time>2026-05-05T05:36:15Z</time>
<speed>1.347012</speed>
<trueHeading>0.000000</trueHeading>
<magneticHeading>0.000000</magneticHeading>
<gpsHeading>276.297821</gpsHeading>
<haccuracy>3.042000</haccuracy>
<vaccuracy>3.042000</vaccuracy>
<internetconnect>2</internetconnect>
</trkpt>
<trkpt lat="35.841146" lon="139.041229">
<ele>623.841400</ele>
<time>2026-05-05T05:36:49Z</time>
<speed>1.114663</speed>
<trueHeading>0.000000</trueHeading>
<magneticHeading>0.000000</magneticHeading>
<gpsHeading>91.433441</gpsHeading>
<haccuracy>5.638000</haccuracy>
<vaccuracy>5.638000</vaccuracy>
<internetconnect>2</internetconnect>
</trkpt>
<trkpt lat="35.841073" lon="139.041586">
<ele>622.999963</ele>
<time>2026-05-05T05:37:13Z</time>
<speed>1.316530</speed>
<trueHeading>0.000000</trueHeading>
<magneticHeading>0.000000</magneticHeading>
<gpsHeading>104.243752</gpsHeading>
<haccuracy>5.462000</haccuracy>
<vaccuracy>5.462000</vaccuracy>
<internetconnect>2</internetconnect>
</trkpt>
<trkpt lat="35.841135" lon="139.041908">
<ele>623.533309</ele>
<time>2026-05-05T05:37:36Z</time>
<speed>1.386590</speed>
<trueHeading>0.000000</trueHeading>
<magneticHeading>0.000000</magneticHeading>
<gpsHeading>76.725655</gpsHeading>
<haccuracy>3.047000</haccuracy>
<vaccuracy>3.047000</vaccuracy>
<internetconnect>2</internetconnect>
</trkpt>
<trkpt lat="35.841331" lon="139.042195">
<ele>624.146651</ele>
<time>2026-05-05T05:38:00Z</time>
<speed>1.341412</speed>
<trueHeading>0.000000</trueHeading>
<magneticHeading>0.000000</magneticHeading>
<gpsHeading>49.932053</gpsHeading>
<haccuracy>4.965000</haccuracy>
<vaccuracy>4.965000</vaccuracy>
<internetconnect>2</internetconnect>
</trkpt>
<trkpt lat="35.841447" lon="139.042473">
<ele>624.679997</ele>
<time>2026-05-05T05:38:23Z</time>
<speed>1.377794</speed>
<trueHeading>0.000000</trueHeading>
<magneticHeading>0.000000</magneticHeading>
<gpsHeading>62.609337</gpsHeading>
<haccuracy>4.618000</haccuracy>
<vaccuracy>4.618000</vaccuracy>
<internetconnect>2</internetconnect>
</trkpt>
<trkpt lat="35.841288" lon="139.042820">
<ele>624.679997</ele>
<time>2026-05-05T05:38:46Z</time>
<speed>1.404312</speed>
<trueHeading>0.000000</trueHeading>
<magneticHeading>0.000000</magneticHeading>
<gpsHeading>119.486855</gpsHeading>
<haccuracy>5.335000</haccuracy>
<vaccuracy>5.335000</vaccuracy>
<internetconnect>2</internetconnect>
</trkpt>
<trkpt lat="35.841291" lon="139.043203">
<ele>624.600000</ele>
<time>2026-05-05T05:39:10Z</time>
<speed>1.549410</speed>
<trueHeading>0.000000</trueHeading>
<magneticHeading>0.000000</magneticHeading>
<gpsHeading>89.427940</gpsHeading>
<haccuracy>3.058000</haccuracy>
<vaccuracy>3.058000</vaccuracy>
<internetconnect>2</internetconnect>
</trkpt>
<trkpt lat="35.841238" lon="139.043564">
<ele>624.600000</ele>
<time>2026-05-05T05:39:33Z</time>
<speed>1.350205</speed>
<trueHeading>0.000000</trueHeading>
<magneticHeading>0.000000</magneticHeading>
<gpsHeading>100.363060</gpsHeading>
<haccuracy>3.069000</haccuracy>
<vaccuracy>3.069000</vaccuracy>
<internetconnect>2</internetconnect>
</trkpt>
<trkpt lat="35.841417" lon="139.043832">
<ele>624.355101</ele>
<time>2026-05-05T05:39:57Z</time>
<speed>1.477254</speed>
<trueHeading>0.000000</trueHeading>
<magneticHeading>0.000000</magneticHeading>
<gpsHeading>50.493019</gpsHeading>
<haccuracy>5.268000</haccuracy>
<vaccuracy>5.268000</vaccuracy>
<internetconnect>2</internetconnect>
</trkpt>
<trkpt lat="35.841607" lon="139.044128">
<ele>623.742026</ele>
<time>2026-05-05T05:40:21Z</time>
<speed>1.443421</speed>
<trueHeading>0.000000</trueHeading>
<magneticHeading>0.000000</magneticHeading>
<gpsHeading>51.543896</gpsHeading>
<haccuracy>5.552000</haccuracy>
<vaccuracy>5.552000</vaccuracy>
<internetconnect>2</internetconnect>
</trkpt>
<trkpt lat="35.841751" lon="139.044436">
<ele>622.871223</ele>
<time>2026-05-05T05:40:45Z</time>
<speed>1.521996</speed>
<trueHeading>0.000000</trueHeading>
<magneticHeading>0.000000</magneticHeading>
<gpsHeading>60.123722</gpsHeading>
<haccuracy>3.051000</haccuracy>
<vaccuracy>3.051000</vaccuracy>
<internetconnect>2</internetconnect>
</trkpt>
<trkpt lat="35.841737" lon="139.044816">
<ele>621.959819</ele>
<time>2026-05-05T05:41:08Z</time>
<speed>1.255482</speed>
<trueHeading>0.000000</trueHeading>
<magneticHeading>0.000000</magneticHeading>
<gpsHeading>92.542511</gpsHeading>
<haccuracy>3.199000</haccuracy>
<vaccuracy>3.199000</vaccuracy>
<internetconnect>2</internetconnect>
</trkpt>
<trkpt lat="35.841734" lon="139.045242">
<ele>621.040680</ele>
<time>2026-05-05T05:41:31Z</time>
<speed>1.408680</speed>
<trueHeading>0.000000</trueHeading>
<magneticHeading>0.000000</magneticHeading>
<gpsHeading>90.547501</gpsHeading>
<haccuracy>4.609000</haccuracy>
<vaccuracy>4.609000</vaccuracy>
<internetconnect>2</internetconnect>
</trkpt>
<trkpt lat="35.841689" lon="139.045634">
<ele>619.715604</ele>
<time>2026-05-05T05:41:55Z</time>
<speed>1.206101</speed>
<trueHeading>0.000000</trueHeading>
<magneticHeading>0.000000</magneticHeading>
<gpsHeading>97.987442</gpsHeading>
<haccuracy>5.304000</haccuracy>
<vaccuracy>5.304000</vaccuracy>
<internetconnect>2</internetconnect>
</trkpt>
<trkpt lat="35.841547" lon="139.045801">
<ele>618.371851</ele>
<time>2026-05-05T05:42:18Z</time>
<speed>1.561317</speed>
<trueHeading>0.000000</trueHeading>
<magneticHeading>0.000000</magneticHeading>
<gpsHeading>136.490997</gpsHeading>
<haccuracy>4.778000</haccuracy>
<vaccuracy>4.778000</vaccuracy>
<internetconnect>2</internetconnect>
</trkpt>
<trkpt lat="35.841649" lon="139.045622">
<ele>617.088810</ele>
<time>2026-05-05T05:42:41Z</time>
<speed>0.135523</speed>
<trueHeading>0.000000</trueHeading>
<magneticHeading>0.000000</magneticHeading>
<gpsHeading>305.323700</gpsHeading>
<haccuracy>3.619000</haccuracy>
<vaccuracy>3.619000</vaccuracy>
<internetconnect>2</internetconnect>
</trkpt>
<trkpt lat="35.841653" lon="139.045509">
<ele>616.682645</ele>
<time>2026-05-05T05:43:43Z</time>
<speed>0.106311</speed>
<trueHeading>0.000000</trueHeading>
<magneticHeading>0.000000</magneticHeading>
<gpsHeading>272.116333</gpsHeading>
<haccuracy>4.982000</haccuracy>
<vaccuracy>4.982000</vaccuracy>
<internetconnect>2</internetconnect>
</trkpt>
<trkpt lat="35.841650" lon="139.045630">
<ele>616.474053</ele>
<time>2026-05-05T05:44:26Z</time>
<speed>0.018694</speed>
<trueHeading>-999.000000</trueHeading>
<magneticHeading>-999.000000</magneticHeading>
<gpsHeading>91.632423</gpsHeading>
<haccuracy>3.000000</haccuracy>
<vaccuracy>3.000000</vaccuracy>
<internetconnect>2</internetconnect>
</trkpt>
</trkseg></trk>
</gpx>
