<?xml version="1.0" encoding="UTF-8"?>
<gpx xmlns:xsi="http://www.w3.org/2001/XMLSchema-instance" xmlns="http://www.topografix.com/GPX/1/0" xsi:schemaLocation="http://www.topografix.com/GPX/1/1 http://www.topografix.com/GPX/1/1/gpx.xsd" creator="Geographica - http://geographica.biz/" appVersion="Ver 2.1.55:4400" device="google sunfish" android="13" carrier="povo">
<trk>
<name>20260719</name>
<trkseg>
<trkpt lat="35.809069" lon="139.096641">
<ele>342.000000</ele>
<time>2026-07-18T22:39:40Z</time>
<speed>0.370000</speed>
<trueHeading>0.000000</trueHeading>
<magneticHeading>0.000000</magneticHeading>
<gpsHeading>0.000000</gpsHeading>
<haccuracy>3.790092</haccuracy>
<vaccuracy>3.790092</vaccuracy>
<internetconnect>2</internetconnect>
</trkpt>
<trkpt lat="35.809081" lon="139.096596">
<ele>341.666667</ele>
<time>2026-07-18T22:39:41Z</time>
<speed>0.069211</speed>
<trueHeading>0.000000</trueHeading>
<magneticHeading>0.000000</magneticHeading>
<gpsHeading>0.000000</gpsHeading>
<haccuracy>5.748000</haccuracy>
<vaccuracy>5.748000</vaccuracy>
<internetconnect>2</internetconnect>
</trkpt>
<trkpt lat="35.808827" lon="139.096451">
<ele>341.666667</ele>
<time>2026-07-18T22:40:51Z</time>
<speed>1.479138</speed>
<trueHeading>0.000000</trueHeading>
<magneticHeading>0.000000</magneticHeading>
<gpsHeading>204.997055</gpsHeading>
<haccuracy>7.699000</haccuracy>
<vaccuracy>7.699000</vaccuracy>
<internetconnect>2</internetconnect>
</trkpt>
<trkpt lat="35.808283" lon="139.096794">
<ele>330.666667</ele>
<time>2026-07-18T22:41:38Z</time>
<speed>1.391125</speed>
<trueHeading>0.000000</trueHeading>
<magneticHeading>0.000000</magneticHeading>
<gpsHeading>152.881516</gpsHeading>
<haccuracy>3.763000</haccuracy>
<vaccuracy>3.763000</vaccuracy>
<internetconnect>2</internetconnect>
</trkpt>
<trkpt lat="35.807910" lon="139.096391">
<ele>328.000000</ele>
<time>2026-07-18T22:42:24Z</time>
<speed>1.320375</speed>
<trueHeading>0.000000</trueHeading>
<magneticHeading>0.000000</magneticHeading>
<gpsHeading>221.165344</gpsHeading>
<haccuracy>3.000000</haccuracy>
<vaccuracy>3.000000</vaccuracy>
<internetconnect>2</internetconnect>
</trkpt>
<trkpt lat="35.807515" lon="139.095800">
<ele>327.333333</ele>
<time>2026-07-18T22:43:11Z</time>
<speed>1.033081</speed>
<trueHeading>0.000000</trueHeading>
<magneticHeading>0.000000</magneticHeading>
<gpsHeading>230.542603</gpsHeading>
<haccuracy>3.655000</haccuracy>
<vaccuracy>3.655000</vaccuracy>
<internetconnect>2</internetconnect>
</trkpt>
<trkpt lat="35.806993" lon="139.095451">
<ele>341.666667</ele>
<time>2026-07-18T22:43:58Z</time>
<speed>1.447214</speed>
<trueHeading>0.000000</trueHeading>
<magneticHeading>0.000000</magneticHeading>
<gpsHeading>208.506195</gpsHeading>
<haccuracy>4.448000</haccuracy>
<vaccuracy>4.448000</vaccuracy>
<internetconnect>2</internetconnect>
</trkpt>
<trkpt lat="35.807145" lon="139.094910">
<ele>349.666667</ele>
<time>2026-07-18T22:44:45Z</time>
<speed>1.155713</speed>
<trueHeading>0.000000</trueHeading>
<magneticHeading>0.000000</magneticHeading>
<gpsHeading>289.123138</gpsHeading>
<haccuracy>3.003000</haccuracy>
<vaccuracy>3.003000</vaccuracy>
<internetconnect>2</internetconnect>
</trkpt>
<trkpt lat="35.807436" lon="139.094639">
<ele>360.000000</ele>
<time>2026-07-18T22:45:34Z</time>
<speed>1.087467</speed>
<trueHeading>0.000000</trueHeading>
<magneticHeading>0.000000</magneticHeading>
<gpsHeading>322.917694</gpsHeading>
<haccuracy>3.561000</haccuracy>
<vaccuracy>3.561000</vaccuracy>
<internetconnect>2</internetconnect>
</trkpt>
<trkpt lat="35.807978" lon="139.094450">
<ele>369.000000</ele>
<time>2026-07-18T22:46:20Z</time>
<speed>1.351384</speed>
<trueHeading>0.000000</trueHeading>
<magneticHeading>0.000000</magneticHeading>
<gpsHeading>344.192230</gpsHeading>
<haccuracy>3.455000</haccuracy>
<vaccuracy>3.455000</vaccuracy>
<internetconnect>2</internetconnect>
</trkpt>
<trkpt lat="35.807383" lon="139.094002">
<ele>378.666667</ele>
<time>2026-07-18T22:47:08Z</time>
<speed>1.514978</speed>
<trueHeading>0.000000</trueHeading>
<magneticHeading>0.000000</magneticHeading>
<gpsHeading>211.412201</gpsHeading>
<haccuracy>5.051000</haccuracy>
<vaccuracy>5.051000</vaccuracy>
<internetconnect>2</internetconnect>
</trkpt>
<trkpt lat="35.807066" lon="139.093472">
<ele>384.666667</ele>
<time>2026-07-18T22:47:55Z</time>
<speed>1.430859</speed>
<trueHeading>0.000000</trueHeading>
<magneticHeading>0.000000</magneticHeading>
<gpsHeading>233.564911</gpsHeading>
<haccuracy>3.000000</haccuracy>
<vaccuracy>3.000000</vaccuracy>
<internetconnect>2</internetconnect>
</trkpt>
<trkpt lat="35.806844" lon="139.092720">
<ele>392.333333</ele>
<time>2026-07-18T22:48:46Z</time>
<speed>1.516842</speed>
<trueHeading>0.000000</trueHeading>
<magneticHeading>0.000000</magneticHeading>
<gpsHeading>250.046097</gpsHeading>
<haccuracy>4.004000</haccuracy>
<vaccuracy>4.004000</vaccuracy>
<internetconnect>2</internetconnect>
</trkpt>
<trkpt lat="35.806407" lon="139.092240">
<ele>403.666667</ele>
<time>2026-07-18T22:49:33Z</time>
<speed>1.195747</speed>
<trueHeading>0.000000</trueHeading>
<magneticHeading>0.000000</magneticHeading>
<gpsHeading>221.689194</gpsHeading>
<haccuracy>4.184000</haccuracy>
<vaccuracy>4.184000</vaccuracy>
<internetconnect>2</internetconnect>
</trkpt>
<trkpt lat="35.806045" lon="139.091881">
<ele>411.333333</ele>
<time>2026-07-18T22:50:20Z</time>
<speed>1.474233</speed>
<trueHeading>0.000000</trueHeading>
<magneticHeading>0.000000</magneticHeading>
<gpsHeading>218.816910</gpsHeading>
<haccuracy>4.313000</haccuracy>
<vaccuracy>4.313000</vaccuracy>
<internetconnect>2</internetconnect>
</trkpt>
<trkpt lat="35.805887" lon="139.092376">
<ele>420.333333</ele>
<time>2026-07-18T22:51:07Z</time>
<speed>1.493509</speed>
<trueHeading>0.000000</trueHeading>
<magneticHeading>0.000000</magneticHeading>
<gpsHeading>111.455330</gpsHeading>
<haccuracy>5.278000</haccuracy>
<vaccuracy>5.278000</vaccuracy>
<internetconnect>2</internetconnect>
</trkpt>
<trkpt lat="35.805826" lon="139.091641">
<ele>427.333333</ele>
<time>2026-07-18T22:51:55Z</time>
<speed>1.196294</speed>
<trueHeading>0.000000</trueHeading>
<magneticHeading>0.000000</magneticHeading>
<gpsHeading>264.097626</gpsHeading>
<haccuracy>4.706000</haccuracy>
<vaccuracy>4.706000</vaccuracy>
<internetconnect>2</internetconnect>
</trkpt>
<trkpt lat="35.805658" lon="139.091224">
<ele>444.333333</ele>
<time>2026-07-18T22:52:43Z</time>
<speed>1.131035</speed>
<trueHeading>0.000000</trueHeading>
<magneticHeading>0.000000</magneticHeading>
<gpsHeading>243.662308</gpsHeading>
<haccuracy>6.549000</haccuracy>
<vaccuracy>6.549000</vaccuracy>
<internetconnect>2</internetconnect>
</trkpt>
<trkpt lat="35.805687" lon="139.090849">
<ele>461.666667</ele>
<time>2026-07-18T22:53:42Z</time>
<speed>1.011537</speed>
<trueHeading>0.000000</trueHeading>
<magneticHeading>0.000000</magneticHeading>
<gpsHeading>275.355011</gpsHeading>
<haccuracy>5.232000</haccuracy>
<vaccuracy>5.232000</vaccuracy>
<internetconnect>2</internetconnect>
</trkpt>
<trkpt lat="35.805588" lon="139.090478">
<ele>475.333333</ele>
<time>2026-07-18T22:54:30Z</time>
<speed>0.961281</speed>
<trueHeading>0.000000</trueHeading>
<magneticHeading>0.000000</magneticHeading>
<gpsHeading>251.779175</gpsHeading>
<haccuracy>5.475000</haccuracy>
<vaccuracy>5.475000</vaccuracy>
<internetconnect>2</internetconnect>
</trkpt>
<trkpt lat="35.805750" lon="139.090164">
<ele>483.000000</ele>
<time>2026-07-18T22:55:18Z</time>
<speed>1.461631</speed>
<trueHeading>0.000000</trueHeading>
<magneticHeading>0.000000</magneticHeading>
<gpsHeading>302.575134</gpsHeading>
<haccuracy>5.391000</haccuracy>
<vaccuracy>5.391000</vaccuracy>
<internetconnect>2</internetconnect>
</trkpt>
<trkpt lat="35.805890" lon="139.089767">
<ele>486.333333</ele>
<time>2026-07-18T22:56:07Z</time>
<speed>0.766898</speed>
<trueHeading>0.000000</trueHeading>
<magneticHeading>0.000000</magneticHeading>
<gpsHeading>293.449585</gpsHeading>
<haccuracy>5.745000</haccuracy>
<vaccuracy>5.745000</vaccuracy>
<internetconnect>2</internetconnect>
</trkpt>
<trkpt lat="35.806269" lon="139.089489">
<ele>491.000000</ele>
<time>2026-07-18T22:56:55Z</time>
<speed>0.732427</speed>
<trueHeading>0.000000</trueHeading>
<magneticHeading>0.000000</magneticHeading>
<gpsHeading>329.308685</gpsHeading>
<haccuracy>6.994000</haccuracy>
<vaccuracy>6.994000</vaccuracy>
<internetconnect>2</internetconnect>
</trkpt>
<trkpt lat="35.806634" lon="139.089136">
<ele>497.666667</ele>
<time>2026-07-18T22:57:43Z</time>
<speed>1.278624</speed>
<trueHeading>0.000000</trueHeading>
<magneticHeading>0.000000</magneticHeading>
<gpsHeading>321.830109</gpsHeading>
<haccuracy>4.855000</haccuracy>
<vaccuracy>4.855000</vaccuracy>
<internetconnect>2</internetconnect>
</trkpt>
<trkpt lat="35.806919" lon="139.088758">
<ele>509.666667</ele>
<time>2026-07-18T22:58:32Z</time>
<speed>0.979046</speed>
<trueHeading>0.000000</trueHeading>
<magneticHeading>0.000000</magneticHeading>
<gpsHeading>312.970978</gpsHeading>
<haccuracy>5.062000</haccuracy>
<vaccuracy>5.062000</vaccuracy>
<internetconnect>2</internetconnect>
</trkpt>
<trkpt lat="35.807077" lon="139.088179">
<ele>525.666667</ele>
<time>2026-07-18T22:59:19Z</time>
<speed>1.018433</speed>
<trueHeading>0.000000</trueHeading>
<magneticHeading>0.000000</magneticHeading>
<gpsHeading>288.579224</gpsHeading>
<haccuracy>5.051000</haccuracy>
<vaccuracy>5.051000</vaccuracy>
<internetconnect>2</internetconnect>
</trkpt>
<trkpt lat="35.807268" lon="139.087772">
<ele>539.666667</ele>
<time>2026-07-18T23:00:07Z</time>
<speed>1.129628</speed>
<trueHeading>0.000000</trueHeading>
<magneticHeading>0.000000</magneticHeading>
<gpsHeading>300.112030</gpsHeading>
<haccuracy>3.792000</haccuracy>
<vaccuracy>3.792000</vaccuracy>
<internetconnect>2</internetconnect>
</trkpt>
<trkpt lat="35.807688" lon="139.088072">
<ele>549.000000</ele>
<time>2026-07-18T23:00:54Z</time>
<speed>1.559562</speed>
<trueHeading>0.000000</trueHeading>
<magneticHeading>0.000000</magneticHeading>
<gpsHeading>30.086267</gpsHeading>
<haccuracy>8.076000</haccuracy>
<vaccuracy>8.076000</vaccuracy>
<internetconnect>2</internetconnect>
</trkpt>
<trkpt lat="35.807810" lon="139.088827">
<ele>554.333333</ele>
<time>2026-07-18T23:01:41Z</time>
<speed>1.548061</speed>
<trueHeading>0.000000</trueHeading>
<magneticHeading>0.000000</magneticHeading>
<gpsHeading>78.670044</gpsHeading>
<haccuracy>5.916000</haccuracy>
<vaccuracy>5.916000</vaccuracy>
<internetconnect>2</internetconnect>
</trkpt>
<trkpt lat="35.807871" lon="139.089565">
<ele>559.666667</ele>
<time>2026-07-18T23:02:28Z</time>
<speed>1.380357</speed>
<trueHeading>0.000000</trueHeading>
<magneticHeading>0.000000</magneticHeading>
<gpsHeading>84.242760</gpsHeading>
<haccuracy>5.413000</haccuracy>
<vaccuracy>5.413000</vaccuracy>
<internetconnect>2</internetconnect>
</trkpt>
<trkpt lat="35.808029" lon="139.089182">
<ele>565.000000</ele>
<time>2026-07-18T23:03:25Z</time>
<speed>1.575729</speed>
<trueHeading>0.000000</trueHeading>
<magneticHeading>0.000000</magneticHeading>
<gpsHeading>297.049500</gpsHeading>
<haccuracy>5.559000</haccuracy>
<vaccuracy>5.559000</vaccuracy>
<internetconnect>2</internetconnect>
</trkpt>
<trkpt lat="35.808054" lon="139.088496">
<ele>569.333333</ele>
<time>2026-07-18T23:04:12Z</time>
<speed>1.544435</speed>
<trueHeading>0.000000</trueHeading>
<magneticHeading>0.000000</magneticHeading>
<gpsHeading>272.551666</gpsHeading>
<haccuracy>5.057000</haccuracy>
<vaccuracy>5.057000</vaccuracy>
<internetconnect>2</internetconnect>
</trkpt>
<trkpt lat="35.808071" lon="139.087896">
<ele>577.666667</ele>
<time>2026-07-18T23:04:59Z</time>
<speed>1.516212</speed>
<trueHeading>0.000000</trueHeading>
<magneticHeading>0.000000</magneticHeading>
<gpsHeading>271.954224</gpsHeading>
<haccuracy>4.318000</haccuracy>
<vaccuracy>4.318000</vaccuracy>
<internetconnect>2</internetconnect>
</trkpt>
<trkpt lat="35.808276" lon="139.087269">
<ele>591.333333</ele>
<time>2026-07-18T23:05:47Z</time>
<speed>1.366109</speed>
<trueHeading>0.000000</trueHeading>
<magneticHeading>0.000000</magneticHeading>
<gpsHeading>291.993011</gpsHeading>
<haccuracy>5.969000</haccuracy>
<vaccuracy>5.969000</vaccuracy>
<internetconnect>2</internetconnect>
</trkpt>
<trkpt lat="35.807915" lon="139.086795">
<ele>599.666667</ele>
<time>2026-07-18T23:06:34Z</time>
<speed>0.279648</speed>
<trueHeading>0.000000</trueHeading>
<magneticHeading>0.000000</magneticHeading>
<gpsHeading>226.752838</gpsHeading>
<haccuracy>4.214000</haccuracy>
<vaccuracy>4.214000</vaccuracy>
<internetconnect>2</internetconnect>
</trkpt>
<trkpt lat="35.807578" lon="139.086482">
<ele>610.666667</ele>
<time>2026-07-18T23:07:20Z</time>
<speed>1.071914</speed>
<trueHeading>0.000000</trueHeading>
<magneticHeading>0.000000</magneticHeading>
<gpsHeading>217.081192</gpsHeading>
<haccuracy>5.805000</haccuracy>
<vaccuracy>5.805000</vaccuracy>
<internetconnect>2</internetconnect>
</trkpt>
<trkpt lat="35.807959" lon="139.085983">
<ele>614.000000</ele>
<time>2026-07-18T23:08:07Z</time>
<speed>1.196982</speed>
<trueHeading>0.000000</trueHeading>
<magneticHeading>0.000000</magneticHeading>
<gpsHeading>313.224915</gpsHeading>
<haccuracy>5.187000</haccuracy>
<vaccuracy>5.187000</vaccuracy>
<internetconnect>2</internetconnect>
</trkpt>
<trkpt lat="35.807865" lon="139.086319">
<ele>625.666667</ele>
<time>2026-07-18T23:08:56Z</time>
<speed>0.814121</speed>
<trueHeading>0.000000</trueHeading>
<magneticHeading>0.000000</magneticHeading>
<gpsHeading>109.022209</gpsHeading>
<haccuracy>4.941000</haccuracy>
<vaccuracy>4.941000</vaccuracy>
<internetconnect>2</internetconnect>
</trkpt>
<trkpt lat="35.808127" lon="139.086470">
<ele>628.000000</ele>
<time>2026-07-18T23:09:53Z</time>
<speed>1.032287</speed>
<trueHeading>0.000000</trueHeading>
<magneticHeading>0.000000</magneticHeading>
<gpsHeading>24.999241</gpsHeading>
<haccuracy>6.052000</haccuracy>
<vaccuracy>6.052000</vaccuracy>
<internetconnect>2</internetconnect>
</trkpt>
<trkpt lat="35.808064" lon="139.085853">
<ele>636.000000</ele>
<time>2026-07-18T23:10:40Z</time>
<speed>1.368243</speed>
<trueHeading>0.000000</trueHeading>
<magneticHeading>0.000000</magneticHeading>
<gpsHeading>262.792114</gpsHeading>
<haccuracy>5.694000</haccuracy>
<vaccuracy>5.694000</vaccuracy>
<internetconnect>2</internetconnect>
</trkpt>
<trkpt lat="35.808473" lon="139.086192">
<ele>642.000000</ele>
<time>2026-07-18T23:11:27Z</time>
<speed>1.390728</speed>
<trueHeading>0.000000</trueHeading>
<magneticHeading>0.000000</magneticHeading>
<gpsHeading>33.853722</gpsHeading>
<haccuracy>5.219000</haccuracy>
<vaccuracy>5.219000</vaccuracy>
<internetconnect>2</internetconnect>
</trkpt>
<trkpt lat="35.808736" lon="139.085745">
<ele>652.000000</ele>
<time>2026-07-18T23:12:13Z</time>
<speed>1.088532</speed>
<trueHeading>0.000000</trueHeading>
<magneticHeading>0.000000</magneticHeading>
<gpsHeading>305.903839</gpsHeading>
<haccuracy>5.383000</haccuracy>
<vaccuracy>5.383000</vaccuracy>
<internetconnect>2</internetconnect>
</trkpt>
<trkpt lat="35.809083" lon="139.085329">
<ele>659.333333</ele>
<time>2026-07-18T23:13:01Z</time>
<speed>1.367803</speed>
<trueHeading>0.000000</trueHeading>
<magneticHeading>0.000000</magneticHeading>
<gpsHeading>315.814941</gpsHeading>
<haccuracy>5.699000</haccuracy>
<vaccuracy>5.699000</vaccuracy>
<internetconnect>2</internetconnect>
</trkpt>
<trkpt lat="35.809308" lon="139.084967">
<ele>669.000000</ele>
<time>2026-07-18T23:13:49Z</time>
<speed>0.445727</speed>
<trueHeading>0.000000</trueHeading>
<magneticHeading>0.000000</magneticHeading>
<gpsHeading>307.479706</gpsHeading>
<haccuracy>6.044000</haccuracy>
<vaccuracy>6.044000</vaccuracy>
<internetconnect>2</internetconnect>
</trkpt>
<trkpt lat="35.809551" lon="139.084466">
<ele>684.000000</ele>
<time>2026-07-18T23:14:37Z</time>
<speed>1.405139</speed>
<trueHeading>0.000000</trueHeading>
<magneticHeading>0.000000</magneticHeading>
<gpsHeading>300.909241</gpsHeading>
<haccuracy>5.340000</haccuracy>
<vaccuracy>5.340000</vaccuracy>
<internetconnect>2</internetconnect>
</trkpt>
<trkpt lat="35.809748" lon="139.083910">
<ele>699.000000</ele>
<time>2026-07-18T23:15:26Z</time>
<speed>1.452692</speed>
<trueHeading>0.000000</trueHeading>
<magneticHeading>0.000000</magneticHeading>
<gpsHeading>293.622894</gpsHeading>
<haccuracy>4.921000</haccuracy>
<vaccuracy>4.921000</vaccuracy>
<internetconnect>2</internetconnect>
</trkpt>
<trkpt lat="35.809933" lon="139.083454">
<ele>711.000000</ele>
<time>2026-07-18T23:16:13Z</time>
<speed>0.936473</speed>
<trueHeading>0.000000</trueHeading>
<magneticHeading>0.000000</magneticHeading>
<gpsHeading>296.594543</gpsHeading>
<haccuracy>5.325000</haccuracy>
<vaccuracy>5.325000</vaccuracy>
<internetconnect>2</internetconnect>
</trkpt>
<trkpt lat="35.809629" lon="139.083056">
<ele>716.000000</ele>
<time>2026-07-18T23:17:01Z</time>
<speed>0.982306</speed>
<trueHeading>0.000000</trueHeading>
<magneticHeading>0.000000</magneticHeading>
<gpsHeading>226.731873</gpsHeading>
<haccuracy>5.601000</haccuracy>
<vaccuracy>5.601000</vaccuracy>
<internetconnect>2</internetconnect>
</trkpt>
<trkpt lat="35.809383" lon="139.082612">
<ele>725.666667</ele>
<time>2026-07-18T23:17:48Z</time>
<speed>1.176784</speed>
<trueHeading>0.000000</trueHeading>
<magneticHeading>0.000000</magneticHeading>
<gpsHeading>235.583160</gpsHeading>
<haccuracy>6.143000</haccuracy>
<vaccuracy>6.143000</vaccuracy>
<internetconnect>2</internetconnect>
</trkpt>
<trkpt lat="35.809279" lon="139.082246">
<ele>731.666667</ele>
<time>2026-07-18T23:18:35Z</time>
<speed>1.322409</speed>
<trueHeading>0.000000</trueHeading>
<magneticHeading>0.000000</magneticHeading>
<gpsHeading>250.660568</gpsHeading>
<haccuracy>5.418000</haccuracy>
<vaccuracy>5.418000</vaccuracy>
<internetconnect>2</internetconnect>
</trkpt>
<trkpt lat="35.809639" lon="139.082808">
<ele>743.666667</ele>
<time>2026-07-18T23:19:22Z</time>
<speed>1.036688</speed>
<trueHeading>0.000000</trueHeading>
<magneticHeading>0.000000</magneticHeading>
<gpsHeading>51.712429</gpsHeading>
<haccuracy>5.701000</haccuracy>
<vaccuracy>5.701000</vaccuracy>
<internetconnect>2</internetconnect>
</trkpt>
<trkpt lat="35.810090" lon="139.082754">
<ele>752.666667</ele>
<time>2026-07-18T23:20:09Z</time>
<speed>1.237779</speed>
<trueHeading>0.000000</trueHeading>
<magneticHeading>0.000000</magneticHeading>
<gpsHeading>354.448669</gpsHeading>
<haccuracy>5.424000</haccuracy>
<vaccuracy>5.424000</vaccuracy>
<internetconnect>2</internetconnect>
</trkpt>
<trkpt lat="35.810407" lon="139.082925">
<ele>765.000000</ele>
<time>2026-07-18T23:20:56Z</time>
<speed>0.863062</speed>
<trueHeading>0.000000</trueHeading>
<magneticHeading>0.000000</magneticHeading>
<gpsHeading>23.629276</gpsHeading>
<haccuracy>6.260000</haccuracy>
<vaccuracy>6.260000</vaccuracy>
<internetconnect>2</internetconnect>
</trkpt>
<trkpt lat="35.810603" lon="139.083217">
<ele>775.333333</ele>
<time>2026-07-18T23:21:43Z</time>
<speed>0.482446</speed>
<trueHeading>0.000000</trueHeading>
<magneticHeading>0.000000</magneticHeading>
<gpsHeading>50.385464</gpsHeading>
<haccuracy>5.543000</haccuracy>
<vaccuracy>5.543000</vaccuracy>
<internetconnect>2</internetconnect>
</trkpt>
<trkpt lat="35.810762" lon="139.082930">
<ele>785.666667</ele>
<time>2026-07-18T23:22:36Z</time>
<speed>1.103757</speed>
<trueHeading>0.000000</trueHeading>
<magneticHeading>0.000000</magneticHeading>
<gpsHeading>304.320496</gpsHeading>
<haccuracy>5.896000</haccuracy>
<vaccuracy>5.896000</vaccuracy>
<internetconnect>2</internetconnect>
</trkpt>
<trkpt lat="35.810692" lon="139.082413">
<ele>799.000000</ele>
<time>2026-07-18T23:23:24Z</time>
<speed>1.277346</speed>
<trueHeading>0.000000</trueHeading>
<magneticHeading>0.000000</magneticHeading>
<gpsHeading>260.580688</gpsHeading>
<haccuracy>5.308000</haccuracy>
<vaccuracy>5.308000</vaccuracy>
<internetconnect>2</internetconnect>
</trkpt>
<trkpt lat="35.810589" lon="139.082007">
<ele>806.333333</ele>
<time>2026-07-18T23:24:12Z</time>
<speed>1.095690</speed>
<trueHeading>0.000000</trueHeading>
<magneticHeading>0.000000</magneticHeading>
<gpsHeading>252.660431</gpsHeading>
<haccuracy>5.500000</haccuracy>
<vaccuracy>5.500000</vaccuracy>
<internetconnect>2</internetconnect>
</trkpt>
<trkpt lat="35.810653" lon="139.081628">
<ele>810.000000</ele>
<time>2026-07-18T23:25:02Z</time>
<speed>0.751097</speed>
<trueHeading>0.000000</trueHeading>
<magneticHeading>0.000000</magneticHeading>
<gpsHeading>281.756592</gpsHeading>
<haccuracy>5.633000</haccuracy>
<vaccuracy>5.633000</vaccuracy>
<internetconnect>2</internetconnect>
</trkpt>
<trkpt lat="35.810572" lon="139.080951">
<ele>814.666667</ele>
<time>2026-07-18T23:25:48Z</time>
<speed>1.480709</speed>
<trueHeading>0.000000</trueHeading>
<magneticHeading>0.000000</magneticHeading>
<gpsHeading>261.512970</gpsHeading>
<haccuracy>5.174000</haccuracy>
<vaccuracy>5.174000</vaccuracy>
<internetconnect>2</internetconnect>
</trkpt>
<trkpt lat="35.810303" lon="139.080319">
<ele>823.666667</ele>
<time>2026-07-18T23:26:37Z</time>
<speed>1.367515</speed>
<trueHeading>0.000000</trueHeading>
<magneticHeading>0.000000</magneticHeading>
<gpsHeading>242.323578</gpsHeading>
<haccuracy>6.190000</haccuracy>
<vaccuracy>6.190000</vaccuracy>
<internetconnect>2</internetconnect>
</trkpt>
<trkpt lat="35.810179" lon="139.079604">
<ele>835.666667</ele>
<time>2026-07-18T23:27:23Z</time>
<speed>1.385224</speed>
<trueHeading>0.000000</trueHeading>
<magneticHeading>0.000000</magneticHeading>
<gpsHeading>257.990845</gpsHeading>
<haccuracy>5.559000</haccuracy>
<vaccuracy>5.559000</vaccuracy>
<internetconnect>2</internetconnect>
</trkpt>
<trkpt lat="35.810012" lon="139.079116">
<ele>845.000000</ele>
<time>2026-07-18T23:28:11Z</time>
<speed>1.410384</speed>
<trueHeading>0.000000</trueHeading>
<magneticHeading>0.000000</magneticHeading>
<gpsHeading>247.034256</gpsHeading>
<haccuracy>5.195000</haccuracy>
<vaccuracy>5.195000</vaccuracy>
<internetconnect>2</internetconnect>
</trkpt>
<trkpt lat="35.809920" lon="139.078481">
<ele>853.666667</ele>
<time>2026-07-18T23:28:58Z</time>
<speed>1.488534</speed>
<trueHeading>0.000000</trueHeading>
<magneticHeading>0.000000</magneticHeading>
<gpsHeading>259.869171</gpsHeading>
<haccuracy>5.491000</haccuracy>
<vaccuracy>5.491000</vaccuracy>
<internetconnect>2</internetconnect>
</trkpt>
<trkpt lat="35.809895" lon="139.077881">
<ele>861.000000</ele>
<time>2026-07-18T23:29:46Z</time>
<speed>1.397251</speed>
<trueHeading>0.000000</trueHeading>
<magneticHeading>0.000000</magneticHeading>
<gpsHeading>267.049957</gpsHeading>
<haccuracy>4.926000</haccuracy>
<vaccuracy>4.926000</vaccuracy>
<internetconnect>2</internetconnect>
</trkpt>
<trkpt lat="35.809624" lon="139.077497">
<ele>868.000000</ele>
<time>2026-07-18T23:30:33Z</time>
<speed>1.041329</speed>
<trueHeading>0.000000</trueHeading>
<magneticHeading>0.000000</magneticHeading>
<gpsHeading>228.959213</gpsHeading>
<haccuracy>5.146000</haccuracy>
<vaccuracy>5.146000</vaccuracy>
<internetconnect>2</internetconnect>
</trkpt>
<trkpt lat="35.809561" lon="139.077131">
<ele>874.000000</ele>
<time>2026-07-18T23:31:20Z</time>
<speed>0.662830</speed>
<trueHeading>0.000000</trueHeading>
<magneticHeading>0.000000</magneticHeading>
<gpsHeading>257.942688</gpsHeading>
<haccuracy>5.335000</haccuracy>
<vaccuracy>5.335000</vaccuracy>
<internetconnect>2</internetconnect>
</trkpt>
<trkpt lat="35.809465" lon="139.076544">
<ele>879.000000</ele>
<time>2026-07-18T23:32:07Z</time>
<speed>0.970656</speed>
<trueHeading>0.000000</trueHeading>
<magneticHeading>0.000000</magneticHeading>
<gpsHeading>258.621521</gpsHeading>
<haccuracy>5.796000</haccuracy>
<vaccuracy>5.796000</vaccuracy>
<internetconnect>2</internetconnect>
</trkpt>
<trkpt lat="35.809440" lon="139.075938">
<ele>886.000000</ele>
<time>2026-07-18T23:32:55Z</time>
<speed>0.345552</speed>
<trueHeading>0.000000</trueHeading>
<magneticHeading>0.000000</magneticHeading>
<gpsHeading>267.135803</gpsHeading>
<haccuracy>6.089000</haccuracy>
<vaccuracy>6.089000</vaccuracy>
<internetconnect>2</internetconnect>
</trkpt>
<trkpt lat="35.809583" lon="139.075232">
<ele>894.333333</ele>
<time>2026-07-18T23:33:41Z</time>
<speed>1.106749</speed>
<trueHeading>0.000000</trueHeading>
<magneticHeading>0.000000</magneticHeading>
<gpsHeading>283.961304</gpsHeading>
<haccuracy>5.298000</haccuracy>
<vaccuracy>5.298000</vaccuracy>
<internetconnect>2</internetconnect>
</trkpt>
<trkpt lat="35.809798" lon="139.074752">
<ele>904.333333</ele>
<time>2026-07-18T23:34:29Z</time>
<speed>0.844148</speed>
<trueHeading>0.000000</trueHeading>
<magneticHeading>0.000000</magneticHeading>
<gpsHeading>298.920380</gpsHeading>
<haccuracy>6.089000</haccuracy>
<vaccuracy>6.089000</vaccuracy>
<internetconnect>2</internetconnect>
</trkpt>
<trkpt lat="35.809872" lon="139.074234">
<ele>914.333333</ele>
<time>2026-07-18T23:35:17Z</time>
<speed>1.114381</speed>
<trueHeading>0.000000</trueHeading>
<magneticHeading>0.000000</magneticHeading>
<gpsHeading>279.973541</gpsHeading>
<haccuracy>5.430000</haccuracy>
<vaccuracy>5.430000</vaccuracy>
<internetconnect>2</internetconnect>
</trkpt>
<trkpt lat="35.810041" lon="139.073802">
<ele>925.333333</ele>
<time>2026-07-18T23:36:05Z</time>
<speed>0.744179</speed>
<trueHeading>0.000000</trueHeading>
<magneticHeading>0.000000</magneticHeading>
<gpsHeading>295.813507</gpsHeading>
<haccuracy>5.652000</haccuracy>
<vaccuracy>5.652000</vaccuracy>
<internetconnect>2</internetconnect>
</trkpt>
<trkpt lat="35.810174" lon="139.073312">
<ele>937.000000</ele>
<time>2026-07-18T23:36:52Z</time>
<speed>0.848251</speed>
<trueHeading>0.000000</trueHeading>
<magneticHeading>0.000000</magneticHeading>
<gpsHeading>288.514832</gpsHeading>
<haccuracy>5.221000</haccuracy>
<vaccuracy>5.221000</vaccuracy>
<internetconnect>2</internetconnect>
</trkpt>
<trkpt lat="35.810379" lon="139.073031">
<ele>949.333333</ele>
<time>2026-07-18T23:37:50Z</time>
<speed>0.986167</speed>
<trueHeading>0.000000</trueHeading>
<magneticHeading>0.000000</magneticHeading>
<gpsHeading>311.954224</gpsHeading>
<haccuracy>4.357000</haccuracy>
<vaccuracy>4.357000</vaccuracy>
<internetconnect>2</internetconnect>
</trkpt>
<trkpt lat="35.810631" lon="139.072801">
<ele>961.000000</ele>
<time>2026-07-18T23:38:37Z</time>
<speed>0.998065</speed>
<trueHeading>0.000000</trueHeading>
<magneticHeading>0.000000</magneticHeading>
<gpsHeading>323.416443</gpsHeading>
<haccuracy>4.621000</haccuracy>
<vaccuracy>4.621000</vaccuracy>
<internetconnect>2</internetconnect>
</trkpt>
<trkpt lat="35.810983" lon="139.072607">
<ele>971.333333</ele>
<time>2026-07-18T23:39:27Z</time>
<speed>1.296737</speed>
<trueHeading>0.000000</trueHeading>
<magneticHeading>0.000000</magneticHeading>
<gpsHeading>335.898224</gpsHeading>
<haccuracy>5.339000</haccuracy>
<vaccuracy>5.339000</vaccuracy>
<internetconnect>0</internetconnect>
</trkpt>
<trkpt lat="35.811276" lon="139.072395">
<ele>982.333333</ele>
<time>2026-07-18T23:40:14Z</time>
<speed>1.389781</speed>
<trueHeading>0.000000</trueHeading>
<magneticHeading>0.000000</magneticHeading>
<gpsHeading>329.578064</gpsHeading>
<haccuracy>3.811000</haccuracy>
<vaccuracy>3.811000</vaccuracy>
<internetconnect>2</internetconnect>
</trkpt>
<trkpt lat="35.811645" lon="139.072221">
<ele>992.000000</ele>
<time>2026-07-18T23:41:01Z</time>
<speed>1.468659</speed>
<trueHeading>0.000000</trueHeading>
<magneticHeading>0.000000</magneticHeading>
<gpsHeading>339.137878</gpsHeading>
<haccuracy>6.384000</haccuracy>
<vaccuracy>6.384000</vaccuracy>
<internetconnect>2</internetconnect>
</trkpt>
<trkpt lat="35.811783" lon="139.071840">
<ele>1002.666667</ele>
<time>2026-07-18T23:41:48Z</time>
<speed>0.604370</speed>
<trueHeading>0.000000</trueHeading>
<magneticHeading>0.000000</magneticHeading>
<gpsHeading>294.105743</gpsHeading>
<haccuracy>5.096000</haccuracy>
<vaccuracy>5.096000</vaccuracy>
<internetconnect>2</internetconnect>
</trkpt>
<trkpt lat="35.812066" lon="139.071627">
<ele>1011.666667</ele>
<time>2026-07-18T23:42:36Z</time>
<speed>1.407671</speed>
<trueHeading>0.000000</trueHeading>
<magneticHeading>0.000000</magneticHeading>
<gpsHeading>328.550812</gpsHeading>
<haccuracy>6.415000</haccuracy>
<vaccuracy>6.415000</vaccuracy>
<internetconnect>2</internetconnect>
</trkpt>
<trkpt lat="35.812341" lon="139.071318">
<ele>1020.333333</ele>
<time>2026-07-18T23:43:24Z</time>
<speed>1.011277</speed>
<trueHeading>0.000000</trueHeading>
<magneticHeading>0.000000</magneticHeading>
<gpsHeading>317.797363</gpsHeading>
<haccuracy>6.697000</haccuracy>
<vaccuracy>6.697000</vaccuracy>
<internetconnect>2</internetconnect>
</trkpt>
<trkpt lat="35.812499" lon="139.071010">
<ele>1029.000000</ele>
<time>2026-07-18T23:44:11Z</time>
<speed>0.258205</speed>
<trueHeading>0.000000</trueHeading>
<magneticHeading>0.000000</magneticHeading>
<gpsHeading>302.226471</gpsHeading>
<haccuracy>5.919000</haccuracy>
<vaccuracy>5.919000</vaccuracy>
<internetconnect>2</internetconnect>
</trkpt>
<trkpt lat="35.812772" lon="139.070776">
<ele>1038.333333</ele>
<time>2026-07-18T23:45:01Z</time>
<speed>1.354845</speed>
<trueHeading>0.000000</trueHeading>
<magneticHeading>0.000000</magneticHeading>
<gpsHeading>325.167816</gpsHeading>
<haccuracy>5.516000</haccuracy>
<vaccuracy>5.516000</vaccuracy>
<internetconnect>2</internetconnect>
</trkpt>
<trkpt lat="35.812964" lon="139.070524">
<ele>1047.333333</ele>
<time>2026-07-18T23:45:49Z</time>
<speed>0.898604</speed>
<trueHeading>0.000000</trueHeading>
<magneticHeading>0.000000</magneticHeading>
<gpsHeading>313.254150</gpsHeading>
<haccuracy>4.767000</haccuracy>
<vaccuracy>4.767000</vaccuracy>
<internetconnect>2</internetconnect>
</trkpt>
<trkpt lat="35.813061" lon="139.070174">
<ele>1056.000000</ele>
<time>2026-07-18T23:46:47Z</time>
<speed>0.099865</speed>
<trueHeading>0.000000</trueHeading>
<magneticHeading>0.000000</magneticHeading>
<gpsHeading>288.794739</gpsHeading>
<haccuracy>3.831000</haccuracy>
<vaccuracy>3.831000</vaccuracy>
<internetconnect>2</internetconnect>
</trkpt>
<trkpt lat="35.813265" lon="139.069882">
<ele>1065.666667</ele>
<time>2026-07-18T23:47:41Z</time>
<speed>0.876651</speed>
<trueHeading>0.000000</trueHeading>
<magneticHeading>0.000000</magneticHeading>
<gpsHeading>310.787109</gpsHeading>
<haccuracy>5.437000</haccuracy>
<vaccuracy>5.437000</vaccuracy>
<internetconnect>2</internetconnect>
</trkpt>
<trkpt lat="35.813566" lon="139.069707">
<ele>1078.000000</ele>
<time>2026-07-18T23:48:30Z</time>
<speed>0.370625</speed>
<trueHeading>0.000000</trueHeading>
<magneticHeading>0.000000</magneticHeading>
<gpsHeading>334.764923</gpsHeading>
<haccuracy>5.642000</haccuracy>
<vaccuracy>5.642000</vaccuracy>
<internetconnect>2</internetconnect>
</trkpt>
<trkpt lat="35.813651" lon="139.069308">
<ele>1089.333333</ele>
<time>2026-07-18T23:49:19Z</time>
<speed>1.014943</speed>
<trueHeading>0.000000</trueHeading>
<magneticHeading>0.000000</magneticHeading>
<gpsHeading>284.595245</gpsHeading>
<haccuracy>4.840000</haccuracy>
<vaccuracy>4.840000</vaccuracy>
<internetconnect>2</internetconnect>
</trkpt>
<trkpt lat="35.813837" lon="139.069024">
<ele>1097.000000</ele>
<time>2026-07-18T23:50:20Z</time>
<speed>0.491834</speed>
<trueHeading>0.000000</trueHeading>
<magneticHeading>0.000000</magneticHeading>
<gpsHeading>309.104736</gpsHeading>
<haccuracy>5.342000</haccuracy>
<vaccuracy>5.342000</vaccuracy>
<internetconnect>2</internetconnect>
</trkpt>
<trkpt lat="35.813547" lon="139.068727">
<ele>1104.666667</ele>
<time>2026-07-18T23:51:09Z</time>
<speed>0.955808</speed>
<trueHeading>0.000000</trueHeading>
<magneticHeading>0.000000</magneticHeading>
<gpsHeading>219.717880</gpsHeading>
<haccuracy>5.370000</haccuracy>
<vaccuracy>5.370000</vaccuracy>
<internetconnect>2</internetconnect>
</trkpt>
<trkpt lat="35.813547" lon="139.068379">
<ele>1114.333333</ele>
<time>2026-07-18T23:52:02Z</time>
<speed>0.879479</speed>
<trueHeading>0.000000</trueHeading>
<magneticHeading>0.000000</magneticHeading>
<gpsHeading>270.060883</gpsHeading>
<haccuracy>4.455000</haccuracy>
<vaccuracy>4.455000</vaccuracy>
<internetconnect>2</internetconnect>
</trkpt>
<trkpt lat="35.813409" lon="139.067878">
<ele>1125.333333</ele>
<time>2026-07-18T23:52:50Z</time>
<speed>1.071226</speed>
<trueHeading>0.000000</trueHeading>
<magneticHeading>0.000000</magneticHeading>
<gpsHeading>251.215698</gpsHeading>
<haccuracy>5.203000</haccuracy>
<vaccuracy>5.203000</vaccuracy>
<internetconnect>2</internetconnect>
</trkpt>
<trkpt lat="35.813141" lon="139.067654">
<ele>1135.333333</ele>
<time>2026-07-18T23:53:46Z</time>
<speed>1.211384</speed>
<trueHeading>0.000000</trueHeading>
<magneticHeading>0.000000</magneticHeading>
<gpsHeading>214.140930</gpsHeading>
<haccuracy>6.589000</haccuracy>
<vaccuracy>6.589000</vaccuracy>
<internetconnect>2</internetconnect>
</trkpt>
<trkpt lat="35.813009" lon="139.066918">
<ele>1141.666667</ele>
<time>2026-07-18T23:54:33Z</time>
<speed>1.520372</speed>
<trueHeading>0.000000</trueHeading>
<magneticHeading>0.000000</magneticHeading>
<gpsHeading>257.556488</gpsHeading>
<haccuracy>5.444000</haccuracy>
<vaccuracy>5.444000</vaccuracy>
<internetconnect>2</internetconnect>
</trkpt>
<trkpt lat="35.813161" lon="139.066263">
<ele>1148.333333</ele>
<time>2026-07-18T23:55:22Z</time>
<speed>1.349438</speed>
<trueHeading>0.000000</trueHeading>
<magneticHeading>0.000000</magneticHeading>
<gpsHeading>285.989288</gpsHeading>
<haccuracy>5.993000</haccuracy>
<vaccuracy>5.993000</vaccuracy>
<internetconnect>2</internetconnect>
</trkpt>
<trkpt lat="35.813254" lon="139.065600">
<ele>1155.000000</ele>
<time>2026-07-18T23:56:09Z</time>
<speed>1.397653</speed>
<trueHeading>0.000000</trueHeading>
<magneticHeading>0.000000</magneticHeading>
<gpsHeading>279.779755</gpsHeading>
<haccuracy>5.711000</haccuracy>
<vaccuracy>5.711000</vaccuracy>
<internetconnect>2</internetconnect>
</trkpt>
<trkpt lat="35.813478" lon="139.064995">
<ele>1159.000000</ele>
<time>2026-07-18T23:56:57Z</time>
<speed>1.242594</speed>
<trueHeading>0.000000</trueHeading>
<magneticHeading>0.000000</magneticHeading>
<gpsHeading>294.541260</gpsHeading>
<haccuracy>5.804000</haccuracy>
<vaccuracy>5.804000</vaccuracy>
<internetconnect>2</internetconnect>
</trkpt>
<trkpt lat="35.813726" lon="139.064370">
<ele>1160.666667</ele>
<time>2026-07-18T23:57:44Z</time>
<speed>1.259903</speed>
<trueHeading>0.000000</trueHeading>
<magneticHeading>0.000000</magneticHeading>
<gpsHeading>296.027710</gpsHeading>
<haccuracy>5.766000</haccuracy>
<vaccuracy>5.766000</vaccuracy>
<internetconnect>2</internetconnect>
</trkpt>
<trkpt lat="35.813927" lon="139.063748">
<ele>1154.666667</ele>
<time>2026-07-18T23:58:33Z</time>
<speed>0.945142</speed>
<trueHeading>0.000000</trueHeading>
<magneticHeading>0.000000</magneticHeading>
<gpsHeading>291.798950</gpsHeading>
<haccuracy>5.706000</haccuracy>
<vaccuracy>5.706000</vaccuracy>
<internetconnect>2</internetconnect>
</trkpt>
<trkpt lat="35.814062" lon="139.063121">
<ele>1152.666667</ele>
<time>2026-07-18T23:59:19Z</time>
<speed>1.383075</speed>
<trueHeading>0.000000</trueHeading>
<magneticHeading>0.000000</magneticHeading>
<gpsHeading>284.856964</gpsHeading>
<haccuracy>5.142000</haccuracy>
<vaccuracy>5.142000</vaccuracy>
<internetconnect>2</internetconnect>
</trkpt>
<trkpt lat="35.813789" lon="139.062440">
<ele>1153.333333</ele>
<time>2026-07-19T00:00:07Z</time>
<speed>1.492477</speed>
<trueHeading>0.000000</trueHeading>
<magneticHeading>0.000000</magneticHeading>
<gpsHeading>243.717758</gpsHeading>
<haccuracy>5.318000</haccuracy>
<vaccuracy>5.318000</vaccuracy>
<internetconnect>2</internetconnect>
</trkpt>
<trkpt lat="35.813793" lon="139.061794">
<ele>1161.333333</ele>
<time>2026-07-19T00:00:53Z</time>
<speed>1.518345</speed>
<trueHeading>0.000000</trueHeading>
<magneticHeading>0.000000</magneticHeading>
<gpsHeading>270.350159</gpsHeading>
<haccuracy>5.363000</haccuracy>
<vaccuracy>5.363000</vaccuracy>
<internetconnect>2</internetconnect>
</trkpt>
<trkpt lat="35.813670" lon="139.061095">
<ele>1168.666667</ele>
<time>2026-07-19T00:01:40Z</time>
<speed>1.516354</speed>
<trueHeading>0.000000</trueHeading>
<magneticHeading>0.000000</magneticHeading>
<gpsHeading>257.850616</gpsHeading>
<haccuracy>5.436000</haccuracy>
<vaccuracy>5.436000</vaccuracy>
<internetconnect>2</internetconnect>
</trkpt>
<trkpt lat="35.813612" lon="139.060554">
<ele>1168.333333</ele>
<time>2026-07-19T00:02:28Z</time>
<speed>1.496565</speed>
<trueHeading>0.000000</trueHeading>
<magneticHeading>0.000000</magneticHeading>
<gpsHeading>262.459198</gpsHeading>
<haccuracy>3.023000</haccuracy>
<vaccuracy>3.023000</vaccuracy>
<internetconnect>2</internetconnect>
</trkpt>
<trkpt lat="35.814080" lon="139.060007">
<ele>1166.333333</ele>
<time>2026-07-19T00:03:16Z</time>
<speed>1.545899</speed>
<trueHeading>0.000000</trueHeading>
<magneticHeading>0.000000</magneticHeading>
<gpsHeading>316.461578</gpsHeading>
<haccuracy>3.395000</haccuracy>
<vaccuracy>3.395000</vaccuracy>
<internetconnect>2</internetconnect>
</trkpt>
<trkpt lat="35.814495" lon="139.059385">
<ele>1166.333333</ele>
<time>2026-07-19T00:04:03Z</time>
<speed>1.558363</speed>
<trueHeading>0.000000</trueHeading>
<magneticHeading>0.000000</magneticHeading>
<gpsHeading>309.451202</gpsHeading>
<haccuracy>5.410000</haccuracy>
<vaccuracy>5.410000</vaccuracy>
<internetconnect>2</internetconnect>
</trkpt>
<trkpt lat="35.814660" lon="139.058748">
<ele>1173.333333</ele>
<time>2026-07-19T00:04:51Z</time>
<speed>1.381841</speed>
<trueHeading>0.000000</trueHeading>
<magneticHeading>0.000000</magneticHeading>
<gpsHeading>287.797882</gpsHeading>
<haccuracy>5.745000</haccuracy>
<vaccuracy>5.745000</vaccuracy>
<internetconnect>2</internetconnect>
</trkpt>
<trkpt lat="35.814893" lon="139.058300">
<ele>1185.000000</ele>
<time>2026-07-19T00:05:39Z</time>
<speed>0.870677</speed>
<trueHeading>0.000000</trueHeading>
<magneticHeading>0.000000</magneticHeading>
<gpsHeading>302.624481</gpsHeading>
<haccuracy>5.253000</haccuracy>
<vaccuracy>5.253000</vaccuracy>
<internetconnect>2</internetconnect>
</trkpt>
<trkpt lat="35.815109" lon="139.058042">
<ele>1196.000000</ele>
<time>2026-07-19T00:06:33Z</time>
<speed>1.211870</speed>
<trueHeading>0.000000</trueHeading>
<magneticHeading>0.000000</magneticHeading>
<gpsHeading>315.858734</gpsHeading>
<haccuracy>4.412000</haccuracy>
<vaccuracy>4.412000</vaccuracy>
<internetconnect>2</internetconnect>
</trkpt>
<trkpt lat="35.815252" lon="139.057736">
<ele>1206.000000</ele>
<time>2026-07-19T00:07:22Z</time>
<speed>0.574740</speed>
<trueHeading>0.000000</trueHeading>
<magneticHeading>0.000000</magneticHeading>
<gpsHeading>299.999481</gpsHeading>
<haccuracy>5.737000</haccuracy>
<vaccuracy>5.737000</vaccuracy>
<internetconnect>2</internetconnect>
</trkpt>
<trkpt lat="35.815337" lon="139.057340">
<ele>1212.333333</ele>
<time>2026-07-19T00:08:09Z</time>
<speed>1.031647</speed>
<trueHeading>0.000000</trueHeading>
<magneticHeading>0.000000</magneticHeading>
<gpsHeading>284.750977</gpsHeading>
<haccuracy>4.336000</haccuracy>
<vaccuracy>4.336000</vaccuracy>
<internetconnect>2</internetconnect>
</trkpt>
<trkpt lat="35.815571" lon="139.057028">
<ele>1221.666667</ele>
<time>2026-07-19T00:08:58Z</time>
<speed>1.068966</speed>
<trueHeading>0.000000</trueHeading>
<magneticHeading>0.000000</magneticHeading>
<gpsHeading>312.808197</gpsHeading>
<haccuracy>5.519000</haccuracy>
<vaccuracy>5.519000</vaccuracy>
<internetconnect>2</internetconnect>
</trkpt>
<trkpt lat="35.815976" lon="139.057017">
<ele>1232.333333</ele>
<time>2026-07-19T00:09:47Z</time>
<speed>1.235030</speed>
<trueHeading>0.000000</trueHeading>
<magneticHeading>0.000000</magneticHeading>
<gpsHeading>358.635101</gpsHeading>
<haccuracy>4.426000</haccuracy>
<vaccuracy>4.426000</vaccuracy>
<internetconnect>2</internetconnect>
</trkpt>
<trkpt lat="35.816264" lon="139.057006">
<ele>1243.333333</ele>
<time>2026-07-19T00:10:58Z</time>
<speed>1.060162</speed>
<trueHeading>0.000000</trueHeading>
<magneticHeading>0.000000</magneticHeading>
<gpsHeading>358.243347</gpsHeading>
<haccuracy>5.139000</haccuracy>
<vaccuracy>5.139000</vaccuracy>
<internetconnect>2</internetconnect>
</trkpt>
<trkpt lat="35.816424" lon="139.056631">
<ele>1253.666667</ele>
<time>2026-07-19T00:11:47Z</time>
<speed>0.661876</speed>
<trueHeading>0.000000</trueHeading>
<magneticHeading>0.000000</magneticHeading>
<gpsHeading>297.671722</gpsHeading>
<haccuracy>5.114000</haccuracy>
<vaccuracy>5.114000</vaccuracy>
<internetconnect>2</internetconnect>
</trkpt>
<trkpt lat="35.816694" lon="139.056542">
<ele>1266.666667</ele>
<time>2026-07-19T00:12:56Z</time>
<speed>0.940512</speed>
<trueHeading>0.000000</trueHeading>
<magneticHeading>0.000000</magneticHeading>
<gpsHeading>345.163544</gpsHeading>
<haccuracy>4.521000</haccuracy>
<vaccuracy>4.521000</vaccuracy>
<internetconnect>2</internetconnect>
</trkpt>
<trkpt lat="35.816954" lon="139.056157">
<ele>1280.000000</ele>
<time>2026-07-19T00:13:44Z</time>
<speed>1.225377</speed>
<trueHeading>0.000000</trueHeading>
<magneticHeading>0.000000</magneticHeading>
<gpsHeading>309.874695</gpsHeading>
<haccuracy>5.777000</haccuracy>
<vaccuracy>5.777000</vaccuracy>
<internetconnect>2</internetconnect>
</trkpt>
<trkpt lat="35.817029" lon="139.055802">
<ele>1291.000000</ele>
<time>2026-07-19T00:14:32Z</time>
<speed>1.031598</speed>
<trueHeading>0.000000</trueHeading>
<magneticHeading>0.000000</magneticHeading>
<gpsHeading>284.463867</gpsHeading>
<haccuracy>5.861000</haccuracy>
<vaccuracy>5.861000</vaccuracy>
<internetconnect>2</internetconnect>
</trkpt>
<trkpt lat="35.817229" lon="139.055531">
<ele>1298.333333</ele>
<time>2026-07-19T00:15:24Z</time>
<speed>1.189656</speed>
<trueHeading>0.000000</trueHeading>
<magneticHeading>0.000000</magneticHeading>
<gpsHeading>312.351227</gpsHeading>
<haccuracy>5.007000</haccuracy>
<vaccuracy>5.007000</vaccuracy>
<internetconnect>2</internetconnect>
</trkpt>
<trkpt lat="35.817217" lon="139.055116">
<ele>1306.000000</ele>
<time>2026-07-19T00:16:12Z</time>
<speed>0.850390</speed>
<trueHeading>0.000000</trueHeading>
<magneticHeading>0.000000</magneticHeading>
<gpsHeading>267.994171</gpsHeading>
<haccuracy>5.892000</haccuracy>
<vaccuracy>5.892000</vaccuracy>
<internetconnect>2</internetconnect>
</trkpt>
<trkpt lat="35.817256" lon="139.054753">
<ele>1316.333333</ele>
<time>2026-07-19T00:17:06Z</time>
<speed>0.882604</speed>
<trueHeading>0.000000</trueHeading>
<magneticHeading>0.000000</magneticHeading>
<gpsHeading>277.636780</gpsHeading>
<haccuracy>6.122000</haccuracy>
<vaccuracy>6.122000</vaccuracy>
<internetconnect>2</internetconnect>
</trkpt>
<trkpt lat="35.817436" lon="139.054432">
<ele>1329.000000</ele>
<time>2026-07-19T00:18:16Z</time>
<speed>1.298050</speed>
<trueHeading>0.000000</trueHeading>
<magneticHeading>0.000000</magneticHeading>
<gpsHeading>304.650543</gpsHeading>
<haccuracy>4.649000</haccuracy>
<vaccuracy>4.649000</vaccuracy>
<internetconnect>2</internetconnect>
</trkpt>
<trkpt lat="35.817572" lon="139.054117">
<ele>1343.000000</ele>
<time>2026-07-19T00:19:14Z</time>
<speed>0.639789</speed>
<trueHeading>0.000000</trueHeading>
<magneticHeading>0.000000</magneticHeading>
<gpsHeading>298.147156</gpsHeading>
<haccuracy>6.736000</haccuracy>
<vaccuracy>6.736000</vaccuracy>
<internetconnect>2</internetconnect>
</trkpt>
<trkpt lat="35.817788" lon="139.053897">
<ele>1355.000000</ele>
<time>2026-07-19T00:20:39Z</time>
<speed>0.509249</speed>
<trueHeading>0.000000</trueHeading>
<magneticHeading>0.000000</magneticHeading>
<gpsHeading>320.421143</gpsHeading>
<haccuracy>5.518000</haccuracy>
<vaccuracy>5.518000</vaccuracy>
<internetconnect>2</internetconnect>
</trkpt>
<trkpt lat="35.817921" lon="139.053582">
<ele>1364.333333</ele>
<time>2026-07-19T00:21:42Z</time>
<speed>0.564870</speed>
<trueHeading>0.000000</trueHeading>
<magneticHeading>0.000000</magneticHeading>
<gpsHeading>297.458374</gpsHeading>
<haccuracy>4.466000</haccuracy>
<vaccuracy>4.466000</vaccuracy>
<internetconnect>2</internetconnect>
</trkpt>
<trkpt lat="35.817954" lon="139.053218">
<ele>1374.333333</ele>
<time>2026-07-19T00:22:30Z</time>
<speed>0.365955</speed>
<trueHeading>0.000000</trueHeading>
<magneticHeading>0.000000</magneticHeading>
<gpsHeading>276.368896</gpsHeading>
<haccuracy>6.846000</haccuracy>
<vaccuracy>6.846000</vaccuracy>
<internetconnect>2</internetconnect>
</trkpt>
<trkpt lat="35.818125" lon="139.052923">
<ele>1385.000000</ele>
<time>2026-07-19T00:23:18Z</time>
<speed>0.109802</speed>
<trueHeading>0.000000</trueHeading>
<magneticHeading>0.000000</magneticHeading>
<gpsHeading>305.538361</gpsHeading>
<haccuracy>4.267000</haccuracy>
<vaccuracy>4.267000</vaccuracy>
<internetconnect>2</internetconnect>
</trkpt>
<trkpt lat="35.818305" lon="139.052637">
<ele>1396.333333</ele>
<time>2026-07-19T00:24:10Z</time>
<speed>0.920846</speed>
<trueHeading>0.000000</trueHeading>
<magneticHeading>0.000000</magneticHeading>
<gpsHeading>307.788086</gpsHeading>
<haccuracy>4.508000</haccuracy>
<vaccuracy>4.508000</vaccuracy>
<internetconnect>2</internetconnect>
</trkpt>
<trkpt lat="35.818571" lon="139.052301">
<ele>1405.333333</ele>
<time>2026-07-19T00:24:57Z</time>
<speed>1.129600</speed>
<trueHeading>0.000000</trueHeading>
<magneticHeading>0.000000</magneticHeading>
<gpsHeading>314.269653</gpsHeading>
<haccuracy>5.952000</haccuracy>
<vaccuracy>5.952000</vaccuracy>
<internetconnect>2</internetconnect>
</trkpt>
<trkpt lat="35.818751" lon="139.051880">
<ele>1412.333333</ele>
<time>2026-07-19T00:25:46Z</time>
<speed>0.870874</speed>
<trueHeading>0.000000</trueHeading>
<magneticHeading>0.000000</magneticHeading>
<gpsHeading>297.820313</gpsHeading>
<haccuracy>5.891000</haccuracy>
<vaccuracy>5.891000</vaccuracy>
<internetconnect>2</internetconnect>
</trkpt>
<trkpt lat="35.818813" lon="139.051412">
<ele>1419.000000</ele>
<time>2026-07-19T00:26:32Z</time>
<speed>0.966834</speed>
<trueHeading>0.000000</trueHeading>
<magneticHeading>0.000000</magneticHeading>
<gpsHeading>279.398468</gpsHeading>
<haccuracy>7.581000</haccuracy>
<vaccuracy>7.581000</vaccuracy>
<internetconnect>2</internetconnect>
</trkpt>
<trkpt lat="35.818830" lon="139.050780">
<ele>1424.333333</ele>
<time>2026-07-19T00:27:19Z</time>
<speed>1.003755</speed>
<trueHeading>0.000000</trueHeading>
<magneticHeading>0.000000</magneticHeading>
<gpsHeading>271.799164</gpsHeading>
<haccuracy>5.235000</haccuracy>
<vaccuracy>5.235000</vaccuracy>
<internetconnect>2</internetconnect>
</trkpt>
<trkpt lat="35.818556" lon="139.050341">
<ele>1429.333333</ele>
<time>2026-07-19T00:28:08Z</time>
<speed>1.046790</speed>
<trueHeading>0.000000</trueHeading>
<magneticHeading>0.000000</magneticHeading>
<gpsHeading>232.516083</gpsHeading>
<haccuracy>6.448000</haccuracy>
<vaccuracy>6.448000</vaccuracy>
<internetconnect>2</internetconnect>
</trkpt>
<trkpt lat="35.818466" lon="139.049668">
<ele>1433.666667</ele>
<time>2026-07-19T00:28:55Z</time>
<speed>1.278549</speed>
<trueHeading>0.000000</trueHeading>
<magneticHeading>0.000000</magneticHeading>
<gpsHeading>260.597534</gpsHeading>
<haccuracy>5.584000</haccuracy>
<vaccuracy>5.584000</vaccuracy>
<internetconnect>2</internetconnect>
</trkpt>
<trkpt lat="35.818160" lon="139.049095">
<ele>1438.333333</ele>
<time>2026-07-19T00:29:42Z</time>
<speed>1.353874</speed>
<trueHeading>0.000000</trueHeading>
<magneticHeading>0.000000</magneticHeading>
<gpsHeading>236.597305</gpsHeading>
<haccuracy>5.379000</haccuracy>
<vaccuracy>5.379000</vaccuracy>
<internetconnect>2</internetconnect>
</trkpt>
<trkpt lat="35.818182" lon="139.048481">
<ele>1442.666667</ele>
<time>2026-07-19T00:30:29Z</time>
<speed>1.312652</speed>
<trueHeading>0.000000</trueHeading>
<magneticHeading>0.000000</magneticHeading>
<gpsHeading>272.633453</gpsHeading>
<haccuracy>5.677000</haccuracy>
<vaccuracy>5.677000</vaccuracy>
<internetconnect>2</internetconnect>
</trkpt>
<trkpt lat="35.818048" lon="139.047757">
<ele>1448.000000</ele>
<time>2026-07-19T00:31:16Z</time>
<speed>1.050734</speed>
<trueHeading>0.000000</trueHeading>
<magneticHeading>0.000000</magneticHeading>
<gpsHeading>257.139069</gpsHeading>
<haccuracy>5.704000</haccuracy>
<vaccuracy>5.704000</vaccuracy>
<internetconnect>2</internetconnect>
</trkpt>
<trkpt lat="35.817705" lon="139.047413">
<ele>1456.333333</ele>
<time>2026-07-19T00:32:02Z</time>
<speed>0.350577</speed>
<trueHeading>0.000000</trueHeading>
<magneticHeading>0.000000</magneticHeading>
<gpsHeading>219.078720</gpsHeading>
<haccuracy>4.936000</haccuracy>
<vaccuracy>4.936000</vaccuracy>
<internetconnect>2</internetconnect>
</trkpt>
<trkpt lat="35.817540" lon="139.046986">
<ele>1465.000000</ele>
<time>2026-07-19T00:32:50Z</time>
<speed>1.064681</speed>
<trueHeading>0.000000</trueHeading>
<magneticHeading>0.000000</magneticHeading>
<gpsHeading>244.592102</gpsHeading>
<haccuracy>5.664000</haccuracy>
<vaccuracy>5.664000</vaccuracy>
<internetconnect>2</internetconnect>
</trkpt>
<trkpt lat="35.817300" lon="139.046731">
<ele>1471.666667</ele>
<time>2026-07-19T00:33:44Z</time>
<speed>0.884114</speed>
<trueHeading>0.000000</trueHeading>
<magneticHeading>0.000000</magneticHeading>
<gpsHeading>220.691483</gpsHeading>
<haccuracy>4.144000</haccuracy>
<vaccuracy>4.144000</vaccuracy>
<internetconnect>2</internetconnect>
</trkpt>
<trkpt lat="35.817241" lon="139.046460">
<ele>1473.000000</ele>
<time>2026-07-19T00:35:45Z</time>
<speed>0.077125</speed>
<trueHeading>0.000000</trueHeading>
<magneticHeading>0.000000</magneticHeading>
<gpsHeading>254.957565</gpsHeading>
<haccuracy>3.000000</haccuracy>
<vaccuracy>3.000000</vaccuracy>
<internetconnect>2</internetconnect>
</trkpt>
<trkpt lat="35.817367" lon="139.046796">
<ele>1468.333333</ele>
<time>2026-07-19T00:36:51Z</time>
<speed>1.291804</speed>
<trueHeading>0.000000</trueHeading>
<magneticHeading>0.000000</magneticHeading>
<gpsHeading>65.211823</gpsHeading>
<haccuracy>5.138000</haccuracy>
<vaccuracy>5.138000</vaccuracy>
<internetconnect>2</internetconnect>
</trkpt>
<trkpt lat="35.817620" lon="139.047245">
<ele>1458.333333</ele>
<time>2026-07-19T00:37:38Z</time>
<speed>1.493695</speed>
<trueHeading>0.000000</trueHeading>
<magneticHeading>0.000000</magneticHeading>
<gpsHeading>55.140026</gpsHeading>
<haccuracy>6.495000</haccuracy>
<vaccuracy>6.495000</vaccuracy>
<internetconnect>2</internetconnect>
</trkpt>
<trkpt lat="35.817817" lon="139.047659">
<ele>1451.666667</ele>
<time>2026-07-19T00:38:24Z</time>
<speed>1.352884</speed>
<trueHeading>0.000000</trueHeading>
<magneticHeading>0.000000</magneticHeading>
<gpsHeading>59.690872</gpsHeading>
<haccuracy>7.199000</haccuracy>
<vaccuracy>7.199000</vaccuracy>
<internetconnect>2</internetconnect>
</trkpt>
<trkpt lat="35.818002" lon="139.047380">
<ele>1449.333333</ele>
<time>2026-07-19T00:39:25Z</time>
<speed>1.486382</speed>
<trueHeading>0.000000</trueHeading>
<magneticHeading>0.000000</magneticHeading>
<gpsHeading>309.405212</gpsHeading>
<haccuracy>5.676000</haccuracy>
<vaccuracy>5.676000</vaccuracy>
<internetconnect>2</internetconnect>
</trkpt>
<trkpt lat="35.818003" lon="139.046658">
<ele>1448.666667</ele>
<time>2026-07-19T00:40:12Z</time>
<speed>1.514481</speed>
<trueHeading>0.000000</trueHeading>
<magneticHeading>0.000000</magneticHeading>
<gpsHeading>270.078278</gpsHeading>
<haccuracy>5.610000</haccuracy>
<vaccuracy>5.610000</vaccuracy>
<internetconnect>2</internetconnect>
</trkpt>
<trkpt lat="35.818355" lon="139.046100">
<ele>1443.000000</ele>
<time>2026-07-19T00:40:59Z</time>
<speed>1.601174</speed>
<trueHeading>0.000000</trueHeading>
<magneticHeading>0.000000</magneticHeading>
<gpsHeading>307.896149</gpsHeading>
<haccuracy>6.022000</haccuracy>
<vaccuracy>6.022000</vaccuracy>
<internetconnect>2</internetconnect>
</trkpt>
<trkpt lat="35.818581" lon="139.045508">
<ele>1435.666667</ele>
<time>2026-07-19T00:41:46Z</time>
<speed>1.613525</speed>
<trueHeading>0.000000</trueHeading>
<magneticHeading>0.000000</magneticHeading>
<gpsHeading>295.229523</gpsHeading>
<haccuracy>6.127000</haccuracy>
<vaccuracy>6.127000</vaccuracy>
<internetconnect>2</internetconnect>
</trkpt>
<trkpt lat="35.818613" lon="139.044907">
<ele>1427.666667</ele>
<time>2026-07-19T00:42:32Z</time>
<speed>1.478749</speed>
<trueHeading>0.000000</trueHeading>
<magneticHeading>0.000000</magneticHeading>
<gpsHeading>273.706940</gpsHeading>
<haccuracy>5.390000</haccuracy>
<vaccuracy>5.390000</vaccuracy>
<internetconnect>2</internetconnect>
</trkpt>
<trkpt lat="35.818860" lon="139.044262">
<ele>1419.333333</ele>
<time>2026-07-19T00:43:20Z</time>
<speed>1.604399</speed>
<trueHeading>0.000000</trueHeading>
<magneticHeading>0.000000</magneticHeading>
<gpsHeading>295.326508</gpsHeading>
<haccuracy>5.875000</haccuracy>
<vaccuracy>5.875000</vaccuracy>
<internetconnect>2</internetconnect>
</trkpt>
<trkpt lat="35.819134" lon="139.043624">
<ele>1413.666667</ele>
<time>2026-07-19T00:44:07Z</time>
<speed>1.229439</speed>
<trueHeading>0.000000</trueHeading>
<magneticHeading>0.000000</magneticHeading>
<gpsHeading>297.891327</gpsHeading>
<haccuracy>6.432000</haccuracy>
<vaccuracy>6.432000</vaccuracy>
<internetconnect>2</internetconnect>
</trkpt>
<trkpt lat="35.819280" lon="139.043052">
<ele>1406.333333</ele>
<time>2026-07-19T00:44:53Z</time>
<speed>1.458196</speed>
<trueHeading>0.000000</trueHeading>
<magneticHeading>0.000000</magneticHeading>
<gpsHeading>287.523376</gpsHeading>
<haccuracy>4.322000</haccuracy>
<vaccuracy>4.322000</vaccuracy>
<internetconnect>2</internetconnect>
</trkpt>
<trkpt lat="35.819737" lon="139.042423">
<ele>1396.666667</ele>
<time>2026-07-19T00:45:40Z</time>
<speed>1.607657</speed>
<trueHeading>0.000000</trueHeading>
<magneticHeading>0.000000</magneticHeading>
<gpsHeading>311.863770</gpsHeading>
<haccuracy>5.960000</haccuracy>
<vaccuracy>5.960000</vaccuracy>
<internetconnect>2</internetconnect>
</trkpt>
<trkpt lat="35.820072" lon="139.041828">
<ele>1389.666667</ele>
<time>2026-07-19T00:46:27Z</time>
<speed>1.634508</speed>
<trueHeading>0.000000</trueHeading>
<magneticHeading>0.000000</magneticHeading>
<gpsHeading>304.729797</gpsHeading>
<haccuracy>5.932000</haccuracy>
<vaccuracy>5.932000</vaccuracy>
<internetconnect>2</internetconnect>
</trkpt>
<trkpt lat="35.820528" lon="139.041469">
<ele>1393.666667</ele>
<time>2026-07-19T00:47:15Z</time>
<speed>1.384363</speed>
<trueHeading>0.000000</trueHeading>
<magneticHeading>0.000000</magneticHeading>
<gpsHeading>327.441284</gpsHeading>
<haccuracy>5.206000</haccuracy>
<vaccuracy>5.206000</vaccuracy>
<internetconnect>2</internetconnect>
</trkpt>
<trkpt lat="35.820177" lon="139.041148">
<ele>1406.000000</ele>
<time>2026-07-19T00:48:02Z</time>
<speed>1.343882</speed>
<trueHeading>0.000000</trueHeading>
<magneticHeading>0.000000</magneticHeading>
<gpsHeading>216.516876</gpsHeading>
<haccuracy>5.380000</haccuracy>
<vaccuracy>5.380000</vaccuracy>
<internetconnect>2</internetconnect>
</trkpt>
<trkpt lat="35.820394" lon="139.040895">
<ele>1415.333333</ele>
<time>2026-07-19T00:49:32Z</time>
<speed>1.188734</speed>
<trueHeading>0.000000</trueHeading>
<magneticHeading>0.000000</magneticHeading>
<gpsHeading>316.649719</gpsHeading>
<haccuracy>5.569000</haccuracy>
<vaccuracy>5.569000</vaccuracy>
<internetconnect>2</internetconnect>
</trkpt>
<trkpt lat="35.819913" lon="139.040621">
<ele>1419.666667</ele>
<time>2026-07-19T00:50:20Z</time>
<speed>1.354909</speed>
<trueHeading>0.000000</trueHeading>
<magneticHeading>0.000000</magneticHeading>
<gpsHeading>204.807144</gpsHeading>
<haccuracy>5.296000</haccuracy>
<vaccuracy>5.296000</vaccuracy>
<internetconnect>2</internetconnect>
</trkpt>
<trkpt lat="35.820233" lon="139.040073">
<ele>1421.000000</ele>
<time>2026-07-19T00:51:08Z</time>
<speed>1.568910</speed>
<trueHeading>0.000000</trueHeading>
<magneticHeading>0.000000</magneticHeading>
<gpsHeading>305.756775</gpsHeading>
<haccuracy>5.526000</haccuracy>
<vaccuracy>5.526000</vaccuracy>
<internetconnect>2</internetconnect>
</trkpt>
<trkpt lat="35.820724" lon="139.039550">
<ele>1420.666667</ele>
<time>2026-07-19T00:51:55Z</time>
<speed>1.576170</speed>
<trueHeading>0.000000</trueHeading>
<magneticHeading>0.000000</magneticHeading>
<gpsHeading>319.208862</gpsHeading>
<haccuracy>5.109000</haccuracy>
<vaccuracy>5.109000</vaccuracy>
<internetconnect>2</internetconnect>
</trkpt>
<trkpt lat="35.821055" lon="139.038905">
<ele>1420.666667</ele>
<time>2026-07-19T00:52:42Z</time>
<speed>1.541882</speed>
<trueHeading>0.000000</trueHeading>
<magneticHeading>0.000000</magneticHeading>
<gpsHeading>302.360535</gpsHeading>
<haccuracy>6.670000</haccuracy>
<vaccuracy>6.670000</vaccuracy>
<internetconnect>2</internetconnect>
</trkpt>
<trkpt lat="35.821359" lon="139.038253">
<ele>1422.000000</ele>
<time>2026-07-19T00:53:28Z</time>
<speed>1.561177</speed>
<trueHeading>0.000000</trueHeading>
<magneticHeading>0.000000</magneticHeading>
<gpsHeading>299.896759</gpsHeading>
<haccuracy>4.891000</haccuracy>
<vaccuracy>4.891000</vaccuracy>
<internetconnect>2</internetconnect>
</trkpt>
<trkpt lat="35.821857" lon="139.037872">
<ele>1424.666667</ele>
<time>2026-07-19T00:54:16Z</time>
<speed>1.310720</speed>
<trueHeading>0.000000</trueHeading>
<magneticHeading>0.000000</magneticHeading>
<gpsHeading>328.176971</gpsHeading>
<haccuracy>5.293000</haccuracy>
<vaccuracy>5.293000</vaccuracy>
<internetconnect>2</internetconnect>
</trkpt>
<trkpt lat="35.822089" lon="139.037298">
<ele>1426.666667</ele>
<time>2026-07-19T00:55:03Z</time>
<speed>1.329669</speed>
<trueHeading>0.000000</trueHeading>
<magneticHeading>0.000000</magneticHeading>
<gpsHeading>296.501068</gpsHeading>
<haccuracy>4.978000</haccuracy>
<vaccuracy>4.978000</vaccuracy>
<internetconnect>2</internetconnect>
</trkpt>
<trkpt lat="35.822237" lon="139.036718">
<ele>1431.666667</ele>
<time>2026-07-19T00:55:51Z</time>
<speed>1.477080</speed>
<trueHeading>0.000000</trueHeading>
<magneticHeading>0.000000</magneticHeading>
<gpsHeading>287.408020</gpsHeading>
<haccuracy>6.148000</haccuracy>
<vaccuracy>6.148000</vaccuracy>
<internetconnect>2</internetconnect>
</trkpt>
<trkpt lat="35.822279" lon="139.036236">
<ele>1436.666667</ele>
<time>2026-07-19T00:56:38Z</time>
<speed>1.331158</speed>
<trueHeading>0.000000</trueHeading>
<magneticHeading>0.000000</magneticHeading>
<gpsHeading>276.157684</gpsHeading>
<haccuracy>4.332000</haccuracy>
<vaccuracy>4.332000</vaccuracy>
<internetconnect>2</internetconnect>
</trkpt>
<trkpt lat="35.822498" lon="139.035766">
<ele>1443.666667</ele>
<time>2026-07-19T00:57:26Z</time>
<speed>1.455893</speed>
<trueHeading>0.000000</trueHeading>
<magneticHeading>0.000000</magneticHeading>
<gpsHeading>299.900970</gpsHeading>
<haccuracy>5.284000</haccuracy>
<vaccuracy>5.284000</vaccuracy>
<internetconnect>2</internetconnect>
</trkpt>
<trkpt lat="35.822864" lon="139.035266">
<ele>1447.333333</ele>
<time>2026-07-19T00:58:13Z</time>
<speed>1.489527</speed>
<trueHeading>0.000000</trueHeading>
<magneticHeading>0.000000</magneticHeading>
<gpsHeading>312.056366</gpsHeading>
<haccuracy>5.806000</haccuracy>
<vaccuracy>5.806000</vaccuracy>
<internetconnect>2</internetconnect>
</trkpt>
<trkpt lat="35.823190" lon="139.034767">
<ele>1449.666667</ele>
<time>2026-07-19T00:59:01Z</time>
<speed>1.358857</speed>
<trueHeading>0.000000</trueHeading>
<magneticHeading>0.000000</magneticHeading>
<gpsHeading>308.833557</gpsHeading>
<haccuracy>4.916000</haccuracy>
<vaccuracy>4.916000</vaccuracy>
<internetconnect>2</internetconnect>
</trkpt>
<trkpt lat="35.823462" lon="139.034210">
<ele>1452.333333</ele>
<time>2026-07-19T00:59:49Z</time>
<speed>1.503260</speed>
<trueHeading>0.000000</trueHeading>
<magneticHeading>0.000000</magneticHeading>
<gpsHeading>301.062897</gpsHeading>
<haccuracy>5.429000</haccuracy>
<vaccuracy>5.429000</vaccuracy>
<internetconnect>2</internetconnect>
</trkpt>
<trkpt lat="35.823597" lon="139.033663">
<ele>1456.000000</ele>
<time>2026-07-19T01:00:36Z</time>
<speed>1.528121</speed>
<trueHeading>0.000000</trueHeading>
<magneticHeading>0.000000</magneticHeading>
<gpsHeading>286.985626</gpsHeading>
<haccuracy>4.404000</haccuracy>
<vaccuracy>4.404000</vaccuracy>
<internetconnect>2</internetconnect>
</trkpt>
<trkpt lat="35.823947" lon="139.033271">
<ele>1468.333333</ele>
<time>2026-07-19T01:01:24Z</time>
<speed>1.491240</speed>
<trueHeading>0.000000</trueHeading>
<magneticHeading>0.000000</magneticHeading>
<gpsHeading>317.824036</gpsHeading>
<haccuracy>5.173000</haccuracy>
<vaccuracy>5.173000</vaccuracy>
<internetconnect>2</internetconnect>
</trkpt>
<trkpt lat="35.824223" lon="139.033131">
<ele>1480.000000</ele>
<time>2026-07-19T01:02:40Z</time>
<speed>0.689508</speed>
<trueHeading>0.000000</trueHeading>
<magneticHeading>0.000000</magneticHeading>
<gpsHeading>337.542419</gpsHeading>
<haccuracy>5.065000</haccuracy>
<vaccuracy>5.065000</vaccuracy>
<internetconnect>2</internetconnect>
</trkpt>
<trkpt lat="35.824384" lon="139.033015">
<ele>1490.000000</ele>
<time>2026-07-19T01:04:41Z</time>
<speed>0.810200</speed>
<trueHeading>0.000000</trueHeading>
<magneticHeading>0.000000</magneticHeading>
<gpsHeading>329.777588</gpsHeading>
<haccuracy>4.922000</haccuracy>
<vaccuracy>4.922000</vaccuracy>
<internetconnect>2</internetconnect>
</trkpt>
<trkpt lat="35.824404" lon="139.032643">
<ele>1494.333333</ele>
<time>2026-07-19T01:05:41Z</time>
<speed>1.149418</speed>
<trueHeading>0.000000</trueHeading>
<magneticHeading>0.000000</magneticHeading>
<gpsHeading>273.693085</gpsHeading>
<haccuracy>4.989000</haccuracy>
<vaccuracy>4.989000</vaccuracy>
<internetconnect>2</internetconnect>
</trkpt>
<trkpt lat="35.824207" lon="139.032015">
<ele>1498.000000</ele>
<time>2026-07-19T01:06:29Z</time>
<speed>1.503970</speed>
<trueHeading>0.000000</trueHeading>
<magneticHeading>0.000000</magneticHeading>
<gpsHeading>248.827667</gpsHeading>
<haccuracy>5.363000</haccuracy>
<vaccuracy>5.363000</vaccuracy>
<internetconnect>2</internetconnect>
</trkpt>
<trkpt lat="35.823990" lon="139.031495">
<ele>1502.333333</ele>
<time>2026-07-19T01:07:17Z</time>
<speed>1.248880</speed>
<trueHeading>0.000000</trueHeading>
<magneticHeading>0.000000</magneticHeading>
<gpsHeading>242.782394</gpsHeading>
<haccuracy>5.187000</haccuracy>
<vaccuracy>5.187000</vaccuracy>
<internetconnect>2</internetconnect>
</trkpt>
<trkpt lat="35.824152" lon="139.031054">
<ele>1508.000000</ele>
<time>2026-07-19T01:08:04Z</time>
<speed>1.380235</speed>
<trueHeading>0.000000</trueHeading>
<magneticHeading>0.000000</magneticHeading>
<gpsHeading>294.422913</gpsHeading>
<haccuracy>5.044000</haccuracy>
<vaccuracy>5.044000</vaccuracy>
<internetconnect>2</internetconnect>
</trkpt>
<trkpt lat="35.824258" lon="139.030559">
<ele>1514.000000</ele>
<time>2026-07-19T01:08:53Z</time>
<speed>1.304721</speed>
<trueHeading>0.000000</trueHeading>
<magneticHeading>0.000000</magneticHeading>
<gpsHeading>284.786713</gpsHeading>
<haccuracy>5.453000</haccuracy>
<vaccuracy>5.453000</vaccuracy>
<internetconnect>2</internetconnect>
</trkpt>
<trkpt lat="35.824218" lon="139.030097">
<ele>1519.000000</ele>
<time>2026-07-19T01:09:40Z</time>
<speed>1.367238</speed>
<trueHeading>0.000000</trueHeading>
<magneticHeading>0.000000</magneticHeading>
<gpsHeading>263.976715</gpsHeading>
<haccuracy>5.699000</haccuracy>
<vaccuracy>5.699000</vaccuracy>
<internetconnect>2</internetconnect>
</trkpt>
<trkpt lat="35.824218" lon="139.029531">
<ele>1518.666667</ele>
<time>2026-07-19T01:10:29Z</time>
<speed>1.245941</speed>
<trueHeading>0.000000</trueHeading>
<magneticHeading>0.000000</magneticHeading>
<gpsHeading>269.975037</gpsHeading>
<haccuracy>6.126000</haccuracy>
<vaccuracy>6.126000</vaccuracy>
<internetconnect>2</internetconnect>
</trkpt>
<trkpt lat="35.824285" lon="139.028819">
<ele>1516.000000</ele>
<time>2026-07-19T01:11:16Z</time>
<speed>1.506852</speed>
<trueHeading>0.000000</trueHeading>
<magneticHeading>0.000000</magneticHeading>
<gpsHeading>276.585083</gpsHeading>
<haccuracy>5.671000</haccuracy>
<vaccuracy>5.671000</vaccuracy>
<internetconnect>2</internetconnect>
</trkpt>
<trkpt lat="35.824028" lon="139.028231">
<ele>1512.666667</ele>
<time>2026-07-19T01:12:02Z</time>
<speed>1.592913</speed>
<trueHeading>0.000000</trueHeading>
<magneticHeading>0.000000</magneticHeading>
<gpsHeading>241.661850</gpsHeading>
<haccuracy>5.560000</haccuracy>
<vaccuracy>5.560000</vaccuracy>
<internetconnect>2</internetconnect>
</trkpt>
<trkpt lat="35.823866" lon="139.027666">
<ele>1510.666667</ele>
<time>2026-07-19T01:12:50Z</time>
<speed>1.452403</speed>
<trueHeading>0.000000</trueHeading>
<magneticHeading>0.000000</magneticHeading>
<gpsHeading>250.496536</gpsHeading>
<haccuracy>5.592000</haccuracy>
<vaccuracy>5.592000</vaccuracy>
<internetconnect>2</internetconnect>
</trkpt>
<trkpt lat="35.823920" lon="139.027029">
<ele>1510.666667</ele>
<time>2026-07-19T01:13:37Z</time>
<speed>1.576599</speed>
<trueHeading>0.000000</trueHeading>
<magneticHeading>0.000000</magneticHeading>
<gpsHeading>276.009766</gpsHeading>
<haccuracy>5.259000</haccuracy>
<vaccuracy>5.259000</vaccuracy>
<internetconnect>2</internetconnect>
</trkpt>
<trkpt lat="35.823746" lon="139.026353">
<ele>1512.333333</ele>
<time>2026-07-19T01:14:26Z</time>
<speed>1.634370</speed>
<trueHeading>0.000000</trueHeading>
<magneticHeading>0.000000</magneticHeading>
<gpsHeading>252.354477</gpsHeading>
<haccuracy>5.680000</haccuracy>
<vaccuracy>5.680000</vaccuracy>
<internetconnect>2</internetconnect>
</trkpt>
<trkpt lat="35.823638" lon="139.025673">
<ele>1516.000000</ele>
<time>2026-07-19T01:15:14Z</time>
<speed>1.415810</speed>
<trueHeading>0.000000</trueHeading>
<magneticHeading>0.000000</magneticHeading>
<gpsHeading>258.952026</gpsHeading>
<haccuracy>5.899000</haccuracy>
<vaccuracy>5.899000</vaccuracy>
<internetconnect>2</internetconnect>
</trkpt>
<trkpt lat="35.823657" lon="139.025005">
<ele>1515.666667</ele>
<time>2026-07-19T01:16:01Z</time>
<speed>1.616899</speed>
<trueHeading>0.000000</trueHeading>
<magneticHeading>0.000000</magneticHeading>
<gpsHeading>272.051941</gpsHeading>
<haccuracy>5.772000</haccuracy>
<vaccuracy>5.772000</vaccuracy>
<internetconnect>2</internetconnect>
</trkpt>
<trkpt lat="35.823712" lon="139.024276">
<ele>1515.666667</ele>
<time>2026-07-19T01:16:48Z</time>
<speed>1.594077</speed>
<trueHeading>0.000000</trueHeading>
<magneticHeading>0.000000</magneticHeading>
<gpsHeading>275.315247</gpsHeading>
<haccuracy>5.392000</haccuracy>
<vaccuracy>5.392000</vaccuracy>
<internetconnect>2</internetconnect>
</trkpt>
<trkpt lat="35.823819" lon="139.023646">
<ele>1517.333333</ele>
<time>2026-07-19T01:17:35Z</time>
<speed>1.600443</speed>
<trueHeading>0.000000</trueHeading>
<magneticHeading>0.000000</magneticHeading>
<gpsHeading>281.750061</gpsHeading>
<haccuracy>4.511000</haccuracy>
<vaccuracy>4.511000</vaccuracy>
<internetconnect>2</internetconnect>
</trkpt>
<trkpt lat="35.824020" lon="139.023012">
<ele>1524.333333</ele>
<time>2026-07-19T01:18:24Z</time>
<speed>1.522650</speed>
<trueHeading>0.000000</trueHeading>
<magneticHeading>0.000000</magneticHeading>
<gpsHeading>291.343018</gpsHeading>
<haccuracy>5.643000</haccuracy>
<vaccuracy>5.643000</vaccuracy>
<internetconnect>2</internetconnect>
</trkpt>
<trkpt lat="35.824262" lon="139.022550">
<ele>1533.000000</ele>
<time>2026-07-19T01:19:12Z</time>
<speed>1.405562</speed>
<trueHeading>0.000000</trueHeading>
<magneticHeading>0.000000</magneticHeading>
<gpsHeading>302.895355</gpsHeading>
<haccuracy>4.812000</haccuracy>
<vaccuracy>4.812000</vaccuracy>
<internetconnect>2</internetconnect>
</trkpt>
<trkpt lat="35.824265" lon="139.022003">
<ele>1541.000000</ele>
<time>2026-07-19T01:19:59Z</time>
<speed>1.226786</speed>
<trueHeading>0.000000</trueHeading>
<magneticHeading>0.000000</magneticHeading>
<gpsHeading>270.374359</gpsHeading>
<haccuracy>5.210000</haccuracy>
<vaccuracy>5.210000</vaccuracy>
<internetconnect>2</internetconnect>
</trkpt>
<trkpt lat="35.824149" lon="139.021599">
<ele>1549.333333</ele>
<time>2026-07-19T01:20:46Z</time>
<speed>1.244135</speed>
<trueHeading>0.000000</trueHeading>
<magneticHeading>0.000000</magneticHeading>
<gpsHeading>250.466370</gpsHeading>
<haccuracy>5.035000</haccuracy>
<vaccuracy>5.035000</vaccuracy>
<internetconnect>2</internetconnect>
</trkpt>
<trkpt lat="35.824066" lon="139.021172">
<ele>1557.666667</ele>
<time>2026-07-19T01:21:32Z</time>
<speed>1.166961</speed>
<trueHeading>0.000000</trueHeading>
<magneticHeading>0.000000</magneticHeading>
<gpsHeading>256.537445</gpsHeading>
<haccuracy>4.807000</haccuracy>
<vaccuracy>4.807000</vaccuracy>
<internetconnect>2</internetconnect>
</trkpt>
<trkpt lat="35.823933" lon="139.020860">
<ele>1569.000000</ele>
<time>2026-07-19T01:22:25Z</time>
<speed>1.125919</speed>
<trueHeading>0.000000</trueHeading>
<magneticHeading>0.000000</magneticHeading>
<gpsHeading>242.360840</gpsHeading>
<haccuracy>4.980000</haccuracy>
<vaccuracy>4.980000</vaccuracy>
<internetconnect>2</internetconnect>
</trkpt>
<trkpt lat="35.823791" lon="139.020547">
<ele>1581.333333</ele>
<time>2026-07-19T01:23:38Z</time>
<speed>0.981505</speed>
<trueHeading>0.000000</trueHeading>
<magneticHeading>0.000000</magneticHeading>
<gpsHeading>240.745331</gpsHeading>
<haccuracy>4.735000</haccuracy>
<vaccuracy>4.735000</vaccuracy>
<internetconnect>2</internetconnect>
</trkpt>
<trkpt lat="35.823622" lon="139.020254">
<ele>1593.000000</ele>
<time>2026-07-19T01:24:30Z</time>
<speed>1.030098</speed>
<trueHeading>0.000000</trueHeading>
<magneticHeading>0.000000</magneticHeading>
<gpsHeading>234.499954</gpsHeading>
<haccuracy>4.903000</haccuracy>
<vaccuracy>4.903000</vaccuracy>
<internetconnect>2</internetconnect>
</trkpt>
<trkpt lat="35.823441" lon="139.019970">
<ele>1602.666667</ele>
<time>2026-07-19T01:25:32Z</time>
<speed>1.077492</speed>
<trueHeading>0.000000</trueHeading>
<magneticHeading>0.000000</magneticHeading>
<gpsHeading>231.873901</gpsHeading>
<haccuracy>4.694000</haccuracy>
<vaccuracy>4.694000</vaccuracy>
<internetconnect>2</internetconnect>
</trkpt>
<trkpt lat="35.823507" lon="139.019478">
<ele>1610.333333</ele>
<time>2026-07-19T01:26:19Z</time>
<speed>1.316170</speed>
<trueHeading>0.000000</trueHeading>
<magneticHeading>0.000000</magneticHeading>
<gpsHeading>279.348480</gpsHeading>
<haccuracy>5.392000</haccuracy>
<vaccuracy>5.392000</vaccuracy>
<internetconnect>2</internetconnect>
</trkpt>
<trkpt lat="35.823620" lon="139.018990">
<ele>1613.666667</ele>
<time>2026-07-19T01:27:07Z</time>
<speed>1.501118</speed>
<trueHeading>0.000000</trueHeading>
<magneticHeading>0.000000</magneticHeading>
<gpsHeading>285.951843</gpsHeading>
<haccuracy>4.752000</haccuracy>
<vaccuracy>4.752000</vaccuracy>
<internetconnect>2</internetconnect>
</trkpt>
<trkpt lat="35.823818" lon="139.018368">
<ele>1613.333333</ele>
<time>2026-07-19T01:27:53Z</time>
<speed>1.575125</speed>
<trueHeading>0.000000</trueHeading>
<magneticHeading>0.000000</magneticHeading>
<gpsHeading>291.467590</gpsHeading>
<haccuracy>5.911000</haccuracy>
<vaccuracy>5.911000</vaccuracy>
<internetconnect>2</internetconnect>
</trkpt>
<trkpt lat="35.824292" lon="139.017931">
<ele>1612.333333</ele>
<time>2026-07-19T01:28:40Z</time>
<speed>1.557985</speed>
<trueHeading>0.000000</trueHeading>
<magneticHeading>0.000000</magneticHeading>
<gpsHeading>323.247070</gpsHeading>
<haccuracy>5.227000</haccuracy>
<vaccuracy>5.227000</vaccuracy>
<internetconnect>2</internetconnect>
</trkpt>
<trkpt lat="35.824727" lon="139.017475">
<ele>1616.333333</ele>
<time>2026-07-19T01:29:28Z</time>
<speed>1.568863</speed>
<trueHeading>0.000000</trueHeading>
<magneticHeading>0.000000</magneticHeading>
<gpsHeading>319.630707</gpsHeading>
<haccuracy>5.418000</haccuracy>
<vaccuracy>5.418000</vaccuracy>
<internetconnect>2</internetconnect>
</trkpt>
<trkpt lat="35.825158" lon="139.017135">
<ele>1624.000000</ele>
<time>2026-07-19T01:30:16Z</time>
<speed>1.286317</speed>
<trueHeading>0.000000</trueHeading>
<magneticHeading>0.000000</magneticHeading>
<gpsHeading>327.383820</gpsHeading>
<haccuracy>4.925000</haccuracy>
<vaccuracy>4.925000</vaccuracy>
<internetconnect>2</internetconnect>
</trkpt>
<trkpt lat="35.825428" lon="139.016932">
<ele>1633.666667</ele>
<time>2026-07-19T01:31:03Z</time>
<speed>1.117226</speed>
<trueHeading>0.000000</trueHeading>
<magneticHeading>0.000000</magneticHeading>
<gpsHeading>328.639435</gpsHeading>
<haccuracy>4.703000</haccuracy>
<vaccuracy>4.703000</vaccuracy>
<internetconnect>2</internetconnect>
</trkpt>
<trkpt lat="35.825784" lon="139.016865">
<ele>1642.333333</ele>
<time>2026-07-19T01:31:50Z</time>
<speed>1.257924</speed>
<trueHeading>0.000000</trueHeading>
<magneticHeading>0.000000</magneticHeading>
<gpsHeading>351.267395</gpsHeading>
<haccuracy>5.785000</haccuracy>
<vaccuracy>5.785000</vaccuracy>
<internetconnect>2</internetconnect>
</trkpt>
<trkpt lat="35.826145" lon="139.016752">
<ele>1646.666667</ele>
<time>2026-07-19T01:32:37Z</time>
<speed>1.338020</speed>
<trueHeading>0.000000</trueHeading>
<magneticHeading>0.000000</magneticHeading>
<gpsHeading>345.743378</gpsHeading>
<haccuracy>5.048000</haccuracy>
<vaccuracy>5.048000</vaccuracy>
<internetconnect>2</internetconnect>
</trkpt>
<trkpt lat="35.826610" lon="139.016371">
<ele>1649.000000</ele>
<time>2026-07-19T01:33:24Z</time>
<speed>1.569597</speed>
<trueHeading>0.000000</trueHeading>
<magneticHeading>0.000000</magneticHeading>
<gpsHeading>326.439972</gpsHeading>
<haccuracy>5.365000</haccuracy>
<vaccuracy>5.365000</vaccuracy>
<internetconnect>2</internetconnect>
</trkpt>
<trkpt lat="35.827172" lon="139.016064">
<ele>1648.333333</ele>
<time>2026-07-19T01:34:12Z</time>
<speed>1.535564</speed>
<trueHeading>0.000000</trueHeading>
<magneticHeading>0.000000</magneticHeading>
<gpsHeading>336.091797</gpsHeading>
<haccuracy>5.721000</haccuracy>
<vaccuracy>5.721000</vaccuracy>
<internetconnect>2</internetconnect>
</trkpt>
<trkpt lat="35.827390" lon="139.015342">
<ele>1648.333333</ele>
<time>2026-07-19T01:34:59Z</time>
<speed>1.608137</speed>
<trueHeading>0.000000</trueHeading>
<magneticHeading>0.000000</magneticHeading>
<gpsHeading>290.433289</gpsHeading>
<haccuracy>5.540000</haccuracy>
<vaccuracy>5.540000</vaccuracy>
<internetconnect>2</internetconnect>
</trkpt>
<trkpt lat="35.827599" lon="139.014653">
<ele>1650.666667</ele>
<time>2026-07-19T01:35:46Z</time>
<speed>1.493560</speed>
<trueHeading>0.000000</trueHeading>
<magneticHeading>0.000000</magneticHeading>
<gpsHeading>290.501404</gpsHeading>
<haccuracy>5.483000</haccuracy>
<vaccuracy>5.483000</vaccuracy>
<internetconnect>2</internetconnect>
</trkpt>
<trkpt lat="35.828000" lon="139.014271">
<ele>1657.333333</ele>
<time>2026-07-19T01:36:34Z</time>
<speed>1.486464</speed>
<trueHeading>0.000000</trueHeading>
<magneticHeading>0.000000</magneticHeading>
<gpsHeading>322.353699</gpsHeading>
<haccuracy>3.000000</haccuracy>
<vaccuracy>3.000000</vaccuracy>
<internetconnect>2</internetconnect>
</trkpt>
<trkpt lat="35.828350" lon="139.014025">
<ele>1666.333333</ele>
<time>2026-07-19T01:37:21Z</time>
<speed>1.141936</speed>
<trueHeading>0.000000</trueHeading>
<magneticHeading>0.000000</magneticHeading>
<gpsHeading>330.253510</gpsHeading>
<haccuracy>4.888000</haccuracy>
<vaccuracy>4.888000</vaccuracy>
<internetconnect>2</internetconnect>
</trkpt>
<trkpt lat="35.828633" lon="139.013776">
<ele>1676.000000</ele>
<time>2026-07-19T01:38:08Z</time>
<speed>1.485969</speed>
<trueHeading>0.000000</trueHeading>
<magneticHeading>0.000000</magneticHeading>
<gpsHeading>324.539459</gpsHeading>
<haccuracy>4.622000</haccuracy>
<vaccuracy>4.622000</vaccuracy>
<internetconnect>2</internetconnect>
</trkpt>
<trkpt lat="35.828962" lon="139.013478">
<ele>1685.333333</ele>
<time>2026-07-19T01:38:55Z</time>
<speed>1.220411</speed>
<trueHeading>0.000000</trueHeading>
<magneticHeading>0.000000</magneticHeading>
<gpsHeading>323.738831</gpsHeading>
<haccuracy>6.288000</haccuracy>
<vaccuracy>6.288000</vaccuracy>
<internetconnect>2</internetconnect>
</trkpt>
<trkpt lat="35.829200" lon="139.013278">
<ele>1697.333333</ele>
<time>2026-07-19T01:39:48Z</time>
<speed>1.048211</speed>
<trueHeading>0.000000</trueHeading>
<magneticHeading>0.000000</magneticHeading>
<gpsHeading>325.730042</gpsHeading>
<haccuracy>5.233000</haccuracy>
<vaccuracy>5.233000</vaccuracy>
<internetconnect>2</internetconnect>
</trkpt>
<trkpt lat="35.829454" lon="139.013118">
<ele>1708.666667</ele>
<time>2026-07-19T01:40:40Z</time>
<speed>1.075315</speed>
<trueHeading>0.000000</trueHeading>
<magneticHeading>0.000000</magneticHeading>
<gpsHeading>332.976929</gpsHeading>
<haccuracy>5.752000</haccuracy>
<vaccuracy>5.752000</vaccuracy>
<internetconnect>2</internetconnect>
</trkpt>
<trkpt lat="35.829675" lon="139.012877">
<ele>1720.333333</ele>
<time>2026-07-19T01:41:39Z</time>
<speed>1.048480</speed>
<trueHeading>0.000000</trueHeading>
<magneticHeading>0.000000</magneticHeading>
<gpsHeading>318.383881</gpsHeading>
<haccuracy>4.261000</haccuracy>
<vaccuracy>4.261000</vaccuracy>
<internetconnect>2</internetconnect>
</trkpt>
<trkpt lat="35.829793" lon="139.012542">
<ele>1728.333333</ele>
<time>2026-07-19T01:42:26Z</time>
<speed>1.126056</speed>
<trueHeading>0.000000</trueHeading>
<magneticHeading>0.000000</magneticHeading>
<gpsHeading>293.577728</gpsHeading>
<haccuracy>4.543000</haccuracy>
<vaccuracy>4.543000</vaccuracy>
<internetconnect>2</internetconnect>
</trkpt>
<trkpt lat="35.829861" lon="139.012324">
<ele>1733.000000</ele>
<time>2026-07-19T01:44:48Z</time>
<speed>0.110647</speed>
<trueHeading>0.000000</trueHeading>
<magneticHeading>0.000000</magneticHeading>
<gpsHeading>291.004517</gpsHeading>
<haccuracy>3.084000</haccuracy>
<vaccuracy>3.084000</vaccuracy>
<internetconnect>2</internetconnect>
</trkpt>
<trkpt lat="35.829849" lon="139.012287">
<ele>1730.666667</ele>
<time>2026-07-19T01:50:18Z</time>
<speed>0.129586</speed>
<trueHeading>0.000000</trueHeading>
<magneticHeading>0.000000</magneticHeading>
<gpsHeading>247.376617</gpsHeading>
<haccuracy>3.275000</haccuracy>
<vaccuracy>3.275000</vaccuracy>
<internetconnect>2</internetconnect>
</trkpt>
<trkpt lat="35.829762" lon="139.011956">
<ele>1723.666667</ele>
<time>2026-07-19T01:51:43Z</time>
<speed>1.320214</speed>
<trueHeading>0.000000</trueHeading>
<magneticHeading>0.000000</magneticHeading>
<gpsHeading>252.144592</gpsHeading>
<haccuracy>3.011000</haccuracy>
<vaccuracy>3.011000</vaccuracy>
<internetconnect>2</internetconnect>
</trkpt>
<trkpt lat="35.829601" lon="139.011407">
<ele>1711.333333</ele>
<time>2026-07-19T01:52:31Z</time>
<speed>1.280426</speed>
<trueHeading>0.000000</trueHeading>
<magneticHeading>0.000000</magneticHeading>
<gpsHeading>250.021378</gpsHeading>
<haccuracy>3.004000</haccuracy>
<vaccuracy>3.004000</vaccuracy>
<internetconnect>2</internetconnect>
</trkpt>
<trkpt lat="35.829332" lon="139.011081">
<ele>1700.000000</ele>
<time>2026-07-19T01:53:18Z</time>
<speed>1.254823</speed>
<trueHeading>0.000000</trueHeading>
<magneticHeading>0.000000</magneticHeading>
<gpsHeading>224.476578</gpsHeading>
<haccuracy>3.059000</haccuracy>
<vaccuracy>3.059000</vaccuracy>
<internetconnect>2</internetconnect>
</trkpt>
<trkpt lat="35.829250" lon="139.010731">
<ele>1687.333333</ele>
<time>2026-07-19T01:54:05Z</time>
<speed>0.901036</speed>
<trueHeading>0.000000</trueHeading>
<magneticHeading>0.000000</magneticHeading>
<gpsHeading>253.941391</gpsHeading>
<haccuracy>3.000000</haccuracy>
<vaccuracy>3.000000</vaccuracy>
<internetconnect>2</internetconnect>
</trkpt>
<trkpt lat="35.829067" lon="139.010367">
<ele>1677.333333</ele>
<time>2026-07-19T01:54:53Z</time>
<speed>1.723948</speed>
<trueHeading>0.000000</trueHeading>
<magneticHeading>0.000000</magneticHeading>
<gpsHeading>238.169357</gpsHeading>
<haccuracy>3.249000</haccuracy>
<vaccuracy>3.249000</vaccuracy>
<internetconnect>2</internetconnect>
</trkpt>
<trkpt lat="35.828954" lon="139.009797">
<ele>1665.666667</ele>
<time>2026-07-19T01:55:39Z</time>
<speed>1.593467</speed>
<trueHeading>0.000000</trueHeading>
<magneticHeading>0.000000</magneticHeading>
<gpsHeading>256.344086</gpsHeading>
<haccuracy>3.047000</haccuracy>
<vaccuracy>3.047000</vaccuracy>
<internetconnect>2</internetconnect>
</trkpt>
<trkpt lat="35.828762" lon="139.009161">
<ele>1657.666667</ele>
<time>2026-07-19T01:56:27Z</time>
<speed>1.548267</speed>
<trueHeading>0.000000</trueHeading>
<magneticHeading>0.000000</magneticHeading>
<gpsHeading>249.549011</gpsHeading>
<haccuracy>5.614000</haccuracy>
<vaccuracy>5.614000</vaccuracy>
<internetconnect>2</internetconnect>
</trkpt>
<trkpt lat="35.828739" lon="139.008445">
<ele>1651.000000</ele>
<time>2026-07-19T01:57:14Z</time>
<speed>1.564171</speed>
<trueHeading>0.000000</trueHeading>
<magneticHeading>0.000000</magneticHeading>
<gpsHeading>267.712372</gpsHeading>
<haccuracy>3.206000</haccuracy>
<vaccuracy>3.206000</vaccuracy>
<internetconnect>2</internetconnect>
</trkpt>
<trkpt lat="35.828620" lon="139.007642">
<ele>1644.333333</ele>
<time>2026-07-19T01:58:00Z</time>
<speed>1.598564</speed>
<trueHeading>0.000000</trueHeading>
<magneticHeading>0.000000</magneticHeading>
<gpsHeading>259.669769</gpsHeading>
<haccuracy>3.028000</haccuracy>
<vaccuracy>3.028000</vaccuracy>
<internetconnect>2</internetconnect>
</trkpt>
<trkpt lat="35.828649" lon="139.006939">
<ele>1634.666667</ele>
<time>2026-07-19T01:58:48Z</time>
<speed>1.605308</speed>
<trueHeading>0.000000</trueHeading>
<magneticHeading>0.000000</magneticHeading>
<gpsHeading>272.942352</gpsHeading>
<haccuracy>5.727000</haccuracy>
<vaccuracy>5.727000</vaccuracy>
<internetconnect>2</internetconnect>
</trkpt>
<trkpt lat="35.828625" lon="139.006310">
<ele>1622.666667</ele>
<time>2026-07-19T01:59:35Z</time>
<speed>1.420121</speed>
<trueHeading>0.000000</trueHeading>
<magneticHeading>0.000000</magneticHeading>
<gpsHeading>267.237457</gpsHeading>
<haccuracy>3.100000</haccuracy>
<vaccuracy>3.100000</vaccuracy>
<internetconnect>2</internetconnect>
</trkpt>
<trkpt lat="35.828559" lon="139.005730">
<ele>1608.666667</ele>
<time>2026-07-19T02:00:22Z</time>
<speed>1.395241</speed>
<trueHeading>0.000000</trueHeading>
<magneticHeading>0.000000</magneticHeading>
<gpsHeading>262.022583</gpsHeading>
<haccuracy>3.097000</haccuracy>
<vaccuracy>3.097000</vaccuracy>
<internetconnect>2</internetconnect>
</trkpt>
<trkpt lat="35.828272" lon="139.005340">
<ele>1596.666667</ele>
<time>2026-07-19T02:01:09Z</time>
<speed>1.619274</speed>
<trueHeading>0.000000</trueHeading>
<magneticHeading>0.000000</magneticHeading>
<gpsHeading>227.739716</gpsHeading>
<haccuracy>5.281000</haccuracy>
<vaccuracy>5.281000</vaccuracy>
<internetconnect>2</internetconnect>
</trkpt>
<trkpt lat="35.828292" lon="139.004868">
<ele>1585.000000</ele>
<time>2026-07-19T02:01:56Z</time>
<speed>1.516175</speed>
<trueHeading>0.000000</trueHeading>
<magneticHeading>0.000000</magneticHeading>
<gpsHeading>272.945648</gpsHeading>
<haccuracy>4.916000</haccuracy>
<vaccuracy>4.916000</vaccuracy>
<internetconnect>2</internetconnect>
</trkpt>
<trkpt lat="35.827994" lon="139.004339">
<ele>1576.000000</ele>
<time>2026-07-19T02:02:42Z</time>
<speed>1.465876</speed>
<trueHeading>0.000000</trueHeading>
<magneticHeading>0.000000</magneticHeading>
<gpsHeading>235.250137</gpsHeading>
<haccuracy>5.637000</haccuracy>
<vaccuracy>5.637000</vaccuracy>
<internetconnect>2</internetconnect>
</trkpt>
<trkpt lat="35.827548" lon="139.003887">
<ele>1567.666667</ele>
<time>2026-07-19T02:03:29Z</time>
<speed>1.470509</speed>
<trueHeading>0.000000</trueHeading>
<magneticHeading>0.000000</magneticHeading>
<gpsHeading>219.446716</gpsHeading>
<haccuracy>5.553000</haccuracy>
<vaccuracy>5.553000</vaccuracy>
<internetconnect>2</internetconnect>
</trkpt>
<trkpt lat="35.827763" lon="139.003188">
<ele>1561.333333</ele>
<time>2026-07-19T02:04:15Z</time>
<speed>1.583710</speed>
<trueHeading>0.000000</trueHeading>
<magneticHeading>0.000000</magneticHeading>
<gpsHeading>290.721954</gpsHeading>
<haccuracy>5.293000</haccuracy>
<vaccuracy>5.293000</vaccuracy>
<internetconnect>2</internetconnect>
</trkpt>
<trkpt lat="35.827891" lon="139.002485">
<ele>1558.666667</ele>
<time>2026-07-19T02:05:02Z</time>
<speed>1.587181</speed>
<trueHeading>0.000000</trueHeading>
<magneticHeading>0.000000</magneticHeading>
<gpsHeading>282.703033</gpsHeading>
<haccuracy>5.764000</haccuracy>
<vaccuracy>5.764000</vaccuracy>
<internetconnect>2</internetconnect>
</trkpt>
<trkpt lat="35.827976" lon="139.001672">
<ele>1559.666667</ele>
<time>2026-07-19T02:05:50Z</time>
<speed>1.412709</speed>
<trueHeading>0.000000</trueHeading>
<magneticHeading>0.000000</magneticHeading>
<gpsHeading>277.355469</gpsHeading>
<haccuracy>5.286000</haccuracy>
<vaccuracy>5.286000</vaccuracy>
<internetconnect>2</internetconnect>
</trkpt>
<trkpt lat="35.828037" lon="139.001107">
<ele>1566.666667</ele>
<time>2026-07-19T02:06:37Z</time>
<speed>1.477366</speed>
<trueHeading>0.000000</trueHeading>
<magneticHeading>0.000000</magneticHeading>
<gpsHeading>277.609558</gpsHeading>
<haccuracy>5.168000</haccuracy>
<vaccuracy>5.168000</vaccuracy>
<internetconnect>2</internetconnect>
</trkpt>
<trkpt lat="35.827939" lon="139.000533">
<ele>1574.666667</ele>
<time>2026-07-19T02:07:26Z</time>
<speed>1.210215</speed>
<trueHeading>0.000000</trueHeading>
<magneticHeading>0.000000</magneticHeading>
<gpsHeading>258.021606</gpsHeading>
<haccuracy>5.444000</haccuracy>
<vaccuracy>5.444000</vaccuracy>
<internetconnect>2</internetconnect>
</trkpt>
<trkpt lat="35.827889" lon="139.000058">
<ele>1582.666667</ele>
<time>2026-07-19T02:08:14Z</time>
<speed>1.421702</speed>
<trueHeading>0.000000</trueHeading>
<magneticHeading>0.000000</magneticHeading>
<gpsHeading>262.594208</gpsHeading>
<haccuracy>4.687000</haccuracy>
<vaccuracy>4.687000</vaccuracy>
<internetconnect>2</internetconnect>
</trkpt>
<trkpt lat="35.828174" lon="138.999545">
<ele>1589.333333</ele>
<time>2026-07-19T02:09:03Z</time>
<speed>1.366299</speed>
<trueHeading>0.000000</trueHeading>
<magneticHeading>0.000000</magneticHeading>
<gpsHeading>304.408020</gpsHeading>
<haccuracy>4.661000</haccuracy>
<vaccuracy>4.661000</vaccuracy>
<internetconnect>2</internetconnect>
</trkpt>
<trkpt lat="35.828398" lon="138.999030">
<ele>1598.333333</ele>
<time>2026-07-19T02:09:51Z</time>
<speed>1.334424</speed>
<trueHeading>0.000000</trueHeading>
<magneticHeading>0.000000</magneticHeading>
<gpsHeading>298.265198</gpsHeading>
<haccuracy>5.072000</haccuracy>
<vaccuracy>5.072000</vaccuracy>
<internetconnect>2</internetconnect>
</trkpt>
<trkpt lat="35.828533" lon="138.998634">
<ele>1609.000000</ele>
<time>2026-07-19T02:10:38Z</time>
<speed>1.210975</speed>
<trueHeading>0.000000</trueHeading>
<magneticHeading>0.000000</magneticHeading>
<gpsHeading>292.709839</gpsHeading>
<haccuracy>5.412000</haccuracy>
<vaccuracy>5.412000</vaccuracy>
<internetconnect>2</internetconnect>
</trkpt>
<trkpt lat="35.828685" lon="138.998295">
<ele>1619.666667</ele>
<time>2026-07-19T02:11:25Z</time>
<speed>1.099474</speed>
<trueHeading>0.000000</trueHeading>
<magneticHeading>0.000000</magneticHeading>
<gpsHeading>299.000366</gpsHeading>
<haccuracy>5.070000</haccuracy>
<vaccuracy>5.070000</vaccuracy>
<internetconnect>2</internetconnect>
</trkpt>
<trkpt lat="35.828721" lon="138.997949">
<ele>1630.333333</ele>
<time>2026-07-19T02:12:34Z</time>
<speed>1.116084</speed>
<trueHeading>0.000000</trueHeading>
<magneticHeading>0.000000</magneticHeading>
<gpsHeading>277.370972</gpsHeading>
<haccuracy>4.319000</haccuracy>
<vaccuracy>4.319000</vaccuracy>
<internetconnect>2</internetconnect>
</trkpt>
<trkpt lat="35.828759" lon="138.997580">
<ele>1640.666667</ele>
<time>2026-07-19T02:13:27Z</time>
<speed>1.105135</speed>
<trueHeading>0.000000</trueHeading>
<magneticHeading>0.000000</magneticHeading>
<gpsHeading>277.284241</gpsHeading>
<haccuracy>4.979000</haccuracy>
<vaccuracy>4.979000</vaccuracy>
<internetconnect>2</internetconnect>
</trkpt>
<trkpt lat="35.828824" lon="138.997246">
<ele>1652.000000</ele>
<time>2026-07-19T02:14:15Z</time>
<speed>1.105474</speed>
<trueHeading>0.000000</trueHeading>
<magneticHeading>0.000000</magneticHeading>
<gpsHeading>283.377380</gpsHeading>
<haccuracy>4.470000</haccuracy>
<vaccuracy>4.470000</vaccuracy>
<internetconnect>2</internetconnect>
</trkpt>
<trkpt lat="35.828833" lon="138.996903">
<ele>1665.000000</ele>
<time>2026-07-19T02:15:17Z</time>
<speed>0.933562</speed>
<trueHeading>0.000000</trueHeading>
<magneticHeading>0.000000</magneticHeading>
<gpsHeading>271.850922</gpsHeading>
<haccuracy>5.116000</haccuracy>
<vaccuracy>5.116000</vaccuracy>
<internetconnect>2</internetconnect>
</trkpt>
<trkpt lat="35.828917" lon="138.996563">
<ele>1678.000000</ele>
<time>2026-07-19T02:16:40Z</time>
<speed>1.053522</speed>
<trueHeading>0.000000</trueHeading>
<magneticHeading>0.000000</magneticHeading>
<gpsHeading>286.918182</gpsHeading>
<haccuracy>4.572000</haccuracy>
<vaccuracy>4.572000</vaccuracy>
<internetconnect>2</internetconnect>
</trkpt>
<trkpt lat="35.828869" lon="138.996176">
<ele>1689.666667</ele>
<time>2026-07-19T02:17:42Z</time>
<speed>1.218370</speed>
<trueHeading>0.000000</trueHeading>
<magneticHeading>0.000000</magneticHeading>
<gpsHeading>261.338043</gpsHeading>
<haccuracy>4.758000</haccuracy>
<vaccuracy>4.758000</vaccuracy>
<internetconnect>2</internetconnect>
</trkpt>
<trkpt lat="35.828917" lon="138.995607">
<ele>1698.666667</ele>
<time>2026-07-19T02:18:29Z</time>
<speed>1.255914</speed>
<trueHeading>0.000000</trueHeading>
<magneticHeading>0.000000</magneticHeading>
<gpsHeading>275.907288</gpsHeading>
<haccuracy>5.065000</haccuracy>
<vaccuracy>5.065000</vaccuracy>
<internetconnect>2</internetconnect>
</trkpt>
<trkpt lat="35.828919" lon="138.995168">
<ele>1705.333333</ele>
<time>2026-07-19T02:19:17Z</time>
<speed>0.270753</speed>
<trueHeading>0.000000</trueHeading>
<magneticHeading>0.000000</magneticHeading>
<gpsHeading>270.386963</gpsHeading>
<haccuracy>4.458000</haccuracy>
<vaccuracy>4.458000</vaccuracy>
<internetconnect>2</internetconnect>
</trkpt>
<trkpt lat="35.828800" lon="138.994782">
<ele>1709.666667</ele>
<time>2026-07-19T02:20:03Z</time>
<speed>1.404673</speed>
<trueHeading>0.000000</trueHeading>
<magneticHeading>0.000000</magneticHeading>
<gpsHeading>249.126923</gpsHeading>
<haccuracy>5.772000</haccuracy>
<vaccuracy>5.772000</vaccuracy>
<internetconnect>2</internetconnect>
</trkpt>
<trkpt lat="35.828624" lon="138.994215">
<ele>1712.666667</ele>
<time>2026-07-19T02:20:51Z</time>
<speed>1.311996</speed>
<trueHeading>0.000000</trueHeading>
<magneticHeading>0.000000</magneticHeading>
<gpsHeading>249.101532</gpsHeading>
<haccuracy>5.574000</haccuracy>
<vaccuracy>5.574000</vaccuracy>
<internetconnect>2</internetconnect>
</trkpt>
<trkpt lat="35.828487" lon="138.993508">
<ele>1715.000000</ele>
<time>2026-07-19T02:21:39Z</time>
<speed>1.449082</speed>
<trueHeading>0.000000</trueHeading>
<magneticHeading>0.000000</magneticHeading>
<gpsHeading>256.584564</gpsHeading>
<haccuracy>5.826000</haccuracy>
<vaccuracy>5.826000</vaccuracy>
<internetconnect>2</internetconnect>
</trkpt>
<trkpt lat="35.828307" lon="138.992862">
<ele>1718.000000</ele>
<time>2026-07-19T02:22:27Z</time>
<speed>1.457435</speed>
<trueHeading>0.000000</trueHeading>
<magneticHeading>0.000000</magneticHeading>
<gpsHeading>251.042419</gpsHeading>
<haccuracy>5.101000</haccuracy>
<vaccuracy>5.101000</vaccuracy>
<internetconnect>2</internetconnect>
</trkpt>
<trkpt lat="35.828223" lon="138.992224">
<ele>1717.000000</ele>
<time>2026-07-19T02:23:14Z</time>
<speed>1.457420</speed>
<trueHeading>0.000000</trueHeading>
<magneticHeading>0.000000</magneticHeading>
<gpsHeading>260.708679</gpsHeading>
<haccuracy>5.070000</haccuracy>
<vaccuracy>5.070000</vaccuracy>
<internetconnect>2</internetconnect>
</trkpt>
<trkpt lat="35.828392" lon="138.991594">
<ele>1710.333333</ele>
<time>2026-07-19T02:24:01Z</time>
<speed>1.401119</speed>
<trueHeading>0.000000</trueHeading>
<magneticHeading>0.000000</magneticHeading>
<gpsHeading>288.281006</gpsHeading>
<haccuracy>5.668000</haccuracy>
<vaccuracy>5.668000</vaccuracy>
<internetconnect>2</internetconnect>
</trkpt>
<trkpt lat="35.828650" lon="138.991109">
<ele>1699.000000</ele>
<time>2026-07-19T02:24:49Z</time>
<speed>1.471379</speed>
<trueHeading>0.000000</trueHeading>
<magneticHeading>0.000000</magneticHeading>
<gpsHeading>303.325073</gpsHeading>
<haccuracy>6.073000</haccuracy>
<vaccuracy>6.073000</vaccuracy>
<internetconnect>2</internetconnect>
</trkpt>
<trkpt lat="35.828755" lon="138.990672">
<ele>1689.666667</ele>
<time>2026-07-19T02:25:37Z</time>
<speed>1.563517</speed>
<trueHeading>0.000000</trueHeading>
<magneticHeading>0.000000</magneticHeading>
<gpsHeading>286.506195</gpsHeading>
<haccuracy>4.808000</haccuracy>
<vaccuracy>4.808000</vaccuracy>
<internetconnect>2</internetconnect>
</trkpt>
<trkpt lat="35.829235" lon="138.990141">
<ele>1684.000000</ele>
<time>2026-07-19T02:26:23Z</time>
<speed>1.630225</speed>
<trueHeading>0.000000</trueHeading>
<magneticHeading>0.000000</magneticHeading>
<gpsHeading>318.048859</gpsHeading>
<haccuracy>5.761000</haccuracy>
<vaccuracy>5.761000</vaccuracy>
<internetconnect>2</internetconnect>
</trkpt>
<trkpt lat="35.829579" lon="138.989521">
<ele>1681.333333</ele>
<time>2026-07-19T02:27:12Z</time>
<speed>1.644673</speed>
<trueHeading>0.000000</trueHeading>
<magneticHeading>0.000000</magneticHeading>
<gpsHeading>304.388885</gpsHeading>
<haccuracy>5.688000</haccuracy>
<vaccuracy>5.688000</vaccuracy>
<internetconnect>2</internetconnect>
</trkpt>
<trkpt lat="35.830083" lon="138.989053">
<ele>1673.666667</ele>
<time>2026-07-19T02:27:59Z</time>
<speed>1.502530</speed>
<trueHeading>0.000000</trueHeading>
<magneticHeading>0.000000</magneticHeading>
<gpsHeading>323.065308</gpsHeading>
<haccuracy>5.632000</haccuracy>
<vaccuracy>5.632000</vaccuracy>
<internetconnect>2</internetconnect>
</trkpt>
<trkpt lat="35.830141" lon="138.988347">
<ele>1664.000000</ele>
<time>2026-07-19T02:28:46Z</time>
<speed>1.570110</speed>
<trueHeading>0.000000</trueHeading>
<magneticHeading>0.000000</magneticHeading>
<gpsHeading>275.723297</gpsHeading>
<haccuracy>5.405000</haccuracy>
<vaccuracy>5.405000</vaccuracy>
<internetconnect>2</internetconnect>
</trkpt>
<trkpt lat="35.830201" lon="138.987814">
<ele>1652.666667</ele>
<time>2026-07-19T02:29:35Z</time>
<speed>1.037447</speed>
<trueHeading>0.000000</trueHeading>
<magneticHeading>0.000000</magneticHeading>
<gpsHeading>278.032227</gpsHeading>
<haccuracy>5.380000</haccuracy>
<vaccuracy>5.380000</vaccuracy>
<internetconnect>2</internetconnect>
</trkpt>
<trkpt lat="35.830269" lon="138.987435">
<ele>1643.666667</ele>
<time>2026-07-19T02:30:22Z</time>
<speed>0.971970</speed>
<trueHeading>0.000000</trueHeading>
<magneticHeading>0.000000</magneticHeading>
<gpsHeading>282.462494</gpsHeading>
<haccuracy>4.517000</haccuracy>
<vaccuracy>4.517000</vaccuracy>
<internetconnect>2</internetconnect>
</trkpt>
<trkpt lat="35.830184" lon="138.986887">
<ele>1640.666667</ele>
<time>2026-07-19T02:31:10Z</time>
<speed>1.503631</speed>
<trueHeading>0.000000</trueHeading>
<magneticHeading>0.000000</magneticHeading>
<gpsHeading>259.135895</gpsHeading>
<haccuracy>5.455000</haccuracy>
<vaccuracy>5.455000</vaccuracy>
<internetconnect>2</internetconnect>
</trkpt>
<trkpt lat="35.830336" lon="138.986288">
<ele>1637.666667</ele>
<time>2026-07-19T02:31:58Z</time>
<speed>1.579956</speed>
<trueHeading>0.000000</trueHeading>
<magneticHeading>0.000000</magneticHeading>
<gpsHeading>287.400970</gpsHeading>
<haccuracy>5.646000</haccuracy>
<vaccuracy>5.646000</vaccuracy>
<internetconnect>2</internetconnect>
</trkpt>
<trkpt lat="35.830645" lon="138.985673">
<ele>1639.333333</ele>
<time>2026-07-19T02:32:46Z</time>
<speed>1.572962</speed>
<trueHeading>0.000000</trueHeading>
<magneticHeading>0.000000</magneticHeading>
<gpsHeading>301.799774</gpsHeading>
<haccuracy>5.027000</haccuracy>
<vaccuracy>5.027000</vaccuracy>
<internetconnect>2</internetconnect>
</trkpt>
<trkpt lat="35.831070" lon="138.985205">
<ele>1642.000000</ele>
<time>2026-07-19T02:33:32Z</time>
<speed>1.342319</speed>
<trueHeading>0.000000</trueHeading>
<magneticHeading>0.000000</magneticHeading>
<gpsHeading>318.214813</gpsHeading>
<haccuracy>5.907000</haccuracy>
<vaccuracy>5.907000</vaccuracy>
<internetconnect>2</internetconnect>
</trkpt>
<trkpt lat="35.831352" lon="138.984953">
<ele>1650.333333</ele>
<time>2026-07-19T02:34:20Z</time>
<speed>1.083028</speed>
<trueHeading>0.000000</trueHeading>
<magneticHeading>0.000000</magneticHeading>
<gpsHeading>324.034790</gpsHeading>
<haccuracy>5.577000</haccuracy>
<vaccuracy>5.577000</vaccuracy>
<internetconnect>2</internetconnect>
</trkpt>
<trkpt lat="35.831579" lon="138.984748">
<ele>1661.333333</ele>
<time>2026-07-19T02:35:09Z</time>
<speed>0.780874</speed>
<trueHeading>0.000000</trueHeading>
<magneticHeading>0.000000</magneticHeading>
<gpsHeading>323.864288</gpsHeading>
<haccuracy>5.737000</haccuracy>
<vaccuracy>5.737000</vaccuracy>
<internetconnect>2</internetconnect>
</trkpt>
<trkpt lat="35.831816" lon="138.984508">
<ele>1672.000000</ele>
<time>2026-07-19T02:36:13Z</time>
<speed>0.964326</speed>
<trueHeading>0.000000</trueHeading>
<magneticHeading>0.000000</magneticHeading>
<gpsHeading>320.601593</gpsHeading>
<haccuracy>4.930000</haccuracy>
<vaccuracy>4.930000</vaccuracy>
<internetconnect>2</internetconnect>
</trkpt>
<trkpt lat="35.832056" lon="138.984311">
<ele>1683.666667</ele>
<time>2026-07-19T02:37:01Z</time>
<speed>0.903842</speed>
<trueHeading>0.000000</trueHeading>
<magneticHeading>0.000000</magneticHeading>
<gpsHeading>326.368011</gpsHeading>
<haccuracy>5.197000</haccuracy>
<vaccuracy>5.197000</vaccuracy>
<internetconnect>2</internetconnect>
</trkpt>
<trkpt lat="35.832334" lon="138.984254">
<ele>1696.666667</ele>
<time>2026-07-19T02:38:24Z</time>
<speed>0.932500</speed>
<trueHeading>0.000000</trueHeading>
<magneticHeading>0.000000</magneticHeading>
<gpsHeading>350.610809</gpsHeading>
<haccuracy>4.925000</haccuracy>
<vaccuracy>4.925000</vaccuracy>
<internetconnect>2</internetconnect>
</trkpt>
<trkpt lat="35.832568" lon="138.984035">
<ele>1712.666667</ele>
<time>2026-07-19T02:39:53Z</time>
<speed>0.679286</speed>
<trueHeading>0.000000</trueHeading>
<magneticHeading>0.000000</magneticHeading>
<gpsHeading>322.831268</gpsHeading>
<haccuracy>4.964000</haccuracy>
<vaccuracy>4.964000</vaccuracy>
<internetconnect>2</internetconnect>
</trkpt>
<trkpt lat="35.832853" lon="138.984077">
<ele>1722.666667</ele>
<time>2026-07-19T02:41:31Z</time>
<speed>0.164062</speed>
<trueHeading>0.000000</trueHeading>
<magneticHeading>0.000000</magneticHeading>
<gpsHeading>6.804198</gpsHeading>
<haccuracy>3.953000</haccuracy>
<vaccuracy>3.953000</vaccuracy>
<internetconnect>2</internetconnect>
</trkpt>
<trkpt lat="35.832818" lon="138.983733">
<ele>1723.333333</ele>
<time>2026-07-19T02:42:19Z</time>
<speed>0.152655</speed>
<trueHeading>0.000000</trueHeading>
<magneticHeading>0.000000</magneticHeading>
<gpsHeading>262.871277</gpsHeading>
<haccuracy>4.608000</haccuracy>
<vaccuracy>4.608000</vaccuracy>
<internetconnect>2</internetconnect>
</trkpt>
<trkpt lat="35.832578" lon="138.983536">
<ele>1712.333333</ele>
<time>2026-07-19T02:43:37Z</time>
<speed>1.388864</speed>
<trueHeading>0.000000</trueHeading>
<magneticHeading>0.000000</magneticHeading>
<gpsHeading>213.518234</gpsHeading>
<haccuracy>3.140000</haccuracy>
<vaccuracy>3.140000</vaccuracy>
<internetconnect>2</internetconnect>
</trkpt>
<trkpt lat="35.832394" lon="138.983249">
<ele>1700.666667</ele>
<time>2026-07-19T02:44:30Z</time>
<speed>0.981536</speed>
<trueHeading>0.000000</trueHeading>
<magneticHeading>0.000000</magneticHeading>
<gpsHeading>231.753326</gpsHeading>
<haccuracy>5.567000</haccuracy>
<vaccuracy>5.567000</vaccuracy>
<internetconnect>2</internetconnect>
</trkpt>
<trkpt lat="35.832311" lon="138.982910">
<ele>1686.666667</ele>
<time>2026-07-19T02:45:36Z</time>
<speed>0.216632</speed>
<trueHeading>0.000000</trueHeading>
<magneticHeading>0.000000</magneticHeading>
<gpsHeading>253.133942</gpsHeading>
<haccuracy>3.149000</haccuracy>
<vaccuracy>3.149000</vaccuracy>
<internetconnect>2</internetconnect>
</trkpt>
<trkpt lat="35.831787" lon="138.982217">
<ele>1675.333333</ele>
<time>2026-07-19T02:46:24Z</time>
<speed>1.619170</speed>
<trueHeading>0.000000</trueHeading>
<magneticHeading>0.000000</magneticHeading>
<gpsHeading>226.986450</gpsHeading>
<haccuracy>5.186000</haccuracy>
<vaccuracy>5.186000</vaccuracy>
<internetconnect>2</internetconnect>
</trkpt>
<trkpt lat="35.831505" lon="138.981675">
<ele>1660.000000</ele>
<time>2026-07-19T02:47:11Z</time>
<speed>0.778216</speed>
<trueHeading>0.000000</trueHeading>
<magneticHeading>0.000000</magneticHeading>
<gpsHeading>237.308807</gpsHeading>
<haccuracy>7.425000</haccuracy>
<vaccuracy>7.425000</vaccuracy>
<internetconnect>2</internetconnect>
</trkpt>
<trkpt lat="35.831086" lon="138.981244">
<ele>1647.666667</ele>
<time>2026-07-19T02:47:58Z</time>
<speed>1.587474</speed>
<trueHeading>0.000000</trueHeading>
<magneticHeading>0.000000</magneticHeading>
<gpsHeading>219.820343</gpsHeading>
<haccuracy>4.008000</haccuracy>
<vaccuracy>4.008000</vaccuracy>
<internetconnect>2</internetconnect>
</trkpt>
<trkpt lat="35.831074" lon="138.980540">
<ele>1640.666667</ele>
<time>2026-07-19T02:48:45Z</time>
<speed>1.419954</speed>
<trueHeading>0.000000</trueHeading>
<magneticHeading>0.000000</magneticHeading>
<gpsHeading>268.796265</gpsHeading>
<haccuracy>3.027000</haccuracy>
<vaccuracy>3.027000</vaccuracy>
<internetconnect>2</internetconnect>
</trkpt>
<trkpt lat="35.831022" lon="138.979910">
<ele>1642.333333</ele>
<time>2026-07-19T02:49:32Z</time>
<speed>1.141970</speed>
<trueHeading>0.000000</trueHeading>
<magneticHeading>0.000000</magneticHeading>
<gpsHeading>264.206390</gpsHeading>
<haccuracy>4.965000</haccuracy>
<vaccuracy>4.965000</vaccuracy>
<internetconnect>2</internetconnect>
</trkpt>
<trkpt lat="35.830854" lon="138.979531">
<ele>1647.333333</ele>
<time>2026-07-19T02:50:19Z</time>
<speed>1.130998</speed>
<trueHeading>0.000000</trueHeading>
<magneticHeading>0.000000</magneticHeading>
<gpsHeading>241.307053</gpsHeading>
<haccuracy>4.795000</haccuracy>
<vaccuracy>4.795000</vaccuracy>
<internetconnect>2</internetconnect>
</trkpt>
<trkpt lat="35.830593" lon="138.978956">
<ele>1646.666667</ele>
<time>2026-07-19T02:51:07Z</time>
<speed>1.500219</speed>
<trueHeading>0.000000</trueHeading>
<magneticHeading>0.000000</magneticHeading>
<gpsHeading>240.836975</gpsHeading>
<haccuracy>4.992000</haccuracy>
<vaccuracy>4.992000</vaccuracy>
<internetconnect>2</internetconnect>
</trkpt>
<trkpt lat="35.830256" lon="138.978304">
<ele>1641.000000</ele>
<time>2026-07-19T02:51:55Z</time>
<speed>1.470793</speed>
<trueHeading>0.000000</trueHeading>
<magneticHeading>0.000000</magneticHeading>
<gpsHeading>237.396133</gpsHeading>
<haccuracy>5.643000</haccuracy>
<vaccuracy>5.643000</vaccuracy>
<internetconnect>2</internetconnect>
</trkpt>
<trkpt lat="35.829889" lon="138.977758">
<ele>1637.333333</ele>
<time>2026-07-19T02:52:42Z</time>
<speed>1.443920</speed>
<trueHeading>0.000000</trueHeading>
<magneticHeading>0.000000</magneticHeading>
<gpsHeading>230.377808</gpsHeading>
<haccuracy>5.224000</haccuracy>
<vaccuracy>5.224000</vaccuracy>
<internetconnect>2</internetconnect>
</trkpt>
<trkpt lat="35.829768" lon="138.977287">
<ele>1638.000000</ele>
<time>2026-07-19T02:53:31Z</time>
<speed>1.149343</speed>
<trueHeading>0.000000</trueHeading>
<magneticHeading>0.000000</magneticHeading>
<gpsHeading>252.487320</gpsHeading>
<haccuracy>6.686000</haccuracy>
<vaccuracy>6.686000</vaccuracy>
<internetconnect>2</internetconnect>
</trkpt>
<trkpt lat="35.829438" lon="138.976739">
<ele>1642.333333</ele>
<time>2026-07-19T02:54:20Z</time>
<speed>0.759203</speed>
<trueHeading>0.000000</trueHeading>
<magneticHeading>0.000000</magneticHeading>
<gpsHeading>233.356949</gpsHeading>
<haccuracy>4.831000</haccuracy>
<vaccuracy>4.831000</vaccuracy>
<internetconnect>2</internetconnect>
</trkpt>
<trkpt lat="35.829294" lon="138.976056">
<ele>1648.000000</ele>
<time>2026-07-19T02:55:08Z</time>
<speed>1.291132</speed>
<trueHeading>0.000000</trueHeading>
<magneticHeading>0.000000</magneticHeading>
<gpsHeading>255.362305</gpsHeading>
<haccuracy>5.231000</haccuracy>
<vaccuracy>5.231000</vaccuracy>
<internetconnect>2</internetconnect>
</trkpt>
<trkpt lat="35.828981" lon="138.975556">
<ele>1654.000000</ele>
<time>2026-07-19T02:55:55Z</time>
<speed>1.432243</speed>
<trueHeading>0.000000</trueHeading>
<magneticHeading>0.000000</magneticHeading>
<gpsHeading>232.302444</gpsHeading>
<haccuracy>5.490000</haccuracy>
<vaccuracy>5.490000</vaccuracy>
<internetconnect>2</internetconnect>
</trkpt>
<trkpt lat="35.828699" lon="138.974908">
<ele>1660.666667</ele>
<time>2026-07-19T02:56:43Z</time>
<speed>1.483250</speed>
<trueHeading>0.000000</trueHeading>
<magneticHeading>0.000000</magneticHeading>
<gpsHeading>241.817413</gpsHeading>
<haccuracy>5.318000</haccuracy>
<vaccuracy>5.318000</vaccuracy>
<internetconnect>2</internetconnect>
</trkpt>
<trkpt lat="35.828460" lon="138.974318">
<ele>1663.000000</ele>
<time>2026-07-19T02:57:31Z</time>
<speed>1.415161</speed>
<trueHeading>0.000000</trueHeading>
<magneticHeading>0.000000</magneticHeading>
<gpsHeading>243.455627</gpsHeading>
<haccuracy>5.349000</haccuracy>
<vaccuracy>5.349000</vaccuracy>
<internetconnect>2</internetconnect>
</trkpt>
<trkpt lat="35.828395" lon="138.973914">
<ele>1668.000000</ele>
<time>2026-07-19T02:58:19Z</time>
<speed>0.406181</speed>
<trueHeading>0.000000</trueHeading>
<magneticHeading>0.000000</magneticHeading>
<gpsHeading>258.767242</gpsHeading>
<haccuracy>4.291000</haccuracy>
<vaccuracy>4.291000</vaccuracy>
<internetconnect>2</internetconnect>
</trkpt>
<trkpt lat="35.829049" lon="138.973623">
<ele>1669.333333</ele>
<time>2026-07-19T02:59:06Z</time>
<speed>1.403453</speed>
<trueHeading>0.000000</trueHeading>
<magneticHeading>0.000000</magneticHeading>
<gpsHeading>340.141846</gpsHeading>
<haccuracy>5.718000</haccuracy>
<vaccuracy>5.718000</vaccuracy>
<internetconnect>2</internetconnect>
</trkpt>
<trkpt lat="35.829482" lon="138.973138">
<ele>1672.333333</ele>
<time>2026-07-19T02:59:53Z</time>
<speed>1.430091</speed>
<trueHeading>0.000000</trueHeading>
<magneticHeading>0.000000</magneticHeading>
<gpsHeading>317.731476</gpsHeading>
<haccuracy>5.295000</haccuracy>
<vaccuracy>5.295000</vaccuracy>
<internetconnect>2</internetconnect>
</trkpt>
<trkpt lat="35.829841" lon="138.972596">
<ele>1672.333333</ele>
<time>2026-07-19T03:00:40Z</time>
<speed>1.530481</speed>
<trueHeading>0.000000</trueHeading>
<magneticHeading>0.000000</magneticHeading>
<gpsHeading>309.276001</gpsHeading>
<haccuracy>5.124000</haccuracy>
<vaccuracy>5.124000</vaccuracy>
<internetconnect>2</internetconnect>
</trkpt>
<trkpt lat="35.830325" lon="138.972204">
<ele>1675.333333</ele>
<time>2026-07-19T03:01:27Z</time>
<speed>1.573661</speed>
<trueHeading>0.000000</trueHeading>
<magneticHeading>0.000000</magneticHeading>
<gpsHeading>326.693665</gpsHeading>
<haccuracy>5.542000</haccuracy>
<vaccuracy>5.542000</vaccuracy>
<internetconnect>2</internetconnect>
</trkpt>
<trkpt lat="35.830643" lon="138.971597">
<ele>1678.000000</ele>
<time>2026-07-19T03:02:16Z</time>
<speed>1.298032</speed>
<trueHeading>0.000000</trueHeading>
<magneticHeading>0.000000</magneticHeading>
<gpsHeading>302.879333</gpsHeading>
<haccuracy>5.409000</haccuracy>
<vaccuracy>5.409000</vaccuracy>
<internetconnect>2</internetconnect>
</trkpt>
<trkpt lat="35.830890" lon="138.970855">
<ele>1680.333333</ele>
<time>2026-07-19T03:03:03Z</time>
<speed>1.423363</speed>
<trueHeading>0.000000</trueHeading>
<magneticHeading>0.000000</magneticHeading>
<gpsHeading>292.344208</gpsHeading>
<haccuracy>5.425000</haccuracy>
<vaccuracy>5.425000</vaccuracy>
<internetconnect>2</internetconnect>
</trkpt>
<trkpt lat="35.831041" lon="138.970150">
<ele>1683.333333</ele>
<time>2026-07-19T03:03:51Z</time>
<speed>1.547248</speed>
<trueHeading>0.000000</trueHeading>
<magneticHeading>0.000000</magneticHeading>
<gpsHeading>284.730164</gpsHeading>
<haccuracy>5.804000</haccuracy>
<vaccuracy>5.804000</vaccuracy>
<internetconnect>2</internetconnect>
</trkpt>
<trkpt lat="35.831071" lon="138.969483">
<ele>1682.000000</ele>
<time>2026-07-19T03:04:39Z</time>
<speed>1.275831</speed>
<trueHeading>0.000000</trueHeading>
<magneticHeading>0.000000</magneticHeading>
<gpsHeading>273.219971</gpsHeading>
<haccuracy>5.242000</haccuracy>
<vaccuracy>5.242000</vaccuracy>
<internetconnect>2</internetconnect>
</trkpt>
<trkpt lat="35.830789" lon="138.968860">
<ele>1679.333333</ele>
<time>2026-07-19T03:05:27Z</time>
<speed>1.421276</speed>
<trueHeading>0.000000</trueHeading>
<magneticHeading>0.000000</magneticHeading>
<gpsHeading>240.828049</gpsHeading>
<haccuracy>5.514000</haccuracy>
<vaccuracy>5.514000</vaccuracy>
<internetconnect>2</internetconnect>
</trkpt>
<trkpt lat="35.830687" lon="138.968201">
<ele>1671.666667</ele>
<time>2026-07-19T03:06:14Z</time>
<speed>1.077772</speed>
<trueHeading>0.000000</trueHeading>
<magneticHeading>0.000000</magneticHeading>
<gpsHeading>259.206024</gpsHeading>
<haccuracy>5.584000</haccuracy>
<vaccuracy>5.584000</vaccuracy>
<internetconnect>2</internetconnect>
</trkpt>
<trkpt lat="35.830456" lon="138.967536">
<ele>1669.333333</ele>
<time>2026-07-19T03:07:00Z</time>
<speed>1.523904</speed>
<trueHeading>0.000000</trueHeading>
<magneticHeading>0.000000</magneticHeading>
<gpsHeading>246.772049</gpsHeading>
<haccuracy>5.307000</haccuracy>
<vaccuracy>5.307000</vaccuracy>
<internetconnect>2</internetconnect>
</trkpt>
<trkpt lat="35.830097" lon="138.966968">
<ele>1668.000000</ele>
<time>2026-07-19T03:07:48Z</time>
<speed>1.619164</speed>
<trueHeading>0.000000</trueHeading>
<magneticHeading>0.000000</magneticHeading>
<gpsHeading>232.066681</gpsHeading>
<haccuracy>4.971000</haccuracy>
<vaccuracy>4.971000</vaccuracy>
<internetconnect>2</internetconnect>
</trkpt>
<trkpt lat="35.830034" lon="138.966318">
<ele>1670.333333</ele>
<time>2026-07-19T03:08:36Z</time>
<speed>1.385833</speed>
<trueHeading>0.000000</trueHeading>
<magneticHeading>0.000000</magneticHeading>
<gpsHeading>263.217072</gpsHeading>
<haccuracy>5.598000</haccuracy>
<vaccuracy>5.598000</vaccuracy>
<internetconnect>2</internetconnect>
</trkpt>
<trkpt lat="35.829821" lon="138.965635">
<ele>1674.333333</ele>
<time>2026-07-19T03:09:23Z</time>
<speed>1.392267</speed>
<trueHeading>0.000000</trueHeading>
<magneticHeading>0.000000</magneticHeading>
<gpsHeading>248.956207</gpsHeading>
<haccuracy>5.026000</haccuracy>
<vaccuracy>5.026000</vaccuracy>
<internetconnect>2</internetconnect>
</trkpt>
<trkpt lat="35.829582" lon="138.965160">
<ele>1679.666667</ele>
<time>2026-07-19T03:10:10Z</time>
<speed>1.371595</speed>
<trueHeading>0.000000</trueHeading>
<magneticHeading>0.000000</magneticHeading>
<gpsHeading>238.197754</gpsHeading>
<haccuracy>5.488000</haccuracy>
<vaccuracy>5.488000</vaccuracy>
<internetconnect>2</internetconnect>
</trkpt>
<trkpt lat="35.829368" lon="138.964752">
<ele>1686.666667</ele>
<time>2026-07-19T03:10:57Z</time>
<speed>1.295608</speed>
<trueHeading>0.000000</trueHeading>
<magneticHeading>0.000000</magneticHeading>
<gpsHeading>237.071442</gpsHeading>
<haccuracy>5.285000</haccuracy>
<vaccuracy>5.285000</vaccuracy>
<internetconnect>2</internetconnect>
</trkpt>
<trkpt lat="35.829162" lon="138.964345">
<ele>1694.000000</ele>
<time>2026-07-19T03:11:46Z</time>
<speed>1.129203</speed>
<trueHeading>0.000000</trueHeading>
<magneticHeading>0.000000</magneticHeading>
<gpsHeading>238.017746</gpsHeading>
<haccuracy>5.469000</haccuracy>
<vaccuracy>5.469000</vaccuracy>
<internetconnect>2</internetconnect>
</trkpt>
<trkpt lat="35.829191" lon="138.963990">
<ele>1704.000000</ele>
<time>2026-07-19T03:12:38Z</time>
<speed>1.410880</speed>
<trueHeading>0.000000</trueHeading>
<magneticHeading>0.000000</magneticHeading>
<gpsHeading>275.809387</gpsHeading>
<haccuracy>5.366000</haccuracy>
<vaccuracy>5.366000</vaccuracy>
<internetconnect>2</internetconnect>
</trkpt>
<trkpt lat="35.829193" lon="138.963491">
<ele>1714.666667</ele>
<time>2026-07-19T03:13:27Z</time>
<speed>0.700143</speed>
<trueHeading>0.000000</trueHeading>
<magneticHeading>0.000000</magneticHeading>
<gpsHeading>270.269287</gpsHeading>
<haccuracy>4.545000</haccuracy>
<vaccuracy>4.545000</vaccuracy>
<internetconnect>2</internetconnect>
</trkpt>
<trkpt lat="35.829148" lon="138.963119">
<ele>1723.333333</ele>
<time>2026-07-19T03:14:19Z</time>
<speed>1.214046</speed>
<trueHeading>0.000000</trueHeading>
<magneticHeading>0.000000</magneticHeading>
<gpsHeading>261.488068</gpsHeading>
<haccuracy>4.978000</haccuracy>
<vaccuracy>4.978000</vaccuracy>
<internetconnect>2</internetconnect>
</trkpt>
<trkpt lat="35.829289" lon="138.962632">
<ele>1729.666667</ele>
<time>2026-07-19T03:15:07Z</time>
<speed>1.243266</speed>
<trueHeading>0.000000</trueHeading>
<magneticHeading>0.000000</magneticHeading>
<gpsHeading>289.679260</gpsHeading>
<haccuracy>5.426000</haccuracy>
<vaccuracy>5.426000</vaccuracy>
<internetconnect>2</internetconnect>
</trkpt>
<trkpt lat="35.829418" lon="138.962217">
<ele>1738.000000</ele>
<time>2026-07-19T03:15:55Z</time>
<speed>0.818232</speed>
<trueHeading>0.000000</trueHeading>
<magneticHeading>0.000000</magneticHeading>
<gpsHeading>290.944855</gpsHeading>
<haccuracy>4.631000</haccuracy>
<vaccuracy>4.631000</vaccuracy>
<internetconnect>2</internetconnect>
</trkpt>
<trkpt lat="35.829527" lon="138.961852">
<ele>1746.333333</ele>
<time>2026-07-19T03:16:45Z</time>
<speed>0.843112</speed>
<trueHeading>0.000000</trueHeading>
<magneticHeading>0.000000</magneticHeading>
<gpsHeading>290.223938</gpsHeading>
<haccuracy>3.068000</haccuracy>
<vaccuracy>3.068000</vaccuracy>
<internetconnect>2</internetconnect>
</trkpt>
<trkpt lat="35.829806" lon="138.961723">
<ele>1750.333333</ele>
<time>2026-07-19T03:18:14Z</time>
<speed>1.272011</speed>
<trueHeading>0.000000</trueHeading>
<magneticHeading>0.000000</magneticHeading>
<gpsHeading>339.431396</gpsHeading>
<haccuracy>3.008000</haccuracy>
<vaccuracy>3.008000</vaccuracy>
<internetconnect>2</internetconnect>
</trkpt>
<trkpt lat="35.830148" lon="138.961626">
<ele>1746.333333</ele>
<time>2026-07-19T03:19:02Z</time>
<speed>1.288589</speed>
<trueHeading>0.000000</trueHeading>
<magneticHeading>0.000000</magneticHeading>
<gpsHeading>347.151093</gpsHeading>
<haccuracy>3.043000</haccuracy>
<vaccuracy>3.043000</vaccuracy>
<internetconnect>2</internetconnect>
</trkpt>
<trkpt lat="35.830432" lon="138.961376">
<ele>1737.000000</ele>
<time>2026-07-19T03:19:49Z</time>
<speed>1.202318</speed>
<trueHeading>0.000000</trueHeading>
<magneticHeading>0.000000</magneticHeading>
<gpsHeading>324.412872</gpsHeading>
<haccuracy>4.925000</haccuracy>
<vaccuracy>4.925000</vaccuracy>
<internetconnect>2</internetconnect>
</trkpt>
<trkpt lat="35.830636" lon="138.961086">
<ele>1725.000000</ele>
<time>2026-07-19T03:20:40Z</time>
<speed>0.044558</speed>
<trueHeading>0.000000</trueHeading>
<magneticHeading>0.000000</magneticHeading>
<gpsHeading>311.021637</gpsHeading>
<haccuracy>4.000000</haccuracy>
<vaccuracy>4.000000</vaccuracy>
<internetconnect>2</internetconnect>
</trkpt>
<trkpt lat="35.830668" lon="138.960744">
<ele>1710.666667</ele>
<time>2026-07-19T03:22:04Z</time>
<speed>1.350805</speed>
<trueHeading>0.000000</trueHeading>
<magneticHeading>0.000000</magneticHeading>
<gpsHeading>276.653259</gpsHeading>
<haccuracy>5.083000</haccuracy>
<vaccuracy>5.083000</vaccuracy>
<internetconnect>2</internetconnect>
</trkpt>
<trkpt lat="35.830824" lon="138.960444">
<ele>1695.666667</ele>
<time>2026-07-19T03:22:57Z</time>
<speed>1.388820</speed>
<trueHeading>0.000000</trueHeading>
<magneticHeading>0.000000</magneticHeading>
<gpsHeading>302.610443</gpsHeading>
<haccuracy>4.474000</haccuracy>
<vaccuracy>4.474000</vaccuracy>
<internetconnect>2</internetconnect>
</trkpt>
<trkpt lat="35.830884" lon="138.960072">
<ele>1682.666667</ele>
<time>2026-07-19T03:23:44Z</time>
<speed>1.278614</speed>
<trueHeading>0.000000</trueHeading>
<magneticHeading>0.000000</magneticHeading>
<gpsHeading>281.257416</gpsHeading>
<haccuracy>3.809000</haccuracy>
<vaccuracy>3.809000</vaccuracy>
<internetconnect>2</internetconnect>
</trkpt>
<trkpt lat="35.830984" lon="138.959582">
<ele>1673.000000</ele>
<time>2026-07-19T03:24:32Z</time>
<speed>1.423317</speed>
<trueHeading>0.000000</trueHeading>
<magneticHeading>0.000000</magneticHeading>
<gpsHeading>284.142517</gpsHeading>
<haccuracy>3.324000</haccuracy>
<vaccuracy>3.324000</vaccuracy>
<internetconnect>2</internetconnect>
</trkpt>
<trkpt lat="35.831358" lon="138.959051">
<ele>1663.666667</ele>
<time>2026-07-19T03:25:18Z</time>
<speed>1.602953</speed>
<trueHeading>0.000000</trueHeading>
<magneticHeading>0.000000</magneticHeading>
<gpsHeading>310.911530</gpsHeading>
<haccuracy>5.488000</haccuracy>
<vaccuracy>5.488000</vaccuracy>
<internetconnect>2</internetconnect>
</trkpt>
<trkpt lat="35.831943" lon="138.958754">
<ele>1658.000000</ele>
<time>2026-07-19T03:26:06Z</time>
<speed>1.583884</speed>
<trueHeading>0.000000</trueHeading>
<magneticHeading>0.000000</magneticHeading>
<gpsHeading>337.678589</gpsHeading>
<haccuracy>5.512000</haccuracy>
<vaccuracy>5.512000</vaccuracy>
<internetconnect>2</internetconnect>
</trkpt>
<trkpt lat="35.832419" lon="138.958439">
<ele>1656.333333</ele>
<time>2026-07-19T03:26:54Z</time>
<speed>1.621130</speed>
<trueHeading>0.000000</trueHeading>
<magneticHeading>0.000000</magneticHeading>
<gpsHeading>331.762817</gpsHeading>
<haccuracy>6.165000</haccuracy>
<vaccuracy>6.165000</vaccuracy>
<internetconnect>2</internetconnect>
</trkpt>
<trkpt lat="35.832845" lon="138.958027">
<ele>1662.000000</ele>
<time>2026-07-19T03:27:41Z</time>
<speed>1.513083</speed>
<trueHeading>0.000000</trueHeading>
<magneticHeading>0.000000</magneticHeading>
<gpsHeading>321.901154</gpsHeading>
<haccuracy>5.247000</haccuracy>
<vaccuracy>5.247000</vaccuracy>
<internetconnect>2</internetconnect>
</trkpt>
<trkpt lat="35.833020" lon="138.957532">
<ele>1670.000000</ele>
<time>2026-07-19T03:28:29Z</time>
<speed>1.220104</speed>
<trueHeading>0.000000</trueHeading>
<magneticHeading>0.000000</magneticHeading>
<gpsHeading>293.559937</gpsHeading>
<haccuracy>4.942000</haccuracy>
<vaccuracy>4.942000</vaccuracy>
<internetconnect>2</internetconnect>
</trkpt>
<trkpt lat="35.833386" lon="138.957127">
<ele>1677.000000</ele>
<time>2026-07-19T03:29:18Z</time>
<speed>1.373235</speed>
<trueHeading>0.000000</trueHeading>
<magneticHeading>0.000000</magneticHeading>
<gpsHeading>318.072388</gpsHeading>
<haccuracy>3.047000</haccuracy>
<vaccuracy>3.047000</vaccuracy>
<internetconnect>2</internetconnect>
</trkpt>
<trkpt lat="35.833718" lon="138.956690">
<ele>1682.333333</ele>
<time>2026-07-19T03:30:05Z</time>
<speed>1.466737</speed>
<trueHeading>0.000000</trueHeading>
<magneticHeading>0.000000</magneticHeading>
<gpsHeading>313.142212</gpsHeading>
<haccuracy>3.111000</haccuracy>
<vaccuracy>3.111000</vaccuracy>
<internetconnect>2</internetconnect>
</trkpt>
<trkpt lat="35.834216" lon="138.956279">
<ele>1686.000000</ele>
<time>2026-07-19T03:30:52Z</time>
<speed>1.547404</speed>
<trueHeading>0.000000</trueHeading>
<magneticHeading>0.000000</magneticHeading>
<gpsHeading>326.282349</gpsHeading>
<haccuracy>3.038000</haccuracy>
<vaccuracy>3.038000</vaccuracy>
<internetconnect>2</internetconnect>
</trkpt>
<trkpt lat="35.834570" lon="138.955671">
<ele>1690.333333</ele>
<time>2026-07-19T03:31:40Z</time>
<speed>1.351051</speed>
<trueHeading>0.000000</trueHeading>
<magneticHeading>0.000000</magneticHeading>
<gpsHeading>305.667267</gpsHeading>
<haccuracy>3.018000</haccuracy>
<vaccuracy>3.018000</vaccuracy>
<internetconnect>2</internetconnect>
</trkpt>
<trkpt lat="35.834944" lon="138.955169">
<ele>1694.666667</ele>
<time>2026-07-19T03:32:27Z</time>
<speed>1.495503</speed>
<trueHeading>0.000000</trueHeading>
<magneticHeading>0.000000</magneticHeading>
<gpsHeading>312.570648</gpsHeading>
<haccuracy>3.026000</haccuracy>
<vaccuracy>3.026000</vaccuracy>
<internetconnect>2</internetconnect>
</trkpt>
<trkpt lat="35.835344" lon="138.954648">
<ele>1698.000000</ele>
<time>2026-07-19T03:33:14Z</time>
<speed>1.478945</speed>
<trueHeading>0.000000</trueHeading>
<magneticHeading>0.000000</magneticHeading>
<gpsHeading>313.481445</gpsHeading>
<haccuracy>3.022000</haccuracy>
<vaccuracy>3.022000</vaccuracy>
<internetconnect>2</internetconnect>
</trkpt>
<trkpt lat="35.835883" lon="138.954106">
<ele>1697.333333</ele>
<time>2026-07-19T03:34:01Z</time>
<speed>1.722880</speed>
<trueHeading>0.000000</trueHeading>
<magneticHeading>0.000000</magneticHeading>
<gpsHeading>320.781494</gpsHeading>
<haccuracy>3.601000</haccuracy>
<vaccuracy>3.601000</vaccuracy>
<internetconnect>2</internetconnect>
</trkpt>
<trkpt lat="35.836295" lon="138.953406">
<ele>1694.000000</ele>
<time>2026-07-19T03:34:48Z</time>
<speed>1.756980</speed>
<trueHeading>0.000000</trueHeading>
<magneticHeading>0.000000</magneticHeading>
<gpsHeading>305.973724</gpsHeading>
<haccuracy>5.976000</haccuracy>
<vaccuracy>5.976000</vaccuracy>
<internetconnect>2</internetconnect>
</trkpt>
<trkpt lat="35.836803" lon="138.952919">
<ele>1693.333333</ele>
<time>2026-07-19T03:35:34Z</time>
<speed>1.533356</speed>
<trueHeading>0.000000</trueHeading>
<magneticHeading>0.000000</magneticHeading>
<gpsHeading>322.214172</gpsHeading>
<haccuracy>4.997000</haccuracy>
<vaccuracy>4.997000</vaccuracy>
<internetconnect>2</internetconnect>
</trkpt>
<trkpt lat="35.837283" lon="138.952465">
<ele>1697.000000</ele>
<time>2026-07-19T03:36:22Z</time>
<speed>1.533946</speed>
<trueHeading>0.000000</trueHeading>
<magneticHeading>0.000000</magneticHeading>
<gpsHeading>322.443665</gpsHeading>
<haccuracy>5.154000</haccuracy>
<vaccuracy>5.154000</vaccuracy>
<internetconnect>2</internetconnect>
</trkpt>
<trkpt lat="35.837641" lon="138.952104">
<ele>1705.333333</ele>
<time>2026-07-19T03:37:09Z</time>
<speed>1.433079</speed>
<trueHeading>0.000000</trueHeading>
<magneticHeading>0.000000</magneticHeading>
<gpsHeading>320.750427</gpsHeading>
<haccuracy>5.205000</haccuracy>
<vaccuracy>5.205000</vaccuracy>
<internetconnect>2</internetconnect>
</trkpt>
<trkpt lat="35.837987" lon="138.951791">
<ele>1714.000000</ele>
<time>2026-07-19T03:37:57Z</time>
<speed>1.441613</speed>
<trueHeading>0.000000</trueHeading>
<magneticHeading>0.000000</magneticHeading>
<gpsHeading>323.824890</gpsHeading>
<haccuracy>5.125000</haccuracy>
<vaccuracy>5.125000</vaccuracy>
<internetconnect>2</internetconnect>
</trkpt>
<trkpt lat="35.838307" lon="138.951388">
<ele>1723.333333</ele>
<time>2026-07-19T03:38:46Z</time>
<speed>1.149252</speed>
<trueHeading>0.000000</trueHeading>
<magneticHeading>0.000000</magneticHeading>
<gpsHeading>314.349121</gpsHeading>
<haccuracy>4.824000</haccuracy>
<vaccuracy>4.824000</vaccuracy>
<internetconnect>2</internetconnect>
</trkpt>
<trkpt lat="35.838478" lon="138.951046">
<ele>1731.000000</ele>
<time>2026-07-19T03:39:34Z</time>
<speed>1.341615</speed>
<trueHeading>0.000000</trueHeading>
<magneticHeading>0.000000</magneticHeading>
<gpsHeading>301.672607</gpsHeading>
<haccuracy>6.031000</haccuracy>
<vaccuracy>6.031000</vaccuracy>
<internetconnect>2</internetconnect>
</trkpt>
<trkpt lat="35.838855" lon="138.950693">
<ele>1736.666667</ele>
<time>2026-07-19T03:40:22Z</time>
<speed>1.420917</speed>
<trueHeading>0.000000</trueHeading>
<magneticHeading>0.000000</magneticHeading>
<gpsHeading>322.776337</gpsHeading>
<haccuracy>5.663000</haccuracy>
<vaccuracy>5.663000</vaccuracy>
<internetconnect>2</internetconnect>
</trkpt>
<trkpt lat="35.839178" lon="138.950210">
<ele>1740.333333</ele>
<time>2026-07-19T03:41:10Z</time>
<speed>1.289702</speed>
<trueHeading>0.000000</trueHeading>
<magneticHeading>0.000000</magneticHeading>
<gpsHeading>309.554993</gpsHeading>
<haccuracy>5.174000</haccuracy>
<vaccuracy>5.174000</vaccuracy>
<internetconnect>2</internetconnect>
</trkpt>
<trkpt lat="35.839589" lon="138.949766">
<ele>1742.000000</ele>
<time>2026-07-19T03:41:57Z</time>
<speed>1.609462</speed>
<trueHeading>0.000000</trueHeading>
<magneticHeading>0.000000</magneticHeading>
<gpsHeading>318.823212</gpsHeading>
<haccuracy>5.312000</haccuracy>
<vaccuracy>5.312000</vaccuracy>
<internetconnect>2</internetconnect>
</trkpt>
<trkpt lat="35.840042" lon="138.949316">
<ele>1742.333333</ele>
<time>2026-07-19T03:42:45Z</time>
<speed>1.592838</speed>
<trueHeading>0.000000</trueHeading>
<magneticHeading>0.000000</magneticHeading>
<gpsHeading>321.118713</gpsHeading>
<haccuracy>5.381000</haccuracy>
<vaccuracy>5.381000</vaccuracy>
<internetconnect>2</internetconnect>
</trkpt>
<trkpt lat="35.840548" lon="138.948810">
<ele>1743.666667</ele>
<time>2026-07-19T03:43:32Z</time>
<speed>1.598439</speed>
<trueHeading>0.000000</trueHeading>
<magneticHeading>0.000000</magneticHeading>
<gpsHeading>321.008728</gpsHeading>
<haccuracy>4.904000</haccuracy>
<vaccuracy>4.904000</vaccuracy>
<internetconnect>2</internetconnect>
</trkpt>
<trkpt lat="35.841133" lon="138.948403">
<ele>1747.666667</ele>
<time>2026-07-19T03:44:20Z</time>
<speed>1.524834</speed>
<trueHeading>0.000000</trueHeading>
<magneticHeading>0.000000</magneticHeading>
<gpsHeading>330.485535</gpsHeading>
<haccuracy>5.325000</haccuracy>
<vaccuracy>5.325000</vaccuracy>
<internetconnect>2</internetconnect>
</trkpt>
<trkpt lat="35.841659" lon="138.948177">
<ele>1754.000000</ele>
<time>2026-07-19T03:45:09Z</time>
<speed>1.616434</speed>
<trueHeading>0.000000</trueHeading>
<magneticHeading>0.000000</magneticHeading>
<gpsHeading>340.829498</gpsHeading>
<haccuracy>3.044000</haccuracy>
<vaccuracy>3.044000</vaccuracy>
<internetconnect>2</internetconnect>
</trkpt>
<trkpt lat="35.841984" lon="138.947720">
<ele>1761.666667</ele>
<time>2026-07-19T03:45:58Z</time>
<speed>1.259333</speed>
<trueHeading>0.000000</trueHeading>
<magneticHeading>0.000000</magneticHeading>
<gpsHeading>311.332275</gpsHeading>
<haccuracy>3.043000</haccuracy>
<vaccuracy>3.043000</vaccuracy>
<internetconnect>2</internetconnect>
</trkpt>
<trkpt lat="35.842447" lon="138.947643">
<ele>1767.333333</ele>
<time>2026-07-19T03:46:46Z</time>
<speed>1.439802</speed>
<trueHeading>0.000000</trueHeading>
<magneticHeading>0.000000</magneticHeading>
<gpsHeading>352.274384</gpsHeading>
<haccuracy>4.572000</haccuracy>
<vaccuracy>4.572000</vaccuracy>
<internetconnect>2</internetconnect>
</trkpt>
<trkpt lat="35.842975" lon="138.947718">
<ele>1772.333333</ele>
<time>2026-07-19T03:47:35Z</time>
<speed>1.538899</speed>
<trueHeading>0.000000</trueHeading>
<magneticHeading>0.000000</magneticHeading>
<gpsHeading>6.564753</gpsHeading>
<haccuracy>5.419000</haccuracy>
<vaccuracy>5.419000</vaccuracy>
<internetconnect>2</internetconnect>
</trkpt>
<trkpt lat="35.843486" lon="138.948084">
<ele>1776.666667</ele>
<time>2026-07-19T03:48:21Z</time>
<speed>1.482719</speed>
<trueHeading>0.000000</trueHeading>
<magneticHeading>0.000000</magneticHeading>
<gpsHeading>30.124016</gpsHeading>
<haccuracy>5.477000</haccuracy>
<vaccuracy>5.477000</vaccuracy>
<internetconnect>2</internetconnect>
</trkpt>
<trkpt lat="35.844018" lon="138.947977">
<ele>1784.000000</ele>
<time>2026-07-19T03:49:10Z</time>
<speed>1.501236</speed>
<trueHeading>0.000000</trueHeading>
<magneticHeading>0.000000</magneticHeading>
<gpsHeading>350.799652</gpsHeading>
<haccuracy>5.448000</haccuracy>
<vaccuracy>5.448000</vaccuracy>
<internetconnect>2</internetconnect>
</trkpt>
<trkpt lat="35.844496" lon="138.947738">
<ele>1791.666667</ele>
<time>2026-07-19T03:49:57Z</time>
<speed>1.428270</speed>
<trueHeading>0.000000</trueHeading>
<magneticHeading>0.000000</magneticHeading>
<gpsHeading>337.937012</gpsHeading>
<haccuracy>4.704000</haccuracy>
<vaccuracy>4.704000</vaccuracy>
<internetconnect>2</internetconnect>
</trkpt>
<trkpt lat="35.845036" lon="138.947778">
<ele>1798.666667</ele>
<time>2026-07-19T03:50:45Z</time>
<speed>1.409055</speed>
<trueHeading>0.000000</trueHeading>
<magneticHeading>0.000000</magneticHeading>
<gpsHeading>3.401914</gpsHeading>
<haccuracy>5.329000</haccuracy>
<vaccuracy>5.329000</vaccuracy>
<internetconnect>2</internetconnect>
</trkpt>
<trkpt lat="35.845490" lon="138.947824">
<ele>1805.000000</ele>
<time>2026-07-19T03:51:32Z</time>
<speed>1.484236</speed>
<trueHeading>0.000000</trueHeading>
<magneticHeading>0.000000</magneticHeading>
<gpsHeading>4.755433</gpsHeading>
<haccuracy>5.878000</haccuracy>
<vaccuracy>5.878000</vaccuracy>
<internetconnect>2</internetconnect>
</trkpt>
<trkpt lat="35.845961" lon="138.947693">
<ele>1810.666667</ele>
<time>2026-07-19T03:52:20Z</time>
<speed>1.302259</speed>
<trueHeading>0.000000</trueHeading>
<magneticHeading>0.000000</magneticHeading>
<gpsHeading>347.329315</gpsHeading>
<haccuracy>4.536000</haccuracy>
<vaccuracy>4.536000</vaccuracy>
<internetconnect>2</internetconnect>
</trkpt>
<trkpt lat="35.846261" lon="138.947726">
<ele>1819.000000</ele>
<time>2026-07-19T03:53:09Z</time>
<speed>1.022986</speed>
<trueHeading>0.000000</trueHeading>
<magneticHeading>0.000000</magneticHeading>
<gpsHeading>5.049235</gpsHeading>
<haccuracy>4.879000</haccuracy>
<vaccuracy>4.879000</vaccuracy>
<internetconnect>2</internetconnect>
</trkpt>
<trkpt lat="35.846589" lon="138.947593">
<ele>1827.666667</ele>
<time>2026-07-19T03:53:56Z</time>
<speed>1.373406</speed>
<trueHeading>0.000000</trueHeading>
<magneticHeading>0.000000</magneticHeading>
<gpsHeading>341.792358</gpsHeading>
<haccuracy>5.171000</haccuracy>
<vaccuracy>5.171000</vaccuracy>
<internetconnect>2</internetconnect>
</trkpt>
<trkpt lat="35.846927" lon="138.947545">
<ele>1838.333333</ele>
<time>2026-07-19T03:54:45Z</time>
<speed>1.192902</speed>
<trueHeading>0.000000</trueHeading>
<magneticHeading>0.000000</magneticHeading>
<gpsHeading>353.410187</gpsHeading>
<haccuracy>5.074000</haccuracy>
<vaccuracy>5.074000</vaccuracy>
<internetconnect>2</internetconnect>
</trkpt>
<trkpt lat="35.847245" lon="138.947494">
<ele>1849.333333</ele>
<time>2026-07-19T03:55:35Z</time>
<speed>1.109738</speed>
<trueHeading>0.000000</trueHeading>
<magneticHeading>0.000000</magneticHeading>
<gpsHeading>352.662018</gpsHeading>
<haccuracy>4.918000</haccuracy>
<vaccuracy>4.918000</vaccuracy>
<internetconnect>2</internetconnect>
</trkpt>
<trkpt lat="35.847527" lon="138.947574">
<ele>1860.333333</ele>
<time>2026-07-19T03:56:33Z</time>
<speed>1.049797</speed>
<trueHeading>0.000000</trueHeading>
<magneticHeading>0.000000</magneticHeading>
<gpsHeading>12.941267</gpsHeading>
<haccuracy>4.402000</haccuracy>
<vaccuracy>4.402000</vaccuracy>
<internetconnect>2</internetconnect>
</trkpt>
<trkpt lat="35.847805" lon="138.947657">
<ele>1869.333333</ele>
<time>2026-07-19T03:57:28Z</time>
<speed>1.059464</speed>
<trueHeading>0.000000</trueHeading>
<magneticHeading>0.000000</magneticHeading>
<gpsHeading>13.503237</gpsHeading>
<haccuracy>4.620000</haccuracy>
<vaccuracy>4.620000</vaccuracy>
<internetconnect>2</internetconnect>
</trkpt>
<trkpt lat="35.848036" lon="138.947901">
<ele>1877.000000</ele>
<time>2026-07-19T03:58:16Z</time>
<speed>1.421858</speed>
<trueHeading>0.000000</trueHeading>
<magneticHeading>0.000000</magneticHeading>
<gpsHeading>40.701450</gpsHeading>
<haccuracy>5.892000</haccuracy>
<vaccuracy>5.892000</vaccuracy>
<internetconnect>2</internetconnect>
</trkpt>
<trkpt lat="35.848420" lon="138.948207">
<ele>1888.333333</ele>
<time>2026-07-19T03:59:04Z</time>
<speed>1.180672</speed>
<trueHeading>0.000000</trueHeading>
<magneticHeading>0.000000</magneticHeading>
<gpsHeading>32.811840</gpsHeading>
<haccuracy>4.995000</haccuracy>
<vaccuracy>4.995000</vaccuracy>
<internetconnect>2</internetconnect>
</trkpt>
<trkpt lat="35.848704" lon="138.948283">
<ele>1902.666667</ele>
<time>2026-07-19T04:00:09Z</time>
<speed>1.081113</speed>
<trueHeading>0.000000</trueHeading>
<magneticHeading>0.000000</magneticHeading>
<gpsHeading>12.313643</gpsHeading>
<haccuracy>5.501000</haccuracy>
<vaccuracy>5.501000</vaccuracy>
<internetconnect>2</internetconnect>
</trkpt>
<trkpt lat="35.848974" lon="138.948414">
<ele>1918.333333</ele>
<time>2026-07-19T04:01:32Z</time>
<speed>1.072180</speed>
<trueHeading>0.000000</trueHeading>
<magneticHeading>0.000000</magneticHeading>
<gpsHeading>21.402100</gpsHeading>
<haccuracy>3.004000</haccuracy>
<vaccuracy>3.004000</vaccuracy>
<internetconnect>2</internetconnect>
</trkpt>
<trkpt lat="35.849278" lon="138.948406">
<ele>1927.000000</ele>
<time>2026-07-19T04:02:29Z</time>
<speed>1.232072</speed>
<trueHeading>0.000000</trueHeading>
<magneticHeading>0.000000</magneticHeading>
<gpsHeading>358.745026</gpsHeading>
<haccuracy>4.716000</haccuracy>
<vaccuracy>4.716000</vaccuracy>
<internetconnect>2</internetconnect>
</trkpt>
<trkpt lat="35.849686" lon="138.948239">
<ele>1930.333333</ele>
<time>2026-07-19T04:03:17Z</time>
<speed>1.512140</speed>
<trueHeading>0.000000</trueHeading>
<magneticHeading>0.000000</magneticHeading>
<gpsHeading>341.726105</gpsHeading>
<haccuracy>5.356000</haccuracy>
<vaccuracy>5.356000</vaccuracy>
<internetconnect>2</internetconnect>
</trkpt>
<trkpt lat="35.850193" lon="138.948062">
<ele>1930.666667</ele>
<time>2026-07-19T04:04:04Z</time>
<speed>1.532801</speed>
<trueHeading>0.000000</trueHeading>
<magneticHeading>0.000000</magneticHeading>
<gpsHeading>344.179932</gpsHeading>
<haccuracy>3.053000</haccuracy>
<vaccuracy>3.053000</vaccuracy>
<internetconnect>2</internetconnect>
</trkpt>
<trkpt lat="35.850775" lon="138.947826">
<ele>1933.666667</ele>
<time>2026-07-19T04:04:52Z</time>
<speed>1.474350</speed>
<trueHeading>0.000000</trueHeading>
<magneticHeading>0.000000</magneticHeading>
<gpsHeading>341.776764</gpsHeading>
<haccuracy>3.044000</haccuracy>
<vaccuracy>3.044000</vaccuracy>
<internetconnect>2</internetconnect>
</trkpt>
<trkpt lat="35.851216" lon="138.947471">
<ele>1940.333333</ele>
<time>2026-07-19T04:05:40Z</time>
<speed>1.392411</speed>
<trueHeading>0.000000</trueHeading>
<magneticHeading>0.000000</magneticHeading>
<gpsHeading>326.825958</gpsHeading>
<haccuracy>3.006000</haccuracy>
<vaccuracy>3.006000</vaccuracy>
<internetconnect>2</internetconnect>
</trkpt>
<trkpt lat="35.851599" lon="138.947187">
<ele>1948.000000</ele>
<time>2026-07-19T04:06:29Z</time>
<speed>1.278368</speed>
<trueHeading>0.000000</trueHeading>
<magneticHeading>0.000000</magneticHeading>
<gpsHeading>329.088379</gpsHeading>
<haccuracy>3.000000</haccuracy>
<vaccuracy>3.000000</vaccuracy>
<internetconnect>2</internetconnect>
</trkpt>
<trkpt lat="35.852010" lon="138.947040">
<ele>1955.333333</ele>
<time>2026-07-19T04:07:17Z</time>
<speed>1.370770</speed>
<trueHeading>0.000000</trueHeading>
<magneticHeading>0.000000</magneticHeading>
<gpsHeading>343.810760</gpsHeading>
<haccuracy>4.679000</haccuracy>
<vaccuracy>4.679000</vaccuracy>
<internetconnect>2</internetconnect>
</trkpt>
<trkpt lat="35.852476" lon="138.946762">
<ele>1961.333333</ele>
<time>2026-07-19T04:08:04Z</time>
<speed>1.409109</speed>
<trueHeading>0.000000</trueHeading>
<magneticHeading>0.000000</magneticHeading>
<gpsHeading>334.170380</gpsHeading>
<haccuracy>5.187000</haccuracy>
<vaccuracy>5.187000</vaccuracy>
<internetconnect>2</internetconnect>
</trkpt>
<trkpt lat="35.852947" lon="138.946431">
<ele>1967.333333</ele>
<time>2026-07-19T04:08:53Z</time>
<speed>1.351641</speed>
<trueHeading>0.000000</trueHeading>
<magneticHeading>0.000000</magneticHeading>
<gpsHeading>330.296753</gpsHeading>
<haccuracy>3.010000</haccuracy>
<vaccuracy>3.010000</vaccuracy>
<internetconnect>2</internetconnect>
</trkpt>
<trkpt lat="35.853395" lon="138.946142">
<ele>1973.000000</ele>
<time>2026-07-19T04:09:41Z</time>
<speed>1.460674</speed>
<trueHeading>0.000000</trueHeading>
<magneticHeading>0.000000</magneticHeading>
<gpsHeading>332.461395</gpsHeading>
<haccuracy>5.180000</haccuracy>
<vaccuracy>5.180000</vaccuracy>
<internetconnect>2</internetconnect>
</trkpt>
<trkpt lat="35.853833" lon="138.945737">
<ele>1975.333333</ele>
<time>2026-07-19T04:10:30Z</time>
<speed>1.513302</speed>
<trueHeading>0.000000</trueHeading>
<magneticHeading>0.000000</magneticHeading>
<gpsHeading>323.136719</gpsHeading>
<haccuracy>4.982000</haccuracy>
<vaccuracy>4.982000</vaccuracy>
<internetconnect>2</internetconnect>
</trkpt>
<trkpt lat="35.854220" lon="138.945201">
<ele>1979.000000</ele>
<time>2026-07-19T04:11:16Z</time>
<speed>1.586534</speed>
<trueHeading>0.000000</trueHeading>
<magneticHeading>0.000000</magneticHeading>
<gpsHeading>311.723694</gpsHeading>
<haccuracy>5.335000</haccuracy>
<vaccuracy>5.335000</vaccuracy>
<internetconnect>2</internetconnect>
</trkpt>
<trkpt lat="35.854502" lon="138.944604">
<ele>1984.666667</ele>
<time>2026-07-19T04:12:04Z</time>
<speed>1.365961</speed>
<trueHeading>0.000000</trueHeading>
<magneticHeading>0.000000</magneticHeading>
<gpsHeading>300.238159</gpsHeading>
<haccuracy>4.946000</haccuracy>
<vaccuracy>4.946000</vaccuracy>
<internetconnect>2</internetconnect>
</trkpt>
<trkpt lat="35.854548" lon="138.944263">
<ele>1994.333333</ele>
<time>2026-07-19T04:12:56Z</time>
<speed>0.991018</speed>
<trueHeading>0.000000</trueHeading>
<magneticHeading>0.000000</magneticHeading>
<gpsHeading>279.335114</gpsHeading>
<haccuracy>5.188000</haccuracy>
<vaccuracy>5.188000</vaccuracy>
<internetconnect>2</internetconnect>
</trkpt>
<trkpt lat="35.854828" lon="138.944146">
<ele>2002.000000</ele>
<time>2026-07-19T04:13:43Z</time>
<speed>1.045260</speed>
<trueHeading>0.000000</trueHeading>
<magneticHeading>0.000000</magneticHeading>
<gpsHeading>341.399048</gpsHeading>
<haccuracy>4.739000</haccuracy>
<vaccuracy>4.739000</vaccuracy>
<internetconnect>2</internetconnect>
</trkpt>
<trkpt lat="35.855294" lon="138.944031">
<ele>2008.000000</ele>
<time>2026-07-19T04:14:33Z</time>
<speed>1.385130</speed>
<trueHeading>0.000000</trueHeading>
<magneticHeading>0.000000</magneticHeading>
<gpsHeading>348.701111</gpsHeading>
<haccuracy>5.641000</haccuracy>
<vaccuracy>5.641000</vaccuracy>
<internetconnect>2</internetconnect>
</trkpt>
<trkpt lat="35.855535" lon="138.943965">
<ele>2010.000000</ele>
<time>2026-07-19T04:16:39Z</time>
<speed>0.633654</speed>
<trueHeading>0.000000</trueHeading>
<magneticHeading>0.000000</magneticHeading>
<gpsHeading>347.446869</gpsHeading>
<haccuracy>3.316000</haccuracy>
<vaccuracy>3.316000</vaccuracy>
<internetconnect>2</internetconnect>
</trkpt>
<trkpt lat="35.855264" lon="138.944078">
<ele>2008.000000</ele>
<time>2026-07-19T04:17:31Z</time>
<speed>1.496626</speed>
<trueHeading>0.000000</trueHeading>
<magneticHeading>0.000000</magneticHeading>
<gpsHeading>161.344925</gpsHeading>
<haccuracy>3.119000</haccuracy>
<vaccuracy>3.119000</vaccuracy>
<internetconnect>2</internetconnect>
</trkpt>
<trkpt lat="35.854723" lon="138.944139">
<ele>2004.000000</ele>
<time>2026-07-19T04:18:18Z</time>
<speed>1.262450</speed>
<trueHeading>0.000000</trueHeading>
<magneticHeading>0.000000</magneticHeading>
<gpsHeading>174.739700</gpsHeading>
<haccuracy>5.848000</haccuracy>
<vaccuracy>5.848000</vaccuracy>
<internetconnect>2</internetconnect>
</trkpt>
<trkpt lat="35.854643" lon="138.944024">
<ele>1999.333333</ele>
<time>2026-07-19T04:21:56Z</time>
<speed>0.246322</speed>
<trueHeading>0.000000</trueHeading>
<magneticHeading>0.000000</magneticHeading>
<gpsHeading>229.349930</gpsHeading>
<haccuracy>5.776000</haccuracy>
<vaccuracy>5.776000</vaccuracy>
<internetconnect>2</internetconnect>
</trkpt>
<trkpt lat="35.854583" lon="138.944366">
<ele>1993.000000</ele>
<time>2026-07-19T04:23:42Z</time>
<speed>1.699335</speed>
<trueHeading>0.000000</trueHeading>
<magneticHeading>0.000000</magneticHeading>
<gpsHeading>102.144913</gpsHeading>
<haccuracy>5.250000</haccuracy>
<vaccuracy>5.250000</vaccuracy>
<internetconnect>2</internetconnect>
</trkpt>
<trkpt lat="35.854419" lon="138.944737">
<ele>1983.666667</ele>
<time>2026-07-19T04:24:29Z</time>
<speed>1.606382</speed>
<trueHeading>0.000000</trueHeading>
<magneticHeading>0.000000</magneticHeading>
<gpsHeading>118.567314</gpsHeading>
<haccuracy>4.897000</haccuracy>
<vaccuracy>4.897000</vaccuracy>
<internetconnect>2</internetconnect>
</trkpt>
<trkpt lat="35.854170" lon="138.945380">
<ele>1978.666667</ele>
<time>2026-07-19T04:25:17Z</time>
<speed>1.629779</speed>
<trueHeading>0.000000</trueHeading>
<magneticHeading>0.000000</magneticHeading>
<gpsHeading>115.585342</gpsHeading>
<haccuracy>5.377000</haccuracy>
<vaccuracy>5.377000</vaccuracy>
<internetconnect>2</internetconnect>
</trkpt>
<trkpt lat="35.853737" lon="138.945939">
<ele>1974.666667</ele>
<time>2026-07-19T04:26:05Z</time>
<speed>1.627354</speed>
<trueHeading>0.000000</trueHeading>
<magneticHeading>0.000000</magneticHeading>
<gpsHeading>133.713760</gpsHeading>
<haccuracy>5.124000</haccuracy>
<vaccuracy>5.124000</vaccuracy>
<internetconnect>2</internetconnect>
</trkpt>
<trkpt lat="35.853143" lon="138.946380">
<ele>1971.000000</ele>
<time>2026-07-19T04:26:53Z</time>
<speed>1.345199</speed>
<trueHeading>0.000000</trueHeading>
<magneticHeading>0.000000</magneticHeading>
<gpsHeading>148.948395</gpsHeading>
<haccuracy>5.923000</haccuracy>
<vaccuracy>5.923000</vaccuracy>
<internetconnect>2</internetconnect>
</trkpt>
<trkpt lat="35.852565" lon="138.946750">
<ele>1963.333333</ele>
<time>2026-07-19T04:27:40Z</time>
<speed>1.674463</speed>
<trueHeading>0.000000</trueHeading>
<magneticHeading>0.000000</magneticHeading>
<gpsHeading>152.555023</gpsHeading>
<haccuracy>6.258000</haccuracy>
<vaccuracy>6.258000</vaccuracy>
<internetconnect>2</internetconnect>
</trkpt>
<trkpt lat="35.852020" lon="138.947066">
<ele>1954.666667</ele>
<time>2026-07-19T04:28:27Z</time>
<speed>1.333161</speed>
<trueHeading>0.000000</trueHeading>
<magneticHeading>0.000000</magneticHeading>
<gpsHeading>154.892700</gpsHeading>
<haccuracy>4.778000</haccuracy>
<vaccuracy>4.778000</vaccuracy>
<internetconnect>2</internetconnect>
</trkpt>
<trkpt lat="35.851453" lon="138.947286">
<ele>1945.000000</ele>
<time>2026-07-19T04:29:14Z</time>
<speed>1.694236</speed>
<trueHeading>0.000000</trueHeading>
<magneticHeading>0.000000</magneticHeading>
<gpsHeading>162.481522</gpsHeading>
<haccuracy>5.643000</haccuracy>
<vaccuracy>5.643000</vaccuracy>
<internetconnect>2</internetconnect>
</trkpt>
<trkpt lat="35.850993" lon="138.947710">
<ele>1937.333333</ele>
<time>2026-07-19T04:30:01Z</time>
<speed>1.400160</speed>
<trueHeading>0.000000</trueHeading>
<magneticHeading>0.000000</magneticHeading>
<gpsHeading>143.228348</gpsHeading>
<haccuracy>5.509000</haccuracy>
<vaccuracy>5.509000</vaccuracy>
<internetconnect>2</internetconnect>
</trkpt>
<trkpt lat="35.850481" lon="138.947777">
<ele>1933.000000</ele>
<time>2026-07-19T04:30:47Z</time>
<speed>1.590502</speed>
<trueHeading>0.000000</trueHeading>
<magneticHeading>0.000000</magneticHeading>
<gpsHeading>174.003555</gpsHeading>
<haccuracy>5.929000</haccuracy>
<vaccuracy>5.929000</vaccuracy>
<internetconnect>2</internetconnect>
</trkpt>
<trkpt lat="35.849961" lon="138.948141">
<ele>1931.666667</ele>
<time>2026-07-19T04:31:35Z</time>
<speed>1.616292</speed>
<trueHeading>0.000000</trueHeading>
<magneticHeading>0.000000</magneticHeading>
<gpsHeading>150.423981</gpsHeading>
<haccuracy>5.287000</haccuracy>
<vaccuracy>5.287000</vaccuracy>
<internetconnect>2</internetconnect>
</trkpt>
<trkpt lat="35.849378" lon="138.948235">
<ele>1926.000000</ele>
<time>2026-07-19T04:32:22Z</time>
<speed>1.375328</speed>
<trueHeading>0.000000</trueHeading>
<magneticHeading>0.000000</magneticHeading>
<gpsHeading>172.577713</gpsHeading>
<haccuracy>5.855000</haccuracy>
<vaccuracy>5.855000</vaccuracy>
<internetconnect>2</internetconnect>
</trkpt>
<trkpt lat="35.848914" lon="138.948328">
<ele>1916.333333</ele>
<time>2026-07-19T04:33:11Z</time>
<speed>1.585599</speed>
<trueHeading>0.000000</trueHeading>
<magneticHeading>0.000000</magneticHeading>
<gpsHeading>170.782013</gpsHeading>
<haccuracy>5.447000</haccuracy>
<vaccuracy>5.447000</vaccuracy>
<internetconnect>2</internetconnect>
</trkpt>
<trkpt lat="35.848663" lon="138.948127">
<ele>1898.000000</ele>
<time>2026-07-19T04:34:48Z</time>
<speed>0.420393</speed>
<trueHeading>0.000000</trueHeading>
<magneticHeading>0.000000</magneticHeading>
<gpsHeading>212.998032</gpsHeading>
<haccuracy>3.294000</haccuracy>
<vaccuracy>3.294000</vaccuracy>
<internetconnect>2</internetconnect>
</trkpt>
<trkpt lat="35.848488" lon="138.947806">
<ele>1883.000000</ele>
<time>2026-07-19T04:35:46Z</time>
<speed>1.462823</speed>
<trueHeading>0.000000</trueHeading>
<magneticHeading>0.000000</magneticHeading>
<gpsHeading>235.978302</gpsHeading>
<haccuracy>13.316000</haccuracy>
<vaccuracy>13.316000</vaccuracy>
<internetconnect>2</internetconnect>
</trkpt>
<trkpt lat="35.847748" lon="138.947792">
<ele>1869.333333</ele>
<time>2026-07-19T04:36:33Z</time>
<speed>1.610622</speed>
<trueHeading>0.000000</trueHeading>
<magneticHeading>0.000000</magneticHeading>
<gpsHeading>180.859985</gpsHeading>
<haccuracy>5.148000</haccuracy>
<vaccuracy>5.148000</vaccuracy>
<internetconnect>2</internetconnect>
</trkpt>
<trkpt lat="35.847500" lon="138.947578">
<ele>1859.666667</ele>
<time>2026-07-19T04:37:35Z</time>
<speed>1.479926</speed>
<trueHeading>0.000000</trueHeading>
<magneticHeading>0.000000</magneticHeading>
<gpsHeading>215.058792</gpsHeading>
<haccuracy>6.651000</haccuracy>
<vaccuracy>6.651000</vaccuracy>
<internetconnect>2</internetconnect>
</trkpt>
<trkpt lat="35.847135" lon="138.947551">
<ele>1847.666667</ele>
<time>2026-07-19T04:38:23Z</time>
<speed>0.119228</speed>
<trueHeading>0.000000</trueHeading>
<magneticHeading>0.000000</magneticHeading>
<gpsHeading>183.340805</gpsHeading>
<haccuracy>5.324000</haccuracy>
<vaccuracy>5.324000</vaccuracy>
<internetconnect>2</internetconnect>
</trkpt>
<trkpt lat="35.846846" lon="138.947615">
<ele>1835.666667</ele>
<time>2026-07-19T04:39:11Z</time>
<speed>1.608512</speed>
<trueHeading>0.000000</trueHeading>
<magneticHeading>0.000000</magneticHeading>
<gpsHeading>169.842590</gpsHeading>
<haccuracy>4.991000</haccuracy>
<vaccuracy>4.991000</vaccuracy>
<internetconnect>2</internetconnect>
</trkpt>
<trkpt lat="35.846562" lon="138.947461">
<ele>1824.666667</ele>
<time>2026-07-19T04:39:58Z</time>
<speed>1.501816</speed>
<trueHeading>0.000000</trueHeading>
<magneticHeading>0.000000</magneticHeading>
<gpsHeading>203.680161</gpsHeading>
<haccuracy>6.265000</haccuracy>
<vaccuracy>6.265000</vaccuracy>
<internetconnect>2</internetconnect>
</trkpt>
<trkpt lat="35.846138" lon="138.947638">
<ele>1815.333333</ele>
<time>2026-07-19T04:40:45Z</time>
<speed>1.570469</speed>
<trueHeading>0.000000</trueHeading>
<magneticHeading>0.000000</magneticHeading>
<gpsHeading>161.362381</gpsHeading>
<haccuracy>4.909000</haccuracy>
<vaccuracy>4.909000</vaccuracy>
<internetconnect>2</internetconnect>
</trkpt>
<trkpt lat="35.845784" lon="138.947710">
<ele>1807.000000</ele>
<time>2026-07-19T04:41:32Z</time>
<speed>1.521867</speed>
<trueHeading>0.000000</trueHeading>
<magneticHeading>0.000000</magneticHeading>
<gpsHeading>170.568970</gpsHeading>
<haccuracy>6.535000</haccuracy>
<vaccuracy>6.535000</vaccuracy>
<internetconnect>2</internetconnect>
</trkpt>
<trkpt lat="35.845321" lon="138.947740">
<ele>1800.333333</ele>
<time>2026-07-19T04:42:19Z</time>
<speed>1.529748</speed>
<trueHeading>0.000000</trueHeading>
<magneticHeading>0.000000</magneticHeading>
<gpsHeading>177.075363</gpsHeading>
<haccuracy>4.794000</haccuracy>
<vaccuracy>4.794000</vaccuracy>
<internetconnect>2</internetconnect>
</trkpt>
<trkpt lat="35.844708" lon="138.947716">
<ele>1793.000000</ele>
<time>2026-07-19T04:43:06Z</time>
<speed>1.586775</speed>
<trueHeading>0.000000</trueHeading>
<magneticHeading>0.000000</magneticHeading>
<gpsHeading>181.756058</gpsHeading>
<haccuracy>5.707000</haccuracy>
<vaccuracy>5.707000</vaccuracy>
<internetconnect>2</internetconnect>
</trkpt>
<trkpt lat="35.844214" lon="138.947926">
<ele>1787.000000</ele>
<time>2026-07-19T04:43:53Z</time>
<speed>1.549698</speed>
<trueHeading>0.000000</trueHeading>
<magneticHeading>0.000000</magneticHeading>
<gpsHeading>161.031082</gpsHeading>
<haccuracy>5.247000</haccuracy>
<vaccuracy>5.247000</vaccuracy>
<internetconnect>2</internetconnect>
</trkpt>
<trkpt lat="35.843624" lon="138.947995">
<ele>1781.666667</ele>
<time>2026-07-19T04:44:39Z</time>
<speed>1.426269</speed>
<trueHeading>0.000000</trueHeading>
<magneticHeading>0.000000</magneticHeading>
<gpsHeading>174.530807</gpsHeading>
<haccuracy>5.625000</haccuracy>
<vaccuracy>5.625000</vaccuracy>
<internetconnect>2</internetconnect>
</trkpt>
<trkpt lat="35.843106" lon="138.947753">
<ele>1775.666667</ele>
<time>2026-07-19T04:45:26Z</time>
<speed>1.497583</speed>
<trueHeading>0.000000</trueHeading>
<magneticHeading>0.000000</magneticHeading>
<gpsHeading>200.804245</gpsHeading>
<haccuracy>5.360000</haccuracy>
<vaccuracy>5.360000</vaccuracy>
<internetconnect>2</internetconnect>
</trkpt>
<trkpt lat="35.842527" lon="138.947714">
<ele>1768.333333</ele>
<time>2026-07-19T04:46:13Z</time>
<speed>1.534927</speed>
<trueHeading>0.000000</trueHeading>
<magneticHeading>0.000000</magneticHeading>
<gpsHeading>183.091217</gpsHeading>
<haccuracy>5.105000</haccuracy>
<vaccuracy>5.105000</vaccuracy>
<internetconnect>2</internetconnect>
</trkpt>
<trkpt lat="35.842004" lon="138.947749">
<ele>1760.666667</ele>
<time>2026-07-19T04:47:00Z</time>
<speed>1.389373</speed>
<trueHeading>0.000000</trueHeading>
<magneticHeading>0.000000</magneticHeading>
<gpsHeading>176.929657</gpsHeading>
<haccuracy>5.330000</haccuracy>
<vaccuracy>5.330000</vaccuracy>
<internetconnect>2</internetconnect>
</trkpt>
<trkpt lat="35.841631" lon="138.948182">
<ele>1754.666667</ele>
<time>2026-07-19T04:47:48Z</time>
<speed>1.383290</speed>
<trueHeading>0.000000</trueHeading>
<magneticHeading>0.000000</magneticHeading>
<gpsHeading>136.738968</gpsHeading>
<haccuracy>4.914000</haccuracy>
<vaccuracy>4.914000</vaccuracy>
<internetconnect>2</internetconnect>
</trkpt>
<trkpt lat="35.841410" lon="138.948426">
<ele>1748.333333</ele>
<time>2026-07-19T04:49:02Z</time>
<speed>1.381535</speed>
<trueHeading>0.000000</trueHeading>
<magneticHeading>0.000000</magneticHeading>
<gpsHeading>138.065186</gpsHeading>
<haccuracy>5.202000</haccuracy>
<vaccuracy>5.202000</vaccuracy>
<internetconnect>2</internetconnect>
</trkpt>
<trkpt lat="35.840834" lon="138.948702">
<ele>1744.000000</ele>
<time>2026-07-19T04:49:49Z</time>
<speed>1.555827</speed>
<trueHeading>0.000000</trueHeading>
<magneticHeading>0.000000</magneticHeading>
<gpsHeading>158.855331</gpsHeading>
<haccuracy>4.927000</haccuracy>
<vaccuracy>4.927000</vaccuracy>
<internetconnect>2</internetconnect>
</trkpt>
<trkpt lat="35.840307" lon="138.949073">
<ele>1742.000000</ele>
<time>2026-07-19T04:50:36Z</time>
<speed>1.391628</speed>
<trueHeading>0.000000</trueHeading>
<magneticHeading>0.000000</magneticHeading>
<gpsHeading>150.262634</gpsHeading>
<haccuracy>5.060000</haccuracy>
<vaccuracy>5.060000</vaccuracy>
<internetconnect>2</internetconnect>
</trkpt>
<trkpt lat="35.839895" lon="138.949532">
<ele>1742.000000</ele>
<time>2026-07-19T04:51:24Z</time>
<speed>1.566416</speed>
<trueHeading>0.000000</trueHeading>
<magneticHeading>0.000000</magneticHeading>
<gpsHeading>137.868210</gpsHeading>
<haccuracy>5.016000</haccuracy>
<vaccuracy>5.016000</vaccuracy>
<internetconnect>2</internetconnect>
</trkpt>
<trkpt lat="35.839373" lon="138.949983">
<ele>1741.000000</ele>
<time>2026-07-19T04:52:12Z</time>
<speed>1.542566</speed>
<trueHeading>0.000000</trueHeading>
<magneticHeading>0.000000</magneticHeading>
<gpsHeading>145.044006</gpsHeading>
<haccuracy>5.608000</haccuracy>
<vaccuracy>5.608000</vaccuracy>
<internetconnect>2</internetconnect>
</trkpt>
<trkpt lat="35.838973" lon="138.950531">
<ele>1738.000000</ele>
<time>2026-07-19T04:52:58Z</time>
<speed>1.440709</speed>
<trueHeading>0.000000</trueHeading>
<magneticHeading>0.000000</magneticHeading>
<gpsHeading>131.957916</gpsHeading>
<haccuracy>5.186000</haccuracy>
<vaccuracy>5.186000</vaccuracy>
<internetconnect>2</internetconnect>
</trkpt>
<trkpt lat="35.838559" lon="138.950974">
<ele>1731.333333</ele>
<time>2026-07-19T04:53:44Z</time>
<speed>1.540117</speed>
<trueHeading>0.000000</trueHeading>
<magneticHeading>0.000000</magneticHeading>
<gpsHeading>139.064941</gpsHeading>
<haccuracy>5.888000</haccuracy>
<vaccuracy>5.888000</vaccuracy>
<internetconnect>2</internetconnect>
</trkpt>
<trkpt lat="35.838304" lon="138.951527">
<ele>1721.333333</ele>
<time>2026-07-19T04:54:32Z</time>
<speed>1.447240</speed>
<trueHeading>0.000000</trueHeading>
<magneticHeading>0.000000</magneticHeading>
<gpsHeading>119.633324</gpsHeading>
<haccuracy>5.062000</haccuracy>
<vaccuracy>5.062000</vaccuracy>
<internetconnect>2</internetconnect>
</trkpt>
<trkpt lat="35.838390" lon="138.951861">
<ele>1710.666667</ele>
<time>2026-07-19T04:55:23Z</time>
<speed>1.504604</speed>
<trueHeading>0.000000</trueHeading>
<magneticHeading>0.000000</magneticHeading>
<gpsHeading>72.413200</gpsHeading>
<haccuracy>11.998000</haccuracy>
<vaccuracy>11.998000</vaccuracy>
<internetconnect>2</internetconnect>
</trkpt>
<trkpt lat="35.837556" lon="138.952199">
<ele>1701.666667</ele>
<time>2026-07-19T04:56:10Z</time>
<speed>1.523685</speed>
<trueHeading>0.000000</trueHeading>
<magneticHeading>0.000000</magneticHeading>
<gpsHeading>161.832306</gpsHeading>
<haccuracy>5.723000</haccuracy>
<vaccuracy>5.723000</vaccuracy>
<internetconnect>2</internetconnect>
</trkpt>
<trkpt lat="35.837208" lon="138.952570">
<ele>1695.666667</ele>
<time>2026-07-19T04:56:57Z</time>
<speed>1.403622</speed>
<trueHeading>0.000000</trueHeading>
<magneticHeading>0.000000</magneticHeading>
<gpsHeading>139.093094</gpsHeading>
<haccuracy>5.738000</haccuracy>
<vaccuracy>5.738000</vaccuracy>
<internetconnect>2</internetconnect>
</trkpt>
<trkpt lat="35.836684" lon="138.952842">
<ele>1692.666667</ele>
<time>2026-07-19T04:57:44Z</time>
<speed>1.424669</speed>
<trueHeading>0.000000</trueHeading>
<magneticHeading>0.000000</magneticHeading>
<gpsHeading>157.235107</gpsHeading>
<haccuracy>5.323000</haccuracy>
<vaccuracy>5.323000</vaccuracy>
<internetconnect>2</internetconnect>
</trkpt>
<trkpt lat="35.836362" lon="138.953292">
<ele>1693.666667</ele>
<time>2026-07-19T04:58:32Z</time>
<speed>1.611650</speed>
<trueHeading>0.000000</trueHeading>
<magneticHeading>0.000000</magneticHeading>
<gpsHeading>131.478638</gpsHeading>
<haccuracy>5.684000</haccuracy>
<vaccuracy>5.684000</vaccuracy>
<internetconnect>2</internetconnect>
</trkpt>
<trkpt lat="35.836000" lon="138.953893">
<ele>1697.666667</ele>
<time>2026-07-19T04:59:21Z</time>
<speed>1.470949</speed>
<trueHeading>0.000000</trueHeading>
<magneticHeading>0.000000</magneticHeading>
<gpsHeading>126.588867</gpsHeading>
<haccuracy>5.395000</haccuracy>
<vaccuracy>5.395000</vaccuracy>
<internetconnect>2</internetconnect>
</trkpt>
<trkpt lat="35.835590" lon="138.954384">
<ele>1698.666667</ele>
<time>2026-07-19T05:00:07Z</time>
<speed>1.590673</speed>
<trueHeading>0.000000</trueHeading>
<magneticHeading>0.000000</magneticHeading>
<gpsHeading>135.851669</gpsHeading>
<haccuracy>5.276000</haccuracy>
<vaccuracy>5.276000</vaccuracy>
<internetconnect>2</internetconnect>
</trkpt>
<trkpt lat="35.835078" lon="138.954879">
<ele>1696.666667</ele>
<time>2026-07-19T05:00:54Z</time>
<speed>1.703056</speed>
<trueHeading>0.000000</trueHeading>
<magneticHeading>0.000000</magneticHeading>
<gpsHeading>141.884537</gpsHeading>
<haccuracy>5.849000</haccuracy>
<vaccuracy>5.849000</vaccuracy>
<internetconnect>2</internetconnect>
</trkpt>
<trkpt lat="35.834693" lon="138.955555">
<ele>1691.333333</ele>
<time>2026-07-19T05:01:40Z</time>
<speed>1.579377</speed>
<trueHeading>0.000000</trueHeading>
<magneticHeading>0.000000</magneticHeading>
<gpsHeading>125.111282</gpsHeading>
<haccuracy>5.514000</haccuracy>
<vaccuracy>5.514000</vaccuracy>
<internetconnect>2</internetconnect>
</trkpt>
<trkpt lat="35.834243" lon="138.956239">
<ele>1686.666667</ele>
<time>2026-07-19T05:02:28Z</time>
<speed>1.664444</speed>
<trueHeading>0.000000</trueHeading>
<magneticHeading>0.000000</magneticHeading>
<gpsHeading>129.028442</gpsHeading>
<haccuracy>5.699000</haccuracy>
<vaccuracy>5.699000</vaccuracy>
<internetconnect>2</internetconnect>
</trkpt>
<trkpt lat="35.833699" lon="138.956634">
<ele>1681.666667</ele>
<time>2026-07-19T05:03:14Z</time>
<speed>1.606264</speed>
<trueHeading>0.000000</trueHeading>
<magneticHeading>0.000000</magneticHeading>
<gpsHeading>149.538727</gpsHeading>
<haccuracy>5.496000</haccuracy>
<vaccuracy>5.496000</vaccuracy>
<internetconnect>2</internetconnect>
</trkpt>
<trkpt lat="35.833327" lon="138.957289">
<ele>1675.333333</ele>
<time>2026-07-19T05:04:01Z</time>
<speed>1.706713</speed>
<trueHeading>0.000000</trueHeading>
<magneticHeading>0.000000</magneticHeading>
<gpsHeading>125.054008</gpsHeading>
<haccuracy>5.717000</haccuracy>
<vaccuracy>5.717000</vaccuracy>
<internetconnect>2</internetconnect>
</trkpt>
<trkpt lat="35.832974" lon="138.957778">
<ele>1668.333333</ele>
<time>2026-07-19T05:04:47Z</time>
<speed>1.581760</speed>
<trueHeading>0.000000</trueHeading>
<magneticHeading>0.000000</magneticHeading>
<gpsHeading>131.639740</gpsHeading>
<haccuracy>4.946000</haccuracy>
<vaccuracy>4.946000</vaccuracy>
<internetconnect>2</internetconnect>
</trkpt>
<trkpt lat="35.832737" lon="138.958386">
<ele>1660.000000</ele>
<time>2026-07-19T05:05:35Z</time>
<speed>1.551617</speed>
<trueHeading>0.000000</trueHeading>
<magneticHeading>0.000000</magneticHeading>
<gpsHeading>115.673225</gpsHeading>
<haccuracy>5.918000</haccuracy>
<vaccuracy>5.918000</vaccuracy>
<internetconnect>2</internetconnect>
</trkpt>
<trkpt lat="35.832215" lon="138.958696">
<ele>1656.000000</ele>
<time>2026-07-19T05:06:21Z</time>
<speed>1.640022</speed>
<trueHeading>0.000000</trueHeading>
<magneticHeading>0.000000</magneticHeading>
<gpsHeading>154.326492</gpsHeading>
<haccuracy>5.869000</haccuracy>
<vaccuracy>5.869000</vaccuracy>
<internetconnect>2</internetconnect>
</trkpt>
<trkpt lat="35.831596" lon="138.958722">
<ele>1655.333333</ele>
<time>2026-07-19T05:07:08Z</time>
<speed>1.489314</speed>
<trueHeading>0.000000</trueHeading>
<magneticHeading>0.000000</magneticHeading>
<gpsHeading>178.069931</gpsHeading>
<haccuracy>5.461000</haccuracy>
<vaccuracy>5.461000</vaccuracy>
<internetconnect>2</internetconnect>
</trkpt>
<trkpt lat="35.831064" lon="138.958908">
<ele>1654.000000</ele>
<time>2026-07-19T05:07:56Z</time>
<speed>1.422247</speed>
<trueHeading>0.000000</trueHeading>
<magneticHeading>0.000000</magneticHeading>
<gpsHeading>164.198959</gpsHeading>
<haccuracy>6.002000</haccuracy>
<vaccuracy>6.002000</vaccuracy>
<internetconnect>2</internetconnect>
</trkpt>
<trkpt lat="35.830828" lon="138.959276">
<ele>1652.000000</ele>
<time>2026-07-19T05:08:43Z</time>
<speed>1.437420</speed>
<trueHeading>0.000000</trueHeading>
<magneticHeading>0.000000</magneticHeading>
<gpsHeading>128.297775</gpsHeading>
<haccuracy>5.504000</haccuracy>
<vaccuracy>5.504000</vaccuracy>
<internetconnect>2</internetconnect>
</trkpt>
<trkpt lat="35.830441" lon="138.959746">
<ele>1649.333333</ele>
<time>2026-07-19T05:09:30Z</time>
<speed>1.456210</speed>
<trueHeading>0.000000</trueHeading>
<magneticHeading>0.000000</magneticHeading>
<gpsHeading>135.494110</gpsHeading>
<haccuracy>5.967000</haccuracy>
<vaccuracy>5.967000</vaccuracy>
<internetconnect>2</internetconnect>
</trkpt>
<trkpt lat="35.829978" lon="138.959880">
<ele>1651.333333</ele>
<time>2026-07-19T05:10:17Z</time>
<speed>1.491785</speed>
<trueHeading>0.000000</trueHeading>
<magneticHeading>0.000000</magneticHeading>
<gpsHeading>166.764603</gpsHeading>
<haccuracy>6.262000</haccuracy>
<vaccuracy>6.262000</vaccuracy>
<internetconnect>2</internetconnect>
</trkpt>
<trkpt lat="35.829533" lon="138.959895">
<ele>1651.333333</ele>
<time>2026-07-19T05:11:05Z</time>
<speed>1.378713</speed>
<trueHeading>0.000000</trueHeading>
<magneticHeading>0.000000</magneticHeading>
<gpsHeading>178.412262</gpsHeading>
<haccuracy>5.603000</haccuracy>
<vaccuracy>5.603000</vaccuracy>
<internetconnect>2</internetconnect>
</trkpt>
<trkpt lat="35.828984" lon="138.959736">
<ele>1650.666667</ele>
<time>2026-07-19T05:11:51Z</time>
<speed>1.560213</speed>
<trueHeading>0.000000</trueHeading>
<magneticHeading>0.000000</magneticHeading>
<gpsHeading>193.237091</gpsHeading>
<haccuracy>5.959000</haccuracy>
<vaccuracy>5.959000</vaccuracy>
<internetconnect>2</internetconnect>
</trkpt>
<trkpt lat="35.828415" lon="138.959762">
<ele>1647.000000</ele>
<time>2026-07-19T05:12:39Z</time>
<speed>1.618101</speed>
<trueHeading>0.000000</trueHeading>
<magneticHeading>0.000000</magneticHeading>
<gpsHeading>177.901657</gpsHeading>
<haccuracy>5.934000</haccuracy>
<vaccuracy>5.934000</vaccuracy>
<internetconnect>2</internetconnect>
</trkpt>
<trkpt lat="35.827855" lon="138.959604">
<ele>1646.000000</ele>
<time>2026-07-19T05:13:26Z</time>
<speed>1.545786</speed>
<trueHeading>0.000000</trueHeading>
<magneticHeading>0.000000</magneticHeading>
<gpsHeading>192.884979</gpsHeading>
<haccuracy>6.128000</haccuracy>
<vaccuracy>6.128000</vaccuracy>
<internetconnect>2</internetconnect>
</trkpt>
<trkpt lat="35.827283" lon="138.959470">
<ele>1645.000000</ele>
<time>2026-07-19T05:14:13Z</time>
<speed>1.465360</speed>
<trueHeading>0.000000</trueHeading>
<magneticHeading>0.000000</magneticHeading>
<gpsHeading>190.711182</gpsHeading>
<haccuracy>4.851000</haccuracy>
<vaccuracy>4.851000</vaccuracy>
<internetconnect>2</internetconnect>
</trkpt>
<trkpt lat="35.826934" lon="138.959949">
<ele>1639.333333</ele>
<time>2026-07-19T05:15:00Z</time>
<speed>1.556732</speed>
<trueHeading>0.000000</trueHeading>
<magneticHeading>0.000000</magneticHeading>
<gpsHeading>131.960281</gpsHeading>
<haccuracy>5.197000</haccuracy>
<vaccuracy>5.197000</vaccuracy>
<internetconnect>2</internetconnect>
</trkpt>
<trkpt lat="35.826416" lon="138.960131">
<ele>1635.000000</ele>
<time>2026-07-19T05:15:48Z</time>
<speed>1.652692</speed>
<trueHeading>0.000000</trueHeading>
<magneticHeading>0.000000</magneticHeading>
<gpsHeading>164.138199</gpsHeading>
<haccuracy>5.757000</haccuracy>
<vaccuracy>5.757000</vaccuracy>
<internetconnect>2</internetconnect>
</trkpt>
<trkpt lat="35.825913" lon="138.960391">
<ele>1627.666667</ele>
<time>2026-07-19T05:16:34Z</time>
<speed>1.658316</speed>
<trueHeading>0.000000</trueHeading>
<magneticHeading>0.000000</magneticHeading>
<gpsHeading>157.249542</gpsHeading>
<haccuracy>5.853000</haccuracy>
<vaccuracy>5.853000</vaccuracy>
<internetconnect>2</internetconnect>
</trkpt>
<trkpt lat="35.825363" lon="138.960398">
<ele>1622.333333</ele>
<time>2026-07-19T05:17:21Z</time>
<speed>1.555162</speed>
<trueHeading>0.000000</trueHeading>
<magneticHeading>0.000000</magneticHeading>
<gpsHeading>179.392548</gpsHeading>
<haccuracy>5.725000</haccuracy>
<vaccuracy>5.725000</vaccuracy>
<internetconnect>2</internetconnect>
</trkpt>
<trkpt lat="35.824984" lon="138.960891">
<ele>1608.333333</ele>
<time>2026-07-19T05:18:08Z</time>
<speed>1.493911</speed>
<trueHeading>0.000000</trueHeading>
<magneticHeading>0.000000</magneticHeading>
<gpsHeading>133.470047</gpsHeading>
<haccuracy>5.893000</haccuracy>
<vaccuracy>5.893000</vaccuracy>
<internetconnect>2</internetconnect>
</trkpt>
<trkpt lat="35.825176" lon="138.961442">
<ele>1595.666667</ele>
<time>2026-07-19T05:18:56Z</time>
<speed>1.441219</speed>
<trueHeading>0.000000</trueHeading>
<magneticHeading>0.000000</magneticHeading>
<gpsHeading>66.733795</gpsHeading>
<haccuracy>5.132000</haccuracy>
<vaccuracy>5.132000</vaccuracy>
<internetconnect>2</internetconnect>
</trkpt>
<trkpt lat="35.825115" lon="138.962007">
<ele>1588.000000</ele>
<time>2026-07-19T05:19:42Z</time>
<speed>1.517347</speed>
<trueHeading>0.000000</trueHeading>
<magneticHeading>0.000000</magneticHeading>
<gpsHeading>97.630920</gpsHeading>
<haccuracy>4.955000</haccuracy>
<vaccuracy>4.955000</vaccuracy>
<internetconnect>2</internetconnect>
</trkpt>
<trkpt lat="35.825115" lon="138.962646">
<ele>1584.333333</ele>
<time>2026-07-19T05:20:29Z</time>
<speed>1.506268</speed>
<trueHeading>0.000000</trueHeading>
<magneticHeading>0.000000</magneticHeading>
<gpsHeading>89.933693</gpsHeading>
<haccuracy>5.752000</haccuracy>
<vaccuracy>5.752000</vaccuracy>
<internetconnect>2</internetconnect>
</trkpt>
<trkpt lat="35.825544" lon="138.962680">
<ele>1577.333333</ele>
<time>2026-07-19T05:21:15Z</time>
<speed>1.595366</speed>
<trueHeading>0.000000</trueHeading>
<magneticHeading>0.000000</magneticHeading>
<gpsHeading>3.661991</gpsHeading>
<haccuracy>5.610000</haccuracy>
<vaccuracy>5.610000</vaccuracy>
<internetconnect>2</internetconnect>
</trkpt>
<trkpt lat="35.826062" lon="138.962616">
<ele>1566.000000</ele>
<time>2026-07-19T05:22:03Z</time>
<speed>2.058501</speed>
<trueHeading>0.000000</trueHeading>
<magneticHeading>0.000000</magneticHeading>
<gpsHeading>354.301544</gpsHeading>
<haccuracy>5.733000</haccuracy>
<vaccuracy>5.733000</vaccuracy>
<internetconnect>2</internetconnect>
</trkpt>
<trkpt lat="35.826527" lon="138.962698">
<ele>1556.333333</ele>
<time>2026-07-19T05:22:50Z</time>
<speed>1.344564</speed>
<trueHeading>0.000000</trueHeading>
<magneticHeading>0.000000</magneticHeading>
<gpsHeading>8.133491</gpsHeading>
<haccuracy>5.065000</haccuracy>
<vaccuracy>5.065000</vaccuracy>
<internetconnect>2</internetconnect>
</trkpt>
<trkpt lat="35.826913" lon="138.962959">
<ele>1547.333333</ele>
<time>2026-07-19T05:23:36Z</time>
<speed>1.356825</speed>
<trueHeading>0.000000</trueHeading>
<magneticHeading>0.000000</magneticHeading>
<gpsHeading>28.785957</gpsHeading>
<haccuracy>5.471000</haccuracy>
<vaccuracy>5.471000</vaccuracy>
<internetconnect>2</internetconnect>
</trkpt>
<trkpt lat="35.826547" lon="138.963530">
<ele>1540.000000</ele>
<time>2026-07-19T05:24:24Z</time>
<speed>1.607624</speed>
<trueHeading>0.000000</trueHeading>
<magneticHeading>0.000000</magneticHeading>
<gpsHeading>128.319763</gpsHeading>
<haccuracy>5.583000</haccuracy>
<vaccuracy>5.583000</vaccuracy>
<internetconnect>2</internetconnect>
</trkpt>
<trkpt lat="35.826493" lon="138.963924">
<ele>1533.333333</ele>
<time>2026-07-19T05:25:33Z</time>
<speed>1.577534</speed>
<trueHeading>0.000000</trueHeading>
<magneticHeading>0.000000</magneticHeading>
<gpsHeading>99.527969</gpsHeading>
<haccuracy>5.822000</haccuracy>
<vaccuracy>5.822000</vaccuracy>
<internetconnect>2</internetconnect>
</trkpt>
<trkpt lat="35.826427" lon="138.964640">
<ele>1532.666667</ele>
<time>2026-07-19T05:26:20Z</time>
<speed>1.560360</speed>
<trueHeading>0.000000</trueHeading>
<magneticHeading>0.000000</magneticHeading>
<gpsHeading>96.557915</gpsHeading>
<haccuracy>5.769000</haccuracy>
<vaccuracy>5.769000</vaccuracy>
<internetconnect>2</internetconnect>
</trkpt>
<trkpt lat="35.826889" lon="138.964693">
<ele>1531.333333</ele>
<time>2026-07-19T05:27:06Z</time>
<speed>1.532814</speed>
<trueHeading>0.000000</trueHeading>
<magneticHeading>0.000000</magneticHeading>
<gpsHeading>5.278368</gpsHeading>
<haccuracy>4.322000</haccuracy>
<vaccuracy>4.322000</vaccuracy>
<internetconnect>2</internetconnect>
</trkpt>
<trkpt lat="35.827039" lon="138.965000">
<ele>1530.000000</ele>
<time>2026-07-19T05:28:01Z</time>
<speed>1.404419</speed>
<trueHeading>0.000000</trueHeading>
<magneticHeading>0.000000</magneticHeading>
<gpsHeading>58.976574</gpsHeading>
<haccuracy>5.261000</haccuracy>
<vaccuracy>5.261000</vaccuracy>
<internetconnect>2</internetconnect>
</trkpt>
<trkpt lat="35.826752" lon="138.965543">
<ele>1522.666667</ele>
<time>2026-07-19T05:28:49Z</time>
<speed>1.381368</speed>
<trueHeading>0.000000</trueHeading>
<magneticHeading>0.000000</magneticHeading>
<gpsHeading>123.075287</gpsHeading>
<haccuracy>5.317000</haccuracy>
<vaccuracy>5.317000</vaccuracy>
<internetconnect>2</internetconnect>
</trkpt>
<trkpt lat="35.826297" lon="138.965806">
<ele>1508.000000</ele>
<time>2026-07-19T05:29:35Z</time>
<speed>1.214079</speed>
<trueHeading>0.000000</trueHeading>
<magneticHeading>0.000000</magneticHeading>
<gpsHeading>154.880798</gpsHeading>
<haccuracy>5.450000</haccuracy>
<vaccuracy>5.450000</vaccuracy>
<internetconnect>2</internetconnect>
</trkpt>
<trkpt lat="35.825818" lon="138.965754">
<ele>1496.666667</ele>
<time>2026-07-19T05:30:23Z</time>
<speed>1.372081</speed>
<trueHeading>0.000000</trueHeading>
<magneticHeading>0.000000</magneticHeading>
<gpsHeading>185.041077</gpsHeading>
<haccuracy>6.224000</haccuracy>
<vaccuracy>6.224000</vaccuracy>
<internetconnect>2</internetconnect>
</trkpt>
<trkpt lat="35.825639" lon="138.966288">
<ele>1488.000000</ele>
<time>2026-07-19T05:31:10Z</time>
<speed>1.504577</speed>
<trueHeading>0.000000</trueHeading>
<magneticHeading>0.000000</magneticHeading>
<gpsHeading>112.404892</gpsHeading>
<haccuracy>4.334000</haccuracy>
<vaccuracy>4.334000</vaccuracy>
<internetconnect>2</internetconnect>
</trkpt>
<trkpt lat="35.825361" lon="138.966651">
<ele>1484.333333</ele>
<time>2026-07-19T05:31:58Z</time>
<speed>1.390084</speed>
<trueHeading>0.000000</trueHeading>
<magneticHeading>0.000000</magneticHeading>
<gpsHeading>133.325287</gpsHeading>
<haccuracy>4.834000</haccuracy>
<vaccuracy>4.834000</vaccuracy>
<internetconnect>2</internetconnect>
</trkpt>
<trkpt lat="35.824898" lon="138.966853">
<ele>1471.666667</ele>
<time>2026-07-19T05:32:45Z</time>
<speed>1.554940</speed>
<trueHeading>0.000000</trueHeading>
<magneticHeading>0.000000</magneticHeading>
<gpsHeading>160.546310</gpsHeading>
<haccuracy>5.539000</haccuracy>
<vaccuracy>5.539000</vaccuracy>
<internetconnect>2</internetconnect>
</trkpt>
<trkpt lat="35.824525" lon="138.967077">
<ele>1454.333333</ele>
<time>2026-07-19T05:33:32Z</time>
<speed>1.569576</speed>
<trueHeading>0.000000</trueHeading>
<magneticHeading>0.000000</magneticHeading>
<gpsHeading>153.964935</gpsHeading>
<haccuracy>6.045000</haccuracy>
<vaccuracy>6.045000</vaccuracy>
<internetconnect>2</internetconnect>
</trkpt>
<trkpt lat="35.824110" lon="138.967077">
<ele>1437.333333</ele>
<time>2026-07-19T05:34:21Z</time>
<speed>0.822208</speed>
<trueHeading>0.000000</trueHeading>
<magneticHeading>0.000000</magneticHeading>
<gpsHeading>180.022339</gpsHeading>
<haccuracy>3.730000</haccuracy>
<vaccuracy>3.730000</vaccuracy>
<internetconnect>2</internetconnect>
</trkpt>
<trkpt lat="35.823813" lon="138.967012">
<ele>1424.666667</ele>
<time>2026-07-19T05:35:33Z</time>
<speed>1.547544</speed>
<trueHeading>0.000000</trueHeading>
<magneticHeading>0.000000</magneticHeading>
<gpsHeading>190.072464</gpsHeading>
<haccuracy>6.689000</haccuracy>
<vaccuracy>6.689000</vaccuracy>
<internetconnect>2</internetconnect>
</trkpt>
<trkpt lat="35.823419" lon="138.966961">
<ele>1415.000000</ele>
<time>2026-07-19T05:36:20Z</time>
<speed>1.362088</speed>
<trueHeading>0.000000</trueHeading>
<magneticHeading>0.000000</magneticHeading>
<gpsHeading>185.985870</gpsHeading>
<haccuracy>4.921000</haccuracy>
<vaccuracy>4.921000</vaccuracy>
<internetconnect>2</internetconnect>
</trkpt>
<trkpt lat="35.823065" lon="138.966943">
<ele>1403.333333</ele>
<time>2026-07-19T05:37:07Z</time>
<speed>1.565179</speed>
<trueHeading>0.000000</trueHeading>
<magneticHeading>0.000000</magneticHeading>
<gpsHeading>182.440170</gpsHeading>
<haccuracy>5.627000</haccuracy>
<vaccuracy>5.627000</vaccuracy>
<internetconnect>2</internetconnect>
</trkpt>
<trkpt lat="35.822711" lon="138.967328">
<ele>1389.666667</ele>
<time>2026-07-19T05:37:53Z</time>
<speed>1.380502</speed>
<trueHeading>0.000000</trueHeading>
<magneticHeading>0.000000</magneticHeading>
<gpsHeading>138.556137</gpsHeading>
<haccuracy>5.749000</haccuracy>
<vaccuracy>5.749000</vaccuracy>
<internetconnect>2</internetconnect>
</trkpt>
<trkpt lat="35.822277" lon="138.967278">
<ele>1377.666667</ele>
<time>2026-07-19T05:38:40Z</time>
<speed>1.520027</speed>
<trueHeading>0.000000</trueHeading>
<magneticHeading>0.000000</magneticHeading>
<gpsHeading>185.325760</gpsHeading>
<haccuracy>6.692000</haccuracy>
<vaccuracy>6.692000</vaccuracy>
<internetconnect>2</internetconnect>
</trkpt>
<trkpt lat="35.821878" lon="138.967244">
<ele>1370.000000</ele>
<time>2026-07-19T05:39:27Z</time>
<speed>1.560688</speed>
<trueHeading>0.000000</trueHeading>
<magneticHeading>0.000000</magneticHeading>
<gpsHeading>183.945847</gpsHeading>
<haccuracy>6.096000</haccuracy>
<vaccuracy>6.096000</vaccuracy>
<internetconnect>2</internetconnect>
</trkpt>
<trkpt lat="35.821550" lon="138.966845">
<ele>1362.000000</ele>
<time>2026-07-19T05:40:14Z</time>
<speed>1.527636</speed>
<trueHeading>0.000000</trueHeading>
<magneticHeading>0.000000</magneticHeading>
<gpsHeading>224.643997</gpsHeading>
<haccuracy>6.215000</haccuracy>
<vaccuracy>6.215000</vaccuracy>
<internetconnect>2</internetconnect>
</trkpt>
<trkpt lat="35.821535" lon="138.966493">
<ele>1350.000000</ele>
<time>2026-07-19T05:41:02Z</time>
<speed>1.565458</speed>
<trueHeading>0.000000</trueHeading>
<magneticHeading>0.000000</magneticHeading>
<gpsHeading>267.029114</gpsHeading>
<haccuracy>5.318000</haccuracy>
<vaccuracy>5.318000</vaccuracy>
<internetconnect>2</internetconnect>
</trkpt>
<trkpt lat="35.821245" lon="138.966475">
<ele>1337.333333</ele>
<time>2026-07-19T05:42:02Z</time>
<speed>1.525445</speed>
<trueHeading>0.000000</trueHeading>
<magneticHeading>0.000000</magneticHeading>
<gpsHeading>182.977036</gpsHeading>
<haccuracy>4.979000</haccuracy>
<vaccuracy>4.979000</vaccuracy>
<internetconnect>2</internetconnect>
</trkpt>
<trkpt lat="35.820743" lon="138.966660">
<ele>1321.000000</ele>
<time>2026-07-19T05:42:50Z</time>
<speed>1.484377</speed>
<trueHeading>0.000000</trueHeading>
<magneticHeading>0.000000</magneticHeading>
<gpsHeading>163.356155</gpsHeading>
<haccuracy>5.546000</haccuracy>
<vaccuracy>5.546000</vaccuracy>
<internetconnect>2</internetconnect>
</trkpt>
<trkpt lat="35.820274" lon="138.966847">
<ele>1307.000000</ele>
<time>2026-07-19T05:43:37Z</time>
<speed>1.429210</speed>
<trueHeading>0.000000</trueHeading>
<magneticHeading>0.000000</magneticHeading>
<gpsHeading>162.092789</gpsHeading>
<haccuracy>4.821000</haccuracy>
<vaccuracy>4.821000</vaccuracy>
<internetconnect>2</internetconnect>
</trkpt>
<trkpt lat="35.819880" lon="138.966972">
<ele>1296.333333</ele>
<time>2026-07-19T05:44:25Z</time>
<speed>1.380234</speed>
<trueHeading>0.000000</trueHeading>
<magneticHeading>0.000000</magneticHeading>
<gpsHeading>165.550720</gpsHeading>
<haccuracy>5.612000</haccuracy>
<vaccuracy>5.612000</vaccuracy>
<internetconnect>2</internetconnect>
</trkpt>
<trkpt lat="35.819574" lon="138.966906">
<ele>1291.666667</ele>
<time>2026-07-19T05:45:11Z</time>
<speed>1.239998</speed>
<trueHeading>0.000000</trueHeading>
<magneticHeading>0.000000</magneticHeading>
<gpsHeading>189.893936</gpsHeading>
<haccuracy>5.232000</haccuracy>
<vaccuracy>5.232000</vaccuracy>
<internetconnect>2</internetconnect>
</trkpt>
<trkpt lat="35.819203" lon="138.966611">
<ele>1288.000000</ele>
<time>2026-07-19T05:45:58Z</time>
<speed>1.569790</speed>
<trueHeading>0.000000</trueHeading>
<magneticHeading>0.000000</magneticHeading>
<gpsHeading>212.766449</gpsHeading>
<haccuracy>6.215000</haccuracy>
<vaccuracy>6.215000</vaccuracy>
<internetconnect>2</internetconnect>
</trkpt>
<trkpt lat="35.818675" lon="138.966560">
<ele>1281.666667</ele>
<time>2026-07-19T05:46:46Z</time>
<speed>1.327544</speed>
<trueHeading>0.000000</trueHeading>
<magneticHeading>0.000000</magneticHeading>
<gpsHeading>184.492249</gpsHeading>
<haccuracy>6.061000</haccuracy>
<vaccuracy>6.061000</vaccuracy>
<internetconnect>2</internetconnect>
</trkpt>
<trkpt lat="35.818153" lon="138.966526">
<ele>1274.333333</ele>
<time>2026-07-19T05:47:33Z</time>
<speed>1.399958</speed>
<trueHeading>0.000000</trueHeading>
<magneticHeading>0.000000</magneticHeading>
<gpsHeading>183.005554</gpsHeading>
<haccuracy>5.528000</haccuracy>
<vaccuracy>5.528000</vaccuracy>
<internetconnect>2</internetconnect>
</trkpt>
<trkpt lat="35.817589" lon="138.966531">
<ele>1268.000000</ele>
<time>2026-07-19T05:48:20Z</time>
<speed>1.663945</speed>
<trueHeading>0.000000</trueHeading>
<magneticHeading>0.000000</magneticHeading>
<gpsHeading>179.629517</gpsHeading>
<haccuracy>5.585000</haccuracy>
<vaccuracy>5.585000</vaccuracy>
<internetconnect>2</internetconnect>
</trkpt>
<trkpt lat="35.816958" lon="138.966858">
<ele>1261.333333</ele>
<time>2026-07-19T05:49:11Z</time>
<speed>1.643137</speed>
<trueHeading>0.000000</trueHeading>
<magneticHeading>0.000000</magneticHeading>
<gpsHeading>157.213486</gpsHeading>
<haccuracy>5.939000</haccuracy>
<vaccuracy>5.939000</vaccuracy>
<internetconnect>2</internetconnect>
</trkpt>
<trkpt lat="35.815944" lon="138.967047">
<ele>1254.666667</ele>
<time>2026-07-19T05:51:56Z</time>
<speed>0.628281</speed>
<trueHeading>0.000000</trueHeading>
<magneticHeading>0.000000</magneticHeading>
<gpsHeading>171.400696</gpsHeading>
<haccuracy>6.217000</haccuracy>
<vaccuracy>6.217000</vaccuracy>
<internetconnect>2</internetconnect>
</trkpt>
<trkpt lat="35.815393" lon="138.967019">
<ele>1245.333333</ele>
<time>2026-07-19T05:52:43Z</time>
<speed>1.549880</speed>
<trueHeading>0.000000</trueHeading>
<magneticHeading>0.000000</magneticHeading>
<gpsHeading>182.394211</gpsHeading>
<haccuracy>6.029000</haccuracy>
<vaccuracy>6.029000</vaccuracy>
<internetconnect>2</internetconnect>
</trkpt>
<trkpt lat="35.814734" lon="138.967207">
<ele>1235.666667</ele>
<time>2026-07-19T05:53:30Z</time>
<speed>1.534098</speed>
<trueHeading>0.000000</trueHeading>
<magneticHeading>0.000000</magneticHeading>
<gpsHeading>166.942947</gpsHeading>
<haccuracy>5.724000</haccuracy>
<vaccuracy>5.724000</vaccuracy>
<internetconnect>2</internetconnect>
</trkpt>
<trkpt lat="35.814135" lon="138.967015">
<ele>1227.000000</ele>
<time>2026-07-19T05:54:17Z</time>
<speed>1.570631</speed>
<trueHeading>0.000000</trueHeading>
<magneticHeading>0.000000</magneticHeading>
<gpsHeading>194.534225</gpsHeading>
<haccuracy>5.512000</haccuracy>
<vaccuracy>5.512000</vaccuracy>
<internetconnect>2</internetconnect>
</trkpt>
<trkpt lat="35.813715" lon="138.967141">
<ele>1220.333333</ele>
<time>2026-07-19T05:55:04Z</time>
<speed>1.667447</speed>
<trueHeading>0.000000</trueHeading>
<magneticHeading>0.000000</magneticHeading>
<gpsHeading>166.333160</gpsHeading>
<haccuracy>6.020000</haccuracy>
<vaccuracy>6.020000</vaccuracy>
<internetconnect>2</internetconnect>
</trkpt>
<trkpt lat="35.813178" lon="138.967534">
<ele>1214.000000</ele>
<time>2026-07-19T05:55:52Z</time>
<speed>1.563611</speed>
<trueHeading>0.000000</trueHeading>
<magneticHeading>0.000000</magneticHeading>
<gpsHeading>149.315521</gpsHeading>
<haccuracy>5.684000</haccuracy>
<vaccuracy>5.684000</vaccuracy>
<internetconnect>2</internetconnect>
</trkpt>
<trkpt lat="35.812771" lon="138.967434">
<ele>1205.000000</ele>
<time>2026-07-19T05:56:38Z</time>
<speed>1.746858</speed>
<trueHeading>0.000000</trueHeading>
<magneticHeading>0.000000</magneticHeading>
<gpsHeading>191.317856</gpsHeading>
<haccuracy>5.461000</haccuracy>
<vaccuracy>5.461000</vaccuracy>
<internetconnect>2</internetconnect>
</trkpt>
<trkpt lat="35.812126" lon="138.967543">
<ele>1199.333333</ele>
<time>2026-07-19T05:57:25Z</time>
<speed>1.753209</speed>
<trueHeading>0.000000</trueHeading>
<magneticHeading>0.000000</magneticHeading>
<gpsHeading>172.170670</gpsHeading>
<haccuracy>6.070000</haccuracy>
<vaccuracy>6.070000</vaccuracy>
<internetconnect>2</internetconnect>
</trkpt>
<trkpt lat="35.811499" lon="138.967672">
<ele>1192.333333</ele>
<time>2026-07-19T05:58:12Z</time>
<speed>1.675739</speed>
<trueHeading>0.000000</trueHeading>
<magneticHeading>0.000000</magneticHeading>
<gpsHeading>170.553635</gpsHeading>
<haccuracy>5.589000</haccuracy>
<vaccuracy>5.589000</vaccuracy>
<internetconnect>2</internetconnect>
</trkpt>
<trkpt lat="35.810949" lon="138.967600">
<ele>1186.000000</ele>
<time>2026-07-19T05:59:00Z</time>
<speed>1.797001</speed>
<trueHeading>0.000000</trueHeading>
<magneticHeading>0.000000</magneticHeading>
<gpsHeading>185.992722</gpsHeading>
<haccuracy>5.742000</haccuracy>
<vaccuracy>5.742000</vaccuracy>
<internetconnect>2</internetconnect>
</trkpt>
<trkpt lat="35.810309" lon="138.967414">
<ele>1169.666667</ele>
<time>2026-07-19T05:59:46Z</time>
<speed>1.708320</speed>
<trueHeading>0.000000</trueHeading>
<magneticHeading>0.000000</magneticHeading>
<gpsHeading>193.275436</gpsHeading>
<haccuracy>5.770000</haccuracy>
<vaccuracy>5.770000</vaccuracy>
<internetconnect>2</internetconnect>
</trkpt>
<trkpt lat="35.809847" lon="138.967090">
<ele>1153.333333</ele>
<time>2026-07-19T06:00:33Z</time>
<speed>1.670479</speed>
<trueHeading>0.000000</trueHeading>
<magneticHeading>0.000000</magneticHeading>
<gpsHeading>209.672958</gpsHeading>
<haccuracy>5.825000</haccuracy>
<vaccuracy>5.825000</vaccuracy>
<internetconnect>2</internetconnect>
</trkpt>
<trkpt lat="35.809280" lon="138.966852">
<ele>1136.333333</ele>
<time>2026-07-19T06:01:20Z</time>
<speed>1.740505</speed>
<trueHeading>0.000000</trueHeading>
<magneticHeading>0.000000</magneticHeading>
<gpsHeading>198.783463</gpsHeading>
<haccuracy>5.493000</haccuracy>
<vaccuracy>5.493000</vaccuracy>
<internetconnect>2</internetconnect>
</trkpt>
<trkpt lat="35.808701" lon="138.967189">
<ele>1128.666667</ele>
<time>2026-07-19T06:02:07Z</time>
<speed>1.653168</speed>
<trueHeading>0.000000</trueHeading>
<magneticHeading>0.000000</magneticHeading>
<gpsHeading>154.679977</gpsHeading>
<haccuracy>5.769000</haccuracy>
<vaccuracy>5.769000</vaccuracy>
<internetconnect>2</internetconnect>
</trkpt>
<trkpt lat="35.808091" lon="138.967431">
<ele>1123.666667</ele>
<time>2026-07-19T06:02:54Z</time>
<speed>1.572220</speed>
<trueHeading>0.000000</trueHeading>
<magneticHeading>0.000000</magneticHeading>
<gpsHeading>162.191391</gpsHeading>
<haccuracy>5.237000</haccuracy>
<vaccuracy>5.237000</vaccuracy>
<internetconnect>2</internetconnect>
</trkpt>
<trkpt lat="35.807591" lon="138.967420">
<ele>1119.666667</ele>
<time>2026-07-19T06:03:41Z</time>
<speed>1.643906</speed>
<trueHeading>0.000000</trueHeading>
<magneticHeading>0.000000</magneticHeading>
<gpsHeading>181.079391</gpsHeading>
<haccuracy>6.758000</haccuracy>
<vaccuracy>6.758000</vaccuracy>
<internetconnect>2</internetconnect>
</trkpt>
<trkpt lat="35.807065" lon="138.967398">
<ele>1107.666667</ele>
<time>2026-07-19T06:04:30Z</time>
<speed>1.707722</speed>
<trueHeading>0.000000</trueHeading>
<magneticHeading>0.000000</magneticHeading>
<gpsHeading>181.948944</gpsHeading>
<haccuracy>5.387000</haccuracy>
<vaccuracy>5.387000</vaccuracy>
<internetconnect>2</internetconnect>
</trkpt>
<trkpt lat="35.806600" lon="138.967072">
<ele>1094.333333</ele>
<time>2026-07-19T06:05:16Z</time>
<speed>1.573530</speed>
<trueHeading>0.000000</trueHeading>
<magneticHeading>0.000000</magneticHeading>
<gpsHeading>209.633331</gpsHeading>
<haccuracy>5.408000</haccuracy>
<vaccuracy>5.408000</vaccuracy>
<internetconnect>2</internetconnect>
</trkpt>
<trkpt lat="35.806115" lon="138.966830">
<ele>1086.333333</ele>
<time>2026-07-19T06:06:02Z</time>
<speed>1.576442</speed>
<trueHeading>0.000000</trueHeading>
<magneticHeading>0.000000</magneticHeading>
<gpsHeading>202.031387</gpsHeading>
<haccuracy>6.068000</haccuracy>
<vaccuracy>6.068000</vaccuracy>
<internetconnect>2</internetconnect>
</trkpt>
<trkpt lat="35.805521" lon="138.966819">
<ele>1081.000000</ele>
<time>2026-07-19T06:06:49Z</time>
<speed>1.590245</speed>
<trueHeading>0.000000</trueHeading>
<magneticHeading>0.000000</magneticHeading>
<gpsHeading>180.859711</gpsHeading>
<haccuracy>6.053000</haccuracy>
<vaccuracy>6.053000</vaccuracy>
<internetconnect>2</internetconnect>
</trkpt>
<trkpt lat="35.805002" lon="138.966773">
<ele>1075.333333</ele>
<time>2026-07-19T06:07:36Z</time>
<speed>1.692466</speed>
<trueHeading>0.000000</trueHeading>
<magneticHeading>0.000000</magneticHeading>
<gpsHeading>184.146255</gpsHeading>
<haccuracy>6.220000</haccuracy>
<vaccuracy>6.220000</vaccuracy>
<internetconnect>2</internetconnect>
</trkpt>
<trkpt lat="35.804414" lon="138.966719">
<ele>1063.666667</ele>
<time>2026-07-19T06:08:23Z</time>
<speed>1.576256</speed>
<trueHeading>0.000000</trueHeading>
<magneticHeading>0.000000</magneticHeading>
<gpsHeading>184.195999</gpsHeading>
<haccuracy>5.340000</haccuracy>
<vaccuracy>5.340000</vaccuracy>
<internetconnect>2</internetconnect>
</trkpt>
<trkpt lat="35.804082" lon="138.967406">
<ele>1052.666667</ele>
<time>2026-07-19T06:09:10Z</time>
<speed>1.347000</speed>
<trueHeading>0.000000</trueHeading>
<magneticHeading>0.000000</magneticHeading>
<gpsHeading>120.750839</gpsHeading>
<haccuracy>5.481000</haccuracy>
<vaccuracy>5.481000</vaccuracy>
<internetconnect>2</internetconnect>
</trkpt>
<trkpt lat="35.803664" lon="138.967909">
<ele>1044.666667</ele>
<time>2026-07-19T06:09:57Z</time>
<speed>1.619685</speed>
<trueHeading>0.000000</trueHeading>
<magneticHeading>0.000000</magneticHeading>
<gpsHeading>135.681549</gpsHeading>
<haccuracy>5.402000</haccuracy>
<vaccuracy>5.402000</vaccuracy>
<internetconnect>2</internetconnect>
</trkpt>
<trkpt lat="35.803170" lon="138.968267">
<ele>1038.333333</ele>
<time>2026-07-19T06:10:44Z</time>
<speed>1.549471</speed>
<trueHeading>0.000000</trueHeading>
<magneticHeading>0.000000</magneticHeading>
<gpsHeading>149.595901</gpsHeading>
<haccuracy>5.836000</haccuracy>
<vaccuracy>5.836000</vaccuracy>
<internetconnect>2</internetconnect>
</trkpt>
<trkpt lat="35.802566" lon="138.968268">
<ele>1030.333333</ele>
<time>2026-07-19T06:11:31Z</time>
<speed>1.535867</speed>
<trueHeading>0.000000</trueHeading>
<magneticHeading>0.000000</magneticHeading>
<gpsHeading>179.915466</gpsHeading>
<haccuracy>6.734000</haccuracy>
<vaccuracy>6.734000</vaccuracy>
<internetconnect>2</internetconnect>
</trkpt>
<trkpt lat="35.802020" lon="138.968159">
<ele>1021.000000</ele>
<time>2026-07-19T06:12:18Z</time>
<speed>1.615432</speed>
<trueHeading>0.000000</trueHeading>
<magneticHeading>0.000000</magneticHeading>
<gpsHeading>189.182037</gpsHeading>
<haccuracy>6.923000</haccuracy>
<vaccuracy>6.923000</vaccuracy>
<internetconnect>2</internetconnect>
</trkpt>
<trkpt lat="35.801457" lon="138.968249">
<ele>1015.333333</ele>
<time>2026-07-19T06:13:04Z</time>
<speed>1.628709</speed>
<trueHeading>0.000000</trueHeading>
<magneticHeading>0.000000</magneticHeading>
<gpsHeading>172.578918</gpsHeading>
<haccuracy>5.801000</haccuracy>
<vaccuracy>5.801000</vaccuracy>
<internetconnect>2</internetconnect>
</trkpt>
<trkpt lat="35.801059" lon="138.967729">
<ele>1010.333333</ele>
<time>2026-07-19T06:13:52Z</time>
<speed>1.688467</speed>
<trueHeading>0.000000</trueHeading>
<magneticHeading>0.000000</magneticHeading>
<gpsHeading>226.642014</gpsHeading>
<haccuracy>6.045000</haccuracy>
<vaccuracy>6.045000</vaccuracy>
<internetconnect>2</internetconnect>
</trkpt>
<trkpt lat="35.800556" lon="138.967244">
<ele>1007.000000</ele>
<time>2026-07-19T06:14:40Z</time>
<speed>1.584898</speed>
<trueHeading>0.000000</trueHeading>
<magneticHeading>0.000000</magneticHeading>
<gpsHeading>218.026733</gpsHeading>
<haccuracy>5.409000</haccuracy>
<vaccuracy>5.409000</vaccuracy>
<internetconnect>2</internetconnect>
</trkpt>
<trkpt lat="35.799828" lon="138.967233">
<ele>997.000000</ele>
<time>2026-07-19T06:15:26Z</time>
<speed>1.641417</speed>
<trueHeading>0.000000</trueHeading>
<magneticHeading>0.000000</magneticHeading>
<gpsHeading>180.677155</gpsHeading>
<haccuracy>6.283000</haccuracy>
<vaccuracy>6.283000</vaccuracy>
<internetconnect>2</internetconnect>
</trkpt>
<trkpt lat="35.799438" lon="138.967944">
<ele>987.666667</ele>
<time>2026-07-19T06:16:13Z</time>
<speed>1.559715</speed>
<trueHeading>0.000000</trueHeading>
<magneticHeading>0.000000</magneticHeading>
<gpsHeading>124.105148</gpsHeading>
<haccuracy>5.854000</haccuracy>
<vaccuracy>5.854000</vaccuracy>
<internetconnect>2</internetconnect>
</trkpt>
<trkpt lat="35.799026" lon="138.968553">
<ele>973.333333</ele>
<time>2026-07-19T06:17:00Z</time>
<speed>1.590746</speed>
<trueHeading>0.000000</trueHeading>
<magneticHeading>0.000000</magneticHeading>
<gpsHeading>129.801682</gpsHeading>
<haccuracy>5.418000</haccuracy>
<vaccuracy>5.418000</vaccuracy>
<internetconnect>2</internetconnect>
</trkpt>
<trkpt lat="35.798548" lon="138.968902">
<ele>962.666667</ele>
<time>2026-07-19T06:17:47Z</time>
<speed>1.577230</speed>
<trueHeading>0.000000</trueHeading>
<magneticHeading>0.000000</magneticHeading>
<gpsHeading>149.359314</gpsHeading>
<haccuracy>5.879000</haccuracy>
<vaccuracy>5.879000</vaccuracy>
<internetconnect>2</internetconnect>
</trkpt>
<trkpt lat="35.798114" lon="138.969399">
<ele>954.000000</ele>
<time>2026-07-19T06:18:34Z</time>
<speed>1.638777</speed>
<trueHeading>0.000000</trueHeading>
<magneticHeading>0.000000</magneticHeading>
<gpsHeading>137.152939</gpsHeading>
<haccuracy>5.553000</haccuracy>
<vaccuracy>5.553000</vaccuracy>
<internetconnect>2</internetconnect>
</trkpt>
<trkpt lat="35.797804" lon="138.969533">
<ele>945.666667</ele>
<time>2026-07-19T06:20:26Z</time>
<speed>1.804724</speed>
<trueHeading>0.000000</trueHeading>
<magneticHeading>0.000000</magneticHeading>
<gpsHeading>160.620270</gpsHeading>
<haccuracy>6.835000</haccuracy>
<vaccuracy>6.835000</vaccuracy>
<internetconnect>2</internetconnect>
</trkpt>
<trkpt lat="35.797509" lon="138.970356">
<ele>936.000000</ele>
<time>2026-07-19T06:21:13Z</time>
<speed>1.391508</speed>
<trueHeading>0.000000</trueHeading>
<magneticHeading>0.000000</magneticHeading>
<gpsHeading>113.847267</gpsHeading>
<haccuracy>6.902000</haccuracy>
<vaccuracy>6.902000</vaccuracy>
<internetconnect>2</internetconnect>
</trkpt>
<trkpt lat="35.797230" lon="138.970865">
<ele>926.666667</ele>
<time>2026-07-19T06:22:00Z</time>
<speed>1.598623</speed>
<trueHeading>0.000000</trueHeading>
<magneticHeading>0.000000</magneticHeading>
<gpsHeading>124.010826</gpsHeading>
<haccuracy>5.848000</haccuracy>
<vaccuracy>5.848000</vaccuracy>
<internetconnect>2</internetconnect>
</trkpt>
<trkpt lat="35.796886" lon="138.971070">
<ele>907.000000</ele>
<time>2026-07-19T06:22:47Z</time>
<speed>1.591507</speed>
<trueHeading>0.000000</trueHeading>
<magneticHeading>0.000000</magneticHeading>
<gpsHeading>154.276932</gpsHeading>
<haccuracy>5.174000</haccuracy>
<vaccuracy>5.174000</vaccuracy>
<internetconnect>2</internetconnect>
</trkpt>
<trkpt lat="35.796371" lon="138.971601">
<ele>892.333333</ele>
<time>2026-07-19T06:23:34Z</time>
<speed>1.508087</speed>
<trueHeading>0.000000</trueHeading>
<magneticHeading>0.000000</magneticHeading>
<gpsHeading>140.094177</gpsHeading>
<haccuracy>8.080000</haccuracy>
<vaccuracy>8.080000</vaccuracy>
<internetconnect>2</internetconnect>
</trkpt>
<trkpt lat="35.795758" lon="138.971560">
<ele>879.000000</ele>
<time>2026-07-19T06:24:21Z</time>
<speed>0.417501</speed>
<trueHeading>0.000000</trueHeading>
<magneticHeading>0.000000</magneticHeading>
<gpsHeading>183.091644</gpsHeading>
<haccuracy>3.560000</haccuracy>
<vaccuracy>3.560000</vaccuracy>
<internetconnect>2</internetconnect>
</trkpt>
<trkpt lat="35.795254" lon="138.971458">
<ele>881.666667</ele>
<time>2026-07-19T06:25:08Z</time>
<speed>1.622889</speed>
<trueHeading>0.000000</trueHeading>
<magneticHeading>0.000000</magneticHeading>
<gpsHeading>189.313263</gpsHeading>
<haccuracy>5.317000</haccuracy>
<vaccuracy>5.317000</vaccuracy>
<internetconnect>2</internetconnect>
</trkpt>
<trkpt lat="35.794676" lon="138.971162">
<ele>884.333333</ele>
<time>2026-07-19T06:25:55Z</time>
<speed>1.697652</speed>
<trueHeading>0.000000</trueHeading>
<magneticHeading>0.000000</magneticHeading>
<gpsHeading>202.583786</gpsHeading>
<haccuracy>5.632000</haccuracy>
<vaccuracy>5.632000</vaccuracy>
<internetconnect>2</internetconnect>
</trkpt>
<trkpt lat="35.794158" lon="138.971509">
<ele>892.333333</ele>
<time>2026-07-19T06:26:42Z</time>
<speed>1.616013</speed>
<trueHeading>0.000000</trueHeading>
<magneticHeading>0.000000</magneticHeading>
<gpsHeading>151.401230</gpsHeading>
<haccuracy>5.340000</haccuracy>
<vaccuracy>5.340000</vaccuracy>
<internetconnect>2</internetconnect>
</trkpt>
<trkpt lat="35.793678" lon="138.971707">
<ele>893.666667</ele>
<time>2026-07-19T06:27:29Z</time>
<speed>1.683433</speed>
<trueHeading>0.000000</trueHeading>
<magneticHeading>0.000000</magneticHeading>
<gpsHeading>161.533600</gpsHeading>
<haccuracy>7.233000</haccuracy>
<vaccuracy>7.233000</vaccuracy>
<internetconnect>2</internetconnect>
</trkpt>
<trkpt lat="35.793276" lon="138.972264">
<ele>885.666667</ele>
<time>2026-07-19T06:28:15Z</time>
<speed>1.610879</speed>
<trueHeading>0.000000</trueHeading>
<magneticHeading>0.000000</magneticHeading>
<gpsHeading>131.702362</gpsHeading>
<haccuracy>5.388000</haccuracy>
<vaccuracy>5.388000</vaccuracy>
<internetconnect>2</internetconnect>
</trkpt>
<trkpt lat="35.792986" lon="138.972885">
<ele>869.666667</ele>
<time>2026-07-19T06:29:03Z</time>
<speed>1.168353</speed>
<trueHeading>0.000000</trueHeading>
<magneticHeading>0.000000</magneticHeading>
<gpsHeading>119.871948</gpsHeading>
<haccuracy>5.156000</haccuracy>
<vaccuracy>5.156000</vaccuracy>
<internetconnect>2</internetconnect>
</trkpt>
<trkpt lat="35.792632" lon="138.973420">
<ele>860.000000</ele>
<time>2026-07-19T06:29:49Z</time>
<speed>1.669008</speed>
<trueHeading>0.000000</trueHeading>
<magneticHeading>0.000000</magneticHeading>
<gpsHeading>129.173996</gpsHeading>
<haccuracy>5.967000</haccuracy>
<vaccuracy>5.967000</vaccuracy>
<internetconnect>2</internetconnect>
</trkpt>
<trkpt lat="35.792240" lon="138.972930">
<ele>850.666667</ele>
<time>2026-07-19T06:30:37Z</time>
<speed>1.749155</speed>
<trueHeading>0.000000</trueHeading>
<magneticHeading>0.000000</magneticHeading>
<gpsHeading>225.419540</gpsHeading>
<haccuracy>6.439000</haccuracy>
<vaccuracy>6.439000</vaccuracy>
<internetconnect>2</internetconnect>
</trkpt>
<trkpt lat="35.791640" lon="138.972725">
<ele>843.333333</ele>
<time>2026-07-19T06:31:24Z</time>
<speed>1.632861</speed>
<trueHeading>0.000000</trueHeading>
<magneticHeading>0.000000</magneticHeading>
<gpsHeading>195.477982</gpsHeading>
<haccuracy>5.628000</haccuracy>
<vaccuracy>5.628000</vaccuracy>
<internetconnect>2</internetconnect>
</trkpt>
<trkpt lat="35.791015" lon="138.972943">
<ele>834.333333</ele>
<time>2026-07-19T06:32:11Z</time>
<speed>1.485123</speed>
<trueHeading>0.000000</trueHeading>
<magneticHeading>0.000000</magneticHeading>
<gpsHeading>164.160568</gpsHeading>
<haccuracy>5.946000</haccuracy>
<vaccuracy>5.946000</vaccuracy>
<internetconnect>2</internetconnect>
</trkpt>
<trkpt lat="35.790557" lon="138.973430">
<ele>831.333333</ele>
<time>2026-07-19T06:32:58Z</time>
<speed>1.573044</speed>
<trueHeading>0.000000</trueHeading>
<magneticHeading>0.000000</magneticHeading>
<gpsHeading>139.208099</gpsHeading>
<haccuracy>5.531000</haccuracy>
<vaccuracy>5.531000</vaccuracy>
<internetconnect>2</internetconnect>
</trkpt>
<trkpt lat="35.789950" lon="138.973454">
<ele>827.333333</ele>
<time>2026-07-19T06:33:45Z</time>
<speed>1.664548</speed>
<trueHeading>0.000000</trueHeading>
<magneticHeading>0.000000</magneticHeading>
<gpsHeading>178.126938</gpsHeading>
<haccuracy>6.044000</haccuracy>
<vaccuracy>6.044000</vaccuracy>
<internetconnect>2</internetconnect>
</trkpt>
<trkpt lat="35.789346" lon="138.973709">
<ele>816.666667</ele>
<time>2026-07-19T06:34:32Z</time>
<speed>1.708445</speed>
<trueHeading>0.000000</trueHeading>
<magneticHeading>0.000000</magneticHeading>
<gpsHeading>161.120163</gpsHeading>
<haccuracy>5.378000</haccuracy>
<vaccuracy>5.378000</vaccuracy>
<internetconnect>2</internetconnect>
</trkpt>
<trkpt lat="35.788923" lon="138.974300">
<ele>797.666667</ele>
<time>2026-07-19T06:35:19Z</time>
<speed>1.705727</speed>
<trueHeading>0.000000</trueHeading>
<magneticHeading>0.000000</magneticHeading>
<gpsHeading>131.406097</gpsHeading>
<haccuracy>5.542000</haccuracy>
<vaccuracy>5.542000</vaccuracy>
<internetconnect>2</internetconnect>
</trkpt>
<trkpt lat="35.788486" lon="138.974912">
<ele>774.666667</ele>
<time>2026-07-19T06:36:05Z</time>
<speed>1.695307</speed>
<trueHeading>0.000000</trueHeading>
<magneticHeading>0.000000</magneticHeading>
<gpsHeading>131.349823</gpsHeading>
<haccuracy>5.226000</haccuracy>
<vaccuracy>5.226000</vaccuracy>
<internetconnect>2</internetconnect>
</trkpt>
<trkpt lat="35.788172" lon="138.975583">
<ele>758.000000</ele>
<time>2026-07-19T06:36:53Z</time>
<speed>1.628841</speed>
<trueHeading>0.000000</trueHeading>
<magneticHeading>0.000000</magneticHeading>
<gpsHeading>119.998436</gpsHeading>
<haccuracy>5.666000</haccuracy>
<vaccuracy>5.666000</vaccuracy>
<internetconnect>2</internetconnect>
</trkpt>
<trkpt lat="35.787676" lon="138.976068">
<ele>750.333333</ele>
<time>2026-07-19T06:37:39Z</time>
<speed>1.575545</speed>
<trueHeading>0.000000</trueHeading>
<magneticHeading>0.000000</magneticHeading>
<gpsHeading>141.595642</gpsHeading>
<haccuracy>5.237000</haccuracy>
<vaccuracy>5.237000</vaccuracy>
<internetconnect>2</internetconnect>
</trkpt>
<trkpt lat="35.787015" lon="138.976475">
<ele>747.000000</ele>
<time>2026-07-19T06:38:25Z</time>
<speed>1.637479</speed>
<trueHeading>0.000000</trueHeading>
<magneticHeading>0.000000</magneticHeading>
<gpsHeading>153.450607</gpsHeading>
<haccuracy>5.630000</haccuracy>
<vaccuracy>5.630000</vaccuracy>
<internetconnect>2</internetconnect>
</trkpt>
<trkpt lat="35.786442" lon="138.976671">
<ele>743.000000</ele>
<time>2026-07-19T06:39:16Z</time>
<speed>1.604763</speed>
<trueHeading>0.000000</trueHeading>
<magneticHeading>0.000000</magneticHeading>
<gpsHeading>164.464493</gpsHeading>
<haccuracy>5.409000</haccuracy>
<vaccuracy>5.409000</vaccuracy>
<internetconnect>2</internetconnect>
</trkpt>
<trkpt lat="35.786015" lon="138.977199">
<ele>736.000000</ele>
<time>2026-07-19T06:40:02Z</time>
<speed>1.554469</speed>
<trueHeading>0.000000</trueHeading>
<magneticHeading>0.000000</magneticHeading>
<gpsHeading>134.860718</gpsHeading>
<haccuracy>5.306000</haccuracy>
<vaccuracy>5.306000</vaccuracy>
<internetconnect>2</internetconnect>
</trkpt>
<trkpt lat="35.785834" lon="138.977623">
<ele>728.000000</ele>
<time>2026-07-19T06:41:11Z</time>
<speed>2.395345</speed>
<trueHeading>0.000000</trueHeading>
<magneticHeading>0.000000</magneticHeading>
<gpsHeading>117.777267</gpsHeading>
<haccuracy>7.942000</haccuracy>
<vaccuracy>7.942000</vaccuracy>
<internetconnect>2</internetconnect>
</trkpt>
<trkpt lat="35.785255" lon="138.978106">
<ele>715.000000</ele>
<time>2026-07-19T06:41:58Z</time>
<speed>1.843778</speed>
<trueHeading>0.000000</trueHeading>
<magneticHeading>0.000000</magneticHeading>
<gpsHeading>145.906982</gpsHeading>
<haccuracy>6.039000</haccuracy>
<vaccuracy>6.039000</vaccuracy>
<internetconnect>2</internetconnect>
</trkpt>
<trkpt lat="35.784603" lon="138.978395">
<ele>705.666667</ele>
<time>2026-07-19T06:42:47Z</time>
<speed>1.716240</speed>
<trueHeading>0.000000</trueHeading>
<magneticHeading>0.000000</magneticHeading>
<gpsHeading>160.249359</gpsHeading>
<haccuracy>6.311000</haccuracy>
<vaccuracy>6.311000</vaccuracy>
<internetconnect>2</internetconnect>
</trkpt>
<trkpt lat="35.784013" lon="138.978810">
<ele>690.333333</ele>
<time>2026-07-19T06:43:33Z</time>
<speed>1.639784</speed>
<trueHeading>0.000000</trueHeading>
<magneticHeading>0.000000</magneticHeading>
<gpsHeading>150.277420</gpsHeading>
<haccuracy>6.013000</haccuracy>
<vaccuracy>6.013000</vaccuracy>
<internetconnect>2</internetconnect>
</trkpt>
<trkpt lat="35.783316" lon="138.979077">
<ele>680.000000</ele>
<time>2026-07-19T06:44:20Z</time>
<speed>1.774903</speed>
<trueHeading>0.000000</trueHeading>
<magneticHeading>0.000000</magneticHeading>
<gpsHeading>162.733185</gpsHeading>
<haccuracy>6.564000</haccuracy>
<vaccuracy>6.564000</vaccuracy>
<internetconnect>2</internetconnect>
</trkpt>
<trkpt lat="35.782750" lon="138.979529">
<ele>660.000000</ele>
<time>2026-07-19T06:45:07Z</time>
<speed>1.624329</speed>
<trueHeading>0.000000</trueHeading>
<magneticHeading>0.000000</magneticHeading>
<gpsHeading>147.088516</gpsHeading>
<haccuracy>5.156000</haccuracy>
<vaccuracy>5.156000</vaccuracy>
<internetconnect>2</internetconnect>
</trkpt>
<trkpt lat="35.782120" lon="138.979291">
<ele>645.000000</ele>
<time>2026-07-19T06:45:53Z</time>
<speed>1.559516</speed>
<trueHeading>0.000000</trueHeading>
<magneticHeading>0.000000</magneticHeading>
<gpsHeading>197.014267</gpsHeading>
<haccuracy>5.950000</haccuracy>
<vaccuracy>5.950000</vaccuracy>
<internetconnect>2</internetconnect>
</trkpt>
<trkpt lat="35.781626" lon="138.979586">
<ele>630.666667</ele>
<time>2026-07-19T06:46:40Z</time>
<speed>1.680373</speed>
<trueHeading>0.000000</trueHeading>
<magneticHeading>0.000000</magneticHeading>
<gpsHeading>154.149048</gpsHeading>
<haccuracy>5.766000</haccuracy>
<vaccuracy>5.766000</vaccuracy>
<internetconnect>2</internetconnect>
</trkpt>
<trkpt lat="35.781156" lon="138.980156">
<ele>625.333333</ele>
<time>2026-07-19T06:47:26Z</time>
<speed>1.603053</speed>
<trueHeading>0.000000</trueHeading>
<magneticHeading>0.000000</magneticHeading>
<gpsHeading>135.479050</gpsHeading>
<haccuracy>6.037000</haccuracy>
<vaccuracy>6.037000</vaccuracy>
<internetconnect>2</internetconnect>
</trkpt>
<trkpt lat="35.780646" lon="138.980358">
<ele>616.666667</ele>
<time>2026-07-19T06:48:13Z</time>
<speed>1.707645</speed>
<trueHeading>0.000000</trueHeading>
<magneticHeading>0.000000</magneticHeading>
<gpsHeading>162.142059</gpsHeading>
<haccuracy>4.789000</haccuracy>
<vaccuracy>4.789000</vaccuracy>
<internetconnect>2</internetconnect>
</trkpt>
<trkpt lat="35.780020" lon="138.980876">
<ele>606.666667</ele>
<time>2026-07-19T06:48:59Z</time>
<speed>1.623545</speed>
<trueHeading>0.000000</trueHeading>
<magneticHeading>0.000000</magneticHeading>
<gpsHeading>146.178345</gpsHeading>
<haccuracy>5.701000</haccuracy>
<vaccuracy>5.701000</vaccuracy>
<internetconnect>2</internetconnect>
</trkpt>
<trkpt lat="35.779632" lon="138.981519">
<ele>591.333333</ele>
<time>2026-07-19T06:49:46Z</time>
<speed>1.760219</speed>
<trueHeading>0.000000</trueHeading>
<magneticHeading>0.000000</magneticHeading>
<gpsHeading>126.579430</gpsHeading>
<haccuracy>6.343000</haccuracy>
<vaccuracy>6.343000</vaccuracy>
<internetconnect>2</internetconnect>
</trkpt>
<trkpt lat="35.779425" lon="138.982294">
<ele>579.333333</ele>
<time>2026-07-19T06:50:34Z</time>
<speed>1.679609</speed>
<trueHeading>0.000000</trueHeading>
<magneticHeading>0.000000</magneticHeading>
<gpsHeading>108.223747</gpsHeading>
<haccuracy>5.236000</haccuracy>
<vaccuracy>5.236000</vaccuracy>
<internetconnect>2</internetconnect>
</trkpt>
<trkpt lat="35.779502" lon="138.983147">
<ele>569.000000</ele>
<time>2026-07-19T06:51:21Z</time>
<speed>2.131088</speed>
<trueHeading>0.000000</trueHeading>
<magneticHeading>0.000000</magneticHeading>
<gpsHeading>83.668701</gpsHeading>
<haccuracy>7.547000</haccuracy>
<vaccuracy>7.547000</vaccuracy>
<internetconnect>2</internetconnect>
</trkpt>
<trkpt lat="35.779998" lon="138.983777">
<ele>559.000000</ele>
<time>2026-07-19T06:52:08Z</time>
<speed>1.759023</speed>
<trueHeading>0.000000</trueHeading>
<magneticHeading>0.000000</magneticHeading>
<gpsHeading>45.829296</gpsHeading>
<haccuracy>4.949000</haccuracy>
<vaccuracy>4.949000</vaccuracy>
<internetconnect>2</internetconnect>
</trkpt>
<trkpt lat="35.780405" lon="138.984400">
<ele>552.333333</ele>
<time>2026-07-19T06:52:55Z</time>
<speed>0.955896</speed>
<trueHeading>0.000000</trueHeading>
<magneticHeading>0.000000</magneticHeading>
<gpsHeading>51.146915</gpsHeading>
<haccuracy>5.181000</haccuracy>
<vaccuracy>5.181000</vaccuracy>
<internetconnect>2</internetconnect>
</trkpt>
<trkpt lat="35.780361" lon="138.984483">
<ele>547.000000</ele>
<time>2026-07-19T06:53:28Z</time>
<speed>1.350730</speed>
<trueHeading>-999.000000</trueHeading>
<magneticHeading>-999.000000</magneticHeading>
<gpsHeading>123.737740</gpsHeading>
<haccuracy>5.406000</haccuracy>
<vaccuracy>5.406000</vaccuracy>
<internetconnect>2</internetconnect>
</trkpt>
</trkseg></trk>
</gpx>
