<?xml version="1.0" encoding="UTF-8"?>
<gpx xmlns:xsi="http://www.w3.org/2001/XMLSchema-instance" xmlns="http://www.topografix.com/GPX/1/0" xsi:schemaLocation="http://www.topografix.com/GPX/1/1 http://www.topografix.com/GPX/1/1/gpx.xsd" creator="Geographica - http://geographica.biz/" appVersion="Ver 2.1.51:393" device="google sunfish" android="13" carrier="povo">
<trk>
<name>20260628</name>
<trkseg>
<trkpt lat="35.824462" lon="139.076787">
<ele>541.000000</ele>
<time>2026-06-27T23:12:07Z</time>
<speed>0.155701</speed>
<trueHeading>0.000000</trueHeading>
<magneticHeading>0.000000</magneticHeading>
<gpsHeading>0.000000</gpsHeading>
<haccuracy>3.890000</haccuracy>
<vaccuracy>3.890000</vaccuracy>
<internetconnect>0</internetconnect>
</trkpt>
<trkpt lat="35.830032" lon="139.071519">
<ele>589.000000</ele>
<time>2026-06-27T23:48:14Z</time>
<speed>0.000000</speed>
<trueHeading>0.000000</trueHeading>
<magneticHeading>0.000000</magneticHeading>
<gpsHeading>0.000000</gpsHeading>
<haccuracy>18.391993</haccuracy>
<vaccuracy>18.391993</vaccuracy>
<internetconnect>2</internetconnect>
</trkpt>
<trkpt lat="35.830148" lon="139.071199">
<ele>681.000000</ele>
<time>2026-06-27T23:49:26Z</time>
<speed>0.980000</speed>
<trueHeading>0.000000</trueHeading>
<magneticHeading>0.000000</magneticHeading>
<gpsHeading>294.027191</gpsHeading>
<haccuracy>10.333608</haccuracy>
<vaccuracy>10.333608</vaccuracy>
<internetconnect>2</internetconnect>
</trkpt>
<trkpt lat="35.830193" lon="139.070811">
<ele>682.333333</ele>
<time>2026-06-27T23:50:25Z</time>
<speed>0.480000</speed>
<trueHeading>0.000000</trueHeading>
<magneticHeading>0.000000</magneticHeading>
<gpsHeading>278.235840</gpsHeading>
<haccuracy>10.304107</haccuracy>
<vaccuracy>10.304107</vaccuracy>
<internetconnect>2</internetconnect>
</trkpt>
<trkpt lat="35.830146" lon="139.070453">
<ele>685.666667</ele>
<time>2026-06-27T23:51:25Z</time>
<speed>0.680000</speed>
<trueHeading>0.000000</trueHeading>
<magneticHeading>0.000000</magneticHeading>
<gpsHeading>260.890411</gpsHeading>
<haccuracy>10.549565</haccuracy>
<vaccuracy>10.549565</vaccuracy>
<internetconnect>2</internetconnect>
</trkpt>
<trkpt lat="35.830408" lon="139.070580">
<ele>697.666667</ele>
<time>2026-06-27T23:53:00Z</time>
<speed>0.901400</speed>
<trueHeading>0.000000</trueHeading>
<magneticHeading>0.000000</magneticHeading>
<gpsHeading>21.598116</gpsHeading>
<haccuracy>6.150000</haccuracy>
<vaccuracy>6.150000</vaccuracy>
<internetconnect>2</internetconnect>
</trkpt>
<trkpt lat="35.830635" lon="139.070858">
<ele>713.333333</ele>
<time>2026-06-27T23:53:52Z</time>
<speed>0.834428</speed>
<trueHeading>0.000000</trueHeading>
<magneticHeading>0.000000</magneticHeading>
<gpsHeading>44.778744</gpsHeading>
<haccuracy>5.632000</haccuracy>
<vaccuracy>5.632000</vaccuracy>
<internetconnect>2</internetconnect>
</trkpt>
<trkpt lat="35.830829" lon="139.071152">
<ele>727.333333</ele>
<time>2026-06-27T23:54:40Z</time>
<speed>1.009330</speed>
<trueHeading>0.000000</trueHeading>
<magneticHeading>0.000000</magneticHeading>
<gpsHeading>50.785866</gpsHeading>
<haccuracy>4.992000</haccuracy>
<vaccuracy>4.992000</vaccuracy>
<internetconnect>2</internetconnect>
</trkpt>
<trkpt lat="35.830925" lon="139.070780">
<ele>741.333333</ele>
<time>2026-06-27T23:55:29Z</time>
<speed>0.578600</speed>
<trueHeading>0.000000</trueHeading>
<magneticHeading>0.000000</magneticHeading>
<gpsHeading>287.491882</gpsHeading>
<haccuracy>4.795000</haccuracy>
<vaccuracy>4.795000</vaccuracy>
<internetconnect>2</internetconnect>
</trkpt>
<trkpt lat="35.831165" lon="139.070592">
<ele>755.000000</ele>
<time>2026-06-27T23:56:27Z</time>
<speed>0.748185</speed>
<trueHeading>0.000000</trueHeading>
<magneticHeading>0.000000</magneticHeading>
<gpsHeading>327.664185</gpsHeading>
<haccuracy>5.506000</haccuracy>
<vaccuracy>5.506000</vaccuracy>
<internetconnect>2</internetconnect>
</trkpt>
<trkpt lat="35.831271" lon="139.070257">
<ele>767.333333</ele>
<time>2026-06-27T23:57:48Z</time>
<speed>0.550000</speed>
<trueHeading>0.000000</trueHeading>
<magneticHeading>0.000000</magneticHeading>
<gpsHeading>291.247803</gpsHeading>
<haccuracy>10.512281</haccuracy>
<vaccuracy>10.512281</vaccuracy>
<internetconnect>2</internetconnect>
</trkpt>
<trkpt lat="35.831241" lon="139.069904">
<ele>777.333333</ele>
<time>2026-06-27T23:58:43Z</time>
<speed>0.370000</speed>
<trueHeading>0.000000</trueHeading>
<magneticHeading>0.000000</magneticHeading>
<gpsHeading>263.917450</gpsHeading>
<haccuracy>10.408004</haccuracy>
<vaccuracy>10.408004</vaccuracy>
<internetconnect>2</internetconnect>
</trkpt>
<trkpt lat="35.831352" lon="139.069578">
<ele>786.000000</ele>
<time>2026-06-28T00:00:13Z</time>
<speed>0.415303</speed>
<trueHeading>0.000000</trueHeading>
<magneticHeading>0.000000</magneticHeading>
<gpsHeading>292.898865</gpsHeading>
<haccuracy>4.461000</haccuracy>
<vaccuracy>4.461000</vaccuracy>
<internetconnect>2</internetconnect>
</trkpt>
<trkpt lat="35.831282" lon="139.069224">
<ele>798.666667</ele>
<time>2026-06-28T00:02:16Z</time>
<speed>0.550000</speed>
<trueHeading>0.000000</trueHeading>
<magneticHeading>0.000000</magneticHeading>
<gpsHeading>256.122589</gpsHeading>
<haccuracy>9.935046</haccuracy>
<vaccuracy>9.935046</vaccuracy>
<internetconnect>2</internetconnect>
</trkpt>
<trkpt lat="35.831259" lon="139.068865">
<ele>804.333333</ele>
<time>2026-06-28T00:03:06Z</time>
<speed>0.520000</speed>
<trueHeading>0.000000</trueHeading>
<magneticHeading>0.000000</magneticHeading>
<gpsHeading>265.586670</gpsHeading>
<haccuracy>10.272377</haccuracy>
<vaccuracy>10.272377</vaccuracy>
<internetconnect>2</internetconnect>
</trkpt>
<trkpt lat="35.831032" lon="139.068642">
<ele>812.333333</ele>
<time>2026-06-28T00:05:25Z</time>
<speed>0.000000</speed>
<trueHeading>0.000000</trueHeading>
<magneticHeading>0.000000</magneticHeading>
<gpsHeading>0.000000</gpsHeading>
<haccuracy>6.504274</haccuracy>
<vaccuracy>6.504274</vaccuracy>
<internetconnect>2</internetconnect>
</trkpt>
<trkpt lat="35.831299" lon="139.068522">
<ele>817.000000</ele>
<time>2026-06-28T00:06:20Z</time>
<speed>0.000000</speed>
<trueHeading>0.000000</trueHeading>
<magneticHeading>0.000000</magneticHeading>
<gpsHeading>340.010864</gpsHeading>
<haccuracy>3.862744</haccuracy>
<vaccuracy>3.862744</vaccuracy>
<internetconnect>2</internetconnect>
</trkpt>
<trkpt lat="35.831586" lon="139.068301">
<ele>827.666667</ele>
<time>2026-06-28T00:07:06Z</time>
<speed>1.064818</speed>
<trueHeading>0.000000</trueHeading>
<magneticHeading>0.000000</magneticHeading>
<gpsHeading>328.102539</gpsHeading>
<haccuracy>4.892000</haccuracy>
<vaccuracy>4.892000</vaccuracy>
<internetconnect>2</internetconnect>
</trkpt>
<trkpt lat="35.831886" lon="139.067912">
<ele>837.000000</ele>
<time>2026-06-28T00:07:55Z</time>
<speed>1.071586</speed>
<trueHeading>0.000000</trueHeading>
<magneticHeading>0.000000</magneticHeading>
<gpsHeading>313.567719</gpsHeading>
<haccuracy>5.080000</haccuracy>
<vaccuracy>5.080000</vaccuracy>
<internetconnect>2</internetconnect>
</trkpt>
<trkpt lat="35.831986" lon="139.067588">
<ele>846.000000</ele>
<time>2026-06-28T00:08:42Z</time>
<speed>0.908856</speed>
<trueHeading>0.000000</trueHeading>
<magneticHeading>0.000000</magneticHeading>
<gpsHeading>290.866394</gpsHeading>
<haccuracy>5.422000</haccuracy>
<vaccuracy>5.422000</vaccuracy>
<internetconnect>2</internetconnect>
</trkpt>
<trkpt lat="35.831914" lon="139.067209">
<ele>855.000000</ele>
<time>2026-06-28T00:10:38Z</time>
<speed>1.067352</speed>
<trueHeading>0.000000</trueHeading>
<magneticHeading>0.000000</magneticHeading>
<gpsHeading>256.783661</gpsHeading>
<haccuracy>5.863000</haccuracy>
<vaccuracy>5.863000</vaccuracy>
<internetconnect>2</internetconnect>
</trkpt>
<trkpt lat="35.831986" lon="139.066823">
<ele>864.000000</ele>
<time>2026-06-28T00:11:28Z</time>
<speed>0.589422</speed>
<trueHeading>0.000000</trueHeading>
<magneticHeading>0.000000</magneticHeading>
<gpsHeading>282.847809</gpsHeading>
<haccuracy>5.425000</haccuracy>
<vaccuracy>5.425000</vaccuracy>
<internetconnect>2</internetconnect>
</trkpt>
<trkpt lat="35.831863" lon="139.066476">
<ele>873.666667</ele>
<time>2026-06-28T00:12:16Z</time>
<speed>0.757270</speed>
<trueHeading>0.000000</trueHeading>
<magneticHeading>0.000000</magneticHeading>
<gpsHeading>246.402496</gpsHeading>
<haccuracy>5.568000</haccuracy>
<vaccuracy>5.568000</vaccuracy>
<internetconnect>2</internetconnect>
</trkpt>
<trkpt lat="35.831794" lon="139.066125">
<ele>882.333333</ele>
<time>2026-06-28T00:13:19Z</time>
<speed>0.760000</speed>
<trueHeading>0.000000</trueHeading>
<magneticHeading>0.000000</magneticHeading>
<gpsHeading>256.470886</gpsHeading>
<haccuracy>10.223879</haccuracy>
<vaccuracy>10.223879</vaccuracy>
<internetconnect>2</internetconnect>
</trkpt>
<trkpt lat="35.831798" lon="139.065644">
<ele>892.666667</ele>
<time>2026-06-28T00:14:09Z</time>
<speed>0.850000</speed>
<trueHeading>0.000000</trueHeading>
<magneticHeading>0.000000</magneticHeading>
<gpsHeading>270.540039</gpsHeading>
<haccuracy>10.395555</haccuracy>
<vaccuracy>10.395555</vaccuracy>
<internetconnect>2</internetconnect>
</trkpt>
<trkpt lat="35.831828" lon="139.065249">
<ele>902.666667</ele>
<time>2026-06-28T00:15:24Z</time>
<speed>0.760000</speed>
<trueHeading>0.000000</trueHeading>
<magneticHeading>0.000000</magneticHeading>
<gpsHeading>275.485840</gpsHeading>
<haccuracy>4.359663</haccuracy>
<vaccuracy>4.359663</vaccuracy>
<internetconnect>2</internetconnect>
</trkpt>
<trkpt lat="35.831634" lon="139.064995">
<ele>915.666667</ele>
<time>2026-06-28T00:17:04Z</time>
<speed>0.470000</speed>
<trueHeading>0.000000</trueHeading>
<magneticHeading>0.000000</magneticHeading>
<gpsHeading>226.609558</gpsHeading>
<haccuracy>10.385839</haccuracy>
<vaccuracy>10.385839</vaccuracy>
<internetconnect>2</internetconnect>
</trkpt>
<trkpt lat="35.831673" lon="139.064639">
<ele>929.000000</ele>
<time>2026-06-28T00:17:53Z</time>
<speed>0.965549</speed>
<trueHeading>0.000000</trueHeading>
<magneticHeading>0.000000</magneticHeading>
<gpsHeading>277.740143</gpsHeading>
<haccuracy>6.331000</haccuracy>
<vaccuracy>6.331000</vaccuracy>
<internetconnect>2</internetconnect>
</trkpt>
<trkpt lat="35.831682" lon="139.064294">
<ele>944.000000</ele>
<time>2026-06-28T00:19:46Z</time>
<speed>0.765258</speed>
<trueHeading>0.000000</trueHeading>
<magneticHeading>0.000000</magneticHeading>
<gpsHeading>271.801514</gpsHeading>
<haccuracy>5.240000</haccuracy>
<vaccuracy>5.240000</vaccuracy>
<internetconnect>2</internetconnect>
</trkpt>
<trkpt lat="35.831640" lon="139.063943">
<ele>957.666667</ele>
<time>2026-06-28T00:20:48Z</time>
<speed>0.460000</speed>
<trueHeading>0.000000</trueHeading>
<magneticHeading>0.000000</magneticHeading>
<gpsHeading>261.590179</gpsHeading>
<haccuracy>10.088091</haccuracy>
<vaccuracy>10.088091</vaccuracy>
<internetconnect>2</internetconnect>
</trkpt>
<trkpt lat="35.831631" lon="139.063589">
<ele>967.333333</ele>
<time>2026-06-28T00:21:58Z</time>
<speed>0.620000</speed>
<trueHeading>0.000000</trueHeading>
<magneticHeading>0.000000</magneticHeading>
<gpsHeading>268.243164</gpsHeading>
<haccuracy>9.935046</haccuracy>
<vaccuracy>9.935046</vaccuracy>
<internetconnect>2</internetconnect>
</trkpt>
<trkpt lat="35.831608" lon="139.063245">
<ele>976.000000</ele>
<time>2026-06-28T00:22:46Z</time>
<speed>1.067372</speed>
<trueHeading>0.000000</trueHeading>
<magneticHeading>0.000000</magneticHeading>
<gpsHeading>265.186951</gpsHeading>
<haccuracy>5.400000</haccuracy>
<vaccuracy>5.400000</vaccuracy>
<internetconnect>2</internetconnect>
</trkpt>
<trkpt lat="35.831508" lon="139.062925">
<ele>980.000000</ele>
<time>2026-06-28T00:24:49Z</time>
<speed>0.250000</speed>
<trueHeading>0.000000</trueHeading>
<magneticHeading>0.000000</magneticHeading>
<gpsHeading>249.077118</gpsHeading>
<haccuracy>3.790092</haccuracy>
<vaccuracy>3.790092</vaccuracy>
<internetconnect>2</internetconnect>
</trkpt>
<trkpt lat="35.831317" lon="139.062411">
<ele>981.333333</ele>
<time>2026-06-28T00:25:38Z</time>
<speed>0.801678</speed>
<trueHeading>0.000000</trueHeading>
<magneticHeading>0.000000</magneticHeading>
<gpsHeading>245.329422</gpsHeading>
<haccuracy>3.042000</haccuracy>
<vaccuracy>3.042000</vaccuracy>
<internetconnect>2</internetconnect>
</trkpt>
<trkpt lat="35.831011" lon="139.062072">
<ele>981.000000</ele>
<time>2026-06-28T00:26:25Z</time>
<speed>1.277982</speed>
<trueHeading>0.000000</trueHeading>
<magneticHeading>0.000000</magneticHeading>
<gpsHeading>221.840103</gpsHeading>
<haccuracy>4.309000</haccuracy>
<vaccuracy>4.309000</vaccuracy>
<internetconnect>2</internetconnect>
</trkpt>
<trkpt lat="35.830775" lon="139.061870">
<ele>987.333333</ele>
<time>2026-06-28T00:27:17Z</time>
<speed>1.101239</speed>
<trueHeading>0.000000</trueHeading>
<magneticHeading>0.000000</magneticHeading>
<gpsHeading>214.876083</gpsHeading>
<haccuracy>5.014000</haccuracy>
<vaccuracy>5.014000</vaccuracy>
<internetconnect>2</internetconnect>
</trkpt>
<trkpt lat="35.830557" lon="139.061651">
<ele>998.000000</ele>
<time>2026-06-28T00:28:13Z</time>
<speed>0.500000</speed>
<trueHeading>0.000000</trueHeading>
<magneticHeading>0.000000</magneticHeading>
<gpsHeading>219.177628</gpsHeading>
<haccuracy>9.935046</haccuracy>
<vaccuracy>9.935046</vaccuracy>
<internetconnect>2</internetconnect>
</trkpt>
<trkpt lat="35.830371" lon="139.061396">
<ele>1008.333333</ele>
<time>2026-06-28T00:29:50Z</time>
<speed>0.703345</speed>
<trueHeading>0.000000</trueHeading>
<magneticHeading>0.000000</magneticHeading>
<gpsHeading>227.976715</gpsHeading>
<haccuracy>3.000000</haccuracy>
<vaccuracy>3.000000</vaccuracy>
<internetconnect>2</internetconnect>
</trkpt>
<trkpt lat="35.830230" lon="139.060993">
<ele>1015.333333</ele>
<time>2026-06-28T00:30:37Z</time>
<speed>0.180000</speed>
<trueHeading>0.000000</trueHeading>
<magneticHeading>0.000000</magneticHeading>
<gpsHeading>246.737305</gpsHeading>
<haccuracy>10.482341</haccuracy>
<vaccuracy>10.482341</vaccuracy>
<internetconnect>2</internetconnect>
</trkpt>
<trkpt lat="35.830124" lon="139.060652">
<ele>1029.000000</ele>
<time>2026-06-28T00:31:26Z</time>
<speed>0.693075</speed>
<trueHeading>0.000000</trueHeading>
<magneticHeading>0.000000</magneticHeading>
<gpsHeading>248.884186</gpsHeading>
<haccuracy>4.584000</haccuracy>
<vaccuracy>4.584000</vaccuracy>
<internetconnect>2</internetconnect>
</trkpt>
<trkpt lat="35.830201" lon="139.060317">
<ele>1045.333333</ele>
<time>2026-06-28T00:33:02Z</time>
<speed>1.080000</speed>
<trueHeading>0.000000</trueHeading>
<magneticHeading>0.000000</magneticHeading>
<gpsHeading>285.873199</gpsHeading>
<haccuracy>9.935000</haccuracy>
<vaccuracy>9.935000</vaccuracy>
<internetconnect>2</internetconnect>
</trkpt>
<trkpt lat="35.830189" lon="139.060057">
<ele>1061.666667</ele>
<time>2026-06-28T00:35:08Z</time>
<speed>0.420000</speed>
<trueHeading>0.000000</trueHeading>
<magneticHeading>0.000000</magneticHeading>
<gpsHeading>266.865143</gpsHeading>
<haccuracy>7.522305</haccuracy>
<vaccuracy>7.522305</vaccuracy>
<internetconnect>2</internetconnect>
</trkpt>
<trkpt lat="35.829892" lon="139.059987">
<ele>1070.333333</ele>
<time>2026-06-28T00:36:57Z</time>
<speed>0.850000</speed>
<trueHeading>0.000000</trueHeading>
<magneticHeading>0.000000</magneticHeading>
<gpsHeading>190.666214</gpsHeading>
<haccuracy>3.790092</haccuracy>
<vaccuracy>3.790092</vaccuracy>
<internetconnect>2</internetconnect>
</trkpt>
<trkpt lat="35.829550" lon="139.059817">
<ele>1076.333333</ele>
<time>2026-06-28T00:37:44Z</time>
<speed>0.664798</speed>
<trueHeading>0.000000</trueHeading>
<magneticHeading>0.000000</magneticHeading>
<gpsHeading>202.025238</gpsHeading>
<haccuracy>3.006000</haccuracy>
<vaccuracy>3.006000</vaccuracy>
<internetconnect>2</internetconnect>
</trkpt>
<trkpt lat="35.829345" lon="139.059561">
<ele>1080.333333</ele>
<time>2026-06-28T00:38:36Z</time>
<speed>1.043674</speed>
<trueHeading>0.000000</trueHeading>
<magneticHeading>0.000000</magneticHeading>
<gpsHeading>225.354889</gpsHeading>
<haccuracy>3.001000</haccuracy>
<vaccuracy>3.001000</vaccuracy>
<internetconnect>2</internetconnect>
</trkpt>
<trkpt lat="35.829133" lon="139.059334">
<ele>1083.000000</ele>
<time>2026-06-28T00:39:33Z</time>
<speed>1.340000</speed>
<trueHeading>0.000000</trueHeading>
<magneticHeading>0.000000</magneticHeading>
<gpsHeading>221.026459</gpsHeading>
<haccuracy>9.935046</haccuracy>
<vaccuracy>9.935046</vaccuracy>
<internetconnect>2</internetconnect>
</trkpt>
<trkpt lat="35.829002" lon="139.059172">
<ele>1085.000000</ele>
<time>2026-06-28T00:41:37Z</time>
<speed>0.033328</speed>
<trueHeading>0.000000</trueHeading>
<magneticHeading>0.000000</magneticHeading>
<gpsHeading>225.049774</gpsHeading>
<haccuracy>3.000000</haccuracy>
<vaccuracy>3.000000</vaccuracy>
<internetconnect>2</internetconnect>
</trkpt>
<trkpt lat="35.828993" lon="139.059136">
<ele>1086.000000</ele>
<time>2026-06-28T00:43:40Z</time>
<speed>0.000000</speed>
<trueHeading>0.000000</trueHeading>
<magneticHeading>0.000000</magneticHeading>
<gpsHeading>253.294937</gpsHeading>
<haccuracy>3.790092</haccuracy>
<vaccuracy>3.790092</vaccuracy>
<internetconnect>2</internetconnect>
</trkpt>
<trkpt lat="35.829020" lon="139.059129">
<ele>1086.333333</ele>
<time>2026-06-28T00:46:30Z</time>
<speed>0.000000</speed>
<trueHeading>0.000000</trueHeading>
<magneticHeading>0.000000</magneticHeading>
<gpsHeading>346.886383</gpsHeading>
<haccuracy>9.935046</haccuracy>
<vaccuracy>9.935046</vaccuracy>
<internetconnect>2</internetconnect>
</trkpt>
<trkpt lat="35.829029" lon="139.059156">
<ele>1085.333333</ele>
<time>2026-06-28T00:49:14Z</time>
<speed>0.000000</speed>
<trueHeading>0.000000</trueHeading>
<magneticHeading>0.000000</magneticHeading>
<gpsHeading>66.170013</gpsHeading>
<haccuracy>9.935046</haccuracy>
<vaccuracy>9.935046</vaccuracy>
<internetconnect>2</internetconnect>
</trkpt>
<trkpt lat="35.828998" lon="139.059212">
<ele>1085.666667</ele>
<time>2026-06-28T00:51:18Z</time>
<speed>0.050284</speed>
<trueHeading>0.000000</trueHeading>
<magneticHeading>0.000000</magneticHeading>
<gpsHeading>124.221001</gpsHeading>
<haccuracy>3.000000</haccuracy>
<vaccuracy>3.000000</vaccuracy>
<internetconnect>2</internetconnect>
</trkpt>
<trkpt lat="35.829083" lon="139.059151">
<ele>1084.333333</ele>
<time>2026-06-28T00:53:20Z</time>
<speed>0.200000</speed>
<trueHeading>0.000000</trueHeading>
<magneticHeading>0.000000</magneticHeading>
<gpsHeading>329.393341</gpsHeading>
<haccuracy>9.935046</haccuracy>
<vaccuracy>9.935046</vaccuracy>
<internetconnect>2</internetconnect>
</trkpt>
<trkpt lat="35.829000" lon="139.059214">
<ele>1086.333333</ele>
<time>2026-06-28T00:55:44Z</time>
<speed>0.210000</speed>
<trueHeading>0.000000</trueHeading>
<magneticHeading>0.000000</magneticHeading>
<gpsHeading>148.107285</gpsHeading>
<haccuracy>3.918963</haccuracy>
<vaccuracy>3.918963</vaccuracy>
<internetconnect>2</internetconnect>
</trkpt>
<trkpt lat="35.828955" lon="139.058941">
<ele>1087.000000</ele>
<time>2026-06-28T00:57:49Z</time>
<speed>0.261804</speed>
<trueHeading>0.000000</trueHeading>
<magneticHeading>0.000000</magneticHeading>
<gpsHeading>258.506775</gpsHeading>
<haccuracy>4.685000</haccuracy>
<vaccuracy>4.685000</vaccuracy>
<internetconnect>2</internetconnect>
</trkpt>
<trkpt lat="35.828973" lon="139.058559">
<ele>1091.333333</ele>
<time>2026-06-28T00:58:37Z</time>
<speed>0.000000</speed>
<trueHeading>0.000000</trueHeading>
<magneticHeading>0.000000</magneticHeading>
<gpsHeading>273.415833</gpsHeading>
<haccuracy>10.219960</haccuracy>
<vaccuracy>10.219960</vaccuracy>
<internetconnect>2</internetconnect>
</trkpt>
<trkpt lat="35.828919" lon="139.058213">
<ele>1092.333333</ele>
<time>2026-06-28T01:00:11Z</time>
<speed>0.000000</speed>
<trueHeading>0.000000</trueHeading>
<magneticHeading>0.000000</magneticHeading>
<gpsHeading>259.072021</gpsHeading>
<haccuracy>10.717988</haccuracy>
<vaccuracy>10.717988</vaccuracy>
<internetconnect>2</internetconnect>
</trkpt>
<trkpt lat="35.828940" lon="139.057870">
<ele>1088.000000</ele>
<time>2026-06-28T01:01:19Z</time>
<speed>0.470000</speed>
<trueHeading>0.000000</trueHeading>
<magneticHeading>0.000000</magneticHeading>
<gpsHeading>274.275787</gpsHeading>
<haccuracy>10.371850</haccuracy>
<vaccuracy>10.371850</vaccuracy>
<internetconnect>2</internetconnect>
</trkpt>
<trkpt lat="35.829035" lon="139.057869">
<ele>1083.000000</ele>
<time>2026-06-28T01:04:09Z</time>
<speed>0.470000</speed>
<trueHeading>0.000000</trueHeading>
<magneticHeading>0.000000</magneticHeading>
<gpsHeading>359.506592</gpsHeading>
<haccuracy>10.733630</haccuracy>
<vaccuracy>10.733630</vaccuracy>
<internetconnect>2</internetconnect>
</trkpt>
<trkpt lat="35.828984" lon="139.057654">
<ele>1082.000000</ele>
<time>2026-06-28T01:06:14Z</time>
<speed>0.480000</speed>
<trueHeading>0.000000</trueHeading>
<magneticHeading>0.000000</magneticHeading>
<gpsHeading>253.723053</gpsHeading>
<haccuracy>10.431823</haccuracy>
<vaccuracy>10.431823</vaccuracy>
<internetconnect>2</internetconnect>
</trkpt>
<trkpt lat="35.829048" lon="139.057254">
<ele>1085.666667</ele>
<time>2026-06-28T01:07:01Z</time>
<speed>0.810000</speed>
<trueHeading>0.000000</trueHeading>
<magneticHeading>0.000000</magneticHeading>
<gpsHeading>281.088562</gpsHeading>
<haccuracy>10.362262</haccuracy>
<vaccuracy>10.362262</vaccuracy>
<internetconnect>2</internetconnect>
</trkpt>
<trkpt lat="35.829232" lon="139.056974">
<ele>1085.666667</ele>
<time>2026-06-28T01:07:48Z</time>
<speed>0.740000</speed>
<trueHeading>0.000000</trueHeading>
<magneticHeading>0.000000</magneticHeading>
<gpsHeading>309.030975</gpsHeading>
<haccuracy>10.623768</haccuracy>
<vaccuracy>10.623768</vaccuracy>
<internetconnect>2</internetconnect>
</trkpt>
<trkpt lat="35.829379" lon="139.056673">
<ele>1082.666667</ele>
<time>2026-06-28T01:09:01Z</time>
<speed>0.620000</speed>
<trueHeading>0.000000</trueHeading>
<magneticHeading>0.000000</magneticHeading>
<gpsHeading>301.053711</gpsHeading>
<haccuracy>10.288719</haccuracy>
<vaccuracy>10.288719</vaccuracy>
<internetconnect>2</internetconnect>
</trkpt>
<trkpt lat="35.829347" lon="139.056385">
<ele>1073.333333</ele>
<time>2026-06-28T01:11:05Z</time>
<speed>0.290000</speed>
<trueHeading>0.000000</trueHeading>
<magneticHeading>0.000000</magneticHeading>
<gpsHeading>262.207520</gpsHeading>
<haccuracy>10.027192</haccuracy>
<vaccuracy>10.027192</vaccuracy>
<internetconnect>2</internetconnect>
</trkpt>
<trkpt lat="35.829373" lon="139.056038">
<ele>1062.000000</ele>
<time>2026-06-28T01:12:49Z</time>
<speed>0.540000</speed>
<trueHeading>0.000000</trueHeading>
<magneticHeading>0.000000</magneticHeading>
<gpsHeading>275.413025</gpsHeading>
<haccuracy>9.935046</haccuracy>
<vaccuracy>9.935046</vaccuracy>
<internetconnect>2</internetconnect>
</trkpt>
<trkpt lat="35.829378" lon="139.055765">
<ele>1051.000000</ele>
<time>2026-06-28T01:14:52Z</time>
<speed>0.640000</speed>
<trueHeading>0.000000</trueHeading>
<magneticHeading>0.000000</magneticHeading>
<gpsHeading>271.200531</gpsHeading>
<haccuracy>9.935046</haccuracy>
<vaccuracy>9.935046</vaccuracy>
<internetconnect>2</internetconnect>
</trkpt>
<trkpt lat="35.829414" lon="139.055772">
<ele>1047.666667</ele>
<time>2026-06-28T01:17:48Z</time>
<speed>1.440000</speed>
<trueHeading>0.000000</trueHeading>
<magneticHeading>0.000000</magneticHeading>
<gpsHeading>9.024009</gpsHeading>
<haccuracy>10.008368</haccuracy>
<vaccuracy>10.008368</vaccuracy>
<internetconnect>2</internetconnect>
</trkpt>
<trkpt lat="35.829313" lon="139.055748">
<ele>1045.333333</ele>
<time>2026-06-28T01:19:54Z</time>
<speed>0.000000</speed>
<trueHeading>0.000000</trueHeading>
<magneticHeading>0.000000</magneticHeading>
<gpsHeading>190.742615</gpsHeading>
<haccuracy>5.533980</haccuracy>
<vaccuracy>5.533980</vaccuracy>
<internetconnect>2</internetconnect>
</trkpt>
<trkpt lat="35.829389" lon="139.055687">
<ele>1040.000000</ele>
<time>2026-06-28T01:21:59Z</time>
<speed>0.000000</speed>
<trueHeading>0.000000</trueHeading>
<magneticHeading>0.000000</magneticHeading>
<gpsHeading>326.963623</gpsHeading>
<haccuracy>9.620307</haccuracy>
<vaccuracy>9.620307</vaccuracy>
<internetconnect>2</internetconnect>
</trkpt>
<trkpt lat="35.829614" lon="139.055655">
<ele>1035.666667</ele>
<time>2026-06-28T01:24:50Z</time>
<speed>1.440000</speed>
<trueHeading>0.000000</trueHeading>
<magneticHeading>0.000000</magneticHeading>
<gpsHeading>0.000000</gpsHeading>
<haccuracy>11.888485</haccuracy>
<vaccuracy>11.888485</vaccuracy>
<internetconnect>2</internetconnect>
</trkpt>
<trkpt lat="35.829317" lon="139.055655">
<ele>1035.666667</ele>
<time>2026-06-28T01:27:29Z</time>
<speed>6.830000</speed>
<trueHeading>0.000000</trueHeading>
<magneticHeading>0.000000</magneticHeading>
<gpsHeading>179.976578</gpsHeading>
<haccuracy>4.247585</haccuracy>
<vaccuracy>4.247585</vaccuracy>
<internetconnect>2</internetconnect>
</trkpt>
<trkpt lat="35.829267" lon="139.055614">
<ele>1037.333333</ele>
<time>2026-06-28T01:30:05Z</time>
<speed>1.510000</speed>
<trueHeading>0.000000</trueHeading>
<magneticHeading>0.000000</magneticHeading>
<gpsHeading>213.491623</gpsHeading>
<haccuracy>11.027833</haccuracy>
<vaccuracy>11.027833</vaccuracy>
<internetconnect>2</internetconnect>
</trkpt>
<trkpt lat="35.829329" lon="139.055600">
<ele>1041.000000</ele>
<time>2026-06-28T01:32:07Z</time>
<speed>0.000000</speed>
<trueHeading>0.000000</trueHeading>
<magneticHeading>0.000000</magneticHeading>
<gpsHeading>349.628448</gpsHeading>
<haccuracy>9.935046</haccuracy>
<vaccuracy>9.935046</vaccuracy>
<internetconnect>2</internetconnect>
</trkpt>
<trkpt lat="35.829181" lon="139.055641">
<ele>1046.666667</ele>
<time>2026-06-28T01:34:09Z</time>
<speed>0.000000</speed>
<trueHeading>0.000000</trueHeading>
<magneticHeading>0.000000</magneticHeading>
<gpsHeading>167.506226</gpsHeading>
<haccuracy>10.189951</haccuracy>
<vaccuracy>10.189951</vaccuracy>
<internetconnect>2</internetconnect>
</trkpt>
<trkpt lat="35.829033" lon="139.055655">
<ele>1054.666667</ele>
<time>2026-06-28T01:36:24Z</time>
<speed>0.000000</speed>
<trueHeading>0.000000</trueHeading>
<magneticHeading>0.000000</magneticHeading>
<gpsHeading>175.534805</gpsHeading>
<haccuracy>10.173038</haccuracy>
<vaccuracy>10.173038</vaccuracy>
<internetconnect>2</internetconnect>
</trkpt>
<trkpt lat="35.828827" lon="139.055410">
<ele>1058.666667</ele>
<time>2026-06-28T01:38:28Z</time>
<speed>0.000000</speed>
<trueHeading>0.000000</trueHeading>
<magneticHeading>0.000000</magneticHeading>
<gpsHeading>223.958084</gpsHeading>
<haccuracy>10.894349</haccuracy>
<vaccuracy>10.894349</vaccuracy>
<internetconnect>2</internetconnect>
</trkpt>
<trkpt lat="35.828798" lon="139.055380">
<ele>1059.000000</ele>
<time>2026-06-28T01:40:34Z</time>
<speed>0.000000</speed>
<trueHeading>0.000000</trueHeading>
<magneticHeading>0.000000</magneticHeading>
<gpsHeading>219.410568</gpsHeading>
<haccuracy>10.877830</haccuracy>
<vaccuracy>10.877830</vaccuracy>
<internetconnect>2</internetconnect>
</trkpt>
<trkpt lat="35.828775" lon="139.055312">
<ele>1059.333333</ele>
<time>2026-06-28T01:43:54Z</time>
<speed>0.000000</speed>
<trueHeading>0.000000</trueHeading>
<magneticHeading>0.000000</magneticHeading>
<gpsHeading>247.576660</gpsHeading>
<haccuracy>10.645811</haccuracy>
<vaccuracy>10.645811</vaccuracy>
<internetconnect>2</internetconnect>
</trkpt>
<trkpt lat="35.828874" lon="139.054975">
<ele>1057.333333</ele>
<time>2026-06-28T01:44:46Z</time>
<speed>0.000000</speed>
<trueHeading>0.000000</trueHeading>
<magneticHeading>0.000000</magneticHeading>
<gpsHeading>289.784393</gpsHeading>
<haccuracy>10.421924</haccuracy>
<vaccuracy>10.421924</vaccuracy>
<internetconnect>2</internetconnect>
</trkpt>
<trkpt lat="35.828896" lon="139.054610">
<ele>1053.666667</ele>
<time>2026-06-28T01:46:09Z</time>
<speed>0.000000</speed>
<trueHeading>0.000000</trueHeading>
<magneticHeading>0.000000</magneticHeading>
<gpsHeading>274.205994</gpsHeading>
<haccuracy>9.935046</haccuracy>
<vaccuracy>9.935046</vaccuracy>
<internetconnect>2</internetconnect>
</trkpt>
<trkpt lat="35.828865" lon="139.054505">
<ele>1050.333333</ele>
<time>2026-06-28T01:48:16Z</time>
<speed>0.000000</speed>
<trueHeading>0.000000</trueHeading>
<magneticHeading>0.000000</magneticHeading>
<gpsHeading>250.068085</gpsHeading>
<haccuracy>3.790000</haccuracy>
<vaccuracy>3.790000</vaccuracy>
<internetconnect>2</internetconnect>
</trkpt>
<trkpt lat="35.828720" lon="139.054508">
<ele>1053.666667</ele>
<time>2026-06-28T01:50:19Z</time>
<speed>0.244006</speed>
<trueHeading>0.000000</trueHeading>
<magneticHeading>0.000000</magneticHeading>
<gpsHeading>179.265213</gpsHeading>
<haccuracy>3.148000</haccuracy>
<vaccuracy>3.148000</vaccuracy>
<internetconnect>2</internetconnect>
</trkpt>
<trkpt lat="35.828450" lon="139.054396">
<ele>1060.666667</ele>
<time>2026-06-28T01:51:58Z</time>
<speed>1.470000</speed>
<trueHeading>0.000000</trueHeading>
<magneticHeading>0.000000</magneticHeading>
<gpsHeading>198.570862</gpsHeading>
<haccuracy>4.647549</haccuracy>
<vaccuracy>4.647549</vaccuracy>
<internetconnect>2</internetconnect>
</trkpt>
<trkpt lat="35.828151" lon="139.054327">
<ele>1065.666667</ele>
<time>2026-06-28T01:53:27Z</time>
<speed>1.830000</speed>
<trueHeading>0.000000</trueHeading>
<magneticHeading>0.000000</magneticHeading>
<gpsHeading>190.595306</gpsHeading>
<haccuracy>10.699398</haccuracy>
<vaccuracy>10.699398</vaccuracy>
<internetconnect>2</internetconnect>
</trkpt>
<trkpt lat="35.828059" lon="139.054258">
<ele>1066.666667</ele>
<time>2026-06-28T01:55:47Z</time>
<speed>0.780000</speed>
<trueHeading>0.000000</trueHeading>
<magneticHeading>0.000000</magneticHeading>
<gpsHeading>211.234131</gpsHeading>
<haccuracy>5.198602</haccuracy>
<vaccuracy>5.198602</vaccuracy>
<internetconnect>2</internetconnect>
</trkpt>
<trkpt lat="35.827832" lon="139.054079">
<ele>1068.333333</ele>
<time>2026-06-28T01:58:01Z</time>
<speed>0.000000</speed>
<trueHeading>0.000000</trueHeading>
<magneticHeading>0.000000</magneticHeading>
<gpsHeading>212.561386</gpsHeading>
<haccuracy>10.418887</haccuracy>
<vaccuracy>10.418887</vaccuracy>
<internetconnect>2</internetconnect>
</trkpt>
<trkpt lat="35.827624" lon="139.053780">
<ele>1071.666667</ele>
<time>2026-06-28T01:59:51Z</time>
<speed>0.510000</speed>
<trueHeading>0.000000</trueHeading>
<magneticHeading>0.000000</magneticHeading>
<gpsHeading>229.370789</gpsHeading>
<haccuracy>10.501225</haccuracy>
<vaccuracy>10.501225</vaccuracy>
<internetconnect>2</internetconnect>
</trkpt>
<trkpt lat="35.827354" lon="139.053621">
<ele>1077.000000</ele>
<time>2026-06-28T02:01:38Z</time>
<speed>0.240000</speed>
<trueHeading>0.000000</trueHeading>
<magneticHeading>0.000000</magneticHeading>
<gpsHeading>205.540192</gpsHeading>
<haccuracy>10.657753</haccuracy>
<vaccuracy>10.657753</vaccuracy>
<internetconnect>2</internetconnect>
</trkpt>
<trkpt lat="35.827113" lon="139.053443">
<ele>1079.666667</ele>
<time>2026-06-28T02:03:22Z</time>
<speed>0.312260</speed>
<trueHeading>0.000000</trueHeading>
<magneticHeading>0.000000</magneticHeading>
<gpsHeading>210.968048</gpsHeading>
<haccuracy>3.206000</haccuracy>
<vaccuracy>3.206000</vaccuracy>
<internetconnect>2</internetconnect>
</trkpt>
<trkpt lat="35.826997" lon="139.053130">
<ele>1082.000000</ele>
<time>2026-06-28T02:05:24Z</time>
<speed>0.340000</speed>
<trueHeading>0.000000</trueHeading>
<magneticHeading>0.000000</magneticHeading>
<gpsHeading>245.332611</gpsHeading>
<haccuracy>10.276151</haccuracy>
<vaccuracy>10.276151</vaccuracy>
<internetconnect>2</internetconnect>
</trkpt>
<trkpt lat="35.826738" lon="139.053030">
<ele>1081.666667</ele>
<time>2026-06-28T02:07:33Z</time>
<speed>0.147458</speed>
<trueHeading>0.000000</trueHeading>
<magneticHeading>0.000000</magneticHeading>
<gpsHeading>197.373932</gpsHeading>
<haccuracy>4.016000</haccuracy>
<vaccuracy>4.016000</vaccuracy>
<internetconnect>2</internetconnect>
</trkpt>
<trkpt lat="35.826614" lon="139.052733">
<ele>1086.000000</ele>
<time>2026-06-28T02:09:49Z</time>
<speed>0.000000</speed>
<trueHeading>0.000000</trueHeading>
<magneticHeading>0.000000</magneticHeading>
<gpsHeading>242.712662</gpsHeading>
<haccuracy>3.790092</haccuracy>
<vaccuracy>3.790092</vaccuracy>
<internetconnect>2</internetconnect>
</trkpt>
<trkpt lat="35.826509" lon="139.052426">
<ele>1089.666667</ele>
<time>2026-06-28T02:11:50Z</time>
<speed>0.000000</speed>
<trueHeading>0.000000</trueHeading>
<magneticHeading>0.000000</magneticHeading>
<gpsHeading>247.183960</gpsHeading>
<haccuracy>10.591853</haccuracy>
<vaccuracy>10.591853</vaccuracy>
<internetconnect>2</internetconnect>
</trkpt>
<trkpt lat="35.826589" lon="139.052085">
<ele>1092.666667</ele>
<time>2026-06-28T02:12:51Z</time>
<speed>0.000000</speed>
<trueHeading>0.000000</trueHeading>
<magneticHeading>0.000000</magneticHeading>
<gpsHeading>286.154144</gpsHeading>
<haccuracy>10.539517</haccuracy>
<vaccuracy>10.539517</vaccuracy>
<internetconnect>2</internetconnect>
</trkpt>
<trkpt lat="35.826555" lon="139.051722">
<ele>1088.666667</ele>
<time>2026-06-28T02:14:22Z</time>
<speed>0.280000</speed>
<trueHeading>0.000000</trueHeading>
<magneticHeading>0.000000</magneticHeading>
<gpsHeading>263.375183</gpsHeading>
<haccuracy>10.426607</haccuracy>
<vaccuracy>10.426607</vaccuracy>
<internetconnect>2</internetconnect>
</trkpt>
<trkpt lat="35.826315" lon="139.051551">
<ele>1084.666667</ele>
<time>2026-06-28T02:16:35Z</time>
<speed>0.520000</speed>
<trueHeading>0.000000</trueHeading>
<magneticHeading>0.000000</magneticHeading>
<gpsHeading>210.005478</gpsHeading>
<haccuracy>10.597245</haccuracy>
<vaccuracy>10.597245</vaccuracy>
<internetconnect>2</internetconnect>
</trkpt>
<trkpt lat="35.826124" lon="139.051583">
<ele>1077.333333</ele>
<time>2026-06-28T02:18:49Z</time>
<speed>0.470000</speed>
<trueHeading>0.000000</trueHeading>
<magneticHeading>0.000000</magneticHeading>
<gpsHeading>172.352661</gpsHeading>
<haccuracy>10.632355</haccuracy>
<vaccuracy>10.632355</vaccuracy>
<internetconnect>2</internetconnect>
</trkpt>
<trkpt lat="35.826133" lon="139.051386">
<ele>1072.666667</ele>
<time>2026-06-28T02:21:02Z</time>
<speed>0.710000</speed>
<trueHeading>0.000000</trueHeading>
<magneticHeading>0.000000</magneticHeading>
<gpsHeading>273.388824</gpsHeading>
<haccuracy>10.830444</haccuracy>
<vaccuracy>10.830444</vaccuracy>
<internetconnect>2</internetconnect>
</trkpt>
<trkpt lat="35.826096" lon="139.051443">
<ele>1066.333333</ele>
<time>2026-06-28T02:23:18Z</time>
<speed>1.970000</speed>
<trueHeading>0.000000</trueHeading>
<magneticHeading>0.000000</magneticHeading>
<gpsHeading>128.796143</gpsHeading>
<haccuracy>11.000416</haccuracy>
<vaccuracy>11.000416</vaccuracy>
<internetconnect>2</internetconnect>
</trkpt>
<trkpt lat="35.826068" lon="139.051338">
<ele>1064.666667</ele>
<time>2026-06-28T02:25:37Z</time>
<speed>0.000000</speed>
<trueHeading>0.000000</trueHeading>
<magneticHeading>0.000000</magneticHeading>
<gpsHeading>251.923157</gpsHeading>
<haccuracy>10.468593</haccuracy>
<vaccuracy>10.468593</vaccuracy>
<internetconnect>2</internetconnect>
</trkpt>
<trkpt lat="35.826051" lon="139.051346">
<ele>1060.000000</ele>
<time>2026-06-28T02:28:28Z</time>
<speed>1.830000</speed>
<trueHeading>0.000000</trueHeading>
<magneticHeading>0.000000</magneticHeading>
<gpsHeading>161.445007</gpsHeading>
<haccuracy>10.375495</haccuracy>
<vaccuracy>10.375495</vaccuracy>
<internetconnect>2</internetconnect>
</trkpt>
<trkpt lat="35.825778" lon="139.051142">
<ele>1056.333333</ele>
<time>2026-06-28T02:29:41Z</time>
<speed>0.460000</speed>
<trueHeading>0.000000</trueHeading>
<magneticHeading>0.000000</magneticHeading>
<gpsHeading>211.147919</gpsHeading>
<haccuracy>10.654978</haccuracy>
<vaccuracy>10.654978</vaccuracy>
<internetconnect>2</internetconnect>
</trkpt>
<trkpt lat="35.825690" lon="139.051040">
<ele>1059.666667</ele>
<time>2026-06-28T02:31:44Z</time>
<speed>0.000000</speed>
<trueHeading>0.000000</trueHeading>
<magneticHeading>0.000000</magneticHeading>
<gpsHeading>223.310074</gpsHeading>
<haccuracy>5.914027</haccuracy>
<vaccuracy>5.914027</vaccuracy>
<internetconnect>2</internetconnect>
</trkpt>
<trkpt lat="35.825471" lon="139.051057">
<ele>1067.000000</ele>
<time>2026-06-28T02:33:46Z</time>
<speed>0.000000</speed>
<trueHeading>0.000000</trueHeading>
<magneticHeading>0.000000</magneticHeading>
<gpsHeading>176.465256</gpsHeading>
<haccuracy>5.752075</haccuracy>
<vaccuracy>5.752075</vaccuracy>
<internetconnect>2</internetconnect>
</trkpt>
<trkpt lat="35.825444" lon="139.050712">
<ele>1075.333333</ele>
<time>2026-06-28T02:35:48Z</time>
<speed>0.000000</speed>
<trueHeading>0.000000</trueHeading>
<magneticHeading>0.000000</magneticHeading>
<gpsHeading>264.458954</gpsHeading>
<haccuracy>10.762847</haccuracy>
<vaccuracy>10.762847</vaccuracy>
<internetconnect>2</internetconnect>
</trkpt>
<trkpt lat="35.825479" lon="139.050568">
<ele>1076.000000</ele>
<time>2026-06-28T02:40:25Z</time>
<speed>0.320000</speed>
<trueHeading>0.000000</trueHeading>
<magneticHeading>0.000000</magneticHeading>
<gpsHeading>286.712036</gpsHeading>
<haccuracy>11.255235</haccuracy>
<vaccuracy>11.255235</vaccuracy>
<internetconnect>2</internetconnect>
</trkpt>
<trkpt lat="35.825606" lon="139.050331">
<ele>1078.000000</ele>
<time>2026-06-28T02:43:29Z</time>
<speed>0.000000</speed>
<trueHeading>0.000000</trueHeading>
<magneticHeading>0.000000</magneticHeading>
<gpsHeading>303.453949</gpsHeading>
<haccuracy>10.627938</haccuracy>
<vaccuracy>10.627938</vaccuracy>
<internetconnect>2</internetconnect>
</trkpt>
<trkpt lat="35.825514" lon="139.050326">
<ele>1080.000000</ele>
<time>2026-06-28T02:45:37Z</time>
<speed>0.000000</speed>
<trueHeading>0.000000</trueHeading>
<magneticHeading>0.000000</magneticHeading>
<gpsHeading>182.536240</gpsHeading>
<haccuracy>13.300975</haccuracy>
<vaccuracy>13.300975</vaccuracy>
<internetconnect>2</internetconnect>
</trkpt>
<trkpt lat="35.825524" lon="139.050341">
<ele>1082.666667</ele>
<time>2026-06-28T02:47:47Z</time>
<speed>0.000000</speed>
<trueHeading>0.000000</trueHeading>
<magneticHeading>0.000000</magneticHeading>
<gpsHeading>52.014782</gpsHeading>
<haccuracy>9.935046</haccuracy>
<vaccuracy>9.935046</vaccuracy>
<internetconnect>2</internetconnect>
</trkpt>
<trkpt lat="35.825521" lon="139.050353">
<ele>1083.000000</ele>
<time>2026-06-28T02:50:06Z</time>
<speed>0.000000</speed>
<trueHeading>0.000000</trueHeading>
<magneticHeading>0.000000</magneticHeading>
<gpsHeading>103.408264</gpsHeading>
<haccuracy>10.847773</haccuracy>
<vaccuracy>10.847773</vaccuracy>
<internetconnect>2</internetconnect>
</trkpt>
<trkpt lat="35.825528" lon="139.050361">
<ele>1083.000000</ele>
<time>2026-06-28T02:52:38Z</time>
<speed>0.000000</speed>
<trueHeading>0.000000</trueHeading>
<magneticHeading>0.000000</magneticHeading>
<gpsHeading>41.320953</gpsHeading>
<haccuracy>10.608282</haccuracy>
<vaccuracy>10.608282</vaccuracy>
<internetconnect>2</internetconnect>
</trkpt>
<trkpt lat="35.825538" lon="139.050364">
<ele>1080.000000</ele>
<time>2026-06-28T02:56:39Z</time>
<speed>0.250000</speed>
<trueHeading>0.000000</trueHeading>
<magneticHeading>0.000000</magneticHeading>
<gpsHeading>15.264979</gpsHeading>
<haccuracy>11.641383</haccuracy>
<vaccuracy>11.641383</vaccuracy>
<internetconnect>2</internetconnect>
</trkpt>
<trkpt lat="35.825590" lon="139.050342">
<ele>1074.333333</ele>
<time>2026-06-28T02:58:57Z</time>
<speed>0.000000</speed>
<trueHeading>0.000000</trueHeading>
<magneticHeading>0.000000</magneticHeading>
<gpsHeading>340.866974</gpsHeading>
<haccuracy>6.035406</haccuracy>
<vaccuracy>6.035406</vaccuracy>
<internetconnect>2</internetconnect>
</trkpt>
<trkpt lat="35.825673" lon="139.050280">
<ele>1068.333333</ele>
<time>2026-06-28T03:01:38Z</time>
<speed>0.380000</speed>
<trueHeading>0.000000</trueHeading>
<magneticHeading>0.000000</magneticHeading>
<gpsHeading>328.730835</gpsHeading>
<haccuracy>5.683980</haccuracy>
<vaccuracy>5.683980</vaccuracy>
<internetconnect>2</internetconnect>
</trkpt>
<trkpt lat="35.825623" lon="139.050085">
<ele>1064.000000</ele>
<time>2026-06-28T03:03:43Z</time>
<speed>0.390000</speed>
<trueHeading>0.000000</trueHeading>
<magneticHeading>0.000000</magneticHeading>
<gpsHeading>252.363922</gpsHeading>
<haccuracy>11.902660</haccuracy>
<vaccuracy>11.902660</vaccuracy>
<internetconnect>2</internetconnect>
</trkpt>
<trkpt lat="35.825647" lon="139.049987">
<ele>1062.000000</ele>
<time>2026-06-28T03:05:57Z</time>
<speed>0.310000</speed>
<trueHeading>0.000000</trueHeading>
<magneticHeading>0.000000</magneticHeading>
<gpsHeading>287.093567</gpsHeading>
<haccuracy>4.110439</haccuracy>
<vaccuracy>4.110439</vaccuracy>
<internetconnect>2</internetconnect>
</trkpt>
<trkpt lat="35.825371" lon="139.049798">
<ele>1059.333333</ele>
<time>2026-06-28T03:07:42Z</time>
<speed>0.000000</speed>
<trueHeading>0.000000</trueHeading>
<magneticHeading>0.000000</magneticHeading>
<gpsHeading>208.973587</gpsHeading>
<haccuracy>10.281958</haccuracy>
<vaccuracy>10.281958</vaccuracy>
<internetconnect>2</internetconnect>
</trkpt>
<trkpt lat="35.825197" lon="139.049703">
<ele>1056.666667</ele>
<time>2026-06-28T03:11:19Z</time>
<speed>0.660000</speed>
<trueHeading>0.000000</trueHeading>
<magneticHeading>0.000000</magneticHeading>
<gpsHeading>203.885696</gpsHeading>
<haccuracy>10.866315</haccuracy>
<vaccuracy>10.866315</vaccuracy>
<internetconnect>0</internetconnect>
</trkpt>
<trkpt lat="35.824975" lon="139.049579">
<ele>1052.333333</ele>
<time>2026-06-28T03:13:21Z</time>
<speed>0.000000</speed>
<trueHeading>0.000000</trueHeading>
<magneticHeading>0.000000</magneticHeading>
<gpsHeading>204.351059</gpsHeading>
<haccuracy>10.486711</haccuracy>
<vaccuracy>10.486711</vaccuracy>
<internetconnect>0</internetconnect>
</trkpt>
<trkpt lat="35.824721" lon="139.049421">
<ele>1050.333333</ele>
<time>2026-06-28T03:14:35Z</time>
<speed>0.000000</speed>
<trueHeading>0.000000</trueHeading>
<magneticHeading>0.000000</magneticHeading>
<gpsHeading>206.695572</gpsHeading>
<haccuracy>10.729339</haccuracy>
<vaccuracy>10.729339</vaccuracy>
<internetconnect>0</internetconnect>
</trkpt>
<trkpt lat="35.824588" lon="139.049250">
<ele>1051.000000</ele>
<time>2026-06-28T03:16:39Z</time>
<speed>0.530000</speed>
<trueHeading>0.000000</trueHeading>
<magneticHeading>0.000000</magneticHeading>
<gpsHeading>226.367142</gpsHeading>
<haccuracy>7.599188</haccuracy>
<vaccuracy>7.599188</vaccuracy>
<internetconnect>0</internetconnect>
</trkpt>
<trkpt lat="35.824559" lon="139.049279">
<ele>1055.666667</ele>
<time>2026-06-28T03:18:43Z</time>
<speed>0.000000</speed>
<trueHeading>0.000000</trueHeading>
<magneticHeading>0.000000</magneticHeading>
<gpsHeading>139.713974</gpsHeading>
<haccuracy>10.522532</haccuracy>
<vaccuracy>10.522532</vaccuracy>
<internetconnect>0</internetconnect>
</trkpt>
<trkpt lat="35.824516" lon="139.048988">
<ele>1057.000000</ele>
<time>2026-06-28T03:21:02Z</time>
<speed>0.000000</speed>
<trueHeading>0.000000</trueHeading>
<magneticHeading>0.000000</magneticHeading>
<gpsHeading>259.687469</gpsHeading>
<haccuracy>10.035974</haccuracy>
<vaccuracy>10.035974</vaccuracy>
<internetconnect>0</internetconnect>
</trkpt>
<trkpt lat="35.824610" lon="139.048769">
<ele>1051.333333</ele>
<time>2026-06-28T03:23:15Z</time>
<speed>0.410000</speed>
<trueHeading>0.000000</trueHeading>
<magneticHeading>0.000000</magneticHeading>
<gpsHeading>297.821411</gpsHeading>
<haccuracy>10.524364</haccuracy>
<vaccuracy>10.524364</vaccuracy>
<internetconnect>0</internetconnect>
</trkpt>
<trkpt lat="35.824716" lon="139.048612">
<ele>1044.333333</ele>
<time>2026-06-28T03:25:37Z</time>
<speed>0.000000</speed>
<trueHeading>0.000000</trueHeading>
<magneticHeading>0.000000</magneticHeading>
<gpsHeading>309.637329</gpsHeading>
<haccuracy>7.336784</haccuracy>
<vaccuracy>7.336784</vaccuracy>
<internetconnect>2</internetconnect>
</trkpt>
<trkpt lat="35.824641" lon="139.048552">
<ele>1038.000000</ele>
<time>2026-06-28T03:31:13Z</time>
<speed>0.000000</speed>
<trueHeading>0.000000</trueHeading>
<magneticHeading>0.000000</magneticHeading>
<gpsHeading>212.713104</gpsHeading>
<haccuracy>11.265563</haccuracy>
<vaccuracy>11.265563</vaccuracy>
<internetconnect>2</internetconnect>
</trkpt>
<trkpt lat="35.824529" lon="139.048535">
<ele>1038.333333</ele>
<time>2026-06-28T03:36:00Z</time>
<speed>1.180000</speed>
<trueHeading>0.000000</trueHeading>
<magneticHeading>0.000000</magneticHeading>
<gpsHeading>187.222595</gpsHeading>
<haccuracy>11.106110</haccuracy>
<vaccuracy>11.106110</vaccuracy>
<internetconnect>0</internetconnect>
</trkpt>
<trkpt lat="35.824374" lon="139.048462">
<ele>1039.666667</ele>
<time>2026-06-28T03:40:43Z</time>
<speed>0.000000</speed>
<trueHeading>0.000000</trueHeading>
<magneticHeading>0.000000</magneticHeading>
<gpsHeading>200.846176</gpsHeading>
<haccuracy>10.706120</haccuracy>
<vaccuracy>10.706120</vaccuracy>
<internetconnect>0</internetconnect>
</trkpt>
<trkpt lat="35.824090" lon="139.048470">
<ele>1036.000000</ele>
<time>2026-06-28T03:41:59Z</time>
<speed>0.000000</speed>
<trueHeading>0.000000</trueHeading>
<magneticHeading>0.000000</magneticHeading>
<gpsHeading>178.811661</gpsHeading>
<haccuracy>7.993273</haccuracy>
<vaccuracy>7.993273</vaccuracy>
<internetconnect>0</internetconnect>
</trkpt>
<trkpt lat="35.824205" lon="139.048357">
<ele>1031.666667</ele>
<time>2026-06-28T03:45:15Z</time>
<speed>0.890000</speed>
<trueHeading>0.000000</trueHeading>
<magneticHeading>0.000000</magneticHeading>
<gpsHeading>321.637482</gpsHeading>
<haccuracy>13.354355</haccuracy>
<vaccuracy>13.354355</vaccuracy>
<internetconnect>0</internetconnect>
</trkpt>
<trkpt lat="35.824086" lon="139.048341">
<ele>1028.666667</ele>
<time>2026-06-28T03:48:47Z</time>
<speed>0.000000</speed>
<trueHeading>0.000000</trueHeading>
<magneticHeading>0.000000</magneticHeading>
<gpsHeading>186.370529</gpsHeading>
<haccuracy>12.991000</haccuracy>
<vaccuracy>12.991000</vaccuracy>
<internetconnect>0</internetconnect>
</trkpt>
<trkpt lat="35.823845" lon="139.048254">
<ele>1032.333333</ele>
<time>2026-06-28T03:50:48Z</time>
<speed>0.000000</speed>
<trueHeading>0.000000</trueHeading>
<magneticHeading>0.000000</magneticHeading>
<gpsHeading>196.401260</gpsHeading>
<haccuracy>9.416745</haccuracy>
<vaccuracy>9.416745</vaccuracy>
<internetconnect>0</internetconnect>
</trkpt>
<trkpt lat="35.823787" lon="139.048313">
<ele>1038.666667</ele>
<time>2026-06-28T03:52:55Z</time>
<speed>1.010000</speed>
<trueHeading>0.000000</trueHeading>
<magneticHeading>0.000000</magneticHeading>
<gpsHeading>140.649231</gpsHeading>
<haccuracy>6.333344</haccuracy>
<vaccuracy>6.333344</vaccuracy>
<internetconnect>0</internetconnect>
</trkpt>
<trkpt lat="35.823672" lon="139.048241">
<ele>1044.333333</ele>
<time>2026-06-28T03:54:56Z</time>
<speed>0.000000</speed>
<trueHeading>0.000000</trueHeading>
<magneticHeading>0.000000</magneticHeading>
<gpsHeading>206.852814</gpsHeading>
<haccuracy>10.373000</haccuracy>
<vaccuracy>10.373000</vaccuracy>
<internetconnect>0</internetconnect>
</trkpt>
<trkpt lat="35.823712" lon="139.048146">
<ele>1049.666667</ele>
<time>2026-06-28T03:57:07Z</time>
<speed>0.196274</speed>
<trueHeading>0.000000</trueHeading>
<magneticHeading>0.000000</magneticHeading>
<gpsHeading>297.016663</gpsHeading>
<haccuracy>4.488000</haccuracy>
<vaccuracy>4.488000</vaccuracy>
<internetconnect>0</internetconnect>
</trkpt>
<trkpt lat="35.823722" lon="139.048125">
<ele>1052.666667</ele>
<time>2026-06-28T03:59:12Z</time>
<speed>0.000000</speed>
<trueHeading>0.000000</trueHeading>
<magneticHeading>0.000000</magneticHeading>
<gpsHeading>301.950104</gpsHeading>
<haccuracy>10.725932</haccuracy>
<vaccuracy>10.725932</vaccuracy>
<internetconnect>0</internetconnect>
</trkpt>
<trkpt lat="35.823897" lon="139.047905">
<ele>1055.000000</ele>
<time>2026-06-28T04:01:52Z</time>
<speed>0.810000</speed>
<trueHeading>0.000000</trueHeading>
<magneticHeading>0.000000</magneticHeading>
<gpsHeading>314.346619</gpsHeading>
<haccuracy>4.513116</haccuracy>
<vaccuracy>4.513116</vaccuracy>
<internetconnect>0</internetconnect>
</trkpt>
<trkpt lat="35.824078" lon="139.047637">
<ele>1046.666667</ele>
<time>2026-06-28T04:02:48Z</time>
<speed>0.000000</speed>
<trueHeading>0.000000</trueHeading>
<magneticHeading>0.000000</magneticHeading>
<gpsHeading>309.866852</gpsHeading>
<haccuracy>11.803822</haccuracy>
<vaccuracy>11.803822</vaccuracy>
<internetconnect>2</internetconnect>
</trkpt>
<trkpt lat="35.824522" lon="139.047644">
<ele>1046.333333</ele>
<time>2026-06-28T04:03:55Z</time>
<speed>2.010000</speed>
<trueHeading>0.000000</trueHeading>
<magneticHeading>0.000000</magneticHeading>
<gpsHeading>0.702722</gpsHeading>
<haccuracy>17.612030</haccuracy>
<vaccuracy>17.612030</vaccuracy>
<internetconnect>2</internetconnect>
</trkpt>
<trkpt lat="35.824325" lon="139.047450">
<ele>1045.000000</ele>
<time>2026-06-28T04:05:56Z</time>
<speed>0.000000</speed>
<trueHeading>0.000000</trueHeading>
<magneticHeading>0.000000</magneticHeading>
<gpsHeading>218.536819</gpsHeading>
<haccuracy>11.992193</haccuracy>
<vaccuracy>11.992193</vaccuracy>
<internetconnect>2</internetconnect>
</trkpt>
<trkpt lat="35.824311" lon="139.047379">
<ele>1054.666667</ele>
<time>2026-06-28T04:08:00Z</time>
<speed>0.090816</speed>
<trueHeading>0.000000</trueHeading>
<magneticHeading>0.000000</magneticHeading>
<gpsHeading>256.318787</gpsHeading>
<haccuracy>5.442000</haccuracy>
<vaccuracy>5.442000</vaccuracy>
<internetconnect>2</internetconnect>
</trkpt>
<trkpt lat="35.824335" lon="139.047252">
<ele>1053.666667</ele>
<time>2026-06-28T04:10:02Z</time>
<speed>0.000000</speed>
<trueHeading>0.000000</trueHeading>
<magneticHeading>0.000000</magneticHeading>
<gpsHeading>283.096893</gpsHeading>
<haccuracy>5.334316</haccuracy>
<vaccuracy>5.334316</vaccuracy>
<internetconnect>2</internetconnect>
</trkpt>
<trkpt lat="35.824332" lon="139.046928">
<ele>1053.000000</ele>
<time>2026-06-28T04:12:07Z</time>
<speed>0.530000</speed>
<trueHeading>0.000000</trueHeading>
<magneticHeading>0.000000</magneticHeading>
<gpsHeading>269.453949</gpsHeading>
<haccuracy>11.073134</haccuracy>
<vaccuracy>11.073134</vaccuracy>
<internetconnect>2</internetconnect>
</trkpt>
<trkpt lat="35.824259" lon="139.046724">
<ele>1049.666667</ele>
<time>2026-06-28T04:14:09Z</time>
<speed>0.380000</speed>
<trueHeading>0.000000</trueHeading>
<magneticHeading>0.000000</magneticHeading>
<gpsHeading>246.034821</gpsHeading>
<haccuracy>10.871057</haccuracy>
<vaccuracy>10.871057</vaccuracy>
<internetconnect>2</internetconnect>
</trkpt>
<trkpt lat="35.824294" lon="139.046370">
<ele>1050.000000</ele>
<time>2026-06-28T04:15:48Z</time>
<speed>0.000000</speed>
<trueHeading>0.000000</trueHeading>
<magneticHeading>0.000000</magneticHeading>
<gpsHeading>277.054474</gpsHeading>
<haccuracy>11.224766</haccuracy>
<vaccuracy>11.224766</vaccuracy>
<internetconnect>2</internetconnect>
</trkpt>
<trkpt lat="35.824168" lon="139.046209">
<ele>1050.666667</ele>
<time>2026-06-28T04:17:53Z</time>
<speed>0.000000</speed>
<trueHeading>0.000000</trueHeading>
<magneticHeading>0.000000</magneticHeading>
<gpsHeading>225.930099</gpsHeading>
<haccuracy>7.933651</haccuracy>
<vaccuracy>7.933651</vaccuracy>
<internetconnect>2</internetconnect>
</trkpt>
<trkpt lat="35.824106" lon="139.046257">
<ele>1053.666667</ele>
<time>2026-06-28T04:20:02Z</time>
<speed>3.800000</speed>
<trueHeading>0.000000</trueHeading>
<magneticHeading>0.000000</magneticHeading>
<gpsHeading>147.544296</gpsHeading>
<haccuracy>10.573425</haccuracy>
<vaccuracy>10.573425</vaccuracy>
<internetconnect>2</internetconnect>
</trkpt>
<trkpt lat="35.824149" lon="139.046112">
<ele>1056.333333</ele>
<time>2026-06-28T04:22:20Z</time>
<speed>0.421636</speed>
<trueHeading>0.000000</trueHeading>
<magneticHeading>0.000000</magneticHeading>
<gpsHeading>289.971527</gpsHeading>
<haccuracy>4.115000</haccuracy>
<vaccuracy>4.115000</vaccuracy>
<internetconnect>2</internetconnect>
</trkpt>
<trkpt lat="35.824078" lon="139.045919">
<ele>1059.000000</ele>
<time>2026-06-28T04:24:22Z</time>
<speed>0.000000</speed>
<trueHeading>0.000000</trueHeading>
<magneticHeading>0.000000</magneticHeading>
<gpsHeading>245.559814</gpsHeading>
<haccuracy>10.858550</haccuracy>
<vaccuracy>10.858550</vaccuracy>
<internetconnect>2</internetconnect>
</trkpt>
<trkpt lat="35.824026" lon="139.045815">
<ele>1066.000000</ele>
<time>2026-06-28T04:26:33Z</time>
<speed>0.083462</speed>
<trueHeading>0.000000</trueHeading>
<magneticHeading>0.000000</magneticHeading>
<gpsHeading>238.204010</gpsHeading>
<haccuracy>3.000000</haccuracy>
<vaccuracy>3.000000</vaccuracy>
<internetconnect>2</internetconnect>
</trkpt>
<trkpt lat="35.824033" lon="139.045650">
<ele>1070.000000</ele>
<time>2026-06-28T04:29:20Z</time>
<speed>0.710000</speed>
<trueHeading>0.000000</trueHeading>
<magneticHeading>0.000000</magneticHeading>
<gpsHeading>273.228790</gpsHeading>
<haccuracy>3.900680</haccuracy>
<vaccuracy>3.900680</vaccuracy>
<internetconnect>2</internetconnect>
</trkpt>
<trkpt lat="35.824197" lon="139.045797">
<ele>1074.666667</ele>
<time>2026-06-28T04:31:33Z</time>
<speed>0.000000</speed>
<trueHeading>0.000000</trueHeading>
<magneticHeading>0.000000</magneticHeading>
<gpsHeading>35.921684</gpsHeading>
<haccuracy>10.163404</haccuracy>
<vaccuracy>10.163404</vaccuracy>
<internetconnect>2</internetconnect>
</trkpt>
<trkpt lat="35.824436" lon="139.045988">
<ele>1073.666667</ele>
<time>2026-06-28T04:33:13Z</time>
<speed>0.270000</speed>
<trueHeading>0.000000</trueHeading>
<magneticHeading>0.000000</magneticHeading>
<gpsHeading>32.987091</gpsHeading>
<haccuracy>10.729943</haccuracy>
<vaccuracy>10.729943</vaccuracy>
<internetconnect>2</internetconnect>
</trkpt>
<trkpt lat="35.824421" lon="139.046031">
<ele>1078.000000</ele>
<time>2026-06-28T04:35:17Z</time>
<speed>0.340000</speed>
<trueHeading>0.000000</trueHeading>
<magneticHeading>0.000000</magneticHeading>
<gpsHeading>112.962662</gpsHeading>
<haccuracy>10.250982</haccuracy>
<vaccuracy>10.250982</vaccuracy>
<internetconnect>2</internetconnect>
</trkpt>
<trkpt lat="35.824650" lon="139.046013">
<ele>1079.666667</ele>
<time>2026-06-28T04:38:23Z</time>
<speed>0.500000</speed>
<trueHeading>0.000000</trueHeading>
<magneticHeading>0.000000</magneticHeading>
<gpsHeading>356.324738</gpsHeading>
<haccuracy>10.314003</haccuracy>
<vaccuracy>10.314003</vaccuracy>
<internetconnect>2</internetconnect>
</trkpt>
<trkpt lat="35.824795" lon="139.045706">
<ele>1083.333333</ele>
<time>2026-06-28T04:39:52Z</time>
<speed>0.000000</speed>
<trueHeading>0.000000</trueHeading>
<magneticHeading>0.000000</magneticHeading>
<gpsHeading>300.386871</gpsHeading>
<haccuracy>10.994294</haccuracy>
<vaccuracy>10.994294</vaccuracy>
<internetconnect>2</internetconnect>
</trkpt>
<trkpt lat="35.824824" lon="139.045669">
<ele>1081.666667</ele>
<time>2026-06-28T04:42:01Z</time>
<speed>1.050000</speed>
<trueHeading>0.000000</trueHeading>
<magneticHeading>0.000000</magneticHeading>
<gpsHeading>313.516632</gpsHeading>
<haccuracy>4.487912</haccuracy>
<vaccuracy>4.487912</vaccuracy>
<internetconnect>2</internetconnect>
</trkpt>
<trkpt lat="35.825011" lon="139.045622">
<ele>1081.333333</ele>
<time>2026-06-28T04:44:48Z</time>
<speed>0.840000</speed>
<trueHeading>0.000000</trueHeading>
<magneticHeading>0.000000</magneticHeading>
<gpsHeading>348.534088</gpsHeading>
<haccuracy>10.588966</haccuracy>
<vaccuracy>10.588966</vaccuracy>
<internetconnect>2</internetconnect>
</trkpt>
<trkpt lat="35.825185" lon="139.045872">
<ele>1081.000000</ele>
<time>2026-06-28T04:47:09Z</time>
<speed>0.840000</speed>
<trueHeading>0.000000</trueHeading>
<magneticHeading>0.000000</magneticHeading>
<gpsHeading>49.232346</gpsHeading>
<haccuracy>10.720634</haccuracy>
<vaccuracy>10.720634</vaccuracy>
<internetconnect>2</internetconnect>
</trkpt>
<trkpt lat="35.825212" lon="139.045961">
<ele>1080.666667</ele>
<time>2026-06-28T04:49:11Z</time>
<speed>0.151584</speed>
<trueHeading>0.000000</trueHeading>
<magneticHeading>0.000000</magneticHeading>
<gpsHeading>69.808365</gpsHeading>
<haccuracy>3.477000</haccuracy>
<vaccuracy>3.477000</vaccuracy>
<internetconnect>2</internetconnect>
</trkpt>
<trkpt lat="35.825136" lon="139.045903">
<ele>1078.333333</ele>
<time>2026-06-28T04:51:24Z</time>
<speed>0.000000</speed>
<trueHeading>0.000000</trueHeading>
<magneticHeading>0.000000</magneticHeading>
<gpsHeading>211.904144</gpsHeading>
<haccuracy>11.256000</haccuracy>
<vaccuracy>11.256000</vaccuracy>
<internetconnect>2</internetconnect>
</trkpt>
<trkpt lat="35.825110" lon="139.045911">
<ele>1074.000000</ele>
<time>2026-06-28T04:53:40Z</time>
<speed>0.670000</speed>
<trueHeading>0.000000</trueHeading>
<magneticHeading>0.000000</magneticHeading>
<gpsHeading>164.897842</gpsHeading>
<haccuracy>11.034409</haccuracy>
<vaccuracy>11.034409</vaccuracy>
<internetconnect>2</internetconnect>
</trkpt>
<trkpt lat="35.824914" lon="139.046034">
<ele>1067.000000</ele>
<time>2026-06-28T04:55:50Z</time>
<speed>0.670000</speed>
<trueHeading>0.000000</trueHeading>
<magneticHeading>0.000000</magneticHeading>
<gpsHeading>153.013138</gpsHeading>
<haccuracy>10.182022</haccuracy>
<vaccuracy>10.182022</vaccuracy>
<internetconnect>2</internetconnect>
</trkpt>
<trkpt lat="35.824963" lon="139.046211">
<ele>1057.666667</ele>
<time>2026-06-28T04:57:57Z</time>
<speed>0.000000</speed>
<trueHeading>0.000000</trueHeading>
<magneticHeading>0.000000</magneticHeading>
<gpsHeading>71.065079</gpsHeading>
<haccuracy>5.282477</haccuracy>
<vaccuracy>5.282477</vaccuracy>
<internetconnect>2</internetconnect>
</trkpt>
<trkpt lat="35.825027" lon="139.046416">
<ele>1047.666667</ele>
<time>2026-06-28T04:59:58Z</time>
<speed>0.000000</speed>
<trueHeading>0.000000</trueHeading>
<magneticHeading>0.000000</magneticHeading>
<gpsHeading>68.923958</gpsHeading>
<haccuracy>9.999489</haccuracy>
<vaccuracy>9.999489</vaccuracy>
<internetconnect>2</internetconnect>
</trkpt>
<trkpt lat="35.825103" lon="139.046481">
<ele>1044.000000</ele>
<time>2026-06-28T05:01:59Z</time>
<speed>1.900000</speed>
<trueHeading>0.000000</trueHeading>
<magneticHeading>0.000000</magneticHeading>
<gpsHeading>34.824829</gpsHeading>
<haccuracy>9.935046</haccuracy>
<vaccuracy>9.935046</vaccuracy>
<internetconnect>2</internetconnect>
</trkpt>
<trkpt lat="35.825297" lon="139.046478">
<ele>1043.000000</ele>
<time>2026-06-28T05:05:06Z</time>
<speed>0.000000</speed>
<trueHeading>0.000000</trueHeading>
<magneticHeading>0.000000</magneticHeading>
<gpsHeading>359.224182</gpsHeading>
<haccuracy>10.326406</haccuracy>
<vaccuracy>10.326406</vaccuracy>
<internetconnect>2</internetconnect>
</trkpt>
<trkpt lat="35.825447" lon="139.046575">
<ele>1045.333333</ele>
<time>2026-06-28T05:07:09Z</time>
<speed>0.000000</speed>
<trueHeading>0.000000</trueHeading>
<magneticHeading>0.000000</magneticHeading>
<gpsHeading>27.757427</gpsHeading>
<haccuracy>4.752798</haccuracy>
<vaccuracy>4.752798</vaccuracy>
<internetconnect>2</internetconnect>
</trkpt>
<trkpt lat="35.825626" lon="139.046585">
<ele>1048.666667</ele>
<time>2026-06-28T05:09:15Z</time>
<speed>0.000000</speed>
<trueHeading>0.000000</trueHeading>
<magneticHeading>0.000000</magneticHeading>
<gpsHeading>2.536954</gpsHeading>
<haccuracy>9.935046</haccuracy>
<vaccuracy>9.935046</vaccuracy>
<internetconnect>2</internetconnect>
</trkpt>
<trkpt lat="35.825801" lon="139.046434">
<ele>1054.000000</ele>
<time>2026-06-28T05:11:21Z</time>
<speed>2.460000</speed>
<trueHeading>0.000000</trueHeading>
<magneticHeading>0.000000</magneticHeading>
<gpsHeading>325.001526</gpsHeading>
<haccuracy>4.940953</haccuracy>
<vaccuracy>4.940953</vaccuracy>
<internetconnect>2</internetconnect>
</trkpt>
<trkpt lat="35.825959" lon="139.046380">
<ele>1058.666667</ele>
<time>2026-06-28T05:13:22Z</time>
<speed>0.000000</speed>
<trueHeading>0.000000</trueHeading>
<magneticHeading>0.000000</magneticHeading>
<gpsHeading>344.557617</gpsHeading>
<haccuracy>10.047971</haccuracy>
<vaccuracy>10.047971</vaccuracy>
<internetconnect>2</internetconnect>
</trkpt>
<trkpt lat="35.826050" lon="139.046462">
<ele>1059.666667</ele>
<time>2026-06-28T05:15:24Z</time>
<speed>0.510000</speed>
<trueHeading>0.000000</trueHeading>
<magneticHeading>0.000000</magneticHeading>
<gpsHeading>36.125572</gpsHeading>
<haccuracy>4.448251</haccuracy>
<vaccuracy>4.448251</vaccuracy>
<internetconnect>2</internetconnect>
</trkpt>
<trkpt lat="35.826132" lon="139.046800">
<ele>1057.666667</ele>
<time>2026-06-28T05:17:27Z</time>
<speed>0.302132</speed>
<trueHeading>0.000000</trueHeading>
<magneticHeading>0.000000</magneticHeading>
<gpsHeading>73.354362</gpsHeading>
<haccuracy>4.683000</haccuracy>
<vaccuracy>4.683000</vaccuracy>
<internetconnect>2</internetconnect>
</trkpt>
<trkpt lat="35.826128" lon="139.046919">
<ele>1056.000000</ele>
<time>2026-06-28T05:19:35Z</time>
<speed>0.137936</speed>
<trueHeading>0.000000</trueHeading>
<magneticHeading>0.000000</magneticHeading>
<gpsHeading>92.259186</gpsHeading>
<haccuracy>3.000000</haccuracy>
<vaccuracy>3.000000</vaccuracy>
<internetconnect>2</internetconnect>
</trkpt>
<trkpt lat="35.826131" lon="139.046905">
<ele>1054.000000</ele>
<time>2026-06-28T05:22:48Z</time>
<speed>0.287536</speed>
<trueHeading>0.000000</trueHeading>
<magneticHeading>0.000000</magneticHeading>
<gpsHeading>281.123688</gpsHeading>
<haccuracy>8.402000</haccuracy>
<vaccuracy>8.402000</vaccuracy>
<internetconnect>2</internetconnect>
</trkpt>
<trkpt lat="35.826064" lon="139.046982">
<ele>1054.000000</ele>
<time>2026-06-28T05:26:53Z</time>
<speed>0.000000</speed>
<trueHeading>0.000000</trueHeading>
<magneticHeading>0.000000</magneticHeading>
<gpsHeading>136.830383</gpsHeading>
<haccuracy>6.803069</haccuracy>
<vaccuracy>6.803069</vaccuracy>
<internetconnect>2</internetconnect>
</trkpt>
<trkpt lat="35.826065" lon="139.046988">
<ele>1053.000000</ele>
<time>2026-06-28T05:28:57Z</time>
<speed>0.213336</speed>
<trueHeading>0.000000</trueHeading>
<magneticHeading>0.000000</magneticHeading>
<gpsHeading>86.018219</gpsHeading>
<haccuracy>8.237000</haccuracy>
<vaccuracy>8.237000</vaccuracy>
<internetconnect>0</internetconnect>
</trkpt>
<trkpt lat="35.826070" lon="139.046979">
<ele>1053.000000</ele>
<time>2026-06-28T05:39:11Z</time>
<speed>0.253545</speed>
<trueHeading>0.000000</trueHeading>
<magneticHeading>0.000000</magneticHeading>
<gpsHeading>310.083374</gpsHeading>
<haccuracy>8.927000</haccuracy>
<vaccuracy>8.927000</vaccuracy>
<internetconnect>0</internetconnect>
</trkpt>
<trkpt lat="35.826084" lon="139.046950">
<ele>1053.000000</ele>
<time>2026-06-28T05:41:24Z</time>
<speed>0.109819</speed>
<trueHeading>0.000000</trueHeading>
<magneticHeading>0.000000</magneticHeading>
<gpsHeading>299.393921</gpsHeading>
<haccuracy>5.997000</haccuracy>
<vaccuracy>5.997000</vaccuracy>
<internetconnect>0</internetconnect>
</trkpt>
<trkpt lat="35.826098" lon="139.046955">
<ele>1056.333333</ele>
<time>2026-06-28T05:43:56Z</time>
<speed>0.520000</speed>
<trueHeading>0.000000</trueHeading>
<magneticHeading>0.000000</magneticHeading>
<gpsHeading>14.808301</gpsHeading>
<haccuracy>4.232788</haccuracy>
<vaccuracy>4.232788</vaccuracy>
<internetconnect>2</internetconnect>
</trkpt>
<trkpt lat="35.826312" lon="139.046725">
<ele>1058.333333</ele>
<time>2026-06-28T05:45:42Z</time>
<speed>0.795737</speed>
<trueHeading>0.000000</trueHeading>
<magneticHeading>0.000000</magneticHeading>
<gpsHeading>318.871948</gpsHeading>
<haccuracy>3.122000</haccuracy>
<vaccuracy>3.122000</vaccuracy>
<internetconnect>2</internetconnect>
</trkpt>
<trkpt lat="35.826735" lon="139.046707">
<ele>1064.000000</ele>
<time>2026-06-28T05:46:29Z</time>
<speed>0.831201</speed>
<trueHeading>0.000000</trueHeading>
<magneticHeading>0.000000</magneticHeading>
<gpsHeading>358.002991</gpsHeading>
<haccuracy>5.180000</haccuracy>
<vaccuracy>5.180000</vaccuracy>
<internetconnect>2</internetconnect>
</trkpt>
<trkpt lat="35.826981" lon="139.046538">
<ele>1066.000000</ele>
<time>2026-06-28T05:47:17Z</time>
<speed>0.720000</speed>
<trueHeading>0.000000</trueHeading>
<magneticHeading>0.000000</magneticHeading>
<gpsHeading>330.987396</gpsHeading>
<haccuracy>10.572544</haccuracy>
<vaccuracy>10.572544</vaccuracy>
<internetconnect>2</internetconnect>
</trkpt>
<trkpt lat="35.827090" lon="139.046486">
<ele>1069.666667</ele>
<time>2026-06-28T05:49:21Z</time>
<speed>0.000000</speed>
<trueHeading>0.000000</trueHeading>
<magneticHeading>0.000000</magneticHeading>
<gpsHeading>338.602234</gpsHeading>
<haccuracy>10.525169</haccuracy>
<vaccuracy>10.525169</vaccuracy>
<internetconnect>2</internetconnect>
</trkpt>
<trkpt lat="35.827370" lon="139.046507">
<ele>1072.000000</ele>
<time>2026-06-28T05:51:02Z</time>
<speed>0.000000</speed>
<trueHeading>0.000000</trueHeading>
<magneticHeading>0.000000</magneticHeading>
<gpsHeading>3.470107</gpsHeading>
<haccuracy>10.625518</haccuracy>
<vaccuracy>10.625518</vaccuracy>
<internetconnect>2</internetconnect>
</trkpt>
<trkpt lat="35.827487" lon="139.046433">
<ele>1073.666667</ele>
<time>2026-06-28T05:53:08Z</time>
<speed>0.000000</speed>
<trueHeading>0.000000</trueHeading>
<magneticHeading>0.000000</magneticHeading>
<gpsHeading>332.862061</gpsHeading>
<haccuracy>10.562856</haccuracy>
<vaccuracy>10.562856</vaccuracy>
<internetconnect>2</internetconnect>
</trkpt>
<trkpt lat="35.827714" lon="139.046428">
<ele>1076.000000</ele>
<time>2026-06-28T05:55:10Z</time>
<speed>0.590000</speed>
<trueHeading>0.000000</trueHeading>
<magneticHeading>0.000000</magneticHeading>
<gpsHeading>359.137177</gpsHeading>
<haccuracy>11.256536</haccuracy>
<vaccuracy>11.256536</vaccuracy>
<internetconnect>2</internetconnect>
</trkpt>
<trkpt lat="35.828036" lon="139.046309">
<ele>1078.666667</ele>
<time>2026-06-28T05:56:00Z</time>
<speed>1.020000</speed>
<trueHeading>0.000000</trueHeading>
<magneticHeading>0.000000</magneticHeading>
<gpsHeading>343.223816</gpsHeading>
<haccuracy>10.452148</haccuracy>
<vaccuracy>10.452148</vaccuracy>
<internetconnect>2</internetconnect>
</trkpt>
<trkpt lat="35.828188" lon="139.046290">
<ele>1082.333333</ele>
<time>2026-06-28T05:58:07Z</time>
<speed>0.460000</speed>
<trueHeading>0.000000</trueHeading>
<magneticHeading>0.000000</magneticHeading>
<gpsHeading>354.274475</gpsHeading>
<haccuracy>5.166020</haccuracy>
<vaccuracy>5.166020</vaccuracy>
<internetconnect>2</internetconnect>
</trkpt>
<trkpt lat="35.828298" lon="139.046268">
<ele>1085.000000</ele>
<time>2026-06-28T06:00:09Z</time>
<speed>0.141578</speed>
<trueHeading>0.000000</trueHeading>
<magneticHeading>0.000000</magneticHeading>
<gpsHeading>350.668793</gpsHeading>
<haccuracy>4.832000</haccuracy>
<vaccuracy>4.832000</vaccuracy>
<internetconnect>2</internetconnect>
</trkpt>
<trkpt lat="35.828580" lon="139.046165">
<ele>1082.666667</ele>
<time>2026-06-28T06:02:10Z</time>
<speed>1.180000</speed>
<trueHeading>0.000000</trueHeading>
<magneticHeading>0.000000</magneticHeading>
<gpsHeading>343.662537</gpsHeading>
<haccuracy>11.029000</haccuracy>
<vaccuracy>11.029000</vaccuracy>
<internetconnect>2</internetconnect>
</trkpt>
<trkpt lat="35.828708" lon="139.046239">
<ele>1080.666667</ele>
<time>2026-06-28T06:04:14Z</time>
<speed>0.000000</speed>
<trueHeading>0.000000</trueHeading>
<magneticHeading>0.000000</magneticHeading>
<gpsHeading>25.192308</gpsHeading>
<haccuracy>6.091000</haccuracy>
<vaccuracy>6.091000</vaccuracy>
<internetconnect>2</internetconnect>
</trkpt>
<trkpt lat="35.829033" lon="139.046143">
<ele>1081.666667</ele>
<time>2026-06-28T06:05:52Z</time>
<speed>0.490000</speed>
<trueHeading>0.000000</trueHeading>
<magneticHeading>0.000000</magneticHeading>
<gpsHeading>346.506378</gpsHeading>
<haccuracy>10.951092</haccuracy>
<vaccuracy>10.951092</vaccuracy>
<internetconnect>2</internetconnect>
</trkpt>
<trkpt lat="35.829271" lon="139.045952">
<ele>1084.000000</ele>
<time>2026-06-28T06:07:24Z</time>
<speed>0.000000</speed>
<trueHeading>0.000000</trueHeading>
<magneticHeading>0.000000</magneticHeading>
<gpsHeading>326.878479</gpsHeading>
<haccuracy>6.368523</haccuracy>
<vaccuracy>6.368523</vaccuracy>
<internetconnect>2</internetconnect>
</trkpt>
<trkpt lat="35.829301" lon="139.045889">
<ele>1083.000000</ele>
<time>2026-06-28T06:09:26Z</time>
<speed>2.060000</speed>
<trueHeading>0.000000</trueHeading>
<magneticHeading>0.000000</magneticHeading>
<gpsHeading>300.715820</gpsHeading>
<haccuracy>11.902960</haccuracy>
<vaccuracy>11.902960</vaccuracy>
<internetconnect>2</internetconnect>
</trkpt>
<trkpt lat="35.829158" lon="139.046199">
<ele>1079.333333</ele>
<time>2026-06-28T06:10:37Z</time>
<speed>1.070000</speed>
<trueHeading>0.000000</trueHeading>
<magneticHeading>0.000000</magneticHeading>
<gpsHeading>119.551903</gpsHeading>
<haccuracy>9.935046</haccuracy>
<vaccuracy>9.935046</vaccuracy>
<internetconnect>2</internetconnect>
</trkpt>
<trkpt lat="35.828820" lon="139.046282">
<ele>1081.333333</ele>
<time>2026-06-28T06:11:29Z</time>
<speed>0.180000</speed>
<trueHeading>0.000000</trueHeading>
<magneticHeading>0.000000</magneticHeading>
<gpsHeading>168.817459</gpsHeading>
<haccuracy>10.291855</haccuracy>
<vaccuracy>10.291855</vaccuracy>
<internetconnect>2</internetconnect>
</trkpt>
<trkpt lat="35.829046" lon="139.046037">
<ele>1087.333333</ele>
<time>2026-06-28T06:13:01Z</time>
<speed>0.823470</speed>
<trueHeading>0.000000</trueHeading>
<magneticHeading>0.000000</magneticHeading>
<gpsHeading>318.794800</gpsHeading>
<haccuracy>5.057000</haccuracy>
<vaccuracy>5.057000</vaccuracy>
<internetconnect>2</internetconnect>
</trkpt>
<trkpt lat="35.829287" lon="139.045828">
<ele>1099.333333</ele>
<time>2026-06-28T06:13:55Z</time>
<speed>0.910000</speed>
<trueHeading>0.000000</trueHeading>
<magneticHeading>0.000000</magneticHeading>
<gpsHeading>324.883331</gpsHeading>
<haccuracy>10.779045</haccuracy>
<vaccuracy>10.779045</vaccuracy>
<internetconnect>2</internetconnect>
</trkpt>
<trkpt lat="35.829354" lon="139.045611">
<ele>1105.666667</ele>
<time>2026-06-28T06:15:57Z</time>
<speed>0.170000</speed>
<trueHeading>0.000000</trueHeading>
<magneticHeading>0.000000</magneticHeading>
<gpsHeading>290.906372</gpsHeading>
<haccuracy>10.390727</haccuracy>
<vaccuracy>10.390727</vaccuracy>
<internetconnect>2</internetconnect>
</trkpt>
<trkpt lat="35.829580" lon="139.045459">
<ele>1107.333333</ele>
<time>2026-06-28T06:18:01Z</time>
<speed>0.360000</speed>
<trueHeading>0.000000</trueHeading>
<magneticHeading>0.000000</magneticHeading>
<gpsHeading>331.223053</gpsHeading>
<haccuracy>10.350157</haccuracy>
<vaccuracy>10.350157</vaccuracy>
<internetconnect>2</internetconnect>
</trkpt>
<trkpt lat="35.829681" lon="139.045575">
<ele>1104.333333</ele>
<time>2026-06-28T06:20:04Z</time>
<speed>0.640000</speed>
<trueHeading>0.000000</trueHeading>
<magneticHeading>0.000000</magneticHeading>
<gpsHeading>43.088692</gpsHeading>
<haccuracy>10.240525</haccuracy>
<vaccuracy>10.240525</vaccuracy>
<internetconnect>2</internetconnect>
</trkpt>
<trkpt lat="35.829791" lon="139.045304">
<ele>1105.666667</ele>
<time>2026-06-28T06:22:11Z</time>
<speed>0.000000</speed>
<trueHeading>0.000000</trueHeading>
<magneticHeading>0.000000</magneticHeading>
<gpsHeading>296.718048</gpsHeading>
<haccuracy>9.983845</haccuracy>
<vaccuracy>9.983845</vaccuracy>
<internetconnect>2</internetconnect>
</trkpt>
<trkpt lat="35.829715" lon="139.045104">
<ele>1108.333333</ele>
<time>2026-06-28T06:24:36Z</time>
<speed>0.000000</speed>
<trueHeading>0.000000</trueHeading>
<magneticHeading>0.000000</magneticHeading>
<gpsHeading>245.012085</gpsHeading>
<haccuracy>7.966843</haccuracy>
<vaccuracy>7.966843</vaccuracy>
<internetconnect>2</internetconnect>
</trkpt>
<trkpt lat="35.829763" lon="139.045381">
<ele>1104.000000</ele>
<time>2026-06-28T06:26:39Z</time>
<speed>0.000000</speed>
<trueHeading>0.000000</trueHeading>
<magneticHeading>0.000000</magneticHeading>
<gpsHeading>78.103928</gpsHeading>
<haccuracy>3.790092</haccuracy>
<vaccuracy>3.790092</vaccuracy>
<internetconnect>2</internetconnect>
</trkpt>
<trkpt lat="35.830056" lon="139.045367">
<ele>1089.666667</ele>
<time>2026-06-28T06:28:26Z</time>
<speed>0.938578</speed>
<trueHeading>0.000000</trueHeading>
<magneticHeading>0.000000</magneticHeading>
<gpsHeading>357.779327</gpsHeading>
<haccuracy>3.386000</haccuracy>
<vaccuracy>3.386000</vaccuracy>
<internetconnect>2</internetconnect>
</trkpt>
<trkpt lat="35.830414" lon="139.045357">
<ele>1073.333333</ele>
<time>2026-06-28T06:29:14Z</time>
<speed>0.857712</speed>
<trueHeading>0.000000</trueHeading>
<magneticHeading>0.000000</magneticHeading>
<gpsHeading>358.714905</gpsHeading>
<haccuracy>5.435000</haccuracy>
<vaccuracy>5.435000</vaccuracy>
<internetconnect>2</internetconnect>
</trkpt>
<trkpt lat="35.830685" lon="139.045463">
<ele>1056.666667</ele>
<time>2026-06-28T06:30:50Z</time>
<speed>0.000000</speed>
<trueHeading>0.000000</trueHeading>
<magneticHeading>0.000000</magneticHeading>
<gpsHeading>17.567835</gpsHeading>
<haccuracy>9.935046</haccuracy>
<vaccuracy>9.935046</vaccuracy>
<internetconnect>2</internetconnect>
</trkpt>
<trkpt lat="35.830966" lon="139.045536">
<ele>1043.666667</ele>
<time>2026-06-28T06:32:27Z</time>
<speed>0.868739</speed>
<trueHeading>0.000000</trueHeading>
<magneticHeading>0.000000</magneticHeading>
<gpsHeading>11.804526</gpsHeading>
<haccuracy>3.017000</haccuracy>
<vaccuracy>3.017000</vaccuracy>
<internetconnect>2</internetconnect>
</trkpt>
<trkpt lat="35.831156" lon="139.045447">
<ele>1031.000000</ele>
<time>2026-06-28T06:34:30Z</time>
<speed>0.000000</speed>
<trueHeading>0.000000</trueHeading>
<magneticHeading>0.000000</magneticHeading>
<gpsHeading>339.359436</gpsHeading>
<haccuracy>5.262606</haccuracy>
<vaccuracy>5.262606</vaccuracy>
<internetconnect>2</internetconnect>
</trkpt>
<trkpt lat="35.831355" lon="139.045372">
<ele>1020.000000</ele>
<time>2026-06-28T06:36:32Z</time>
<speed>0.259617</speed>
<trueHeading>0.000000</trueHeading>
<magneticHeading>0.000000</magneticHeading>
<gpsHeading>342.887482</gpsHeading>
<haccuracy>3.000000</haccuracy>
<vaccuracy>3.000000</vaccuracy>
<internetconnect>2</internetconnect>
</trkpt>
<trkpt lat="35.831649" lon="139.045481">
<ele>1009.333333</ele>
<time>2026-06-28T06:37:45Z</time>
<speed>1.216411</speed>
<trueHeading>0.000000</trueHeading>
<magneticHeading>0.000000</magneticHeading>
<gpsHeading>16.727669</gpsHeading>
<haccuracy>3.108000</haccuracy>
<vaccuracy>3.108000</vaccuracy>
<internetconnect>2</internetconnect>
</trkpt>
<trkpt lat="35.831731" lon="139.045864">
<ele>998.333333</ele>
<time>2026-06-28T06:38:32Z</time>
<speed>0.980000</speed>
<trueHeading>0.000000</trueHeading>
<magneticHeading>0.000000</magneticHeading>
<gpsHeading>75.202667</gpsHeading>
<haccuracy>10.399456</haccuracy>
<vaccuracy>10.399456</vaccuracy>
<internetconnect>2</internetconnect>
</trkpt>
<trkpt lat="35.832216" lon="139.046065">
<ele>986.000000</ele>
<time>2026-06-28T06:39:21Z</time>
<speed>1.148395</speed>
<trueHeading>0.000000</trueHeading>
<magneticHeading>0.000000</magneticHeading>
<gpsHeading>18.576838</gpsHeading>
<haccuracy>4.967000</haccuracy>
<vaccuracy>4.967000</vaccuracy>
<internetconnect>2</internetconnect>
</trkpt>
<trkpt lat="35.832486" lon="139.046216">
<ele>972.333333</ele>
<time>2026-06-28T06:40:28Z</time>
<speed>1.125288</speed>
<trueHeading>0.000000</trueHeading>
<magneticHeading>0.000000</magneticHeading>
<gpsHeading>24.309036</gpsHeading>
<haccuracy>3.081000</haccuracy>
<vaccuracy>3.081000</vaccuracy>
<internetconnect>2</internetconnect>
</trkpt>
<trkpt lat="35.832742" lon="139.046361">
<ele>959.333333</ele>
<time>2026-06-28T06:41:32Z</time>
<speed>1.159961</speed>
<trueHeading>0.000000</trueHeading>
<magneticHeading>0.000000</magneticHeading>
<gpsHeading>24.724638</gpsHeading>
<haccuracy>4.451000</haccuracy>
<vaccuracy>4.451000</vaccuracy>
<internetconnect>2</internetconnect>
</trkpt>
<trkpt lat="35.832918" lon="139.046634">
<ele>948.666667</ele>
<time>2026-06-28T06:42:53Z</time>
<speed>0.954161</speed>
<trueHeading>0.000000</trueHeading>
<magneticHeading>0.000000</magneticHeading>
<gpsHeading>51.534477</gpsHeading>
<haccuracy>3.130000</haccuracy>
<vaccuracy>3.130000</vaccuracy>
<internetconnect>2</internetconnect>
</trkpt>
<trkpt lat="35.833195" lon="139.046714">
<ele>938.000000</ele>
<time>2026-06-28T06:44:06Z</time>
<speed>1.201342</speed>
<trueHeading>0.000000</trueHeading>
<magneticHeading>0.000000</magneticHeading>
<gpsHeading>13.153040</gpsHeading>
<haccuracy>3.060000</haccuracy>
<vaccuracy>3.060000</vaccuracy>
<internetconnect>2</internetconnect>
</trkpt>
<trkpt lat="35.833316" lon="139.047063">
<ele>926.000000</ele>
<time>2026-06-28T06:44:59Z</time>
<speed>1.329796</speed>
<trueHeading>0.000000</trueHeading>
<magneticHeading>0.000000</magneticHeading>
<gpsHeading>66.954811</gpsHeading>
<haccuracy>3.163000</haccuracy>
<vaccuracy>3.163000</vaccuracy>
<internetconnect>2</internetconnect>
</trkpt>
<trkpt lat="35.833240" lon="139.047514">
<ele>916.333333</ele>
<time>2026-06-28T06:45:47Z</time>
<speed>0.990264</speed>
<trueHeading>0.000000</trueHeading>
<magneticHeading>0.000000</magneticHeading>
<gpsHeading>101.752251</gpsHeading>
<haccuracy>3.897000</haccuracy>
<vaccuracy>3.897000</vaccuracy>
<internetconnect>2</internetconnect>
</trkpt>
<trkpt lat="35.833512" lon="139.047728">
<ele>908.000000</ele>
<time>2026-06-28T06:46:34Z</time>
<speed>0.970000</speed>
<trueHeading>0.000000</trueHeading>
<magneticHeading>0.000000</magneticHeading>
<gpsHeading>32.578312</gpsHeading>
<haccuracy>4.383100</haccuracy>
<vaccuracy>4.383100</vaccuracy>
<internetconnect>2</internetconnect>
</trkpt>
<trkpt lat="35.833768" lon="139.047868">
<ele>903.666667</ele>
<time>2026-06-28T06:48:03Z</time>
<speed>1.042285</speed>
<trueHeading>0.000000</trueHeading>
<magneticHeading>0.000000</magneticHeading>
<gpsHeading>23.832413</gpsHeading>
<haccuracy>5.801000</haccuracy>
<vaccuracy>5.801000</vaccuracy>
<internetconnect>2</internetconnect>
</trkpt>
<trkpt lat="35.834086" lon="139.047792">
<ele>897.333333</ele>
<time>2026-06-28T06:48:49Z</time>
<speed>1.015263</speed>
<trueHeading>0.000000</trueHeading>
<magneticHeading>0.000000</magneticHeading>
<gpsHeading>348.978149</gpsHeading>
<haccuracy>5.499000</haccuracy>
<vaccuracy>5.499000</vaccuracy>
<internetconnect>2</internetconnect>
</trkpt>
<trkpt lat="35.834260" lon="139.048067">
<ele>888.666667</ele>
<time>2026-06-28T06:49:54Z</time>
<speed>1.141186</speed>
<trueHeading>0.000000</trueHeading>
<magneticHeading>0.000000</magneticHeading>
<gpsHeading>52.107754</gpsHeading>
<haccuracy>5.326000</haccuracy>
<vaccuracy>5.326000</vaccuracy>
<internetconnect>2</internetconnect>
</trkpt>
<trkpt lat="35.834397" lon="139.048393">
<ele>882.666667</ele>
<time>2026-06-28T06:50:45Z</time>
<speed>1.147811</speed>
<trueHeading>0.000000</trueHeading>
<magneticHeading>0.000000</magneticHeading>
<gpsHeading>62.713493</gpsHeading>
<haccuracy>5.679000</haccuracy>
<vaccuracy>5.679000</vaccuracy>
<internetconnect>2</internetconnect>
</trkpt>
<trkpt lat="35.834684" lon="139.048282">
<ele>879.333333</ele>
<time>2026-06-28T06:52:14Z</time>
<speed>0.680000</speed>
<trueHeading>0.000000</trueHeading>
<magneticHeading>0.000000</magneticHeading>
<gpsHeading>342.576904</gpsHeading>
<haccuracy>5.171103</haccuracy>
<vaccuracy>5.171103</vaccuracy>
<internetconnect>2</internetconnect>
</trkpt>
<trkpt lat="35.834984" lon="139.048374">
<ele>882.666667</ele>
<time>2026-06-28T06:53:38Z</time>
<speed>1.100000</speed>
<trueHeading>0.000000</trueHeading>
<magneticHeading>0.000000</magneticHeading>
<gpsHeading>13.940927</gpsHeading>
<haccuracy>10.703455</haccuracy>
<vaccuracy>10.703455</vaccuracy>
<internetconnect>2</internetconnect>
</trkpt>
<trkpt lat="35.835262" lon="139.048297">
<ele>883.000000</ele>
<time>2026-06-28T06:54:32Z</time>
<speed>0.661850</speed>
<trueHeading>0.000000</trueHeading>
<magneticHeading>0.000000</magneticHeading>
<gpsHeading>347.235321</gpsHeading>
<haccuracy>5.692000</haccuracy>
<vaccuracy>5.692000</vaccuracy>
<internetconnect>2</internetconnect>
</trkpt>
<trkpt lat="35.835434" lon="139.048202">
<ele>876.000000</ele>
<time>2026-06-28T06:56:33Z</time>
<speed>0.580000</speed>
<trueHeading>0.000000</trueHeading>
<magneticHeading>0.000000</magneticHeading>
<gpsHeading>336.010651</gpsHeading>
<haccuracy>10.503476</haccuracy>
<vaccuracy>10.503476</vaccuracy>
<internetconnect>2</internetconnect>
</trkpt>
<trkpt lat="35.835828" lon="139.048262">
<ele>866.333333</ele>
<time>2026-06-28T06:57:21Z</time>
<speed>1.190000</speed>
<trueHeading>0.000000</trueHeading>
<magneticHeading>0.000000</magneticHeading>
<gpsHeading>7.054883</gpsHeading>
<haccuracy>4.685718</haccuracy>
<vaccuracy>4.685718</vaccuracy>
<internetconnect>2</internetconnect>
</trkpt>
<trkpt lat="35.836112" lon="139.048589">
<ele>855.000000</ele>
<time>2026-06-28T06:58:11Z</time>
<speed>1.377538</speed>
<trueHeading>0.000000</trueHeading>
<magneticHeading>0.000000</magneticHeading>
<gpsHeading>43.056847</gpsHeading>
<haccuracy>5.652000</haccuracy>
<vaccuracy>5.652000</vaccuracy>
<internetconnect>2</internetconnect>
</trkpt>
<trkpt lat="35.836479" lon="139.048613">
<ele>846.666667</ele>
<time>2026-06-28T06:58:58Z</time>
<speed>1.018000</speed>
<trueHeading>0.000000</trueHeading>
<magneticHeading>0.000000</magneticHeading>
<gpsHeading>2.992781</gpsHeading>
<haccuracy>5.332000</haccuracy>
<vaccuracy>5.332000</vaccuracy>
<internetconnect>2</internetconnect>
</trkpt>
<trkpt lat="35.836828" lon="139.048742">
<ele>835.333333</ele>
<time>2026-06-28T06:59:45Z</time>
<speed>1.247667</speed>
<trueHeading>0.000000</trueHeading>
<magneticHeading>0.000000</magneticHeading>
<gpsHeading>16.668795</gpsHeading>
<haccuracy>4.584000</haccuracy>
<vaccuracy>4.584000</vaccuracy>
<internetconnect>2</internetconnect>
</trkpt>
<trkpt lat="35.837034" lon="139.048986">
<ele>823.333333</ele>
<time>2026-06-28T07:00:48Z</time>
<speed>1.160000</speed>
<trueHeading>0.000000</trueHeading>
<magneticHeading>0.000000</magneticHeading>
<gpsHeading>43.861195</gpsHeading>
<haccuracy>3.813816</haccuracy>
<vaccuracy>3.813816</vaccuracy>
<internetconnect>2</internetconnect>
</trkpt>
<trkpt lat="35.837260" lon="139.049220">
<ele>810.333333</ele>
<time>2026-06-28T07:01:51Z</time>
<speed>0.901058</speed>
<trueHeading>0.000000</trueHeading>
<magneticHeading>0.000000</magneticHeading>
<gpsHeading>40.083569</gpsHeading>
<haccuracy>3.083000</haccuracy>
<vaccuracy>3.083000</vaccuracy>
<internetconnect>2</internetconnect>
</trkpt>
<trkpt lat="35.837530" lon="139.049074">
<ele>800.666667</ele>
<time>2026-06-28T07:02:44Z</time>
<speed>1.232806</speed>
<trueHeading>0.000000</trueHeading>
<magneticHeading>0.000000</magneticHeading>
<gpsHeading>336.225433</gpsHeading>
<haccuracy>3.263000</haccuracy>
<vaccuracy>3.263000</vaccuracy>
<internetconnect>2</internetconnect>
</trkpt>
<trkpt lat="35.837667" lon="139.049241">
<ele>789.000000</ele>
<time>2026-06-28T07:04:45Z</time>
<speed>0.000000</speed>
<trueHeading>0.000000</trueHeading>
<magneticHeading>0.000000</magneticHeading>
<gpsHeading>44.599918</gpsHeading>
<haccuracy>3.790092</haccuracy>
<vaccuracy>3.790092</vaccuracy>
<internetconnect>2</internetconnect>
</trkpt>
<trkpt lat="35.837967" lon="139.049204">
<ele>778.333333</ele>
<time>2026-06-28T07:05:31Z</time>
<speed>1.280000</speed>
<trueHeading>0.000000</trueHeading>
<magneticHeading>0.000000</magneticHeading>
<gpsHeading>354.434052</gpsHeading>
<haccuracy>5.171756</haccuracy>
<vaccuracy>5.171756</vaccuracy>
<internetconnect>2</internetconnect>
</trkpt>
<trkpt lat="35.838240" lon="139.049399">
<ele>767.333333</ele>
<time>2026-06-28T07:06:18Z</time>
<speed>1.037500</speed>
<trueHeading>0.000000</trueHeading>
<magneticHeading>0.000000</magneticHeading>
<gpsHeading>29.954151</gpsHeading>
<haccuracy>3.014000</haccuracy>
<vaccuracy>3.014000</vaccuracy>
<internetconnect>2</internetconnect>
</trkpt>
<trkpt lat="35.838332" lon="139.049564">
<ele>753.333333</ele>
<time>2026-06-28T07:08:22Z</time>
<speed>1.770000</speed>
<trueHeading>0.000000</trueHeading>
<magneticHeading>0.000000</magneticHeading>
<gpsHeading>55.394142</gpsHeading>
<haccuracy>3.790092</haccuracy>
<vaccuracy>3.790092</vaccuracy>
<internetconnect>2</internetconnect>
</trkpt>
<trkpt lat="35.838659" lon="139.049654">
<ele>737.333333</ele>
<time>2026-06-28T07:09:12Z</time>
<speed>2.260000</speed>
<trueHeading>0.000000</trueHeading>
<magneticHeading>0.000000</magneticHeading>
<gpsHeading>12.509895</gpsHeading>
<haccuracy>3.903960</haccuracy>
<vaccuracy>3.903960</vaccuracy>
<internetconnect>2</internetconnect>
</trkpt>
<trkpt lat="35.838916" lon="139.049800">
<ele>720.000000</ele>
<time>2026-06-28T07:10:53Z</time>
<speed>3.070000</speed>
<trueHeading>0.000000</trueHeading>
<magneticHeading>0.000000</magneticHeading>
<gpsHeading>24.798195</gpsHeading>
<haccuracy>4.023886</haccuracy>
<vaccuracy>4.023886</vaccuracy>
<internetconnect>2</internetconnect>
</trkpt>
<trkpt lat="35.839006" lon="139.049864">
<ele>707.000000</ele>
<time>2026-06-28T07:12:56Z</time>
<speed>0.000000</speed>
<trueHeading>0.000000</trueHeading>
<magneticHeading>0.000000</magneticHeading>
<gpsHeading>29.841078</gpsHeading>
<haccuracy>4.579931</haccuracy>
<vaccuracy>4.579931</vaccuracy>
<internetconnect>2</internetconnect>
</trkpt>
<trkpt lat="35.839224" lon="139.049613">
<ele>701.333333</ele>
<time>2026-06-28T07:14:53Z</time>
<speed>0.970000</speed>
<trueHeading>0.000000</trueHeading>
<magneticHeading>0.000000</magneticHeading>
<gpsHeading>316.862671</gpsHeading>
<haccuracy>3.790092</haccuracy>
<vaccuracy>3.790092</vaccuracy>
<internetconnect>2</internetconnect>
</trkpt>
<trkpt lat="35.839197" lon="139.049768">
<ele>694.333333</ele>
<time>2026-06-28T07:16:56Z</time>
<speed>0.129878</speed>
<trueHeading>0.000000</trueHeading>
<magneticHeading>0.000000</magneticHeading>
<gpsHeading>101.868073</gpsHeading>
<haccuracy>3.192000</haccuracy>
<vaccuracy>3.192000</vaccuracy>
<internetconnect>2</internetconnect>
</trkpt>
<trkpt lat="35.839265" lon="139.050049">
<ele>689.000000</ele>
<time>2026-06-28T07:18:58Z</time>
<speed>0.380000</speed>
<trueHeading>0.000000</trueHeading>
<magneticHeading>0.000000</magneticHeading>
<gpsHeading>73.367081</gpsHeading>
<haccuracy>4.607000</haccuracy>
<vaccuracy>4.607000</vaccuracy>
<internetconnect>2</internetconnect>
</trkpt>
<trkpt lat="35.839470" lon="139.049889">
<ele>678.333333</ele>
<time>2026-06-28T07:21:04Z</time>
<speed>0.420000</speed>
<trueHeading>0.000000</trueHeading>
<magneticHeading>0.000000</magneticHeading>
<gpsHeading>327.594788</gpsHeading>
<haccuracy>6.022459</haccuracy>
<vaccuracy>6.022459</vaccuracy>
<internetconnect>2</internetconnect>
</trkpt>
<trkpt lat="35.839695" lon="139.049674">
<ele>665.666667</ele>
<time>2026-06-28T07:22:42Z</time>
<speed>1.040000</speed>
<trueHeading>0.000000</trueHeading>
<magneticHeading>0.000000</magneticHeading>
<gpsHeading>322.156586</gpsHeading>
<haccuracy>4.129899</haccuracy>
<vaccuracy>4.129899</vaccuracy>
<internetconnect>2</internetconnect>
</trkpt>
<trkpt lat="35.839987" lon="139.049707">
<ele>648.333333</ele>
<time>2026-06-28T07:24:34Z</time>
<speed>0.470000</speed>
<trueHeading>0.000000</trueHeading>
<magneticHeading>0.000000</magneticHeading>
<gpsHeading>5.187902</gpsHeading>
<haccuracy>3.790092</haccuracy>
<vaccuracy>3.790092</vaccuracy>
<internetconnect>2</internetconnect>
</trkpt>
<trkpt lat="35.840260" lon="139.049593">
<ele>628.666667</ele>
<time>2026-06-28T07:25:28Z</time>
<speed>1.089507</speed>
<trueHeading>0.000000</trueHeading>
<magneticHeading>0.000000</magneticHeading>
<gpsHeading>341.322449</gpsHeading>
<haccuracy>3.004000</haccuracy>
<vaccuracy>3.004000</vaccuracy>
<internetconnect>2</internetconnect>
</trkpt>
<trkpt lat="35.840466" lon="139.049663">
<ele>615.333333</ele>
<time>2026-06-28T07:27:31Z</time>
<speed>0.930000</speed>
<trueHeading>0.000000</trueHeading>
<magneticHeading>0.000000</magneticHeading>
<gpsHeading>15.474602</gpsHeading>
<haccuracy>11.420402</haccuracy>
<vaccuracy>11.420402</vaccuracy>
<internetconnect>2</internetconnect>
</trkpt>
<trkpt lat="35.840377" lon="139.049974">
<ele>607.333333</ele>
<time>2026-06-28T07:29:33Z</time>
<speed>0.920000</speed>
<trueHeading>0.000000</trueHeading>
<magneticHeading>0.000000</magneticHeading>
<gpsHeading>109.436104</gpsHeading>
<haccuracy>10.656157</haccuracy>
<vaccuracy>10.656157</vaccuracy>
<internetconnect>2</internetconnect>
</trkpt>
<trkpt lat="35.840400" lon="139.050154">
<ele>604.000000</ele>
<time>2026-06-28T07:31:37Z</time>
<speed>0.000000</speed>
<trueHeading>0.000000</trueHeading>
<magneticHeading>0.000000</magneticHeading>
<gpsHeading>80.959381</gpsHeading>
<haccuracy>11.146205</haccuracy>
<vaccuracy>11.146205</vaccuracy>
<internetconnect>2</internetconnect>
</trkpt>
<trkpt lat="35.840388" lon="139.050288">
<ele>595.000000</ele>
<time>2026-06-28T07:33:39Z</time>
<speed>1.020000</speed>
<trueHeading>0.000000</trueHeading>
<magneticHeading>0.000000</magneticHeading>
<gpsHeading>96.269318</gpsHeading>
<haccuracy>10.914000</haccuracy>
<vaccuracy>10.914000</vaccuracy>
<internetconnect>2</internetconnect>
</trkpt>
<trkpt lat="35.840441" lon="139.050649">
<ele>584.000000</ele>
<time>2026-06-28T07:35:39Z</time>
<speed>2.660000</speed>
<trueHeading>0.000000</trueHeading>
<magneticHeading>0.000000</magneticHeading>
<gpsHeading>79.759262</gpsHeading>
<haccuracy>11.185259</haccuracy>
<vaccuracy>11.185259</vaccuracy>
<internetconnect>2</internetconnect>
</trkpt>
<trkpt lat="35.840682" lon="139.050432">
<ele>568.666667</ele>
<time>2026-06-28T07:36:44Z</time>
<speed>0.440000</speed>
<trueHeading>0.000000</trueHeading>
<magneticHeading>0.000000</magneticHeading>
<gpsHeading>323.820221</gpsHeading>
<haccuracy>14.098989</haccuracy>
<vaccuracy>14.098989</vaccuracy>
<internetconnect>2</internetconnect>
</trkpt>
<trkpt lat="35.840939" lon="139.050254">
<ele>556.333333</ele>
<time>2026-06-28T07:38:14Z</time>
<speed>0.890000</speed>
<trueHeading>0.000000</trueHeading>
<magneticHeading>0.000000</magneticHeading>
<gpsHeading>330.747772</gpsHeading>
<haccuracy>11.106187</haccuracy>
<vaccuracy>11.106187</vaccuracy>
<internetconnect>2</internetconnect>
</trkpt>
<trkpt lat="35.841004" lon="139.050165">
<ele>540.000000</ele>
<time>2026-06-28T07:40:18Z</time>
<speed>0.364250</speed>
<trueHeading>0.000000</trueHeading>
<magneticHeading>0.000000</magneticHeading>
<gpsHeading>311.698059</gpsHeading>
<haccuracy>5.572000</haccuracy>
<vaccuracy>5.572000</vaccuracy>
<internetconnect>2</internetconnect>
</trkpt>
<trkpt lat="35.841278" lon="139.050045">
<ele>538.333333</ele>
<time>2026-06-28T07:42:11Z</time>
<speed>1.360000</speed>
<trueHeading>0.000000</trueHeading>
<magneticHeading>0.000000</magneticHeading>
<gpsHeading>340.605347</gpsHeading>
<haccuracy>11.948400</haccuracy>
<vaccuracy>11.948400</vaccuracy>
<internetconnect>2</internetconnect>
</trkpt>
<trkpt lat="35.841109" lon="139.049748">
<ele>530.666667</ele>
<time>2026-06-28T07:43:12Z</time>
<speed>0.000000</speed>
<trueHeading>0.000000</trueHeading>
<magneticHeading>0.000000</magneticHeading>
<gpsHeading>234.948013</gpsHeading>
<haccuracy>9.791462</haccuracy>
<vaccuracy>9.791462</vaccuracy>
<internetconnect>2</internetconnect>
</trkpt>
<trkpt lat="35.841262" lon="139.049258">
<ele>528.666667</ele>
<time>2026-06-28T07:43:59Z</time>
<speed>0.896807</speed>
<trueHeading>0.000000</trueHeading>
<magneticHeading>0.000000</magneticHeading>
<gpsHeading>291.112091</gpsHeading>
<haccuracy>16.093000</haccuracy>
<vaccuracy>16.093000</vaccuracy>
<internetconnect>2</internetconnect>
</trkpt>
<trkpt lat="35.841432" lon="139.048984">
<ele>517.666667</ele>
<time>2026-06-28T07:44:50Z</time>
<speed>0.000000</speed>
<trueHeading>0.000000</trueHeading>
<magneticHeading>0.000000</magneticHeading>
<gpsHeading>307.344208</gpsHeading>
<haccuracy>10.554356</haccuracy>
<vaccuracy>10.554356</vaccuracy>
<internetconnect>2</internetconnect>
</trkpt>
<trkpt lat="35.841483" lon="139.049374">
<ele>516.000000</ele>
<time>2026-06-28T07:46:46Z</time>
<speed>1.130000</speed>
<trueHeading>0.000000</trueHeading>
<magneticHeading>0.000000</magneticHeading>
<gpsHeading>80.894287</gpsHeading>
<haccuracy>12.680183</haccuracy>
<vaccuracy>12.680183</vaccuracy>
<internetconnect>2</internetconnect>
</trkpt>
<trkpt lat="35.841501" lon="139.049010">
<ele>515.000000</ele>
<time>2026-06-28T07:47:34Z</time>
<speed>0.000000</speed>
<trueHeading>0.000000</trueHeading>
<magneticHeading>0.000000</magneticHeading>
<gpsHeading>273.490051</gpsHeading>
<haccuracy>6.504421</haccuracy>
<vaccuracy>6.504421</vaccuracy>
<internetconnect>2</internetconnect>
</trkpt>
<trkpt lat="35.841351" lon="139.049152">
<ele>515.333333</ele>
<time>2026-06-28T07:49:35Z</time>
<speed>0.000000</speed>
<trueHeading>0.000000</trueHeading>
<magneticHeading>0.000000</magneticHeading>
<gpsHeading>142.494705</gpsHeading>
<haccuracy>12.021388</haccuracy>
<vaccuracy>12.021388</vaccuracy>
<internetconnect>2</internetconnect>
</trkpt>
<trkpt lat="35.841506" lon="139.049157">
<ele>513.666667</ele>
<time>2026-06-28T07:51:55Z</time>
<speed>0.000000</speed>
<trueHeading>0.000000</trueHeading>
<magneticHeading>0.000000</magneticHeading>
<gpsHeading>1.596225</gpsHeading>
<haccuracy>11.814311</haccuracy>
<vaccuracy>11.814311</vaccuracy>
<internetconnect>2</internetconnect>
</trkpt>
<trkpt lat="35.841459" lon="139.049189">
<ele>513.666667</ele>
<time>2026-06-28T07:54:02Z</time>
<speed>0.000000</speed>
<trueHeading>0.000000</trueHeading>
<magneticHeading>0.000000</magneticHeading>
<gpsHeading>150.715225</gpsHeading>
<haccuracy>8.952865</haccuracy>
<vaccuracy>8.952865</vaccuracy>
<internetconnect>2</internetconnect>
</trkpt>
<trkpt lat="35.841399" lon="139.049092">
<ele>513.333333</ele>
<time>2026-06-28T07:56:10Z</time>
<speed>0.000000</speed>
<trueHeading>0.000000</trueHeading>
<magneticHeading>0.000000</magneticHeading>
<gpsHeading>232.550980</gpsHeading>
<haccuracy>7.685174</haccuracy>
<vaccuracy>7.685174</vaccuracy>
<internetconnect>2</internetconnect>
</trkpt>
<trkpt lat="35.841415" lon="139.049087">
<ele>514.000000</ele>
<time>2026-06-28T07:59:41Z</time>
<speed>0.200000</speed>
<trueHeading>0.000000</trueHeading>
<magneticHeading>0.000000</magneticHeading>
<gpsHeading>344.254761</gpsHeading>
<haccuracy>11.144638</haccuracy>
<vaccuracy>11.144638</vaccuracy>
<internetconnect>2</internetconnect>
</trkpt>
<trkpt lat="35.841491" lon="139.049144">
<ele>515.000000</ele>
<time>2026-06-28T08:02:41Z</time>
<speed>0.000000</speed>
<trueHeading>0.000000</trueHeading>
<magneticHeading>0.000000</magneticHeading>
<gpsHeading>31.079866</gpsHeading>
<haccuracy>11.147244</haccuracy>
<vaccuracy>11.147244</vaccuracy>
<internetconnect>2</internetconnect>
</trkpt>
<trkpt lat="35.841533" lon="139.049075">
<ele>516.333333</ele>
<time>2026-06-28T08:04:46Z</time>
<speed>0.000000</speed>
<trueHeading>0.000000</trueHeading>
<magneticHeading>0.000000</magneticHeading>
<gpsHeading>306.843109</gpsHeading>
<haccuracy>12.047175</haccuracy>
<vaccuracy>12.047175</vaccuracy>
<internetconnect>2</internetconnect>
</trkpt>
<trkpt lat="35.841536" lon="139.048984">
<ele>517.333333</ele>
<time>2026-06-28T08:06:51Z</time>
<speed>0.000000</speed>
<trueHeading>0.000000</trueHeading>
<magneticHeading>0.000000</magneticHeading>
<gpsHeading>272.732849</gpsHeading>
<haccuracy>11.252558</haccuracy>
<vaccuracy>11.252558</vaccuracy>
<internetconnect>2</internetconnect>
</trkpt>
<trkpt lat="35.841482" lon="139.049049">
<ele>518.000000</ele>
<time>2026-06-28T08:09:11Z</time>
<speed>0.000000</speed>
<trueHeading>0.000000</trueHeading>
<magneticHeading>0.000000</magneticHeading>
<gpsHeading>136.076248</gpsHeading>
<haccuracy>11.380341</haccuracy>
<vaccuracy>11.380341</vaccuracy>
<internetconnect>2</internetconnect>
</trkpt>
<trkpt lat="35.841570" lon="139.049091">
<ele>518.000000</ele>
<time>2026-06-28T08:11:13Z</time>
<speed>0.413663</speed>
<trueHeading>0.000000</trueHeading>
<magneticHeading>0.000000</magneticHeading>
<gpsHeading>21.093525</gpsHeading>
<haccuracy>16.459000</haccuracy>
<vaccuracy>16.459000</vaccuracy>
<internetconnect>2</internetconnect>
</trkpt>
<trkpt lat="35.841492" lon="139.049006">
<ele>522.333333</ele>
<time>2026-06-28T08:13:33Z</time>
<speed>0.429399</speed>
<trueHeading>0.000000</trueHeading>
<magneticHeading>0.000000</magneticHeading>
<gpsHeading>221.426544</gpsHeading>
<haccuracy>4.341000</haccuracy>
<vaccuracy>4.341000</vaccuracy>
<internetconnect>2</internetconnect>
</trkpt>
<trkpt lat="35.841386" lon="139.048613">
<ele>522.333333</ele>
<time>2026-06-28T08:14:45Z</time>
<speed>1.250000</speed>
<trueHeading>0.000000</trueHeading>
<magneticHeading>0.000000</magneticHeading>
<gpsHeading>251.592926</gpsHeading>
<haccuracy>9.126033</haccuracy>
<vaccuracy>9.126033</vaccuracy>
<internetconnect>2</internetconnect>
</trkpt>
<trkpt lat="35.841159" lon="139.048377">
<ele>522.333333</ele>
<time>2026-06-28T08:15:33Z</time>
<speed>1.361789</speed>
<trueHeading>0.000000</trueHeading>
<magneticHeading>0.000000</magneticHeading>
<gpsHeading>220.192871</gpsHeading>
<haccuracy>3.418000</haccuracy>
<vaccuracy>3.418000</vaccuracy>
<internetconnect>2</internetconnect>
</trkpt>
<trkpt lat="35.840982" lon="139.047885">
<ele>524.666667</ele>
<time>2026-06-28T08:16:19Z</time>
<speed>0.340000</speed>
<trueHeading>0.000000</trueHeading>
<magneticHeading>0.000000</magneticHeading>
<gpsHeading>246.054459</gpsHeading>
<haccuracy>16.816296</haccuracy>
<vaccuracy>16.816296</vaccuracy>
<internetconnect>2</internetconnect>
</trkpt>
<trkpt lat="35.840931" lon="139.047510">
<ele>531.333333</ele>
<time>2026-06-28T08:17:48Z</time>
<speed>0.664577</speed>
<trueHeading>0.000000</trueHeading>
<magneticHeading>0.000000</magneticHeading>
<gpsHeading>260.357819</gpsHeading>
<haccuracy>10.834000</haccuracy>
<vaccuracy>10.834000</vaccuracy>
<internetconnect>2</internetconnect>
</trkpt>
<trkpt lat="35.840719" lon="139.047268">
<ele>544.666667</ele>
<time>2026-06-28T08:18:37Z</time>
<speed>0.899689</speed>
<trueHeading>0.000000</trueHeading>
<magneticHeading>0.000000</magneticHeading>
<gpsHeading>222.844009</gpsHeading>
<haccuracy>5.882000</haccuracy>
<vaccuracy>5.882000</vaccuracy>
<internetconnect>2</internetconnect>
</trkpt>
<trkpt lat="35.840793" lon="139.046764">
<ele>556.666667</ele>
<time>2026-06-28T08:19:24Z</time>
<speed>0.950000</speed>
<trueHeading>0.000000</trueHeading>
<magneticHeading>0.000000</magneticHeading>
<gpsHeading>280.332001</gpsHeading>
<haccuracy>12.404746</haccuracy>
<vaccuracy>12.404746</vaccuracy>
<internetconnect>2</internetconnect>
</trkpt>
<trkpt lat="35.840936" lon="139.046397">
<ele>572.666667</ele>
<time>2026-06-28T08:20:21Z</time>
<speed>1.100000</speed>
<trueHeading>0.000000</trueHeading>
<magneticHeading>0.000000</magneticHeading>
<gpsHeading>295.613922</gpsHeading>
<haccuracy>10.614149</haccuracy>
<vaccuracy>10.614149</vaccuracy>
<internetconnect>2</internetconnect>
</trkpt>
<trkpt lat="35.841157" lon="139.045882">
<ele>586.333333</ele>
<time>2026-06-28T08:21:11Z</time>
<speed>0.880000</speed>
<trueHeading>0.000000</trueHeading>
<magneticHeading>0.000000</magneticHeading>
<gpsHeading>297.869720</gpsHeading>
<haccuracy>9.935046</haccuracy>
<vaccuracy>9.935046</vaccuracy>
<internetconnect>2</internetconnect>
</trkpt>
<trkpt lat="35.841456" lon="139.045498">
<ele>597.666667</ele>
<time>2026-06-28T08:22:00Z</time>
<speed>1.176776</speed>
<trueHeading>0.000000</trueHeading>
<magneticHeading>0.000000</magneticHeading>
<gpsHeading>313.850372</gpsHeading>
<haccuracy>4.869000</haccuracy>
<vaccuracy>4.869000</vaccuracy>
<internetconnect>2</internetconnect>
</trkpt>
<trkpt lat="35.841590" lon="139.044843">
<ele>607.666667</ele>
<time>2026-06-28T08:22:46Z</time>
<speed>1.400000</speed>
<trueHeading>0.000000</trueHeading>
<magneticHeading>0.000000</magneticHeading>
<gpsHeading>284.179688</gpsHeading>
<haccuracy>9.935046</haccuracy>
<vaccuracy>9.935046</vaccuracy>
<internetconnect>2</internetconnect>
</trkpt>
<trkpt lat="35.841661" lon="139.044400">
<ele>614.000000</ele>
<time>2026-06-28T08:23:36Z</time>
<speed>1.327593</speed>
<trueHeading>0.000000</trueHeading>
<magneticHeading>0.000000</magneticHeading>
<gpsHeading>281.097534</gpsHeading>
<haccuracy>4.631000</haccuracy>
<vaccuracy>4.631000</vaccuracy>
<internetconnect>2</internetconnect>
</trkpt>
<trkpt lat="35.841543" lon="139.043949">
<ele>617.666667</ele>
<time>2026-06-28T08:25:07Z</time>
<speed>0.000000</speed>
<trueHeading>0.000000</trueHeading>
<magneticHeading>0.000000</magneticHeading>
<gpsHeading>252.155273</gpsHeading>
<haccuracy>27.396999</haccuracy>
<vaccuracy>27.396999</vaccuracy>
<internetconnect>2</internetconnect>
</trkpt>
<trkpt lat="35.841697" lon="139.044301">
<ele>619.333333</ele>
<time>2026-06-28T08:26:24Z</time>
<speed>1.520632</speed>
<trueHeading>0.000000</trueHeading>
<magneticHeading>0.000000</magneticHeading>
<gpsHeading>61.675465</gpsHeading>
<haccuracy>10.096000</haccuracy>
<vaccuracy>10.096000</vaccuracy>
<internetconnect>2</internetconnect>
</trkpt>
<trkpt lat="35.841821" lon="139.044445">
<ele>619.000000</ele>
<time>2026-06-28T08:28:25Z</time>
<speed>0.760000</speed>
<trueHeading>0.000000</trueHeading>
<magneticHeading>0.000000</magneticHeading>
<gpsHeading>43.372101</gpsHeading>
<haccuracy>10.119638</haccuracy>
<vaccuracy>10.119638</vaccuracy>
<internetconnect>2</internetconnect>
</trkpt>
<trkpt lat="35.841720" lon="139.044503">
<ele>619.000000</ele>
<time>2026-06-28T08:29:24Z</time>
<speed>0.036158</speed>
<trueHeading>131.952179</trueHeading>
<magneticHeading>140.160095</magneticHeading>
<gpsHeading>154.973343</gpsHeading>
<haccuracy>4.194000</haccuracy>
<vaccuracy>4.194000</vaccuracy>
<internetconnect>2</internetconnect>
</trkpt>
</trkseg></trk>
</gpx>
