<?xml version="1.0" encoding="UTF-8"?>
<gpx xmlns:xsi="http://www.w3.org/2001/XMLSchema-instance" xmlns="http://www.topografix.com/GPX/1/0" xsi:schemaLocation="http://www.topografix.com/GPX/1/1 http://www.topografix.com/GPX/1/1/gpx.xsd" creator="Geographica - http://geographica.biz/" appVersion="Ver 2.1.56:4401" device="google sunfish" android="13" carrier="povo">
<trk>
<name>20260802</name>
<trkseg>
<trkpt lat="35.831521" lon="139.076317">
<ele>409.000000</ele>
<time>2026-08-01T22:48:38Z</time>
<speed>0.214301</speed>
<trueHeading>0.000000</trueHeading>
<magneticHeading>0.000000</magneticHeading>
<gpsHeading>0.000000</gpsHeading>
<haccuracy>6.365000</haccuracy>
<vaccuracy>6.365000</vaccuracy>
<internetconnect>2</internetconnect>
</trkpt>
<trkpt lat="35.831526" lon="139.076321">
<ele>410.000000</ele>
<time>2026-08-01T22:48:39Z</time>
<speed>0.216472</speed>
<trueHeading>0.000000</trueHeading>
<magneticHeading>0.000000</magneticHeading>
<gpsHeading>0.000000</gpsHeading>
<haccuracy>6.007000</haccuracy>
<vaccuracy>6.007000</vaccuracy>
<internetconnect>2</internetconnect>
</trkpt>
<trkpt lat="35.831870" lon="139.076472">
<ele>413.666667</ele>
<time>2026-08-01T22:49:32Z</time>
<speed>1.382101</speed>
<trueHeading>0.000000</trueHeading>
<magneticHeading>0.000000</magneticHeading>
<gpsHeading>19.534782</gpsHeading>
<haccuracy>4.542000</haccuracy>
<vaccuracy>4.542000</vaccuracy>
<internetconnect>2</internetconnect>
</trkpt>
<trkpt lat="35.831848" lon="139.077230">
<ele>421.666667</ele>
<time>2026-08-01T22:50:20Z</time>
<speed>1.493150</speed>
<trueHeading>0.000000</trueHeading>
<magneticHeading>0.000000</magneticHeading>
<gpsHeading>92.030571</gpsHeading>
<haccuracy>4.227000</haccuracy>
<vaccuracy>4.227000</vaccuracy>
<internetconnect>2</internetconnect>
</trkpt>
<trkpt lat="35.832137" lon="139.077764">
<ele>432.333333</ele>
<time>2026-08-01T22:51:07Z</time>
<speed>1.591747</speed>
<trueHeading>0.000000</trueHeading>
<magneticHeading>0.000000</magneticHeading>
<gpsHeading>56.321148</gpsHeading>
<haccuracy>7.519000</haccuracy>
<vaccuracy>7.519000</vaccuracy>
<internetconnect>2</internetconnect>
</trkpt>
<trkpt lat="35.832558" lon="139.077718">
<ele>443.333333</ele>
<time>2026-08-01T22:51:53Z</time>
<speed>1.251095</speed>
<trueHeading>0.000000</trueHeading>
<magneticHeading>0.000000</magneticHeading>
<gpsHeading>354.874481</gpsHeading>
<haccuracy>6.337000</haccuracy>
<vaccuracy>6.337000</vaccuracy>
<internetconnect>2</internetconnect>
</trkpt>
<trkpt lat="35.833075" lon="139.077634">
<ele>446.666667</ele>
<time>2026-08-01T22:52:41Z</time>
<speed>1.566703</speed>
<trueHeading>0.000000</trueHeading>
<magneticHeading>0.000000</magneticHeading>
<gpsHeading>352.498840</gpsHeading>
<haccuracy>5.814000</haccuracy>
<vaccuracy>5.814000</vaccuracy>
<internetconnect>2</internetconnect>
</trkpt>
<trkpt lat="35.833192" lon="139.078378">
<ele>449.333333</ele>
<time>2026-08-01T22:53:28Z</time>
<speed>1.446513</speed>
<trueHeading>0.000000</trueHeading>
<magneticHeading>0.000000</magneticHeading>
<gpsHeading>78.999405</gpsHeading>
<haccuracy>6.322000</haccuracy>
<vaccuracy>6.322000</vaccuracy>
<internetconnect>2</internetconnect>
</trkpt>
<trkpt lat="35.833730" lon="139.078643">
<ele>450.666667</ele>
<time>2026-08-01T22:54:15Z</time>
<speed>1.568982</speed>
<trueHeading>0.000000</trueHeading>
<magneticHeading>0.000000</magneticHeading>
<gpsHeading>21.812857</gpsHeading>
<haccuracy>6.288000</haccuracy>
<vaccuracy>6.288000</vaccuracy>
<internetconnect>2</internetconnect>
</trkpt>
<trkpt lat="35.834132" lon="139.079176">
<ele>454.666667</ele>
<time>2026-08-01T22:55:02Z</time>
<speed>1.462916</speed>
<trueHeading>0.000000</trueHeading>
<magneticHeading>0.000000</magneticHeading>
<gpsHeading>47.033611</gpsHeading>
<haccuracy>6.642000</haccuracy>
<vaccuracy>6.642000</vaccuracy>
<internetconnect>2</internetconnect>
</trkpt>
<trkpt lat="35.834078" lon="139.079720">
<ele>456.666667</ele>
<time>2026-08-01T22:55:48Z</time>
<speed>1.542584</speed>
<trueHeading>0.000000</trueHeading>
<magneticHeading>0.000000</magneticHeading>
<gpsHeading>96.937149</gpsHeading>
<haccuracy>5.202000</haccuracy>
<vaccuracy>5.202000</vaccuracy>
<internetconnect>2</internetconnect>
</trkpt>
<trkpt lat="35.834087" lon="139.079862">
<ele>459.666667</ele>
<time>2026-08-01T23:03:17Z</time>
<speed>1.042296</speed>
<trueHeading>0.000000</trueHeading>
<magneticHeading>0.000000</magneticHeading>
<gpsHeading>0.000000</gpsHeading>
<haccuracy>5.573000</haccuracy>
<vaccuracy>5.573000</vaccuracy>
<internetconnect>2</internetconnect>
</trkpt>
<trkpt lat="35.834630" lon="139.080035">
<ele>464.000000</ele>
<time>2026-08-01T23:04:06Z</time>
<speed>1.342495</speed>
<trueHeading>0.000000</trueHeading>
<magneticHeading>0.000000</magneticHeading>
<gpsHeading>14.530368</gpsHeading>
<haccuracy>10.309000</haccuracy>
<vaccuracy>10.309000</vaccuracy>
<internetconnect>2</internetconnect>
</trkpt>
<trkpt lat="35.834958" lon="139.080056">
<ele>473.000000</ele>
<time>2026-08-01T23:04:55Z</time>
<speed>0.077836</speed>
<trueHeading>0.000000</trueHeading>
<magneticHeading>0.000000</magneticHeading>
<gpsHeading>2.928905</gpsHeading>
<haccuracy>9.038000</haccuracy>
<vaccuracy>9.038000</vaccuracy>
<internetconnect>2</internetconnect>
</trkpt>
<trkpt lat="35.835438" lon="139.080785">
<ele>481.000000</ele>
<time>2026-08-01T23:05:44Z</time>
<speed>0.597345</speed>
<trueHeading>0.000000</trueHeading>
<magneticHeading>0.000000</magneticHeading>
<gpsHeading>50.891907</gpsHeading>
<haccuracy>12.072000</haccuracy>
<vaccuracy>12.072000</vaccuracy>
<internetconnect>2</internetconnect>
</trkpt>
<trkpt lat="35.836087" lon="139.080355">
<ele>488.333333</ele>
<time>2026-08-01T23:06:32Z</time>
<speed>1.479011</speed>
<trueHeading>0.000000</trueHeading>
<magneticHeading>0.000000</magneticHeading>
<gpsHeading>331.761902</gpsHeading>
<haccuracy>10.600000</haccuracy>
<vaccuracy>10.600000</vaccuracy>
<internetconnect>2</internetconnect>
</trkpt>
<trkpt lat="35.836555" lon="139.080219">
<ele>486.333333</ele>
<time>2026-08-01T23:07:20Z</time>
<speed>0.087972</speed>
<trueHeading>0.000000</trueHeading>
<magneticHeading>0.000000</magneticHeading>
<gpsHeading>346.726013</gpsHeading>
<haccuracy>9.072000</haccuracy>
<vaccuracy>9.072000</vaccuracy>
<internetconnect>2</internetconnect>
</trkpt>
<trkpt lat="35.836837" lon="139.080919">
<ele>483.333333</ele>
<time>2026-08-01T23:08:07Z</time>
<speed>0.982335</speed>
<trueHeading>0.000000</trueHeading>
<magneticHeading>0.000000</magneticHeading>
<gpsHeading>63.604897</gpsHeading>
<haccuracy>10.360000</haccuracy>
<vaccuracy>10.360000</vaccuracy>
<internetconnect>2</internetconnect>
</trkpt>
<trkpt lat="35.837270" lon="139.081077">
<ele>487.000000</ele>
<time>2026-08-01T23:08:55Z</time>
<speed>0.649182</speed>
<trueHeading>0.000000</trueHeading>
<magneticHeading>0.000000</magneticHeading>
<gpsHeading>16.507689</gpsHeading>
<haccuracy>10.653000</haccuracy>
<vaccuracy>10.653000</vaccuracy>
<internetconnect>2</internetconnect>
</trkpt>
<trkpt lat="35.837936" lon="139.081587">
<ele>492.000000</ele>
<time>2026-08-01T23:09:41Z</time>
<speed>0.876490</speed>
<trueHeading>0.000000</trueHeading>
<magneticHeading>0.000000</magneticHeading>
<gpsHeading>31.816216</gpsHeading>
<haccuracy>10.526000</haccuracy>
<vaccuracy>10.526000</vaccuracy>
<internetconnect>2</internetconnect>
</trkpt>
<trkpt lat="35.837910" lon="139.082154">
<ele>498.333333</ele>
<time>2026-08-01T23:10:29Z</time>
<speed>0.144104</speed>
<trueHeading>0.000000</trueHeading>
<magneticHeading>0.000000</magneticHeading>
<gpsHeading>93.252159</gpsHeading>
<haccuracy>9.828000</haccuracy>
<vaccuracy>9.828000</vaccuracy>
<internetconnect>2</internetconnect>
</trkpt>
<trkpt lat="35.838146" lon="139.082868">
<ele>503.666667</ele>
<time>2026-08-01T23:11:18Z</time>
<speed>0.100224</speed>
<trueHeading>0.000000</trueHeading>
<magneticHeading>0.000000</magneticHeading>
<gpsHeading>67.860619</gpsHeading>
<haccuracy>12.272000</haccuracy>
<vaccuracy>12.272000</vaccuracy>
<internetconnect>2</internetconnect>
</trkpt>
<trkpt lat="35.838236" lon="139.083297">
<ele>513.666667</ele>
<time>2026-08-01T23:12:05Z</time>
<speed>0.078188</speed>
<trueHeading>0.000000</trueHeading>
<magneticHeading>0.000000</magneticHeading>
<gpsHeading>75.509689</gpsHeading>
<haccuracy>10.876000</haccuracy>
<vaccuracy>10.876000</vaccuracy>
<internetconnect>2</internetconnect>
</trkpt>
<trkpt lat="35.838375" lon="139.083886">
<ele>520.333333</ele>
<time>2026-08-01T23:12:53Z</time>
<speed>0.191465</speed>
<trueHeading>0.000000</trueHeading>
<magneticHeading>0.000000</magneticHeading>
<gpsHeading>73.741951</gpsHeading>
<haccuracy>7.193000</haccuracy>
<vaccuracy>7.193000</vaccuracy>
<internetconnect>2</internetconnect>
</trkpt>
<trkpt lat="35.838483" lon="139.084994">
<ele>533.666667</ele>
<time>2026-08-01T23:13:41Z</time>
<speed>1.485178</speed>
<trueHeading>0.000000</trueHeading>
<magneticHeading>0.000000</magneticHeading>
<gpsHeading>83.140602</gpsHeading>
<haccuracy>8.743000</haccuracy>
<vaccuracy>8.743000</vaccuracy>
<internetconnect>2</internetconnect>
</trkpt>
<trkpt lat="35.838642" lon="139.085959">
<ele>543.666667</ele>
<time>2026-08-01T23:14:29Z</time>
<speed>1.372278</speed>
<trueHeading>0.000000</trueHeading>
<magneticHeading>0.000000</magneticHeading>
<gpsHeading>78.500671</gpsHeading>
<haccuracy>10.776000</haccuracy>
<vaccuracy>10.776000</vaccuracy>
<internetconnect>2</internetconnect>
</trkpt>
<trkpt lat="35.838582" lon="139.086403">
<ele>556.333333</ele>
<time>2026-08-01T23:15:18Z</time>
<speed>0.074141</speed>
<trueHeading>0.000000</trueHeading>
<magneticHeading>0.000000</magneticHeading>
<gpsHeading>99.507530</gpsHeading>
<haccuracy>5.716000</haccuracy>
<vaccuracy>5.716000</vaccuracy>
<internetconnect>2</internetconnect>
</trkpt>
<trkpt lat="35.838990" lon="139.087287">
<ele>554.666667</ele>
<time>2026-08-01T23:16:08Z</time>
<speed>1.531970</speed>
<trueHeading>0.000000</trueHeading>
<magneticHeading>0.000000</magneticHeading>
<gpsHeading>60.351826</gpsHeading>
<haccuracy>9.536000</haccuracy>
<vaccuracy>9.536000</vaccuracy>
<internetconnect>2</internetconnect>
</trkpt>
<trkpt lat="35.839261" lon="139.087961">
<ele>562.000000</ele>
<time>2026-08-01T23:16:55Z</time>
<speed>1.570338</speed>
<trueHeading>0.000000</trueHeading>
<magneticHeading>0.000000</magneticHeading>
<gpsHeading>63.595684</gpsHeading>
<haccuracy>12.015000</haccuracy>
<vaccuracy>12.015000</vaccuracy>
<internetconnect>2</internetconnect>
</trkpt>
<trkpt lat="35.839746" lon="139.087596">
<ele>566.666667</ele>
<time>2026-08-01T23:17:43Z</time>
<speed>1.342661</speed>
<trueHeading>0.000000</trueHeading>
<magneticHeading>0.000000</magneticHeading>
<gpsHeading>328.660400</gpsHeading>
<haccuracy>7.614000</haccuracy>
<vaccuracy>7.614000</vaccuracy>
<internetconnect>2</internetconnect>
</trkpt>
<trkpt lat="35.840222" lon="139.088130">
<ele>573.333333</ele>
<time>2026-08-01T23:18:30Z</time>
<speed>0.826764</speed>
<trueHeading>0.000000</trueHeading>
<magneticHeading>0.000000</magneticHeading>
<gpsHeading>42.240372</gpsHeading>
<haccuracy>9.396000</haccuracy>
<vaccuracy>9.396000</vaccuracy>
<internetconnect>2</internetconnect>
</trkpt>
<trkpt lat="35.840544" lon="139.088475">
<ele>577.000000</ele>
<time>2026-08-01T23:19:17Z</time>
<speed>1.602453</speed>
<trueHeading>0.000000</trueHeading>
<magneticHeading>0.000000</magneticHeading>
<gpsHeading>40.991959</gpsHeading>
<haccuracy>10.845000</haccuracy>
<vaccuracy>10.845000</vaccuracy>
<internetconnect>2</internetconnect>
</trkpt>
<trkpt lat="35.841142" lon="139.088519">
<ele>579.000000</ele>
<time>2026-08-01T23:20:05Z</time>
<speed>1.459026</speed>
<trueHeading>0.000000</trueHeading>
<magneticHeading>0.000000</magneticHeading>
<gpsHeading>3.395689</gpsHeading>
<haccuracy>11.250000</haccuracy>
<vaccuracy>11.250000</vaccuracy>
<internetconnect>2</internetconnect>
</trkpt>
<trkpt lat="35.841561" lon="139.088851">
<ele>580.333333</ele>
<time>2026-08-01T23:20:52Z</time>
<speed>0.834444</speed>
<trueHeading>0.000000</trueHeading>
<magneticHeading>0.000000</magneticHeading>
<gpsHeading>32.776039</gpsHeading>
<haccuracy>15.525000</haccuracy>
<vaccuracy>15.525000</vaccuracy>
<internetconnect>2</internetconnect>
</trkpt>
<trkpt lat="35.841949" lon="139.088840">
<ele>583.666667</ele>
<time>2026-08-01T23:21:39Z</time>
<speed>0.162198</speed>
<trueHeading>0.000000</trueHeading>
<magneticHeading>0.000000</magneticHeading>
<gpsHeading>358.635956</gpsHeading>
<haccuracy>15.289000</haccuracy>
<vaccuracy>15.289000</vaccuracy>
<internetconnect>2</internetconnect>
</trkpt>
<trkpt lat="35.842602" lon="139.088671">
<ele>593.666667</ele>
<time>2026-08-01T23:22:28Z</time>
<speed>0.369998</speed>
<trueHeading>0.000000</trueHeading>
<magneticHeading>0.000000</magneticHeading>
<gpsHeading>348.160217</gpsHeading>
<haccuracy>19.760000</haccuracy>
<vaccuracy>19.760000</vaccuracy>
<internetconnect>2</internetconnect>
</trkpt>
<trkpt lat="35.842832" lon="139.088924">
<ele>615.333333</ele>
<time>2026-08-01T23:23:50Z</time>
<speed>1.306269</speed>
<trueHeading>0.000000</trueHeading>
<magneticHeading>0.000000</magneticHeading>
<gpsHeading>41.817596</gpsHeading>
<haccuracy>9.499000</haccuracy>
<vaccuracy>9.499000</vaccuracy>
<internetconnect>2</internetconnect>
</trkpt>
<trkpt lat="35.843538" lon="139.089105">
<ele>627.000000</ele>
<time>2026-08-01T23:24:37Z</time>
<speed>1.564889</speed>
<trueHeading>0.000000</trueHeading>
<magneticHeading>0.000000</magneticHeading>
<gpsHeading>11.704006</gpsHeading>
<haccuracy>15.437000</haccuracy>
<vaccuracy>15.437000</vaccuracy>
<internetconnect>2</internetconnect>
</trkpt>
<trkpt lat="35.844184" lon="139.089031">
<ele>643.666667</ele>
<time>2026-08-01T23:25:27Z</time>
<speed>1.372088</speed>
<trueHeading>0.000000</trueHeading>
<magneticHeading>0.000000</magneticHeading>
<gpsHeading>354.715485</gpsHeading>
<haccuracy>17.407000</haccuracy>
<vaccuracy>17.407000</vaccuracy>
<internetconnect>2</internetconnect>
</trkpt>
<trkpt lat="35.844537" lon="139.089320">
<ele>647.666667</ele>
<time>2026-08-01T23:26:15Z</time>
<speed>0.155921</speed>
<trueHeading>0.000000</trueHeading>
<magneticHeading>0.000000</magneticHeading>
<gpsHeading>33.550919</gpsHeading>
<haccuracy>6.781000</haccuracy>
<vaccuracy>6.781000</vaccuracy>
<internetconnect>2</internetconnect>
</trkpt>
<trkpt lat="35.845262" lon="139.089352">
<ele>650.000000</ele>
<time>2026-08-01T23:27:02Z</time>
<speed>1.315040</speed>
<trueHeading>0.000000</trueHeading>
<magneticHeading>0.000000</magneticHeading>
<gpsHeading>2.018480</gpsHeading>
<haccuracy>10.973000</haccuracy>
<vaccuracy>10.973000</vaccuracy>
<internetconnect>2</internetconnect>
</trkpt>
<trkpt lat="35.845827" lon="139.089038">
<ele>647.000000</ele>
<time>2026-08-01T23:27:50Z</time>
<speed>1.370824</speed>
<trueHeading>0.000000</trueHeading>
<magneticHeading>0.000000</magneticHeading>
<gpsHeading>335.756409</gpsHeading>
<haccuracy>14.684000</haccuracy>
<vaccuracy>14.684000</vaccuracy>
<internetconnect>2</internetconnect>
</trkpt>
<trkpt lat="35.845516" lon="139.088681">
<ele>650.666667</ele>
<time>2026-08-01T23:28:38Z</time>
<speed>1.407699</speed>
<trueHeading>0.000000</trueHeading>
<magneticHeading>0.000000</magneticHeading>
<gpsHeading>222.905930</gpsHeading>
<haccuracy>3.942000</haccuracy>
<vaccuracy>3.942000</vaccuracy>
<internetconnect>2</internetconnect>
</trkpt>
<trkpt lat="35.844942" lon="139.088614">
<ele>662.333333</ele>
<time>2026-08-01T23:29:25Z</time>
<speed>1.508664</speed>
<trueHeading>0.000000</trueHeading>
<magneticHeading>0.000000</magneticHeading>
<gpsHeading>185.409348</gpsHeading>
<haccuracy>5.176000</haccuracy>
<vaccuracy>5.176000</vaccuracy>
<internetconnect>2</internetconnect>
</trkpt>
<trkpt lat="35.844688" lon="139.088441">
<ele>666.000000</ele>
<time>2026-08-01T23:30:12Z</time>
<speed>1.519001</speed>
<trueHeading>0.000000</trueHeading>
<magneticHeading>0.000000</magneticHeading>
<gpsHeading>208.935806</gpsHeading>
<haccuracy>5.033000</haccuracy>
<vaccuracy>5.033000</vaccuracy>
<internetconnect>2</internetconnect>
</trkpt>
<trkpt lat="35.845321" lon="139.088509">
<ele>667.333333</ele>
<time>2026-08-01T23:30:59Z</time>
<speed>1.495534</speed>
<trueHeading>0.000000</trueHeading>
<magneticHeading>0.000000</magneticHeading>
<gpsHeading>4.962409</gpsHeading>
<haccuracy>5.770000</haccuracy>
<vaccuracy>5.770000</vaccuracy>
<internetconnect>2</internetconnect>
</trkpt>
<trkpt lat="35.845919" lon="139.088440">
<ele>670.333333</ele>
<time>2026-08-01T23:31:46Z</time>
<speed>1.455017</speed>
<trueHeading>0.000000</trueHeading>
<magneticHeading>0.000000</magneticHeading>
<gpsHeading>354.705261</gpsHeading>
<haccuracy>5.659000</haccuracy>
<vaccuracy>5.659000</vaccuracy>
<internetconnect>2</internetconnect>
</trkpt>
<trkpt lat="35.846284" lon="139.088779">
<ele>677.666667</ele>
<time>2026-08-01T23:32:33Z</time>
<speed>1.232510</speed>
<trueHeading>0.000000</trueHeading>
<magneticHeading>0.000000</magneticHeading>
<gpsHeading>36.950550</gpsHeading>
<haccuracy>5.042000</haccuracy>
<vaccuracy>5.042000</vaccuracy>
<internetconnect>2</internetconnect>
</trkpt>
<trkpt lat="35.846644" lon="139.089366">
<ele>686.000000</ele>
<time>2026-08-01T23:33:20Z</time>
<speed>0.707328</speed>
<trueHeading>0.000000</trueHeading>
<magneticHeading>0.000000</magneticHeading>
<gpsHeading>52.901379</gpsHeading>
<haccuracy>6.327000</haccuracy>
<vaccuracy>6.327000</vaccuracy>
<internetconnect>2</internetconnect>
</trkpt>
<trkpt lat="35.847264" lon="139.089631">
<ele>690.333333</ele>
<time>2026-08-01T23:34:07Z</time>
<speed>1.556745</speed>
<trueHeading>0.000000</trueHeading>
<magneticHeading>0.000000</magneticHeading>
<gpsHeading>19.124392</gpsHeading>
<haccuracy>5.037000</haccuracy>
<vaccuracy>5.037000</vaccuracy>
<internetconnect>2</internetconnect>
</trkpt>
<trkpt lat="35.847828" lon="139.089544">
<ele>703.000000</ele>
<time>2026-08-01T23:34:54Z</time>
<speed>1.466260</speed>
<trueHeading>0.000000</trueHeading>
<magneticHeading>0.000000</magneticHeading>
<gpsHeading>352.810638</gpsHeading>
<haccuracy>6.279000</haccuracy>
<vaccuracy>6.279000</vaccuracy>
<internetconnect>2</internetconnect>
</trkpt>
<trkpt lat="35.848262" lon="139.089485">
<ele>707.666667</ele>
<time>2026-08-01T23:35:44Z</time>
<speed>0.094326</speed>
<trueHeading>0.000000</trueHeading>
<magneticHeading>0.000000</magneticHeading>
<gpsHeading>353.732361</gpsHeading>
<haccuracy>4.821000</haccuracy>
<vaccuracy>4.821000</vaccuracy>
<internetconnect>2</internetconnect>
</trkpt>
<trkpt lat="35.847893" lon="139.090075">
<ele>713.000000</ele>
<time>2026-08-01T23:36:34Z</time>
<speed>1.614930</speed>
<trueHeading>0.000000</trueHeading>
<magneticHeading>0.000000</magneticHeading>
<gpsHeading>127.690681</gpsHeading>
<haccuracy>5.693000</haccuracy>
<vaccuracy>5.693000</vaccuracy>
<internetconnect>2</internetconnect>
</trkpt>
<trkpt lat="35.847806" lon="139.090910">
<ele>715.000000</ele>
<time>2026-08-01T23:37:21Z</time>
<speed>1.551190</speed>
<trueHeading>0.000000</trueHeading>
<magneticHeading>0.000000</magneticHeading>
<gpsHeading>97.323792</gpsHeading>
<haccuracy>5.295000</haccuracy>
<vaccuracy>5.295000</vaccuracy>
<internetconnect>2</internetconnect>
</trkpt>
<trkpt lat="35.848007" lon="139.090615">
<ele>721.666667</ele>
<time>2026-08-01T23:38:14Z</time>
<speed>1.528654</speed>
<trueHeading>0.000000</trueHeading>
<magneticHeading>0.000000</magneticHeading>
<gpsHeading>310.074127</gpsHeading>
<haccuracy>5.795000</haccuracy>
<vaccuracy>5.795000</vaccuracy>
<internetconnect>2</internetconnect>
</trkpt>
<trkpt lat="35.848284" lon="139.090005">
<ele>735.666667</ele>
<time>2026-08-01T23:39:01Z</time>
<speed>1.587057</speed>
<trueHeading>0.000000</trueHeading>
<magneticHeading>0.000000</magneticHeading>
<gpsHeading>299.311310</gpsHeading>
<haccuracy>5.490000</haccuracy>
<vaccuracy>5.490000</vaccuracy>
<internetconnect>2</internetconnect>
</trkpt>
<trkpt lat="35.848670" lon="139.089402">
<ele>746.666667</ele>
<time>2026-08-01T23:39:49Z</time>
<speed>1.540838</speed>
<trueHeading>0.000000</trueHeading>
<magneticHeading>0.000000</magneticHeading>
<gpsHeading>308.215820</gpsHeading>
<haccuracy>4.987000</haccuracy>
<vaccuracy>4.987000</vaccuracy>
<internetconnect>2</internetconnect>
</trkpt>
<trkpt lat="35.849005" lon="139.088798">
<ele>756.333333</ele>
<time>2026-08-01T23:40:36Z</time>
<speed>1.583794</speed>
<trueHeading>0.000000</trueHeading>
<magneticHeading>0.000000</magneticHeading>
<gpsHeading>304.423798</gpsHeading>
<haccuracy>5.616000</haccuracy>
<vaccuracy>5.616000</vaccuracy>
<internetconnect>2</internetconnect>
</trkpt>
<trkpt lat="35.848841" lon="139.089170">
<ele>760.666667</ele>
<time>2026-08-01T23:41:46Z</time>
<speed>1.555168</speed>
<trueHeading>0.000000</trueHeading>
<magneticHeading>0.000000</magneticHeading>
<gpsHeading>118.604866</gpsHeading>
<haccuracy>5.628000</haccuracy>
<vaccuracy>5.628000</vaccuracy>
<internetconnect>0</internetconnect>
</trkpt>
<trkpt lat="35.848648" lon="139.089919">
<ele>762.000000</ele>
<time>2026-08-01T23:42:33Z</time>
<speed>1.574015</speed>
<trueHeading>0.000000</trueHeading>
<magneticHeading>0.000000</magneticHeading>
<gpsHeading>107.588295</gpsHeading>
<haccuracy>5.704000</haccuracy>
<vaccuracy>5.704000</vaccuracy>
<internetconnect>0</internetconnect>
</trkpt>
<trkpt lat="35.848303" lon="139.090526">
<ele>767.333333</ele>
<time>2026-08-01T23:43:20Z</time>
<speed>1.416851</speed>
<trueHeading>0.000000</trueHeading>
<magneticHeading>0.000000</magneticHeading>
<gpsHeading>125.041428</gpsHeading>
<haccuracy>5.544000</haccuracy>
<vaccuracy>5.544000</vaccuracy>
<internetconnect>0</internetconnect>
</trkpt>
<trkpt lat="35.848548" lon="139.091220">
<ele>772.000000</ele>
<time>2026-08-01T23:44:08Z</time>
<speed>1.457102</speed>
<trueHeading>0.000000</trueHeading>
<magneticHeading>0.000000</magneticHeading>
<gpsHeading>66.452431</gpsHeading>
<haccuracy>5.357000</haccuracy>
<vaccuracy>5.357000</vaccuracy>
<internetconnect>0</internetconnect>
</trkpt>
<trkpt lat="35.848875" lon="139.091811">
<ele>783.333333</ele>
<time>2026-08-01T23:44:55Z</time>
<speed>1.557454</speed>
<trueHeading>0.000000</trueHeading>
<magneticHeading>0.000000</magneticHeading>
<gpsHeading>55.708630</gpsHeading>
<haccuracy>5.911000</haccuracy>
<vaccuracy>5.911000</vaccuracy>
<internetconnect>0</internetconnect>
</trkpt>
<trkpt lat="35.849413" lon="139.091981">
<ele>792.333333</ele>
<time>2026-08-01T23:45:43Z</time>
<speed>1.419371</speed>
<trueHeading>0.000000</trueHeading>
<magneticHeading>0.000000</magneticHeading>
<gpsHeading>14.390791</gpsHeading>
<haccuracy>5.668000</haccuracy>
<vaccuracy>5.668000</vaccuracy>
<internetconnect>0</internetconnect>
</trkpt>
<trkpt lat="35.849795" lon="139.092561">
<ele>799.000000</ele>
<time>2026-08-01T23:46:31Z</time>
<speed>1.517028</speed>
<trueHeading>0.000000</trueHeading>
<magneticHeading>0.000000</magneticHeading>
<gpsHeading>50.894810</gpsHeading>
<haccuracy>5.653000</haccuracy>
<vaccuracy>5.653000</vaccuracy>
<internetconnect>0</internetconnect>
</trkpt>
<trkpt lat="35.850334" lon="139.092388">
<ele>798.333333</ele>
<time>2026-08-01T23:47:17Z</time>
<speed>1.407423</speed>
<trueHeading>0.000000</trueHeading>
<magneticHeading>0.000000</magneticHeading>
<gpsHeading>345.409485</gpsHeading>
<haccuracy>5.847000</haccuracy>
<vaccuracy>5.847000</vaccuracy>
<internetconnect>0</internetconnect>
</trkpt>
<trkpt lat="35.850899" lon="139.092064">
<ele>807.000000</ele>
<time>2026-08-01T23:48:05Z</time>
<speed>1.451103</speed>
<trueHeading>0.000000</trueHeading>
<magneticHeading>0.000000</magneticHeading>
<gpsHeading>335.102478</gpsHeading>
<haccuracy>6.079000</haccuracy>
<vaccuracy>6.079000</vaccuracy>
<internetconnect>0</internetconnect>
</trkpt>
<trkpt lat="35.851377" lon="139.091731">
<ele>815.333333</ele>
<time>2026-08-01T23:48:52Z</time>
<speed>1.319995</speed>
<trueHeading>0.000000</trueHeading>
<magneticHeading>0.000000</magneticHeading>
<gpsHeading>330.493622</gpsHeading>
<haccuracy>5.850000</haccuracy>
<vaccuracy>5.850000</vaccuracy>
<internetconnect>0</internetconnect>
</trkpt>
<trkpt lat="35.851911" lon="139.092040">
<ele>824.666667</ele>
<time>2026-08-01T23:49:40Z</time>
<speed>1.466813</speed>
<trueHeading>0.000000</trueHeading>
<magneticHeading>0.000000</magneticHeading>
<gpsHeading>25.191553</gpsHeading>
<haccuracy>5.591000</haccuracy>
<vaccuracy>5.591000</vaccuracy>
<internetconnect>0</internetconnect>
</trkpt>
<trkpt lat="35.852431" lon="139.092214">
<ele>826.666667</ele>
<time>2026-08-01T23:50:28Z</time>
<speed>1.510391</speed>
<trueHeading>0.000000</trueHeading>
<magneticHeading>0.000000</magneticHeading>
<gpsHeading>15.102392</gpsHeading>
<haccuracy>5.908000</haccuracy>
<vaccuracy>5.908000</vaccuracy>
<internetconnect>0</internetconnect>
</trkpt>
<trkpt lat="35.852921" lon="139.091768">
<ele>834.000000</ele>
<time>2026-08-01T23:51:15Z</time>
<speed>1.489931</speed>
<trueHeading>0.000000</trueHeading>
<magneticHeading>0.000000</magneticHeading>
<gpsHeading>323.582733</gpsHeading>
<haccuracy>5.269000</haccuracy>
<vaccuracy>5.269000</vaccuracy>
<internetconnect>0</internetconnect>
</trkpt>
<trkpt lat="35.853347" lon="139.091370">
<ele>841.666667</ele>
<time>2026-08-01T23:52:04Z</time>
<speed>0.119839</speed>
<trueHeading>0.000000</trueHeading>
<magneticHeading>0.000000</magneticHeading>
<gpsHeading>322.880035</gpsHeading>
<haccuracy>4.497000</haccuracy>
<vaccuracy>4.497000</vaccuracy>
<internetconnect>0</internetconnect>
</trkpt>
<trkpt lat="35.853355" lon="139.091971">
<ele>846.333333</ele>
<time>2026-08-01T23:53:25Z</time>
<speed>1.439214</speed>
<trueHeading>0.000000</trueHeading>
<magneticHeading>0.000000</magneticHeading>
<gpsHeading>89.011093</gpsHeading>
<haccuracy>10.963000</haccuracy>
<vaccuracy>10.963000</vaccuracy>
<internetconnect>0</internetconnect>
</trkpt>
<trkpt lat="35.853096" lon="139.092552">
<ele>848.000000</ele>
<time>2026-08-01T23:54:13Z</time>
<speed>1.454619</speed>
<trueHeading>0.000000</trueHeading>
<magneticHeading>0.000000</magneticHeading>
<gpsHeading>118.798149</gpsHeading>
<haccuracy>6.182000</haccuracy>
<vaccuracy>6.182000</vaccuracy>
<internetconnect>0</internetconnect>
</trkpt>
<trkpt lat="35.853087" lon="139.093221">
<ele>851.000000</ele>
<time>2026-08-01T23:55:00Z</time>
<speed>1.420445</speed>
<trueHeading>0.000000</trueHeading>
<magneticHeading>0.000000</magneticHeading>
<gpsHeading>90.983177</gpsHeading>
<haccuracy>6.057000</haccuracy>
<vaccuracy>6.057000</vaccuracy>
<internetconnect>0</internetconnect>
</trkpt>
<trkpt lat="35.853743" lon="139.093163">
<ele>862.666667</ele>
<time>2026-08-01T23:55:47Z</time>
<speed>1.491602</speed>
<trueHeading>0.000000</trueHeading>
<magneticHeading>0.000000</magneticHeading>
<gpsHeading>355.920990</gpsHeading>
<haccuracy>5.441000</haccuracy>
<vaccuracy>5.441000</vaccuracy>
<internetconnect>0</internetconnect>
</trkpt>
<trkpt lat="35.854175" lon="139.093385">
<ele>861.333333</ele>
<time>2026-08-01T23:56:34Z</time>
<speed>0.940163</speed>
<trueHeading>0.000000</trueHeading>
<magneticHeading>0.000000</magneticHeading>
<gpsHeading>22.653456</gpsHeading>
<haccuracy>5.796000</haccuracy>
<vaccuracy>5.796000</vaccuracy>
<internetconnect>0</internetconnect>
</trkpt>
<trkpt lat="35.854213" lon="139.093987">
<ele>863.333333</ele>
<time>2026-08-01T23:57:21Z</time>
<speed>0.907049</speed>
<trueHeading>0.000000</trueHeading>
<magneticHeading>0.000000</magneticHeading>
<gpsHeading>85.556229</gpsHeading>
<haccuracy>6.659000</haccuracy>
<vaccuracy>6.659000</vaccuracy>
<internetconnect>0</internetconnect>
</trkpt>
<trkpt lat="35.854432" lon="139.094582">
<ele>867.000000</ele>
<time>2026-08-01T23:58:08Z</time>
<speed>1.300891</speed>
<trueHeading>0.000000</trueHeading>
<magneticHeading>0.000000</magneticHeading>
<gpsHeading>65.520874</gpsHeading>
<haccuracy>5.605000</haccuracy>
<vaccuracy>5.605000</vaccuracy>
<internetconnect>0</internetconnect>
</trkpt>
<trkpt lat="35.855056" lon="139.094822">
<ele>886.333333</ele>
<time>2026-08-01T23:58:57Z</time>
<speed>1.425139</speed>
<trueHeading>0.000000</trueHeading>
<magneticHeading>0.000000</magneticHeading>
<gpsHeading>17.297245</gpsHeading>
<haccuracy>5.464000</haccuracy>
<vaccuracy>5.464000</vaccuracy>
<internetconnect>0</internetconnect>
</trkpt>
<trkpt lat="35.855684" lon="139.094716">
<ele>906.000000</ele>
<time>2026-08-01T23:59:44Z</time>
<speed>1.366833</speed>
<trueHeading>0.000000</trueHeading>
<magneticHeading>0.000000</magneticHeading>
<gpsHeading>352.246368</gpsHeading>
<haccuracy>6.116000</haccuracy>
<vaccuracy>6.116000</vaccuracy>
<internetconnect>0</internetconnect>
</trkpt>
<trkpt lat="35.856257" lon="139.094494">
<ele>919.000000</ele>
<time>2026-08-02T00:00:31Z</time>
<speed>1.163868</speed>
<trueHeading>0.000000</trueHeading>
<magneticHeading>0.000000</magneticHeading>
<gpsHeading>342.553955</gpsHeading>
<haccuracy>6.073000</haccuracy>
<vaccuracy>6.073000</vaccuracy>
<internetconnect>0</internetconnect>
</trkpt>
<trkpt lat="35.856652" lon="139.094201">
<ele>928.666667</ele>
<time>2026-08-02T00:01:18Z</time>
<speed>0.286409</speed>
<trueHeading>0.000000</trueHeading>
<magneticHeading>0.000000</magneticHeading>
<gpsHeading>329.006989</gpsHeading>
<haccuracy>6.886000</haccuracy>
<vaccuracy>6.886000</vaccuracy>
<internetconnect>0</internetconnect>
</trkpt>
<trkpt lat="35.857263" lon="139.093965">
<ele>939.666667</ele>
<time>2026-08-02T00:02:04Z</time>
<speed>1.451058</speed>
<trueHeading>0.000000</trueHeading>
<magneticHeading>0.000000</magneticHeading>
<gpsHeading>342.594269</gpsHeading>
<haccuracy>6.325000</haccuracy>
<vaccuracy>6.325000</vaccuracy>
<internetconnect>0</internetconnect>
</trkpt>
<trkpt lat="35.857286" lon="139.094615">
<ele>945.000000</ele>
<time>2026-08-02T00:02:53Z</time>
<speed>1.269835</speed>
<trueHeading>0.000000</trueHeading>
<magneticHeading>0.000000</magneticHeading>
<gpsHeading>87.479958</gpsHeading>
<haccuracy>4.551000</haccuracy>
<vaccuracy>4.551000</vaccuracy>
<internetconnect>0</internetconnect>
</trkpt>
<trkpt lat="35.857761" lon="139.094138">
<ele>955.000000</ele>
<time>2026-08-02T00:03:41Z</time>
<speed>1.245597</speed>
<trueHeading>0.000000</trueHeading>
<magneticHeading>0.000000</magneticHeading>
<gpsHeading>320.817047</gpsHeading>
<haccuracy>5.282000</haccuracy>
<vaccuracy>5.282000</vaccuracy>
<internetconnect>0</internetconnect>
</trkpt>
<trkpt lat="35.858189" lon="139.093841">
<ele>958.333333</ele>
<time>2026-08-02T00:04:28Z</time>
<speed>1.554852</speed>
<trueHeading>0.000000</trueHeading>
<magneticHeading>0.000000</magneticHeading>
<gpsHeading>330.635559</gpsHeading>
<haccuracy>5.192000</haccuracy>
<vaccuracy>5.192000</vaccuracy>
<internetconnect>0</internetconnect>
</trkpt>
<trkpt lat="35.858481" lon="139.093392">
<ele>964.666667</ele>
<time>2026-08-02T00:05:17Z</time>
<speed>0.695727</speed>
<trueHeading>0.000000</trueHeading>
<magneticHeading>0.000000</magneticHeading>
<gpsHeading>308.826141</gpsHeading>
<haccuracy>5.101000</haccuracy>
<vaccuracy>5.101000</vaccuracy>
<internetconnect>0</internetconnect>
</trkpt>
<trkpt lat="35.858785" lon="139.093206">
<ele>966.333333</ele>
<time>2026-08-02T00:06:04Z</time>
<speed>1.472645</speed>
<trueHeading>0.000000</trueHeading>
<magneticHeading>0.000000</magneticHeading>
<gpsHeading>333.564941</gpsHeading>
<haccuracy>5.690000</haccuracy>
<vaccuracy>5.690000</vaccuracy>
<internetconnect>0</internetconnect>
</trkpt>
<trkpt lat="35.859280" lon="139.093039">
<ele>971.333333</ele>
<time>2026-08-02T00:06:51Z</time>
<speed>0.932668</speed>
<trueHeading>0.000000</trueHeading>
<magneticHeading>0.000000</magneticHeading>
<gpsHeading>344.684143</gpsHeading>
<haccuracy>5.367000</haccuracy>
<vaccuracy>5.367000</vaccuracy>
<internetconnect>0</internetconnect>
</trkpt>
<trkpt lat="35.859537" lon="139.093223">
<ele>978.333333</ele>
<time>2026-08-02T00:07:39Z</time>
<speed>1.440126</speed>
<trueHeading>0.000000</trueHeading>
<magneticHeading>0.000000</magneticHeading>
<gpsHeading>30.166727</gpsHeading>
<haccuracy>4.718000</haccuracy>
<vaccuracy>4.718000</vaccuracy>
<internetconnect>0</internetconnect>
</trkpt>
<trkpt lat="35.860017" lon="139.093787">
<ele>981.333333</ele>
<time>2026-08-02T00:08:26Z</time>
<speed>1.431537</speed>
<trueHeading>0.000000</trueHeading>
<magneticHeading>0.000000</magneticHeading>
<gpsHeading>43.575363</gpsHeading>
<haccuracy>5.603000</haccuracy>
<vaccuracy>5.603000</vaccuracy>
<internetconnect>0</internetconnect>
</trkpt>
<trkpt lat="35.859881" lon="139.093440">
<ele>987.666667</ele>
<time>2026-08-02T00:10:21Z</time>
<speed>0.616099</speed>
<trueHeading>0.000000</trueHeading>
<magneticHeading>0.000000</magneticHeading>
<gpsHeading>244.188217</gpsHeading>
<haccuracy>14.773000</haccuracy>
<vaccuracy>14.773000</vaccuracy>
<internetconnect>0</internetconnect>
</trkpt>
<trkpt lat="35.859758" lon="139.093121">
<ele>1002.666667</ele>
<time>2026-08-02T00:11:10Z</time>
<speed>1.331682</speed>
<trueHeading>0.000000</trueHeading>
<magneticHeading>0.000000</magneticHeading>
<gpsHeading>244.629150</gpsHeading>
<haccuracy>5.142000</haccuracy>
<vaccuracy>5.142000</vaccuracy>
<internetconnect>0</internetconnect>
</trkpt>
<trkpt lat="35.859707" lon="139.092402">
<ele>1013.666667</ele>
<time>2026-08-02T00:11:57Z</time>
<speed>1.514558</speed>
<trueHeading>0.000000</trueHeading>
<magneticHeading>0.000000</magneticHeading>
<gpsHeading>264.949371</gpsHeading>
<haccuracy>5.609000</haccuracy>
<vaccuracy>5.609000</vaccuracy>
<internetconnect>0</internetconnect>
</trkpt>
<trkpt lat="35.859699" lon="139.092780">
<ele>1026.666667</ele>
<time>2026-08-02T00:13:14Z</time>
<speed>1.234271</speed>
<trueHeading>0.000000</trueHeading>
<magneticHeading>0.000000</magneticHeading>
<gpsHeading>91.474838</gpsHeading>
<haccuracy>5.594000</haccuracy>
<vaccuracy>5.594000</vaccuracy>
<internetconnect>0</internetconnect>
</trkpt>
<trkpt lat="35.860176" lon="139.092361">
<ele>1029.000000</ele>
<time>2026-08-02T00:14:03Z</time>
<speed>1.461573</speed>
<trueHeading>0.000000</trueHeading>
<magneticHeading>0.000000</magneticHeading>
<gpsHeading>324.570526</gpsHeading>
<haccuracy>5.296000</haccuracy>
<vaccuracy>5.296000</vaccuracy>
<internetconnect>0</internetconnect>
</trkpt>
<trkpt lat="35.860558" lon="139.091916">
<ele>1042.666667</ele>
<time>2026-08-02T00:14:52Z</time>
<speed>0.106501</speed>
<trueHeading>0.000000</trueHeading>
<magneticHeading>0.000000</magneticHeading>
<gpsHeading>316.549377</gpsHeading>
<haccuracy>4.182000</haccuracy>
<vaccuracy>4.182000</vaccuracy>
<internetconnect>0</internetconnect>
</trkpt>
<trkpt lat="35.860828" lon="139.092065">
<ele>1048.333333</ele>
<time>2026-08-02T00:15:41Z</time>
<speed>1.443130</speed>
<trueHeading>0.000000</trueHeading>
<magneticHeading>0.000000</magneticHeading>
<gpsHeading>24.039652</gpsHeading>
<haccuracy>5.016000</haccuracy>
<vaccuracy>5.016000</vaccuracy>
<internetconnect>0</internetconnect>
</trkpt>
<trkpt lat="35.861246" lon="139.092171">
<ele>1056.000000</ele>
<time>2026-08-02T00:16:28Z</time>
<speed>1.389961</speed>
<trueHeading>0.000000</trueHeading>
<magneticHeading>0.000000</magneticHeading>
<gpsHeading>11.661678</gpsHeading>
<haccuracy>5.847000</haccuracy>
<vaccuracy>5.847000</vaccuracy>
<internetconnect>0</internetconnect>
</trkpt>
<trkpt lat="35.861439" lon="139.092493">
<ele>1057.000000</ele>
<time>2026-08-02T00:17:52Z</time>
<speed>1.309828</speed>
<trueHeading>0.000000</trueHeading>
<magneticHeading>0.000000</magneticHeading>
<gpsHeading>53.559700</gpsHeading>
<haccuracy>6.777000</haccuracy>
<vaccuracy>6.777000</vaccuracy>
<internetconnect>0</internetconnect>
</trkpt>
<trkpt lat="35.861028" lon="139.092995">
<ele>1059.666667</ele>
<time>2026-08-02T00:18:39Z</time>
<speed>1.423177</speed>
<trueHeading>0.000000</trueHeading>
<magneticHeading>0.000000</magneticHeading>
<gpsHeading>135.316788</gpsHeading>
<haccuracy>5.683000</haccuracy>
<vaccuracy>5.683000</vaccuracy>
<internetconnect>0</internetconnect>
</trkpt>
<trkpt lat="35.861285" lon="139.092743">
<ele>1063.000000</ele>
<time>2026-08-02T00:20:05Z</time>
<speed>1.333851</speed>
<trueHeading>0.000000</trueHeading>
<magneticHeading>0.000000</magneticHeading>
<gpsHeading>321.559143</gpsHeading>
<haccuracy>5.274000</haccuracy>
<vaccuracy>5.274000</vaccuracy>
<internetconnect>0</internetconnect>
</trkpt>
<trkpt lat="35.861658" lon="139.092135">
<ele>1076.333333</ele>
<time>2026-08-02T00:20:53Z</time>
<speed>1.428007</speed>
<trueHeading>0.000000</trueHeading>
<magneticHeading>0.000000</magneticHeading>
<gpsHeading>307.105804</gpsHeading>
<haccuracy>5.559000</haccuracy>
<vaccuracy>5.559000</vaccuracy>
<internetconnect>0</internetconnect>
</trkpt>
<trkpt lat="35.862083" lon="139.091654">
<ele>1095.000000</ele>
<time>2026-08-02T00:21:41Z</time>
<speed>1.351488</speed>
<trueHeading>0.000000</trueHeading>
<magneticHeading>0.000000</magneticHeading>
<gpsHeading>317.440369</gpsHeading>
<haccuracy>4.989000</haccuracy>
<vaccuracy>4.989000</vaccuracy>
<internetconnect>0</internetconnect>
</trkpt>
<trkpt lat="35.861772" lon="139.091407">
<ele>1104.666667</ele>
<time>2026-08-02T00:22:28Z</time>
<speed>1.226795</speed>
<trueHeading>0.000000</trueHeading>
<magneticHeading>0.000000</magneticHeading>
<gpsHeading>212.748596</gpsHeading>
<haccuracy>6.734000</haccuracy>
<vaccuracy>6.734000</vaccuracy>
<internetconnect>0</internetconnect>
</trkpt>
<trkpt lat="35.861486" lon="139.091267">
<ele>1115.000000</ele>
<time>2026-08-02T00:23:15Z</time>
<speed>0.588565</speed>
<trueHeading>0.000000</trueHeading>
<magneticHeading>0.000000</magneticHeading>
<gpsHeading>201.595627</gpsHeading>
<haccuracy>5.500000</haccuracy>
<vaccuracy>5.500000</vaccuracy>
<internetconnect>0</internetconnect>
</trkpt>
<trkpt lat="35.861254" lon="139.090767">
<ele>1117.000000</ele>
<time>2026-08-02T00:24:03Z</time>
<speed>0.318522</speed>
<trueHeading>0.000000</trueHeading>
<magneticHeading>0.000000</magneticHeading>
<gpsHeading>240.210175</gpsHeading>
<haccuracy>4.674000</haccuracy>
<vaccuracy>4.674000</vaccuracy>
<internetconnect>0</internetconnect>
</trkpt>
<trkpt lat="35.860681" lon="139.090634">
<ele>1124.666667</ele>
<time>2026-08-02T00:24:51Z</time>
<speed>1.420170</speed>
<trueHeading>0.000000</trueHeading>
<magneticHeading>0.000000</magneticHeading>
<gpsHeading>190.636673</gpsHeading>
<haccuracy>5.078000</haccuracy>
<vaccuracy>5.078000</vaccuracy>
<internetconnect>0</internetconnect>
</trkpt>
<trkpt lat="35.860303" lon="139.090372">
<ele>1124.333333</ele>
<time>2026-08-02T00:25:38Z</time>
<speed>1.274401</speed>
<trueHeading>0.000000</trueHeading>
<magneticHeading>0.000000</magneticHeading>
<gpsHeading>209.340363</gpsHeading>
<haccuracy>7.004000</haccuracy>
<vaccuracy>7.004000</vaccuracy>
<internetconnect>0</internetconnect>
</trkpt>
<trkpt lat="35.860555" lon="139.090168">
<ele>1119.666667</ele>
<time>2026-08-02T00:27:00Z</time>
<speed>1.473089</speed>
<trueHeading>0.000000</trueHeading>
<magneticHeading>0.000000</magneticHeading>
<gpsHeading>326.869324</gpsHeading>
<haccuracy>5.553000</haccuracy>
<vaccuracy>5.553000</vaccuracy>
<internetconnect>0</internetconnect>
</trkpt>
<trkpt lat="35.860850" lon="139.089815">
<ele>1120.666667</ele>
<time>2026-08-02T00:27:49Z</time>
<speed>1.619283</speed>
<trueHeading>0.000000</trueHeading>
<magneticHeading>0.000000</magneticHeading>
<gpsHeading>315.812378</gpsHeading>
<haccuracy>6.322000</haccuracy>
<vaccuracy>6.322000</vaccuracy>
<internetconnect>0</internetconnect>
</trkpt>
<trkpt lat="35.861309" lon="139.090022">
<ele>1116.000000</ele>
<time>2026-08-02T00:28:37Z</time>
<speed>0.152237</speed>
<trueHeading>0.000000</trueHeading>
<magneticHeading>0.000000</magneticHeading>
<gpsHeading>20.041271</gpsHeading>
<haccuracy>4.430000</haccuracy>
<vaccuracy>4.430000</vaccuracy>
<internetconnect>0</internetconnect>
</trkpt>
<trkpt lat="35.861054" lon="139.089870">
<ele>1118.333333</ele>
<time>2026-08-02T00:30:21Z</time>
<speed>0.909645</speed>
<trueHeading>0.000000</trueHeading>
<magneticHeading>0.000000</magneticHeading>
<gpsHeading>205.781662</gpsHeading>
<haccuracy>7.596000</haccuracy>
<vaccuracy>7.596000</vaccuracy>
<internetconnect>0</internetconnect>
</trkpt>
<trkpt lat="35.860454" lon="139.090083">
<ele>1115.000000</ele>
<time>2026-08-02T00:31:08Z</time>
<speed>1.465779</speed>
<trueHeading>0.000000</trueHeading>
<magneticHeading>0.000000</magneticHeading>
<gpsHeading>163.936386</gpsHeading>
<haccuracy>5.530000</haccuracy>
<vaccuracy>5.530000</vaccuracy>
<internetconnect>0</internetconnect>
</trkpt>
<trkpt lat="35.859970" lon="139.090373">
<ele>1115.000000</ele>
<time>2026-08-02T00:31:56Z</time>
<speed>1.494905</speed>
<trueHeading>0.000000</trueHeading>
<magneticHeading>0.000000</magneticHeading>
<gpsHeading>154.100357</gpsHeading>
<haccuracy>5.266000</haccuracy>
<vaccuracy>5.266000</vaccuracy>
<internetconnect>0</internetconnect>
</trkpt>
<trkpt lat="35.860261" lon="139.090908">
<ele>1111.333333</ele>
<time>2026-08-02T00:32:42Z</time>
<speed>0.515774</speed>
<trueHeading>0.000000</trueHeading>
<magneticHeading>0.000000</magneticHeading>
<gpsHeading>56.175835</gpsHeading>
<haccuracy>3.864000</haccuracy>
<vaccuracy>3.864000</vaccuracy>
<internetconnect>0</internetconnect>
</trkpt>
<trkpt lat="35.860858" lon="139.090898">
<ele>1104.333333</ele>
<time>2026-08-02T00:33:29Z</time>
<speed>1.152469</speed>
<trueHeading>0.000000</trueHeading>
<magneticHeading>0.000000</magneticHeading>
<gpsHeading>359.207611</gpsHeading>
<haccuracy>5.462000</haccuracy>
<vaccuracy>5.462000</vaccuracy>
<internetconnect>0</internetconnect>
</trkpt>
<trkpt lat="35.861326" lon="139.091186">
<ele>1097.333333</ele>
<time>2026-08-02T00:34:16Z</time>
<speed>0.732772</speed>
<trueHeading>0.000000</trueHeading>
<magneticHeading>0.000000</magneticHeading>
<gpsHeading>26.511795</gpsHeading>
<haccuracy>5.281000</haccuracy>
<vaccuracy>5.281000</vaccuracy>
<internetconnect>0</internetconnect>
</trkpt>
<trkpt lat="35.861352" lon="139.091506">
<ele>1094.333333</ele>
<time>2026-08-02T00:36:57Z</time>
<speed>0.075711</speed>
<trueHeading>0.000000</trueHeading>
<magneticHeading>0.000000</magneticHeading>
<gpsHeading>84.444832</gpsHeading>
<haccuracy>3.000000</haccuracy>
<vaccuracy>3.000000</vaccuracy>
<internetconnect>0</internetconnect>
</trkpt>
<trkpt lat="35.861383" lon="139.091497">
<ele>1094.666667</ele>
<time>2026-08-02T00:39:18Z</time>
<speed>0.206504</speed>
<trueHeading>0.000000</trueHeading>
<magneticHeading>0.000000</magneticHeading>
<gpsHeading>347.702087</gpsHeading>
<haccuracy>3.000000</haccuracy>
<vaccuracy>3.000000</vaccuracy>
<internetconnect>0</internetconnect>
</trkpt>
<trkpt lat="35.861383" lon="139.091485">
<ele>1094.666667</ele>
<time>2026-08-02T00:42:51Z</time>
<speed>0.110741</speed>
<trueHeading>0.000000</trueHeading>
<magneticHeading>0.000000</magneticHeading>
<gpsHeading>266.555511</gpsHeading>
<haccuracy>4.555000</haccuracy>
<vaccuracy>4.555000</vaccuracy>
<internetconnect>0</internetconnect>
</trkpt>
<trkpt lat="35.861370" lon="139.091473">
<ele>1093.333333</ele>
<time>2026-08-02T00:45:18Z</time>
<speed>0.198018</speed>
<trueHeading>0.000000</trueHeading>
<magneticHeading>0.000000</magneticHeading>
<gpsHeading>219.253448</gpsHeading>
<haccuracy>6.801000</haccuracy>
<vaccuracy>6.801000</vaccuracy>
<internetconnect>0</internetconnect>
</trkpt>
<trkpt lat="35.861357" lon="139.091476">
<ele>1092.000000</ele>
<time>2026-08-02T00:47:30Z</time>
<speed>0.109926</speed>
<trueHeading>0.000000</trueHeading>
<magneticHeading>0.000000</magneticHeading>
<gpsHeading>169.406693</gpsHeading>
<haccuracy>4.699000</haccuracy>
<vaccuracy>4.699000</vaccuracy>
<internetconnect>0</internetconnect>
</trkpt>
<trkpt lat="35.861368" lon="139.091462">
<ele>1092.000000</ele>
<time>2026-08-02T00:50:24Z</time>
<speed>0.490693</speed>
<trueHeading>0.000000</trueHeading>
<magneticHeading>0.000000</magneticHeading>
<gpsHeading>313.672363</gpsHeading>
<haccuracy>5.283000</haccuracy>
<vaccuracy>5.283000</vaccuracy>
<internetconnect>0</internetconnect>
</trkpt>
<trkpt lat="35.861355" lon="139.091497">
<ele>1092.000000</ele>
<time>2026-08-02T00:53:12Z</time>
<speed>0.257440</speed>
<trueHeading>0.000000</trueHeading>
<magneticHeading>0.000000</magneticHeading>
<gpsHeading>115.018036</gpsHeading>
<haccuracy>5.140000</haccuracy>
<vaccuracy>5.140000</vaccuracy>
<internetconnect>0</internetconnect>
</trkpt>
<trkpt lat="35.861357" lon="139.091501">
<ele>1092.000000</ele>
<time>2026-08-02T00:55:59Z</time>
<speed>0.201903</speed>
<trueHeading>0.000000</trueHeading>
<magneticHeading>0.000000</magneticHeading>
<gpsHeading>55.952774</gpsHeading>
<haccuracy>7.077000</haccuracy>
<vaccuracy>7.077000</vaccuracy>
<internetconnect>0</internetconnect>
</trkpt>
<trkpt lat="35.861341" lon="139.091504">
<ele>1093.000000</ele>
<time>2026-08-02T00:58:02Z</time>
<speed>0.347794</speed>
<trueHeading>0.000000</trueHeading>
<magneticHeading>0.000000</magneticHeading>
<gpsHeading>171.826965</gpsHeading>
<haccuracy>3.490000</haccuracy>
<vaccuracy>3.490000</vaccuracy>
<internetconnect>0</internetconnect>
</trkpt>
<trkpt lat="35.861417" lon="139.091595">
<ele>1096.666667</ele>
<time>2026-08-02T01:01:58Z</time>
<speed>0.220228</speed>
<trueHeading>0.000000</trueHeading>
<magneticHeading>0.000000</magneticHeading>
<gpsHeading>44.404091</gpsHeading>
<haccuracy>5.244000</haccuracy>
<vaccuracy>5.244000</vaccuracy>
<internetconnect>0</internetconnect>
</trkpt>
<trkpt lat="35.861761" lon="139.091603">
<ele>1097.666667</ele>
<time>2026-08-02T01:03:27Z</time>
<speed>1.551130</speed>
<trueHeading>0.000000</trueHeading>
<magneticHeading>0.000000</magneticHeading>
<gpsHeading>1.036852</gpsHeading>
<haccuracy>6.543000</haccuracy>
<vaccuracy>6.543000</vaccuracy>
<internetconnect>0</internetconnect>
</trkpt>
<trkpt lat="35.862131" lon="139.091783">
<ele>1095.666667</ele>
<time>2026-08-02T01:04:16Z</time>
<speed>1.455237</speed>
<trueHeading>0.000000</trueHeading>
<magneticHeading>0.000000</magneticHeading>
<gpsHeading>21.625582</gpsHeading>
<haccuracy>5.864000</haccuracy>
<vaccuracy>5.864000</vaccuracy>
<internetconnect>0</internetconnect>
</trkpt>
<trkpt lat="35.861774" lon="139.092371">
<ele>1085.333333</ele>
<time>2026-08-02T01:05:03Z</time>
<speed>1.518718</speed>
<trueHeading>0.000000</trueHeading>
<magneticHeading>0.000000</magneticHeading>
<gpsHeading>126.850113</gpsHeading>
<haccuracy>5.636000</haccuracy>
<vaccuracy>5.636000</vaccuracy>
<internetconnect>0</internetconnect>
</trkpt>
<trkpt lat="35.861352" lon="139.092827">
<ele>1075.000000</ele>
<time>2026-08-02T01:05:50Z</time>
<speed>1.541680</speed>
<trueHeading>0.000000</trueHeading>
<magneticHeading>0.000000</magneticHeading>
<gpsHeading>138.835968</gpsHeading>
<haccuracy>5.733000</haccuracy>
<vaccuracy>5.733000</vaccuracy>
<internetconnect>0</internetconnect>
</trkpt>
<trkpt lat="35.861124" lon="139.093419">
<ele>1068.333333</ele>
<time>2026-08-02T01:06:36Z</time>
<speed>1.378731</speed>
<trueHeading>0.000000</trueHeading>
<magneticHeading>0.000000</magneticHeading>
<gpsHeading>115.406677</gpsHeading>
<haccuracy>5.410000</haccuracy>
<vaccuracy>5.410000</vaccuracy>
<internetconnect>0</internetconnect>
</trkpt>
<trkpt lat="35.861338" lon="139.093432">
<ele>1071.666667</ele>
<time>2026-08-02T01:08:42Z</time>
<speed>0.100905</speed>
<trueHeading>0.000000</trueHeading>
<magneticHeading>0.000000</magneticHeading>
<gpsHeading>2.841494</gpsHeading>
<haccuracy>3.000000</haccuracy>
<vaccuracy>3.000000</vaccuracy>
<internetconnect>0</internetconnect>
</trkpt>
<trkpt lat="35.861626" lon="139.093393">
<ele>1082.333333</ele>
<time>2026-08-02T01:10:19Z</time>
<speed>0.537368</speed>
<trueHeading>0.000000</trueHeading>
<magneticHeading>0.000000</magneticHeading>
<gpsHeading>353.738373</gpsHeading>
<haccuracy>3.155000</haccuracy>
<vaccuracy>3.155000</vaccuracy>
<internetconnect>0</internetconnect>
</trkpt>
<trkpt lat="35.861927" lon="139.093180">
<ele>1092.000000</ele>
<time>2026-08-02T01:11:07Z</time>
<speed>1.413731</speed>
<trueHeading>0.000000</trueHeading>
<magneticHeading>0.000000</magneticHeading>
<gpsHeading>330.152863</gpsHeading>
<haccuracy>6.156000</haccuracy>
<vaccuracy>6.156000</vaccuracy>
<internetconnect>0</internetconnect>
</trkpt>
<trkpt lat="35.862408" lon="139.093248">
<ele>1099.333333</ele>
<time>2026-08-02T01:11:54Z</time>
<speed>1.362140</speed>
<trueHeading>0.000000</trueHeading>
<magneticHeading>0.000000</magneticHeading>
<gpsHeading>6.526466</gpsHeading>
<haccuracy>4.808000</haccuracy>
<vaccuracy>4.808000</vaccuracy>
<internetconnect>0</internetconnect>
</trkpt>
<trkpt lat="35.862853" lon="139.093103">
<ele>1101.666667</ele>
<time>2026-08-02T01:12:42Z</time>
<speed>1.398558</speed>
<trueHeading>0.000000</trueHeading>
<magneticHeading>0.000000</magneticHeading>
<gpsHeading>345.142822</gpsHeading>
<haccuracy>5.159000</haccuracy>
<vaccuracy>5.159000</vaccuracy>
<internetconnect>0</internetconnect>
</trkpt>
<trkpt lat="35.863113" lon="139.093369">
<ele>1102.333333</ele>
<time>2026-08-02T01:13:30Z</time>
<speed>1.456555</speed>
<trueHeading>0.000000</trueHeading>
<magneticHeading>0.000000</magneticHeading>
<gpsHeading>39.662884</gpsHeading>
<haccuracy>4.996000</haccuracy>
<vaccuracy>4.996000</vaccuracy>
<internetconnect>0</internetconnect>
</trkpt>
<trkpt lat="35.863506" lon="139.093434">
<ele>1104.000000</ele>
<time>2026-08-02T01:14:19Z</time>
<speed>0.161563</speed>
<trueHeading>0.000000</trueHeading>
<magneticHeading>0.000000</magneticHeading>
<gpsHeading>7.638257</gpsHeading>
<haccuracy>5.022000</haccuracy>
<vaccuracy>5.022000</vaccuracy>
<internetconnect>0</internetconnect>
</trkpt>
<trkpt lat="35.863896" lon="139.093448">
<ele>1105.000000</ele>
<time>2026-08-02T01:15:08Z</time>
<speed>0.267376</speed>
<trueHeading>0.000000</trueHeading>
<magneticHeading>0.000000</magneticHeading>
<gpsHeading>1.750529</gpsHeading>
<haccuracy>4.561000</haccuracy>
<vaccuracy>4.561000</vaccuracy>
<internetconnect>0</internetconnect>
</trkpt>
<trkpt lat="35.863859" lon="139.093812">
<ele>1108.666667</ele>
<time>2026-08-02T01:16:23Z</time>
<speed>1.510407</speed>
<trueHeading>0.000000</trueHeading>
<magneticHeading>0.000000</magneticHeading>
<gpsHeading>97.149170</gpsHeading>
<haccuracy>5.732000</haccuracy>
<vaccuracy>5.732000</vaccuracy>
<internetconnect>0</internetconnect>
</trkpt>
<trkpt lat="35.863382" lon="139.094307">
<ele>1109.666667</ele>
<time>2026-08-02T01:17:12Z</time>
<speed>1.456827</speed>
<trueHeading>0.000000</trueHeading>
<magneticHeading>0.000000</magneticHeading>
<gpsHeading>139.912857</gpsHeading>
<haccuracy>5.429000</haccuracy>
<vaccuracy>5.429000</vaccuracy>
<internetconnect>0</internetconnect>
</trkpt>
<trkpt lat="35.862868" lon="139.094619">
<ele>1114.666667</ele>
<time>2026-08-02T01:17:59Z</time>
<speed>1.533408</speed>
<trueHeading>0.000000</trueHeading>
<magneticHeading>0.000000</magneticHeading>
<gpsHeading>153.863037</gpsHeading>
<haccuracy>5.161000</haccuracy>
<vaccuracy>5.161000</vaccuracy>
<internetconnect>0</internetconnect>
</trkpt>
<trkpt lat="35.863121" lon="139.094825">
<ele>1120.000000</ele>
<time>2026-08-02T01:18:46Z</time>
<speed>0.091276</speed>
<trueHeading>0.000000</trueHeading>
<magneticHeading>0.000000</magneticHeading>
<gpsHeading>33.401981</gpsHeading>
<haccuracy>3.991000</haccuracy>
<vaccuracy>3.991000</vaccuracy>
<internetconnect>0</internetconnect>
</trkpt>
<trkpt lat="35.863515" lon="139.095007">
<ele>1120.333333</ele>
<time>2026-08-02T01:19:32Z</time>
<speed>1.525903</speed>
<trueHeading>0.000000</trueHeading>
<magneticHeading>0.000000</magneticHeading>
<gpsHeading>20.576824</gpsHeading>
<haccuracy>6.134000</haccuracy>
<vaccuracy>6.134000</vaccuracy>
<internetconnect>0</internetconnect>
</trkpt>
<trkpt lat="35.863940" lon="139.095574">
<ele>1123.666667</ele>
<time>2026-08-02T01:20:20Z</time>
<speed>1.513638</speed>
<trueHeading>0.000000</trueHeading>
<magneticHeading>0.000000</magneticHeading>
<gpsHeading>47.203712</gpsHeading>
<haccuracy>5.805000</haccuracy>
<vaccuracy>5.805000</vaccuracy>
<internetconnect>0</internetconnect>
</trkpt>
<trkpt lat="35.864290" lon="139.095858">
<ele>1126.000000</ele>
<time>2026-08-02T01:21:09Z</time>
<speed>1.567506</speed>
<trueHeading>0.000000</trueHeading>
<magneticHeading>0.000000</magneticHeading>
<gpsHeading>33.351593</gpsHeading>
<haccuracy>4.036000</haccuracy>
<vaccuracy>4.036000</vaccuracy>
<internetconnect>0</internetconnect>
</trkpt>
<trkpt lat="35.864746" lon="139.096267">
<ele>1129.666667</ele>
<time>2026-08-02T01:21:57Z</time>
<speed>1.385615</speed>
<trueHeading>0.000000</trueHeading>
<magneticHeading>0.000000</magneticHeading>
<gpsHeading>36.019169</gpsHeading>
<haccuracy>4.291000</haccuracy>
<vaccuracy>4.291000</vaccuracy>
<internetconnect>0</internetconnect>
</trkpt>
<trkpt lat="35.864968" lon="139.096478">
<ele>1128.666667</ele>
<time>2026-08-02T01:23:33Z</time>
<speed>0.150075</speed>
<trueHeading>0.000000</trueHeading>
<magneticHeading>0.000000</magneticHeading>
<gpsHeading>37.592651</gpsHeading>
<haccuracy>6.436000</haccuracy>
<vaccuracy>6.436000</vaccuracy>
<internetconnect>0</internetconnect>
</trkpt>
<trkpt lat="35.864740" lon="139.096909">
<ele>1126.333333</ele>
<time>2026-08-02T01:24:22Z</time>
<speed>1.185655</speed>
<trueHeading>0.000000</trueHeading>
<magneticHeading>0.000000</magneticHeading>
<gpsHeading>123.093887</gpsHeading>
<haccuracy>5.228000</haccuracy>
<vaccuracy>5.228000</vaccuracy>
<internetconnect>0</internetconnect>
</trkpt>
<trkpt lat="35.864442" lon="139.096776">
<ele>1127.000000</ele>
<time>2026-08-02T01:25:13Z</time>
<speed>1.502727</speed>
<trueHeading>0.000000</trueHeading>
<magneticHeading>0.000000</magneticHeading>
<gpsHeading>199.953430</gpsHeading>
<haccuracy>7.729000</haccuracy>
<vaccuracy>7.729000</vaccuracy>
<internetconnect>0</internetconnect>
</trkpt>
<trkpt lat="35.864152" lon="139.096868">
<ele>1130.333333</ele>
<time>2026-08-02T01:26:32Z</time>
<speed>1.398129</speed>
<trueHeading>0.000000</trueHeading>
<magneticHeading>0.000000</magneticHeading>
<gpsHeading>165.493011</gpsHeading>
<haccuracy>7.013000</haccuracy>
<vaccuracy>7.013000</vaccuracy>
<internetconnect>0</internetconnect>
</trkpt>
<trkpt lat="35.863882" lon="139.097493">
<ele>1133.666667</ele>
<time>2026-08-02T01:27:20Z</time>
<speed>1.306515</speed>
<trueHeading>0.000000</trueHeading>
<magneticHeading>0.000000</magneticHeading>
<gpsHeading>118.080452</gpsHeading>
<haccuracy>6.096000</haccuracy>
<vaccuracy>6.096000</vaccuracy>
<internetconnect>0</internetconnect>
</trkpt>
<trkpt lat="35.863703" lon="139.097120">
<ele>1133.000000</ele>
<time>2026-08-02T01:28:20Z</time>
<speed>1.473710</speed>
<trueHeading>0.000000</trueHeading>
<magneticHeading>0.000000</magneticHeading>
<gpsHeading>239.416565</gpsHeading>
<haccuracy>5.945000</haccuracy>
<vaccuracy>5.945000</vaccuracy>
<internetconnect>0</internetconnect>
</trkpt>
<trkpt lat="35.863253" lon="139.096541">
<ele>1132.333333</ele>
<time>2026-08-02T01:29:07Z</time>
<speed>1.535216</speed>
<trueHeading>0.000000</trueHeading>
<magneticHeading>0.000000</magneticHeading>
<gpsHeading>226.239410</gpsHeading>
<haccuracy>5.115000</haccuracy>
<vaccuracy>5.115000</vaccuracy>
<internetconnect>0</internetconnect>
</trkpt>
<trkpt lat="35.862753" lon="139.096834">
<ele>1136.333333</ele>
<time>2026-08-02T01:29:55Z</time>
<speed>1.570082</speed>
<trueHeading>0.000000</trueHeading>
<magneticHeading>0.000000</magneticHeading>
<gpsHeading>154.593536</gpsHeading>
<haccuracy>5.063000</haccuracy>
<vaccuracy>5.063000</vaccuracy>
<internetconnect>0</internetconnect>
</trkpt>
<trkpt lat="35.862654" lon="139.097518">
<ele>1140.666667</ele>
<time>2026-08-02T01:30:43Z</time>
<speed>1.530085</speed>
<trueHeading>0.000000</trueHeading>
<magneticHeading>0.000000</magneticHeading>
<gpsHeading>100.133049</gpsHeading>
<haccuracy>5.611000</haccuracy>
<vaccuracy>5.611000</vaccuracy>
<internetconnect>0</internetconnect>
</trkpt>
<trkpt lat="35.862503" lon="139.098159">
<ele>1146.333333</ele>
<time>2026-08-02T01:31:30Z</time>
<speed>1.524910</speed>
<trueHeading>0.000000</trueHeading>
<magneticHeading>0.000000</magneticHeading>
<gpsHeading>106.203583</gpsHeading>
<haccuracy>5.636000</haccuracy>
<vaccuracy>5.636000</vaccuracy>
<internetconnect>0</internetconnect>
</trkpt>
<trkpt lat="35.862169" lon="139.098079">
<ele>1149.666667</ele>
<time>2026-08-02T01:32:17Z</time>
<speed>1.525137</speed>
<trueHeading>0.000000</trueHeading>
<magneticHeading>0.000000</magneticHeading>
<gpsHeading>191.072144</gpsHeading>
<haccuracy>5.502000</haccuracy>
<vaccuracy>5.502000</vaccuracy>
<internetconnect>0</internetconnect>
</trkpt>
<trkpt lat="35.861828" lon="139.098048">
<ele>1158.666667</ele>
<time>2026-08-02T01:33:07Z</time>
<speed>0.125390</speed>
<trueHeading>0.000000</trueHeading>
<magneticHeading>0.000000</magneticHeading>
<gpsHeading>184.123978</gpsHeading>
<haccuracy>4.410000</haccuracy>
<vaccuracy>4.410000</vaccuracy>
<internetconnect>0</internetconnect>
</trkpt>
<trkpt lat="35.861480" lon="139.097499">
<ele>1159.000000</ele>
<time>2026-08-02T01:33:55Z</time>
<speed>1.505474</speed>
<trueHeading>0.000000</trueHeading>
<magneticHeading>0.000000</magneticHeading>
<gpsHeading>232.017273</gpsHeading>
<haccuracy>5.277000</haccuracy>
<vaccuracy>5.277000</vaccuracy>
<internetconnect>0</internetconnect>
</trkpt>
<trkpt lat="35.861166" lon="139.097283">
<ele>1166.333333</ele>
<time>2026-08-02T01:34:43Z</time>
<speed>1.518618</speed>
<trueHeading>0.000000</trueHeading>
<magneticHeading>0.000000</magneticHeading>
<gpsHeading>209.131119</gpsHeading>
<haccuracy>4.419000</haccuracy>
<vaccuracy>4.419000</vaccuracy>
<internetconnect>0</internetconnect>
</trkpt>
<trkpt lat="35.860816" lon="139.097724">
<ele>1166.000000</ele>
<time>2026-08-02T01:35:31Z</time>
<speed>1.559286</speed>
<trueHeading>0.000000</trueHeading>
<magneticHeading>0.000000</magneticHeading>
<gpsHeading>134.462173</gpsHeading>
<haccuracy>5.283000</haccuracy>
<vaccuracy>5.283000</vaccuracy>
<internetconnect>0</internetconnect>
</trkpt>
<trkpt lat="35.860410" lon="139.097219">
<ele>1173.000000</ele>
<time>2026-08-02T01:36:19Z</time>
<speed>1.528549</speed>
<trueHeading>0.000000</trueHeading>
<magneticHeading>0.000000</magneticHeading>
<gpsHeading>225.269608</gpsHeading>
<haccuracy>5.020000</haccuracy>
<vaccuracy>5.020000</vaccuracy>
<internetconnect>0</internetconnect>
</trkpt>
<trkpt lat="35.860197" lon="139.097796">
<ele>1173.666667</ele>
<time>2026-08-02T01:37:07Z</time>
<speed>1.543641</speed>
<trueHeading>0.000000</trueHeading>
<magneticHeading>0.000000</magneticHeading>
<gpsHeading>114.470070</gpsHeading>
<haccuracy>5.573000</haccuracy>
<vaccuracy>5.573000</vaccuracy>
<internetconnect>0</internetconnect>
</trkpt>
<trkpt lat="35.859798" lon="139.098234">
<ele>1178.666667</ele>
<time>2026-08-02T01:37:54Z</time>
<speed>1.558181</speed>
<trueHeading>0.000000</trueHeading>
<magneticHeading>0.000000</magneticHeading>
<gpsHeading>138.389542</gpsHeading>
<haccuracy>4.819000</haccuracy>
<vaccuracy>4.819000</vaccuracy>
<internetconnect>0</internetconnect>
</trkpt>
<trkpt lat="35.859434" lon="139.098570">
<ele>1193.089400</ele>
<time>2026-08-02T01:38:42Z</time>
<speed>0.122379</speed>
<trueHeading>0.000000</trueHeading>
<magneticHeading>0.000000</magneticHeading>
<gpsHeading>143.224579</gpsHeading>
<haccuracy>4.362000</haccuracy>
<vaccuracy>4.362000</vaccuracy>
<internetconnect>0</internetconnect>
</trkpt>
<trkpt lat="35.859474" lon="139.098741">
<ele>1193.089400</ele>
<time>2026-08-02T01:39:51Z</time>
<speed>1.249386</speed>
<trueHeading>0.000000</trueHeading>
<magneticHeading>0.000000</magneticHeading>
<gpsHeading>0.000000</gpsHeading>
<haccuracy>3.137000</haccuracy>
<vaccuracy>3.137000</vaccuracy>
<internetconnect>0</internetconnect>
</trkpt>
<trkpt lat="35.859475" lon="139.098962">
<ele>1193.422734</ele>
<time>2026-08-02T01:40:05Z</time>
<speed>1.560677</speed>
<trueHeading>0.000000</trueHeading>
<magneticHeading>0.000000</magneticHeading>
<gpsHeading>82.722931</gpsHeading>
<haccuracy>3.046000</haccuracy>
<vaccuracy>3.046000</vaccuracy>
<internetconnect>0</internetconnect>
</trkpt>
<trkpt lat="35.859610" lon="139.099477">
<ele>1179.666667</ele>
<time>2026-08-02T01:40:51Z</time>
<speed>1.567187</speed>
<trueHeading>0.000000</trueHeading>
<magneticHeading>0.000000</magneticHeading>
<gpsHeading>72.055603</gpsHeading>
<haccuracy>5.991000</haccuracy>
<vaccuracy>5.991000</vaccuracy>
<internetconnect>0</internetconnect>
</trkpt>
<trkpt lat="35.860089" lon="139.099620">
<ele>1178.333333</ele>
<time>2026-08-02T01:41:40Z</time>
<speed>1.121629</speed>
<trueHeading>0.000000</trueHeading>
<magneticHeading>0.000000</magneticHeading>
<gpsHeading>13.528112</gpsHeading>
<haccuracy>5.593000</haccuracy>
<vaccuracy>5.593000</vaccuracy>
<internetconnect>0</internetconnect>
</trkpt>
<trkpt lat="35.859785" lon="139.100153">
<ele>1175.000000</ele>
<time>2026-08-02T01:42:27Z</time>
<speed>1.624874</speed>
<trueHeading>0.000000</trueHeading>
<magneticHeading>0.000000</magneticHeading>
<gpsHeading>125.144951</gpsHeading>
<haccuracy>4.334000</haccuracy>
<vaccuracy>4.334000</vaccuracy>
<internetconnect>0</internetconnect>
</trkpt>
<trkpt lat="35.859633" lon="139.100556">
<ele>1171.000000</ele>
<time>2026-08-02T01:43:14Z</time>
<speed>1.472313</speed>
<trueHeading>0.000000</trueHeading>
<magneticHeading>0.000000</magneticHeading>
<gpsHeading>114.877144</gpsHeading>
<haccuracy>3.040000</haccuracy>
<vaccuracy>3.040000</vaccuracy>
<internetconnect>0</internetconnect>
</trkpt>
<trkpt lat="35.859752" lon="139.100896">
<ele>1167.666667</ele>
<time>2026-08-02T01:44:02Z</time>
<speed>0.181546</speed>
<trueHeading>0.000000</trueHeading>
<magneticHeading>0.000000</magneticHeading>
<gpsHeading>66.705765</gpsHeading>
<haccuracy>3.195000</haccuracy>
<vaccuracy>3.195000</vaccuracy>
<internetconnect>0</internetconnect>
</trkpt>
<trkpt lat="35.859827" lon="139.101446">
<ele>1173.333333</ele>
<time>2026-08-02T01:44:50Z</time>
<speed>0.070391</speed>
<trueHeading>0.000000</trueHeading>
<magneticHeading>0.000000</magneticHeading>
<gpsHeading>80.459312</gpsHeading>
<haccuracy>3.000000</haccuracy>
<vaccuracy>3.000000</vaccuracy>
<internetconnect>0</internetconnect>
</trkpt>
<trkpt lat="35.860247" lon="139.102211">
<ele>1178.333333</ele>
<time>2026-08-02T01:45:53Z</time>
<speed>1.619630</speed>
<trueHeading>0.000000</trueHeading>
<magneticHeading>0.000000</magneticHeading>
<gpsHeading>55.823570</gpsHeading>
<haccuracy>23.695999</haccuracy>
<vaccuracy>23.695999</vaccuracy>
<internetconnect>0</internetconnect>
</trkpt>
<trkpt lat="35.860376" lon="139.102577">
<ele>1180.333333</ele>
<time>2026-08-02T01:46:52Z</time>
<speed>1.079307</speed>
<trueHeading>0.000000</trueHeading>
<magneticHeading>0.000000</magneticHeading>
<gpsHeading>66.627785</gpsHeading>
<haccuracy>4.067000</haccuracy>
<vaccuracy>4.067000</vaccuracy>
<internetconnect>0</internetconnect>
</trkpt>
<trkpt lat="35.860544" lon="139.103120">
<ele>1180.333333</ele>
<time>2026-08-02T01:47:40Z</time>
<speed>1.471817</speed>
<trueHeading>0.000000</trueHeading>
<magneticHeading>0.000000</magneticHeading>
<gpsHeading>69.067764</gpsHeading>
<haccuracy>5.302000</haccuracy>
<vaccuracy>5.302000</vaccuracy>
<internetconnect>0</internetconnect>
</trkpt>
<trkpt lat="35.860895" lon="139.103190">
<ele>1179.666667</ele>
<time>2026-08-02T01:48:28Z</time>
<speed>1.253457</speed>
<trueHeading>0.000000</trueHeading>
<magneticHeading>0.000000</magneticHeading>
<gpsHeading>9.157920</gpsHeading>
<haccuracy>7.445000</haccuracy>
<vaccuracy>7.445000</vaccuracy>
<internetconnect>0</internetconnect>
</trkpt>
<trkpt lat="35.861255" lon="139.103580">
<ele>1176.333333</ele>
<time>2026-08-02T01:49:21Z</time>
<speed>0.111563</speed>
<trueHeading>0.000000</trueHeading>
<magneticHeading>0.000000</magneticHeading>
<gpsHeading>41.269009</gpsHeading>
<haccuracy>4.472000</haccuracy>
<vaccuracy>4.472000</vaccuracy>
<internetconnect>0</internetconnect>
</trkpt>
<trkpt lat="35.861688" lon="139.103956">
<ele>1172.666667</ele>
<time>2026-08-02T01:50:08Z</time>
<speed>1.536973</speed>
<trueHeading>0.000000</trueHeading>
<magneticHeading>0.000000</magneticHeading>
<gpsHeading>35.167461</gpsHeading>
<haccuracy>4.823000</haccuracy>
<vaccuracy>4.823000</vaccuracy>
<internetconnect>0</internetconnect>
</trkpt>
<trkpt lat="35.862051" lon="139.103845">
<ele>1173.333333</ele>
<time>2026-08-02T01:50:56Z</time>
<speed>1.246327</speed>
<trueHeading>0.000000</trueHeading>
<magneticHeading>0.000000</magneticHeading>
<gpsHeading>346.012909</gpsHeading>
<haccuracy>5.678000</haccuracy>
<vaccuracy>5.678000</vaccuracy>
<internetconnect>0</internetconnect>
</trkpt>
<trkpt lat="35.862314" lon="139.103516">
<ele>1176.333333</ele>
<time>2026-08-02T01:51:44Z</time>
<speed>1.254126</speed>
<trueHeading>0.000000</trueHeading>
<magneticHeading>0.000000</magneticHeading>
<gpsHeading>314.583160</gpsHeading>
<haccuracy>5.934000</haccuracy>
<vaccuracy>5.934000</vaccuracy>
<internetconnect>0</internetconnect>
</trkpt>
<trkpt lat="35.862711" lon="139.103466">
<ele>1174.000000</ele>
<time>2026-08-02T01:52:33Z</time>
<speed>0.947102</speed>
<trueHeading>0.000000</trueHeading>
<magneticHeading>0.000000</magneticHeading>
<gpsHeading>354.183716</gpsHeading>
<haccuracy>5.092000</haccuracy>
<vaccuracy>5.092000</vaccuracy>
<internetconnect>0</internetconnect>
</trkpt>
<trkpt lat="35.863011" lon="139.103351">
<ele>1169.000000</ele>
<time>2026-08-02T01:54:02Z</time>
<speed>0.611827</speed>
<trueHeading>0.000000</trueHeading>
<magneticHeading>0.000000</magneticHeading>
<gpsHeading>342.635559</gpsHeading>
<haccuracy>5.038000</haccuracy>
<vaccuracy>5.038000</vaccuracy>
<internetconnect>0</internetconnect>
</trkpt>
<trkpt lat="35.863129" lon="139.103787">
<ele>1163.333333</ele>
<time>2026-08-02T01:54:49Z</time>
<speed>1.356245</speed>
<trueHeading>0.000000</trueHeading>
<magneticHeading>0.000000</magneticHeading>
<gpsHeading>71.576866</gpsHeading>
<haccuracy>6.635000</haccuracy>
<vaccuracy>6.635000</vaccuracy>
<internetconnect>0</internetconnect>
</trkpt>
<trkpt lat="35.863148" lon="139.104160">
<ele>1159.666667</ele>
<time>2026-08-02T01:55:37Z</time>
<speed>0.246945</speed>
<trueHeading>0.000000</trueHeading>
<magneticHeading>0.000000</magneticHeading>
<gpsHeading>86.251427</gpsHeading>
<haccuracy>4.585000</haccuracy>
<vaccuracy>4.585000</vaccuracy>
<internetconnect>0</internetconnect>
</trkpt>
<trkpt lat="35.863150" lon="139.104235">
<ele>1156.333333</ele>
<time>2026-08-02T01:57:39Z</time>
<speed>0.190873</speed>
<trueHeading>0.000000</trueHeading>
<magneticHeading>0.000000</magneticHeading>
<gpsHeading>88.603065</gpsHeading>
<haccuracy>4.834000</haccuracy>
<vaccuracy>4.834000</vaccuracy>
<internetconnect>0</internetconnect>
</trkpt>
<trkpt lat="35.863085" lon="139.104045">
<ele>1157.000000</ele>
<time>2026-08-02T01:59:41Z</time>
<speed>0.887512</speed>
<trueHeading>0.000000</trueHeading>
<magneticHeading>0.000000</magneticHeading>
<gpsHeading>247.282578</gpsHeading>
<haccuracy>5.865000</haccuracy>
<vaccuracy>5.865000</vaccuracy>
<internetconnect>0</internetconnect>
</trkpt>
<trkpt lat="35.863093" lon="139.103767">
<ele>1161.666667</ele>
<time>2026-08-02T02:01:44Z</time>
<speed>0.496832</speed>
<trueHeading>0.000000</trueHeading>
<magneticHeading>0.000000</magneticHeading>
<gpsHeading>271.953949</gpsHeading>
<haccuracy>4.984000</haccuracy>
<vaccuracy>4.984000</vaccuracy>
<internetconnect>0</internetconnect>
</trkpt>
<trkpt lat="35.862858" lon="139.103315">
<ele>1169.333333</ele>
<time>2026-08-02T02:02:43Z</time>
<speed>0.148278</speed>
<trueHeading>0.000000</trueHeading>
<magneticHeading>0.000000</magneticHeading>
<gpsHeading>237.312729</gpsHeading>
<haccuracy>4.579000</haccuracy>
<vaccuracy>4.579000</vaccuracy>
<internetconnect>0</internetconnect>
</trkpt>
<trkpt lat="35.862495" lon="139.103554">
<ele>1175.000000</ele>
<time>2026-08-02T02:03:32Z</time>
<speed>0.922421</speed>
<trueHeading>0.000000</trueHeading>
<magneticHeading>0.000000</magneticHeading>
<gpsHeading>151.978912</gpsHeading>
<haccuracy>5.328000</haccuracy>
<vaccuracy>5.328000</vaccuracy>
<internetconnect>0</internetconnect>
</trkpt>
<trkpt lat="35.862109" lon="139.103742">
<ele>1177.666667</ele>
<time>2026-08-02T02:04:20Z</time>
<speed>1.371381</speed>
<trueHeading>0.000000</trueHeading>
<magneticHeading>0.000000</magneticHeading>
<gpsHeading>158.449661</gpsHeading>
<haccuracy>5.394000</haccuracy>
<vaccuracy>5.394000</vaccuracy>
<internetconnect>0</internetconnect>
</trkpt>
<trkpt lat="35.861647" lon="139.103725">
<ele>1177.666667</ele>
<time>2026-08-02T02:05:07Z</time>
<speed>1.488531</speed>
<trueHeading>0.000000</trueHeading>
<magneticHeading>0.000000</magneticHeading>
<gpsHeading>181.699173</gpsHeading>
<haccuracy>5.688000</haccuracy>
<vaccuracy>5.688000</vaccuracy>
<internetconnect>0</internetconnect>
</trkpt>
<trkpt lat="35.861116" lon="139.103485">
<ele>1176.333333</ele>
<time>2026-08-02T02:05:56Z</time>
<speed>1.434737</speed>
<trueHeading>0.000000</trueHeading>
<magneticHeading>0.000000</magneticHeading>
<gpsHeading>200.110031</gpsHeading>
<haccuracy>5.359000</haccuracy>
<vaccuracy>5.359000</vaccuracy>
<internetconnect>0</internetconnect>
</trkpt>
<trkpt lat="35.860629" lon="139.103240">
<ele>1173.000000</ele>
<time>2026-08-02T02:06:43Z</time>
<speed>1.491525</speed>
<trueHeading>0.000000</trueHeading>
<magneticHeading>0.000000</magneticHeading>
<gpsHeading>202.165131</gpsHeading>
<haccuracy>6.062000</haccuracy>
<vaccuracy>6.062000</vaccuracy>
<internetconnect>0</internetconnect>
</trkpt>
<trkpt lat="35.860381" lon="139.102750">
<ele>1173.333333</ele>
<time>2026-08-02T02:07:29Z</time>
<speed>1.320160</speed>
<trueHeading>0.000000</trueHeading>
<magneticHeading>0.000000</magneticHeading>
<gpsHeading>238.108871</gpsHeading>
<haccuracy>5.686000</haccuracy>
<vaccuracy>5.686000</vaccuracy>
<internetconnect>0</internetconnect>
</trkpt>
<trkpt lat="35.860027" lon="139.102182">
<ele>1175.000000</ele>
<time>2026-08-02T02:08:16Z</time>
<speed>1.580210</speed>
<trueHeading>0.000000</trueHeading>
<magneticHeading>0.000000</magneticHeading>
<gpsHeading>232.372131</gpsHeading>
<haccuracy>6.106000</haccuracy>
<vaccuracy>6.106000</vaccuracy>
<internetconnect>0</internetconnect>
</trkpt>
<trkpt lat="35.859910" lon="139.101657">
<ele>1174.333333</ele>
<time>2026-08-02T02:09:03Z</time>
<speed>0.959485</speed>
<trueHeading>0.000000</trueHeading>
<magneticHeading>0.000000</magneticHeading>
<gpsHeading>254.659637</gpsHeading>
<haccuracy>3.776000</haccuracy>
<vaccuracy>3.776000</vaccuracy>
<internetconnect>0</internetconnect>
</trkpt>
<trkpt lat="35.859768" lon="139.101474">
<ele>1175.000000</ele>
<time>2026-08-02T02:11:15Z</time>
<speed>0.000000</speed>
<trueHeading>0.000000</trueHeading>
<magneticHeading>0.000000</magneticHeading>
<gpsHeading>226.162903</gpsHeading>
<haccuracy>10.291000</haccuracy>
<vaccuracy>10.291000</vaccuracy>
<internetconnect>0</internetconnect>
</trkpt>
<trkpt lat="35.859935" lon="139.101750">
<ele>1177.333333</ele>
<time>2026-08-02T02:13:02Z</time>
<speed>0.837390</speed>
<trueHeading>0.000000</trueHeading>
<magneticHeading>0.000000</magneticHeading>
<gpsHeading>53.218647</gpsHeading>
<haccuracy>5.443000</haccuracy>
<vaccuracy>5.443000</vaccuracy>
<internetconnect>0</internetconnect>
</trkpt>
<trkpt lat="35.860109" lon="139.102029">
<ele>1184.333333</ele>
<time>2026-08-02T02:14:15Z</time>
<speed>0.291783</speed>
<trueHeading>0.000000</trueHeading>
<magneticHeading>0.000000</magneticHeading>
<gpsHeading>52.288063</gpsHeading>
<haccuracy>5.434000</haccuracy>
<vaccuracy>5.434000</vaccuracy>
<internetconnect>0</internetconnect>
</trkpt>
<trkpt lat="35.860407" lon="139.102023">
<ele>1193.666667</ele>
<time>2026-08-02T02:15:47Z</time>
<speed>1.409105</speed>
<trueHeading>0.000000</trueHeading>
<magneticHeading>0.000000</magneticHeading>
<gpsHeading>359.141602</gpsHeading>
<haccuracy>5.202000</haccuracy>
<vaccuracy>5.202000</vaccuracy>
<internetconnect>2</internetconnect>
</trkpt>
<trkpt lat="35.860857" lon="139.102066">
<ele>1204.000000</ele>
<time>2026-08-02T02:16:34Z</time>
<speed>1.299880</speed>
<trueHeading>0.000000</trueHeading>
<magneticHeading>0.000000</magneticHeading>
<gpsHeading>4.370608</gpsHeading>
<haccuracy>5.336000</haccuracy>
<vaccuracy>5.336000</vaccuracy>
<internetconnect>0</internetconnect>
</trkpt>
<trkpt lat="35.861262" lon="139.102188">
<ele>1214.666667</ele>
<time>2026-08-02T02:17:21Z</time>
<speed>1.372112</speed>
<trueHeading>0.000000</trueHeading>
<magneticHeading>0.000000</magneticHeading>
<gpsHeading>13.711726</gpsHeading>
<haccuracy>6.233000</haccuracy>
<vaccuracy>6.233000</vaccuracy>
<internetconnect>0</internetconnect>
</trkpt>
<trkpt lat="35.861574" lon="139.102452">
<ele>1223.000000</ele>
<time>2026-08-02T02:18:09Z</time>
<speed>1.114538</speed>
<trueHeading>0.000000</trueHeading>
<magneticHeading>0.000000</magneticHeading>
<gpsHeading>34.519302</gpsHeading>
<haccuracy>4.942000</haccuracy>
<vaccuracy>4.942000</vaccuracy>
<internetconnect>0</internetconnect>
</trkpt>
<trkpt lat="35.861783" lon="139.102220">
<ele>1234.333333</ele>
<time>2026-08-02T02:19:04Z</time>
<speed>1.038750</speed>
<trueHeading>0.000000</trueHeading>
<magneticHeading>0.000000</magneticHeading>
<gpsHeading>318.103851</gpsHeading>
<haccuracy>4.939000</haccuracy>
<vaccuracy>4.939000</vaccuracy>
<internetconnect>0</internetconnect>
</trkpt>
<trkpt lat="35.862062" lon="139.102113">
<ele>1246.333333</ele>
<time>2026-08-02T02:20:37Z</time>
<speed>0.514214</speed>
<trueHeading>0.000000</trueHeading>
<magneticHeading>0.000000</magneticHeading>
<gpsHeading>342.661835</gpsHeading>
<haccuracy>6.321000</haccuracy>
<vaccuracy>6.321000</vaccuracy>
<internetconnect>0</internetconnect>
</trkpt>
<trkpt lat="35.861995" lon="139.101756">
<ele>1260.666667</ele>
<time>2026-08-02T02:21:24Z</time>
<speed>0.680218</speed>
<trueHeading>0.000000</trueHeading>
<magneticHeading>0.000000</magneticHeading>
<gpsHeading>256.923981</gpsHeading>
<haccuracy>5.213000</haccuracy>
<vaccuracy>5.213000</vaccuracy>
<internetconnect>0</internetconnect>
</trkpt>
<trkpt lat="35.862286" lon="139.101664">
<ele>1273.000000</ele>
<time>2026-08-02T02:22:26Z</time>
<speed>1.003746</speed>
<trueHeading>0.000000</trueHeading>
<magneticHeading>0.000000</magneticHeading>
<gpsHeading>345.628174</gpsHeading>
<haccuracy>5.294000</haccuracy>
<vaccuracy>5.294000</vaccuracy>
<internetconnect>0</internetconnect>
</trkpt>
<trkpt lat="35.862557" lon="139.101568">
<ele>1287.333333</ele>
<time>2026-08-02T02:23:38Z</time>
<speed>1.021362</speed>
<trueHeading>0.000000</trueHeading>
<magneticHeading>0.000000</magneticHeading>
<gpsHeading>343.943542</gpsHeading>
<haccuracy>4.032000</haccuracy>
<vaccuracy>4.032000</vaccuracy>
<internetconnect>0</internetconnect>
</trkpt>
<trkpt lat="35.862763" lon="139.101255">
<ele>1299.000000</ele>
<time>2026-08-02T02:24:26Z</time>
<speed>1.081699</speed>
<trueHeading>0.000000</trueHeading>
<magneticHeading>0.000000</magneticHeading>
<gpsHeading>309.215332</gpsHeading>
<haccuracy>4.962000</haccuracy>
<vaccuracy>4.962000</vaccuracy>
<internetconnect>0</internetconnect>
</trkpt>
<trkpt lat="35.862995" lon="139.101036">
<ele>1308.666667</ele>
<time>2026-08-02T02:25:36Z</time>
<speed>1.060064</speed>
<trueHeading>0.000000</trueHeading>
<magneticHeading>0.000000</magneticHeading>
<gpsHeading>322.532501</gpsHeading>
<haccuracy>4.820000</haccuracy>
<vaccuracy>4.820000</vaccuracy>
<internetconnect>0</internetconnect>
</trkpt>
<trkpt lat="35.863299" lon="139.100897">
<ele>1315.666667</ele>
<time>2026-08-02T02:26:39Z</time>
<speed>1.428546</speed>
<trueHeading>0.000000</trueHeading>
<magneticHeading>0.000000</magneticHeading>
<gpsHeading>339.674927</gpsHeading>
<haccuracy>5.008000</haccuracy>
<vaccuracy>5.008000</vaccuracy>
<internetconnect>0</internetconnect>
</trkpt>
<trkpt lat="35.863745" lon="139.100820">
<ele>1320.000000</ele>
<time>2026-08-02T02:27:26Z</time>
<speed>1.490530</speed>
<trueHeading>0.000000</trueHeading>
<magneticHeading>0.000000</magneticHeading>
<gpsHeading>352.042236</gpsHeading>
<haccuracy>4.980000</haccuracy>
<vaccuracy>4.980000</vaccuracy>
<internetconnect>0</internetconnect>
</trkpt>
<trkpt lat="35.864227" lon="139.101122">
<ele>1326.333333</ele>
<time>2026-08-02T02:28:13Z</time>
<speed>1.399801</speed>
<trueHeading>0.000000</trueHeading>
<magneticHeading>0.000000</magneticHeading>
<gpsHeading>26.958410</gpsHeading>
<haccuracy>4.886000</haccuracy>
<vaccuracy>4.886000</vaccuracy>
<internetconnect>0</internetconnect>
</trkpt>
<trkpt lat="35.864672" lon="139.101299">
<ele>1334.333333</ele>
<time>2026-08-02T02:29:00Z</time>
<speed>1.362514</speed>
<trueHeading>0.000000</trueHeading>
<magneticHeading>0.000000</magneticHeading>
<gpsHeading>17.858742</gpsHeading>
<haccuracy>5.732000</haccuracy>
<vaccuracy>5.732000</vaccuracy>
<internetconnect>0</internetconnect>
</trkpt>
<trkpt lat="35.865073" lon="139.101361">
<ele>1342.000000</ele>
<time>2026-08-02T02:29:49Z</time>
<speed>1.397025</speed>
<trueHeading>0.000000</trueHeading>
<magneticHeading>0.000000</magneticHeading>
<gpsHeading>7.084870</gpsHeading>
<haccuracy>6.024000</haccuracy>
<vaccuracy>6.024000</vaccuracy>
<internetconnect>0</internetconnect>
</trkpt>
<trkpt lat="35.865334" lon="139.101235">
<ele>1347.333333</ele>
<time>2026-08-02T02:30:38Z</time>
<speed>0.882049</speed>
<trueHeading>0.000000</trueHeading>
<magneticHeading>0.000000</magneticHeading>
<gpsHeading>338.709839</gpsHeading>
<haccuracy>4.537000</haccuracy>
<vaccuracy>4.537000</vaccuracy>
<internetconnect>0</internetconnect>
</trkpt>
<trkpt lat="35.865295" lon="139.101266">
<ele>1349.333333</ele>
<time>2026-08-02T02:32:43Z</time>
<speed>0.070546</speed>
<trueHeading>0.000000</trueHeading>
<magneticHeading>0.000000</magneticHeading>
<gpsHeading>146.841690</gpsHeading>
<haccuracy>4.061000</haccuracy>
<vaccuracy>4.061000</vaccuracy>
<internetconnect>2</internetconnect>
</trkpt>
<trkpt lat="35.865323" lon="139.101289">
<ele>1350.000000</ele>
<time>2026-08-02T02:34:47Z</time>
<speed>0.124905</speed>
<trueHeading>0.000000</trueHeading>
<magneticHeading>0.000000</magneticHeading>
<gpsHeading>34.456947</gpsHeading>
<haccuracy>5.475000</haccuracy>
<vaccuracy>5.475000</vaccuracy>
<internetconnect>2</internetconnect>
</trkpt>
<trkpt lat="35.865346" lon="139.101217">
<ele>1350.000000</ele>
<time>2026-08-02T02:37:00Z</time>
<speed>0.227046</speed>
<trueHeading>0.000000</trueHeading>
<magneticHeading>0.000000</magneticHeading>
<gpsHeading>291.768036</gpsHeading>
<haccuracy>5.829000</haccuracy>
<vaccuracy>5.829000</vaccuracy>
<internetconnect>2</internetconnect>
</trkpt>
<trkpt lat="35.865314" lon="139.101265">
<ele>1350.000000</ele>
<time>2026-08-02T02:39:02Z</time>
<speed>0.152220</speed>
<trueHeading>0.000000</trueHeading>
<magneticHeading>0.000000</magneticHeading>
<gpsHeading>129.618530</gpsHeading>
<haccuracy>6.777000</haccuracy>
<vaccuracy>6.777000</vaccuracy>
<internetconnect>2</internetconnect>
</trkpt>
<trkpt lat="35.865320" lon="139.101279">
<ele>1349.000000</ele>
<time>2026-08-02T02:41:16Z</time>
<speed>0.411902</speed>
<trueHeading>0.000000</trueHeading>
<magneticHeading>0.000000</magneticHeading>
<gpsHeading>60.819427</gpsHeading>
<haccuracy>5.160000</haccuracy>
<vaccuracy>5.160000</vaccuracy>
<internetconnect>2</internetconnect>
</trkpt>
<trkpt lat="35.865446" lon="139.101111">
<ele>1346.666667</ele>
<time>2026-08-02T02:43:19Z</time>
<speed>1.172121</speed>
<trueHeading>0.000000</trueHeading>
<magneticHeading>0.000000</magneticHeading>
<gpsHeading>312.692657</gpsHeading>
<haccuracy>5.446000</haccuracy>
<vaccuracy>5.446000</vaccuracy>
<internetconnect>2</internetconnect>
</trkpt>
<trkpt lat="35.865949" lon="139.101269">
<ele>1340.666667</ele>
<time>2026-08-02T02:44:06Z</time>
<speed>1.478794</speed>
<trueHeading>0.000000</trueHeading>
<magneticHeading>0.000000</magneticHeading>
<gpsHeading>14.336437</gpsHeading>
<haccuracy>5.263000</haccuracy>
<vaccuracy>5.263000</vaccuracy>
<internetconnect>2</internetconnect>
</trkpt>
<trkpt lat="35.866207" lon="139.100847">
<ele>1335.666667</ele>
<time>2026-08-02T02:44:54Z</time>
<speed>1.296837</speed>
<trueHeading>0.000000</trueHeading>
<magneticHeading>0.000000</magneticHeading>
<gpsHeading>307.059570</gpsHeading>
<haccuracy>5.543000</haccuracy>
<vaccuracy>5.543000</vaccuracy>
<internetconnect>2</internetconnect>
</trkpt>
<trkpt lat="35.866533" lon="139.100434">
<ele>1334.666667</ele>
<time>2026-08-02T02:45:41Z</time>
<speed>1.549852</speed>
<trueHeading>0.000000</trueHeading>
<magneticHeading>0.000000</magneticHeading>
<gpsHeading>314.226196</gpsHeading>
<haccuracy>5.624000</haccuracy>
<vaccuracy>5.624000</vaccuracy>
<internetconnect>2</internetconnect>
</trkpt>
<trkpt lat="35.867021" lon="139.100252">
<ele>1338.333333</ele>
<time>2026-08-02T02:46:29Z</time>
<speed>1.441360</speed>
<trueHeading>0.000000</trueHeading>
<magneticHeading>0.000000</magneticHeading>
<gpsHeading>343.161743</gpsHeading>
<haccuracy>6.051000</haccuracy>
<vaccuracy>6.051000</vaccuracy>
<internetconnect>2</internetconnect>
</trkpt>
<trkpt lat="35.867381" lon="139.099955">
<ele>1343.666667</ele>
<time>2026-08-02T02:47:16Z</time>
<speed>1.392168</speed>
<trueHeading>0.000000</trueHeading>
<magneticHeading>0.000000</magneticHeading>
<gpsHeading>326.273651</gpsHeading>
<haccuracy>6.327000</haccuracy>
<vaccuracy>6.327000</vaccuracy>
<internetconnect>2</internetconnect>
</trkpt>
<trkpt lat="35.867622" lon="139.099642">
<ele>1347.000000</ele>
<time>2026-08-02T02:48:04Z</time>
<speed>1.348995</speed>
<trueHeading>0.000000</trueHeading>
<magneticHeading>0.000000</magneticHeading>
<gpsHeading>313.549011</gpsHeading>
<haccuracy>4.925000</haccuracy>
<vaccuracy>4.925000</vaccuracy>
<internetconnect>2</internetconnect>
</trkpt>
<trkpt lat="35.867980" lon="139.099213">
<ele>1356.000000</ele>
<time>2026-08-02T02:48:51Z</time>
<speed>1.550956</speed>
<trueHeading>0.000000</trueHeading>
<magneticHeading>0.000000</magneticHeading>
<gpsHeading>315.832397</gpsHeading>
<haccuracy>4.884000</haccuracy>
<vaccuracy>4.884000</vaccuracy>
<internetconnect>2</internetconnect>
</trkpt>
<trkpt lat="35.868561" lon="139.099134">
<ele>1361.000000</ele>
<time>2026-08-02T02:49:39Z</time>
<speed>1.465436</speed>
<trueHeading>0.000000</trueHeading>
<magneticHeading>0.000000</magneticHeading>
<gpsHeading>353.735779</gpsHeading>
<haccuracy>5.706000</haccuracy>
<vaccuracy>5.706000</vaccuracy>
<internetconnect>2</internetconnect>
</trkpt>
<trkpt lat="35.868609" lon="139.098724">
<ele>1364.000000</ele>
<time>2026-08-02T02:50:47Z</time>
<speed>1.413806</speed>
<trueHeading>0.000000</trueHeading>
<magneticHeading>0.000000</magneticHeading>
<gpsHeading>278.218658</gpsHeading>
<haccuracy>5.370000</haccuracy>
<vaccuracy>5.370000</vaccuracy>
<internetconnect>2</internetconnect>
</trkpt>
<trkpt lat="35.868614" lon="139.097988">
<ele>1359.333333</ele>
<time>2026-08-02T02:51:33Z</time>
<speed>1.575263</speed>
<trueHeading>0.000000</trueHeading>
<magneticHeading>0.000000</magneticHeading>
<gpsHeading>270.470886</gpsHeading>
<haccuracy>5.643000</haccuracy>
<vaccuracy>5.643000</vaccuracy>
<internetconnect>2</internetconnect>
</trkpt>
<trkpt lat="35.868675" lon="139.097292">
<ele>1359.000000</ele>
<time>2026-08-02T02:52:20Z</time>
<speed>1.479904</speed>
<trueHeading>0.000000</trueHeading>
<magneticHeading>0.000000</magneticHeading>
<gpsHeading>276.167480</gpsHeading>
<haccuracy>5.574000</haccuracy>
<vaccuracy>5.574000</vaccuracy>
<internetconnect>2</internetconnect>
</trkpt>
<trkpt lat="35.869020" lon="139.096725">
<ele>1359.666667</ele>
<time>2026-08-02T02:53:07Z</time>
<speed>1.632590</speed>
<trueHeading>0.000000</trueHeading>
<magneticHeading>0.000000</magneticHeading>
<gpsHeading>306.936707</gpsHeading>
<haccuracy>5.626000</haccuracy>
<vaccuracy>5.626000</vaccuracy>
<internetconnect>2</internetconnect>
</trkpt>
<trkpt lat="35.869304" lon="139.096001">
<ele>1363.333333</ele>
<time>2026-08-02T02:53:55Z</time>
<speed>1.569939</speed>
<trueHeading>0.000000</trueHeading>
<magneticHeading>0.000000</magneticHeading>
<gpsHeading>295.810730</gpsHeading>
<haccuracy>5.141000</haccuracy>
<vaccuracy>5.141000</vaccuracy>
<internetconnect>2</internetconnect>
</trkpt>
<trkpt lat="35.869506" lon="139.095353">
<ele>1366.666667</ele>
<time>2026-08-02T02:54:42Z</time>
<speed>1.493602</speed>
<trueHeading>0.000000</trueHeading>
<magneticHeading>0.000000</magneticHeading>
<gpsHeading>291.085938</gpsHeading>
<haccuracy>5.374000</haccuracy>
<vaccuracy>5.374000</vaccuracy>
<internetconnect>2</internetconnect>
</trkpt>
<trkpt lat="35.869397" lon="139.094870">
<ele>1371.000000</ele>
<time>2026-08-02T02:55:30Z</time>
<speed>1.391510</speed>
<trueHeading>0.000000</trueHeading>
<magneticHeading>0.000000</magneticHeading>
<gpsHeading>254.460953</gpsHeading>
<haccuracy>5.404000</haccuracy>
<vaccuracy>5.404000</vaccuracy>
<internetconnect>2</internetconnect>
</trkpt>
<trkpt lat="35.869435" lon="139.094524">
<ele>1374.666667</ele>
<time>2026-08-02T02:56:21Z</time>
<speed>1.186502</speed>
<trueHeading>0.000000</trueHeading>
<magneticHeading>0.000000</magneticHeading>
<gpsHeading>277.718231</gpsHeading>
<haccuracy>4.940000</haccuracy>
<vaccuracy>4.940000</vaccuracy>
<internetconnect>2</internetconnect>
</trkpt>
<trkpt lat="35.869257" lon="139.093965">
<ele>1375.666667</ele>
<time>2026-08-02T02:57:08Z</time>
<speed>1.425774</speed>
<trueHeading>0.000000</trueHeading>
<magneticHeading>0.000000</magneticHeading>
<gpsHeading>248.486557</gpsHeading>
<haccuracy>5.210000</haccuracy>
<vaccuracy>5.210000</vaccuracy>
<internetconnect>2</internetconnect>
</trkpt>
<trkpt lat="35.869118" lon="139.093393">
<ele>1377.000000</ele>
<time>2026-08-02T02:57:56Z</time>
<speed>1.469960</speed>
<trueHeading>0.000000</trueHeading>
<magneticHeading>0.000000</magneticHeading>
<gpsHeading>253.287323</gpsHeading>
<haccuracy>4.917000</haccuracy>
<vaccuracy>4.917000</vaccuracy>
<internetconnect>2</internetconnect>
</trkpt>
<trkpt lat="35.869098" lon="139.092730">
<ele>1380.666667</ele>
<time>2026-08-02T02:58:43Z</time>
<speed>0.777690</speed>
<trueHeading>0.000000</trueHeading>
<magneticHeading>0.000000</magneticHeading>
<gpsHeading>267.889740</gpsHeading>
<haccuracy>5.353000</haccuracy>
<vaccuracy>5.353000</vaccuracy>
<internetconnect>2</internetconnect>
</trkpt>
<trkpt lat="35.868993" lon="139.092091">
<ele>1388.666667</ele>
<time>2026-08-02T02:59:32Z</time>
<speed>1.262956</speed>
<trueHeading>0.000000</trueHeading>
<magneticHeading>0.000000</magneticHeading>
<gpsHeading>258.494843</gpsHeading>
<haccuracy>5.098000</haccuracy>
<vaccuracy>5.098000</vaccuracy>
<internetconnect>2</internetconnect>
</trkpt>
<trkpt lat="35.868915" lon="139.091531">
<ele>1391.333333</ele>
<time>2026-08-02T03:00:19Z</time>
<speed>1.446681</speed>
<trueHeading>0.000000</trueHeading>
<magneticHeading>0.000000</magneticHeading>
<gpsHeading>260.306854</gpsHeading>
<haccuracy>5.596000</haccuracy>
<vaccuracy>5.596000</vaccuracy>
<internetconnect>2</internetconnect>
</trkpt>
<trkpt lat="35.869118" lon="139.091270">
<ele>1385.666667</ele>
<time>2026-08-02T03:01:22Z</time>
<speed>1.158684</speed>
<trueHeading>0.000000</trueHeading>
<magneticHeading>0.000000</magneticHeading>
<gpsHeading>313.868652</gpsHeading>
<haccuracy>3.013000</haccuracy>
<vaccuracy>3.013000</vaccuracy>
<internetconnect>2</internetconnect>
</trkpt>
<trkpt lat="35.869338" lon="139.091035">
<ele>1373.000000</ele>
<time>2026-08-02T03:02:10Z</time>
<speed>1.508435</speed>
<trueHeading>0.000000</trueHeading>
<magneticHeading>0.000000</magneticHeading>
<gpsHeading>319.062561</gpsHeading>
<haccuracy>4.379000</haccuracy>
<vaccuracy>4.379000</vaccuracy>
<internetconnect>2</internetconnect>
</trkpt>
<trkpt lat="35.869588" lon="139.090687">
<ele>1368.333333</ele>
<time>2026-08-02T03:02:57Z</time>
<speed>1.530732</speed>
<trueHeading>0.000000</trueHeading>
<magneticHeading>0.000000</magneticHeading>
<gpsHeading>311.482666</gpsHeading>
<haccuracy>5.129000</haccuracy>
<vaccuracy>5.129000</vaccuracy>
<internetconnect>2</internetconnect>
</trkpt>
<trkpt lat="35.869883" lon="139.090417">
<ele>1371.333333</ele>
<time>2026-08-02T03:03:44Z</time>
<speed>1.242595</speed>
<trueHeading>0.000000</trueHeading>
<magneticHeading>0.000000</magneticHeading>
<gpsHeading>323.511597</gpsHeading>
<haccuracy>4.705000</haccuracy>
<vaccuracy>4.705000</vaccuracy>
<internetconnect>2</internetconnect>
</trkpt>
<trkpt lat="35.870129" lon="139.090137">
<ele>1378.000000</ele>
<time>2026-08-02T03:04:31Z</time>
<speed>1.165175</speed>
<trueHeading>0.000000</trueHeading>
<magneticHeading>0.000000</magneticHeading>
<gpsHeading>317.317749</gpsHeading>
<haccuracy>4.750000</haccuracy>
<vaccuracy>4.750000</vaccuracy>
<internetconnect>2</internetconnect>
</trkpt>
<trkpt lat="35.870335" lon="139.089774">
<ele>1382.000000</ele>
<time>2026-08-02T03:05:19Z</time>
<speed>1.547807</speed>
<trueHeading>0.000000</trueHeading>
<magneticHeading>0.000000</magneticHeading>
<gpsHeading>305.041321</gpsHeading>
<haccuracy>5.172000</haccuracy>
<vaccuracy>5.172000</vaccuracy>
<internetconnect>2</internetconnect>
</trkpt>
<trkpt lat="35.870754" lon="139.089415">
<ele>1386.000000</ele>
<time>2026-08-02T03:06:07Z</time>
<speed>1.432922</speed>
<trueHeading>0.000000</trueHeading>
<magneticHeading>0.000000</magneticHeading>
<gpsHeading>325.144287</gpsHeading>
<haccuracy>5.381000</haccuracy>
<vaccuracy>5.381000</vaccuracy>
<internetconnect>2</internetconnect>
</trkpt>
<trkpt lat="35.871231" lon="139.089066">
<ele>1394.666667</ele>
<time>2026-08-02T03:06:54Z</time>
<speed>1.465862</speed>
<trueHeading>0.000000</trueHeading>
<magneticHeading>0.000000</magneticHeading>
<gpsHeading>329.366394</gpsHeading>
<haccuracy>4.964000</haccuracy>
<vaccuracy>4.964000</vaccuracy>
<internetconnect>2</internetconnect>
</trkpt>
<trkpt lat="35.871396" lon="139.088609">
<ele>1405.333333</ele>
<time>2026-08-02T03:07:43Z</time>
<speed>1.129573</speed>
<trueHeading>0.000000</trueHeading>
<magneticHeading>0.000000</magneticHeading>
<gpsHeading>293.975433</gpsHeading>
<haccuracy>4.794000</haccuracy>
<vaccuracy>4.794000</vaccuracy>
<internetconnect>2</internetconnect>
</trkpt>
<trkpt lat="35.871414" lon="139.088249">
<ele>1416.333333</ele>
<time>2026-08-02T03:08:31Z</time>
<speed>1.081944</speed>
<trueHeading>0.000000</trueHeading>
<magneticHeading>0.000000</magneticHeading>
<gpsHeading>273.486877</gpsHeading>
<haccuracy>5.107000</haccuracy>
<vaccuracy>5.107000</vaccuracy>
<internetconnect>2</internetconnect>
</trkpt>
<trkpt lat="35.871591" lon="139.087960">
<ele>1429.000000</ele>
<time>2026-08-02T03:09:23Z</time>
<speed>0.976692</speed>
<trueHeading>0.000000</trueHeading>
<magneticHeading>0.000000</magneticHeading>
<gpsHeading>307.047668</gpsHeading>
<haccuracy>6.026000</haccuracy>
<vaccuracy>6.026000</vaccuracy>
<internetconnect>2</internetconnect>
</trkpt>
<trkpt lat="35.871830" lon="139.087779">
<ele>1444.333333</ele>
<time>2026-08-02T03:10:30Z</time>
<speed>0.925017</speed>
<trueHeading>0.000000</trueHeading>
<magneticHeading>0.000000</magneticHeading>
<gpsHeading>328.661469</gpsHeading>
<haccuracy>5.048000</haccuracy>
<vaccuracy>5.048000</vaccuracy>
<internetconnect>2</internetconnect>
</trkpt>
<trkpt lat="35.872003" lon="139.087505">
<ele>1459.333333</ele>
<time>2026-08-02T03:11:54Z</time>
<speed>1.059330</speed>
<trueHeading>0.000000</trueHeading>
<magneticHeading>0.000000</magneticHeading>
<gpsHeading>307.777710</gpsHeading>
<haccuracy>5.131000</haccuracy>
<vaccuracy>5.131000</vaccuracy>
<internetconnect>2</internetconnect>
</trkpt>
<trkpt lat="35.872152" lon="139.087209">
<ele>1464.333333</ele>
<time>2026-08-02T03:13:23Z</time>
<speed>0.923096</speed>
<trueHeading>0.000000</trueHeading>
<magneticHeading>0.000000</magneticHeading>
<gpsHeading>301.883026</gpsHeading>
<haccuracy>6.008000</haccuracy>
<vaccuracy>6.008000</vaccuracy>
<internetconnect>2</internetconnect>
</trkpt>
<trkpt lat="35.871858" lon="139.087115">
<ele>1455.333333</ele>
<time>2026-08-02T03:14:59Z</time>
<speed>1.260492</speed>
<trueHeading>0.000000</trueHeading>
<magneticHeading>0.000000</magneticHeading>
<gpsHeading>194.432236</gpsHeading>
<haccuracy>3.301000</haccuracy>
<vaccuracy>3.301000</vaccuracy>
<internetconnect>2</internetconnect>
</trkpt>
<trkpt lat="35.871582" lon="139.086984">
<ele>1441.000000</ele>
<time>2026-08-02T03:16:10Z</time>
<speed>1.045462</speed>
<trueHeading>0.000000</trueHeading>
<magneticHeading>0.000000</magneticHeading>
<gpsHeading>201.045120</gpsHeading>
<haccuracy>5.627000</haccuracy>
<vaccuracy>5.627000</vaccuracy>
<internetconnect>2</internetconnect>
</trkpt>
<trkpt lat="35.871128" lon="139.086998">
<ele>1428.000000</ele>
<time>2026-08-02T03:16:58Z</time>
<speed>1.499123</speed>
<trueHeading>0.000000</trueHeading>
<magneticHeading>0.000000</magneticHeading>
<gpsHeading>178.535339</gpsHeading>
<haccuracy>5.396000</haccuracy>
<vaccuracy>5.396000</vaccuracy>
<internetconnect>2</internetconnect>
</trkpt>
<trkpt lat="35.870849" lon="139.086835">
<ele>1421.000000</ele>
<time>2026-08-02T03:17:46Z</time>
<speed>1.016858</speed>
<trueHeading>0.000000</trueHeading>
<magneticHeading>0.000000</magneticHeading>
<gpsHeading>205.389297</gpsHeading>
<haccuracy>5.234000</haccuracy>
<vaccuracy>5.234000</vaccuracy>
<internetconnect>2</internetconnect>
</trkpt>
<trkpt lat="35.870455" lon="139.086855">
<ele>1415.333333</ele>
<time>2026-08-02T03:18:32Z</time>
<speed>1.414657</speed>
<trueHeading>0.000000</trueHeading>
<magneticHeading>0.000000</magneticHeading>
<gpsHeading>177.622803</gpsHeading>
<haccuracy>5.476000</haccuracy>
<vaccuracy>5.476000</vaccuracy>
<internetconnect>2</internetconnect>
</trkpt>
<trkpt lat="35.870126" lon="139.086930">
<ele>1408.000000</ele>
<time>2026-08-02T03:19:37Z</time>
<speed>1.318704</speed>
<trueHeading>0.000000</trueHeading>
<magneticHeading>0.000000</magneticHeading>
<gpsHeading>169.474075</gpsHeading>
<haccuracy>6.464000</haccuracy>
<vaccuracy>6.464000</vaccuracy>
<internetconnect>2</internetconnect>
</trkpt>
<trkpt lat="35.869845" lon="139.086697">
<ele>1397.333333</ele>
<time>2026-08-02T03:20:24Z</time>
<speed>1.446080</speed>
<trueHeading>0.000000</trueHeading>
<magneticHeading>0.000000</magneticHeading>
<gpsHeading>213.837708</gpsHeading>
<haccuracy>5.346000</haccuracy>
<vaccuracy>5.346000</vaccuracy>
<internetconnect>2</internetconnect>
</trkpt>
<trkpt lat="35.869775" lon="139.086242">
<ele>1381.666667</ele>
<time>2026-08-02T03:21:10Z</time>
<speed>1.155812</speed>
<trueHeading>0.000000</trueHeading>
<magneticHeading>0.000000</magneticHeading>
<gpsHeading>259.253693</gpsHeading>
<haccuracy>5.131000</haccuracy>
<vaccuracy>5.131000</vaccuracy>
<internetconnect>2</internetconnect>
</trkpt>
<trkpt lat="35.869703" lon="139.085862">
<ele>1368.333333</ele>
<time>2026-08-02T03:22:02Z</time>
<speed>1.459399</speed>
<trueHeading>0.000000</trueHeading>
<magneticHeading>0.000000</magneticHeading>
<gpsHeading>256.875977</gpsHeading>
<haccuracy>5.833000</haccuracy>
<vaccuracy>5.833000</vaccuracy>
<internetconnect>2</internetconnect>
</trkpt>
<trkpt lat="35.869597" lon="139.085535">
<ele>1358.000000</ele>
<time>2026-08-02T03:23:00Z</time>
<speed>1.498740</speed>
<trueHeading>0.000000</trueHeading>
<magneticHeading>0.000000</magneticHeading>
<gpsHeading>248.221634</gpsHeading>
<haccuracy>5.297000</haccuracy>
<vaccuracy>5.297000</vaccuracy>
<internetconnect>2</internetconnect>
</trkpt>
<trkpt lat="35.869157" lon="139.085254">
<ele>1352.000000</ele>
<time>2026-08-02T03:23:47Z</time>
<speed>1.550414</speed>
<trueHeading>0.000000</trueHeading>
<magneticHeading>0.000000</magneticHeading>
<gpsHeading>207.291382</gpsHeading>
<haccuracy>4.127000</haccuracy>
<vaccuracy>4.127000</vaccuracy>
<internetconnect>2</internetconnect>
</trkpt>
<trkpt lat="35.868824" lon="139.084923">
<ele>1346.333333</ele>
<time>2026-08-02T03:24:35Z</time>
<speed>1.688801</speed>
<trueHeading>0.000000</trueHeading>
<magneticHeading>0.000000</magneticHeading>
<gpsHeading>218.859573</gpsHeading>
<haccuracy>5.439000</haccuracy>
<vaccuracy>5.439000</vaccuracy>
<internetconnect>2</internetconnect>
</trkpt>
<trkpt lat="35.868417" lon="139.084674">
<ele>1342.000000</ele>
<time>2026-08-02T03:25:23Z</time>
<speed>1.407691</speed>
<trueHeading>0.000000</trueHeading>
<magneticHeading>0.000000</magneticHeading>
<gpsHeading>206.384308</gpsHeading>
<haccuracy>5.279000</haccuracy>
<vaccuracy>5.279000</vaccuracy>
<internetconnect>2</internetconnect>
</trkpt>
<trkpt lat="35.868019" lon="139.084780">
<ele>1336.666667</ele>
<time>2026-08-02T03:26:09Z</time>
<speed>1.329727</speed>
<trueHeading>0.000000</trueHeading>
<magneticHeading>0.000000</magneticHeading>
<gpsHeading>167.814941</gpsHeading>
<haccuracy>5.112000</haccuracy>
<vaccuracy>5.112000</vaccuracy>
<internetconnect>2</internetconnect>
</trkpt>
<trkpt lat="35.867473" lon="139.084991">
<ele>1329.666667</ele>
<time>2026-08-02T03:26:56Z</time>
<speed>1.567155</speed>
<trueHeading>0.000000</trueHeading>
<magneticHeading>0.000000</magneticHeading>
<gpsHeading>162.683945</gpsHeading>
<haccuracy>5.366000</haccuracy>
<vaccuracy>5.366000</vaccuracy>
<internetconnect>2</internetconnect>
</trkpt>
<trkpt lat="35.867057" lon="139.085196">
<ele>1324.666667</ele>
<time>2026-08-02T03:27:43Z</time>
<speed>1.143909</speed>
<trueHeading>0.000000</trueHeading>
<magneticHeading>0.000000</magneticHeading>
<gpsHeading>158.245209</gpsHeading>
<haccuracy>5.020000</haccuracy>
<vaccuracy>5.020000</vaccuracy>
<internetconnect>2</internetconnect>
</trkpt>
<trkpt lat="35.866529" lon="139.085324">
<ele>1326.000000</ele>
<time>2026-08-02T03:28:31Z</time>
<speed>1.378057</speed>
<trueHeading>0.000000</trueHeading>
<magneticHeading>0.000000</magneticHeading>
<gpsHeading>168.881088</gpsHeading>
<haccuracy>5.002000</haccuracy>
<vaccuracy>5.002000</vaccuracy>
<internetconnect>2</internetconnect>
</trkpt>
<trkpt lat="35.866235" lon="139.085256">
<ele>1329.333333</ele>
<time>2026-08-02T03:29:21Z</time>
<speed>1.056544</speed>
<trueHeading>0.000000</trueHeading>
<magneticHeading>0.000000</magneticHeading>
<gpsHeading>190.652618</gpsHeading>
<haccuracy>4.961000</haccuracy>
<vaccuracy>4.961000</vaccuracy>
<internetconnect>2</internetconnect>
</trkpt>
<trkpt lat="35.865962" lon="139.085360">
<ele>1329.666667</ele>
<time>2026-08-02T03:30:40Z</time>
<speed>1.392557</speed>
<trueHeading>0.000000</trueHeading>
<magneticHeading>0.000000</magneticHeading>
<gpsHeading>162.740845</gpsHeading>
<haccuracy>4.753000</haccuracy>
<vaccuracy>4.753000</vaccuracy>
<internetconnect>2</internetconnect>
</trkpt>
<trkpt lat="35.865577" lon="139.084925">
<ele>1325.666667</ele>
<time>2026-08-02T03:31:27Z</time>
<speed>1.702498</speed>
<trueHeading>0.000000</trueHeading>
<magneticHeading>0.000000</magneticHeading>
<gpsHeading>222.428238</gpsHeading>
<haccuracy>6.531000</haccuracy>
<vaccuracy>6.531000</vaccuracy>
<internetconnect>2</internetconnect>
</trkpt>
<trkpt lat="35.865139" lon="139.084594">
<ele>1320.666667</ele>
<time>2026-08-02T03:32:14Z</time>
<speed>1.516447</speed>
<trueHeading>0.000000</trueHeading>
<magneticHeading>0.000000</magneticHeading>
<gpsHeading>211.528610</gpsHeading>
<haccuracy>5.319000</haccuracy>
<vaccuracy>5.319000</vaccuracy>
<internetconnect>2</internetconnect>
</trkpt>
<trkpt lat="35.864595" lon="139.084535">
<ele>1312.666667</ele>
<time>2026-08-02T03:33:03Z</time>
<speed>1.388424</speed>
<trueHeading>0.000000</trueHeading>
<magneticHeading>0.000000</magneticHeading>
<gpsHeading>185.029602</gpsHeading>
<haccuracy>5.289000</haccuracy>
<vaccuracy>5.289000</vaccuracy>
<internetconnect>2</internetconnect>
</trkpt>
<trkpt lat="35.864165" lon="139.084253">
<ele>1303.666667</ele>
<time>2026-08-02T03:33:50Z</time>
<speed>1.459202</speed>
<trueHeading>0.000000</trueHeading>
<magneticHeading>0.000000</magneticHeading>
<gpsHeading>208.025864</gpsHeading>
<haccuracy>5.124000</haccuracy>
<vaccuracy>5.124000</vaccuracy>
<internetconnect>2</internetconnect>
</trkpt>
<trkpt lat="35.863758" lon="139.084122">
<ele>1296.333333</ele>
<time>2026-08-02T03:34:37Z</time>
<speed>1.509211</speed>
<trueHeading>0.000000</trueHeading>
<magneticHeading>0.000000</magneticHeading>
<gpsHeading>194.629852</gpsHeading>
<haccuracy>5.940000</haccuracy>
<vaccuracy>5.940000</vaccuracy>
<internetconnect>2</internetconnect>
</trkpt>
<trkpt lat="35.863403" lon="139.084015">
<ele>1294.000000</ele>
<time>2026-08-02T03:35:24Z</time>
<speed>0.994246</speed>
<trueHeading>0.000000</trueHeading>
<magneticHeading>0.000000</magneticHeading>
<gpsHeading>193.621704</gpsHeading>
<haccuracy>5.036000</haccuracy>
<vaccuracy>5.036000</vaccuracy>
<internetconnect>2</internetconnect>
</trkpt>
<trkpt lat="35.863081" lon="139.084099">
<ele>1293.000000</ele>
<time>2026-08-02T03:36:11Z</time>
<speed>1.317764</speed>
<trueHeading>0.000000</trueHeading>
<magneticHeading>0.000000</magneticHeading>
<gpsHeading>168.152191</gpsHeading>
<haccuracy>6.218000</haccuracy>
<vaccuracy>6.218000</vaccuracy>
<internetconnect>2</internetconnect>
</trkpt>
<trkpt lat="35.862677" lon="139.084302">
<ele>1290.000000</ele>
<time>2026-08-02T03:37:00Z</time>
<speed>1.303994</speed>
<trueHeading>0.000000</trueHeading>
<magneticHeading>0.000000</magneticHeading>
<gpsHeading>157.838074</gpsHeading>
<haccuracy>5.511000</haccuracy>
<vaccuracy>5.511000</vaccuracy>
<internetconnect>2</internetconnect>
</trkpt>
<trkpt lat="35.862275" lon="139.084339">
<ele>1282.000000</ele>
<time>2026-08-02T03:37:47Z</time>
<speed>1.396560</speed>
<trueHeading>0.000000</trueHeading>
<magneticHeading>0.000000</magneticHeading>
<gpsHeading>175.676697</gpsHeading>
<haccuracy>5.403000</haccuracy>
<vaccuracy>5.403000</vaccuracy>
<internetconnect>2</internetconnect>
</trkpt>
<trkpt lat="35.862054" lon="139.084647">
<ele>1271.666667</ele>
<time>2026-08-02T03:38:40Z</time>
<speed>1.497512</speed>
<trueHeading>0.000000</trueHeading>
<magneticHeading>0.000000</magneticHeading>
<gpsHeading>131.471069</gpsHeading>
<haccuracy>5.339000</haccuracy>
<vaccuracy>5.339000</vaccuracy>
<internetconnect>2</internetconnect>
</trkpt>
<trkpt lat="35.861802" lon="139.084829">
<ele>1263.333333</ele>
<time>2026-08-02T03:39:41Z</time>
<speed>1.515670</speed>
<trueHeading>0.000000</trueHeading>
<magneticHeading>0.000000</magneticHeading>
<gpsHeading>149.761276</gpsHeading>
<haccuracy>5.858000</haccuracy>
<vaccuracy>5.858000</vaccuracy>
<internetconnect>2</internetconnect>
</trkpt>
<trkpt lat="35.861559" lon="139.085031">
<ele>1257.666667</ele>
<time>2026-08-02T03:40:28Z</time>
<speed>1.091580</speed>
<trueHeading>0.000000</trueHeading>
<magneticHeading>0.000000</magneticHeading>
<gpsHeading>145.994949</gpsHeading>
<haccuracy>5.063000</haccuracy>
<vaccuracy>5.063000</vaccuracy>
<internetconnect>2</internetconnect>
</trkpt>
<trkpt lat="35.861495" lon="139.085369">
<ele>1254.000000</ele>
<time>2026-08-02T03:41:16Z</time>
<speed>0.110845</speed>
<trueHeading>0.000000</trueHeading>
<magneticHeading>0.000000</magneticHeading>
<gpsHeading>103.124382</gpsHeading>
<haccuracy>4.821000</haccuracy>
<vaccuracy>4.821000</vaccuracy>
<internetconnect>2</internetconnect>
</trkpt>
<trkpt lat="35.861219" lon="139.085454">
<ele>1250.666667</ele>
<time>2026-08-02T03:42:30Z</time>
<speed>0.991521</speed>
<trueHeading>0.000000</trueHeading>
<magneticHeading>0.000000</magneticHeading>
<gpsHeading>165.994339</gpsHeading>
<haccuracy>5.469000</haccuracy>
<vaccuracy>5.469000</vaccuracy>
<internetconnect>2</internetconnect>
</trkpt>
<trkpt lat="35.860715" lon="139.085452">
<ele>1248.666667</ele>
<time>2026-08-02T03:43:17Z</time>
<speed>1.411761</speed>
<trueHeading>0.000000</trueHeading>
<magneticHeading>0.000000</magneticHeading>
<gpsHeading>180.258026</gpsHeading>
<haccuracy>5.264000</haccuracy>
<vaccuracy>5.264000</vaccuracy>
<internetconnect>2</internetconnect>
</trkpt>
<trkpt lat="35.860210" lon="139.085382">
<ele>1245.333333</ele>
<time>2026-08-02T03:44:05Z</time>
<speed>1.069486</speed>
<trueHeading>0.000000</trueHeading>
<magneticHeading>0.000000</magneticHeading>
<gpsHeading>186.413452</gpsHeading>
<haccuracy>5.449000</haccuracy>
<vaccuracy>5.449000</vaccuracy>
<internetconnect>2</internetconnect>
</trkpt>
<trkpt lat="35.859750" lon="139.085019">
<ele>1240.000000</ele>
<time>2026-08-02T03:44:53Z</time>
<speed>1.270833</speed>
<trueHeading>0.000000</trueHeading>
<magneticHeading>0.000000</magneticHeading>
<gpsHeading>212.552353</gpsHeading>
<haccuracy>5.891000</haccuracy>
<vaccuracy>5.891000</vaccuracy>
<internetconnect>2</internetconnect>
</trkpt>
<trkpt lat="35.859375" lon="139.084765">
<ele>1234.000000</ele>
<time>2026-08-02T03:45:40Z</time>
<speed>1.107221</speed>
<trueHeading>0.000000</trueHeading>
<magneticHeading>0.000000</magneticHeading>
<gpsHeading>208.802567</gpsHeading>
<haccuracy>5.279000</haccuracy>
<vaccuracy>5.279000</vaccuracy>
<internetconnect>2</internetconnect>
</trkpt>
<trkpt lat="35.858858" lon="139.085032">
<ele>1231.333333</ele>
<time>2026-08-02T03:46:27Z</time>
<speed>1.411721</speed>
<trueHeading>0.000000</trueHeading>
<magneticHeading>0.000000</magneticHeading>
<gpsHeading>157.319077</gpsHeading>
<haccuracy>5.365000</haccuracy>
<vaccuracy>5.365000</vaccuracy>
<internetconnect>2</internetconnect>
</trkpt>
<trkpt lat="35.858377" lon="139.085056">
<ele>1233.333333</ele>
<time>2026-08-02T03:47:14Z</time>
<speed>1.142860</speed>
<trueHeading>0.000000</trueHeading>
<magneticHeading>0.000000</magneticHeading>
<gpsHeading>177.604691</gpsHeading>
<haccuracy>4.663000</haccuracy>
<vaccuracy>4.663000</vaccuracy>
<internetconnect>2</internetconnect>
</trkpt>
<trkpt lat="35.858124" lon="139.084909">
<ele>1240.333333</ele>
<time>2026-08-02T03:48:35Z</time>
<speed>0.985036</speed>
<trueHeading>0.000000</trueHeading>
<magneticHeading>0.000000</magneticHeading>
<gpsHeading>205.193695</gpsHeading>
<haccuracy>4.593000</haccuracy>
<vaccuracy>4.593000</vaccuracy>
<internetconnect>2</internetconnect>
</trkpt>
<trkpt lat="35.858006" lon="139.084546">
<ele>1251.333333</ele>
<time>2026-08-02T03:49:22Z</time>
<speed>1.096047</speed>
<trueHeading>0.000000</trueHeading>
<magneticHeading>0.000000</magneticHeading>
<gpsHeading>248.261963</gpsHeading>
<haccuracy>4.747000</haccuracy>
<vaccuracy>4.747000</vaccuracy>
<internetconnect>2</internetconnect>
</trkpt>
<trkpt lat="35.857744" lon="139.084320">
<ele>1257.666667</ele>
<time>2026-08-02T03:50:11Z</time>
<speed>0.784387</speed>
<trueHeading>0.000000</trueHeading>
<magneticHeading>0.000000</magneticHeading>
<gpsHeading>214.870789</gpsHeading>
<haccuracy>5.079000</haccuracy>
<vaccuracy>5.079000</vaccuracy>
<internetconnect>2</internetconnect>
</trkpt>
<trkpt lat="35.857458" lon="139.084138">
<ele>1259.000000</ele>
<time>2026-08-02T03:51:00Z</time>
<speed>1.118095</speed>
<trueHeading>0.000000</trueHeading>
<magneticHeading>0.000000</magneticHeading>
<gpsHeading>207.308380</gpsHeading>
<haccuracy>4.608000</haccuracy>
<vaccuracy>4.608000</vaccuracy>
<internetconnect>2</internetconnect>
</trkpt>
<trkpt lat="35.857076" lon="139.084111">
<ele>1255.333333</ele>
<time>2026-08-02T03:51:50Z</time>
<speed>1.400483</speed>
<trueHeading>0.000000</trueHeading>
<magneticHeading>0.000000</magneticHeading>
<gpsHeading>183.245651</gpsHeading>
<haccuracy>5.033000</haccuracy>
<vaccuracy>5.033000</vaccuracy>
<internetconnect>2</internetconnect>
</trkpt>
<trkpt lat="35.856807" lon="139.083905">
<ele>1258.000000</ele>
<time>2026-08-02T03:52:39Z</time>
<speed>1.175332</speed>
<trueHeading>0.000000</trueHeading>
<magneticHeading>0.000000</magneticHeading>
<gpsHeading>211.857224</gpsHeading>
<haccuracy>5.173000</haccuracy>
<vaccuracy>5.173000</vaccuracy>
<internetconnect>2</internetconnect>
</trkpt>
<trkpt lat="35.856451" lon="139.083923">
<ele>1262.666667</ele>
<time>2026-08-02T03:53:28Z</time>
<speed>0.936230</speed>
<trueHeading>0.000000</trueHeading>
<magneticHeading>0.000000</magneticHeading>
<gpsHeading>177.642319</gpsHeading>
<haccuracy>5.269000</haccuracy>
<vaccuracy>5.269000</vaccuracy>
<internetconnect>2</internetconnect>
</trkpt>
<trkpt lat="35.856151" lon="139.083743">
<ele>1268.666667</ele>
<time>2026-08-02T03:54:15Z</time>
<speed>0.648760</speed>
<trueHeading>0.000000</trueHeading>
<magneticHeading>0.000000</magneticHeading>
<gpsHeading>205.990921</gpsHeading>
<haccuracy>4.790000</haccuracy>
<vaccuracy>4.790000</vaccuracy>
<internetconnect>2</internetconnect>
</trkpt>
<trkpt lat="35.855891" lon="139.083473">
<ele>1274.000000</ele>
<time>2026-08-02T03:55:02Z</time>
<speed>1.344065</speed>
<trueHeading>0.000000</trueHeading>
<magneticHeading>0.000000</magneticHeading>
<gpsHeading>220.075668</gpsHeading>
<haccuracy>5.679000</haccuracy>
<vaccuracy>5.679000</vaccuracy>
<internetconnect>2</internetconnect>
</trkpt>
<trkpt lat="35.855673" lon="139.083199">
<ele>1280.333333</ele>
<time>2026-08-02T03:56:04Z</time>
<speed>0.704406</speed>
<trueHeading>0.000000</trueHeading>
<magneticHeading>0.000000</magneticHeading>
<gpsHeading>225.465118</gpsHeading>
<haccuracy>5.222000</haccuracy>
<vaccuracy>5.222000</vaccuracy>
<internetconnect>2</internetconnect>
</trkpt>
<trkpt lat="35.855549" lon="139.082839">
<ele>1283.666667</ele>
<time>2026-08-02T03:56:51Z</time>
<speed>1.347838</speed>
<trueHeading>0.000000</trueHeading>
<magneticHeading>0.000000</magneticHeading>
<gpsHeading>247.070587</gpsHeading>
<haccuracy>5.425000</haccuracy>
<vaccuracy>5.425000</vaccuracy>
<internetconnect>2</internetconnect>
</trkpt>
<trkpt lat="35.855232" lon="139.082499">
<ele>1283.000000</ele>
<time>2026-08-02T03:57:39Z</time>
<speed>1.419197</speed>
<trueHeading>0.000000</trueHeading>
<magneticHeading>0.000000</magneticHeading>
<gpsHeading>220.973724</gpsHeading>
<haccuracy>5.600000</haccuracy>
<vaccuracy>5.600000</vaccuracy>
<internetconnect>2</internetconnect>
</trkpt>
<trkpt lat="35.854881" lon="139.082063">
<ele>1279.333333</ele>
<time>2026-08-02T03:58:25Z</time>
<speed>1.360340</speed>
<trueHeading>0.000000</trueHeading>
<magneticHeading>0.000000</magneticHeading>
<gpsHeading>225.132706</gpsHeading>
<haccuracy>5.238000</haccuracy>
<vaccuracy>5.238000</vaccuracy>
<internetconnect>2</internetconnect>
</trkpt>
<trkpt lat="35.854614" lon="139.081570">
<ele>1275.000000</ele>
<time>2026-08-02T03:59:13Z</time>
<speed>1.276806</speed>
<trueHeading>0.000000</trueHeading>
<magneticHeading>0.000000</magneticHeading>
<gpsHeading>236.317078</gpsHeading>
<haccuracy>4.724000</haccuracy>
<vaccuracy>4.724000</vaccuracy>
<internetconnect>0</internetconnect>
</trkpt>
<trkpt lat="35.854381" lon="139.081200">
<ele>1268.666667</ele>
<time>2026-08-02T04:00:00Z</time>
<speed>1.005973</speed>
<trueHeading>0.000000</trueHeading>
<magneticHeading>0.000000</magneticHeading>
<gpsHeading>232.156952</gpsHeading>
<haccuracy>5.007000</haccuracy>
<vaccuracy>5.007000</vaccuracy>
<internetconnect>0</internetconnect>
</trkpt>
<trkpt lat="35.854225" lon="139.080656">
<ele>1260.333333</ele>
<time>2026-08-02T04:00:46Z</time>
<speed>1.439655</speed>
<trueHeading>0.000000</trueHeading>
<magneticHeading>0.000000</magneticHeading>
<gpsHeading>250.535660</gpsHeading>
<haccuracy>5.207000</haccuracy>
<vaccuracy>5.207000</vaccuracy>
<internetconnect>0</internetconnect>
</trkpt>
<trkpt lat="35.854001" lon="139.080310">
<ele>1248.333333</ele>
<time>2026-08-02T04:01:33Z</time>
<speed>1.048139</speed>
<trueHeading>0.000000</trueHeading>
<magneticHeading>0.000000</magneticHeading>
<gpsHeading>231.343338</gpsHeading>
<haccuracy>5.227000</haccuracy>
<vaccuracy>5.227000</vaccuracy>
<internetconnect>0</internetconnect>
</trkpt>
<trkpt lat="35.853701" lon="139.080092">
<ele>1236.333333</ele>
<time>2026-08-02T04:02:21Z</time>
<speed>1.337146</speed>
<trueHeading>0.000000</trueHeading>
<magneticHeading>0.000000</magneticHeading>
<gpsHeading>210.482300</gpsHeading>
<haccuracy>4.851000</haccuracy>
<vaccuracy>4.851000</vaccuracy>
<internetconnect>0</internetconnect>
</trkpt>
<trkpt lat="35.853406" lon="139.079682">
<ele>1230.333333</ele>
<time>2026-08-02T04:03:07Z</time>
<speed>1.421154</speed>
<trueHeading>0.000000</trueHeading>
<magneticHeading>0.000000</magneticHeading>
<gpsHeading>228.419266</gpsHeading>
<haccuracy>4.776000</haccuracy>
<vaccuracy>4.776000</vaccuracy>
<internetconnect>0</internetconnect>
</trkpt>
<trkpt lat="35.852884" lon="139.079505">
<ele>1230.666667</ele>
<time>2026-08-02T04:03:55Z</time>
<speed>1.377777</speed>
<trueHeading>0.000000</trueHeading>
<magneticHeading>0.000000</magneticHeading>
<gpsHeading>195.342224</gpsHeading>
<haccuracy>5.358000</haccuracy>
<vaccuracy>5.358000</vaccuracy>
<internetconnect>0</internetconnect>
</trkpt>
<trkpt lat="35.852413" lon="139.079253">
<ele>1236.666667</ele>
<time>2026-08-02T04:04:42Z</time>
<speed>1.241027</speed>
<trueHeading>0.000000</trueHeading>
<magneticHeading>0.000000</magneticHeading>
<gpsHeading>203.495895</gpsHeading>
<haccuracy>5.099000</haccuracy>
<vaccuracy>5.099000</vaccuracy>
<internetconnect>0</internetconnect>
</trkpt>
<trkpt lat="35.852164" lon="139.079004">
<ele>1241.666667</ele>
<time>2026-08-02T04:05:42Z</time>
<speed>0.991154</speed>
<trueHeading>0.000000</trueHeading>
<magneticHeading>0.000000</magneticHeading>
<gpsHeading>218.969574</gpsHeading>
<haccuracy>5.050000</haccuracy>
<vaccuracy>5.050000</vaccuracy>
<internetconnect>0</internetconnect>
</trkpt>
<trkpt lat="35.851827" lon="139.078865">
<ele>1247.666667</ele>
<time>2026-08-02T04:06:31Z</time>
<speed>0.958909</speed>
<trueHeading>0.000000</trueHeading>
<magneticHeading>0.000000</magneticHeading>
<gpsHeading>198.521393</gpsHeading>
<haccuracy>4.912000</haccuracy>
<vaccuracy>4.912000</vaccuracy>
<internetconnect>0</internetconnect>
</trkpt>
<trkpt lat="35.851755" lon="139.078663">
<ele>1250.333333</ele>
<time>2026-08-02T04:09:16Z</time>
<speed>0.136749</speed>
<trueHeading>0.000000</trueHeading>
<magneticHeading>0.000000</magneticHeading>
<gpsHeading>246.065582</gpsHeading>
<haccuracy>5.520000</haccuracy>
<vaccuracy>5.520000</vaccuracy>
<internetconnect>0</internetconnect>
</trkpt>
<trkpt lat="35.851741" lon="139.078683">
<ele>1252.000000</ele>
<time>2026-08-02T04:11:55Z</time>
<speed>0.972230</speed>
<trueHeading>0.000000</trueHeading>
<magneticHeading>0.000000</magneticHeading>
<gpsHeading>129.978912</gpsHeading>
<haccuracy>4.741000</haccuracy>
<vaccuracy>4.741000</vaccuracy>
<internetconnect>2</internetconnect>
</trkpt>
<trkpt lat="35.851760" lon="139.078653">
<ele>1252.000000</ele>
<time>2026-08-02T04:15:00Z</time>
<speed>0.104246</speed>
<trueHeading>0.000000</trueHeading>
<magneticHeading>0.000000</magneticHeading>
<gpsHeading>307.993744</gpsHeading>
<haccuracy>4.659000</haccuracy>
<vaccuracy>4.659000</vaccuracy>
<internetconnect>2</internetconnect>
</trkpt>
<trkpt lat="35.851766" lon="139.078669">
<ele>1250.666667</ele>
<time>2026-08-02T04:17:36Z</time>
<speed>0.186726</speed>
<trueHeading>0.000000</trueHeading>
<magneticHeading>0.000000</magneticHeading>
<gpsHeading>66.427040</gpsHeading>
<haccuracy>5.151000</haccuracy>
<vaccuracy>5.151000</vaccuracy>
<internetconnect>2</internetconnect>
</trkpt>
<trkpt lat="35.851467" lon="139.078715">
<ele>1245.333333</ele>
<time>2026-08-02T04:19:15Z</time>
<speed>1.228807</speed>
<trueHeading>0.000000</trueHeading>
<magneticHeading>0.000000</magneticHeading>
<gpsHeading>172.850876</gpsHeading>
<haccuracy>5.239000</haccuracy>
<vaccuracy>5.239000</vaccuracy>
<internetconnect>2</internetconnect>
</trkpt>
<trkpt lat="35.850967" lon="139.078586">
<ele>1238.666667</ele>
<time>2026-08-02T04:20:03Z</time>
<speed>1.162857</speed>
<trueHeading>0.000000</trueHeading>
<magneticHeading>0.000000</magneticHeading>
<gpsHeading>191.809158</gpsHeading>
<haccuracy>5.232000</haccuracy>
<vaccuracy>5.232000</vaccuracy>
<internetconnect>2</internetconnect>
</trkpt>
<trkpt lat="35.850533" lon="139.078525">
<ele>1231.000000</ele>
<time>2026-08-02T04:20:49Z</time>
<speed>1.290419</speed>
<trueHeading>0.000000</trueHeading>
<magneticHeading>0.000000</magneticHeading>
<gpsHeading>186.568802</gpsHeading>
<haccuracy>5.642000</haccuracy>
<vaccuracy>5.642000</vaccuracy>
<internetconnect>2</internetconnect>
</trkpt>
<trkpt lat="35.850062" lon="139.078592">
<ele>1222.666667</ele>
<time>2026-08-02T04:21:38Z</time>
<speed>0.921844</speed>
<trueHeading>0.000000</trueHeading>
<magneticHeading>0.000000</magneticHeading>
<gpsHeading>173.367142</gpsHeading>
<haccuracy>5.295000</haccuracy>
<vaccuracy>5.295000</vaccuracy>
<internetconnect>2</internetconnect>
</trkpt>
<trkpt lat="35.849697" lon="139.078804">
<ele>1208.666667</ele>
<time>2026-08-02T04:22:25Z</time>
<speed>1.333959</speed>
<trueHeading>0.000000</trueHeading>
<magneticHeading>0.000000</magneticHeading>
<gpsHeading>154.779114</gpsHeading>
<haccuracy>4.994000</haccuracy>
<vaccuracy>4.994000</vaccuracy>
<internetconnect>2</internetconnect>
</trkpt>
<trkpt lat="35.849463" lon="139.079076">
<ele>1192.666667</ele>
<time>2026-08-02T04:23:16Z</time>
<speed>1.601576</speed>
<trueHeading>0.000000</trueHeading>
<magneticHeading>0.000000</magneticHeading>
<gpsHeading>136.771545</gpsHeading>
<haccuracy>4.907000</haccuracy>
<vaccuracy>4.907000</vaccuracy>
<internetconnect>2</internetconnect>
</trkpt>
<trkpt lat="35.849304" lon="139.079368">
<ele>1181.000000</ele>
<time>2026-08-02T04:24:45Z</time>
<speed>0.621094</speed>
<trueHeading>0.000000</trueHeading>
<magneticHeading>0.000000</magneticHeading>
<gpsHeading>123.859192</gpsHeading>
<haccuracy>4.929000</haccuracy>
<vaccuracy>4.929000</vaccuracy>
<internetconnect>2</internetconnect>
</trkpt>
<trkpt lat="35.848805" lon="139.079817">
<ele>1173.666667</ele>
<time>2026-08-02T04:25:33Z</time>
<speed>1.225456</speed>
<trueHeading>0.000000</trueHeading>
<magneticHeading>0.000000</magneticHeading>
<gpsHeading>143.875046</gpsHeading>
<haccuracy>3.000000</haccuracy>
<vaccuracy>3.000000</vaccuracy>
<internetconnect>2</internetconnect>
</trkpt>
<trkpt lat="35.848471" lon="139.079970">
<ele>1166.333333</ele>
<time>2026-08-02T04:26:20Z</time>
<speed>0.909329</speed>
<trueHeading>0.000000</trueHeading>
<magneticHeading>0.000000</magneticHeading>
<gpsHeading>159.687317</gpsHeading>
<haccuracy>3.609000</haccuracy>
<vaccuracy>3.609000</vaccuracy>
<internetconnect>2</internetconnect>
</trkpt>
<trkpt lat="35.848193" lon="139.079922">
<ele>1153.666667</ele>
<time>2026-08-02T04:27:24Z</time>
<speed>0.302264</speed>
<trueHeading>0.000000</trueHeading>
<magneticHeading>0.000000</magneticHeading>
<gpsHeading>187.879517</gpsHeading>
<haccuracy>4.360000</haccuracy>
<vaccuracy>4.360000</vaccuracy>
<internetconnect>2</internetconnect>
</trkpt>
<trkpt lat="35.847918" lon="139.079869">
<ele>1139.000000</ele>
<time>2026-08-02T04:28:36Z</time>
<speed>0.709677</speed>
<trueHeading>0.000000</trueHeading>
<magneticHeading>0.000000</magneticHeading>
<gpsHeading>188.948563</gpsHeading>
<haccuracy>4.860000</haccuracy>
<vaccuracy>4.860000</vaccuracy>
<internetconnect>2</internetconnect>
</trkpt>
<trkpt lat="35.847634" lon="139.079844">
<ele>1123.000000</ele>
<time>2026-08-02T04:29:27Z</time>
<speed>1.517311</speed>
<trueHeading>0.000000</trueHeading>
<magneticHeading>0.000000</magneticHeading>
<gpsHeading>183.973007</gpsHeading>
<haccuracy>5.644000</haccuracy>
<vaccuracy>5.644000</vaccuracy>
<internetconnect>2</internetconnect>
</trkpt>
<trkpt lat="35.847331" lon="139.079771">
<ele>1108.333333</ele>
<time>2026-08-02T04:30:14Z</time>
<speed>1.486632</speed>
<trueHeading>0.000000</trueHeading>
<magneticHeading>0.000000</magneticHeading>
<gpsHeading>191.120773</gpsHeading>
<haccuracy>4.591000</haccuracy>
<vaccuracy>4.591000</vaccuracy>
<internetconnect>2</internetconnect>
</trkpt>
<trkpt lat="35.847014" lon="139.079832">
<ele>1098.333333</ele>
<time>2026-08-02T04:31:02Z</time>
<speed>1.356719</speed>
<trueHeading>0.000000</trueHeading>
<magneticHeading>0.000000</magneticHeading>
<gpsHeading>171.114655</gpsHeading>
<haccuracy>4.614000</haccuracy>
<vaccuracy>4.614000</vaccuracy>
<internetconnect>2</internetconnect>
</trkpt>
<trkpt lat="35.846726" lon="139.079987">
<ele>1093.000000</ele>
<time>2026-08-02T04:31:50Z</time>
<speed>1.288827</speed>
<trueHeading>0.000000</trueHeading>
<magneticHeading>0.000000</magneticHeading>
<gpsHeading>156.458771</gpsHeading>
<haccuracy>4.842000</haccuracy>
<vaccuracy>4.842000</vaccuracy>
<internetconnect>2</internetconnect>
</trkpt>
<trkpt lat="35.846352" lon="139.080156">
<ele>1089.333333</ele>
<time>2026-08-02T04:32:38Z</time>
<speed>0.135390</speed>
<trueHeading>0.000000</trueHeading>
<magneticHeading>0.000000</magneticHeading>
<gpsHeading>159.805603</gpsHeading>
<haccuracy>4.576000</haccuracy>
<vaccuracy>4.576000</vaccuracy>
<internetconnect>2</internetconnect>
</trkpt>
<trkpt lat="35.846102" lon="139.080347">
<ele>1077.000000</ele>
<time>2026-08-02T04:34:06Z</time>
<speed>1.142525</speed>
<trueHeading>0.000000</trueHeading>
<magneticHeading>0.000000</magneticHeading>
<gpsHeading>148.365936</gpsHeading>
<haccuracy>4.888000</haccuracy>
<vaccuracy>4.888000</vaccuracy>
<internetconnect>2</internetconnect>
</trkpt>
<trkpt lat="35.845851" lon="139.080178">
<ele>1060.333333</ele>
<time>2026-08-02T04:35:07Z</time>
<speed>1.257894</speed>
<trueHeading>0.000000</trueHeading>
<magneticHeading>0.000000</magneticHeading>
<gpsHeading>208.539154</gpsHeading>
<haccuracy>5.044000</haccuracy>
<vaccuracy>5.044000</vaccuracy>
<internetconnect>2</internetconnect>
</trkpt>
<trkpt lat="35.845593" lon="139.080015">
<ele>1040.666667</ele>
<time>2026-08-02T04:36:12Z</time>
<speed>1.357481</speed>
<trueHeading>0.000000</trueHeading>
<magneticHeading>0.000000</magneticHeading>
<gpsHeading>207.151703</gpsHeading>
<haccuracy>3.811000</haccuracy>
<vaccuracy>3.811000</vaccuracy>
<internetconnect>2</internetconnect>
</trkpt>
<trkpt lat="35.845500" lon="139.079653">
<ele>1025.666667</ele>
<time>2026-08-02T04:37:00Z</time>
<speed>1.570465</speed>
<trueHeading>0.000000</trueHeading>
<magneticHeading>0.000000</magneticHeading>
<gpsHeading>252.503204</gpsHeading>
<haccuracy>6.060000</haccuracy>
<vaccuracy>6.060000</vaccuracy>
<internetconnect>2</internetconnect>
</trkpt>
<trkpt lat="35.845141" lon="139.079658">
<ele>1010.333333</ele>
<time>2026-08-02T04:37:46Z</time>
<speed>1.263427</speed>
<trueHeading>0.000000</trueHeading>
<magneticHeading>0.000000</magneticHeading>
<gpsHeading>179.341339</gpsHeading>
<haccuracy>5.508000</haccuracy>
<vaccuracy>5.508000</vaccuracy>
<internetconnect>2</internetconnect>
</trkpt>
<trkpt lat="35.844834" lon="139.079597">
<ele>995.000000</ele>
<time>2026-08-02T04:38:33Z</time>
<speed>1.500378</speed>
<trueHeading>0.000000</trueHeading>
<magneticHeading>0.000000</magneticHeading>
<gpsHeading>189.193985</gpsHeading>
<haccuracy>5.713000</haccuracy>
<vaccuracy>5.713000</vaccuracy>
<internetconnect>2</internetconnect>
</trkpt>
<trkpt lat="35.844662" lon="139.079316">
<ele>978.666667</ele>
<time>2026-08-02T04:39:21Z</time>
<speed>0.836949</speed>
<trueHeading>0.000000</trueHeading>
<magneticHeading>0.000000</magneticHeading>
<gpsHeading>232.968903</gpsHeading>
<haccuracy>5.861000</haccuracy>
<vaccuracy>5.861000</vaccuracy>
<internetconnect>2</internetconnect>
</trkpt>
<trkpt lat="35.844396" lon="139.079212">
<ele>963.666667</ele>
<time>2026-08-02T04:40:28Z</time>
<speed>1.444600</speed>
<trueHeading>0.000000</trueHeading>
<magneticHeading>0.000000</magneticHeading>
<gpsHeading>197.638763</gpsHeading>
<haccuracy>5.821000</haccuracy>
<vaccuracy>5.821000</vaccuracy>
<internetconnect>2</internetconnect>
</trkpt>
<trkpt lat="35.844092" lon="139.079091">
<ele>948.666667</ele>
<time>2026-08-02T04:41:29Z</time>
<speed>1.505789</speed>
<trueHeading>0.000000</trueHeading>
<magneticHeading>0.000000</magneticHeading>
<gpsHeading>197.812820</gpsHeading>
<haccuracy>4.984000</haccuracy>
<vaccuracy>4.984000</vaccuracy>
<internetconnect>2</internetconnect>
</trkpt>
<trkpt lat="35.843734" lon="139.078996">
<ele>933.000000</ele>
<time>2026-08-02T04:42:16Z</time>
<speed>1.421703</speed>
<trueHeading>0.000000</trueHeading>
<magneticHeading>0.000000</magneticHeading>
<gpsHeading>192.180252</gpsHeading>
<haccuracy>5.752000</haccuracy>
<vaccuracy>5.752000</vaccuracy>
<internetconnect>2</internetconnect>
</trkpt>
<trkpt lat="35.843401" lon="139.078738">
<ele>920.666667</ele>
<time>2026-08-02T04:43:02Z</time>
<speed>1.576832</speed>
<trueHeading>0.000000</trueHeading>
<magneticHeading>0.000000</magneticHeading>
<gpsHeading>212.107513</gpsHeading>
<haccuracy>4.952000</haccuracy>
<vaccuracy>4.952000</vaccuracy>
<internetconnect>2</internetconnect>
</trkpt>
<trkpt lat="35.842904" lon="139.078805">
<ele>908.666667</ele>
<time>2026-08-02T04:43:49Z</time>
<speed>1.576268</speed>
<trueHeading>0.000000</trueHeading>
<magneticHeading>0.000000</magneticHeading>
<gpsHeading>173.709808</gpsHeading>
<haccuracy>5.784000</haccuracy>
<vaccuracy>5.784000</vaccuracy>
<internetconnect>2</internetconnect>
</trkpt>
<trkpt lat="35.842375" lon="139.078883">
<ele>897.000000</ele>
<time>2026-08-02T04:44:36Z</time>
<speed>1.622114</speed>
<trueHeading>0.000000</trueHeading>
<magneticHeading>0.000000</magneticHeading>
<gpsHeading>173.180191</gpsHeading>
<haccuracy>5.408000</haccuracy>
<vaccuracy>5.408000</vaccuracy>
<internetconnect>2</internetconnect>
</trkpt>
<trkpt lat="35.842074" lon="139.078868">
<ele>882.666667</ele>
<time>2026-08-02T04:45:23Z</time>
<speed>0.847769</speed>
<trueHeading>0.000000</trueHeading>
<magneticHeading>0.000000</magneticHeading>
<gpsHeading>182.327179</gpsHeading>
<haccuracy>4.860000</haccuracy>
<vaccuracy>4.860000</vaccuracy>
<internetconnect>2</internetconnect>
</trkpt>
<trkpt lat="35.841967" lon="139.078518">
<ele>865.333333</ele>
<time>2026-08-02T04:46:15Z</time>
<speed>1.167136</speed>
<trueHeading>0.000000</trueHeading>
<magneticHeading>0.000000</magneticHeading>
<gpsHeading>249.268982</gpsHeading>
<haccuracy>4.867000</haccuracy>
<vaccuracy>4.867000</vaccuracy>
<internetconnect>2</internetconnect>
</trkpt>
<trkpt lat="35.841685" lon="139.078446">
<ele>849.000000</ele>
<time>2026-08-02T04:47:23Z</time>
<speed>1.401046</speed>
<trueHeading>0.000000</trueHeading>
<magneticHeading>0.000000</magneticHeading>
<gpsHeading>191.705566</gpsHeading>
<haccuracy>5.276000</haccuracy>
<vaccuracy>5.276000</vaccuracy>
<internetconnect>2</internetconnect>
</trkpt>
<trkpt lat="35.841369" lon="139.078392">
<ele>830.666667</ele>
<time>2026-08-02T04:48:10Z</time>
<speed>1.564522</speed>
<trueHeading>0.000000</trueHeading>
<magneticHeading>0.000000</magneticHeading>
<gpsHeading>187.911133</gpsHeading>
<haccuracy>5.537000</haccuracy>
<vaccuracy>5.537000</vaccuracy>
<internetconnect>2</internetconnect>
</trkpt>
<trkpt lat="35.840961" lon="139.078352">
<ele>818.000000</ele>
<time>2026-08-02T04:48:57Z</time>
<speed>1.426713</speed>
<trueHeading>0.000000</trueHeading>
<magneticHeading>0.000000</magneticHeading>
<gpsHeading>184.446991</gpsHeading>
<haccuracy>5.315000</haccuracy>
<vaccuracy>5.315000</vaccuracy>
<internetconnect>2</internetconnect>
</trkpt>
<trkpt lat="35.840673" lon="139.078055">
<ele>802.333333</ele>
<time>2026-08-02T04:49:44Z</time>
<speed>1.622302</speed>
<trueHeading>0.000000</trueHeading>
<magneticHeading>0.000000</magneticHeading>
<gpsHeading>219.954056</gpsHeading>
<haccuracy>6.154000</haccuracy>
<vaccuracy>6.154000</vaccuracy>
<internetconnect>2</internetconnect>
</trkpt>
<trkpt lat="35.840152" lon="139.077869">
<ele>787.666667</ele>
<time>2026-08-02T04:50:31Z</time>
<speed>1.579980</speed>
<trueHeading>0.000000</trueHeading>
<magneticHeading>0.000000</magneticHeading>
<gpsHeading>196.153152</gpsHeading>
<haccuracy>6.403000</haccuracy>
<vaccuracy>6.403000</vaccuracy>
<internetconnect>2</internetconnect>
</trkpt>
<trkpt lat="35.839706" lon="139.077812">
<ele>770.000000</ele>
<time>2026-08-02T04:51:18Z</time>
<speed>1.549273</speed>
<trueHeading>0.000000</trueHeading>
<magneticHeading>0.000000</magneticHeading>
<gpsHeading>185.913651</gpsHeading>
<haccuracy>6.279000</haccuracy>
<vaccuracy>6.279000</vaccuracy>
<internetconnect>2</internetconnect>
</trkpt>
<trkpt lat="35.839203" lon="139.077795">
<ele>756.000000</ele>
<time>2026-08-02T04:52:05Z</time>
<speed>1.608515</speed>
<trueHeading>0.000000</trueHeading>
<magneticHeading>0.000000</magneticHeading>
<gpsHeading>181.608871</gpsHeading>
<haccuracy>4.886000</haccuracy>
<vaccuracy>4.886000</vaccuracy>
<internetconnect>2</internetconnect>
</trkpt>
<trkpt lat="35.838868" lon="139.077982">
<ele>741.666667</ele>
<time>2026-08-02T04:52:52Z</time>
<speed>1.487635</speed>
<trueHeading>0.000000</trueHeading>
<magneticHeading>0.000000</magneticHeading>
<gpsHeading>155.630615</gpsHeading>
<haccuracy>5.130000</haccuracy>
<vaccuracy>5.130000</vaccuracy>
<internetconnect>2</internetconnect>
</trkpt>
<trkpt lat="35.838527" lon="139.078221">
<ele>727.333333</ele>
<time>2026-08-02T04:53:39Z</time>
<speed>1.594687</speed>
<trueHeading>0.000000</trueHeading>
<magneticHeading>0.000000</magneticHeading>
<gpsHeading>150.399704</gpsHeading>
<haccuracy>5.361000</haccuracy>
<vaccuracy>5.361000</vaccuracy>
<internetconnect>2</internetconnect>
</trkpt>
<trkpt lat="35.838204" lon="139.078402">
<ele>712.333333</ele>
<time>2026-08-02T04:54:26Z</time>
<speed>1.552367</speed>
<trueHeading>0.000000</trueHeading>
<magneticHeading>0.000000</magneticHeading>
<gpsHeading>155.584503</gpsHeading>
<haccuracy>4.361000</haccuracy>
<vaccuracy>4.361000</vaccuracy>
<internetconnect>2</internetconnect>
</trkpt>
<trkpt lat="35.837942" lon="139.078235">
<ele>695.333333</ele>
<time>2026-08-02T04:55:18Z</time>
<speed>1.534695</speed>
<trueHeading>0.000000</trueHeading>
<magneticHeading>0.000000</magneticHeading>
<gpsHeading>207.354645</gpsHeading>
<haccuracy>5.072000</haccuracy>
<vaccuracy>5.072000</vaccuracy>
<internetconnect>2</internetconnect>
</trkpt>
<trkpt lat="35.837685" lon="139.078392">
<ele>679.333333</ele>
<time>2026-08-02T04:56:05Z</time>
<speed>1.608142</speed>
<trueHeading>0.000000</trueHeading>
<magneticHeading>0.000000</magneticHeading>
<gpsHeading>153.558670</gpsHeading>
<haccuracy>4.980000</haccuracy>
<vaccuracy>4.980000</vaccuracy>
<internetconnect>2</internetconnect>
</trkpt>
<trkpt lat="35.837405" lon="139.078266">
<ele>661.000000</ele>
<time>2026-08-02T04:57:56Z</time>
<speed>1.584445</speed>
<trueHeading>0.000000</trueHeading>
<magneticHeading>0.000000</magneticHeading>
<gpsHeading>200.050323</gpsHeading>
<haccuracy>5.885000</haccuracy>
<vaccuracy>5.885000</vaccuracy>
<internetconnect>2</internetconnect>
</trkpt>
<trkpt lat="35.837122" lon="139.078288">
<ele>643.333333</ele>
<time>2026-08-02T04:58:57Z</time>
<speed>1.560214</speed>
<trueHeading>0.000000</trueHeading>
<magneticHeading>0.000000</magneticHeading>
<gpsHeading>176.414047</gpsHeading>
<haccuracy>5.008000</haccuracy>
<vaccuracy>5.008000</vaccuracy>
<internetconnect>2</internetconnect>
</trkpt>
<trkpt lat="35.836799" lon="139.078436">
<ele>627.666667</ele>
<time>2026-08-02T04:59:48Z</time>
<speed>1.508340</speed>
<trueHeading>0.000000</trueHeading>
<magneticHeading>0.000000</magneticHeading>
<gpsHeading>159.666763</gpsHeading>
<haccuracy>5.155000</haccuracy>
<vaccuracy>5.155000</vaccuracy>
<internetconnect>2</internetconnect>
</trkpt>
<trkpt lat="35.836518" lon="139.078551">
<ele>616.333333</ele>
<time>2026-08-02T05:00:49Z</time>
<speed>1.283954</speed>
<trueHeading>0.000000</trueHeading>
<magneticHeading>0.000000</magneticHeading>
<gpsHeading>161.525406</gpsHeading>
<haccuracy>4.342000</haccuracy>
<vaccuracy>4.342000</vaccuracy>
<internetconnect>2</internetconnect>
</trkpt>
<trkpt lat="35.836088" lon="139.078734">
<ele>605.000000</ele>
<time>2026-08-02T05:01:36Z</time>
<speed>1.576548</speed>
<trueHeading>0.000000</trueHeading>
<magneticHeading>0.000000</magneticHeading>
<gpsHeading>160.975845</gpsHeading>
<haccuracy>5.373000</haccuracy>
<vaccuracy>5.373000</vaccuracy>
<internetconnect>2</internetconnect>
</trkpt>
<trkpt lat="35.835772" lon="139.078443">
<ele>591.333333</ele>
<time>2026-08-02T05:02:23Z</time>
<speed>1.474906</speed>
<trueHeading>0.000000</trueHeading>
<magneticHeading>0.000000</magneticHeading>
<gpsHeading>216.763138</gpsHeading>
<haccuracy>5.654000</haccuracy>
<vaccuracy>5.654000</vaccuracy>
<internetconnect>2</internetconnect>
</trkpt>
<trkpt lat="35.835466" lon="139.078310">
<ele>576.333333</ele>
<time>2026-08-02T05:03:10Z</time>
<speed>1.458018</speed>
<trueHeading>0.000000</trueHeading>
<magneticHeading>0.000000</magneticHeading>
<gpsHeading>199.361938</gpsHeading>
<haccuracy>5.287000</haccuracy>
<vaccuracy>5.287000</vaccuracy>
<internetconnect>2</internetconnect>
</trkpt>
<trkpt lat="35.835159" lon="139.078186">
<ele>562.333333</ele>
<time>2026-08-02T05:03:57Z</time>
<speed>1.645361</speed>
<trueHeading>0.000000</trueHeading>
<magneticHeading>0.000000</magneticHeading>
<gpsHeading>198.153137</gpsHeading>
<haccuracy>5.682000</haccuracy>
<vaccuracy>5.682000</vaccuracy>
<internetconnect>2</internetconnect>
</trkpt>
<trkpt lat="35.834807" lon="139.078059">
<ele>549.000000</ele>
<time>2026-08-02T05:04:44Z</time>
<speed>1.421987</speed>
<trueHeading>0.000000</trueHeading>
<magneticHeading>0.000000</magneticHeading>
<gpsHeading>196.273041</gpsHeading>
<haccuracy>6.429000</haccuracy>
<vaccuracy>6.429000</vaccuracy>
<internetconnect>2</internetconnect>
</trkpt>
<trkpt lat="35.834537" lon="139.077877">
<ele>536.000000</ele>
<time>2026-08-02T05:05:35Z</time>
<speed>1.485439</speed>
<trueHeading>0.000000</trueHeading>
<magneticHeading>0.000000</magneticHeading>
<gpsHeading>208.690750</gpsHeading>
<haccuracy>5.714000</haccuracy>
<vaccuracy>5.714000</vaccuracy>
<internetconnect>2</internetconnect>
</trkpt>
<trkpt lat="35.834153" lon="139.077857">
<ele>524.666667</ele>
<time>2026-08-02T05:06:23Z</time>
<speed>1.246281</speed>
<trueHeading>0.000000</trueHeading>
<magneticHeading>0.000000</magneticHeading>
<gpsHeading>182.417862</gpsHeading>
<haccuracy>4.376000</haccuracy>
<vaccuracy>4.376000</vaccuracy>
<internetconnect>2</internetconnect>
</trkpt>
<trkpt lat="35.833873" lon="139.077538">
<ele>515.000000</ele>
<time>2026-08-02T05:07:10Z</time>
<speed>0.599241</speed>
<trueHeading>0.000000</trueHeading>
<magneticHeading>0.000000</magneticHeading>
<gpsHeading>222.761261</gpsHeading>
<haccuracy>5.832000</haccuracy>
<vaccuracy>5.832000</vaccuracy>
<internetconnect>2</internetconnect>
</trkpt>
<trkpt lat="35.833625" lon="139.077349">
<ele>507.333333</ele>
<time>2026-08-02T05:07:59Z</time>
<speed>1.466247</speed>
<trueHeading>0.000000</trueHeading>
<magneticHeading>0.000000</magneticHeading>
<gpsHeading>211.539368</gpsHeading>
<haccuracy>5.131000</haccuracy>
<vaccuracy>5.131000</vaccuracy>
<internetconnect>2</internetconnect>
</trkpt>
<trkpt lat="35.833327" lon="139.077002">
<ele>500.666667</ele>
<time>2026-08-02T05:08:46Z</time>
<speed>1.364270</speed>
<trueHeading>0.000000</trueHeading>
<magneticHeading>0.000000</magneticHeading>
<gpsHeading>223.418091</gpsHeading>
<haccuracy>5.872000</haccuracy>
<vaccuracy>5.872000</vaccuracy>
<internetconnect>2</internetconnect>
</trkpt>
<trkpt lat="35.832965" lon="139.076965">
<ele>491.000000</ele>
<time>2026-08-02T05:09:34Z</time>
<speed>1.360554</speed>
<trueHeading>0.000000</trueHeading>
<magneticHeading>0.000000</magneticHeading>
<gpsHeading>184.733047</gpsHeading>
<haccuracy>4.781000</haccuracy>
<vaccuracy>4.781000</vaccuracy>
<internetconnect>2</internetconnect>
</trkpt>
<trkpt lat="35.832635" lon="139.077142">
<ele>476.000000</ele>
<time>2026-08-02T05:10:21Z</time>
<speed>1.131117</speed>
<trueHeading>0.000000</trueHeading>
<magneticHeading>0.000000</magneticHeading>
<gpsHeading>156.537750</gpsHeading>
<haccuracy>4.978000</haccuracy>
<vaccuracy>4.978000</vaccuracy>
<internetconnect>2</internetconnect>
</trkpt>
<trkpt lat="35.832447" lon="139.077397">
<ele>456.666667</ele>
<time>2026-08-02T05:11:18Z</time>
<speed>1.420466</speed>
<trueHeading>0.000000</trueHeading>
<magneticHeading>0.000000</magneticHeading>
<gpsHeading>132.403564</gpsHeading>
<haccuracy>5.235000</haccuracy>
<vaccuracy>5.235000</vaccuracy>
<internetconnect>2</internetconnect>
</trkpt>
<trkpt lat="35.832361" lon="139.077732">
<ele>439.666667</ele>
<time>2026-08-02T05:12:25Z</time>
<speed>1.430310</speed>
<trueHeading>0.000000</trueHeading>
<magneticHeading>0.000000</magneticHeading>
<gpsHeading>107.575180</gpsHeading>
<haccuracy>6.991000</haccuracy>
<vaccuracy>6.991000</vaccuracy>
<internetconnect>2</internetconnect>
</trkpt>
<trkpt lat="35.831946" lon="139.077729">
<ele>426.000000</ele>
<time>2026-08-02T05:13:12Z</time>
<speed>1.404592</speed>
<trueHeading>0.000000</trueHeading>
<magneticHeading>0.000000</magneticHeading>
<gpsHeading>180.279831</gpsHeading>
<haccuracy>5.438000</haccuracy>
<vaccuracy>5.438000</vaccuracy>
<internetconnect>2</internetconnect>
</trkpt>
<trkpt lat="35.831681" lon="139.077944">
<ele>422.333333</ele>
<time>2026-08-02T05:13:59Z</time>
<speed>1.329462</speed>
<trueHeading>0.000000</trueHeading>
<magneticHeading>0.000000</magneticHeading>
<gpsHeading>146.747696</gpsHeading>
<haccuracy>5.392000</haccuracy>
<vaccuracy>5.392000</vaccuracy>
<internetconnect>2</internetconnect>
</trkpt>
<trkpt lat="35.831911" lon="139.077486">
<ele>421.000000</ele>
<time>2026-08-02T05:14:48Z</time>
<speed>1.679188</speed>
<trueHeading>0.000000</trueHeading>
<magneticHeading>0.000000</magneticHeading>
<gpsHeading>301.864044</gpsHeading>
<haccuracy>5.073000</haccuracy>
<vaccuracy>5.073000</vaccuracy>
<internetconnect>2</internetconnect>
</trkpt>
<trkpt lat="35.832000" lon="139.076621">
<ele>418.666667</ele>
<time>2026-08-02T05:15:36Z</time>
<speed>1.690119</speed>
<trueHeading>0.000000</trueHeading>
<magneticHeading>0.000000</magneticHeading>
<gpsHeading>277.258484</gpsHeading>
<haccuracy>5.540000</haccuracy>
<vaccuracy>5.540000</vaccuracy>
<internetconnect>2</internetconnect>
</trkpt>
<trkpt lat="35.831685" lon="139.076353">
<ele>413.333333</ele>
<time>2026-08-02T05:16:23Z</time>
<speed>1.577873</speed>
<trueHeading>0.000000</trueHeading>
<magneticHeading>0.000000</magneticHeading>
<gpsHeading>214.579803</gpsHeading>
<haccuracy>5.428000</haccuracy>
<vaccuracy>5.428000</vaccuracy>
<internetconnect>2</internetconnect>
</trkpt>
<trkpt lat="35.831095" lon="139.076772">
<ele>412.666667</ele>
<time>2026-08-02T05:17:10Z</time>
<speed>1.682679</speed>
<trueHeading>0.000000</trueHeading>
<magneticHeading>0.000000</magneticHeading>
<gpsHeading>150.106888</gpsHeading>
<haccuracy>5.356000</haccuracy>
<vaccuracy>5.356000</vaccuracy>
<internetconnect>2</internetconnect>
</trkpt>
<trkpt lat="35.830453" lon="139.076746">
<ele>417.333333</ele>
<time>2026-08-02T05:17:57Z</time>
<speed>1.649378</speed>
<trueHeading>0.000000</trueHeading>
<magneticHeading>0.000000</magneticHeading>
<gpsHeading>181.889282</gpsHeading>
<haccuracy>6.033000</haccuracy>
<vaccuracy>6.033000</vaccuracy>
<internetconnect>2</internetconnect>
</trkpt>
<trkpt lat="35.830048" lon="139.075998">
<ele>417.333333</ele>
<time>2026-08-02T05:18:44Z</time>
<speed>1.683464</speed>
<trueHeading>0.000000</trueHeading>
<magneticHeading>0.000000</magneticHeading>
<gpsHeading>236.277542</gpsHeading>
<haccuracy>5.665000</haccuracy>
<vaccuracy>5.665000</vaccuracy>
<internetconnect>2</internetconnect>
</trkpt>
<trkpt lat="35.829558" lon="139.075682">
<ele>412.666667</ele>
<time>2026-08-02T05:19:30Z</time>
<speed>1.685986</speed>
<trueHeading>0.000000</trueHeading>
<magneticHeading>0.000000</magneticHeading>
<gpsHeading>207.569061</gpsHeading>
<haccuracy>5.889000</haccuracy>
<vaccuracy>5.889000</vaccuracy>
<internetconnect>2</internetconnect>
</trkpt>
<trkpt lat="35.828904" lon="139.075568">
<ele>407.333333</ele>
<time>2026-08-02T05:20:16Z</time>
<speed>1.629943</speed>
<trueHeading>0.000000</trueHeading>
<magneticHeading>0.000000</magneticHeading>
<gpsHeading>188.012634</gpsHeading>
<haccuracy>5.542000</haccuracy>
<vaccuracy>5.542000</vaccuracy>
<internetconnect>2</internetconnect>
</trkpt>
<trkpt lat="35.828266" lon="139.075899">
<ele>406.000000</ele>
<time>2026-08-02T05:21:07Z</time>
<speed>1.547975</speed>
<trueHeading>0.000000</trueHeading>
<magneticHeading>0.000000</magneticHeading>
<gpsHeading>157.157730</gpsHeading>
<haccuracy>5.191000</haccuracy>
<vaccuracy>5.191000</vaccuracy>
<internetconnect>2</internetconnect>
</trkpt>
<trkpt lat="35.827586" lon="139.076088">
<ele>405.666667</ele>
<time>2026-08-02T05:21:57Z</time>
<speed>1.594781</speed>
<trueHeading>0.000000</trueHeading>
<magneticHeading>0.000000</magneticHeading>
<gpsHeading>167.358704</gpsHeading>
<haccuracy>5.436000</haccuracy>
<vaccuracy>5.436000</vaccuracy>
<internetconnect>2</internetconnect>
</trkpt>
<trkpt lat="35.826968" lon="139.076213">
<ele>403.000000</ele>
<time>2026-08-02T05:22:44Z</time>
<speed>1.624262</speed>
<trueHeading>0.000000</trueHeading>
<magneticHeading>0.000000</magneticHeading>
<gpsHeading>170.626572</gpsHeading>
<haccuracy>5.292000</haccuracy>
<vaccuracy>5.292000</vaccuracy>
<internetconnect>2</internetconnect>
</trkpt>
<trkpt lat="35.826269" lon="139.076207">
<ele>398.666667</ele>
<time>2026-08-02T05:23:34Z</time>
<speed>1.656959</speed>
<trueHeading>0.000000</trueHeading>
<magneticHeading>0.000000</magneticHeading>
<gpsHeading>180.431976</gpsHeading>
<haccuracy>5.792000</haccuracy>
<vaccuracy>5.792000</vaccuracy>
<internetconnect>2</internetconnect>
</trkpt>
<trkpt lat="35.825659" lon="139.076407">
<ele>396.666667</ele>
<time>2026-08-02T05:24:21Z</time>
<speed>1.706741</speed>
<trueHeading>0.000000</trueHeading>
<magneticHeading>0.000000</magneticHeading>
<gpsHeading>165.115143</gpsHeading>
<haccuracy>6.070000</haccuracy>
<vaccuracy>6.070000</vaccuracy>
<internetconnect>2</internetconnect>
</trkpt>
<trkpt lat="35.825134" lon="139.076833">
<ele>395.666667</ele>
<time>2026-08-02T05:25:08Z</time>
<speed>1.686023</speed>
<trueHeading>0.000000</trueHeading>
<magneticHeading>0.000000</magneticHeading>
<gpsHeading>146.625122</gpsHeading>
<haccuracy>5.072000</haccuracy>
<vaccuracy>5.072000</vaccuracy>
<internetconnect>2</internetconnect>
</trkpt>
<trkpt lat="35.824502" lon="139.077128">
<ele>400.000000</ele>
<time>2026-08-02T05:25:56Z</time>
<speed>1.610663</speed>
<trueHeading>0.000000</trueHeading>
<magneticHeading>0.000000</magneticHeading>
<gpsHeading>159.295456</gpsHeading>
<haccuracy>5.171000</haccuracy>
<vaccuracy>5.171000</vaccuracy>
<internetconnect>2</internetconnect>
</trkpt>
<trkpt lat="35.824023" lon="139.077440">
<ele>402.666667</ele>
<time>2026-08-02T05:26:43Z</time>
<speed>1.261785</speed>
<trueHeading>0.000000</trueHeading>
<magneticHeading>0.000000</magneticHeading>
<gpsHeading>152.139984</gpsHeading>
<haccuracy>4.883000</haccuracy>
<vaccuracy>4.883000</vaccuracy>
<internetconnect>2</internetconnect>
</trkpt>
<trkpt lat="35.823814" lon="139.077627">
<ele>406.000000</ele>
<time>2026-08-02T05:28:49Z</time>
<speed>0.173500</speed>
<trueHeading>0.000000</trueHeading>
<magneticHeading>0.000000</magneticHeading>
<gpsHeading>143.945847</gpsHeading>
<haccuracy>5.137000</haccuracy>
<vaccuracy>5.137000</vaccuracy>
<internetconnect>2</internetconnect>
</trkpt>
<trkpt lat="35.823264" lon="139.078236">
<ele>407.000000</ele>
<time>2026-08-02T05:29:36Z</time>
<speed>1.710008</speed>
<trueHeading>0.000000</trueHeading>
<magneticHeading>0.000000</magneticHeading>
<gpsHeading>138.113480</gpsHeading>
<haccuracy>5.783000</haccuracy>
<vaccuracy>5.783000</vaccuracy>
<internetconnect>2</internetconnect>
</trkpt>
<trkpt lat="35.822861" lon="139.079006">
<ele>408.666667</ele>
<time>2026-08-02T05:30:23Z</time>
<speed>1.662325</speed>
<trueHeading>0.000000</trueHeading>
<magneticHeading>0.000000</magneticHeading>
<gpsHeading>122.835411</gpsHeading>
<haccuracy>5.669000</haccuracy>
<vaccuracy>5.669000</vaccuracy>
<internetconnect>2</internetconnect>
</trkpt>
<trkpt lat="35.822674" lon="139.079840">
<ele>408.000000</ele>
<time>2026-08-02T05:31:09Z</time>
<speed>1.684967</speed>
<trueHeading>0.000000</trueHeading>
<magneticHeading>0.000000</magneticHeading>
<gpsHeading>105.446411</gpsHeading>
<haccuracy>6.431000</haccuracy>
<vaccuracy>6.431000</vaccuracy>
<internetconnect>2</internetconnect>
</trkpt>
<trkpt lat="35.823099" lon="139.080596">
<ele>406.333333</ele>
<time>2026-08-02T05:32:00Z</time>
<speed>1.629430</speed>
<trueHeading>0.000000</trueHeading>
<magneticHeading>0.000000</magneticHeading>
<gpsHeading>55.252422</gpsHeading>
<haccuracy>5.723000</haccuracy>
<vaccuracy>5.723000</vaccuracy>
<internetconnect>2</internetconnect>
</trkpt>
<trkpt lat="35.822853" lon="139.081277">
<ele>404.333333</ele>
<time>2026-08-02T05:32:46Z</time>
<speed>1.677989</speed>
<trueHeading>0.000000</trueHeading>
<magneticHeading>0.000000</magneticHeading>
<gpsHeading>114.005814</gpsHeading>
<haccuracy>5.555000</haccuracy>
<vaccuracy>5.555000</vaccuracy>
<internetconnect>2</internetconnect>
</trkpt>
<trkpt lat="35.822236" lon="139.081626">
<ele>405.333333</ele>
<time>2026-08-02T05:33:33Z</time>
<speed>1.632529</speed>
<trueHeading>0.000000</trueHeading>
<magneticHeading>0.000000</magneticHeading>
<gpsHeading>155.405472</gpsHeading>
<haccuracy>5.575000</haccuracy>
<vaccuracy>5.575000</vaccuracy>
<internetconnect>2</internetconnect>
</trkpt>
<trkpt lat="35.821595" lon="139.082067">
<ele>408.666667</ele>
<time>2026-08-02T05:34:21Z</time>
<speed>1.657760</speed>
<trueHeading>0.000000</trueHeading>
<magneticHeading>0.000000</magneticHeading>
<gpsHeading>150.813324</gpsHeading>
<haccuracy>5.937000</haccuracy>
<vaccuracy>5.937000</vaccuracy>
<internetconnect>2</internetconnect>
</trkpt>
<trkpt lat="35.821171" lon="139.082682">
<ele>423.000000</ele>
<time>2026-08-02T05:35:08Z</time>
<speed>1.678218</speed>
<trueHeading>0.000000</trueHeading>
<magneticHeading>0.000000</magneticHeading>
<gpsHeading>130.330688</gpsHeading>
<haccuracy>5.500000</haccuracy>
<vaccuracy>5.500000</vaccuracy>
<internetconnect>2</internetconnect>
</trkpt>
<trkpt lat="35.821122" lon="139.083602">
<ele>422.333333</ele>
<time>2026-08-02T05:35:54Z</time>
<speed>1.649006</speed>
<trueHeading>0.000000</trueHeading>
<magneticHeading>0.000000</magneticHeading>
<gpsHeading>93.828163</gpsHeading>
<haccuracy>5.829000</haccuracy>
<vaccuracy>5.829000</vaccuracy>
<internetconnect>2</internetconnect>
</trkpt>
<trkpt lat="35.821645" lon="139.084117">
<ele>420.333333</ele>
<time>2026-08-02T05:36:41Z</time>
<speed>1.632840</speed>
<trueHeading>0.000000</trueHeading>
<magneticHeading>0.000000</magneticHeading>
<gpsHeading>38.594841</gpsHeading>
<haccuracy>5.224000</haccuracy>
<vaccuracy>5.224000</vaccuracy>
<internetconnect>2</internetconnect>
</trkpt>
<trkpt lat="35.821178" lon="139.084523">
<ele>406.000000</ele>
<time>2026-08-02T05:37:27Z</time>
<speed>1.596108</speed>
<trueHeading>0.000000</trueHeading>
<magneticHeading>0.000000</magneticHeading>
<gpsHeading>144.851135</gpsHeading>
<haccuracy>5.101000</haccuracy>
<vaccuracy>5.101000</vaccuracy>
<internetconnect>2</internetconnect>
</trkpt>
<trkpt lat="35.820545" lon="139.084790">
<ele>405.666667</ele>
<time>2026-08-02T05:38:18Z</time>
<speed>1.585613</speed>
<trueHeading>0.000000</trueHeading>
<magneticHeading>0.000000</magneticHeading>
<gpsHeading>161.090378</gpsHeading>
<haccuracy>6.553000</haccuracy>
<vaccuracy>6.553000</vaccuracy>
<internetconnect>2</internetconnect>
</trkpt>
<trkpt lat="35.819901" lon="139.084922">
<ele>405.000000</ele>
<time>2026-08-02T05:39:04Z</time>
<speed>1.694690</speed>
<trueHeading>0.000000</trueHeading>
<magneticHeading>0.000000</magneticHeading>
<gpsHeading>170.596054</gpsHeading>
<haccuracy>6.388000</haccuracy>
<vaccuracy>6.388000</vaccuracy>
<internetconnect>2</internetconnect>
</trkpt>
<trkpt lat="35.819309" lon="139.085337">
<ele>405.000000</ele>
<time>2026-08-02T05:39:51Z</time>
<speed>1.713177</speed>
<trueHeading>0.000000</trueHeading>
<magneticHeading>0.000000</magneticHeading>
<gpsHeading>150.358841</gpsHeading>
<haccuracy>5.580000</haccuracy>
<vaccuracy>5.580000</vaccuracy>
<internetconnect>2</internetconnect>
</trkpt>
<trkpt lat="35.818734" lon="139.085516">
<ele>404.333333</ele>
<time>2026-08-02T05:40:38Z</time>
<speed>1.687858</speed>
<trueHeading>0.000000</trueHeading>
<magneticHeading>0.000000</magneticHeading>
<gpsHeading>165.844757</gpsHeading>
<haccuracy>5.550000</haccuracy>
<vaccuracy>5.550000</vaccuracy>
<internetconnect>2</internetconnect>
</trkpt>
<trkpt lat="35.818258" lon="139.086036">
<ele>400.666667</ele>
<time>2026-08-02T05:41:26Z</time>
<speed>1.618453</speed>
<trueHeading>0.000000</trueHeading>
<magneticHeading>0.000000</magneticHeading>
<gpsHeading>138.407806</gpsHeading>
<haccuracy>5.899000</haccuracy>
<vaccuracy>5.899000</vaccuracy>
<internetconnect>2</internetconnect>
</trkpt>
<trkpt lat="35.817645" lon="139.086296">
<ele>394.333333</ele>
<time>2026-08-02T05:42:13Z</time>
<speed>1.649549</speed>
<trueHeading>0.000000</trueHeading>
<magneticHeading>0.000000</magneticHeading>
<gpsHeading>161.046463</gpsHeading>
<haccuracy>6.250000</haccuracy>
<vaccuracy>6.250000</vaccuracy>
<internetconnect>2</internetconnect>
</trkpt>
<trkpt lat="35.816875" lon="139.086495">
<ele>391.000000</ele>
<time>2026-08-02T05:42:59Z</time>
<speed>1.647366</speed>
<trueHeading>0.000000</trueHeading>
<magneticHeading>0.000000</magneticHeading>
<gpsHeading>168.160995</gpsHeading>
<haccuracy>5.527000</haccuracy>
<vaccuracy>5.527000</vaccuracy>
<internetconnect>2</internetconnect>
</trkpt>
<trkpt lat="35.816427" lon="139.086920">
<ele>390.000000</ele>
<time>2026-08-02T05:43:46Z</time>
<speed>1.666590</speed>
<trueHeading>0.000000</trueHeading>
<magneticHeading>0.000000</magneticHeading>
<gpsHeading>142.431244</gpsHeading>
<haccuracy>4.976000</haccuracy>
<vaccuracy>4.976000</vaccuracy>
<internetconnect>2</internetconnect>
</trkpt>
<trkpt lat="35.816180" lon="139.087725">
<ele>392.333333</ele>
<time>2026-08-02T05:44:33Z</time>
<speed>1.695962</speed>
<trueHeading>0.000000</trueHeading>
<magneticHeading>0.000000</magneticHeading>
<gpsHeading>110.736588</gpsHeading>
<haccuracy>5.388000</haccuracy>
<vaccuracy>5.388000</vaccuracy>
<internetconnect>2</internetconnect>
</trkpt>
<trkpt lat="35.816119" lon="139.088576">
<ele>390.666667</ele>
<time>2026-08-02T05:45:20Z</time>
<speed>1.675127</speed>
<trueHeading>0.000000</trueHeading>
<magneticHeading>0.000000</magneticHeading>
<gpsHeading>95.060425</gpsHeading>
<haccuracy>5.859000</haccuracy>
<vaccuracy>5.859000</vaccuracy>
<internetconnect>2</internetconnect>
</trkpt>
<trkpt lat="35.816169" lon="139.089410">
<ele>391.666667</ele>
<time>2026-08-02T05:46:11Z</time>
<speed>1.632193</speed>
<trueHeading>0.000000</trueHeading>
<magneticHeading>0.000000</magneticHeading>
<gpsHeading>85.765251</gpsHeading>
<haccuracy>9.904000</haccuracy>
<vaccuracy>9.904000</vaccuracy>
<internetconnect>2</internetconnect>
</trkpt>
<trkpt lat="35.815852" lon="139.089861">
<ele>388.666667</ele>
<time>2026-08-02T05:46:57Z</time>
<speed>1.544300</speed>
<trueHeading>0.000000</trueHeading>
<magneticHeading>0.000000</magneticHeading>
<gpsHeading>130.926743</gpsHeading>
<haccuracy>5.069000</haccuracy>
<vaccuracy>5.069000</vaccuracy>
<internetconnect>2</internetconnect>
</trkpt>
<trkpt lat="35.815526" lon="139.090417">
<ele>384.000000</ele>
<time>2026-08-02T05:47:45Z</time>
<speed>1.723487</speed>
<trueHeading>0.000000</trueHeading>
<magneticHeading>0.000000</magneticHeading>
<gpsHeading>125.888382</gpsHeading>
<haccuracy>5.521000</haccuracy>
<vaccuracy>5.521000</vaccuracy>
<internetconnect>2</internetconnect>
</trkpt>
<trkpt lat="35.815543" lon="139.091278">
<ele>381.000000</ele>
<time>2026-08-02T05:48:32Z</time>
<speed>1.708730</speed>
<trueHeading>0.000000</trueHeading>
<magneticHeading>0.000000</magneticHeading>
<gpsHeading>88.554817</gpsHeading>
<haccuracy>5.536000</haccuracy>
<vaccuracy>5.536000</vaccuracy>
<internetconnect>2</internetconnect>
</trkpt>
<trkpt lat="35.815362" lon="139.092114">
<ele>381.000000</ele>
<time>2026-08-02T05:49:20Z</time>
<speed>1.672415</speed>
<trueHeading>0.000000</trueHeading>
<magneticHeading>0.000000</magneticHeading>
<gpsHeading>104.988373</gpsHeading>
<haccuracy>5.282000</haccuracy>
<vaccuracy>5.282000</vaccuracy>
<internetconnect>2</internetconnect>
</trkpt>
<trkpt lat="35.814725" lon="139.092022">
<ele>382.333333</ele>
<time>2026-08-02T05:50:07Z</time>
<speed>1.691324</speed>
<trueHeading>0.000000</trueHeading>
<magneticHeading>0.000000</magneticHeading>
<gpsHeading>186.663498</gpsHeading>
<haccuracy>5.386000</haccuracy>
<vaccuracy>5.386000</vaccuracy>
<internetconnect>2</internetconnect>
</trkpt>
<trkpt lat="35.814038" lon="139.092028">
<ele>379.000000</ele>
<time>2026-08-02T05:50:55Z</time>
<speed>1.747404</speed>
<trueHeading>0.000000</trueHeading>
<magneticHeading>0.000000</magneticHeading>
<gpsHeading>179.594223</gpsHeading>
<haccuracy>5.759000</haccuracy>
<vaccuracy>5.759000</vaccuracy>
<internetconnect>2</internetconnect>
</trkpt>
<trkpt lat="35.813456" lon="139.092460">
<ele>371.666667</ele>
<time>2026-08-02T05:51:41Z</time>
<speed>1.719301</speed>
<trueHeading>0.000000</trueHeading>
<magneticHeading>0.000000</magneticHeading>
<gpsHeading>149.019363</gpsHeading>
<haccuracy>6.219000</haccuracy>
<vaccuracy>6.219000</vaccuracy>
<internetconnect>2</internetconnect>
</trkpt>
<trkpt lat="35.813119" lon="139.093115">
<ele>364.000000</ele>
<time>2026-08-02T05:52:29Z</time>
<speed>1.716127</speed>
<trueHeading>0.000000</trueHeading>
<magneticHeading>0.000000</magneticHeading>
<gpsHeading>122.304588</gpsHeading>
<haccuracy>5.728000</haccuracy>
<vaccuracy>5.728000</vaccuracy>
<internetconnect>2</internetconnect>
</trkpt>
<trkpt lat="35.812541" lon="139.093333">
<ele>353.666667</ele>
<time>2026-08-02T05:53:16Z</time>
<speed>1.730072</speed>
<trueHeading>0.000000</trueHeading>
<magneticHeading>0.000000</magneticHeading>
<gpsHeading>163.008270</gpsHeading>
<haccuracy>5.343000</haccuracy>
<vaccuracy>5.343000</vaccuracy>
<internetconnect>2</internetconnect>
</trkpt>
<trkpt lat="35.812893" lon="139.093964">
<ele>351.333333</ele>
<time>2026-08-02T05:54:03Z</time>
<speed>1.621250</speed>
<trueHeading>0.000000</trueHeading>
<magneticHeading>0.000000</magneticHeading>
<gpsHeading>55.545082</gpsHeading>
<haccuracy>6.107000</haccuracy>
<vaccuracy>6.107000</vaccuracy>
<internetconnect>2</internetconnect>
</trkpt>
<trkpt lat="35.812393" lon="139.094533">
<ele>352.666667</ele>
<time>2026-08-02T05:54:49Z</time>
<speed>1.590679</speed>
<trueHeading>0.000000</trueHeading>
<magneticHeading>0.000000</magneticHeading>
<gpsHeading>137.247787</gpsHeading>
<haccuracy>9.664000</haccuracy>
<vaccuracy>9.664000</vaccuracy>
<internetconnect>2</internetconnect>
</trkpt>
<trkpt lat="35.811855" lon="139.094803">
<ele>357.333333</ele>
<time>2026-08-02T05:55:35Z</time>
<speed>1.604316</speed>
<trueHeading>0.000000</trueHeading>
<magneticHeading>0.000000</magneticHeading>
<gpsHeading>157.858536</gpsHeading>
<haccuracy>6.053000</haccuracy>
<vaccuracy>6.053000</vaccuracy>
<internetconnect>2</internetconnect>
</trkpt>
<trkpt lat="35.811814" lon="139.094878">
<ele>355.333333</ele>
<time>2026-08-02T05:58:44Z</time>
<speed>0.113015</speed>
<trueHeading>0.000000</trueHeading>
<magneticHeading>0.000000</magneticHeading>
<gpsHeading>124.242691</gpsHeading>
<haccuracy>4.812000</haccuracy>
<vaccuracy>4.812000</vaccuracy>
<internetconnect>2</internetconnect>
</trkpt>
<trkpt lat="35.811634" lon="139.095271">
<ele>351.000000</ele>
<time>2026-08-02T05:59:32Z</time>
<speed>1.612258</speed>
<trueHeading>0.000000</trueHeading>
<magneticHeading>0.000000</magneticHeading>
<gpsHeading>119.493813</gpsHeading>
<haccuracy>8.939000</haccuracy>
<vaccuracy>8.939000</vaccuracy>
<internetconnect>2</internetconnect>
</trkpt>
<trkpt lat="35.810887" lon="139.094962">
<ele>344.666667</ele>
<time>2026-08-02T06:00:22Z</time>
<speed>1.607328</speed>
<trueHeading>0.000000</trueHeading>
<magneticHeading>0.000000</magneticHeading>
<gpsHeading>198.489227</gpsHeading>
<haccuracy>5.779000</haccuracy>
<vaccuracy>5.779000</vaccuracy>
<internetconnect>2</internetconnect>
</trkpt>
<trkpt lat="35.810525" lon="139.095137">
<ele>333.666667</ele>
<time>2026-08-02T06:01:09Z</time>
<speed>1.652687</speed>
<trueHeading>0.000000</trueHeading>
<magneticHeading>0.000000</magneticHeading>
<gpsHeading>158.632965</gpsHeading>
<haccuracy>4.675000</haccuracy>
<vaccuracy>4.675000</vaccuracy>
<internetconnect>2</internetconnect>
</trkpt>
<trkpt lat="35.810525" lon="139.095861">
<ele>331.333333</ele>
<time>2026-08-02T06:01:55Z</time>
<speed>1.565390</speed>
<trueHeading>0.000000</trueHeading>
<magneticHeading>0.000000</magneticHeading>
<gpsHeading>89.970726</gpsHeading>
<haccuracy>4.234000</haccuracy>
<vaccuracy>4.234000</vaccuracy>
<internetconnect>2</internetconnect>
</trkpt>
<trkpt lat="35.810443" lon="139.096082">
<ele>327.500000</ele>
<time>2026-08-02T06:02:17Z</time>
<speed>1.185825</speed>
<trueHeading>-999.000000</trueHeading>
<magneticHeading>-999.000000</magneticHeading>
<gpsHeading>114.704781</gpsHeading>
<haccuracy>4.238000</haccuracy>
<vaccuracy>4.238000</vaccuracy>
<internetconnect>2</internetconnect>
</trkpt>
</trkseg></trk>
</gpx>
