<?xml version="1.0" encoding="UTF-8"?>
<gpx xmlns:xsi="http://www.w3.org/2001/XMLSchema-instance" xmlns="http://www.topografix.com/GPX/1/0" xsi:schemaLocation="http://www.topografix.com/GPX/1/1 http://www.topografix.com/GPX/1/1/gpx.xsd" creator="Geographica - http://geographica.biz/" appVersion="Ver 2.1.48:383" device="google sunfish" android="13" carrier="povo">
<trk>
<name>20260523</name>
<trkseg>
<trkpt lat="35.841725" lon="139.044564">
<ele>617.000000</ele>
<time>2026-05-22T23:19:32Z</time>
<speed>0.605018</speed>
<trueHeading>0.000000</trueHeading>
<magneticHeading>0.000000</magneticHeading>
<gpsHeading>0.000000</gpsHeading>
<haccuracy>12.738000</haccuracy>
<vaccuracy>12.738000</vaccuracy>
<internetconnect>2</internetconnect>
</trkpt>
<trkpt lat="35.841741" lon="139.044569">
<ele>617.000000</ele>
<time>2026-05-22T23:19:33Z</time>
<speed>0.560807</speed>
<trueHeading>0.000000</trueHeading>
<magneticHeading>0.000000</magneticHeading>
<gpsHeading>0.000000</gpsHeading>
<haccuracy>11.443000</haccuracy>
<vaccuracy>11.443000</vaccuracy>
<internetconnect>2</internetconnect>
</trkpt>
<trkpt lat="35.841531" lon="139.044046">
<ele>615.666667</ele>
<time>2026-05-22T23:20:23Z</time>
<speed>1.299641</speed>
<trueHeading>0.000000</trueHeading>
<magneticHeading>0.000000</magneticHeading>
<gpsHeading>243.604126</gpsHeading>
<haccuracy>4.684000</haccuracy>
<vaccuracy>4.684000</vaccuracy>
<internetconnect>2</internetconnect>
</trkpt>
<trkpt lat="35.841192" lon="139.043753">
<ele>615.000000</ele>
<time>2026-05-22T23:21:29Z</time>
<speed>0.905817</speed>
<trueHeading>0.000000</trueHeading>
<magneticHeading>0.000000</magneticHeading>
<gpsHeading>215.048523</gpsHeading>
<haccuracy>4.559000</haccuracy>
<vaccuracy>4.559000</vaccuracy>
<internetconnect>2</internetconnect>
</trkpt>
<trkpt lat="35.841220" lon="139.042988">
<ele>615.000000</ele>
<time>2026-05-22T23:22:16Z</time>
<speed>1.443851</speed>
<trueHeading>0.000000</trueHeading>
<magneticHeading>0.000000</magneticHeading>
<gpsHeading>272.595795</gpsHeading>
<haccuracy>3.078000</haccuracy>
<vaccuracy>3.078000</vaccuracy>
<internetconnect>2</internetconnect>
</trkpt>
<trkpt lat="35.841362" lon="139.042227">
<ele>616.666667</ele>
<time>2026-05-22T23:23:05Z</time>
<speed>1.522312</speed>
<trueHeading>0.000000</trueHeading>
<magneticHeading>0.000000</magneticHeading>
<gpsHeading>282.956177</gpsHeading>
<haccuracy>3.317000</haccuracy>
<vaccuracy>3.317000</vaccuracy>
<internetconnect>2</internetconnect>
</trkpt>
<trkpt lat="35.841096" lon="139.041590">
<ele>618.000000</ele>
<time>2026-05-22T23:23:53Z</time>
<speed>1.391930</speed>
<trueHeading>0.000000</trueHeading>
<magneticHeading>0.000000</magneticHeading>
<gpsHeading>242.707932</gpsHeading>
<haccuracy>3.090000</haccuracy>
<vaccuracy>3.090000</vaccuracy>
<internetconnect>2</internetconnect>
</trkpt>
<trkpt lat="35.841188" lon="139.040775">
<ele>618.333333</ele>
<time>2026-05-22T23:24:42Z</time>
<speed>1.535705</speed>
<trueHeading>0.000000</trueHeading>
<magneticHeading>0.000000</magneticHeading>
<gpsHeading>277.916290</gpsHeading>
<haccuracy>3.139000</haccuracy>
<vaccuracy>3.139000</vaccuracy>
<internetconnect>2</internetconnect>
</trkpt>
<trkpt lat="35.841226" lon="139.040276">
<ele>619.333333</ele>
<time>2026-05-22T23:25:32Z</time>
<speed>0.290152</speed>
<trueHeading>0.000000</trueHeading>
<magneticHeading>0.000000</magneticHeading>
<gpsHeading>275.363434</gpsHeading>
<haccuracy>4.820000</haccuracy>
<vaccuracy>4.820000</vaccuracy>
<internetconnect>2</internetconnect>
</trkpt>
<trkpt lat="35.841715" lon="139.039357">
<ele>619.000000</ele>
<time>2026-05-22T23:26:19Z</time>
<speed>1.575350</speed>
<trueHeading>0.000000</trueHeading>
<magneticHeading>0.000000</magneticHeading>
<gpsHeading>303.318665</gpsHeading>
<haccuracy>3.133000</haccuracy>
<vaccuracy>3.133000</vaccuracy>
<internetconnect>2</internetconnect>
</trkpt>
<trkpt lat="35.841916" lon="139.038961">
<ele>619.000000</ele>
<time>2026-05-22T23:27:12Z</time>
<speed>0.083664</speed>
<trueHeading>0.000000</trueHeading>
<magneticHeading>0.000000</magneticHeading>
<gpsHeading>302.097687</gpsHeading>
<haccuracy>4.518000</haccuracy>
<vaccuracy>4.518000</vaccuracy>
<internetconnect>2</internetconnect>
</trkpt>
<trkpt lat="35.842303" lon="139.038382">
<ele>613.333333</ele>
<time>2026-05-22T23:28:00Z</time>
<speed>0.495399</speed>
<trueHeading>0.000000</trueHeading>
<magneticHeading>0.000000</magneticHeading>
<gpsHeading>309.482452</gpsHeading>
<haccuracy>3.038000</haccuracy>
<vaccuracy>3.038000</vaccuracy>
<internetconnect>2</internetconnect>
</trkpt>
<trkpt lat="35.842616" lon="139.037963">
<ele>612.333333</ele>
<time>2026-05-22T23:28:49Z</time>
<speed>1.559509</speed>
<trueHeading>0.000000</trueHeading>
<magneticHeading>0.000000</magneticHeading>
<gpsHeading>312.643127</gpsHeading>
<haccuracy>3.918000</haccuracy>
<vaccuracy>3.918000</vaccuracy>
<internetconnect>2</internetconnect>
</trkpt>
<trkpt lat="35.843517" lon="139.038653">
<ele>606.000000</ele>
<time>2026-05-22T23:29:38Z</time>
<speed>1.776358</speed>
<trueHeading>0.000000</trueHeading>
<magneticHeading>0.000000</magneticHeading>
<gpsHeading>31.794094</gpsHeading>
<haccuracy>3.227000</haccuracy>
<vaccuracy>3.227000</vaccuracy>
<internetconnect>2</internetconnect>
</trkpt>
<trkpt lat="35.844007" lon="139.038561">
<ele>617.333333</ele>
<time>2026-05-22T23:30:26Z</time>
<speed>1.489670</speed>
<trueHeading>0.000000</trueHeading>
<magneticHeading>0.000000</magneticHeading>
<gpsHeading>351.407532</gpsHeading>
<haccuracy>3.000000</haccuracy>
<vaccuracy>3.000000</vaccuracy>
<internetconnect>2</internetconnect>
</trkpt>
<trkpt lat="35.844550" lon="139.039109">
<ele>630.333333</ele>
<time>2026-05-22T23:31:14Z</time>
<speed>1.599551</speed>
<trueHeading>0.000000</trueHeading>
<magneticHeading>0.000000</magneticHeading>
<gpsHeading>39.260307</gpsHeading>
<haccuracy>6.327000</haccuracy>
<vaccuracy>6.327000</vaccuracy>
<internetconnect>2</internetconnect>
</trkpt>
<trkpt lat="35.844893" lon="139.039416">
<ele>637.666667</ele>
<time>2026-05-22T23:32:04Z</time>
<speed>1.180239</speed>
<trueHeading>0.000000</trueHeading>
<magneticHeading>0.000000</magneticHeading>
<gpsHeading>35.999271</gpsHeading>
<haccuracy>4.367000</haccuracy>
<vaccuracy>4.367000</vaccuracy>
<internetconnect>2</internetconnect>
</trkpt>
<trkpt lat="35.845267" lon="139.039307">
<ele>627.333333</ele>
<time>2026-05-22T23:32:52Z</time>
<speed>0.449406</speed>
<trueHeading>0.000000</trueHeading>
<magneticHeading>0.000000</magneticHeading>
<gpsHeading>346.716187</gpsHeading>
<haccuracy>4.122000</haccuracy>
<vaccuracy>4.122000</vaccuracy>
<internetconnect>2</internetconnect>
</trkpt>
<trkpt lat="35.846037" lon="139.038744">
<ele>611.666667</ele>
<time>2026-05-22T23:33:41Z</time>
<speed>1.568058</speed>
<trueHeading>0.000000</trueHeading>
<magneticHeading>0.000000</magneticHeading>
<gpsHeading>329.332947</gpsHeading>
<haccuracy>3.241000</haccuracy>
<vaccuracy>3.241000</vaccuracy>
<internetconnect>2</internetconnect>
</trkpt>
<trkpt lat="35.846807" lon="139.038620">
<ele>606.333333</ele>
<time>2026-05-22T23:34:30Z</time>
<speed>1.473429</speed>
<trueHeading>0.000000</trueHeading>
<magneticHeading>0.000000</magneticHeading>
<gpsHeading>352.600586</gpsHeading>
<haccuracy>3.185000</haccuracy>
<vaccuracy>3.185000</vaccuracy>
<internetconnect>2</internetconnect>
</trkpt>
<trkpt lat="35.847402" lon="139.038269">
<ele>607.666667</ele>
<time>2026-05-22T23:35:18Z</time>
<speed>1.542399</speed>
<trueHeading>0.000000</trueHeading>
<magneticHeading>0.000000</magneticHeading>
<gpsHeading>334.423492</gpsHeading>
<haccuracy>5.924000</haccuracy>
<vaccuracy>5.924000</vaccuracy>
<internetconnect>2</internetconnect>
</trkpt>
<trkpt lat="35.847849" lon="139.037827">
<ele>603.000000</ele>
<time>2026-05-22T23:36:08Z</time>
<speed>1.197340</speed>
<trueHeading>0.000000</trueHeading>
<magneticHeading>0.000000</magneticHeading>
<gpsHeading>321.306152</gpsHeading>
<haccuracy>3.094000</haccuracy>
<vaccuracy>3.094000</vaccuracy>
<internetconnect>2</internetconnect>
</trkpt>
<trkpt lat="35.848460" lon="139.037610">
<ele>606.000000</ele>
<time>2026-05-22T23:36:57Z</time>
<speed>1.539060</speed>
<trueHeading>0.000000</trueHeading>
<magneticHeading>0.000000</magneticHeading>
<gpsHeading>343.946564</gpsHeading>
<haccuracy>3.163000</haccuracy>
<vaccuracy>3.163000</vaccuracy>
<internetconnect>2</internetconnect>
</trkpt>
<trkpt lat="35.849045" lon="139.037340">
<ele>604.000000</ele>
<time>2026-05-22T23:37:46Z</time>
<speed>0.385427</speed>
<trueHeading>0.000000</trueHeading>
<magneticHeading>0.000000</magneticHeading>
<gpsHeading>339.462006</gpsHeading>
<haccuracy>3.249000</haccuracy>
<vaccuracy>3.249000</vaccuracy>
<internetconnect>2</internetconnect>
</trkpt>
<trkpt lat="35.849303" lon="139.038042">
<ele>609.000000</ele>
<time>2026-05-22T23:38:35Z</time>
<speed>1.524589</speed>
<trueHeading>0.000000</trueHeading>
<magneticHeading>0.000000</magneticHeading>
<gpsHeading>65.611420</gpsHeading>
<haccuracy>5.444000</haccuracy>
<vaccuracy>5.444000</vaccuracy>
<internetconnect>2</internetconnect>
</trkpt>
<trkpt lat="35.849671" lon="139.038678">
<ele>611.333333</ele>
<time>2026-05-22T23:39:24Z</time>
<speed>0.156874</speed>
<trueHeading>0.000000</trueHeading>
<magneticHeading>0.000000</magneticHeading>
<gpsHeading>54.437828</gpsHeading>
<haccuracy>4.786000</haccuracy>
<vaccuracy>4.786000</vaccuracy>
<internetconnect>2</internetconnect>
</trkpt>
<trkpt lat="35.850219" lon="139.039381">
<ele>616.666667</ele>
<time>2026-05-22T23:40:13Z</time>
<speed>0.376406</speed>
<trueHeading>0.000000</trueHeading>
<magneticHeading>0.000000</magneticHeading>
<gpsHeading>46.130386</gpsHeading>
<haccuracy>4.926000</haccuracy>
<vaccuracy>4.926000</vaccuracy>
<internetconnect>2</internetconnect>
</trkpt>
<trkpt lat="35.850774" lon="139.039852">
<ele>623.000000</ele>
<time>2026-05-22T23:40:59Z</time>
<speed>0.829695</speed>
<trueHeading>0.000000</trueHeading>
<magneticHeading>0.000000</magneticHeading>
<gpsHeading>34.528942</gpsHeading>
<haccuracy>5.778000</haccuracy>
<vaccuracy>5.778000</vaccuracy>
<internetconnect>2</internetconnect>
</trkpt>
<trkpt lat="35.851344" lon="139.040220">
<ele>624.666667</ele>
<time>2026-05-22T23:41:47Z</time>
<speed>1.379767</speed>
<trueHeading>0.000000</trueHeading>
<magneticHeading>0.000000</magneticHeading>
<gpsHeading>27.614283</gpsHeading>
<haccuracy>4.371000</haccuracy>
<vaccuracy>4.371000</vaccuracy>
<internetconnect>2</internetconnect>
</trkpt>
<trkpt lat="35.851841" lon="139.040663">
<ele>627.666667</ele>
<time>2026-05-22T23:42:36Z</time>
<speed>1.532920</speed>
<trueHeading>0.000000</trueHeading>
<magneticHeading>0.000000</magneticHeading>
<gpsHeading>35.858608</gpsHeading>
<haccuracy>6.994000</haccuracy>
<vaccuracy>6.994000</vaccuracy>
<internetconnect>2</internetconnect>
</trkpt>
<trkpt lat="35.852554" lon="139.040471">
<ele>629.333333</ele>
<time>2026-05-22T23:43:23Z</time>
<speed>1.491111</speed>
<trueHeading>0.000000</trueHeading>
<magneticHeading>0.000000</magneticHeading>
<gpsHeading>347.655945</gpsHeading>
<haccuracy>7.124000</haccuracy>
<vaccuracy>7.124000</vaccuracy>
<internetconnect>2</internetconnect>
</trkpt>
<trkpt lat="35.853120" lon="139.040642">
<ele>633.000000</ele>
<time>2026-05-22T23:44:10Z</time>
<speed>1.317826</speed>
<trueHeading>0.000000</trueHeading>
<magneticHeading>0.000000</magneticHeading>
<gpsHeading>13.762641</gpsHeading>
<haccuracy>7.255000</haccuracy>
<vaccuracy>7.255000</vaccuracy>
<internetconnect>2</internetconnect>
</trkpt>
<trkpt lat="35.853451" lon="139.041003">
<ele>635.333333</ele>
<time>2026-05-22T23:44:59Z</time>
<speed>0.191403</speed>
<trueHeading>0.000000</trueHeading>
<magneticHeading>0.000000</magneticHeading>
<gpsHeading>41.434544</gpsHeading>
<haccuracy>4.301000</haccuracy>
<vaccuracy>4.301000</vaccuracy>
<internetconnect>2</internetconnect>
</trkpt>
<trkpt lat="35.854206" lon="139.040943">
<ele>637.666667</ele>
<time>2026-05-22T23:45:46Z</time>
<speed>1.577953</speed>
<trueHeading>0.000000</trueHeading>
<magneticHeading>0.000000</magneticHeading>
<gpsHeading>356.333923</gpsHeading>
<haccuracy>6.749000</haccuracy>
<vaccuracy>6.749000</vaccuracy>
<internetconnect>2</internetconnect>
</trkpt>
<trkpt lat="35.854773" lon="139.041133">
<ele>639.000000</ele>
<time>2026-05-22T23:46:33Z</time>
<speed>1.540990</speed>
<trueHeading>0.000000</trueHeading>
<magneticHeading>0.000000</magneticHeading>
<gpsHeading>15.200106</gpsHeading>
<haccuracy>5.468000</haccuracy>
<vaccuracy>5.468000</vaccuracy>
<internetconnect>2</internetconnect>
</trkpt>
<trkpt lat="35.855112" lon="139.041126">
<ele>644.333333</ele>
<time>2026-05-22T23:47:22Z</time>
<speed>0.101732</speed>
<trueHeading>0.000000</trueHeading>
<magneticHeading>0.000000</magneticHeading>
<gpsHeading>359.042603</gpsHeading>
<haccuracy>4.821000</haccuracy>
<vaccuracy>4.821000</vaccuracy>
<internetconnect>2</internetconnect>
</trkpt>
<trkpt lat="35.855558" lon="139.041320">
<ele>648.000000</ele>
<time>2026-05-22T23:48:12Z</time>
<speed>1.546672</speed>
<trueHeading>0.000000</trueHeading>
<magneticHeading>0.000000</magneticHeading>
<gpsHeading>19.451847</gpsHeading>
<haccuracy>5.947000</haccuracy>
<vaccuracy>5.947000</vaccuracy>
<internetconnect>2</internetconnect>
</trkpt>
<trkpt lat="35.855976" lon="139.041684">
<ele>653.666667</ele>
<time>2026-05-22T23:49:00Z</time>
<speed>1.605781</speed>
<trueHeading>0.000000</trueHeading>
<magneticHeading>0.000000</magneticHeading>
<gpsHeading>35.254707</gpsHeading>
<haccuracy>4.925000</haccuracy>
<vaccuracy>4.925000</vaccuracy>
<internetconnect>2</internetconnect>
</trkpt>
<trkpt lat="35.856583" lon="139.041955">
<ele>656.333333</ele>
<time>2026-05-22T23:49:48Z</time>
<speed>1.509621</speed>
<trueHeading>0.000000</trueHeading>
<magneticHeading>0.000000</magneticHeading>
<gpsHeading>19.870768</gpsHeading>
<haccuracy>6.428000</haccuracy>
<vaccuracy>6.428000</vaccuracy>
<internetconnect>2</internetconnect>
</trkpt>
<trkpt lat="35.857096" lon="139.041629">
<ele>661.000000</ele>
<time>2026-05-22T23:50:37Z</time>
<speed>0.463661</speed>
<trueHeading>0.000000</trueHeading>
<magneticHeading>0.000000</magneticHeading>
<gpsHeading>332.744324</gpsHeading>
<haccuracy>6.336000</haccuracy>
<vaccuracy>6.336000</vaccuracy>
<internetconnect>2</internetconnect>
</trkpt>
<trkpt lat="35.857490" lon="139.041932">
<ele>664.666667</ele>
<time>2026-05-22T23:51:26Z</time>
<speed>0.439895</speed>
<trueHeading>0.000000</trueHeading>
<magneticHeading>0.000000</magneticHeading>
<gpsHeading>31.928854</gpsHeading>
<haccuracy>4.962000</haccuracy>
<vaccuracy>4.962000</vaccuracy>
<internetconnect>2</internetconnect>
</trkpt>
<trkpt lat="35.857690" lon="139.042687">
<ele>665.000000</ele>
<time>2026-05-22T23:52:14Z</time>
<speed>1.508500</speed>
<trueHeading>0.000000</trueHeading>
<magneticHeading>0.000000</magneticHeading>
<gpsHeading>71.947487</gpsHeading>
<haccuracy>6.383000</haccuracy>
<vaccuracy>6.383000</vaccuracy>
<internetconnect>2</internetconnect>
</trkpt>
<trkpt lat="35.857625" lon="139.043425">
<ele>666.000000</ele>
<time>2026-05-22T23:53:04Z</time>
<speed>1.371898</speed>
<trueHeading>0.000000</trueHeading>
<magneticHeading>0.000000</magneticHeading>
<gpsHeading>96.173706</gpsHeading>
<haccuracy>6.245000</haccuracy>
<vaccuracy>6.245000</vaccuracy>
<internetconnect>2</internetconnect>
</trkpt>
<trkpt lat="35.858130" lon="139.043301">
<ele>668.666667</ele>
<time>2026-05-22T23:53:53Z</time>
<speed>1.391614</speed>
<trueHeading>0.000000</trueHeading>
<magneticHeading>0.000000</magneticHeading>
<gpsHeading>348.718231</gpsHeading>
<haccuracy>6.042000</haccuracy>
<vaccuracy>6.042000</vaccuracy>
<internetconnect>2</internetconnect>
</trkpt>
<trkpt lat="35.858598" lon="139.042649">
<ele>681.000000</ele>
<time>2026-05-22T23:54:42Z</time>
<speed>1.424959</speed>
<trueHeading>0.000000</trueHeading>
<magneticHeading>0.000000</magneticHeading>
<gpsHeading>311.507935</gpsHeading>
<haccuracy>5.811000</haccuracy>
<vaccuracy>5.811000</vaccuracy>
<internetconnect>2</internetconnect>
</trkpt>
<trkpt lat="35.859137" lon="139.042131">
<ele>694.333333</ele>
<time>2026-05-22T23:55:31Z</time>
<speed>1.361299</speed>
<trueHeading>0.000000</trueHeading>
<magneticHeading>0.000000</magneticHeading>
<gpsHeading>322.107788</gpsHeading>
<haccuracy>5.072000</haccuracy>
<vaccuracy>5.072000</vaccuracy>
<internetconnect>2</internetconnect>
</trkpt>
<trkpt lat="35.859272" lon="139.042811">
<ele>701.000000</ele>
<time>2026-05-22T23:56:18Z</time>
<speed>1.402908</speed>
<trueHeading>0.000000</trueHeading>
<magneticHeading>0.000000</magneticHeading>
<gpsHeading>76.137863</gpsHeading>
<haccuracy>5.683000</haccuracy>
<vaccuracy>5.683000</vaccuracy>
<internetconnect>2</internetconnect>
</trkpt>
<trkpt lat="35.859231" lon="139.043623">
<ele>698.666667</ele>
<time>2026-05-22T23:57:06Z</time>
<speed>1.611154</speed>
<trueHeading>0.000000</trueHeading>
<magneticHeading>0.000000</magneticHeading>
<gpsHeading>93.584099</gpsHeading>
<haccuracy>6.055000</haccuracy>
<vaccuracy>6.055000</vaccuracy>
<internetconnect>2</internetconnect>
</trkpt>
<trkpt lat="35.859544" lon="139.044240">
<ele>695.000000</ele>
<time>2026-05-22T23:57:55Z</time>
<speed>1.542764</speed>
<trueHeading>0.000000</trueHeading>
<magneticHeading>0.000000</magneticHeading>
<gpsHeading>57.972698</gpsHeading>
<haccuracy>6.400000</haccuracy>
<vaccuracy>6.400000</vaccuracy>
<internetconnect>2</internetconnect>
</trkpt>
<trkpt lat="35.860117" lon="139.044091">
<ele>699.333333</ele>
<time>2026-05-22T23:58:42Z</time>
<speed>1.550513</speed>
<trueHeading>0.000000</trueHeading>
<magneticHeading>0.000000</magneticHeading>
<gpsHeading>348.077698</gpsHeading>
<haccuracy>5.548000</haccuracy>
<vaccuracy>5.548000</vaccuracy>
<internetconnect>2</internetconnect>
</trkpt>
<trkpt lat="35.860621" lon="139.043766">
<ele>708.333333</ele>
<time>2026-05-22T23:59:29Z</time>
<speed>1.481061</speed>
<trueHeading>0.000000</trueHeading>
<magneticHeading>0.000000</magneticHeading>
<gpsHeading>332.473175</gpsHeading>
<haccuracy>5.663000</haccuracy>
<vaccuracy>5.663000</vaccuracy>
<internetconnect>2</internetconnect>
</trkpt>
<trkpt lat="35.860619" lon="139.042984">
<ele>713.333333</ele>
<time>2026-05-23T00:00:18Z</time>
<speed>1.435320</speed>
<trueHeading>0.000000</trueHeading>
<magneticHeading>0.000000</magneticHeading>
<gpsHeading>269.828308</gpsHeading>
<haccuracy>5.932000</haccuracy>
<vaccuracy>5.932000</vaccuracy>
<internetconnect>2</internetconnect>
</trkpt>
<trkpt lat="35.861039" lon="139.042643">
<ele>725.666667</ele>
<time>2026-05-23T00:01:07Z</time>
<speed>1.548944</speed>
<trueHeading>0.000000</trueHeading>
<magneticHeading>0.000000</magneticHeading>
<gpsHeading>326.620758</gpsHeading>
<haccuracy>4.035000</haccuracy>
<vaccuracy>4.035000</vaccuracy>
<internetconnect>2</internetconnect>
</trkpt>
<trkpt lat="35.861461" lon="139.042812">
<ele>726.000000</ele>
<time>2026-05-23T00:01:56Z</time>
<speed>0.254520</speed>
<trueHeading>0.000000</trueHeading>
<magneticHeading>0.000000</magneticHeading>
<gpsHeading>17.967382</gpsHeading>
<haccuracy>4.409000</haccuracy>
<vaccuracy>4.409000</vaccuracy>
<internetconnect>2</internetconnect>
</trkpt>
<trkpt lat="35.862078" lon="139.042284">
<ele>732.666667</ele>
<time>2026-05-23T00:02:44Z</time>
<speed>0.436055</speed>
<trueHeading>0.000000</trueHeading>
<magneticHeading>0.000000</magneticHeading>
<gpsHeading>325.303894</gpsHeading>
<haccuracy>3.935000</haccuracy>
<vaccuracy>3.935000</vaccuracy>
<internetconnect>2</internetconnect>
</trkpt>
<trkpt lat="35.862612" lon="139.041995">
<ele>726.333333</ele>
<time>2026-05-23T00:03:33Z</time>
<speed>0.347732</speed>
<trueHeading>0.000000</trueHeading>
<magneticHeading>0.000000</magneticHeading>
<gpsHeading>336.287872</gpsHeading>
<haccuracy>5.950000</haccuracy>
<vaccuracy>5.950000</vaccuracy>
<internetconnect>2</internetconnect>
</trkpt>
<trkpt lat="35.862325" lon="139.041382">
<ele>729.333333</ele>
<time>2026-05-23T00:04:23Z</time>
<speed>0.423493</speed>
<trueHeading>0.000000</trueHeading>
<magneticHeading>0.000000</magneticHeading>
<gpsHeading>239.981140</gpsHeading>
<haccuracy>6.652000</haccuracy>
<vaccuracy>6.652000</vaccuracy>
<internetconnect>2</internetconnect>
</trkpt>
<trkpt lat="35.862031" lon="139.040727">
<ele>739.000000</ele>
<time>2026-05-23T00:05:13Z</time>
<speed>0.443407</speed>
<trueHeading>0.000000</trueHeading>
<magneticHeading>0.000000</magneticHeading>
<gpsHeading>241.050659</gpsHeading>
<haccuracy>4.064000</haccuracy>
<vaccuracy>4.064000</vaccuracy>
<internetconnect>2</internetconnect>
</trkpt>
<trkpt lat="35.862420" lon="139.040250">
<ele>752.666667</ele>
<time>2026-05-23T00:06:02Z</time>
<speed>0.317401</speed>
<trueHeading>0.000000</trueHeading>
<magneticHeading>0.000000</magneticHeading>
<gpsHeading>315.162292</gpsHeading>
<haccuracy>3.926000</haccuracy>
<vaccuracy>3.926000</vaccuracy>
<internetconnect>2</internetconnect>
</trkpt>
<trkpt lat="35.863006" lon="139.040058">
<ele>755.000000</ele>
<time>2026-05-23T00:06:51Z</time>
<speed>1.549118</speed>
<trueHeading>0.000000</trueHeading>
<magneticHeading>0.000000</magneticHeading>
<gpsHeading>345.124237</gpsHeading>
<haccuracy>4.501000</haccuracy>
<vaccuracy>4.501000</vaccuracy>
<internetconnect>2</internetconnect>
</trkpt>
<trkpt lat="35.862797" lon="139.039231">
<ele>744.333333</ele>
<time>2026-05-23T00:07:41Z</time>
<speed>0.717121</speed>
<trueHeading>0.000000</trueHeading>
<magneticHeading>0.000000</magneticHeading>
<gpsHeading>252.674683</gpsHeading>
<haccuracy>7.393000</haccuracy>
<vaccuracy>7.393000</vaccuracy>
<internetconnect>2</internetconnect>
</trkpt>
<trkpt lat="35.862320" lon="139.038481">
<ele>735.000000</ele>
<time>2026-05-23T00:09:50Z</time>
<speed>1.254352</speed>
<trueHeading>0.000000</trueHeading>
<magneticHeading>0.000000</magneticHeading>
<gpsHeading>231.871857</gpsHeading>
<haccuracy>5.306000</haccuracy>
<vaccuracy>5.306000</vaccuracy>
<internetconnect>2</internetconnect>
</trkpt>
<trkpt lat="35.862872" lon="139.038333">
<ele>738.333333</ele>
<time>2026-05-23T00:10:39Z</time>
<speed>0.761780</speed>
<trueHeading>0.000000</trueHeading>
<magneticHeading>0.000000</magneticHeading>
<gpsHeading>347.756958</gpsHeading>
<haccuracy>5.302000</haccuracy>
<vaccuracy>5.302000</vaccuracy>
<internetconnect>2</internetconnect>
</trkpt>
<trkpt lat="35.863726" lon="139.038288">
<ele>744.666667</ele>
<time>2026-05-23T00:11:29Z</time>
<speed>0.423029</speed>
<trueHeading>0.000000</trueHeading>
<magneticHeading>0.000000</magneticHeading>
<gpsHeading>357.576172</gpsHeading>
<haccuracy>5.756000</haccuracy>
<vaccuracy>5.756000</vaccuracy>
<internetconnect>2</internetconnect>
</trkpt>
<trkpt lat="35.864006" lon="139.038259">
<ele>758.000000</ele>
<time>2026-05-23T00:12:28Z</time>
<speed>0.146277</speed>
<trueHeading>0.000000</trueHeading>
<magneticHeading>0.000000</magneticHeading>
<gpsHeading>355.190765</gpsHeading>
<haccuracy>3.818000</haccuracy>
<vaccuracy>3.818000</vaccuracy>
<internetconnect>2</internetconnect>
</trkpt>
<trkpt lat="35.864440" lon="139.038269">
<ele>773.000000</ele>
<time>2026-05-23T00:13:19Z</time>
<speed>0.209511</speed>
<trueHeading>0.000000</trueHeading>
<magneticHeading>0.000000</magneticHeading>
<gpsHeading>1.079957</gpsHeading>
<haccuracy>4.500000</haccuracy>
<vaccuracy>4.500000</vaccuracy>
<internetconnect>2</internetconnect>
</trkpt>
<trkpt lat="35.864519" lon="139.037551">
<ele>786.666667</ele>
<time>2026-05-23T00:14:08Z</time>
<speed>1.645936</speed>
<trueHeading>0.000000</trueHeading>
<magneticHeading>0.000000</magneticHeading>
<gpsHeading>277.680206</gpsHeading>
<haccuracy>3.617000</haccuracy>
<vaccuracy>3.617000</vaccuracy>
<internetconnect>2</internetconnect>
</trkpt>
<trkpt lat="35.864692" lon="139.036728">
<ele>784.666667</ele>
<time>2026-05-23T00:14:58Z</time>
<speed>1.450977</speed>
<trueHeading>0.000000</trueHeading>
<magneticHeading>0.000000</magneticHeading>
<gpsHeading>284.550537</gpsHeading>
<haccuracy>3.758000</haccuracy>
<vaccuracy>3.758000</vaccuracy>
<internetconnect>2</internetconnect>
</trkpt>
<trkpt lat="35.864921" lon="139.036094">
<ele>778.000000</ele>
<time>2026-05-23T00:15:47Z</time>
<speed>0.416717</speed>
<trueHeading>0.000000</trueHeading>
<magneticHeading>0.000000</magneticHeading>
<gpsHeading>294.080109</gpsHeading>
<haccuracy>8.225000</haccuracy>
<vaccuracy>8.225000</vaccuracy>
<internetconnect>2</internetconnect>
</trkpt>
<trkpt lat="35.865387" lon="139.035849">
<ele>773.666667</ele>
<time>2026-05-23T00:16:38Z</time>
<speed>0.227839</speed>
<trueHeading>0.000000</trueHeading>
<magneticHeading>0.000000</magneticHeading>
<gpsHeading>336.866791</gpsHeading>
<haccuracy>4.301000</haccuracy>
<vaccuracy>4.301000</vaccuracy>
<internetconnect>2</internetconnect>
</trkpt>
<trkpt lat="35.865886" lon="139.035936">
<ele>773.666667</ele>
<time>2026-05-23T00:17:25Z</time>
<speed>0.285898</speed>
<trueHeading>0.000000</trueHeading>
<magneticHeading>0.000000</magneticHeading>
<gpsHeading>8.013188</gpsHeading>
<haccuracy>3.442000</haccuracy>
<vaccuracy>3.442000</vaccuracy>
<internetconnect>2</internetconnect>
</trkpt>
<trkpt lat="35.866281" lon="139.036616">
<ele>772.000000</ele>
<time>2026-05-23T00:18:15Z</time>
<speed>1.131658</speed>
<trueHeading>0.000000</trueHeading>
<magneticHeading>0.000000</magneticHeading>
<gpsHeading>54.404903</gpsHeading>
<haccuracy>6.425000</haccuracy>
<vaccuracy>6.425000</vaccuracy>
<internetconnect>2</internetconnect>
</trkpt>
<trkpt lat="35.866940" lon="139.036726">
<ele>772.666667</ele>
<time>2026-05-23T00:19:05Z</time>
<speed>1.275811</speed>
<trueHeading>0.000000</trueHeading>
<magneticHeading>0.000000</magneticHeading>
<gpsHeading>7.710476</gpsHeading>
<haccuracy>4.736000</haccuracy>
<vaccuracy>4.736000</vaccuracy>
<internetconnect>2</internetconnect>
</trkpt>
<trkpt lat="35.867241" lon="139.037174">
<ele>772.666667</ele>
<time>2026-05-23T00:19:54Z</time>
<speed>0.130743</speed>
<trueHeading>0.000000</trueHeading>
<magneticHeading>0.000000</magneticHeading>
<gpsHeading>50.359932</gpsHeading>
<haccuracy>4.437000</haccuracy>
<vaccuracy>4.437000</vaccuracy>
<internetconnect>2</internetconnect>
</trkpt>
<trkpt lat="35.867479" lon="139.036929">
<ele>779.333333</ele>
<time>2026-05-23T00:20:44Z</time>
<speed>0.218952</speed>
<trueHeading>0.000000</trueHeading>
<magneticHeading>0.000000</magneticHeading>
<gpsHeading>320.224884</gpsHeading>
<haccuracy>4.632000</haccuracy>
<vaccuracy>4.632000</vaccuracy>
<internetconnect>2</internetconnect>
</trkpt>
<trkpt lat="35.867920" lon="139.036733">
<ele>786.666667</ele>
<time>2026-05-23T00:21:32Z</time>
<speed>0.452983</speed>
<trueHeading>0.000000</trueHeading>
<magneticHeading>0.000000</magneticHeading>
<gpsHeading>340.206238</gpsHeading>
<haccuracy>4.020000</haccuracy>
<vaccuracy>4.020000</vaccuracy>
<internetconnect>2</internetconnect>
</trkpt>
<trkpt lat="35.868274" lon="139.036867">
<ele>797.333333</ele>
<time>2026-05-23T00:22:21Z</time>
<speed>0.337856</speed>
<trueHeading>0.000000</trueHeading>
<magneticHeading>0.000000</magneticHeading>
<gpsHeading>17.018732</gpsHeading>
<haccuracy>3.704000</haccuracy>
<vaccuracy>3.704000</vaccuracy>
<internetconnect>2</internetconnect>
</trkpt>
<trkpt lat="35.868654" lon="139.036636">
<ele>808.666667</ele>
<time>2026-05-23T00:23:08Z</time>
<speed>0.564484</speed>
<trueHeading>0.000000</trueHeading>
<magneticHeading>0.000000</magneticHeading>
<gpsHeading>333.719269</gpsHeading>
<haccuracy>4.169000</haccuracy>
<vaccuracy>4.169000</vaccuracy>
<internetconnect>2</internetconnect>
</trkpt>
<trkpt lat="35.869395" lon="139.036723">
<ele>816.000000</ele>
<time>2026-05-23T00:23:58Z</time>
<speed>1.165411</speed>
<trueHeading>0.000000</trueHeading>
<magneticHeading>0.000000</magneticHeading>
<gpsHeading>5.483152</gpsHeading>
<haccuracy>5.329000</haccuracy>
<vaccuracy>5.329000</vaccuracy>
<internetconnect>2</internetconnect>
</trkpt>
<trkpt lat="35.869958" lon="139.036653">
<ele>819.333333</ele>
<time>2026-05-23T00:24:48Z</time>
<speed>0.517361</speed>
<trueHeading>0.000000</trueHeading>
<magneticHeading>0.000000</magneticHeading>
<gpsHeading>354.194580</gpsHeading>
<haccuracy>4.073000</haccuracy>
<vaccuracy>4.073000</vaccuracy>
<internetconnect>2</internetconnect>
</trkpt>
<trkpt lat="35.869865" lon="139.036294">
<ele>818.000000</ele>
<time>2026-05-23T00:25:54Z</time>
<speed>0.046328</speed>
<trueHeading>0.000000</trueHeading>
<magneticHeading>0.000000</magneticHeading>
<gpsHeading>252.195114</gpsHeading>
<haccuracy>7.786000</haccuracy>
<vaccuracy>7.786000</vaccuracy>
<internetconnect>2</internetconnect>
</trkpt>
<trkpt lat="35.868995" lon="139.035882">
<ele>817.000000</ele>
<time>2026-05-23T00:26:43Z</time>
<speed>0.226981</speed>
<trueHeading>0.000000</trueHeading>
<magneticHeading>0.000000</magneticHeading>
<gpsHeading>201.005768</gpsHeading>
<haccuracy>5.236000</haccuracy>
<vaccuracy>5.236000</vaccuracy>
<internetconnect>2</internetconnect>
</trkpt>
<trkpt lat="35.868576" lon="139.035649">
<ele>823.666667</ele>
<time>2026-05-23T00:27:32Z</time>
<speed>0.837879</speed>
<trueHeading>0.000000</trueHeading>
<magneticHeading>0.000000</magneticHeading>
<gpsHeading>204.298676</gpsHeading>
<haccuracy>6.500000</haccuracy>
<vaccuracy>6.500000</vaccuracy>
<internetconnect>2</internetconnect>
</trkpt>
<trkpt lat="35.868386" lon="139.035045">
<ele>839.666667</ele>
<time>2026-05-23T00:28:21Z</time>
<speed>0.245417</speed>
<trueHeading>0.000000</trueHeading>
<magneticHeading>0.000000</magneticHeading>
<gpsHeading>248.835526</gpsHeading>
<haccuracy>4.123000</haccuracy>
<vaccuracy>4.123000</vaccuracy>
<internetconnect>2</internetconnect>
</trkpt>
<trkpt lat="35.868814" lon="139.035345">
<ele>860.666667</ele>
<time>2026-05-23T00:29:10Z</time>
<speed>0.350661</speed>
<trueHeading>0.000000</trueHeading>
<magneticHeading>0.000000</magneticHeading>
<gpsHeading>29.627420</gpsHeading>
<haccuracy>4.855000</haccuracy>
<vaccuracy>4.855000</vaccuracy>
<internetconnect>2</internetconnect>
</trkpt>
<trkpt lat="35.869385" lon="139.035183">
<ele>860.000000</ele>
<time>2026-05-23T00:30:01Z</time>
<speed>1.235724</speed>
<trueHeading>0.000000</trueHeading>
<magneticHeading>0.000000</magneticHeading>
<gpsHeading>347.035706</gpsHeading>
<haccuracy>4.281000</haccuracy>
<vaccuracy>4.281000</vaccuracy>
<internetconnect>2</internetconnect>
</trkpt>
<trkpt lat="35.869783" lon="139.034639">
<ele>852.333333</ele>
<time>2026-05-23T00:30:51Z</time>
<speed>0.590054</speed>
<trueHeading>0.000000</trueHeading>
<magneticHeading>0.000000</magneticHeading>
<gpsHeading>312.088806</gpsHeading>
<haccuracy>4.940000</haccuracy>
<vaccuracy>4.940000</vaccuracy>
<internetconnect>2</internetconnect>
</trkpt>
<trkpt lat="35.870300" lon="139.034854">
<ele>866.000000</ele>
<time>2026-05-23T00:31:40Z</time>
<speed>0.335539</speed>
<trueHeading>0.000000</trueHeading>
<magneticHeading>0.000000</magneticHeading>
<gpsHeading>18.623404</gpsHeading>
<haccuracy>4.922000</haccuracy>
<vaccuracy>4.922000</vaccuracy>
<internetconnect>2</internetconnect>
</trkpt>
<trkpt lat="35.870682" lon="139.035244">
<ele>887.000000</ele>
<time>2026-05-23T00:32:28Z</time>
<speed>0.344712</speed>
<trueHeading>0.000000</trueHeading>
<magneticHeading>0.000000</magneticHeading>
<gpsHeading>39.514095</gpsHeading>
<haccuracy>4.643000</haccuracy>
<vaccuracy>4.643000</vaccuracy>
<internetconnect>2</internetconnect>
</trkpt>
<trkpt lat="35.871398" lon="139.035199">
<ele>897.333333</ele>
<time>2026-05-23T00:33:17Z</time>
<speed>0.742239</speed>
<trueHeading>0.000000</trueHeading>
<magneticHeading>0.000000</magneticHeading>
<gpsHeading>357.083282</gpsHeading>
<haccuracy>5.413000</haccuracy>
<vaccuracy>5.413000</vaccuracy>
<internetconnect>2</internetconnect>
</trkpt>
<trkpt lat="35.871941" lon="139.035028">
<ele>891.333333</ele>
<time>2026-05-23T00:34:06Z</time>
<speed>0.684226</speed>
<trueHeading>0.000000</trueHeading>
<magneticHeading>0.000000</magneticHeading>
<gpsHeading>345.675903</gpsHeading>
<haccuracy>7.368000</haccuracy>
<vaccuracy>7.368000</vaccuracy>
<internetconnect>2</internetconnect>
</trkpt>
<trkpt lat="35.872506" lon="139.035116">
<ele>886.666667</ele>
<time>2026-05-23T00:34:56Z</time>
<speed>0.452896</speed>
<trueHeading>0.000000</trueHeading>
<magneticHeading>0.000000</magneticHeading>
<gpsHeading>7.199574</gpsHeading>
<haccuracy>4.136000</haccuracy>
<vaccuracy>4.136000</vaccuracy>
<internetconnect>2</internetconnect>
</trkpt>
<trkpt lat="35.873187" lon="139.034836">
<ele>893.000000</ele>
<time>2026-05-23T00:35:46Z</time>
<speed>0.858871</speed>
<trueHeading>0.000000</trueHeading>
<magneticHeading>0.000000</magneticHeading>
<gpsHeading>341.637634</gpsHeading>
<haccuracy>4.810000</haccuracy>
<vaccuracy>4.810000</vaccuracy>
<internetconnect>2</internetconnect>
</trkpt>
<trkpt lat="35.873722" lon="139.034497">
<ele>889.000000</ele>
<time>2026-05-23T00:36:35Z</time>
<speed>0.407334</speed>
<trueHeading>0.000000</trueHeading>
<magneticHeading>0.000000</magneticHeading>
<gpsHeading>332.763763</gpsHeading>
<haccuracy>5.578000</haccuracy>
<vaccuracy>5.578000</vaccuracy>
<internetconnect>2</internetconnect>
</trkpt>
<trkpt lat="35.873957" lon="139.033743">
<ele>894.000000</ele>
<time>2026-05-23T00:37:25Z</time>
<speed>0.573013</speed>
<trueHeading>0.000000</trueHeading>
<magneticHeading>0.000000</magneticHeading>
<gpsHeading>291.116943</gpsHeading>
<haccuracy>4.135000</haccuracy>
<vaccuracy>4.135000</vaccuracy>
<internetconnect>2</internetconnect>
</trkpt>
<trkpt lat="35.874439" lon="139.033315">
<ele>902.666667</ele>
<time>2026-05-23T00:38:14Z</time>
<speed>0.331549</speed>
<trueHeading>0.000000</trueHeading>
<magneticHeading>0.000000</magneticHeading>
<gpsHeading>324.216827</gpsHeading>
<haccuracy>4.348000</haccuracy>
<vaccuracy>4.348000</vaccuracy>
<internetconnect>2</internetconnect>
</trkpt>
<trkpt lat="35.874842" lon="139.033616">
<ele>911.000000</ele>
<time>2026-05-23T00:39:03Z</time>
<speed>0.633875</speed>
<trueHeading>0.000000</trueHeading>
<magneticHeading>0.000000</magneticHeading>
<gpsHeading>31.233414</gpsHeading>
<haccuracy>5.928000</haccuracy>
<vaccuracy>5.928000</vaccuracy>
<internetconnect>2</internetconnect>
</trkpt>
<trkpt lat="35.875269" lon="139.033897">
<ele>921.333333</ele>
<time>2026-05-23T00:39:52Z</time>
<speed>0.264997</speed>
<trueHeading>0.000000</trueHeading>
<magneticHeading>0.000000</magneticHeading>
<gpsHeading>28.025972</gpsHeading>
<haccuracy>4.265000</haccuracy>
<vaccuracy>4.265000</vaccuracy>
<internetconnect>2</internetconnect>
</trkpt>
<trkpt lat="35.875714" lon="139.034257">
<ele>926.333333</ele>
<time>2026-05-23T00:40:42Z</time>
<speed>0.806521</speed>
<trueHeading>0.000000</trueHeading>
<magneticHeading>0.000000</magneticHeading>
<gpsHeading>33.186859</gpsHeading>
<haccuracy>3.918000</haccuracy>
<vaccuracy>3.918000</vaccuracy>
<internetconnect>2</internetconnect>
</trkpt>
<trkpt lat="35.876353" lon="139.034296">
<ele>930.666667</ele>
<time>2026-05-23T00:41:31Z</time>
<speed>0.255786</speed>
<trueHeading>0.000000</trueHeading>
<magneticHeading>0.000000</magneticHeading>
<gpsHeading>2.890539</gpsHeading>
<haccuracy>5.333000</haccuracy>
<vaccuracy>5.333000</vaccuracy>
<internetconnect>2</internetconnect>
</trkpt>
<trkpt lat="35.876974" lon="139.034200">
<ele>933.333333</ele>
<time>2026-05-23T00:42:20Z</time>
<speed>0.519440</speed>
<trueHeading>0.000000</trueHeading>
<magneticHeading>0.000000</magneticHeading>
<gpsHeading>352.847839</gpsHeading>
<haccuracy>5.436000</haccuracy>
<vaccuracy>5.436000</vaccuracy>
<internetconnect>2</internetconnect>
</trkpt>
<trkpt lat="35.877397" lon="139.034618">
<ele>941.333333</ele>
<time>2026-05-23T00:43:10Z</time>
<speed>0.847249</speed>
<trueHeading>0.000000</trueHeading>
<magneticHeading>0.000000</magneticHeading>
<gpsHeading>38.723919</gpsHeading>
<haccuracy>5.378000</haccuracy>
<vaccuracy>5.378000</vaccuracy>
<internetconnect>2</internetconnect>
</trkpt>
<trkpt lat="35.877983" lon="139.034993">
<ele>951.666667</ele>
<time>2026-05-23T00:43:59Z</time>
<speed>0.887135</speed>
<trueHeading>0.000000</trueHeading>
<magneticHeading>0.000000</magneticHeading>
<gpsHeading>27.380806</gpsHeading>
<haccuracy>7.567000</haccuracy>
<vaccuracy>7.567000</vaccuracy>
<internetconnect>2</internetconnect>
</trkpt>
<trkpt lat="35.878412" lon="139.034930">
<ele>961.000000</ele>
<time>2026-05-23T00:44:48Z</time>
<speed>0.515679</speed>
<trueHeading>0.000000</trueHeading>
<magneticHeading>0.000000</magneticHeading>
<gpsHeading>353.195770</gpsHeading>
<haccuracy>6.903000</haccuracy>
<vaccuracy>6.903000</vaccuracy>
<internetconnect>2</internetconnect>
</trkpt>
<trkpt lat="35.878118" lon="139.034434">
<ele>962.666667</ele>
<time>2026-05-23T00:45:38Z</time>
<speed>0.195931</speed>
<trueHeading>0.000000</trueHeading>
<magneticHeading>0.000000</magneticHeading>
<gpsHeading>233.798508</gpsHeading>
<haccuracy>3.150000</haccuracy>
<vaccuracy>3.150000</vaccuracy>
<internetconnect>2</internetconnect>
</trkpt>
<trkpt lat="35.877711" lon="139.033722">
<ele>960.666667</ele>
<time>2026-05-23T00:46:27Z</time>
<speed>0.295333</speed>
<trueHeading>0.000000</trueHeading>
<magneticHeading>0.000000</magneticHeading>
<gpsHeading>234.813828</gpsHeading>
<haccuracy>3.866000</haccuracy>
<vaccuracy>3.866000</vaccuracy>
<internetconnect>2</internetconnect>
</trkpt>
<trkpt lat="35.877258" lon="139.033170">
<ele>957.666667</ele>
<time>2026-05-23T00:47:17Z</time>
<speed>0.540952</speed>
<trueHeading>0.000000</trueHeading>
<magneticHeading>0.000000</magneticHeading>
<gpsHeading>224.653183</gpsHeading>
<haccuracy>4.877000</haccuracy>
<vaccuracy>4.877000</vaccuracy>
<internetconnect>2</internetconnect>
</trkpt>
<trkpt lat="35.876800" lon="139.032831">
<ele>964.000000</ele>
<time>2026-05-23T00:48:07Z</time>
<speed>0.282779</speed>
<trueHeading>0.000000</trueHeading>
<magneticHeading>0.000000</magneticHeading>
<gpsHeading>210.921295</gpsHeading>
<haccuracy>3.598000</haccuracy>
<vaccuracy>3.598000</vaccuracy>
<internetconnect>2</internetconnect>
</trkpt>
<trkpt lat="35.877287" lon="139.032348">
<ele>969.666667</ele>
<time>2026-05-23T00:48:58Z</time>
<speed>1.517118</speed>
<trueHeading>0.000000</trueHeading>
<magneticHeading>0.000000</magneticHeading>
<gpsHeading>321.196350</gpsHeading>
<haccuracy>4.892000</haccuracy>
<vaccuracy>4.892000</vaccuracy>
<internetconnect>2</internetconnect>
</trkpt>
<trkpt lat="35.877419" lon="139.031883">
<ele>972.000000</ele>
<time>2026-05-23T00:49:48Z</time>
<speed>1.429206</speed>
<trueHeading>0.000000</trueHeading>
<magneticHeading>0.000000</magneticHeading>
<gpsHeading>289.303375</gpsHeading>
<haccuracy>4.129000</haccuracy>
<vaccuracy>4.129000</vaccuracy>
<internetconnect>2</internetconnect>
</trkpt>
<trkpt lat="35.877029" lon="139.031228">
<ele>969.333333</ele>
<time>2026-05-23T00:50:37Z</time>
<speed>0.273927</speed>
<trueHeading>0.000000</trueHeading>
<magneticHeading>0.000000</magneticHeading>
<gpsHeading>233.671982</gpsHeading>
<haccuracy>3.580000</haccuracy>
<vaccuracy>3.580000</vaccuracy>
<internetconnect>2</internetconnect>
</trkpt>
<trkpt lat="35.876677" lon="139.030690">
<ele>974.000000</ele>
<time>2026-05-23T00:51:26Z</time>
<speed>0.249147</speed>
<trueHeading>0.000000</trueHeading>
<magneticHeading>0.000000</magneticHeading>
<gpsHeading>231.048370</gpsHeading>
<haccuracy>4.075000</haccuracy>
<vaccuracy>4.075000</vaccuracy>
<internetconnect>2</internetconnect>
</trkpt>
<trkpt lat="35.876714" lon="139.030043">
<ele>989.333333</ele>
<time>2026-05-23T00:52:16Z</time>
<speed>0.399699</speed>
<trueHeading>0.000000</trueHeading>
<magneticHeading>0.000000</magneticHeading>
<gpsHeading>274.076782</gpsHeading>
<haccuracy>3.180000</haccuracy>
<vaccuracy>3.180000</vaccuracy>
<internetconnect>2</internetconnect>
</trkpt>
<trkpt lat="35.877188" lon="139.029463">
<ele>997.666667</ele>
<time>2026-05-23T00:53:05Z</time>
<speed>0.511485</speed>
<trueHeading>0.000000</trueHeading>
<magneticHeading>0.000000</magneticHeading>
<gpsHeading>315.266022</gpsHeading>
<haccuracy>5.151000</haccuracy>
<vaccuracy>5.151000</vaccuracy>
<internetconnect>2</internetconnect>
</trkpt>
<trkpt lat="35.876869" lon="139.028811">
<ele>1001.333333</ele>
<time>2026-05-23T00:53:54Z</time>
<speed>0.576058</speed>
<trueHeading>0.000000</trueHeading>
<magneticHeading>0.000000</magneticHeading>
<gpsHeading>238.910950</gpsHeading>
<haccuracy>5.164000</haccuracy>
<vaccuracy>5.164000</vaccuracy>
<internetconnect>2</internetconnect>
</trkpt>
<trkpt lat="35.876165" lon="139.029096">
<ele>996.000000</ele>
<time>2026-05-23T00:54:44Z</time>
<speed>0.772958</speed>
<trueHeading>0.000000</trueHeading>
<magneticHeading>0.000000</magneticHeading>
<gpsHeading>161.849930</gpsHeading>
<haccuracy>5.034000</haccuracy>
<vaccuracy>5.034000</vaccuracy>
<internetconnect>2</internetconnect>
</trkpt>
<trkpt lat="35.875801" lon="139.028985">
<ele>999.333333</ele>
<time>2026-05-23T00:55:32Z</time>
<speed>0.246013</speed>
<trueHeading>0.000000</trueHeading>
<magneticHeading>0.000000</magneticHeading>
<gpsHeading>193.801025</gpsHeading>
<haccuracy>3.645000</haccuracy>
<vaccuracy>3.645000</vaccuracy>
<internetconnect>2</internetconnect>
</trkpt>
<trkpt lat="35.876330" lon="139.028604">
<ele>1011.666667</ele>
<time>2026-05-23T00:56:22Z</time>
<speed>0.362030</speed>
<trueHeading>0.000000</trueHeading>
<magneticHeading>0.000000</magneticHeading>
<gpsHeading>329.726044</gpsHeading>
<haccuracy>4.588000</haccuracy>
<vaccuracy>4.588000</vaccuracy>
<internetconnect>2</internetconnect>
</trkpt>
<trkpt lat="35.876826" lon="139.028144">
<ele>1026.000000</ele>
<time>2026-05-23T00:57:11Z</time>
<speed>0.335250</speed>
<trueHeading>0.000000</trueHeading>
<magneticHeading>0.000000</magneticHeading>
<gpsHeading>323.070221</gpsHeading>
<haccuracy>4.413000</haccuracy>
<vaccuracy>4.413000</vaccuracy>
<internetconnect>2</internetconnect>
</trkpt>
<trkpt lat="35.876910" lon="139.027394">
<ele>1035.000000</ele>
<time>2026-05-23T00:58:00Z</time>
<speed>1.087946</speed>
<trueHeading>0.000000</trueHeading>
<magneticHeading>0.000000</magneticHeading>
<gpsHeading>277.896515</gpsHeading>
<haccuracy>4.246000</haccuracy>
<vaccuracy>4.246000</vaccuracy>
<internetconnect>2</internetconnect>
</trkpt>
<trkpt lat="35.877308" lon="139.027468">
<ele>1036.666667</ele>
<time>2026-05-23T00:58:50Z</time>
<speed>0.476104</speed>
<trueHeading>0.000000</trueHeading>
<magneticHeading>0.000000</magneticHeading>
<gpsHeading>8.610912</gpsHeading>
<haccuracy>3.771000</haccuracy>
<vaccuracy>3.771000</vaccuracy>
<internetconnect>2</internetconnect>
</trkpt>
<trkpt lat="35.877826" lon="139.027840">
<ele>1038.666667</ele>
<time>2026-05-23T00:59:40Z</time>
<speed>0.759641</speed>
<trueHeading>0.000000</trueHeading>
<magneticHeading>0.000000</magneticHeading>
<gpsHeading>30.222673</gpsHeading>
<haccuracy>5.523000</haccuracy>
<vaccuracy>5.523000</vaccuracy>
<internetconnect>2</internetconnect>
</trkpt>
<trkpt lat="35.878378" lon="139.028112">
<ele>1042.666667</ele>
<time>2026-05-23T01:00:29Z</time>
<speed>0.021588</speed>
<trueHeading>0.000000</trueHeading>
<magneticHeading>0.000000</magneticHeading>
<gpsHeading>21.750628</gpsHeading>
<haccuracy>4.779000</haccuracy>
<vaccuracy>4.779000</vaccuracy>
<internetconnect>2</internetconnect>
</trkpt>
<trkpt lat="35.878580" lon="139.028365">
<ele>1049.000000</ele>
<time>2026-05-23T01:02:33Z</time>
<speed>0.885523</speed>
<trueHeading>0.000000</trueHeading>
<magneticHeading>0.000000</magneticHeading>
<gpsHeading>45.373650</gpsHeading>
<haccuracy>3.208000</haccuracy>
<vaccuracy>3.208000</vaccuracy>
<internetconnect>2</internetconnect>
</trkpt>
<trkpt lat="35.879095" lon="139.028456">
<ele>1058.000000</ele>
<time>2026-05-23T01:03:21Z</time>
<speed>1.079533</speed>
<trueHeading>0.000000</trueHeading>
<magneticHeading>0.000000</magneticHeading>
<gpsHeading>8.208023</gpsHeading>
<haccuracy>4.976000</haccuracy>
<vaccuracy>4.976000</vaccuracy>
<internetconnect>2</internetconnect>
</trkpt>
<trkpt lat="35.879373" lon="139.028657">
<ele>1060.333333</ele>
<time>2026-05-23T01:04:59Z</time>
<speed>1.170000</speed>
<trueHeading>0.000000</trueHeading>
<magneticHeading>0.000000</magneticHeading>
<gpsHeading>30.361759</gpsHeading>
<haccuracy>13.291000</haccuracy>
<vaccuracy>13.291000</vaccuracy>
<internetconnect>2</internetconnect>
</trkpt>
<trkpt lat="35.879691" lon="139.028436">
<ele>1059.000000</ele>
<time>2026-05-23T01:05:49Z</time>
<speed>1.088282</speed>
<trueHeading>0.000000</trueHeading>
<magneticHeading>0.000000</magneticHeading>
<gpsHeading>330.679321</gpsHeading>
<haccuracy>5.567000</haccuracy>
<vaccuracy>5.567000</vaccuracy>
<internetconnect>2</internetconnect>
</trkpt>
<trkpt lat="35.880064" lon="139.028357">
<ele>1051.333333</ele>
<time>2026-05-23T01:06:37Z</time>
<speed>1.197918</speed>
<trueHeading>0.000000</trueHeading>
<magneticHeading>0.000000</magneticHeading>
<gpsHeading>350.228760</gpsHeading>
<haccuracy>5.223000</haccuracy>
<vaccuracy>5.223000</vaccuracy>
<internetconnect>2</internetconnect>
</trkpt>
<trkpt lat="35.880311" lon="139.028157">
<ele>1056.000000</ele>
<time>2026-05-23T01:07:25Z</time>
<speed>0.811671</speed>
<trueHeading>0.000000</trueHeading>
<magneticHeading>0.000000</magneticHeading>
<gpsHeading>326.803711</gpsHeading>
<haccuracy>5.483000</haccuracy>
<vaccuracy>5.483000</vaccuracy>
<internetconnect>2</internetconnect>
</trkpt>
<trkpt lat="35.880582" lon="139.028355">
<ele>1055.333333</ele>
<time>2026-05-23T01:09:05Z</time>
<speed>0.910000</speed>
<trueHeading>0.000000</trueHeading>
<magneticHeading>0.000000</magneticHeading>
<gpsHeading>30.597103</gpsHeading>
<haccuracy>12.282000</haccuracy>
<vaccuracy>12.282000</vaccuracy>
<internetconnect>2</internetconnect>
</trkpt>
<trkpt lat="35.880760" lon="139.028032">
<ele>1055.000000</ele>
<time>2026-05-23T01:09:55Z</time>
<speed>0.550000</speed>
<trueHeading>0.000000</trueHeading>
<magneticHeading>0.000000</magneticHeading>
<gpsHeading>304.091949</gpsHeading>
<haccuracy>11.886000</haccuracy>
<vaccuracy>11.886000</vaccuracy>
<internetconnect>2</internetconnect>
</trkpt>
<trkpt lat="35.880852" lon="139.027700">
<ele>1046.666667</ele>
<time>2026-05-23T01:11:05Z</time>
<speed>0.900000</speed>
<trueHeading>0.000000</trueHeading>
<magneticHeading>0.000000</magneticHeading>
<gpsHeading>288.865295</gpsHeading>
<haccuracy>11.388000</haccuracy>
<vaccuracy>11.388000</vaccuracy>
<internetconnect>2</internetconnect>
</trkpt>
<trkpt lat="35.881108" lon="139.027496">
<ele>1049.666667</ele>
<time>2026-05-23T01:12:10Z</time>
<speed>1.040000</speed>
<trueHeading>0.000000</trueHeading>
<magneticHeading>0.000000</magneticHeading>
<gpsHeading>327.184601</gpsHeading>
<haccuracy>10.854000</haccuracy>
<vaccuracy>10.854000</vaccuracy>
<internetconnect>2</internetconnect>
</trkpt>
<trkpt lat="35.881381" lon="139.027570">
<ele>1055.666667</ele>
<time>2026-05-23T01:13:26Z</time>
<speed>0.470000</speed>
<trueHeading>0.000000</trueHeading>
<magneticHeading>0.000000</magneticHeading>
<gpsHeading>12.304471</gpsHeading>
<haccuracy>12.794000</haccuracy>
<vaccuracy>12.794000</vaccuracy>
<internetconnect>2</internetconnect>
</trkpt>
<trkpt lat="35.881449" lon="139.027231">
<ele>1059.333333</ele>
<time>2026-05-23T01:14:42Z</time>
<speed>0.930000</speed>
<trueHeading>0.000000</trueHeading>
<magneticHeading>0.000000</magneticHeading>
<gpsHeading>283.885529</gpsHeading>
<haccuracy>13.172000</haccuracy>
<vaccuracy>13.172000</vaccuracy>
<internetconnect>2</internetconnect>
</trkpt>
<trkpt lat="35.881317" lon="139.026891">
<ele>1052.333333</ele>
<time>2026-05-23T01:16:13Z</time>
<speed>0.610000</speed>
<trueHeading>0.000000</trueHeading>
<magneticHeading>0.000000</magneticHeading>
<gpsHeading>244.276688</gpsHeading>
<haccuracy>11.811000</haccuracy>
<vaccuracy>11.811000</vaccuracy>
<internetconnect>2</internetconnect>
</trkpt>
<trkpt lat="35.881136" lon="139.026478">
<ele>1039.333333</ele>
<time>2026-05-23T01:17:01Z</time>
<speed>0.915788</speed>
<trueHeading>0.000000</trueHeading>
<magneticHeading>0.000000</magneticHeading>
<gpsHeading>241.687897</gpsHeading>
<haccuracy>6.155000</haccuracy>
<vaccuracy>6.155000</vaccuracy>
<internetconnect>2</internetconnect>
</trkpt>
<trkpt lat="35.881138" lon="139.026132">
<ele>1029.333333</ele>
<time>2026-05-23T01:18:02Z</time>
<speed>1.166603</speed>
<trueHeading>0.000000</trueHeading>
<magneticHeading>0.000000</magneticHeading>
<gpsHeading>270.409576</gpsHeading>
<haccuracy>8.655000</haccuracy>
<vaccuracy>8.655000</vaccuracy>
<internetconnect>2</internetconnect>
</trkpt>
<trkpt lat="35.881420" lon="139.025699">
<ele>1023.666667</ele>
<time>2026-05-23T01:18:50Z</time>
<speed>0.284850</speed>
<trueHeading>0.000000</trueHeading>
<magneticHeading>0.000000</magneticHeading>
<gpsHeading>308.755798</gpsHeading>
<haccuracy>5.294000</haccuracy>
<vaccuracy>5.294000</vaccuracy>
<internetconnect>2</internetconnect>
</trkpt>
<trkpt lat="35.881408" lon="139.025632">
<ele>1029.000000</ele>
<time>2026-05-23T01:20:55Z</time>
<speed>0.000000</speed>
<trueHeading>0.000000</trueHeading>
<magneticHeading>0.000000</magneticHeading>
<gpsHeading>257.736450</gpsHeading>
<haccuracy>11.273000</haccuracy>
<vaccuracy>11.273000</vaccuracy>
<internetconnect>2</internetconnect>
</trkpt>
<trkpt lat="35.881621" lon="139.025791">
<ele>1031.000000</ele>
<time>2026-05-23T01:22:57Z</time>
<speed>1.030000</speed>
<trueHeading>0.000000</trueHeading>
<magneticHeading>0.000000</magneticHeading>
<gpsHeading>31.074650</gpsHeading>
<haccuracy>11.440000</haccuracy>
<vaccuracy>11.440000</vaccuracy>
<internetconnect>2</internetconnect>
</trkpt>
<trkpt lat="35.881465" lon="139.025471">
<ele>1034.333333</ele>
<time>2026-05-23T01:24:03Z</time>
<speed>0.790000</speed>
<trueHeading>0.000000</trueHeading>
<magneticHeading>0.000000</magneticHeading>
<gpsHeading>238.974228</gpsHeading>
<haccuracy>11.851000</haccuracy>
<vaccuracy>11.851000</vaccuracy>
<internetconnect>2</internetconnect>
</trkpt>
<trkpt lat="35.881397" lon="139.025079">
<ele>1036.000000</ele>
<time>2026-05-23T01:24:54Z</time>
<speed>0.712586</speed>
<trueHeading>0.000000</trueHeading>
<magneticHeading>0.000000</magneticHeading>
<gpsHeading>257.860748</gpsHeading>
<haccuracy>6.687000</haccuracy>
<vaccuracy>6.687000</vaccuracy>
<internetconnect>2</internetconnect>
</trkpt>
<trkpt lat="35.881547" lon="139.024618">
<ele>1038.666667</ele>
<time>2026-05-23T01:25:44Z</time>
<speed>0.238402</speed>
<trueHeading>0.000000</trueHeading>
<magneticHeading>0.000000</magneticHeading>
<gpsHeading>291.897644</gpsHeading>
<haccuracy>4.942000</haccuracy>
<vaccuracy>4.942000</vaccuracy>
<internetconnect>2</internetconnect>
</trkpt>
<trkpt lat="35.881569" lon="139.024273">
<ele>1038.000000</ele>
<time>2026-05-23T01:26:46Z</time>
<speed>0.150612</speed>
<trueHeading>0.000000</trueHeading>
<magneticHeading>0.000000</magneticHeading>
<gpsHeading>274.517883</gpsHeading>
<haccuracy>4.026000</haccuracy>
<vaccuracy>4.026000</vaccuracy>
<internetconnect>2</internetconnect>
</trkpt>
<trkpt lat="35.881658" lon="139.023911">
<ele>1037.666667</ele>
<time>2026-05-23T01:28:01Z</time>
<speed>1.510000</speed>
<trueHeading>0.000000</trueHeading>
<magneticHeading>0.000000</magneticHeading>
<gpsHeading>286.920074</gpsHeading>
<haccuracy>11.170000</haccuracy>
<vaccuracy>11.170000</vaccuracy>
<internetconnect>2</internetconnect>
</trkpt>
<trkpt lat="35.881694" lon="139.023557">
<ele>1038.000000</ele>
<time>2026-05-23T01:28:55Z</time>
<speed>0.148699</speed>
<trueHeading>0.000000</trueHeading>
<magneticHeading>0.000000</magneticHeading>
<gpsHeading>277.163666</gpsHeading>
<haccuracy>5.647000</haccuracy>
<vaccuracy>5.647000</vaccuracy>
<internetconnect>2</internetconnect>
</trkpt>
<trkpt lat="35.881675" lon="139.023314">
<ele>1033.333333</ele>
<time>2026-05-23T01:30:59Z</time>
<speed>0.580000</speed>
<trueHeading>0.000000</trueHeading>
<magneticHeading>0.000000</magneticHeading>
<gpsHeading>264.240814</gpsHeading>
<haccuracy>14.611000</haccuracy>
<vaccuracy>14.611000</vaccuracy>
<internetconnect>2</internetconnect>
</trkpt>
<trkpt lat="35.881517" lon="139.022947">
<ele>1028.000000</ele>
<time>2026-05-23T01:31:49Z</time>
<speed>1.090000</speed>
<trueHeading>0.000000</trueHeading>
<magneticHeading>0.000000</magneticHeading>
<gpsHeading>242.121231</gpsHeading>
<haccuracy>11.285000</haccuracy>
<vaccuracy>11.285000</vaccuracy>
<internetconnect>2</internetconnect>
</trkpt>
<trkpt lat="35.881574" lon="139.022564">
<ele>1020.000000</ele>
<time>2026-05-23T01:32:39Z</time>
<speed>0.183870</speed>
<trueHeading>0.000000</trueHeading>
<magneticHeading>0.000000</magneticHeading>
<gpsHeading>280.246918</gpsHeading>
<haccuracy>5.661000</haccuracy>
<vaccuracy>5.661000</vaccuracy>
<internetconnect>2</internetconnect>
</trkpt>
<trkpt lat="35.881387" lon="139.022242">
<ele>1022.666667</ele>
<time>2026-05-23T01:33:26Z</time>
<speed>0.179551</speed>
<trueHeading>0.000000</trueHeading>
<magneticHeading>0.000000</magneticHeading>
<gpsHeading>234.444794</gpsHeading>
<haccuracy>5.137000</haccuracy>
<vaccuracy>5.137000</vaccuracy>
<internetconnect>2</internetconnect>
</trkpt>
<trkpt lat="35.881478" lon="139.022085">
<ele>1019.666667</ele>
<time>2026-05-23T01:35:28Z</time>
<speed>0.000000</speed>
<trueHeading>0.000000</trueHeading>
<magneticHeading>0.000000</magneticHeading>
<gpsHeading>305.630768</gpsHeading>
<haccuracy>8.818000</haccuracy>
<vaccuracy>8.818000</vaccuracy>
<internetconnect>2</internetconnect>
</trkpt>
<trkpt lat="35.881556" lon="139.021725">
<ele>1023.666667</ele>
<time>2026-05-23T01:36:14Z</time>
<speed>0.000000</speed>
<trueHeading>0.000000</trueHeading>
<magneticHeading>0.000000</magneticHeading>
<gpsHeading>285.011993</gpsHeading>
<haccuracy>13.536000</haccuracy>
<vaccuracy>13.536000</vaccuracy>
<internetconnect>2</internetconnect>
</trkpt>
<trkpt lat="35.881887" lon="139.021531">
<ele>1024.000000</ele>
<time>2026-05-23T01:37:37Z</time>
<speed>1.210000</speed>
<trueHeading>0.000000</trueHeading>
<magneticHeading>0.000000</magneticHeading>
<gpsHeading>334.540833</gpsHeading>
<haccuracy>13.535000</haccuracy>
<vaccuracy>13.535000</vaccuracy>
<internetconnect>2</internetconnect>
</trkpt>
<trkpt lat="35.881952" lon="139.021439">
<ele>1026.000000</ele>
<time>2026-05-23T01:39:40Z</time>
<speed>0.070723</speed>
<trueHeading>0.000000</trueHeading>
<magneticHeading>0.000000</magneticHeading>
<gpsHeading>310.909729</gpsHeading>
<haccuracy>4.366000</haccuracy>
<vaccuracy>4.366000</vaccuracy>
<internetconnect>2</internetconnect>
</trkpt>
<trkpt lat="35.881953" lon="139.021466">
<ele>1027.666667</ele>
<time>2026-05-23T01:42:18Z</time>
<speed>0.195893</speed>
<trueHeading>0.000000</trueHeading>
<magneticHeading>0.000000</magneticHeading>
<gpsHeading>85.958107</gpsHeading>
<haccuracy>3.924000</haccuracy>
<vaccuracy>3.924000</vaccuracy>
<internetconnect>2</internetconnect>
</trkpt>
<trkpt lat="35.882292" lon="139.021512">
<ele>1028.000000</ele>
<time>2026-05-23T01:43:13Z</time>
<speed>0.462946</speed>
<trueHeading>0.000000</trueHeading>
<magneticHeading>0.000000</magneticHeading>
<gpsHeading>6.384102</gpsHeading>
<haccuracy>7.994000</haccuracy>
<vaccuracy>7.994000</vaccuracy>
<internetconnect>2</internetconnect>
</trkpt>
<trkpt lat="35.882031" lon="139.021547">
<ele>1027.666667</ele>
<time>2026-05-23T01:45:18Z</time>
<speed>0.294336</speed>
<trueHeading>0.000000</trueHeading>
<magneticHeading>0.000000</magneticHeading>
<gpsHeading>173.876404</gpsHeading>
<haccuracy>6.798000</haccuracy>
<vaccuracy>6.798000</vaccuracy>
<internetconnect>2</internetconnect>
</trkpt>
<trkpt lat="35.881870" lon="139.021486">
<ele>1025.666667</ele>
<time>2026-05-23T01:47:48Z</time>
<speed>0.408155</speed>
<trueHeading>0.000000</trueHeading>
<magneticHeading>0.000000</magneticHeading>
<gpsHeading>197.019760</gpsHeading>
<haccuracy>8.160000</haccuracy>
<vaccuracy>8.160000</vaccuracy>
<internetconnect>2</internetconnect>
</trkpt>
<trkpt lat="35.881869" lon="139.021475">
<ele>1025.000000</ele>
<time>2026-05-23T01:50:25Z</time>
<speed>0.000000</speed>
<trueHeading>0.000000</trueHeading>
<magneticHeading>0.000000</magneticHeading>
<gpsHeading>261.701202</gpsHeading>
<haccuracy>11.761000</haccuracy>
<vaccuracy>11.761000</vaccuracy>
<internetconnect>2</internetconnect>
</trkpt>
<trkpt lat="35.881878" lon="139.021477">
<ele>1025.000000</ele>
<time>2026-05-23T01:54:42Z</time>
<speed>0.000000</speed>
<trueHeading>0.000000</trueHeading>
<magneticHeading>0.000000</magneticHeading>
<gpsHeading>9.204509</gpsHeading>
<haccuracy>10.297000</haccuracy>
<vaccuracy>10.297000</vaccuracy>
<internetconnect>2</internetconnect>
</trkpt>
<trkpt lat="35.881878" lon="139.021475">
<ele>1025.000000</ele>
<time>2026-05-23T01:56:58Z</time>
<speed>0.000000</speed>
<trueHeading>0.000000</trueHeading>
<magneticHeading>0.000000</magneticHeading>
<gpsHeading>256.770569</gpsHeading>
<haccuracy>10.491000</haccuracy>
<vaccuracy>10.491000</vaccuracy>
<internetconnect>2</internetconnect>
</trkpt>
<trkpt lat="35.881867" lon="139.021471">
<ele>1027.333333</ele>
<time>2026-05-23T01:59:36Z</time>
<speed>0.630000</speed>
<trueHeading>0.000000</trueHeading>
<magneticHeading>0.000000</magneticHeading>
<gpsHeading>197.489029</gpsHeading>
<haccuracy>11.190000</haccuracy>
<vaccuracy>11.190000</vaccuracy>
<internetconnect>2</internetconnect>
</trkpt>
<trkpt lat="35.881967" lon="139.021607">
<ele>1029.333333</ele>
<time>2026-05-23T02:01:46Z</time>
<speed>1.840000</speed>
<trueHeading>0.000000</trueHeading>
<magneticHeading>0.000000</magneticHeading>
<gpsHeading>47.717258</gpsHeading>
<haccuracy>4.083000</haccuracy>
<vaccuracy>4.083000</vaccuracy>
<internetconnect>2</internetconnect>
</trkpt>
<trkpt lat="35.882308" lon="139.021515">
<ele>1033.333333</ele>
<time>2026-05-23T02:02:40Z</time>
<speed>0.202078</speed>
<trueHeading>0.000000</trueHeading>
<magneticHeading>0.000000</magneticHeading>
<gpsHeading>347.664886</gpsHeading>
<haccuracy>5.252000</haccuracy>
<vaccuracy>5.252000</vaccuracy>
<internetconnect>2</internetconnect>
</trkpt>
<trkpt lat="35.882515" lon="139.021720">
<ele>1037.333333</ele>
<time>2026-05-23T02:04:45Z</time>
<speed>0.178295</speed>
<trueHeading>0.000000</trueHeading>
<magneticHeading>0.000000</magneticHeading>
<gpsHeading>38.743065</gpsHeading>
<haccuracy>5.335000</haccuracy>
<vaccuracy>5.335000</vaccuracy>
<internetconnect>2</internetconnect>
</trkpt>
<trkpt lat="35.882628" lon="139.021908">
<ele>1048.666667</ele>
<time>2026-05-23T02:06:50Z</time>
<speed>0.202081</speed>
<trueHeading>0.000000</trueHeading>
<magneticHeading>0.000000</magneticHeading>
<gpsHeading>53.221119</gpsHeading>
<haccuracy>3.213000</haccuracy>
<vaccuracy>3.213000</vaccuracy>
<internetconnect>2</internetconnect>
</trkpt>
<trkpt lat="35.882701" lon="139.022251">
<ele>1057.666667</ele>
<time>2026-05-23T02:08:20Z</time>
<speed>0.790000</speed>
<trueHeading>0.000000</trueHeading>
<magneticHeading>0.000000</magneticHeading>
<gpsHeading>75.352203</gpsHeading>
<haccuracy>12.423000</haccuracy>
<vaccuracy>12.423000</vaccuracy>
<internetconnect>2</internetconnect>
</trkpt>
<trkpt lat="35.882806" lon="139.022347">
<ele>1066.000000</ele>
<time>2026-05-23T02:10:24Z</time>
<speed>0.000000</speed>
<trueHeading>0.000000</trueHeading>
<magneticHeading>0.000000</magneticHeading>
<gpsHeading>36.506355</gpsHeading>
<haccuracy>11.096000</haccuracy>
<vaccuracy>11.096000</vaccuracy>
<internetconnect>2</internetconnect>
</trkpt>
<trkpt lat="35.882926" lon="139.022494">
<ele>1070.000000</ele>
<time>2026-05-23T02:12:28Z</time>
<speed>0.000000</speed>
<trueHeading>0.000000</trueHeading>
<magneticHeading>0.000000</magneticHeading>
<gpsHeading>44.880440</gpsHeading>
<haccuracy>11.892000</haccuracy>
<vaccuracy>11.892000</vaccuracy>
<internetconnect>2</internetconnect>
</trkpt>
<trkpt lat="35.882909" lon="139.022660">
<ele>1074.000000</ele>
<time>2026-05-23T02:14:29Z</time>
<speed>0.230000</speed>
<trueHeading>0.000000</trueHeading>
<magneticHeading>0.000000</magneticHeading>
<gpsHeading>96.846611</gpsHeading>
<haccuracy>12.444000</haccuracy>
<vaccuracy>12.444000</vaccuracy>
<internetconnect>2</internetconnect>
</trkpt>
<trkpt lat="35.883031" lon="139.022663">
<ele>1074.000000</ele>
<time>2026-05-23T02:16:34Z</time>
<speed>0.290000</speed>
<trueHeading>0.000000</trueHeading>
<magneticHeading>0.000000</magneticHeading>
<gpsHeading>1.147012</gpsHeading>
<haccuracy>11.699000</haccuracy>
<vaccuracy>11.699000</vaccuracy>
<internetconnect>2</internetconnect>
</trkpt>
<trkpt lat="35.882985" lon="139.022465">
<ele>1077.000000</ele>
<time>2026-05-23T02:19:05Z</time>
<speed>0.000000</speed>
<trueHeading>0.000000</trueHeading>
<magneticHeading>0.000000</magneticHeading>
<gpsHeading>254.025497</gpsHeading>
<haccuracy>10.987000</haccuracy>
<vaccuracy>10.987000</vaccuracy>
<internetconnect>2</internetconnect>
</trkpt>
<trkpt lat="35.883155" lon="139.022787">
<ele>1080.333333</ele>
<time>2026-05-23T02:19:53Z</time>
<speed>1.020000</speed>
<trueHeading>0.000000</trueHeading>
<magneticHeading>0.000000</magneticHeading>
<gpsHeading>56.980862</gpsHeading>
<haccuracy>13.447000</haccuracy>
<vaccuracy>13.447000</vaccuracy>
<internetconnect>2</internetconnect>
</trkpt>
<trkpt lat="35.883187" lon="139.022739">
<ele>1082.666667</ele>
<time>2026-05-23T02:21:58Z</time>
<speed>0.000000</speed>
<trueHeading>0.000000</trueHeading>
<magneticHeading>0.000000</magneticHeading>
<gpsHeading>309.978210</gpsHeading>
<haccuracy>11.832000</haccuracy>
<vaccuracy>11.832000</vaccuracy>
<internetconnect>2</internetconnect>
</trkpt>
<trkpt lat="35.883072" lon="139.022772">
<ele>1079.333333</ele>
<time>2026-05-23T02:24:08Z</time>
<speed>0.000000</speed>
<trueHeading>0.000000</trueHeading>
<magneticHeading>0.000000</magneticHeading>
<gpsHeading>167.010178</gpsHeading>
<haccuracy>13.011000</haccuracy>
<vaccuracy>13.011000</vaccuracy>
<internetconnect>2</internetconnect>
</trkpt>
<trkpt lat="35.883050" lon="139.022771">
<ele>1077.666667</ele>
<time>2026-05-23T02:27:08Z</time>
<speed>0.000000</speed>
<trueHeading>0.000000</trueHeading>
<magneticHeading>0.000000</magneticHeading>
<gpsHeading>181.022400</gpsHeading>
<haccuracy>8.514000</haccuracy>
<vaccuracy>8.514000</vaccuracy>
<internetconnect>2</internetconnect>
</trkpt>
<trkpt lat="35.883081" lon="139.023029">
<ele>1080.000000</ele>
<time>2026-05-23T02:30:03Z</time>
<speed>0.000000</speed>
<trueHeading>0.000000</trueHeading>
<magneticHeading>0.000000</magneticHeading>
<gpsHeading>81.400368</gpsHeading>
<haccuracy>7.429000</haccuracy>
<vaccuracy>7.429000</vaccuracy>
<internetconnect>2</internetconnect>
</trkpt>
<trkpt lat="35.883101" lon="139.023048">
<ele>1083.666667</ele>
<time>2026-05-23T02:36:05Z</time>
<speed>0.220000</speed>
<trueHeading>0.000000</trueHeading>
<magneticHeading>0.000000</magneticHeading>
<gpsHeading>36.736019</gpsHeading>
<haccuracy>6.583000</haccuracy>
<vaccuracy>6.583000</vaccuracy>
<internetconnect>2</internetconnect>
</trkpt>
<trkpt lat="35.883093" lon="139.023159">
<ele>1085.666667</ele>
<time>2026-05-23T02:39:24Z</time>
<speed>0.000000</speed>
<trueHeading>0.000000</trueHeading>
<magneticHeading>0.000000</magneticHeading>
<gpsHeading>95.233162</gpsHeading>
<haccuracy>12.508000</haccuracy>
<vaccuracy>12.508000</vaccuracy>
<internetconnect>2</internetconnect>
</trkpt>
<trkpt lat="35.883106" lon="139.023136">
<ele>1086.666667</ele>
<time>2026-05-23T02:42:58Z</time>
<speed>0.630000</speed>
<trueHeading>0.000000</trueHeading>
<magneticHeading>0.000000</magneticHeading>
<gpsHeading>304.809784</gpsHeading>
<haccuracy>11.834000</haccuracy>
<vaccuracy>11.834000</vaccuracy>
<internetconnect>2</internetconnect>
</trkpt>
<trkpt lat="35.883207" lon="139.022764">
<ele>1084.666667</ele>
<time>2026-05-23T02:44:03Z</time>
<speed>0.000000</speed>
<trueHeading>0.000000</trueHeading>
<magneticHeading>0.000000</magneticHeading>
<gpsHeading>288.480927</gpsHeading>
<haccuracy>11.473000</haccuracy>
<vaccuracy>11.473000</vaccuracy>
<internetconnect>2</internetconnect>
</trkpt>
<trkpt lat="35.883094" lon="139.022624">
<ele>1080.333333</ele>
<time>2026-05-23T02:46:09Z</time>
<speed>1.400000</speed>
<trueHeading>0.000000</trueHeading>
<magneticHeading>0.000000</magneticHeading>
<gpsHeading>225.144775</gpsHeading>
<haccuracy>7.931000</haccuracy>
<vaccuracy>7.931000</vaccuracy>
<internetconnect>2</internetconnect>
</trkpt>
<trkpt lat="35.883032" lon="139.022416">
<ele>1078.666667</ele>
<time>2026-05-23T02:48:12Z</time>
<speed>0.420000</speed>
<trueHeading>0.000000</trueHeading>
<magneticHeading>0.000000</magneticHeading>
<gpsHeading>249.834671</gpsHeading>
<haccuracy>10.902000</haccuracy>
<vaccuracy>10.902000</vaccuracy>
<internetconnect>2</internetconnect>
</trkpt>
<trkpt lat="35.882919" lon="139.022737">
<ele>1074.666667</ele>
<time>2026-05-23T02:49:58Z</time>
<speed>0.380000</speed>
<trueHeading>0.000000</trueHeading>
<magneticHeading>0.000000</magneticHeading>
<gpsHeading>113.440536</gpsHeading>
<haccuracy>15.274000</haccuracy>
<vaccuracy>15.274000</vaccuracy>
<internetconnect>2</internetconnect>
</trkpt>
<trkpt lat="35.882905" lon="139.022511">
<ele>1073.000000</ele>
<time>2026-05-23T02:52:03Z</time>
<speed>0.400000</speed>
<trueHeading>0.000000</trueHeading>
<magneticHeading>0.000000</magneticHeading>
<gpsHeading>265.717377</gpsHeading>
<haccuracy>11.690000</haccuracy>
<vaccuracy>11.690000</vaccuracy>
<internetconnect>2</internetconnect>
</trkpt>
<trkpt lat="35.882965" lon="139.022248">
<ele>1074.333333</ele>
<time>2026-05-23T02:54:12Z</time>
<speed>0.330000</speed>
<trueHeading>0.000000</trueHeading>
<magneticHeading>0.000000</magneticHeading>
<gpsHeading>285.725922</gpsHeading>
<haccuracy>11.341000</haccuracy>
<vaccuracy>11.341000</vaccuracy>
<internetconnect>2</internetconnect>
</trkpt>
<trkpt lat="35.883168" lon="139.022200">
<ele>1079.666667</ele>
<time>2026-05-23T02:56:13Z</time>
<speed>0.180000</speed>
<trueHeading>0.000000</trueHeading>
<magneticHeading>0.000000</magneticHeading>
<gpsHeading>349.056061</gpsHeading>
<haccuracy>10.056000</haccuracy>
<vaccuracy>10.056000</vaccuracy>
<internetconnect>2</internetconnect>
</trkpt>
<trkpt lat="35.883172" lon="139.022273">
<ele>1086.666667</ele>
<time>2026-05-23T02:58:22Z</time>
<speed>0.000000</speed>
<trueHeading>0.000000</trueHeading>
<magneticHeading>0.000000</magneticHeading>
<gpsHeading>86.146782</gpsHeading>
<haccuracy>7.238000</haccuracy>
<vaccuracy>7.238000</vaccuracy>
<internetconnect>2</internetconnect>
</trkpt>
<trkpt lat="35.883262" lon="139.022282">
<ele>1085.000000</ele>
<time>2026-05-23T03:00:29Z</time>
<speed>0.000000</speed>
<trueHeading>0.000000</trueHeading>
<magneticHeading>0.000000</magneticHeading>
<gpsHeading>4.667812</gpsHeading>
<haccuracy>11.230000</haccuracy>
<vaccuracy>11.230000</vaccuracy>
<internetconnect>2</internetconnect>
</trkpt>
<trkpt lat="35.883126" lon="139.022165">
<ele>1083.333333</ele>
<time>2026-05-23T03:02:33Z</time>
<speed>0.000000</speed>
<trueHeading>0.000000</trueHeading>
<magneticHeading>0.000000</magneticHeading>
<gpsHeading>214.919373</gpsHeading>
<haccuracy>10.480000</haccuracy>
<vaccuracy>10.480000</vaccuracy>
<internetconnect>2</internetconnect>
</trkpt>
<trkpt lat="35.883131" lon="139.022187">
<ele>1077.333333</ele>
<time>2026-05-23T03:04:36Z</time>
<speed>0.000000</speed>
<trueHeading>0.000000</trueHeading>
<magneticHeading>0.000000</magneticHeading>
<gpsHeading>73.789139</gpsHeading>
<haccuracy>11.440000</haccuracy>
<vaccuracy>11.440000</vaccuracy>
<internetconnect>2</internetconnect>
</trkpt>
<trkpt lat="35.882971" lon="139.021861">
<ele>1070.333333</ele>
<time>2026-05-23T03:06:05Z</time>
<speed>0.000000</speed>
<trueHeading>0.000000</trueHeading>
<magneticHeading>0.000000</magneticHeading>
<gpsHeading>238.730164</gpsHeading>
<haccuracy>10.664000</haccuracy>
<vaccuracy>10.664000</vaccuracy>
<internetconnect>2</internetconnect>
</trkpt>
<trkpt lat="35.882805" lon="139.021607">
<ele>1063.333333</ele>
<time>2026-05-23T03:08:09Z</time>
<speed>0.000000</speed>
<trueHeading>0.000000</trueHeading>
<magneticHeading>0.000000</magneticHeading>
<gpsHeading>231.176178</gpsHeading>
<haccuracy>11.273000</haccuracy>
<vaccuracy>11.273000</vaccuracy>
<internetconnect>2</internetconnect>
</trkpt>
<trkpt lat="35.882813" lon="139.021602">
<ele>1058.333333</ele>
<time>2026-05-23T03:10:48Z</time>
<speed>0.194488</speed>
<trueHeading>0.000000</trueHeading>
<magneticHeading>0.000000</magneticHeading>
<gpsHeading>332.851440</gpsHeading>
<haccuracy>3.171000</haccuracy>
<vaccuracy>3.171000</vaccuracy>
<internetconnect>2</internetconnect>
</trkpt>
<trkpt lat="35.882822" lon="139.021947">
<ele>1064.000000</ele>
<time>2026-05-23T03:11:36Z</time>
<speed>0.000000</speed>
<trueHeading>0.000000</trueHeading>
<magneticHeading>0.000000</magneticHeading>
<gpsHeading>87.994965</gpsHeading>
<haccuracy>10.593000</haccuracy>
<vaccuracy>10.593000</vaccuracy>
<internetconnect>2</internetconnect>
</trkpt>
<trkpt lat="35.883051" lon="139.022018">
<ele>1075.333333</ele>
<time>2026-05-23T03:13:41Z</time>
<speed>0.000000</speed>
<trueHeading>0.000000</trueHeading>
<magneticHeading>0.000000</magneticHeading>
<gpsHeading>14.097054</gpsHeading>
<haccuracy>10.635000</haccuracy>
<vaccuracy>10.635000</vaccuracy>
<internetconnect>2</internetconnect>
</trkpt>
<trkpt lat="35.883229" lon="139.022095">
<ele>1088.666667</ele>
<time>2026-05-23T03:17:37Z</time>
<speed>0.000000</speed>
<trueHeading>0.000000</trueHeading>
<magneticHeading>0.000000</magneticHeading>
<gpsHeading>19.317972</gpsHeading>
<haccuracy>7.824000</haccuracy>
<vaccuracy>7.824000</vaccuracy>
<internetconnect>2</internetconnect>
</trkpt>
<trkpt lat="35.883332" lon="139.022421">
<ele>1100.333333</ele>
<time>2026-05-23T03:19:08Z</time>
<speed>0.620000</speed>
<trueHeading>0.000000</trueHeading>
<magneticHeading>0.000000</magneticHeading>
<gpsHeading>68.644745</gpsHeading>
<haccuracy>10.080000</haccuracy>
<vaccuracy>10.080000</vaccuracy>
<internetconnect>2</internetconnect>
</trkpt>
<trkpt lat="35.883451" lon="139.022742">
<ele>1108.333333</ele>
<time>2026-05-23T03:20:22Z</time>
<speed>0.022298</speed>
<trueHeading>0.000000</trueHeading>
<magneticHeading>0.000000</magneticHeading>
<gpsHeading>65.479462</gpsHeading>
<haccuracy>3.871000</haccuracy>
<vaccuracy>3.871000</vaccuracy>
<internetconnect>2</internetconnect>
</trkpt>
<trkpt lat="35.883621" lon="139.022954">
<ele>1116.333333</ele>
<time>2026-05-23T03:22:24Z</time>
<speed>0.136687</speed>
<trueHeading>0.000000</trueHeading>
<magneticHeading>0.000000</magneticHeading>
<gpsHeading>45.353180</gpsHeading>
<haccuracy>4.919000</haccuracy>
<vaccuracy>4.919000</vaccuracy>
<internetconnect>2</internetconnect>
</trkpt>
<trkpt lat="35.883755" lon="139.023014">
<ele>1118.333333</ele>
<time>2026-05-23T03:24:29Z</time>
<speed>0.247089</speed>
<trueHeading>0.000000</trueHeading>
<magneticHeading>0.000000</magneticHeading>
<gpsHeading>19.800167</gpsHeading>
<haccuracy>6.001000</haccuracy>
<vaccuracy>6.001000</vaccuracy>
<internetconnect>2</internetconnect>
</trkpt>
<trkpt lat="35.883900" lon="139.023214">
<ele>1118.666667</ele>
<time>2026-05-23T03:26:30Z</time>
<speed>0.130248</speed>
<trueHeading>0.000000</trueHeading>
<magneticHeading>0.000000</magneticHeading>
<gpsHeading>48.117920</gpsHeading>
<haccuracy>3.221000</haccuracy>
<vaccuracy>3.221000</vaccuracy>
<internetconnect>2</internetconnect>
</trkpt>
<trkpt lat="35.884164" lon="139.023168">
<ele>1120.000000</ele>
<time>2026-05-23T03:28:34Z</time>
<speed>0.148247</speed>
<trueHeading>0.000000</trueHeading>
<magneticHeading>0.000000</magneticHeading>
<gpsHeading>351.950317</gpsHeading>
<haccuracy>3.437000</haccuracy>
<vaccuracy>3.437000</vaccuracy>
<internetconnect>2</internetconnect>
</trkpt>
<trkpt lat="35.884417" lon="139.023079">
<ele>1122.333333</ele>
<time>2026-05-23T03:30:37Z</time>
<speed>0.170778</speed>
<trueHeading>0.000000</trueHeading>
<magneticHeading>0.000000</magneticHeading>
<gpsHeading>344.175873</gpsHeading>
<haccuracy>3.056000</haccuracy>
<vaccuracy>3.056000</vaccuracy>
<internetconnect>2</internetconnect>
</trkpt>
<trkpt lat="35.884370" lon="139.023067">
<ele>1126.333333</ele>
<time>2026-05-23T03:32:47Z</time>
<speed>0.096254</speed>
<trueHeading>0.000000</trueHeading>
<magneticHeading>0.000000</magneticHeading>
<gpsHeading>192.417374</gpsHeading>
<haccuracy>4.118000</haccuracy>
<vaccuracy>4.118000</vaccuracy>
<internetconnect>2</internetconnect>
</trkpt>
<trkpt lat="35.884578" lon="139.023130">
<ele>1128.333333</ele>
<time>2026-05-23T03:34:49Z</time>
<speed>0.133062</speed>
<trueHeading>0.000000</trueHeading>
<magneticHeading>0.000000</magneticHeading>
<gpsHeading>13.751591</gpsHeading>
<haccuracy>4.851000</haccuracy>
<vaccuracy>4.851000</vaccuracy>
<internetconnect>2</internetconnect>
</trkpt>
<trkpt lat="35.884729" lon="139.023442">
<ele>1131.000000</ele>
<time>2026-05-23T03:36:47Z</time>
<speed>0.147023</speed>
<trueHeading>0.000000</trueHeading>
<magneticHeading>0.000000</magneticHeading>
<gpsHeading>59.164066</gpsHeading>
<haccuracy>3.318000</haccuracy>
<vaccuracy>3.318000</vaccuracy>
<internetconnect>2</internetconnect>
</trkpt>
<trkpt lat="35.884998" lon="139.023425">
<ele>1132.333333</ele>
<time>2026-05-23T03:38:48Z</time>
<speed>0.900000</speed>
<trueHeading>0.000000</trueHeading>
<magneticHeading>0.000000</magneticHeading>
<gpsHeading>356.990021</gpsHeading>
<haccuracy>11.515000</haccuracy>
<vaccuracy>11.515000</vaccuracy>
<internetconnect>2</internetconnect>
</trkpt>
<trkpt lat="35.885088" lon="139.023435">
<ele>1132.666667</ele>
<time>2026-05-23T03:41:01Z</time>
<speed>0.720000</speed>
<trueHeading>0.000000</trueHeading>
<magneticHeading>0.000000</magneticHeading>
<gpsHeading>5.352412</gpsHeading>
<haccuracy>10.989000</haccuracy>
<vaccuracy>10.989000</vaccuracy>
<internetconnect>2</internetconnect>
</trkpt>
<trkpt lat="35.885253" lon="139.023134">
<ele>1134.000000</ele>
<time>2026-05-23T03:42:52Z</time>
<speed>0.440000</speed>
<trueHeading>0.000000</trueHeading>
<magneticHeading>0.000000</magneticHeading>
<gpsHeading>303.908905</gpsHeading>
<haccuracy>7.946000</haccuracy>
<vaccuracy>7.946000</vaccuracy>
<internetconnect>2</internetconnect>
</trkpt>
<trkpt lat="35.885541" lon="139.022977">
<ele>1136.000000</ele>
<time>2026-05-23T03:44:52Z</time>
<speed>0.710000</speed>
<trueHeading>0.000000</trueHeading>
<magneticHeading>0.000000</magneticHeading>
<gpsHeading>336.283112</gpsHeading>
<haccuracy>12.015000</haccuracy>
<vaccuracy>12.015000</vaccuracy>
<internetconnect>2</internetconnect>
</trkpt>
<trkpt lat="35.885841" lon="139.023022">
<ele>1141.000000</ele>
<time>2026-05-23T03:46:36Z</time>
<speed>0.300000</speed>
<trueHeading>0.000000</trueHeading>
<magneticHeading>0.000000</magneticHeading>
<gpsHeading>6.925256</gpsHeading>
<haccuracy>11.322000</haccuracy>
<vaccuracy>11.322000</vaccuracy>
<internetconnect>2</internetconnect>
</trkpt>
<trkpt lat="35.886086" lon="139.023186">
<ele>1145.666667</ele>
<time>2026-05-23T03:48:25Z</time>
<speed>0.264894</speed>
<trueHeading>0.000000</trueHeading>
<magneticHeading>0.000000</magneticHeading>
<gpsHeading>28.398935</gpsHeading>
<haccuracy>4.719000</haccuracy>
<vaccuracy>4.719000</vaccuracy>
<internetconnect>2</internetconnect>
</trkpt>
<trkpt lat="35.886145" lon="139.023436">
<ele>1149.000000</ele>
<time>2026-05-23T03:50:46Z</time>
<speed>0.023594</speed>
<trueHeading>0.000000</trueHeading>
<magneticHeading>0.000000</magneticHeading>
<gpsHeading>73.784164</gpsHeading>
<haccuracy>6.942000</haccuracy>
<vaccuracy>6.942000</vaccuracy>
<internetconnect>2</internetconnect>
</trkpt>
<trkpt lat="35.886153" lon="139.023447">
<ele>1154.666667</ele>
<time>2026-05-23T03:52:54Z</time>
<speed>0.138087</speed>
<trueHeading>0.000000</trueHeading>
<magneticHeading>0.000000</magneticHeading>
<gpsHeading>49.101959</gpsHeading>
<haccuracy>3.357000</haccuracy>
<vaccuracy>3.357000</vaccuracy>
<internetconnect>2</internetconnect>
</trkpt>
<trkpt lat="35.885987" lon="139.023536">
<ele>1155.000000</ele>
<time>2026-05-23T03:55:07Z</time>
<speed>0.600000</speed>
<trueHeading>0.000000</trueHeading>
<magneticHeading>0.000000</magneticHeading>
<gpsHeading>156.558823</gpsHeading>
<haccuracy>10.191000</haccuracy>
<vaccuracy>10.191000</vaccuracy>
<internetconnect>2</internetconnect>
</trkpt>
<trkpt lat="35.885844" lon="139.023241">
<ele>1158.333333</ele>
<time>2026-05-23T03:56:45Z</time>
<speed>0.000000</speed>
<trueHeading>0.000000</trueHeading>
<magneticHeading>0.000000</magneticHeading>
<gpsHeading>239.246201</gpsHeading>
<haccuracy>11.264000</haccuracy>
<vaccuracy>11.264000</vaccuracy>
<internetconnect>2</internetconnect>
</trkpt>
<trkpt lat="35.885869" lon="139.023395">
<ele>1158.666667</ele>
<time>2026-05-23T03:58:46Z</time>
<speed>0.000000</speed>
<trueHeading>0.000000</trueHeading>
<magneticHeading>0.000000</magneticHeading>
<gpsHeading>78.610176</gpsHeading>
<haccuracy>10.331000</haccuracy>
<vaccuracy>10.331000</vaccuracy>
<internetconnect>2</internetconnect>
</trkpt>
<trkpt lat="35.885868" lon="139.023508">
<ele>1158.666667</ele>
<time>2026-05-23T04:01:26Z</time>
<speed>1.430000</speed>
<trueHeading>0.000000</trueHeading>
<magneticHeading>0.000000</magneticHeading>
<gpsHeading>90.810661</gpsHeading>
<haccuracy>10.585000</haccuracy>
<vaccuracy>10.585000</vaccuracy>
<internetconnect>2</internetconnect>
</trkpt>
<trkpt lat="35.885801" lon="139.023265">
<ele>1156.000000</ele>
<time>2026-05-23T04:03:29Z</time>
<speed>0.000000</speed>
<trueHeading>0.000000</trueHeading>
<magneticHeading>0.000000</magneticHeading>
<gpsHeading>251.177872</gpsHeading>
<haccuracy>11.154000</haccuracy>
<vaccuracy>11.154000</vaccuracy>
<internetconnect>2</internetconnect>
</trkpt>
<trkpt lat="35.885996" lon="139.023305">
<ele>1150.666667</ele>
<time>2026-05-23T04:05:31Z</time>
<speed>0.000000</speed>
<trueHeading>0.000000</trueHeading>
<magneticHeading>0.000000</magneticHeading>
<gpsHeading>9.522884</gpsHeading>
<haccuracy>10.612000</haccuracy>
<vaccuracy>10.612000</vaccuracy>
<internetconnect>2</internetconnect>
</trkpt>
<trkpt lat="35.886271" lon="139.023416">
<ele>1152.000000</ele>
<time>2026-05-23T04:07:28Z</time>
<speed>0.400000</speed>
<trueHeading>0.000000</trueHeading>
<magneticHeading>0.000000</magneticHeading>
<gpsHeading>18.035616</gpsHeading>
<haccuracy>6.496000</haccuracy>
<vaccuracy>6.496000</vaccuracy>
<internetconnect>2</internetconnect>
</trkpt>
<trkpt lat="35.886176" lon="139.023533">
<ele>1151.000000</ele>
<time>2026-05-23T04:09:32Z</time>
<speed>0.000000</speed>
<trueHeading>0.000000</trueHeading>
<magneticHeading>0.000000</magneticHeading>
<gpsHeading>134.983887</gpsHeading>
<haccuracy>6.635000</haccuracy>
<vaccuracy>6.635000</vaccuracy>
<internetconnect>2</internetconnect>
</trkpt>
<trkpt lat="35.886411" lon="139.023497">
<ele>1153.333333</ele>
<time>2026-05-23T04:11:37Z</time>
<speed>0.000000</speed>
<trueHeading>0.000000</trueHeading>
<magneticHeading>0.000000</magneticHeading>
<gpsHeading>352.929596</gpsHeading>
<haccuracy>10.205000</haccuracy>
<vaccuracy>10.205000</vaccuracy>
<internetconnect>2</internetconnect>
</trkpt>
<trkpt lat="35.886447" lon="139.023737">
<ele>1153.666667</ele>
<time>2026-05-23T04:13:43Z</time>
<speed>0.031005</speed>
<trueHeading>0.000000</trueHeading>
<magneticHeading>0.000000</magneticHeading>
<gpsHeading>79.364098</gpsHeading>
<haccuracy>4.434000</haccuracy>
<vaccuracy>4.434000</vaccuracy>
<internetconnect>2</internetconnect>
</trkpt>
<trkpt lat="35.886452" lon="139.023806">
<ele>1159.666667</ele>
<time>2026-05-23T04:15:45Z</time>
<speed>0.204155</speed>
<trueHeading>0.000000</trueHeading>
<magneticHeading>0.000000</magneticHeading>
<gpsHeading>84.832008</gpsHeading>
<haccuracy>3.071000</haccuracy>
<vaccuracy>3.071000</vaccuracy>
<internetconnect>2</internetconnect>
</trkpt>
<trkpt lat="35.886575" lon="139.024116">
<ele>1167.666667</ele>
<time>2026-05-23T04:16:56Z</time>
<speed>0.145949</speed>
<trueHeading>0.000000</trueHeading>
<magneticHeading>0.000000</magneticHeading>
<gpsHeading>63.925743</gpsHeading>
<haccuracy>4.576000</haccuracy>
<vaccuracy>4.576000</vaccuracy>
<internetconnect>2</internetconnect>
</trkpt>
<trkpt lat="35.886874" lon="139.024363">
<ele>1177.333333</ele>
<time>2026-05-23T04:18:55Z</time>
<speed>1.150701</speed>
<trueHeading>0.000000</trueHeading>
<magneticHeading>0.000000</magneticHeading>
<gpsHeading>33.801899</gpsHeading>
<haccuracy>9.730000</haccuracy>
<vaccuracy>9.730000</vaccuracy>
<internetconnect>2</internetconnect>
</trkpt>
<trkpt lat="35.886950" lon="139.024591">
<ele>1186.000000</ele>
<time>2026-05-23T04:20:59Z</time>
<speed>0.144117</speed>
<trueHeading>0.000000</trueHeading>
<magneticHeading>0.000000</magneticHeading>
<gpsHeading>67.591919</gpsHeading>
<haccuracy>3.162000</haccuracy>
<vaccuracy>3.162000</vaccuracy>
<internetconnect>2</internetconnect>
</trkpt>
<trkpt lat="35.887001" lon="139.024933">
<ele>1194.333333</ele>
<time>2026-05-23T04:22:39Z</time>
<speed>0.098070</speed>
<trueHeading>0.000000</trueHeading>
<magneticHeading>0.000000</magneticHeading>
<gpsHeading>79.521744</gpsHeading>
<haccuracy>4.312000</haccuracy>
<vaccuracy>4.312000</vaccuracy>
<internetconnect>2</internetconnect>
</trkpt>
<trkpt lat="35.886968" lon="139.025023">
<ele>1200.000000</ele>
<time>2026-05-23T04:24:41Z</time>
<speed>0.101493</speed>
<trueHeading>0.000000</trueHeading>
<magneticHeading>0.000000</magneticHeading>
<gpsHeading>114.456741</gpsHeading>
<haccuracy>10.399000</haccuracy>
<vaccuracy>10.399000</vaccuracy>
<internetconnect>2</internetconnect>
</trkpt>
<trkpt lat="35.887136" lon="139.025222">
<ele>1206.666667</ele>
<time>2026-05-23T04:26:45Z</time>
<speed>0.283682</speed>
<trueHeading>0.000000</trueHeading>
<magneticHeading>0.000000</magneticHeading>
<gpsHeading>43.955654</gpsHeading>
<haccuracy>4.146000</haccuracy>
<vaccuracy>4.146000</vaccuracy>
<internetconnect>2</internetconnect>
</trkpt>
<trkpt lat="35.887117" lon="139.025554">
<ele>1216.333333</ele>
<time>2026-05-23T04:28:47Z</time>
<speed>0.240289</speed>
<trueHeading>0.000000</trueHeading>
<magneticHeading>0.000000</magneticHeading>
<gpsHeading>93.916878</gpsHeading>
<haccuracy>4.123000</haccuracy>
<vaccuracy>4.123000</vaccuracy>
<internetconnect>2</internetconnect>
</trkpt>
<trkpt lat="35.887397" lon="139.025838">
<ele>1222.333333</ele>
<time>2026-05-23T04:30:23Z</time>
<speed>1.730000</speed>
<trueHeading>0.000000</trueHeading>
<magneticHeading>0.000000</magneticHeading>
<gpsHeading>39.471329</gpsHeading>
<haccuracy>13.854000</haccuracy>
<vaccuracy>13.854000</vaccuracy>
<internetconnect>2</internetconnect>
</trkpt>
<trkpt lat="35.887257" lon="139.025838">
<ele>1227.000000</ele>
<time>2026-05-23T04:32:48Z</time>
<speed>0.208058</speed>
<trueHeading>0.000000</trueHeading>
<magneticHeading>0.000000</magneticHeading>
<gpsHeading>180.232758</gpsHeading>
<haccuracy>5.131000</haccuracy>
<vaccuracy>5.131000</vaccuracy>
<internetconnect>2</internetconnect>
</trkpt>
<trkpt lat="35.887077" lon="139.025857">
<ele>1227.000000</ele>
<time>2026-05-23T04:34:55Z</time>
<speed>0.190024</speed>
<trueHeading>0.000000</trueHeading>
<magneticHeading>0.000000</magneticHeading>
<gpsHeading>174.941284</gpsHeading>
<haccuracy>5.237000</haccuracy>
<vaccuracy>5.237000</vaccuracy>
<internetconnect>2</internetconnect>
</trkpt>
<trkpt lat="35.887232" lon="139.026181">
<ele>1223.000000</ele>
<time>2026-05-23T04:36:45Z</time>
<speed>0.341077</speed>
<trueHeading>0.000000</trueHeading>
<magneticHeading>0.000000</magneticHeading>
<gpsHeading>59.447231</gpsHeading>
<haccuracy>5.072000</haccuracy>
<vaccuracy>5.072000</vaccuracy>
<internetconnect>2</internetconnect>
</trkpt>
<trkpt lat="35.887220" lon="139.025322">
<ele>1218.666667</ele>
<time>2026-05-23T04:42:57Z</time>
<speed>0.000000</speed>
<trueHeading>0.000000</trueHeading>
<magneticHeading>0.000000</magneticHeading>
<gpsHeading>0.000000</gpsHeading>
<haccuracy>8.301000</haccuracy>
<vaccuracy>8.301000</vaccuracy>
<internetconnect>0</internetconnect>
</trkpt>
<trkpt lat="35.887199" lon="139.025605">
<ele>1212.000000</ele>
<time>2026-05-23T04:45:16Z</time>
<speed>0.042506</speed>
<trueHeading>0.000000</trueHeading>
<magneticHeading>0.000000</magneticHeading>
<gpsHeading>95.017349</gpsHeading>
<haccuracy>4.704000</haccuracy>
<vaccuracy>4.704000</vaccuracy>
<internetconnect>0</internetconnect>
</trkpt>
<trkpt lat="35.887203" lon="139.025602">
<ele>1214.000000</ele>
<time>2026-05-23T04:47:23Z</time>
<speed>0.000000</speed>
<trueHeading>0.000000</trueHeading>
<magneticHeading>0.000000</magneticHeading>
<gpsHeading>325.144165</gpsHeading>
<haccuracy>10.525108</haccuracy>
<vaccuracy>10.525108</vaccuracy>
<internetconnect>0</internetconnect>
</trkpt>
<trkpt lat="35.887207" lon="139.025604">
<ele>1214.666667</ele>
<time>2026-05-23T04:49:34Z</time>
<speed>0.000000</speed>
<trueHeading>0.000000</trueHeading>
<magneticHeading>0.000000</magneticHeading>
<gpsHeading>27.520023</gpsHeading>
<haccuracy>9.935046</haccuracy>
<vaccuracy>9.935046</vaccuracy>
<internetconnect>0</internetconnect>
</trkpt>
<trkpt lat="35.887216" lon="139.025631">
<ele>1216.000000</ele>
<time>2026-05-23T04:52:54Z</time>
<speed>0.144464</speed>
<trueHeading>0.000000</trueHeading>
<magneticHeading>0.000000</magneticHeading>
<gpsHeading>67.004112</gpsHeading>
<haccuracy>5.144000</haccuracy>
<vaccuracy>5.144000</vaccuracy>
<internetconnect>0</internetconnect>
</trkpt>
<trkpt lat="35.887295" lon="139.025624">
<ele>1220.000000</ele>
<time>2026-05-23T04:54:58Z</time>
<speed>0.243719</speed>
<trueHeading>0.000000</trueHeading>
<magneticHeading>0.000000</magneticHeading>
<gpsHeading>355.914551</gpsHeading>
<haccuracy>5.477000</haccuracy>
<vaccuracy>5.477000</vaccuracy>
<internetconnect>0</internetconnect>
</trkpt>
<trkpt lat="35.887335" lon="139.025596">
<ele>1223.333333</ele>
<time>2026-05-23T04:57:33Z</time>
<speed>0.110475</speed>
<trueHeading>0.000000</trueHeading>
<magneticHeading>0.000000</magneticHeading>
<gpsHeading>330.091553</gpsHeading>
<haccuracy>6.343000</haccuracy>
<vaccuracy>6.343000</vaccuracy>
<internetconnect>0</internetconnect>
</trkpt>
<trkpt lat="35.887338" lon="139.025599">
<ele>1226.000000</ele>
<time>2026-05-23T04:59:38Z</time>
<speed>0.117513</speed>
<trueHeading>0.000000</trueHeading>
<magneticHeading>0.000000</magneticHeading>
<gpsHeading>44.836269</gpsHeading>
<haccuracy>4.839000</haccuracy>
<vaccuracy>4.839000</vaccuracy>
<internetconnect>0</internetconnect>
</trkpt>
<trkpt lat="35.887342" lon="139.025620">
<ele>1223.333333</ele>
<time>2026-05-23T05:01:39Z</time>
<speed>0.289637</speed>
<trueHeading>0.000000</trueHeading>
<magneticHeading>0.000000</magneticHeading>
<gpsHeading>74.696030</gpsHeading>
<haccuracy>8.628000</haccuracy>
<vaccuracy>8.628000</vaccuracy>
<internetconnect>0</internetconnect>
</trkpt>
<trkpt lat="35.887096" lon="139.025635">
<ele>1222.666667</ele>
<time>2026-05-23T05:03:42Z</time>
<speed>0.173592</speed>
<trueHeading>0.000000</trueHeading>
<magneticHeading>0.000000</magneticHeading>
<gpsHeading>177.120056</gpsHeading>
<haccuracy>4.433000</haccuracy>
<vaccuracy>4.433000</vaccuracy>
<internetconnect>0</internetconnect>
</trkpt>
<trkpt lat="35.886854" lon="139.025437">
<ele>1221.000000</ele>
<time>2026-05-23T05:05:26Z</time>
<speed>1.440000</speed>
<trueHeading>0.000000</trueHeading>
<magneticHeading>0.000000</magneticHeading>
<gpsHeading>213.496078</gpsHeading>
<haccuracy>10.498150</haccuracy>
<vaccuracy>10.498150</vaccuracy>
<internetconnect>0</internetconnect>
</trkpt>
<trkpt lat="35.886840" lon="139.025338">
<ele>1223.000000</ele>
<time>2026-05-23T05:07:31Z</time>
<speed>0.000000</speed>
<trueHeading>0.000000</trueHeading>
<magneticHeading>0.000000</magneticHeading>
<gpsHeading>260.491943</gpsHeading>
<haccuracy>12.046070</haccuracy>
<vaccuracy>12.046070</vaccuracy>
<internetconnect>0</internetconnect>
</trkpt>
<trkpt lat="35.886873" lon="139.025412">
<ele>1223.666667</ele>
<time>2026-05-23T05:09:35Z</time>
<speed>0.000000</speed>
<trueHeading>0.000000</trueHeading>
<magneticHeading>0.000000</magneticHeading>
<gpsHeading>61.198349</gpsHeading>
<haccuracy>11.322357</haccuracy>
<vaccuracy>11.322357</vaccuracy>
<internetconnect>0</internetconnect>
</trkpt>
<trkpt lat="35.886874" lon="139.025516">
<ele>1228.333333</ele>
<time>2026-05-23T05:12:08Z</time>
<speed>0.380000</speed>
<trueHeading>0.000000</trueHeading>
<magneticHeading>0.000000</magneticHeading>
<gpsHeading>89.196106</gpsHeading>
<haccuracy>12.635434</haccuracy>
<vaccuracy>12.635434</vaccuracy>
<internetconnect>0</internetconnect>
</trkpt>
<trkpt lat="35.886802" lon="139.025560">
<ele>1237.666667</ele>
<time>2026-05-23T05:16:28Z</time>
<speed>0.710000</speed>
<trueHeading>0.000000</trueHeading>
<magneticHeading>0.000000</magneticHeading>
<gpsHeading>153.611160</gpsHeading>
<haccuracy>10.702806</haccuracy>
<vaccuracy>10.702806</vaccuracy>
<internetconnect>0</internetconnect>
</trkpt>
<trkpt lat="35.886547" lon="139.025523">
<ele>1247.333333</ele>
<time>2026-05-23T05:18:33Z</time>
<speed>0.000000</speed>
<trueHeading>0.000000</trueHeading>
<magneticHeading>0.000000</magneticHeading>
<gpsHeading>186.707260</gpsHeading>
<haccuracy>5.814718</haccuracy>
<vaccuracy>5.814718</vaccuracy>
<internetconnect>0</internetconnect>
</trkpt>
<trkpt lat="35.886523" lon="139.025568">
<ele>1261.333333</ele>
<time>2026-05-23T05:21:56Z</time>
<speed>0.800000</speed>
<trueHeading>0.000000</trueHeading>
<magneticHeading>0.000000</magneticHeading>
<gpsHeading>123.714249</gpsHeading>
<haccuracy>3.850227</haccuracy>
<vaccuracy>3.850227</vaccuracy>
<internetconnect>0</internetconnect>
</trkpt>
<trkpt lat="35.886336" lon="139.025552">
<ele>1277.333333</ele>
<time>2026-05-23T05:24:15Z</time>
<speed>0.270000</speed>
<trueHeading>0.000000</trueHeading>
<magneticHeading>0.000000</magneticHeading>
<gpsHeading>183.780945</gpsHeading>
<haccuracy>10.552757</haccuracy>
<vaccuracy>10.552757</vaccuracy>
<internetconnect>0</internetconnect>
</trkpt>
<trkpt lat="35.886128" lon="139.025575">
<ele>1292.333333</ele>
<time>2026-05-23T05:26:24Z</time>
<speed>0.390000</speed>
<trueHeading>0.000000</trueHeading>
<magneticHeading>0.000000</magneticHeading>
<gpsHeading>174.958923</gpsHeading>
<haccuracy>4.161615</haccuracy>
<vaccuracy>4.161615</vaccuracy>
<internetconnect>0</internetconnect>
</trkpt>
<trkpt lat="35.886130" lon="139.025584">
<ele>1302.666667</ele>
<time>2026-05-23T05:29:34Z</time>
<speed>0.000000</speed>
<trueHeading>0.000000</trueHeading>
<magneticHeading>0.000000</magneticHeading>
<gpsHeading>75.015450</gpsHeading>
<haccuracy>10.560043</haccuracy>
<vaccuracy>10.560043</vaccuracy>
<internetconnect>0</internetconnect>
</trkpt>
<trkpt lat="35.886133" lon="139.025719">
<ele>1312.000000</ele>
<time>2026-05-23T05:31:43Z</time>
<speed>0.000000</speed>
<trueHeading>0.000000</trueHeading>
<magneticHeading>0.000000</magneticHeading>
<gpsHeading>88.397560</gpsHeading>
<haccuracy>10.486835</haccuracy>
<vaccuracy>10.486835</vaccuracy>
<internetconnect>0</internetconnect>
</trkpt>
<trkpt lat="35.885839" lon="139.025724">
<ele>1326.000000</ele>
<time>2026-05-23T05:33:32Z</time>
<speed>0.000000</speed>
<trueHeading>0.000000</trueHeading>
<magneticHeading>0.000000</magneticHeading>
<gpsHeading>179.227036</gpsHeading>
<haccuracy>10.009774</haccuracy>
<vaccuracy>10.009774</vaccuracy>
<internetconnect>0</internetconnect>
</trkpt>
<trkpt lat="35.885615" lon="139.025945">
<ele>1340.000000</ele>
<time>2026-05-23T05:35:29Z</time>
<speed>0.609547</speed>
<trueHeading>0.000000</trueHeading>
<magneticHeading>0.000000</magneticHeading>
<gpsHeading>141.404251</gpsHeading>
<haccuracy>5.154000</haccuracy>
<vaccuracy>5.154000</vaccuracy>
<internetconnect>0</internetconnect>
</trkpt>
<trkpt lat="35.885706" lon="139.026272">
<ele>1347.666667</ele>
<time>2026-05-23T05:36:50Z</time>
<speed>0.740329</speed>
<trueHeading>0.000000</trueHeading>
<magneticHeading>0.000000</magneticHeading>
<gpsHeading>70.921783</gpsHeading>
<haccuracy>3.045000</haccuracy>
<vaccuracy>3.045000</vaccuracy>
<internetconnect>0</internetconnect>
</trkpt>
<trkpt lat="35.885798" lon="139.026611">
<ele>1352.000000</ele>
<time>2026-05-23T05:37:48Z</time>
<speed>0.430000</speed>
<trueHeading>0.000000</trueHeading>
<magneticHeading>0.000000</magneticHeading>
<gpsHeading>71.410286</gpsHeading>
<haccuracy>10.181887</haccuracy>
<vaccuracy>10.181887</vaccuracy>
<internetconnect>0</internetconnect>
</trkpt>
<trkpt lat="35.885877" lon="139.026885">
<ele>1356.000000</ele>
<time>2026-05-23T05:39:51Z</time>
<speed>0.470000</speed>
<trueHeading>0.000000</trueHeading>
<magneticHeading>0.000000</magneticHeading>
<gpsHeading>70.414383</gpsHeading>
<haccuracy>3.801058</haccuracy>
<vaccuracy>3.801058</vaccuracy>
<internetconnect>0</internetconnect>
</trkpt>
<trkpt lat="35.885995" lon="139.027200">
<ele>1360.000000</ele>
<time>2026-05-23T05:40:38Z</time>
<speed>0.000000</speed>
<trueHeading>0.000000</trueHeading>
<magneticHeading>0.000000</magneticHeading>
<gpsHeading>65.244118</gpsHeading>
<haccuracy>9.935046</haccuracy>
<vaccuracy>9.935046</vaccuracy>
<internetconnect>0</internetconnect>
</trkpt>
<trkpt lat="35.886222" lon="139.027436">
<ele>1369.333333</ele>
<time>2026-05-23T05:42:10Z</time>
<speed>0.000000</speed>
<trueHeading>0.000000</trueHeading>
<magneticHeading>0.000000</magneticHeading>
<gpsHeading>40.266136</gpsHeading>
<haccuracy>10.596174</haccuracy>
<vaccuracy>10.596174</vaccuracy>
<internetconnect>0</internetconnect>
</trkpt>
<trkpt lat="35.886101" lon="139.027752">
<ele>1382.000000</ele>
<time>2026-05-23T05:43:59Z</time>
<speed>0.680000</speed>
<trueHeading>0.000000</trueHeading>
<magneticHeading>0.000000</magneticHeading>
<gpsHeading>115.181931</gpsHeading>
<haccuracy>10.211511</haccuracy>
<vaccuracy>10.211511</vaccuracy>
<internetconnect>0</internetconnect>
</trkpt>
<trkpt lat="35.886140" lon="139.028110">
<ele>1398.666667</ele>
<time>2026-05-23T05:45:41Z</time>
<speed>0.958994</speed>
<trueHeading>0.000000</trueHeading>
<magneticHeading>0.000000</magneticHeading>
<gpsHeading>82.488731</gpsHeading>
<haccuracy>5.073000</haccuracy>
<vaccuracy>5.073000</vaccuracy>
<internetconnect>0</internetconnect>
</trkpt>
<trkpt lat="35.886223" lon="139.028460">
<ele>1411.000000</ele>
<time>2026-05-23T05:47:10Z</time>
<speed>0.836416</speed>
<trueHeading>0.000000</trueHeading>
<magneticHeading>0.000000</magneticHeading>
<gpsHeading>73.527420</gpsHeading>
<haccuracy>5.397000</haccuracy>
<vaccuracy>5.397000</vaccuracy>
<internetconnect>0</internetconnect>
</trkpt>
<trkpt lat="35.886390" lon="139.028779">
<ele>1423.666667</ele>
<time>2026-05-23T05:48:59Z</time>
<speed>0.200000</speed>
<trueHeading>0.000000</trueHeading>
<magneticHeading>0.000000</magneticHeading>
<gpsHeading>57.232109</gpsHeading>
<haccuracy>10.550630</haccuracy>
<vaccuracy>10.550630</vaccuracy>
<internetconnect>0</internetconnect>
</trkpt>
<trkpt lat="35.886416" lon="139.029165">
<ele>1436.000000</ele>
<time>2026-05-23T05:49:53Z</time>
<speed>0.954506</speed>
<trueHeading>0.000000</trueHeading>
<magneticHeading>0.000000</magneticHeading>
<gpsHeading>85.112862</gpsHeading>
<haccuracy>5.458000</haccuracy>
<vaccuracy>5.458000</vaccuracy>
<internetconnect>0</internetconnect>
</trkpt>
<trkpt lat="35.886396" lon="139.029539">
<ele>1448.333333</ele>
<time>2026-05-23T05:51:05Z</time>
<speed>0.999506</speed>
<trueHeading>0.000000</trueHeading>
<magneticHeading>0.000000</magneticHeading>
<gpsHeading>93.850601</gpsHeading>
<haccuracy>5.534000</haccuracy>
<vaccuracy>5.534000</vaccuracy>
<internetconnect>0</internetconnect>
</trkpt>
<trkpt lat="35.886478" lon="139.029892">
<ele>1459.666667</ele>
<time>2026-05-23T05:52:03Z</time>
<speed>1.171663</speed>
<trueHeading>0.000000</trueHeading>
<magneticHeading>0.000000</magneticHeading>
<gpsHeading>74.058296</gpsHeading>
<haccuracy>5.504000</haccuracy>
<vaccuracy>5.504000</vaccuracy>
<internetconnect>0</internetconnect>
</trkpt>
<trkpt lat="35.886798" lon="139.030121">
<ele>1468.000000</ele>
<time>2026-05-23T05:52:51Z</time>
<speed>0.882233</speed>
<trueHeading>0.000000</trueHeading>
<magneticHeading>0.000000</magneticHeading>
<gpsHeading>30.133951</gpsHeading>
<haccuracy>4.728000</haccuracy>
<vaccuracy>4.728000</vaccuracy>
<internetconnect>0</internetconnect>
</trkpt>
<trkpt lat="35.887089" lon="139.030152">
<ele>1476.666667</ele>
<time>2026-05-23T05:54:05Z</time>
<speed>0.850691</speed>
<trueHeading>0.000000</trueHeading>
<magneticHeading>0.000000</magneticHeading>
<gpsHeading>5.026093</gpsHeading>
<haccuracy>3.403000</haccuracy>
<vaccuracy>3.403000</vaccuracy>
<internetconnect>0</internetconnect>
</trkpt>
<trkpt lat="35.887234" lon="139.030559">
<ele>1482.333333</ele>
<time>2026-05-23T05:54:52Z</time>
<speed>0.610000</speed>
<trueHeading>0.000000</trueHeading>
<magneticHeading>0.000000</magneticHeading>
<gpsHeading>66.123734</gpsHeading>
<haccuracy>9.935046</haccuracy>
<vaccuracy>9.935046</vaccuracy>
<internetconnect>0</internetconnect>
</trkpt>
<trkpt lat="35.887470" lon="139.030991">
<ele>1492.666667</ele>
<time>2026-05-23T05:55:42Z</time>
<speed>0.420000</speed>
<trueHeading>0.000000</trueHeading>
<magneticHeading>0.000000</magneticHeading>
<gpsHeading>56.135853</gpsHeading>
<haccuracy>10.106421</haccuracy>
<vaccuracy>10.106421</vaccuracy>
<internetconnect>0</internetconnect>
</trkpt>
<trkpt lat="35.887542" lon="139.031333">
<ele>1504.666667</ele>
<time>2026-05-23T05:56:33Z</time>
<speed>0.640000</speed>
<trueHeading>0.000000</trueHeading>
<magneticHeading>0.000000</magneticHeading>
<gpsHeading>75.408287</gpsHeading>
<haccuracy>9.935046</haccuracy>
<vaccuracy>9.935046</vaccuracy>
<internetconnect>0</internetconnect>
</trkpt>
<trkpt lat="35.887604" lon="139.031702">
<ele>1518.333333</ele>
<time>2026-05-23T05:57:22Z</time>
<speed>0.978162</speed>
<trueHeading>0.000000</trueHeading>
<magneticHeading>0.000000</magneticHeading>
<gpsHeading>78.141197</gpsHeading>
<haccuracy>4.639000</haccuracy>
<vaccuracy>4.639000</vaccuracy>
<internetconnect>0</internetconnect>
</trkpt>
<trkpt lat="35.887855" lon="139.031896">
<ele>1531.333333</ele>
<time>2026-05-23T05:58:24Z</time>
<speed>0.440710</speed>
<trueHeading>0.000000</trueHeading>
<magneticHeading>0.000000</magneticHeading>
<gpsHeading>32.091019</gpsHeading>
<haccuracy>5.822000</haccuracy>
<vaccuracy>5.822000</vaccuracy>
<internetconnect>0</internetconnect>
</trkpt>
<trkpt lat="35.887988" lon="139.032204">
<ele>1546.666667</ele>
<time>2026-05-23T06:00:07Z</time>
<speed>0.851545</speed>
<trueHeading>0.000000</trueHeading>
<magneticHeading>0.000000</magneticHeading>
<gpsHeading>61.996048</gpsHeading>
<haccuracy>5.208000</haccuracy>
<vaccuracy>5.208000</vaccuracy>
<internetconnect>0</internetconnect>
</trkpt>
<trkpt lat="35.888208" lon="139.032438">
<ele>1565.666667</ele>
<time>2026-05-23T06:01:43Z</time>
<speed>0.459727</speed>
<trueHeading>0.000000</trueHeading>
<magneticHeading>0.000000</magneticHeading>
<gpsHeading>40.789989</gpsHeading>
<haccuracy>5.064000</haccuracy>
<vaccuracy>5.064000</vaccuracy>
<internetconnect>0</internetconnect>
</trkpt>
<trkpt lat="35.888383" lon="139.032716">
<ele>1582.000000</ele>
<time>2026-05-23T06:03:07Z</time>
<speed>0.457658</speed>
<trueHeading>0.000000</trueHeading>
<magneticHeading>0.000000</magneticHeading>
<gpsHeading>52.023502</gpsHeading>
<haccuracy>6.295000</haccuracy>
<vaccuracy>6.295000</vaccuracy>
<internetconnect>0</internetconnect>
</trkpt>
<trkpt lat="35.888512" lon="139.032905">
<ele>1594.333333</ele>
<time>2026-05-23T06:05:09Z</time>
<speed>0.550000</speed>
<trueHeading>0.000000</trueHeading>
<magneticHeading>0.000000</magneticHeading>
<gpsHeading>49.998028</gpsHeading>
<haccuracy>10.444787</haccuracy>
<vaccuracy>10.444787</vaccuracy>
<internetconnect>2</internetconnect>
</trkpt>
<trkpt lat="35.888603" lon="139.033395">
<ele>1599.666667</ele>
<time>2026-05-23T06:05:59Z</time>
<speed>1.223539</speed>
<trueHeading>0.000000</trueHeading>
<magneticHeading>0.000000</magneticHeading>
<gpsHeading>77.143898</gpsHeading>
<haccuracy>5.364000</haccuracy>
<vaccuracy>5.364000</vaccuracy>
<internetconnect>2</internetconnect>
</trkpt>
<trkpt lat="35.888797" lon="139.033710">
<ele>1603.000000</ele>
<time>2026-05-23T06:07:00Z</time>
<speed>0.720000</speed>
<trueHeading>0.000000</trueHeading>
<magneticHeading>0.000000</magneticHeading>
<gpsHeading>52.751694</gpsHeading>
<haccuracy>3.790092</haccuracy>
<vaccuracy>3.790092</vaccuracy>
<internetconnect>2</internetconnect>
</trkpt>
<trkpt lat="35.888997" lon="139.034325">
<ele>1605.333333</ele>
<time>2026-05-23T06:07:50Z</time>
<speed>0.940000</speed>
<trueHeading>0.000000</trueHeading>
<magneticHeading>0.000000</magneticHeading>
<gpsHeading>68.050529</gpsHeading>
<haccuracy>9.935046</haccuracy>
<vaccuracy>9.935046</vaccuracy>
<internetconnect>2</internetconnect>
</trkpt>
<trkpt lat="35.889180" lon="139.034593">
<ele>1611.333333</ele>
<time>2026-05-23T06:08:42Z</time>
<speed>0.047336</speed>
<trueHeading>0.000000</trueHeading>
<magneticHeading>0.000000</magneticHeading>
<gpsHeading>49.971333</gpsHeading>
<haccuracy>3.958000</haccuracy>
<vaccuracy>3.958000</vaccuracy>
<internetconnect>2</internetconnect>
</trkpt>
<trkpt lat="35.889508" lon="139.034705">
<ele>1621.333333</ele>
<time>2026-05-23T06:09:35Z</time>
<speed>1.030000</speed>
<trueHeading>0.000000</trueHeading>
<magneticHeading>0.000000</magneticHeading>
<gpsHeading>15.379438</gpsHeading>
<haccuracy>4.485555</haccuracy>
<vaccuracy>4.485555</vaccuracy>
<internetconnect>2</internetconnect>
</trkpt>
<trkpt lat="35.889894" lon="139.034744">
<ele>1633.666667</ele>
<time>2026-05-23T06:10:24Z</time>
<speed>0.430722</speed>
<trueHeading>0.000000</trueHeading>
<magneticHeading>0.000000</magneticHeading>
<gpsHeading>4.763159</gpsHeading>
<haccuracy>4.560000</haccuracy>
<vaccuracy>4.560000</vaccuracy>
<internetconnect>2</internetconnect>
</trkpt>
<trkpt lat="35.890194" lon="139.034897">
<ele>1643.333333</ele>
<time>2026-05-23T06:11:10Z</time>
<speed>0.420000</speed>
<trueHeading>0.000000</trueHeading>
<magneticHeading>0.000000</magneticHeading>
<gpsHeading>22.357380</gpsHeading>
<haccuracy>10.563537</haccuracy>
<vaccuracy>10.563537</vaccuracy>
<internetconnect>2</internetconnect>
</trkpt>
<trkpt lat="35.890200" lon="139.035145">
<ele>1646.666667</ele>
<time>2026-05-23T06:13:28Z</time>
<speed>0.000000</speed>
<trueHeading>0.000000</trueHeading>
<magneticHeading>0.000000</magneticHeading>
<gpsHeading>88.044701</gpsHeading>
<haccuracy>9.079217</haccuracy>
<vaccuracy>9.079217</vaccuracy>
<internetconnect>2</internetconnect>
</trkpt>
<trkpt lat="35.890317" lon="139.034816">
<ele>1645.333333</ele>
<time>2026-05-23T06:14:46Z</time>
<speed>0.710000</speed>
<trueHeading>0.000000</trueHeading>
<magneticHeading>0.000000</magneticHeading>
<gpsHeading>293.594513</gpsHeading>
<haccuracy>5.002692</haccuracy>
<vaccuracy>5.002692</vaccuracy>
<internetconnect>2</internetconnect>
</trkpt>
<trkpt lat="35.890033" lon="139.034824">
<ele>1638.000000</ele>
<time>2026-05-23T06:15:59Z</time>
<speed>0.935981</speed>
<trueHeading>0.000000</trueHeading>
<magneticHeading>0.000000</magneticHeading>
<gpsHeading>178.577484</gpsHeading>
<haccuracy>7.078000</haccuracy>
<vaccuracy>7.078000</vaccuracy>
<internetconnect>2</internetconnect>
</trkpt>
<trkpt lat="35.889709" lon="139.034779">
<ele>1628.666667</ele>
<time>2026-05-23T06:16:46Z</time>
<speed>1.094468</speed>
<trueHeading>0.000000</trueHeading>
<magneticHeading>0.000000</magneticHeading>
<gpsHeading>186.472549</gpsHeading>
<haccuracy>6.213000</haccuracy>
<vaccuracy>6.213000</vaccuracy>
<internetconnect>2</internetconnect>
</trkpt>
<trkpt lat="35.889275" lon="139.034685">
<ele>1618.333333</ele>
<time>2026-05-23T06:17:34Z</time>
<speed>1.140000</speed>
<trueHeading>0.000000</trueHeading>
<magneticHeading>0.000000</magneticHeading>
<gpsHeading>189.927750</gpsHeading>
<haccuracy>10.258028</haccuracy>
<vaccuracy>10.258028</vaccuracy>
<internetconnect>2</internetconnect>
</trkpt>
<trkpt lat="35.889206" lon="139.035067">
<ele>1608.000000</ele>
<time>2026-05-23T06:18:26Z</time>
<speed>2.620000</speed>
<trueHeading>0.000000</trueHeading>
<magneticHeading>0.000000</magneticHeading>
<gpsHeading>102.426689</gpsHeading>
<haccuracy>10.925546</haccuracy>
<vaccuracy>10.925546</vaccuracy>
<internetconnect>2</internetconnect>
</trkpt>
<trkpt lat="35.889230" lon="139.035684">
<ele>1600.333333</ele>
<time>2026-05-23T06:19:14Z</time>
<speed>1.352424</speed>
<trueHeading>0.000000</trueHeading>
<magneticHeading>0.000000</magneticHeading>
<gpsHeading>87.293488</gpsHeading>
<haccuracy>5.871000</haccuracy>
<vaccuracy>5.871000</vaccuracy>
<internetconnect>2</internetconnect>
</trkpt>
<trkpt lat="35.889258" lon="139.036156">
<ele>1595.000000</ele>
<time>2026-05-23T06:20:01Z</time>
<speed>1.513813</speed>
<trueHeading>0.000000</trueHeading>
<magneticHeading>0.000000</magneticHeading>
<gpsHeading>85.855927</gpsHeading>
<haccuracy>3.668000</haccuracy>
<vaccuracy>3.668000</vaccuracy>
<internetconnect>2</internetconnect>
</trkpt>
<trkpt lat="35.889110" lon="139.036765">
<ele>1590.000000</ele>
<time>2026-05-23T06:20:48Z</time>
<speed>1.395242</speed>
<trueHeading>0.000000</trueHeading>
<magneticHeading>0.000000</magneticHeading>
<gpsHeading>106.612747</gpsHeading>
<haccuracy>3.563000</haccuracy>
<vaccuracy>3.563000</vaccuracy>
<internetconnect>2</internetconnect>
</trkpt>
<trkpt lat="35.888738" lon="139.037359">
<ele>1587.333333</ele>
<time>2026-05-23T06:21:35Z</time>
<speed>1.536502</speed>
<trueHeading>0.000000</trueHeading>
<magneticHeading>0.000000</magneticHeading>
<gpsHeading>127.747520</gpsHeading>
<haccuracy>5.218000</haccuracy>
<vaccuracy>5.218000</vaccuracy>
<internetconnect>2</internetconnect>
</trkpt>
<trkpt lat="35.888537" lon="139.038103">
<ele>1582.000000</ele>
<time>2026-05-23T06:22:21Z</time>
<speed>1.496631</speed>
<trueHeading>0.000000</trueHeading>
<magneticHeading>0.000000</magneticHeading>
<gpsHeading>108.462898</gpsHeading>
<haccuracy>5.579000</haccuracy>
<vaccuracy>5.579000</vaccuracy>
<internetconnect>2</internetconnect>
</trkpt>
<trkpt lat="35.887941" lon="139.038327">
<ele>1577.333333</ele>
<time>2026-05-23T06:23:08Z</time>
<speed>1.442843</speed>
<trueHeading>0.000000</trueHeading>
<magneticHeading>0.000000</magneticHeading>
<gpsHeading>163.048080</gpsHeading>
<haccuracy>5.737000</haccuracy>
<vaccuracy>5.737000</vaccuracy>
<internetconnect>2</internetconnect>
</trkpt>
<trkpt lat="35.887364" lon="139.038408">
<ele>1569.333333</ele>
<time>2026-05-23T06:23:55Z</time>
<speed>1.510916</speed>
<trueHeading>0.000000</trueHeading>
<magneticHeading>0.000000</magneticHeading>
<gpsHeading>173.499084</gpsHeading>
<haccuracy>5.731000</haccuracy>
<vaccuracy>5.731000</vaccuracy>
<internetconnect>2</internetconnect>
</trkpt>
<trkpt lat="35.886945" lon="139.038569">
<ele>1559.333333</ele>
<time>2026-05-23T06:24:42Z</time>
<speed>1.140000</speed>
<trueHeading>0.000000</trueHeading>
<magneticHeading>0.000000</magneticHeading>
<gpsHeading>162.735336</gpsHeading>
<haccuracy>10.149635</haccuracy>
<vaccuracy>10.149635</vaccuracy>
<internetconnect>2</internetconnect>
</trkpt>
<trkpt lat="35.886699" lon="139.039239">
<ele>1547.333333</ele>
<time>2026-05-23T06:25:31Z</time>
<speed>1.618600</speed>
<trueHeading>0.000000</trueHeading>
<magneticHeading>0.000000</magneticHeading>
<gpsHeading>114.394211</gpsHeading>
<haccuracy>5.799000</haccuracy>
<vaccuracy>5.799000</vaccuracy>
<internetconnect>2</internetconnect>
</trkpt>
<trkpt lat="35.886397" lon="139.039690">
<ele>1541.333333</ele>
<time>2026-05-23T06:26:17Z</time>
<speed>1.430000</speed>
<trueHeading>0.000000</trueHeading>
<magneticHeading>0.000000</magneticHeading>
<gpsHeading>129.636398</gpsHeading>
<haccuracy>10.023647</haccuracy>
<vaccuracy>10.023647</vaccuracy>
<internetconnect>2</internetconnect>
</trkpt>
<trkpt lat="35.886057" lon="139.040129">
<ele>1536.666667</ele>
<time>2026-05-23T06:27:06Z</time>
<speed>1.442869</speed>
<trueHeading>0.000000</trueHeading>
<magneticHeading>0.000000</magneticHeading>
<gpsHeading>133.608826</gpsHeading>
<haccuracy>5.020000</haccuracy>
<vaccuracy>5.020000</vaccuracy>
<internetconnect>2</internetconnect>
</trkpt>
<trkpt lat="35.885778" lon="139.040419">
<ele>1541.000000</ele>
<time>2026-05-23T06:27:54Z</time>
<speed>1.195302</speed>
<trueHeading>0.000000</trueHeading>
<magneticHeading>0.000000</magneticHeading>
<gpsHeading>139.956406</gpsHeading>
<haccuracy>5.334000</haccuracy>
<vaccuracy>5.334000</vaccuracy>
<internetconnect>2</internetconnect>
</trkpt>
<trkpt lat="35.885924" lon="139.040873">
<ele>1540.666667</ele>
<time>2026-05-23T06:28:40Z</time>
<speed>1.220790</speed>
<trueHeading>0.000000</trueHeading>
<magneticHeading>0.000000</magneticHeading>
<gpsHeading>68.368256</gpsHeading>
<haccuracy>5.192000</haccuracy>
<vaccuracy>5.192000</vaccuracy>
<internetconnect>2</internetconnect>
</trkpt>
<trkpt lat="35.886097" lon="139.041335">
<ele>1545.333333</ele>
<time>2026-05-23T06:29:27Z</time>
<speed>0.000000</speed>
<trueHeading>0.000000</trueHeading>
<magneticHeading>0.000000</magneticHeading>
<gpsHeading>65.273140</gpsHeading>
<haccuracy>9.935046</haccuracy>
<vaccuracy>9.935046</vaccuracy>
<internetconnect>2</internetconnect>
</trkpt>
<trkpt lat="35.885991" lon="139.041757">
<ele>1544.000000</ele>
<time>2026-05-23T06:30:17Z</time>
<speed>0.910000</speed>
<trueHeading>0.000000</trueHeading>
<magneticHeading>0.000000</magneticHeading>
<gpsHeading>107.225914</gpsHeading>
<haccuracy>9.935046</haccuracy>
<vaccuracy>9.935046</vaccuracy>
<internetconnect>2</internetconnect>
</trkpt>
<trkpt lat="35.885616" lon="139.042266">
<ele>1545.666667</ele>
<time>2026-05-23T06:31:07Z</time>
<speed>1.264970</speed>
<trueHeading>0.000000</trueHeading>
<magneticHeading>0.000000</magneticHeading>
<gpsHeading>132.255585</gpsHeading>
<haccuracy>3.013000</haccuracy>
<vaccuracy>3.013000</vaccuracy>
<internetconnect>2</internetconnect>
</trkpt>
<trkpt lat="35.885296" lon="139.042808">
<ele>1548.666667</ele>
<time>2026-05-23T06:31:55Z</time>
<speed>1.362439</speed>
<trueHeading>0.000000</trueHeading>
<magneticHeading>0.000000</magneticHeading>
<gpsHeading>126.107697</gpsHeading>
<haccuracy>4.583000</haccuracy>
<vaccuracy>4.583000</vaccuracy>
<internetconnect>2</internetconnect>
</trkpt>
<trkpt lat="35.884887" lon="139.043198">
<ele>1552.666667</ele>
<time>2026-05-23T06:32:42Z</time>
<speed>1.320000</speed>
<trueHeading>0.000000</trueHeading>
<magneticHeading>0.000000</magneticHeading>
<gpsHeading>142.359970</gpsHeading>
<haccuracy>9.935046</haccuracy>
<vaccuracy>9.935046</vaccuracy>
<internetconnect>2</internetconnect>
</trkpt>
<trkpt lat="35.884525" lon="139.043457">
<ele>1554.333333</ele>
<time>2026-05-23T06:33:32Z</time>
<speed>1.020262</speed>
<trueHeading>0.000000</trueHeading>
<magneticHeading>0.000000</magneticHeading>
<gpsHeading>149.887955</gpsHeading>
<haccuracy>5.885000</haccuracy>
<vaccuracy>5.885000</vaccuracy>
<internetconnect>2</internetconnect>
</trkpt>
<trkpt lat="35.884146" lon="139.043530">
<ele>1557.333333</ele>
<time>2026-05-23T06:34:21Z</time>
<speed>0.297946</speed>
<trueHeading>0.000000</trueHeading>
<magneticHeading>0.000000</magneticHeading>
<gpsHeading>171.034943</gpsHeading>
<haccuracy>4.002000</haccuracy>
<vaccuracy>4.002000</vaccuracy>
<internetconnect>2</internetconnect>
</trkpt>
<trkpt lat="35.883760" lon="139.043916">
<ele>1559.666667</ele>
<time>2026-05-23T06:35:11Z</time>
<speed>0.891035</speed>
<trueHeading>0.000000</trueHeading>
<magneticHeading>0.000000</magneticHeading>
<gpsHeading>141.043442</gpsHeading>
<haccuracy>5.401000</haccuracy>
<vaccuracy>5.401000</vaccuracy>
<internetconnect>2</internetconnect>
</trkpt>
<trkpt lat="35.883416" lon="139.044244">
<ele>1564.333333</ele>
<time>2026-05-23T06:35:59Z</time>
<speed>1.593816</speed>
<trueHeading>0.000000</trueHeading>
<magneticHeading>0.000000</magneticHeading>
<gpsHeading>142.315765</gpsHeading>
<haccuracy>5.663000</haccuracy>
<vaccuracy>5.663000</vaccuracy>
<internetconnect>2</internetconnect>
</trkpt>
<trkpt lat="35.883285" lon="139.044865">
<ele>1562.000000</ele>
<time>2026-05-23T06:36:47Z</time>
<speed>1.381034</speed>
<trueHeading>0.000000</trueHeading>
<magneticHeading>0.000000</magneticHeading>
<gpsHeading>104.641930</gpsHeading>
<haccuracy>5.446000</haccuracy>
<vaccuracy>5.446000</vaccuracy>
<internetconnect>2</internetconnect>
</trkpt>
<trkpt lat="35.883031" lon="139.045499">
<ele>1564.000000</ele>
<time>2026-05-23T06:37:36Z</time>
<speed>1.288472</speed>
<trueHeading>0.000000</trueHeading>
<magneticHeading>0.000000</magneticHeading>
<gpsHeading>116.336426</gpsHeading>
<haccuracy>6.633000</haccuracy>
<vaccuracy>6.633000</vaccuracy>
<internetconnect>2</internetconnect>
</trkpt>
<trkpt lat="35.882694" lon="139.046113">
<ele>1564.000000</ele>
<time>2026-05-23T06:38:22Z</time>
<speed>1.410000</speed>
<trueHeading>0.000000</trueHeading>
<magneticHeading>0.000000</magneticHeading>
<gpsHeading>124.103973</gpsHeading>
<haccuracy>3.790092</haccuracy>
<vaccuracy>3.790092</vaccuracy>
<internetconnect>2</internetconnect>
</trkpt>
<trkpt lat="35.882241" lon="139.046494">
<ele>1565.000000</ele>
<time>2026-05-23T06:39:09Z</time>
<speed>1.506728</speed>
<trueHeading>0.000000</trueHeading>
<magneticHeading>0.000000</magneticHeading>
<gpsHeading>145.712494</gpsHeading>
<haccuracy>4.894000</haccuracy>
<vaccuracy>4.894000</vaccuracy>
<internetconnect>2</internetconnect>
</trkpt>
<trkpt lat="35.881781" lon="139.046812">
<ele>1563.000000</ele>
<time>2026-05-23T06:39:57Z</time>
<speed>1.290000</speed>
<trueHeading>0.000000</trueHeading>
<magneticHeading>0.000000</magneticHeading>
<gpsHeading>150.711655</gpsHeading>
<haccuracy>9.935046</haccuracy>
<vaccuracy>9.935046</vaccuracy>
<internetconnect>2</internetconnect>
</trkpt>
<trkpt lat="35.881240" lon="139.047189">
<ele>1561.666667</ele>
<time>2026-05-23T06:40:47Z</time>
<speed>1.136960</speed>
<trueHeading>0.000000</trueHeading>
<magneticHeading>0.000000</magneticHeading>
<gpsHeading>150.588654</gpsHeading>
<haccuracy>5.308000</haccuracy>
<vaccuracy>5.308000</vaccuracy>
<internetconnect>2</internetconnect>
</trkpt>
<trkpt lat="35.881306" lon="139.047527">
<ele>1557.000000</ele>
<time>2026-05-23T06:41:47Z</time>
<speed>1.525220</speed>
<trueHeading>0.000000</trueHeading>
<magneticHeading>0.000000</magneticHeading>
<gpsHeading>76.453957</gpsHeading>
<haccuracy>4.769000</haccuracy>
<vaccuracy>4.769000</vaccuracy>
<internetconnect>2</internetconnect>
</trkpt>
<trkpt lat="35.880829" lon="139.048054">
<ele>1553.333333</ele>
<time>2026-05-23T06:42:35Z</time>
<speed>1.563780</speed>
<trueHeading>0.000000</trueHeading>
<magneticHeading>0.000000</magneticHeading>
<gpsHeading>138.154816</gpsHeading>
<haccuracy>5.659000</haccuracy>
<vaccuracy>5.659000</vaccuracy>
<internetconnect>2</internetconnect>
</trkpt>
<trkpt lat="35.880362" lon="139.048588">
<ele>1546.000000</ele>
<time>2026-05-23T06:43:22Z</time>
<speed>1.601735</speed>
<trueHeading>0.000000</trueHeading>
<magneticHeading>0.000000</magneticHeading>
<gpsHeading>137.176941</gpsHeading>
<haccuracy>5.362000</haccuracy>
<vaccuracy>5.362000</vaccuracy>
<internetconnect>2</internetconnect>
</trkpt>
<trkpt lat="35.879875" lon="139.048875">
<ele>1540.666667</ele>
<time>2026-05-23T06:44:08Z</time>
<speed>1.120000</speed>
<trueHeading>0.000000</trueHeading>
<magneticHeading>0.000000</magneticHeading>
<gpsHeading>154.478729</gpsHeading>
<haccuracy>9.935046</haccuracy>
<vaccuracy>9.935046</vaccuracy>
<internetconnect>2</internetconnect>
</trkpt>
<trkpt lat="35.879483" lon="139.049341">
<ele>1540.333333</ele>
<time>2026-05-23T06:44:57Z</time>
<speed>0.393504</speed>
<trueHeading>0.000000</trueHeading>
<magneticHeading>0.000000</magneticHeading>
<gpsHeading>136.065384</gpsHeading>
<haccuracy>4.318000</haccuracy>
<vaccuracy>4.318000</vaccuracy>
<internetconnect>2</internetconnect>
</trkpt>
<trkpt lat="35.878900" lon="139.049595">
<ele>1541.333333</ele>
<time>2026-05-23T06:45:43Z</time>
<speed>1.430000</speed>
<trueHeading>0.000000</trueHeading>
<magneticHeading>0.000000</magneticHeading>
<gpsHeading>160.522675</gpsHeading>
<haccuracy>9.935046</haccuracy>
<vaccuracy>9.935046</vaccuracy>
<internetconnect>2</internetconnect>
</trkpt>
<trkpt lat="35.878518" lon="139.049903">
<ele>1545.333333</ele>
<time>2026-05-23T06:46:33Z</time>
<speed>1.320000</speed>
<trueHeading>0.000000</trueHeading>
<magneticHeading>0.000000</magneticHeading>
<gpsHeading>146.907196</gpsHeading>
<haccuracy>10.925439</haccuracy>
<vaccuracy>10.925439</vaccuracy>
<internetconnect>2</internetconnect>
</trkpt>
<trkpt lat="35.878385" lon="139.050718">
<ele>1546.000000</ele>
<time>2026-05-23T06:47:23Z</time>
<speed>1.366616</speed>
<trueHeading>0.000000</trueHeading>
<magneticHeading>0.000000</magneticHeading>
<gpsHeading>101.378380</gpsHeading>
<haccuracy>9.908000</haccuracy>
<vaccuracy>9.908000</vaccuracy>
<internetconnect>2</internetconnect>
</trkpt>
<trkpt lat="35.878054" lon="139.051089">
<ele>1544.333333</ele>
<time>2026-05-23T06:48:12Z</time>
<speed>1.213143</speed>
<trueHeading>0.000000</trueHeading>
<magneticHeading>0.000000</magneticHeading>
<gpsHeading>137.841324</gpsHeading>
<haccuracy>6.360000</haccuracy>
<vaccuracy>6.360000</vaccuracy>
<internetconnect>2</internetconnect>
</trkpt>
<trkpt lat="35.878043" lon="139.051888">
<ele>1536.666667</ele>
<time>2026-05-23T06:48:58Z</time>
<speed>1.240000</speed>
<trueHeading>0.000000</trueHeading>
<magneticHeading>0.000000</magneticHeading>
<gpsHeading>90.985222</gpsHeading>
<haccuracy>3.790092</haccuracy>
<vaccuracy>3.790092</vaccuracy>
<internetconnect>2</internetconnect>
</trkpt>
<trkpt lat="35.878029" lon="139.052602">
<ele>1526.333333</ele>
<time>2026-05-23T06:49:48Z</time>
<speed>0.706183</speed>
<trueHeading>0.000000</trueHeading>
<magneticHeading>0.000000</magneticHeading>
<gpsHeading>91.401436</gpsHeading>
<haccuracy>4.314000</haccuracy>
<vaccuracy>4.314000</vaccuracy>
<internetconnect>2</internetconnect>
</trkpt>
<trkpt lat="35.877946" lon="139.053091">
<ele>1520.000000</ele>
<time>2026-05-23T06:50:36Z</time>
<speed>0.820000</speed>
<trueHeading>0.000000</trueHeading>
<magneticHeading>0.000000</magneticHeading>
<gpsHeading>101.785484</gpsHeading>
<haccuracy>9.935046</haccuracy>
<vaccuracy>9.935046</vaccuracy>
<internetconnect>2</internetconnect>
</trkpt>
<trkpt lat="35.877915" lon="139.053492">
<ele>1520.333333</ele>
<time>2026-05-23T06:51:48Z</time>
<speed>2.280000</speed>
<trueHeading>0.000000</trueHeading>
<magneticHeading>0.000000</magneticHeading>
<gpsHeading>95.448547</gpsHeading>
<haccuracy>3.832989</haccuracy>
<vaccuracy>3.832989</vaccuracy>
<internetconnect>2</internetconnect>
</trkpt>
<trkpt lat="35.877603" lon="139.054355">
<ele>1522.000000</ele>
<time>2026-05-23T06:52:38Z</time>
<speed>1.310000</speed>
<trueHeading>0.000000</trueHeading>
<magneticHeading>0.000000</magneticHeading>
<gpsHeading>114.074440</gpsHeading>
<haccuracy>9.935046</haccuracy>
<vaccuracy>9.935046</vaccuracy>
<internetconnect>2</internetconnect>
</trkpt>
<trkpt lat="35.877442" lon="139.054679">
<ele>1523.333333</ele>
<time>2026-05-23T06:53:31Z</time>
<speed>0.000000</speed>
<trueHeading>0.000000</trueHeading>
<magneticHeading>0.000000</magneticHeading>
<gpsHeading>121.544014</gpsHeading>
<haccuracy>6.328891</haccuracy>
<vaccuracy>6.328891</vaccuracy>
<internetconnect>2</internetconnect>
</trkpt>
<trkpt lat="35.877222" lon="139.055127">
<ele>1522.000000</ele>
<time>2026-05-23T06:54:18Z</time>
<speed>0.000000</speed>
<trueHeading>0.000000</trueHeading>
<magneticHeading>0.000000</magneticHeading>
<gpsHeading>121.192688</gpsHeading>
<haccuracy>9.616114</haccuracy>
<vaccuracy>9.616114</vaccuracy>
<internetconnect>2</internetconnect>
</trkpt>
<trkpt lat="35.876972" lon="139.056099">
<ele>1520.333333</ele>
<time>2026-05-23T06:55:06Z</time>
<speed>1.435914</speed>
<trueHeading>0.000000</trueHeading>
<magneticHeading>0.000000</magneticHeading>
<gpsHeading>107.601410</gpsHeading>
<haccuracy>3.424000</haccuracy>
<vaccuracy>3.424000</vaccuracy>
<internetconnect>2</internetconnect>
</trkpt>
<trkpt lat="35.877188" lon="139.056782">
<ele>1514.333333</ele>
<time>2026-05-23T06:55:53Z</time>
<speed>1.597883</speed>
<trueHeading>0.000000</trueHeading>
<magneticHeading>0.000000</magneticHeading>
<gpsHeading>68.728874</gpsHeading>
<haccuracy>5.603000</haccuracy>
<vaccuracy>5.603000</vaccuracy>
<internetconnect>2</internetconnect>
</trkpt>
<trkpt lat="35.876765" lon="139.057222">
<ele>1509.333333</ele>
<time>2026-05-23T06:56:40Z</time>
<speed>1.474614</speed>
<trueHeading>0.000000</trueHeading>
<magneticHeading>0.000000</magneticHeading>
<gpsHeading>139.846909</gpsHeading>
<haccuracy>5.598000</haccuracy>
<vaccuracy>5.598000</vaccuracy>
<internetconnect>2</internetconnect>
</trkpt>
<trkpt lat="35.876383" lon="139.057669">
<ele>1501.000000</ele>
<time>2026-05-23T06:57:28Z</time>
<speed>1.412288</speed>
<trueHeading>0.000000</trueHeading>
<magneticHeading>0.000000</magneticHeading>
<gpsHeading>136.523285</gpsHeading>
<haccuracy>5.523000</haccuracy>
<vaccuracy>5.523000</vaccuracy>
<internetconnect>2</internetconnect>
</trkpt>
<trkpt lat="35.875970" lon="139.058077">
<ele>1494.333333</ele>
<time>2026-05-23T06:58:14Z</time>
<speed>1.383722</speed>
<trueHeading>0.000000</trueHeading>
<magneticHeading>0.000000</magneticHeading>
<gpsHeading>141.323242</gpsHeading>
<haccuracy>5.693000</haccuracy>
<vaccuracy>5.693000</vaccuracy>
<internetconnect>2</internetconnect>
</trkpt>
<trkpt lat="35.875631" lon="139.058192">
<ele>1487.333333</ele>
<time>2026-05-23T06:59:01Z</time>
<speed>0.974178</speed>
<trueHeading>0.000000</trueHeading>
<magneticHeading>0.000000</magneticHeading>
<gpsHeading>164.732224</gpsHeading>
<haccuracy>6.061000</haccuracy>
<vaccuracy>6.061000</vaccuracy>
<internetconnect>2</internetconnect>
</trkpt>
<trkpt lat="35.875256" lon="139.058147">
<ele>1481.333333</ele>
<time>2026-05-23T07:00:06Z</time>
<speed>0.330000</speed>
<trueHeading>0.000000</trueHeading>
<magneticHeading>0.000000</magneticHeading>
<gpsHeading>185.488419</gpsHeading>
<haccuracy>5.317855</haccuracy>
<vaccuracy>5.317855</vaccuracy>
<internetconnect>2</internetconnect>
</trkpt>
<trkpt lat="35.874575" lon="139.058277">
<ele>1479.000000</ele>
<time>2026-05-23T07:00:57Z</time>
<speed>0.660000</speed>
<trueHeading>0.000000</trueHeading>
<magneticHeading>0.000000</magneticHeading>
<gpsHeading>171.191391</gpsHeading>
<haccuracy>7.289615</haccuracy>
<vaccuracy>7.289615</vaccuracy>
<internetconnect>2</internetconnect>
</trkpt>
<trkpt lat="35.874247" lon="139.058373">
<ele>1471.333333</ele>
<time>2026-05-23T07:01:45Z</time>
<speed>0.443483</speed>
<trueHeading>0.000000</trueHeading>
<magneticHeading>0.000000</magneticHeading>
<gpsHeading>166.766830</gpsHeading>
<haccuracy>8.208000</haccuracy>
<vaccuracy>8.208000</vaccuracy>
<internetconnect>2</internetconnect>
</trkpt>
<trkpt lat="35.873801" lon="139.058088">
<ele>1464.000000</ele>
<time>2026-05-23T07:02:33Z</time>
<speed>1.450000</speed>
<trueHeading>0.000000</trueHeading>
<magneticHeading>0.000000</magneticHeading>
<gpsHeading>207.377670</gpsHeading>
<haccuracy>10.220314</haccuracy>
<vaccuracy>10.220314</vaccuracy>
<internetconnect>2</internetconnect>
</trkpt>
<trkpt lat="35.873458" lon="139.057820">
<ele>1455.666667</ele>
<time>2026-05-23T07:03:19Z</time>
<speed>0.890000</speed>
<trueHeading>0.000000</trueHeading>
<magneticHeading>0.000000</magneticHeading>
<gpsHeading>212.310547</gpsHeading>
<haccuracy>5.674755</haccuracy>
<vaccuracy>5.674755</vaccuracy>
<internetconnect>2</internetconnect>
</trkpt>
<trkpt lat="35.872958" lon="139.057715">
<ele>1452.666667</ele>
<time>2026-05-23T07:04:09Z</time>
<speed>1.230000</speed>
<trueHeading>0.000000</trueHeading>
<magneticHeading>0.000000</magneticHeading>
<gpsHeading>189.673828</gpsHeading>
<haccuracy>8.325046</haccuracy>
<vaccuracy>8.325046</vaccuracy>
<internetconnect>2</internetconnect>
</trkpt>
<trkpt lat="35.872457" lon="139.057866">
<ele>1449.666667</ele>
<time>2026-05-23T07:04:59Z</time>
<speed>4.120000</speed>
<trueHeading>0.000000</trueHeading>
<magneticHeading>0.000000</magneticHeading>
<gpsHeading>166.268448</gpsHeading>
<haccuracy>10.061829</haccuracy>
<vaccuracy>10.061829</vaccuracy>
<internetconnect>2</internetconnect>
</trkpt>
<trkpt lat="35.872217" lon="139.058112">
<ele>1442.000000</ele>
<time>2026-05-23T07:05:50Z</time>
<speed>0.280000</speed>
<trueHeading>0.000000</trueHeading>
<magneticHeading>0.000000</magneticHeading>
<gpsHeading>140.275925</gpsHeading>
<haccuracy>3.790092</haccuracy>
<vaccuracy>3.790092</vaccuracy>
<internetconnect>2</internetconnect>
</trkpt>
<trkpt lat="35.871784" lon="139.058307">
<ele>1430.333333</ele>
<time>2026-05-23T07:06:40Z</time>
<speed>1.450000</speed>
<trueHeading>0.000000</trueHeading>
<magneticHeading>0.000000</magneticHeading>
<gpsHeading>159.904755</gpsHeading>
<haccuracy>9.935046</haccuracy>
<vaccuracy>9.935046</vaccuracy>
<internetconnect>2</internetconnect>
</trkpt>
<trkpt lat="35.871335" lon="139.058438">
<ele>1418.333333</ele>
<time>2026-05-23T07:07:28Z</time>
<speed>1.241809</speed>
<trueHeading>0.000000</trueHeading>
<magneticHeading>0.000000</magneticHeading>
<gpsHeading>166.764481</gpsHeading>
<haccuracy>5.201000</haccuracy>
<vaccuracy>5.201000</vaccuracy>
<internetconnect>2</internetconnect>
</trkpt>
<trkpt lat="35.870751" lon="139.058463">
<ele>1408.666667</ele>
<time>2026-05-23T07:08:15Z</time>
<speed>1.320000</speed>
<trueHeading>0.000000</trueHeading>
<magneticHeading>0.000000</magneticHeading>
<gpsHeading>177.994827</gpsHeading>
<haccuracy>10.035365</haccuracy>
<vaccuracy>10.035365</vaccuracy>
<internetconnect>2</internetconnect>
</trkpt>
<trkpt lat="35.870117" lon="139.058463">
<ele>1403.666667</ele>
<time>2026-05-23T07:09:04Z</time>
<speed>1.422163</speed>
<trueHeading>0.000000</trueHeading>
<magneticHeading>0.000000</magneticHeading>
<gpsHeading>179.965576</gpsHeading>
<haccuracy>5.456000</haccuracy>
<vaccuracy>5.456000</vaccuracy>
<internetconnect>2</internetconnect>
</trkpt>
<trkpt lat="35.869626" lon="139.058820">
<ele>1400.666667</ele>
<time>2026-05-23T07:09:50Z</time>
<speed>1.300000</speed>
<trueHeading>0.000000</trueHeading>
<magneticHeading>0.000000</magneticHeading>
<gpsHeading>149.554031</gpsHeading>
<haccuracy>9.935046</haccuracy>
<vaccuracy>9.935046</vaccuracy>
<internetconnect>2</internetconnect>
</trkpt>
<trkpt lat="35.869141" lon="139.058940">
<ele>1400.333333</ele>
<time>2026-05-23T07:10:37Z</time>
<speed>0.223895</speed>
<trueHeading>0.000000</trueHeading>
<magneticHeading>0.000000</magneticHeading>
<gpsHeading>168.662598</gpsHeading>
<haccuracy>6.068000</haccuracy>
<vaccuracy>6.068000</vaccuracy>
<internetconnect>2</internetconnect>
</trkpt>
<trkpt lat="35.868867" lon="139.059309">
<ele>1395.000000</ele>
<time>2026-05-23T07:11:24Z</time>
<speed>1.570000</speed>
<trueHeading>0.000000</trueHeading>
<magneticHeading>0.000000</magneticHeading>
<gpsHeading>132.440964</gpsHeading>
<haccuracy>4.085686</haccuracy>
<vaccuracy>4.085686</vaccuracy>
<internetconnect>2</internetconnect>
</trkpt>
<trkpt lat="35.868275" lon="139.059060">
<ele>1387.666667</ele>
<time>2026-05-23T07:12:14Z</time>
<speed>1.425112</speed>
<trueHeading>0.000000</trueHeading>
<magneticHeading>0.000000</magneticHeading>
<gpsHeading>198.891403</gpsHeading>
<haccuracy>5.820000</haccuracy>
<vaccuracy>5.820000</vaccuracy>
<internetconnect>2</internetconnect>
</trkpt>
<trkpt lat="35.867737" lon="139.058961">
<ele>1378.666667</ele>
<time>2026-05-23T07:13:02Z</time>
<speed>1.443861</speed>
<trueHeading>0.000000</trueHeading>
<magneticHeading>0.000000</magneticHeading>
<gpsHeading>188.478333</gpsHeading>
<haccuracy>5.285000</haccuracy>
<vaccuracy>5.285000</vaccuracy>
<internetconnect>2</internetconnect>
</trkpt>
<trkpt lat="35.867209" lon="139.058904">
<ele>1374.333333</ele>
<time>2026-05-23T07:13:49Z</time>
<speed>0.690000</speed>
<trueHeading>0.000000</trueHeading>
<magneticHeading>0.000000</magneticHeading>
<gpsHeading>184.986511</gpsHeading>
<haccuracy>9.935046</haccuracy>
<vaccuracy>9.935046</vaccuracy>
<internetconnect>2</internetconnect>
</trkpt>
<trkpt lat="35.866659" lon="139.059013">
<ele>1370.000000</ele>
<time>2026-05-23T07:14:38Z</time>
<speed>1.429368</speed>
<trueHeading>0.000000</trueHeading>
<magneticHeading>0.000000</magneticHeading>
<gpsHeading>170.862961</gpsHeading>
<haccuracy>4.707000</haccuracy>
<vaccuracy>4.707000</vaccuracy>
<internetconnect>2</internetconnect>
</trkpt>
<trkpt lat="35.866192" lon="139.059069">
<ele>1362.666667</ele>
<time>2026-05-23T07:15:24Z</time>
<speed>0.640000</speed>
<trueHeading>0.000000</trueHeading>
<magneticHeading>0.000000</magneticHeading>
<gpsHeading>174.498764</gpsHeading>
<haccuracy>9.935046</haccuracy>
<vaccuracy>9.935046</vaccuracy>
<internetconnect>2</internetconnect>
</trkpt>
<trkpt lat="35.865741" lon="139.059120">
<ele>1352.333333</ele>
<time>2026-05-23T07:16:11Z</time>
<speed>0.534870</speed>
<trueHeading>0.000000</trueHeading>
<magneticHeading>0.000000</magneticHeading>
<gpsHeading>174.752838</gpsHeading>
<haccuracy>5.103000</haccuracy>
<vaccuracy>5.103000</vaccuracy>
<internetconnect>2</internetconnect>
</trkpt>
<trkpt lat="35.865113" lon="139.059053">
<ele>1340.333333</ele>
<time>2026-05-23T07:16:59Z</time>
<speed>1.640000</speed>
<trueHeading>0.000000</trueHeading>
<magneticHeading>0.000000</magneticHeading>
<gpsHeading>184.925583</gpsHeading>
<haccuracy>9.935046</haccuracy>
<vaccuracy>9.935046</vaccuracy>
<internetconnect>2</internetconnect>
</trkpt>
<trkpt lat="35.864663" lon="139.058813">
<ele>1329.666667</ele>
<time>2026-05-23T07:17:46Z</time>
<speed>0.968337</speed>
<trueHeading>0.000000</trueHeading>
<magneticHeading>0.000000</magneticHeading>
<gpsHeading>203.360931</gpsHeading>
<haccuracy>5.222000</haccuracy>
<vaccuracy>5.222000</vaccuracy>
<internetconnect>2</internetconnect>
</trkpt>
<trkpt lat="35.864106" lon="139.058637">
<ele>1320.333333</ele>
<time>2026-05-23T07:18:34Z</time>
<speed>1.555227</speed>
<trueHeading>0.000000</trueHeading>
<magneticHeading>0.000000</magneticHeading>
<gpsHeading>194.355728</gpsHeading>
<haccuracy>4.492000</haccuracy>
<vaccuracy>4.492000</vaccuracy>
<internetconnect>2</internetconnect>
</trkpt>
<trkpt lat="35.863560" lon="139.058289">
<ele>1314.666667</ele>
<time>2026-05-23T07:19:23Z</time>
<speed>1.394527</speed>
<trueHeading>0.000000</trueHeading>
<magneticHeading>0.000000</magneticHeading>
<gpsHeading>207.335922</gpsHeading>
<haccuracy>5.541000</haccuracy>
<vaccuracy>5.541000</vaccuracy>
<internetconnect>2</internetconnect>
</trkpt>
<trkpt lat="35.863005" lon="139.058233">
<ele>1311.333333</ele>
<time>2026-05-23T07:20:12Z</time>
<speed>1.297278</speed>
<trueHeading>0.000000</trueHeading>
<magneticHeading>0.000000</magneticHeading>
<gpsHeading>184.694656</gpsHeading>
<haccuracy>6.427000</haccuracy>
<vaccuracy>6.427000</vaccuracy>
<internetconnect>2</internetconnect>
</trkpt>
<trkpt lat="35.862495" lon="139.058057">
<ele>1307.333333</ele>
<time>2026-05-23T07:20:59Z</time>
<speed>1.520000</speed>
<trueHeading>0.000000</trueHeading>
<magneticHeading>0.000000</magneticHeading>
<gpsHeading>195.610428</gpsHeading>
<haccuracy>9.935046</haccuracy>
<vaccuracy>9.935046</vaccuracy>
<internetconnect>2</internetconnect>
</trkpt>
<trkpt lat="35.861843" lon="139.058008">
<ele>1300.666667</ele>
<time>2026-05-23T07:21:49Z</time>
<speed>1.500000</speed>
<trueHeading>0.000000</trueHeading>
<magneticHeading>0.000000</magneticHeading>
<gpsHeading>183.479019</gpsHeading>
<haccuracy>9.935046</haccuracy>
<vaccuracy>9.935046</vaccuracy>
<internetconnect>2</internetconnect>
</trkpt>
<trkpt lat="35.861575" lon="139.058114">
<ele>1289.333333</ele>
<time>2026-05-23T07:23:00Z</time>
<speed>0.690000</speed>
<trueHeading>0.000000</trueHeading>
<magneticHeading>0.000000</magneticHeading>
<gpsHeading>162.288422</gpsHeading>
<haccuracy>3.790092</haccuracy>
<vaccuracy>3.790092</vaccuracy>
<internetconnect>2</internetconnect>
</trkpt>
<trkpt lat="35.860995" lon="139.057944">
<ele>1280.000000</ele>
<time>2026-05-23T07:23:50Z</time>
<speed>1.222049</speed>
<trueHeading>0.000000</trueHeading>
<magneticHeading>0.000000</magneticHeading>
<gpsHeading>193.336121</gpsHeading>
<haccuracy>3.075000</haccuracy>
<vaccuracy>3.075000</vaccuracy>
<internetconnect>2</internetconnect>
</trkpt>
<trkpt lat="35.860441" lon="139.057875">
<ele>1276.000000</ele>
<time>2026-05-23T07:24:39Z</time>
<speed>1.227315</speed>
<trueHeading>0.000000</trueHeading>
<magneticHeading>0.000000</magneticHeading>
<gpsHeading>185.778412</gpsHeading>
<haccuracy>4.840000</haccuracy>
<vaccuracy>4.840000</vaccuracy>
<internetconnect>2</internetconnect>
</trkpt>
<trkpt lat="35.859978" lon="139.057932">
<ele>1277.333333</ele>
<time>2026-05-23T07:25:25Z</time>
<speed>0.990000</speed>
<trueHeading>0.000000</trueHeading>
<magneticHeading>0.000000</magneticHeading>
<gpsHeading>174.366302</gpsHeading>
<haccuracy>9.935046</haccuracy>
<vaccuracy>9.935046</vaccuracy>
<internetconnect>2</internetconnect>
</trkpt>
<trkpt lat="35.859652" lon="139.057665">
<ele>1279.000000</ele>
<time>2026-05-23T07:26:13Z</time>
<speed>1.477486</speed>
<trueHeading>0.000000</trueHeading>
<magneticHeading>0.000000</magneticHeading>
<gpsHeading>213.535324</gpsHeading>
<haccuracy>6.239000</haccuracy>
<vaccuracy>6.239000</vaccuracy>
<internetconnect>2</internetconnect>
</trkpt>
<trkpt lat="35.859255" lon="139.057296">
<ele>1276.000000</ele>
<time>2026-05-23T07:27:00Z</time>
<speed>1.330000</speed>
<trueHeading>0.000000</trueHeading>
<magneticHeading>0.000000</magneticHeading>
<gpsHeading>217.001328</gpsHeading>
<haccuracy>3.790092</haccuracy>
<vaccuracy>3.790092</vaccuracy>
<internetconnect>2</internetconnect>
</trkpt>
<trkpt lat="35.859046" lon="139.056987">
<ele>1271.333333</ele>
<time>2026-05-23T07:27:51Z</time>
<speed>0.000000</speed>
<trueHeading>0.000000</trueHeading>
<magneticHeading>0.000000</magneticHeading>
<gpsHeading>230.188461</gpsHeading>
<haccuracy>4.104586</haccuracy>
<vaccuracy>4.104586</vaccuracy>
<internetconnect>2</internetconnect>
</trkpt>
<trkpt lat="35.858863" lon="139.056711">
<ele>1266.000000</ele>
<time>2026-05-23T07:28:41Z</time>
<speed>0.000000</speed>
<trueHeading>0.000000</trueHeading>
<magneticHeading>0.000000</magneticHeading>
<gpsHeading>230.599365</gpsHeading>
<haccuracy>8.627376</haccuracy>
<vaccuracy>8.627376</vaccuracy>
<internetconnect>2</internetconnect>
</trkpt>
<trkpt lat="35.858592" lon="139.056624">
<ele>1260.333333</ele>
<time>2026-05-23T07:29:57Z</time>
<speed>1.390293</speed>
<trueHeading>0.000000</trueHeading>
<magneticHeading>0.000000</magneticHeading>
<gpsHeading>194.527023</gpsHeading>
<haccuracy>3.014000</haccuracy>
<vaccuracy>3.014000</vaccuracy>
<internetconnect>2</internetconnect>
</trkpt>
<trkpt lat="35.858324" lon="139.056136">
<ele>1257.666667</ele>
<time>2026-05-23T07:30:46Z</time>
<speed>1.311919</speed>
<trueHeading>0.000000</trueHeading>
<magneticHeading>0.000000</magneticHeading>
<gpsHeading>235.843796</gpsHeading>
<haccuracy>3.125000</haccuracy>
<vaccuracy>3.125000</vaccuracy>
<internetconnect>2</internetconnect>
</trkpt>
<trkpt lat="35.858014" lon="139.055792">
<ele>1255.333333</ele>
<time>2026-05-23T07:31:35Z</time>
<speed>0.819189</speed>
<trueHeading>0.000000</trueHeading>
<magneticHeading>0.000000</magneticHeading>
<gpsHeading>222.071793</gpsHeading>
<haccuracy>3.000000</haccuracy>
<vaccuracy>3.000000</vaccuracy>
<internetconnect>2</internetconnect>
</trkpt>
<trkpt lat="35.857747" lon="139.055348">
<ele>1258.666667</ele>
<time>2026-05-23T07:32:21Z</time>
<speed>0.680000</speed>
<trueHeading>0.000000</trueHeading>
<magneticHeading>0.000000</magneticHeading>
<gpsHeading>233.391998</gpsHeading>
<haccuracy>3.790092</haccuracy>
<vaccuracy>3.790092</vaccuracy>
<internetconnect>2</internetconnect>
</trkpt>
<trkpt lat="35.857305" lon="139.055194">
<ele>1264.000000</ele>
<time>2026-05-23T07:33:08Z</time>
<speed>1.422952</speed>
<trueHeading>0.000000</trueHeading>
<magneticHeading>0.000000</magneticHeading>
<gpsHeading>195.725555</gpsHeading>
<haccuracy>3.220000</haccuracy>
<vaccuracy>3.220000</vaccuracy>
<internetconnect>2</internetconnect>
</trkpt>
<trkpt lat="35.857073" lon="139.054641">
<ele>1267.333333</ele>
<time>2026-05-23T07:33:56Z</time>
<speed>1.340000</speed>
<trueHeading>0.000000</trueHeading>
<magneticHeading>0.000000</magneticHeading>
<gpsHeading>242.664032</gpsHeading>
<haccuracy>3.790092</haccuracy>
<vaccuracy>3.790092</vaccuracy>
<internetconnect>2</internetconnect>
</trkpt>
<trkpt lat="35.856692" lon="139.054587">
<ele>1271.666667</ele>
<time>2026-05-23T07:34:46Z</time>
<speed>1.101401</speed>
<trueHeading>0.000000</trueHeading>
<magneticHeading>0.000000</magneticHeading>
<gpsHeading>186.485443</gpsHeading>
<haccuracy>5.009000</haccuracy>
<vaccuracy>5.009000</vaccuracy>
<internetconnect>2</internetconnect>
</trkpt>
<trkpt lat="35.856270" lon="139.054311">
<ele>1265.666667</ele>
<time>2026-05-23T07:35:36Z</time>
<speed>0.000000</speed>
<trueHeading>0.000000</trueHeading>
<magneticHeading>0.000000</magneticHeading>
<gpsHeading>207.957932</gpsHeading>
<haccuracy>4.461976</haccuracy>
<vaccuracy>4.461976</vaccuracy>
<internetconnect>2</internetconnect>
</trkpt>
<trkpt lat="35.855869" lon="139.054515">
<ele>1261.000000</ele>
<time>2026-05-23T07:36:23Z</time>
<speed>1.410000</speed>
<trueHeading>0.000000</trueHeading>
<magneticHeading>0.000000</magneticHeading>
<gpsHeading>157.613342</gpsHeading>
<haccuracy>4.773538</haccuracy>
<vaccuracy>4.773538</vaccuracy>
<internetconnect>2</internetconnect>
</trkpt>
<trkpt lat="35.855385" lon="139.054327">
<ele>1252.666667</ele>
<time>2026-05-23T07:37:13Z</time>
<speed>1.240000</speed>
<trueHeading>0.000000</trueHeading>
<magneticHeading>0.000000</magneticHeading>
<gpsHeading>197.533798</gpsHeading>
<haccuracy>4.542663</haccuracy>
<vaccuracy>4.542663</vaccuracy>
<internetconnect>2</internetconnect>
</trkpt>
<trkpt lat="35.854918" lon="139.053928">
<ele>1245.666667</ele>
<time>2026-05-23T07:38:03Z</time>
<speed>1.150000</speed>
<trueHeading>0.000000</trueHeading>
<magneticHeading>0.000000</magneticHeading>
<gpsHeading>214.722824</gpsHeading>
<haccuracy>4.552644</haccuracy>
<vaccuracy>4.552644</vaccuracy>
<internetconnect>2</internetconnect>
</trkpt>
<trkpt lat="35.854468" lon="139.054011">
<ele>1241.000000</ele>
<time>2026-05-23T07:38:49Z</time>
<speed>1.010833</speed>
<trueHeading>0.000000</trueHeading>
<magneticHeading>0.000000</magneticHeading>
<gpsHeading>171.447754</gpsHeading>
<haccuracy>3.010000</haccuracy>
<vaccuracy>3.010000</vaccuracy>
<internetconnect>2</internetconnect>
</trkpt>
<trkpt lat="35.854007" lon="139.053569">
<ele>1235.333333</ele>
<time>2026-05-23T07:39:38Z</time>
<speed>0.942315</speed>
<trueHeading>0.000000</trueHeading>
<magneticHeading>0.000000</magneticHeading>
<gpsHeading>217.882843</gpsHeading>
<haccuracy>3.074000</haccuracy>
<vaccuracy>3.074000</vaccuracy>
<internetconnect>2</internetconnect>
</trkpt>
<trkpt lat="35.853893" lon="139.053041">
<ele>1235.000000</ele>
<time>2026-05-23T07:40:27Z</time>
<speed>0.607353</speed>
<trueHeading>0.000000</trueHeading>
<magneticHeading>0.000000</magneticHeading>
<gpsHeading>255.105911</gpsHeading>
<haccuracy>4.557000</haccuracy>
<vaccuracy>4.557000</vaccuracy>
<internetconnect>2</internetconnect>
</trkpt>
<trkpt lat="35.853727" lon="139.052327">
<ele>1230.000000</ele>
<time>2026-05-23T07:41:16Z</time>
<speed>1.315931</speed>
<trueHeading>0.000000</trueHeading>
<magneticHeading>0.000000</magneticHeading>
<gpsHeading>253.980621</gpsHeading>
<haccuracy>3.090000</haccuracy>
<vaccuracy>3.090000</vaccuracy>
<internetconnect>2</internetconnect>
</trkpt>
<trkpt lat="35.853449" lon="139.051779">
<ele>1217.000000</ele>
<time>2026-05-23T07:42:03Z</time>
<speed>1.080000</speed>
<trueHeading>0.000000</trueHeading>
<magneticHeading>0.000000</magneticHeading>
<gpsHeading>237.960190</gpsHeading>
<haccuracy>3.790092</haccuracy>
<vaccuracy>3.790092</vaccuracy>
<internetconnect>2</internetconnect>
</trkpt>
<trkpt lat="35.852933" lon="139.051540">
<ele>1200.666667</ele>
<time>2026-05-23T07:42:51Z</time>
<speed>1.414894</speed>
<trueHeading>0.000000</trueHeading>
<magneticHeading>0.000000</magneticHeading>
<gpsHeading>200.571045</gpsHeading>
<haccuracy>5.319000</haccuracy>
<vaccuracy>5.319000</vaccuracy>
<internetconnect>2</internetconnect>
</trkpt>
<trkpt lat="35.852855" lon="139.050959">
<ele>1186.000000</ele>
<time>2026-05-23T07:43:38Z</time>
<speed>1.420000</speed>
<trueHeading>0.000000</trueHeading>
<magneticHeading>0.000000</magneticHeading>
<gpsHeading>260.534790</gpsHeading>
<haccuracy>3.790092</haccuracy>
<vaccuracy>3.790092</vaccuracy>
<internetconnect>2</internetconnect>
</trkpt>
<trkpt lat="35.852679" lon="139.050677">
<ele>1176.666667</ele>
<time>2026-05-23T07:44:25Z</time>
<speed>0.499515</speed>
<trueHeading>0.000000</trueHeading>
<magneticHeading>0.000000</magneticHeading>
<gpsHeading>232.322235</gpsHeading>
<haccuracy>3.198000</haccuracy>
<vaccuracy>3.198000</vaccuracy>
<internetconnect>2</internetconnect>
</trkpt>
<trkpt lat="35.852429" lon="139.050123">
<ele>1169.000000</ele>
<time>2026-05-23T07:45:14Z</time>
<speed>1.420000</speed>
<trueHeading>0.000000</trueHeading>
<magneticHeading>0.000000</magneticHeading>
<gpsHeading>240.950348</gpsHeading>
<haccuracy>3.790092</haccuracy>
<vaccuracy>3.790092</vaccuracy>
<internetconnect>2</internetconnect>
</trkpt>
<trkpt lat="35.852312" lon="139.049809">
<ele>1161.666667</ele>
<time>2026-05-23T07:46:16Z</time>
<speed>1.190000</speed>
<trueHeading>0.000000</trueHeading>
<magneticHeading>0.000000</magneticHeading>
<gpsHeading>245.284836</gpsHeading>
<haccuracy>4.407876</haccuracy>
<vaccuracy>4.407876</vaccuracy>
<internetconnect>2</internetconnect>
</trkpt>
<trkpt lat="35.852075" lon="139.049419">
<ele>1154.000000</ele>
<time>2026-05-23T07:47:03Z</time>
<speed>0.291456</speed>
<trueHeading>0.000000</trueHeading>
<magneticHeading>0.000000</magneticHeading>
<gpsHeading>233.084854</gpsHeading>
<haccuracy>3.958000</haccuracy>
<vaccuracy>3.958000</vaccuracy>
<internetconnect>2</internetconnect>
</trkpt>
<trkpt lat="35.851462" lon="139.049027">
<ele>1147.666667</ele>
<time>2026-05-23T07:47:50Z</time>
<speed>0.814572</speed>
<trueHeading>0.000000</trueHeading>
<magneticHeading>0.000000</magneticHeading>
<gpsHeading>207.410034</gpsHeading>
<haccuracy>5.792000</haccuracy>
<vaccuracy>5.792000</vaccuracy>
<internetconnect>2</internetconnect>
</trkpt>
<trkpt lat="35.851161" lon="139.048599">
<ele>1137.000000</ele>
<time>2026-05-23T07:48:37Z</time>
<speed>1.375140</speed>
<trueHeading>0.000000</trueHeading>
<magneticHeading>0.000000</magneticHeading>
<gpsHeading>229.088104</gpsHeading>
<haccuracy>5.182000</haccuracy>
<vaccuracy>5.182000</vaccuracy>
<internetconnect>2</internetconnect>
</trkpt>
<trkpt lat="35.850695" lon="139.048094">
<ele>1124.000000</ele>
<time>2026-05-23T07:49:25Z</time>
<speed>0.232211</speed>
<trueHeading>0.000000</trueHeading>
<magneticHeading>0.000000</magneticHeading>
<gpsHeading>221.225067</gpsHeading>
<haccuracy>4.277000</haccuracy>
<vaccuracy>4.277000</vaccuracy>
<internetconnect>2</internetconnect>
</trkpt>
<trkpt lat="35.850162" lon="139.047656">
<ele>1111.000000</ele>
<time>2026-05-23T07:50:11Z</time>
<speed>1.140000</speed>
<trueHeading>0.000000</trueHeading>
<magneticHeading>0.000000</magneticHeading>
<gpsHeading>213.660995</gpsHeading>
<haccuracy>9.935046</haccuracy>
<vaccuracy>9.935046</vaccuracy>
<internetconnect>2</internetconnect>
</trkpt>
<trkpt lat="35.849752" lon="139.047310">
<ele>1100.333333</ele>
<time>2026-05-23T07:50:59Z</time>
<speed>0.537360</speed>
<trueHeading>0.000000</trueHeading>
<magneticHeading>0.000000</magneticHeading>
<gpsHeading>214.466171</gpsHeading>
<haccuracy>4.917000</haccuracy>
<vaccuracy>4.917000</vaccuracy>
<internetconnect>2</internetconnect>
</trkpt>
<trkpt lat="35.849116" lon="139.047287">
<ele>1091.333333</ele>
<time>2026-05-23T07:51:46Z</time>
<speed>1.070000</speed>
<trueHeading>0.000000</trueHeading>
<magneticHeading>0.000000</magneticHeading>
<gpsHeading>181.676590</gpsHeading>
<haccuracy>9.935046</haccuracy>
<vaccuracy>9.935046</vaccuracy>
<internetconnect>2</internetconnect>
</trkpt>
<trkpt lat="35.848549" lon="139.047411">
<ele>1079.333333</ele>
<time>2026-05-23T07:52:34Z</time>
<speed>0.901911</speed>
<trueHeading>0.000000</trueHeading>
<magneticHeading>0.000000</magneticHeading>
<gpsHeading>169.968430</gpsHeading>
<haccuracy>6.227000</haccuracy>
<vaccuracy>6.227000</vaccuracy>
<internetconnect>2</internetconnect>
</trkpt>
<trkpt lat="35.847943" lon="139.047571">
<ele>1064.000000</ele>
<time>2026-05-23T07:53:21Z</time>
<speed>2.070000</speed>
<trueHeading>0.000000</trueHeading>
<magneticHeading>0.000000</magneticHeading>
<gpsHeading>167.862213</gpsHeading>
<haccuracy>3.790092</haccuracy>
<vaccuracy>3.790092</vaccuracy>
<internetconnect>2</internetconnect>
</trkpt>
<trkpt lat="35.847424" lon="139.047205">
<ele>1052.666667</ele>
<time>2026-05-23T07:54:07Z</time>
<speed>0.832417</speed>
<trueHeading>0.000000</trueHeading>
<magneticHeading>0.000000</magneticHeading>
<gpsHeading>209.745209</gpsHeading>
<haccuracy>5.704000</haccuracy>
<vaccuracy>5.704000</vaccuracy>
<internetconnect>2</internetconnect>
</trkpt>
<trkpt lat="35.847417" lon="139.046720">
<ele>1043.333333</ele>
<time>2026-05-23T07:54:56Z</time>
<speed>0.529126</speed>
<trueHeading>0.000000</trueHeading>
<magneticHeading>0.000000</magneticHeading>
<gpsHeading>269.067535</gpsHeading>
<haccuracy>3.092000</haccuracy>
<vaccuracy>3.092000</vaccuracy>
<internetconnect>2</internetconnect>
</trkpt>
<trkpt lat="35.847329" lon="139.046081">
<ele>1036.666667</ele>
<time>2026-05-23T07:55:44Z</time>
<speed>0.504985</speed>
<trueHeading>0.000000</trueHeading>
<magneticHeading>0.000000</magneticHeading>
<gpsHeading>260.307251</gpsHeading>
<haccuracy>3.000000</haccuracy>
<vaccuracy>3.000000</vaccuracy>
<internetconnect>2</internetconnect>
</trkpt>
<trkpt lat="35.847139" lon="139.045384">
<ele>1023.000000</ele>
<time>2026-05-23T07:56:31Z</time>
<speed>1.690000</speed>
<trueHeading>0.000000</trueHeading>
<magneticHeading>0.000000</magneticHeading>
<gpsHeading>251.419525</gpsHeading>
<haccuracy>9.935046</haccuracy>
<vaccuracy>9.935046</vaccuracy>
<internetconnect>2</internetconnect>
</trkpt>
<trkpt lat="35.847007" lon="139.044733">
<ele>1009.000000</ele>
<time>2026-05-23T07:57:20Z</time>
<speed>1.467557</speed>
<trueHeading>0.000000</trueHeading>
<magneticHeading>0.000000</magneticHeading>
<gpsHeading>255.994537</gpsHeading>
<haccuracy>5.661000</haccuracy>
<vaccuracy>5.661000</vaccuracy>
<internetconnect>2</internetconnect>
</trkpt>
<trkpt lat="35.847023" lon="139.044370">
<ele>995.666667</ele>
<time>2026-05-23T07:58:31Z</time>
<speed>0.650000</speed>
<trueHeading>0.000000</trueHeading>
<magneticHeading>0.000000</magneticHeading>
<gpsHeading>273.036194</gpsHeading>
<haccuracy>4.732744</haccuracy>
<vaccuracy>4.732744</vaccuracy>
<internetconnect>2</internetconnect>
</trkpt>
<trkpt lat="35.846640" lon="139.044300">
<ele>983.666667</ele>
<time>2026-05-23T07:59:18Z</time>
<speed>1.487960</speed>
<trueHeading>0.000000</trueHeading>
<magneticHeading>0.000000</magneticHeading>
<gpsHeading>188.413116</gpsHeading>
<haccuracy>3.000000</haccuracy>
<vaccuracy>3.000000</vaccuracy>
<internetconnect>2</internetconnect>
</trkpt>
<trkpt lat="35.846258" lon="139.044447">
<ele>968.666667</ele>
<time>2026-05-23T08:00:05Z</time>
<speed>2.087327</speed>
<trueHeading>0.000000</trueHeading>
<magneticHeading>0.000000</magneticHeading>
<gpsHeading>162.699677</gpsHeading>
<haccuracy>4.239000</haccuracy>
<vaccuracy>4.239000</vaccuracy>
<internetconnect>2</internetconnect>
</trkpt>
<trkpt lat="35.845814" lon="139.044063">
<ele>958.666667</ele>
<time>2026-05-23T08:00:53Z</time>
<speed>1.433232</speed>
<trueHeading>0.000000</trueHeading>
<magneticHeading>0.000000</magneticHeading>
<gpsHeading>214.993301</gpsHeading>
<haccuracy>5.295000</haccuracy>
<vaccuracy>5.295000</vaccuracy>
<internetconnect>2</internetconnect>
</trkpt>
<trkpt lat="35.845999" lon="139.044491">
<ele>952.666667</ele>
<time>2026-05-23T08:01:39Z</time>
<speed>0.075164</speed>
<trueHeading>0.000000</trueHeading>
<magneticHeading>0.000000</magneticHeading>
<gpsHeading>61.914917</gpsHeading>
<haccuracy>4.773000</haccuracy>
<vaccuracy>4.773000</vaccuracy>
<internetconnect>2</internetconnect>
</trkpt>
<trkpt lat="35.846082" lon="139.044829">
<ele>946.000000</ele>
<time>2026-05-23T08:02:52Z</time>
<speed>0.530000</speed>
<trueHeading>0.000000</trueHeading>
<magneticHeading>0.000000</magneticHeading>
<gpsHeading>73.081573</gpsHeading>
<haccuracy>4.999659</haccuracy>
<vaccuracy>4.999659</vaccuracy>
<internetconnect>2</internetconnect>
</trkpt>
<trkpt lat="35.846123" lon="139.045577">
<ele>933.666667</ele>
<time>2026-05-23T08:03:42Z</time>
<speed>1.450625</speed>
<trueHeading>0.000000</trueHeading>
<magneticHeading>0.000000</magneticHeading>
<gpsHeading>86.088303</gpsHeading>
<haccuracy>5.404000</haccuracy>
<vaccuracy>5.404000</vaccuracy>
<internetconnect>2</internetconnect>
</trkpt>
<trkpt lat="35.845964" lon="139.046009">
<ele>915.666667</ele>
<time>2026-05-23T08:04:30Z</time>
<speed>0.878793</speed>
<trueHeading>0.000000</trueHeading>
<magneticHeading>0.000000</magneticHeading>
<gpsHeading>114.464989</gpsHeading>
<haccuracy>4.128000</haccuracy>
<vaccuracy>4.128000</vaccuracy>
<internetconnect>2</internetconnect>
</trkpt>
<trkpt lat="35.845767" lon="139.046356">
<ele>897.333333</ele>
<time>2026-05-23T08:05:18Z</time>
<speed>1.402595</speed>
<trueHeading>0.000000</trueHeading>
<magneticHeading>0.000000</magneticHeading>
<gpsHeading>124.989212</gpsHeading>
<haccuracy>5.700000</haccuracy>
<vaccuracy>5.700000</vaccuracy>
<internetconnect>2</internetconnect>
</trkpt>
<trkpt lat="35.845492" lon="139.046609">
<ele>885.000000</ele>
<time>2026-05-23T08:06:05Z</time>
<speed>1.050000</speed>
<trueHeading>0.000000</trueHeading>
<magneticHeading>0.000000</magneticHeading>
<gpsHeading>143.264801</gpsHeading>
<haccuracy>10.423687</haccuracy>
<vaccuracy>10.423687</vaccuracy>
<internetconnect>2</internetconnect>
</trkpt>
<trkpt lat="35.845450" lon="139.046242">
<ele>870.666667</ele>
<time>2026-05-23T08:07:24Z</time>
<speed>1.467333</speed>
<trueHeading>0.000000</trueHeading>
<magneticHeading>0.000000</magneticHeading>
<gpsHeading>262.077423</gpsHeading>
<haccuracy>6.697000</haccuracy>
<vaccuracy>6.697000</vaccuracy>
<internetconnect>2</internetconnect>
</trkpt>
<trkpt lat="35.845178" lon="139.046120">
<ele>855.333333</ele>
<time>2026-05-23T08:08:20Z</time>
<speed>1.377404</speed>
<trueHeading>0.000000</trueHeading>
<magneticHeading>0.000000</magneticHeading>
<gpsHeading>199.971848</gpsHeading>
<haccuracy>6.035000</haccuracy>
<vaccuracy>6.035000</vaccuracy>
<internetconnect>2</internetconnect>
</trkpt>
<trkpt lat="35.844886" lon="139.046280">
<ele>841.000000</ele>
<time>2026-05-23T08:09:06Z</time>
<speed>1.020000</speed>
<trueHeading>0.000000</trueHeading>
<magneticHeading>0.000000</magneticHeading>
<gpsHeading>156.051071</gpsHeading>
<haccuracy>10.686981</haccuracy>
<vaccuracy>10.686981</vaccuracy>
<internetconnect>2</internetconnect>
</trkpt>
<trkpt lat="35.844952" lon="139.046898">
<ele>826.333333</ele>
<time>2026-05-23T08:09:54Z</time>
<speed>1.340326</speed>
<trueHeading>0.000000</trueHeading>
<magneticHeading>0.000000</magneticHeading>
<gpsHeading>82.476433</gpsHeading>
<haccuracy>5.625000</haccuracy>
<vaccuracy>5.625000</vaccuracy>
<internetconnect>2</internetconnect>
</trkpt>
<trkpt lat="35.844597" lon="139.046650">
<ele>817.666667</ele>
<time>2026-05-23T08:10:41Z</time>
<speed>0.380000</speed>
<trueHeading>0.000000</trueHeading>
<magneticHeading>0.000000</magneticHeading>
<gpsHeading>209.600983</gpsHeading>
<haccuracy>10.305758</haccuracy>
<vaccuracy>10.305758</vaccuracy>
<internetconnect>2</internetconnect>
</trkpt>
<trkpt lat="35.844648" lon="139.047175">
<ele>797.000000</ele>
<time>2026-05-23T08:11:28Z</time>
<speed>1.437963</speed>
<trueHeading>0.000000</trueHeading>
<magneticHeading>0.000000</magneticHeading>
<gpsHeading>83.298294</gpsHeading>
<haccuracy>5.277000</haccuracy>
<vaccuracy>5.277000</vaccuracy>
<internetconnect>2</internetconnect>
</trkpt>
<trkpt lat="35.844258" lon="139.046889">
<ele>785.666667</ele>
<time>2026-05-23T08:12:16Z</time>
<speed>1.050000</speed>
<trueHeading>0.000000</trueHeading>
<magneticHeading>0.000000</magneticHeading>
<gpsHeading>210.772415</gpsHeading>
<haccuracy>11.242302</haccuracy>
<vaccuracy>11.242302</vaccuracy>
<internetconnect>2</internetconnect>
</trkpt>
<trkpt lat="35.844273" lon="139.047232">
<ele>773.000000</ele>
<time>2026-05-23T08:13:17Z</time>
<speed>0.700000</speed>
<trueHeading>0.000000</trueHeading>
<magneticHeading>0.000000</magneticHeading>
<gpsHeading>86.794266</gpsHeading>
<haccuracy>11.029610</haccuracy>
<vaccuracy>11.029610</vaccuracy>
<internetconnect>2</internetconnect>
</trkpt>
<trkpt lat="35.844285" lon="139.047638">
<ele>762.666667</ele>
<time>2026-05-23T08:14:06Z</time>
<speed>0.118638</speed>
<trueHeading>0.000000</trueHeading>
<magneticHeading>0.000000</magneticHeading>
<gpsHeading>87.983131</gpsHeading>
<haccuracy>4.919000</haccuracy>
<vaccuracy>4.919000</vaccuracy>
<internetconnect>2</internetconnect>
</trkpt>
<trkpt lat="35.844021" lon="139.047467">
<ele>748.333333</ele>
<time>2026-05-23T08:15:04Z</time>
<speed>0.600000</speed>
<trueHeading>0.000000</trueHeading>
<magneticHeading>0.000000</magneticHeading>
<gpsHeading>207.662476</gpsHeading>
<haccuracy>6.038364</haccuracy>
<vaccuracy>6.038364</vaccuracy>
<internetconnect>2</internetconnect>
</trkpt>
<trkpt lat="35.843649" lon="139.047122">
<ele>734.666667</ele>
<time>2026-05-23T08:15:50Z</time>
<speed>1.910000</speed>
<trueHeading>0.000000</trueHeading>
<magneticHeading>0.000000</magneticHeading>
<gpsHeading>216.977692</gpsHeading>
<haccuracy>11.104849</haccuracy>
<vaccuracy>11.104849</vaccuracy>
<internetconnect>2</internetconnect>
</trkpt>
<trkpt lat="35.843508" lon="139.047029">
<ele>724.333333</ele>
<time>2026-05-23T08:17:53Z</time>
<speed>0.890000</speed>
<trueHeading>0.000000</trueHeading>
<magneticHeading>0.000000</magneticHeading>
<gpsHeading>208.155411</gpsHeading>
<haccuracy>10.102962</haccuracy>
<vaccuracy>10.102962</vaccuracy>
<internetconnect>2</internetconnect>
</trkpt>
<trkpt lat="35.843122" lon="139.046560">
<ele>716.000000</ele>
<time>2026-05-23T08:18:43Z</time>
<speed>1.140000</speed>
<trueHeading>0.000000</trueHeading>
<magneticHeading>0.000000</magneticHeading>
<gpsHeading>224.577850</gpsHeading>
<haccuracy>10.644702</haccuracy>
<vaccuracy>10.644702</vaccuracy>
<internetconnect>2</internetconnect>
</trkpt>
<trkpt lat="35.842713" lon="139.046211">
<ele>700.000000</ele>
<time>2026-05-23T08:19:32Z</time>
<speed>0.627844</speed>
<trueHeading>0.000000</trueHeading>
<magneticHeading>0.000000</magneticHeading>
<gpsHeading>214.727646</gpsHeading>
<haccuracy>5.328000</haccuracy>
<vaccuracy>5.328000</vaccuracy>
<internetconnect>2</internetconnect>
</trkpt>
<trkpt lat="35.842436" lon="139.045778">
<ele>681.333333</ele>
<time>2026-05-23T08:20:18Z</time>
<speed>1.340000</speed>
<trueHeading>0.000000</trueHeading>
<magneticHeading>0.000000</magneticHeading>
<gpsHeading>231.678009</gpsHeading>
<haccuracy>10.565471</haccuracy>
<vaccuracy>10.565471</vaccuracy>
<internetconnect>2</internetconnect>
</trkpt>
<trkpt lat="35.842262" lon="139.045121">
<ele>661.666667</ele>
<time>2026-05-23T08:21:08Z</time>
<speed>1.920000</speed>
<trueHeading>0.000000</trueHeading>
<magneticHeading>0.000000</magneticHeading>
<gpsHeading>251.842636</gpsHeading>
<haccuracy>10.620577</haccuracy>
<vaccuracy>10.620577</vaccuracy>
<internetconnect>2</internetconnect>
</trkpt>
<trkpt lat="35.842125" lon="139.044431">
<ele>647.333333</ele>
<time>2026-05-23T08:21:57Z</time>
<speed>1.148033</speed>
<trueHeading>0.000000</trueHeading>
<magneticHeading>0.000000</magneticHeading>
<gpsHeading>256.292419</gpsHeading>
<haccuracy>5.920000</haccuracy>
<vaccuracy>5.920000</vaccuracy>
<internetconnect>2</internetconnect>
</trkpt>
<trkpt lat="35.841962" lon="139.043946">
<ele>638.000000</ele>
<time>2026-05-23T08:22:43Z</time>
<speed>1.540000</speed>
<trueHeading>0.000000</trueHeading>
<magneticHeading>0.000000</magneticHeading>
<gpsHeading>247.499847</gpsHeading>
<haccuracy>10.959184</haccuracy>
<vaccuracy>10.959184</vaccuracy>
<internetconnect>2</internetconnect>
</trkpt>
<trkpt lat="35.841769" lon="139.043674">
<ele>628.333333</ele>
<time>2026-05-23T08:23:49Z</time>
<speed>0.582635</speed>
<trueHeading>0.000000</trueHeading>
<magneticHeading>0.000000</magneticHeading>
<gpsHeading>228.704208</gpsHeading>
<haccuracy>6.425000</haccuracy>
<vaccuracy>6.425000</vaccuracy>
<internetconnect>2</internetconnect>
</trkpt>
<trkpt lat="35.841816" lon="139.044886">
<ele>623.333333</ele>
<time>2026-05-23T08:24:37Z</time>
<speed>1.211862</speed>
<trueHeading>0.000000</trueHeading>
<magneticHeading>0.000000</magneticHeading>
<gpsHeading>87.236786</gpsHeading>
<haccuracy>5.782000</haccuracy>
<vaccuracy>5.782000</vaccuracy>
<internetconnect>2</internetconnect>
</trkpt>
<trkpt lat="35.841821" lon="139.044525">
<ele>618.666667</ele>
<time>2026-05-23T08:25:23Z</time>
<speed>0.000000</speed>
<trueHeading>0.000000</trueHeading>
<magneticHeading>0.000000</magneticHeading>
<gpsHeading>271.037659</gpsHeading>
<haccuracy>9.935046</haccuracy>
<vaccuracy>9.935046</vaccuracy>
<internetconnect>2</internetconnect>
</trkpt>
<trkpt lat="35.841754" lon="139.044467">
<ele>620.666667</ele>
<time>2026-05-23T08:27:30Z</time>
<speed>0.000000</speed>
<trueHeading>0.000000</trueHeading>
<magneticHeading>0.000000</magneticHeading>
<gpsHeading>214.479782</gpsHeading>
<haccuracy>7.115810</haccuracy>
<vaccuracy>7.115810</vaccuracy>
<internetconnect>2</internetconnect>
</trkpt>
<trkpt lat="35.841841" lon="139.044462">
<ele>621.000000</ele>
<time>2026-05-23T08:29:31Z</time>
<speed>0.000000</speed>
<trueHeading>0.000000</trueHeading>
<magneticHeading>0.000000</magneticHeading>
<gpsHeading>357.326569</gpsHeading>
<haccuracy>6.829215</haccuracy>
<vaccuracy>6.829215</vaccuracy>
<internetconnect>2</internetconnect>
</trkpt>
<trkpt lat="35.841796" lon="139.044473">
<ele>620.333333</ele>
<time>2026-05-23T08:31:40Z</time>
<speed>0.000000</speed>
<trueHeading>0.000000</trueHeading>
<magneticHeading>0.000000</magneticHeading>
<gpsHeading>168.586121</gpsHeading>
<haccuracy>5.976718</haccuracy>
<vaccuracy>5.976718</vaccuracy>
<internetconnect>2</internetconnect>
</trkpt>
<trkpt lat="35.841754" lon="139.044815">
<ele>618.000000</ele>
<time>2026-05-23T08:32:35Z</time>
<speed>6.710000</speed>
<trueHeading>0.000000</trueHeading>
<magneticHeading>0.000000</magneticHeading>
<gpsHeading>98.726242</gpsHeading>
<haccuracy>6.373921</haccuracy>
<vaccuracy>6.373921</vaccuracy>
<internetconnect>2</internetconnect>
</trkpt>
<trkpt lat="35.841728" lon="139.045490">
<ele>616.500000</ele>
<time>2026-05-23T08:32:43Z</time>
<speed>5.807565</speed>
<trueHeading>-999.000000</trueHeading>
<magneticHeading>273.145142</magneticHeading>
<gpsHeading>92.741165</gpsHeading>
<haccuracy>7.363000</haccuracy>
<vaccuracy>7.363000</vaccuracy>
<internetconnect>2</internetconnect>
</trkpt>
</trkseg></trk>
</gpx>
