<?xml version="1.0" encoding="UTF-8"?>
<gpx xmlns:xsi="http://www.w3.org/2001/XMLSchema-instance" xmlns="http://www.topografix.com/GPX/1/0" xsi:schemaLocation="http://www.topografix.com/GPX/1/1 http://www.topografix.com/GPX/1/1/gpx.xsd" creator="Geographica - http://geographica.biz/" appVersion="Ver 2.1.59:4409" device="google sunfish" android="13" carrier="povo">
<trk>
<name>20260912</name>
<trkseg>
<trkpt lat="35.841659" lon="139.044513">
<ele>615.000000</ele>
<time>2026-09-11T23:24:18Z</time>
<speed>0.181236</speed>
<trueHeading>0.000000</trueHeading>
<magneticHeading>0.000000</magneticHeading>
<gpsHeading>0.000000</gpsHeading>
<haccuracy>5.301000</haccuracy>
<vaccuracy>5.301000</vaccuracy>
<internetconnect>2</internetconnect>
</trkpt>
<trkpt lat="35.841661" lon="139.044510">
<ele>615.666667</ele>
<time>2026-09-11T23:24:18Z</time>
<speed>0.208064</speed>
<trueHeading>0.000000</trueHeading>
<magneticHeading>0.000000</magneticHeading>
<gpsHeading>0.000000</gpsHeading>
<haccuracy>4.992000</haccuracy>
<vaccuracy>4.992000</vaccuracy>
<internetconnect>2</internetconnect>
</trkpt>
<trkpt lat="35.841702" lon="139.044498">
<ele>614.000000</ele>
<time>2026-09-11T23:26:27Z</time>
<speed>0.000000</speed>
<trueHeading>0.000000</trueHeading>
<magneticHeading>0.000000</magneticHeading>
<gpsHeading>346.838562</gpsHeading>
<haccuracy>12.309000</haccuracy>
<vaccuracy>12.309000</vaccuracy>
<internetconnect>2</internetconnect>
</trkpt>
<trkpt lat="35.841403" lon="139.044500">
<ele>609.333333</ele>
<time>2026-09-11T23:28:01Z</time>
<speed>1.404705</speed>
<trueHeading>0.000000</trueHeading>
<magneticHeading>0.000000</magneticHeading>
<gpsHeading>179.673691</gpsHeading>
<haccuracy>6.215000</haccuracy>
<vaccuracy>6.215000</vaccuracy>
<internetconnect>2</internetconnect>
</trkpt>
<trkpt lat="35.841480" lon="139.045104">
<ele>600.000000</ele>
<time>2026-09-11T23:28:48Z</time>
<speed>1.500225</speed>
<trueHeading>0.000000</trueHeading>
<magneticHeading>0.000000</magneticHeading>
<gpsHeading>81.055664</gpsHeading>
<haccuracy>5.680000</haccuracy>
<vaccuracy>5.680000</vaccuracy>
<internetconnect>2</internetconnect>
</trkpt>
<trkpt lat="35.841286" lon="139.045416">
<ele>590.666667</ele>
<time>2026-09-11T23:30:13Z</time>
<speed>1.503693</speed>
<trueHeading>0.000000</trueHeading>
<magneticHeading>0.000000</magneticHeading>
<gpsHeading>127.585739</gpsHeading>
<haccuracy>5.733000</haccuracy>
<vaccuracy>5.733000</vaccuracy>
<internetconnect>2</internetconnect>
</trkpt>
<trkpt lat="35.841100" lon="139.045849">
<ele>582.000000</ele>
<time>2026-09-11T23:31:00Z</time>
<speed>1.157142</speed>
<trueHeading>0.000000</trueHeading>
<magneticHeading>0.000000</magneticHeading>
<gpsHeading>117.842712</gpsHeading>
<haccuracy>6.440000</haccuracy>
<vaccuracy>6.440000</vaccuracy>
<internetconnect>2</internetconnect>
</trkpt>
<trkpt lat="35.840943" lon="139.046153">
<ele>572.666667</ele>
<time>2026-09-11T23:31:57Z</time>
<speed>1.202199</speed>
<trueHeading>0.000000</trueHeading>
<magneticHeading>0.000000</magneticHeading>
<gpsHeading>122.535248</gpsHeading>
<haccuracy>5.419000</haccuracy>
<vaccuracy>5.419000</vaccuracy>
<internetconnect>2</internetconnect>
</trkpt>
<trkpt lat="35.840846" lon="139.046541">
<ele>564.333333</ele>
<time>2026-09-11T23:32:44Z</time>
<speed>1.173420</speed>
<trueHeading>0.000000</trueHeading>
<magneticHeading>0.000000</magneticHeading>
<gpsHeading>107.272392</gpsHeading>
<haccuracy>4.767000</haccuracy>
<vaccuracy>4.767000</vaccuracy>
<internetconnect>2</internetconnect>
</trkpt>
<trkpt lat="35.840814" lon="139.046884">
<ele>549.333333</ele>
<time>2026-09-11T23:33:31Z</time>
<speed>1.279915</speed>
<trueHeading>0.000000</trueHeading>
<magneticHeading>0.000000</magneticHeading>
<gpsHeading>96.487473</gpsHeading>
<haccuracy>6.009000</haccuracy>
<vaccuracy>6.009000</vaccuracy>
<internetconnect>2</internetconnect>
</trkpt>
<trkpt lat="35.840647" lon="139.047299">
<ele>534.666667</ele>
<time>2026-09-11T23:34:21Z</time>
<speed>0.838028</speed>
<trueHeading>0.000000</trueHeading>
<magneticHeading>0.000000</magneticHeading>
<gpsHeading>116.421661</gpsHeading>
<haccuracy>4.212000</haccuracy>
<vaccuracy>4.212000</vaccuracy>
<internetconnect>2</internetconnect>
</trkpt>
<trkpt lat="35.840818" lon="139.047776">
<ele>523.666667</ele>
<time>2026-09-11T23:35:08Z</time>
<speed>1.091612</speed>
<trueHeading>0.000000</trueHeading>
<magneticHeading>0.000000</magneticHeading>
<gpsHeading>66.071854</gpsHeading>
<haccuracy>5.932000</haccuracy>
<vaccuracy>5.932000</vaccuracy>
<internetconnect>2</internetconnect>
</trkpt>
<trkpt lat="35.841093" lon="139.047937">
<ele>527.666667</ele>
<time>2026-09-11T23:36:11Z</time>
<speed>1.071326</speed>
<trueHeading>0.000000</trueHeading>
<magneticHeading>0.000000</magneticHeading>
<gpsHeading>25.320997</gpsHeading>
<haccuracy>5.947000</haccuracy>
<vaccuracy>5.947000</vaccuracy>
<internetconnect>2</internetconnect>
</trkpt>
<trkpt lat="35.841275" lon="139.048213">
<ele>531.000000</ele>
<time>2026-09-11T23:37:52Z</time>
<speed>1.104291</speed>
<trueHeading>0.000000</trueHeading>
<magneticHeading>0.000000</magneticHeading>
<gpsHeading>51.067726</gpsHeading>
<haccuracy>5.544000</haccuracy>
<vaccuracy>5.544000</vaccuracy>
<internetconnect>2</internetconnect>
</trkpt>
<trkpt lat="35.841448" lon="139.048782">
<ele>528.333333</ele>
<time>2026-09-11T23:38:40Z</time>
<speed>1.197022</speed>
<trueHeading>0.000000</trueHeading>
<magneticHeading>0.000000</magneticHeading>
<gpsHeading>69.350357</gpsHeading>
<haccuracy>4.474000</haccuracy>
<vaccuracy>4.474000</vaccuracy>
<internetconnect>2</internetconnect>
</trkpt>
<trkpt lat="35.841418" lon="139.048971">
<ele>519.000000</ele>
<time>2026-09-11T23:40:46Z</time>
<speed>0.197956</speed>
<trueHeading>0.000000</trueHeading>
<magneticHeading>0.000000</magneticHeading>
<gpsHeading>101.222809</gpsHeading>
<haccuracy>3.018000</haccuracy>
<vaccuracy>3.018000</vaccuracy>
<internetconnect>2</internetconnect>
</trkpt>
<trkpt lat="35.841322" lon="139.049020">
<ele>514.333333</ele>
<time>2026-09-11T23:43:01Z</time>
<speed>0.000000</speed>
<trueHeading>0.000000</trueHeading>
<magneticHeading>0.000000</magneticHeading>
<gpsHeading>157.520218</gpsHeading>
<haccuracy>12.211000</haccuracy>
<vaccuracy>12.211000</vaccuracy>
<internetconnect>2</internetconnect>
</trkpt>
<trkpt lat="35.841349" lon="139.049146">
<ele>513.000000</ele>
<time>2026-09-11T23:45:02Z</time>
<speed>0.550000</speed>
<trueHeading>0.000000</trueHeading>
<magneticHeading>0.000000</magneticHeading>
<gpsHeading>75.275620</gpsHeading>
<haccuracy>13.221000</haccuracy>
<vaccuracy>13.221000</vaccuracy>
<internetconnect>2</internetconnect>
</trkpt>
<trkpt lat="35.841511" lon="139.049895">
<ele>512.333333</ele>
<time>2026-09-11T23:45:50Z</time>
<speed>0.918068</speed>
<trueHeading>0.000000</trueHeading>
<magneticHeading>0.000000</magneticHeading>
<gpsHeading>75.091064</gpsHeading>
<haccuracy>6.609000</haccuracy>
<vaccuracy>6.609000</vaccuracy>
<internetconnect>2</internetconnect>
</trkpt>
<trkpt lat="35.841475" lon="139.050272">
<ele>511.666667</ele>
<time>2026-09-11T23:46:38Z</time>
<speed>0.804772</speed>
<trueHeading>0.000000</trueHeading>
<magneticHeading>0.000000</magneticHeading>
<gpsHeading>96.706856</gpsHeading>
<haccuracy>5.179000</haccuracy>
<vaccuracy>5.179000</vaccuracy>
<internetconnect>2</internetconnect>
</trkpt>
<trkpt lat="35.841324" lon="139.050590">
<ele>521.000000</ele>
<time>2026-09-11T23:47:55Z</time>
<speed>0.972941</speed>
<trueHeading>0.000000</trueHeading>
<magneticHeading>0.000000</magneticHeading>
<gpsHeading>120.286072</gpsHeading>
<haccuracy>6.876000</haccuracy>
<vaccuracy>6.876000</vaccuracy>
<internetconnect>2</internetconnect>
</trkpt>
<trkpt lat="35.840950" lon="139.050832">
<ele>537.666667</ele>
<time>2026-09-11T23:48:43Z</time>
<speed>0.684454</speed>
<trueHeading>0.000000</trueHeading>
<magneticHeading>0.000000</magneticHeading>
<gpsHeading>152.301987</gpsHeading>
<haccuracy>8.307000</haccuracy>
<vaccuracy>8.307000</vaccuracy>
<internetconnect>2</internetconnect>
</trkpt>
<trkpt lat="35.840660" lon="139.050896">
<ele>561.666667</ele>
<time>2026-09-11T23:50:00Z</time>
<speed>0.906486</speed>
<trueHeading>0.000000</trueHeading>
<magneticHeading>0.000000</magneticHeading>
<gpsHeading>169.936096</gpsHeading>
<haccuracy>7.876000</haccuracy>
<vaccuracy>7.876000</vaccuracy>
<internetconnect>2</internetconnect>
</trkpt>
<trkpt lat="35.840468" lon="139.050605">
<ele>584.333333</ele>
<time>2026-09-11T23:52:05Z</time>
<speed>0.739299</speed>
<trueHeading>0.000000</trueHeading>
<magneticHeading>0.000000</magneticHeading>
<gpsHeading>230.930725</gpsHeading>
<haccuracy>16.482000</haccuracy>
<vaccuracy>16.482000</vaccuracy>
<internetconnect>2</internetconnect>
</trkpt>
<trkpt lat="35.840256" lon="139.050364">
<ele>605.666667</ele>
<time>2026-09-11T23:53:52Z</time>
<speed>0.556532</speed>
<trueHeading>0.000000</trueHeading>
<magneticHeading>0.000000</magneticHeading>
<gpsHeading>222.582779</gpsHeading>
<haccuracy>6.241000</haccuracy>
<vaccuracy>6.241000</vaccuracy>
<internetconnect>2</internetconnect>
</trkpt>
<trkpt lat="35.840175" lon="139.049969">
<ele>618.333333</ele>
<time>2026-09-11T23:55:40Z</time>
<speed>1.950000</speed>
<trueHeading>0.000000</trueHeading>
<magneticHeading>0.000000</magneticHeading>
<gpsHeading>255.871170</gpsHeading>
<haccuracy>11.696000</haccuracy>
<vaccuracy>11.696000</vaccuracy>
<internetconnect>2</internetconnect>
</trkpt>
<trkpt lat="35.840339" lon="139.049664">
<ele>628.666667</ele>
<time>2026-09-11T23:56:32Z</time>
<speed>0.330000</speed>
<trueHeading>0.000000</trueHeading>
<magneticHeading>0.000000</magneticHeading>
<gpsHeading>303.488342</gpsHeading>
<haccuracy>11.736000</haccuracy>
<vaccuracy>11.736000</vaccuracy>
<internetconnect>2</internetconnect>
</trkpt>
<trkpt lat="35.840079" lon="139.049484">
<ele>634.000000</ele>
<time>2026-09-11T23:57:46Z</time>
<speed>0.574602</speed>
<trueHeading>0.000000</trueHeading>
<magneticHeading>0.000000</magneticHeading>
<gpsHeading>209.145554</gpsHeading>
<haccuracy>5.596000</haccuracy>
<vaccuracy>5.596000</vaccuracy>
<internetconnect>2</internetconnect>
</trkpt>
<trkpt lat="35.839806" lon="139.049378">
<ele>629.333333</ele>
<time>2026-09-11T23:58:34Z</time>
<speed>0.152409</speed>
<trueHeading>0.000000</trueHeading>
<magneticHeading>0.000000</magneticHeading>
<gpsHeading>197.446960</gpsHeading>
<haccuracy>5.018000</haccuracy>
<vaccuracy>5.018000</vaccuracy>
<internetconnect>2</internetconnect>
</trkpt>
<trkpt lat="35.839702" lon="139.049011">
<ele>617.333333</ele>
<time>2026-09-11T23:59:23Z</time>
<speed>0.960000</speed>
<trueHeading>0.000000</trueHeading>
<magneticHeading>0.000000</magneticHeading>
<gpsHeading>250.817490</gpsHeading>
<haccuracy>11.846000</haccuracy>
<vaccuracy>11.846000</vaccuracy>
<internetconnect>2</internetconnect>
</trkpt>
<trkpt lat="35.839619" lon="139.048900">
<ele>604.333333</ele>
<time>2026-09-12T00:01:25Z</time>
<speed>0.000000</speed>
<trueHeading>0.000000</trueHeading>
<magneticHeading>0.000000</magneticHeading>
<gpsHeading>227.312012</gpsHeading>
<haccuracy>14.824000</haccuracy>
<vaccuracy>14.824000</vaccuracy>
<internetconnect>2</internetconnect>
</trkpt>
<trkpt lat="35.839667" lon="139.048937">
<ele>604.000000</ele>
<time>2026-09-12T00:03:31Z</time>
<speed>0.230000</speed>
<trueHeading>0.000000</trueHeading>
<magneticHeading>0.000000</magneticHeading>
<gpsHeading>32.301563</gpsHeading>
<haccuracy>13.880000</haccuracy>
<vaccuracy>13.880000</vaccuracy>
<internetconnect>2</internetconnect>
</trkpt>
<trkpt lat="35.839535" lon="139.048723">
<ele>604.000000</ele>
<time>2026-09-12T00:05:33Z</time>
<speed>0.000000</speed>
<trueHeading>0.000000</trueHeading>
<magneticHeading>0.000000</magneticHeading>
<gpsHeading>232.824707</gpsHeading>
<haccuracy>12.378000</haccuracy>
<vaccuracy>12.378000</vaccuracy>
<internetconnect>2</internetconnect>
</trkpt>
<trkpt lat="35.839602" lon="139.048887">
<ele>607.333333</ele>
<time>2026-09-12T00:07:37Z</time>
<speed>0.550000</speed>
<trueHeading>0.000000</trueHeading>
<magneticHeading>0.000000</magneticHeading>
<gpsHeading>63.335484</gpsHeading>
<haccuracy>13.110000</haccuracy>
<vaccuracy>13.110000</vaccuracy>
<internetconnect>2</internetconnect>
</trkpt>
<trkpt lat="35.839479" lon="139.048912">
<ele>607.333333</ele>
<time>2026-09-12T00:09:40Z</time>
<speed>0.250000</speed>
<trueHeading>0.000000</trueHeading>
<magneticHeading>0.000000</magneticHeading>
<gpsHeading>170.496552</gpsHeading>
<haccuracy>12.452000</haccuracy>
<vaccuracy>12.452000</vaccuracy>
<internetconnect>2</internetconnect>
</trkpt>
<trkpt lat="35.839569" lon="139.048794">
<ele>611.666667</ele>
<time>2026-09-12T00:11:45Z</time>
<speed>0.260000</speed>
<trueHeading>0.000000</trueHeading>
<magneticHeading>0.000000</magneticHeading>
<gpsHeading>313.045868</gpsHeading>
<haccuracy>9.312000</haccuracy>
<vaccuracy>9.312000</vaccuracy>
<internetconnect>2</internetconnect>
</trkpt>
<trkpt lat="35.839355" lon="139.048641">
<ele>613.333333</ele>
<time>2026-09-12T00:13:48Z</time>
<speed>0.490000</speed>
<trueHeading>0.000000</trueHeading>
<magneticHeading>0.000000</magneticHeading>
<gpsHeading>210.012375</gpsHeading>
<haccuracy>14.516000</haccuracy>
<vaccuracy>14.516000</vaccuracy>
<internetconnect>2</internetconnect>
</trkpt>
<trkpt lat="35.839263" lon="139.048535">
<ele>617.333333</ele>
<time>2026-09-12T00:16:16Z</time>
<speed>0.000000</speed>
<trueHeading>0.000000</trueHeading>
<magneticHeading>0.000000</magneticHeading>
<gpsHeading>223.300964</gpsHeading>
<haccuracy>13.319000</haccuracy>
<vaccuracy>13.319000</vaccuracy>
<internetconnect>2</internetconnect>
</trkpt>
<trkpt lat="35.839280" lon="139.048494">
<ele>620.000000</ele>
<time>2026-09-12T00:18:19Z</time>
<speed>0.076102</speed>
<trueHeading>0.000000</trueHeading>
<magneticHeading>0.000000</magneticHeading>
<gpsHeading>298.117310</gpsHeading>
<haccuracy>9.004000</haccuracy>
<vaccuracy>9.004000</vaccuracy>
<internetconnect>2</internetconnect>
</trkpt>
<trkpt lat="35.839128" lon="139.048204">
<ele>624.666667</ele>
<time>2026-09-12T00:19:59Z</time>
<speed>0.403302</speed>
<trueHeading>0.000000</trueHeading>
<magneticHeading>0.000000</magneticHeading>
<gpsHeading>237.114304</gpsHeading>
<haccuracy>5.157000</haccuracy>
<vaccuracy>5.157000</vaccuracy>
<internetconnect>2</internetconnect>
</trkpt>
<trkpt lat="35.838912" lon="139.047953">
<ele>631.333333</ele>
<time>2026-09-12T00:21:25Z</time>
<speed>0.690682</speed>
<trueHeading>0.000000</trueHeading>
<magneticHeading>0.000000</magneticHeading>
<gpsHeading>223.171112</gpsHeading>
<haccuracy>8.981000</haccuracy>
<vaccuracy>8.981000</vaccuracy>
<internetconnect>2</internetconnect>
</trkpt>
<trkpt lat="35.838580" lon="139.047817">
<ele>639.333333</ele>
<time>2026-09-12T00:23:24Z</time>
<speed>0.770157</speed>
<trueHeading>0.000000</trueHeading>
<magneticHeading>0.000000</magneticHeading>
<gpsHeading>198.451828</gpsHeading>
<haccuracy>4.627000</haccuracy>
<vaccuracy>4.627000</vaccuracy>
<internetconnect>2</internetconnect>
</trkpt>
<trkpt lat="35.838297" lon="139.047754">
<ele>649.000000</ele>
<time>2026-09-12T00:24:31Z</time>
<speed>0.192853</speed>
<trueHeading>0.000000</trueHeading>
<magneticHeading>0.000000</magneticHeading>
<gpsHeading>190.224594</gpsHeading>
<haccuracy>6.929000</haccuracy>
<vaccuracy>6.929000</vaccuracy>
<internetconnect>2</internetconnect>
</trkpt>
<trkpt lat="35.838098" lon="139.047481">
<ele>658.666667</ele>
<time>2026-09-12T00:25:49Z</time>
<speed>0.381080</speed>
<trueHeading>0.000000</trueHeading>
<magneticHeading>0.000000</magneticHeading>
<gpsHeading>228.184906</gpsHeading>
<haccuracy>8.206000</haccuracy>
<vaccuracy>8.206000</vaccuracy>
<internetconnect>2</internetconnect>
</trkpt>
<trkpt lat="35.838046" lon="139.047126">
<ele>667.666667</ele>
<time>2026-09-12T00:26:42Z</time>
<speed>0.386751</speed>
<trueHeading>0.000000</trueHeading>
<magneticHeading>0.000000</magneticHeading>
<gpsHeading>259.738586</gpsHeading>
<haccuracy>6.209000</haccuracy>
<vaccuracy>6.209000</vaccuracy>
<internetconnect>2</internetconnect>
</trkpt>
<trkpt lat="35.837767" lon="139.047145">
<ele>670.333333</ele>
<time>2026-09-12T00:28:35Z</time>
<speed>0.520000</speed>
<trueHeading>0.000000</trueHeading>
<magneticHeading>0.000000</magneticHeading>
<gpsHeading>176.810287</gpsHeading>
<haccuracy>13.334000</haccuracy>
<vaccuracy>13.334000</vaccuracy>
<internetconnect>2</internetconnect>
</trkpt>
<trkpt lat="35.837947" lon="139.047019">
<ele>673.333333</ele>
<time>2026-09-12T00:30:39Z</time>
<speed>0.000000</speed>
<trueHeading>0.000000</trueHeading>
<magneticHeading>0.000000</magneticHeading>
<gpsHeading>330.558838</gpsHeading>
<haccuracy>9.011000</haccuracy>
<vaccuracy>9.011000</vaccuracy>
<internetconnect>2</internetconnect>
</trkpt>
<trkpt lat="35.837713" lon="139.046799">
<ele>675.000000</ele>
<time>2026-09-12T00:31:49Z</time>
<speed>1.084376</speed>
<trueHeading>0.000000</trueHeading>
<magneticHeading>0.000000</magneticHeading>
<gpsHeading>217.377213</gpsHeading>
<haccuracy>8.740000</haccuracy>
<vaccuracy>8.740000</vaccuracy>
<internetconnect>2</internetconnect>
</trkpt>
<trkpt lat="35.837572" lon="139.046723">
<ele>679.666667</ele>
<time>2026-09-12T00:33:57Z</time>
<speed>0.127313</speed>
<trueHeading>0.000000</trueHeading>
<magneticHeading>0.000000</magneticHeading>
<gpsHeading>203.394775</gpsHeading>
<haccuracy>4.715000</haccuracy>
<vaccuracy>4.715000</vaccuracy>
<internetconnect>2</internetconnect>
</trkpt>
<trkpt lat="35.837463" lon="139.046657">
<ele>686.666667</ele>
<time>2026-09-12T00:36:03Z</time>
<speed>0.079718</speed>
<trueHeading>0.000000</trueHeading>
<magneticHeading>0.000000</magneticHeading>
<gpsHeading>206.137848</gpsHeading>
<haccuracy>5.746000</haccuracy>
<vaccuracy>5.746000</vaccuracy>
<internetconnect>2</internetconnect>
</trkpt>
<trkpt lat="35.837224" lon="139.046440">
<ele>694.333333</ele>
<time>2026-09-12T00:37:11Z</time>
<speed>0.870194</speed>
<trueHeading>0.000000</trueHeading>
<magneticHeading>0.000000</magneticHeading>
<gpsHeading>216.332382</gpsHeading>
<haccuracy>4.873000</haccuracy>
<vaccuracy>4.873000</vaccuracy>
<internetconnect>2</internetconnect>
</trkpt>
<trkpt lat="35.837039" lon="139.046399">
<ele>707.000000</ele>
<time>2026-09-12T00:39:14Z</time>
<speed>0.419862</speed>
<trueHeading>0.000000</trueHeading>
<magneticHeading>0.000000</magneticHeading>
<gpsHeading>190.234024</gpsHeading>
<haccuracy>3.672000</haccuracy>
<vaccuracy>3.672000</vaccuracy>
<internetconnect>2</internetconnect>
</trkpt>
<trkpt lat="35.836738" lon="139.046399">
<ele>717.333333</ele>
<time>2026-09-12T00:40:04Z</time>
<speed>0.114920</speed>
<trueHeading>0.000000</trueHeading>
<magneticHeading>0.000000</magneticHeading>
<gpsHeading>180.046402</gpsHeading>
<haccuracy>6.429000</haccuracy>
<vaccuracy>6.429000</vaccuracy>
<internetconnect>2</internetconnect>
</trkpt>
<trkpt lat="35.836450" lon="139.046414">
<ele>728.666667</ele>
<time>2026-09-12T00:41:36Z</time>
<speed>0.681055</speed>
<trueHeading>0.000000</trueHeading>
<magneticHeading>0.000000</magneticHeading>
<gpsHeading>177.583054</gpsHeading>
<haccuracy>7.035000</haccuracy>
<vaccuracy>7.035000</vaccuracy>
<internetconnect>2</internetconnect>
</trkpt>
<trkpt lat="35.836145" lon="139.046434">
<ele>738.333333</ele>
<time>2026-09-12T00:43:10Z</time>
<speed>1.260000</speed>
<trueHeading>0.000000</trueHeading>
<magneticHeading>0.000000</magneticHeading>
<gpsHeading>176.855865</gpsHeading>
<haccuracy>4.693000</haccuracy>
<vaccuracy>4.693000</vaccuracy>
<internetconnect>2</internetconnect>
</trkpt>
<trkpt lat="35.836147" lon="139.046070">
<ele>746.000000</ele>
<time>2026-09-12T00:44:55Z</time>
<speed>0.760000</speed>
<trueHeading>0.000000</trueHeading>
<magneticHeading>0.000000</magneticHeading>
<gpsHeading>270.387451</gpsHeading>
<haccuracy>18.047001</haccuracy>
<vaccuracy>18.047001</vaccuracy>
<internetconnect>2</internetconnect>
</trkpt>
<trkpt lat="35.835872" lon="139.046205">
<ele>752.000000</ele>
<time>2026-09-12T00:45:47Z</time>
<speed>0.773398</speed>
<trueHeading>0.000000</trueHeading>
<magneticHeading>0.000000</magneticHeading>
<gpsHeading>158.240448</gpsHeading>
<haccuracy>3.761000</haccuracy>
<vaccuracy>3.761000</vaccuracy>
<internetconnect>2</internetconnect>
</trkpt>
<trkpt lat="35.835634" lon="139.046324">
<ele>758.333333</ele>
<time>2026-09-12T00:47:49Z</time>
<speed>0.368041</speed>
<trueHeading>0.000000</trueHeading>
<magneticHeading>0.000000</magneticHeading>
<gpsHeading>157.976685</gpsHeading>
<haccuracy>3.933000</haccuracy>
<vaccuracy>3.933000</vaccuracy>
<internetconnect>2</internetconnect>
</trkpt>
<trkpt lat="35.835354" lon="139.046328">
<ele>768.000000</ele>
<time>2026-09-12T00:48:35Z</time>
<speed>0.940874</speed>
<trueHeading>0.000000</trueHeading>
<magneticHeading>0.000000</magneticHeading>
<gpsHeading>179.234756</gpsHeading>
<haccuracy>7.905000</haccuracy>
<vaccuracy>7.905000</vaccuracy>
<internetconnect>2</internetconnect>
</trkpt>
<trkpt lat="35.835065" lon="139.046237">
<ele>779.000000</ele>
<time>2026-09-12T00:50:02Z</time>
<speed>0.616096</speed>
<trueHeading>0.000000</trueHeading>
<magneticHeading>0.000000</magneticHeading>
<gpsHeading>194.381378</gpsHeading>
<haccuracy>5.980000</haccuracy>
<vaccuracy>5.980000</vaccuracy>
<internetconnect>2</internetconnect>
</trkpt>
<trkpt lat="35.834818" lon="139.045962">
<ele>790.666667</ele>
<time>2026-09-12T00:50:52Z</time>
<speed>0.449837</speed>
<trueHeading>0.000000</trueHeading>
<magneticHeading>0.000000</magneticHeading>
<gpsHeading>222.070862</gpsHeading>
<haccuracy>8.232000</haccuracy>
<vaccuracy>8.232000</vaccuracy>
<internetconnect>2</internetconnect>
</trkpt>
<trkpt lat="35.834640" lon="139.045966">
<ele>801.000000</ele>
<time>2026-09-12T00:52:58Z</time>
<speed>0.215805</speed>
<trueHeading>0.000000</trueHeading>
<magneticHeading>0.000000</magneticHeading>
<gpsHeading>179.062744</gpsHeading>
<haccuracy>3.385000</haccuracy>
<vaccuracy>3.385000</vaccuracy>
<internetconnect>2</internetconnect>
</trkpt>
<trkpt lat="35.834401" lon="139.045789">
<ele>810.000000</ele>
<time>2026-09-12T00:54:26Z</time>
<speed>1.057783</speed>
<trueHeading>0.000000</trueHeading>
<magneticHeading>0.000000</magneticHeading>
<gpsHeading>211.016113</gpsHeading>
<haccuracy>13.115000</haccuracy>
<vaccuracy>13.115000</vaccuracy>
<internetconnect>2</internetconnect>
</trkpt>
<trkpt lat="35.834336" lon="139.045489">
<ele>818.000000</ele>
<time>2026-09-12T00:57:05Z</time>
<speed>0.600000</speed>
<trueHeading>0.000000</trueHeading>
<magneticHeading>0.000000</magneticHeading>
<gpsHeading>255.015152</gpsHeading>
<haccuracy>6.558000</haccuracy>
<vaccuracy>6.558000</vaccuracy>
<internetconnect>2</internetconnect>
</trkpt>
<trkpt lat="35.834108" lon="139.045283">
<ele>828.666667</ele>
<time>2026-09-12T00:58:02Z</time>
<speed>0.205260</speed>
<trueHeading>0.000000</trueHeading>
<magneticHeading>0.000000</magneticHeading>
<gpsHeading>216.188004</gpsHeading>
<haccuracy>4.995000</haccuracy>
<vaccuracy>4.995000</vaccuracy>
<internetconnect>2</internetconnect>
</trkpt>
<trkpt lat="35.833875" lon="139.045104">
<ele>839.000000</ele>
<time>2026-09-12T01:00:07Z</time>
<speed>0.100143</speed>
<trueHeading>0.000000</trueHeading>
<magneticHeading>0.000000</magneticHeading>
<gpsHeading>211.949936</gpsHeading>
<haccuracy>5.372000</haccuracy>
<vaccuracy>5.372000</vaccuracy>
<internetconnect>2</internetconnect>
</trkpt>
<trkpt lat="35.833808" lon="139.045046">
<ele>849.333333</ele>
<time>2026-09-12T01:02:11Z</time>
<speed>0.216121</speed>
<trueHeading>0.000000</trueHeading>
<magneticHeading>0.000000</magneticHeading>
<gpsHeading>214.943039</gpsHeading>
<haccuracy>6.238000</haccuracy>
<vaccuracy>6.238000</vaccuracy>
<internetconnect>2</internetconnect>
</trkpt>
<trkpt lat="35.833603" lon="139.044812">
<ele>859.000000</ele>
<time>2026-09-12T01:02:58Z</time>
<speed>0.624642</speed>
<trueHeading>0.000000</trueHeading>
<magneticHeading>0.000000</magneticHeading>
<gpsHeading>222.788391</gpsHeading>
<haccuracy>5.022000</haccuracy>
<vaccuracy>5.022000</vaccuracy>
<internetconnect>2</internetconnect>
</trkpt>
<trkpt lat="35.833369" lon="139.044618">
<ele>868.666667</ele>
<time>2026-09-12T01:03:57Z</time>
<speed>0.930497</speed>
<trueHeading>0.000000</trueHeading>
<magneticHeading>0.000000</magneticHeading>
<gpsHeading>213.940536</gpsHeading>
<haccuracy>5.644000</haccuracy>
<vaccuracy>5.644000</vaccuracy>
<internetconnect>2</internetconnect>
</trkpt>
<trkpt lat="35.833160" lon="139.044460">
<ele>877.000000</ele>
<time>2026-09-12T01:06:02Z</time>
<speed>0.150925</speed>
<trueHeading>0.000000</trueHeading>
<magneticHeading>0.000000</magneticHeading>
<gpsHeading>211.345901</gpsHeading>
<haccuracy>4.908000</haccuracy>
<vaccuracy>4.908000</vaccuracy>
<internetconnect>2</internetconnect>
</trkpt>
<trkpt lat="35.832908" lon="139.044305">
<ele>886.333333</ele>
<time>2026-09-12T01:07:37Z</time>
<speed>0.750000</speed>
<trueHeading>0.000000</trueHeading>
<magneticHeading>0.000000</magneticHeading>
<gpsHeading>206.557007</gpsHeading>
<haccuracy>5.981000</haccuracy>
<vaccuracy>5.981000</vaccuracy>
<internetconnect>2</internetconnect>
</trkpt>
<trkpt lat="35.832625" lon="139.044272">
<ele>894.000000</ele>
<time>2026-09-12T01:08:41Z</time>
<speed>1.050000</speed>
<trueHeading>0.000000</trueHeading>
<magneticHeading>0.000000</magneticHeading>
<gpsHeading>185.416809</gpsHeading>
<haccuracy>12.486000</haccuracy>
<vaccuracy>12.486000</vaccuracy>
<internetconnect>2</internetconnect>
</trkpt>
<trkpt lat="35.832566" lon="139.044231">
<ele>903.333333</ele>
<time>2026-09-12T01:10:44Z</time>
<speed>0.000000</speed>
<trueHeading>0.000000</trueHeading>
<magneticHeading>0.000000</magneticHeading>
<gpsHeading>209.450836</gpsHeading>
<haccuracy>4.432000</haccuracy>
<vaccuracy>4.432000</vaccuracy>
<internetconnect>2</internetconnect>
</trkpt>
<trkpt lat="35.832222" lon="139.044249">
<ele>904.333333</ele>
<time>2026-09-12T01:12:00Z</time>
<speed>1.850000</speed>
<trueHeading>0.000000</trueHeading>
<magneticHeading>0.000000</magneticHeading>
<gpsHeading>177.470627</gpsHeading>
<haccuracy>7.627000</haccuracy>
<vaccuracy>7.627000</vaccuracy>
<internetconnect>2</internetconnect>
</trkpt>
<trkpt lat="35.832339" lon="139.044227">
<ele>906.000000</ele>
<time>2026-09-12T01:15:38Z</time>
<speed>0.000000</speed>
<trueHeading>0.000000</trueHeading>
<magneticHeading>0.000000</magneticHeading>
<gpsHeading>351.029633</gpsHeading>
<haccuracy>9.935000</haccuracy>
<vaccuracy>9.935000</vaccuracy>
<internetconnect>2</internetconnect>
</trkpt>
<trkpt lat="35.832300" lon="139.044213">
<ele>903.000000</ele>
<time>2026-09-12T01:17:48Z</time>
<speed>0.118580</speed>
<trueHeading>0.000000</trueHeading>
<magneticHeading>0.000000</magneticHeading>
<gpsHeading>195.195313</gpsHeading>
<haccuracy>9.242000</haccuracy>
<vaccuracy>9.242000</vaccuracy>
<internetconnect>2</internetconnect>
</trkpt>
<trkpt lat="35.832321" lon="139.044187">
<ele>903.000000</ele>
<time>2026-09-12T01:20:52Z</time>
<speed>0.403057</speed>
<trueHeading>0.000000</trueHeading>
<magneticHeading>0.000000</magneticHeading>
<gpsHeading>314.835205</gpsHeading>
<haccuracy>8.307000</haccuracy>
<vaccuracy>8.307000</vaccuracy>
<internetconnect>2</internetconnect>
</trkpt>
<trkpt lat="35.832325" lon="139.044187">
<ele>903.000000</ele>
<time>2026-09-12T01:22:55Z</time>
<speed>0.327739</speed>
<trueHeading>0.000000</trueHeading>
<magneticHeading>0.000000</magneticHeading>
<gpsHeading>2.063624</gpsHeading>
<haccuracy>8.843000</haccuracy>
<vaccuracy>8.843000</vaccuracy>
<internetconnect>2</internetconnect>
</trkpt>
<trkpt lat="35.832326" lon="139.044197">
<ele>899.666667</ele>
<time>2026-09-12T01:25:06Z</time>
<speed>0.571118</speed>
<trueHeading>0.000000</trueHeading>
<magneticHeading>0.000000</magneticHeading>
<gpsHeading>84.364525</gpsHeading>
<haccuracy>11.869000</haccuracy>
<vaccuracy>11.869000</vaccuracy>
<internetconnect>2</internetconnect>
</trkpt>
<trkpt lat="35.832703" lon="139.044189">
<ele>898.000000</ele>
<time>2026-09-12T01:26:34Z</time>
<speed>1.278047</speed>
<trueHeading>0.000000</trueHeading>
<magneticHeading>0.000000</magneticHeading>
<gpsHeading>358.928436</gpsHeading>
<haccuracy>22.413000</haccuracy>
<vaccuracy>22.413000</vaccuracy>
<internetconnect>2</internetconnect>
</trkpt>
<trkpt lat="35.832568" lon="139.044126">
<ele>897.333333</ele>
<time>2026-09-12T01:28:42Z</time>
<speed>0.542651</speed>
<trueHeading>0.000000</trueHeading>
<magneticHeading>0.000000</magneticHeading>
<gpsHeading>200.461914</gpsHeading>
<haccuracy>10.145000</haccuracy>
<vaccuracy>10.145000</vaccuracy>
<internetconnect>2</internetconnect>
</trkpt>
<trkpt lat="35.832428" lon="139.044090">
<ele>901.000000</ele>
<time>2026-09-12T01:30:43Z</time>
<speed>0.153516</speed>
<trueHeading>0.000000</trueHeading>
<magneticHeading>0.000000</magneticHeading>
<gpsHeading>191.897400</gpsHeading>
<haccuracy>4.347000</haccuracy>
<vaccuracy>4.347000</vaccuracy>
<internetconnect>2</internetconnect>
</trkpt>
<trkpt lat="35.832277" lon="139.044114">
<ele>906.333333</ele>
<time>2026-09-12T01:32:48Z</time>
<speed>0.329319</speed>
<trueHeading>0.000000</trueHeading>
<magneticHeading>0.000000</magneticHeading>
<gpsHeading>172.581238</gpsHeading>
<haccuracy>3.445000</haccuracy>
<vaccuracy>3.445000</vaccuracy>
<internetconnect>2</internetconnect>
</trkpt>
<trkpt lat="35.831998" lon="139.044202">
<ele>914.333333</ele>
<time>2026-09-12T01:34:16Z</time>
<speed>0.360994</speed>
<trueHeading>0.000000</trueHeading>
<magneticHeading>0.000000</magneticHeading>
<gpsHeading>165.687195</gpsHeading>
<haccuracy>5.081000</haccuracy>
<vaccuracy>5.081000</vaccuracy>
<internetconnect>2</internetconnect>
</trkpt>
<trkpt lat="35.831713" lon="139.044231">
<ele>922.000000</ele>
<time>2026-09-12T01:35:31Z</time>
<speed>0.229337</speed>
<trueHeading>0.000000</trueHeading>
<magneticHeading>0.000000</magneticHeading>
<gpsHeading>175.262848</gpsHeading>
<haccuracy>4.965000</haccuracy>
<vaccuracy>4.965000</vaccuracy>
<internetconnect>2</internetconnect>
</trkpt>
<trkpt lat="35.831462" lon="139.044024">
<ele>931.333333</ele>
<time>2026-09-12T01:36:19Z</time>
<speed>0.752019</speed>
<trueHeading>0.000000</trueHeading>
<magneticHeading>0.000000</magneticHeading>
<gpsHeading>213.741867</gpsHeading>
<haccuracy>7.552000</haccuracy>
<vaccuracy>7.552000</vaccuracy>
<internetconnect>2</internetconnect>
</trkpt>
<trkpt lat="35.831192" lon="139.044011">
<ele>940.666667</ele>
<time>2026-09-12T01:38:22Z</time>
<speed>0.079749</speed>
<trueHeading>0.000000</trueHeading>
<magneticHeading>0.000000</magneticHeading>
<gpsHeading>182.350479</gpsHeading>
<haccuracy>4.787000</haccuracy>
<vaccuracy>4.787000</vaccuracy>
<internetconnect>0</internetconnect>
</trkpt>
<trkpt lat="35.830947" lon="139.043830">
<ele>950.666667</ele>
<time>2026-09-12T01:39:24Z</time>
<speed>0.092938</speed>
<trueHeading>0.000000</trueHeading>
<magneticHeading>0.000000</magneticHeading>
<gpsHeading>210.873657</gpsHeading>
<haccuracy>8.310000</haccuracy>
<vaccuracy>8.310000</vaccuracy>
<internetconnect>2</internetconnect>
</trkpt>
<trkpt lat="35.830828" lon="139.043621">
<ele>960.000000</ele>
<time>2026-09-12T01:41:35Z</time>
<speed>0.020090</speed>
<trueHeading>0.000000</trueHeading>
<magneticHeading>0.000000</magneticHeading>
<gpsHeading>234.810303</gpsHeading>
<haccuracy>4.913000</haccuracy>
<vaccuracy>4.913000</vaccuracy>
<internetconnect>2</internetconnect>
</trkpt>
<trkpt lat="35.830571" lon="139.043436">
<ele>967.666667</ele>
<time>2026-09-12T01:43:00Z</time>
<speed>1.038048</speed>
<trueHeading>0.000000</trueHeading>
<magneticHeading>0.000000</magneticHeading>
<gpsHeading>210.357498</gpsHeading>
<haccuracy>5.592000</haccuracy>
<vaccuracy>5.592000</vaccuracy>
<internetconnect>2</internetconnect>
</trkpt>
<trkpt lat="35.830367" lon="139.043121">
<ele>977.333333</ele>
<time>2026-09-12T01:45:01Z</time>
<speed>0.732709</speed>
<trueHeading>0.000000</trueHeading>
<magneticHeading>0.000000</magneticHeading>
<gpsHeading>231.384140</gpsHeading>
<haccuracy>6.140000</haccuracy>
<vaccuracy>6.140000</vaccuracy>
<internetconnect>2</internetconnect>
</trkpt>
<trkpt lat="35.830388" lon="139.042722">
<ele>985.000000</ele>
<time>2026-09-12T01:47:01Z</time>
<speed>0.807392</speed>
<trueHeading>0.000000</trueHeading>
<magneticHeading>0.000000</magneticHeading>
<gpsHeading>273.677124</gpsHeading>
<haccuracy>4.853000</haccuracy>
<vaccuracy>4.853000</vaccuracy>
<internetconnect>2</internetconnect>
</trkpt>
<trkpt lat="35.830086" lon="139.042748">
<ele>995.000000</ele>
<time>2026-09-12T01:48:32Z</time>
<speed>0.478164</speed>
<trueHeading>0.000000</trueHeading>
<magneticHeading>0.000000</magneticHeading>
<gpsHeading>175.969284</gpsHeading>
<haccuracy>7.074000</haccuracy>
<vaccuracy>7.074000</vaccuracy>
<internetconnect>2</internetconnect>
</trkpt>
<trkpt lat="35.829915" lon="139.042474">
<ele>1002.666667</ele>
<time>2026-09-12T01:50:29Z</time>
<speed>0.539313</speed>
<trueHeading>0.000000</trueHeading>
<magneticHeading>0.000000</magneticHeading>
<gpsHeading>232.501404</gpsHeading>
<haccuracy>5.803000</haccuracy>
<vaccuracy>5.803000</vaccuracy>
<internetconnect>2</internetconnect>
</trkpt>
<trkpt lat="35.829792" lon="139.042238">
<ele>1012.000000</ele>
<time>2026-09-12T01:52:32Z</time>
<speed>0.567059</speed>
<trueHeading>0.000000</trueHeading>
<magneticHeading>0.000000</magneticHeading>
<gpsHeading>237.243454</gpsHeading>
<haccuracy>4.591000</haccuracy>
<vaccuracy>4.591000</vaccuracy>
<internetconnect>2</internetconnect>
</trkpt>
<trkpt lat="35.829609" lon="139.041891">
<ele>1018.333333</ele>
<time>2026-09-12T01:54:30Z</time>
<speed>1.060000</speed>
<trueHeading>0.000000</trueHeading>
<magneticHeading>0.000000</magneticHeading>
<gpsHeading>236.945160</gpsHeading>
<haccuracy>11.472000</haccuracy>
<vaccuracy>11.472000</vaccuracy>
<internetconnect>2</internetconnect>
</trkpt>
<trkpt lat="35.829552" lon="139.041746">
<ele>1026.666667</ele>
<time>2026-09-12T01:58:11Z</time>
<speed>0.572538</speed>
<trueHeading>0.000000</trueHeading>
<magneticHeading>0.000000</magneticHeading>
<gpsHeading>244.443314</gpsHeading>
<haccuracy>10.413000</haccuracy>
<vaccuracy>10.413000</vaccuracy>
<internetconnect>2</internetconnect>
</trkpt>
<trkpt lat="35.829287" lon="139.041550">
<ele>1033.666667</ele>
<time>2026-09-12T01:59:21Z</time>
<speed>0.476243</speed>
<trueHeading>0.000000</trueHeading>
<magneticHeading>0.000000</magneticHeading>
<gpsHeading>210.949921</gpsHeading>
<haccuracy>4.879000</haccuracy>
<vaccuracy>4.879000</vaccuracy>
<internetconnect>2</internetconnect>
</trkpt>
<trkpt lat="35.829039" lon="139.041269">
<ele>1041.666667</ele>
<time>2026-09-12T02:00:25Z</time>
<speed>0.807632</speed>
<trueHeading>0.000000</trueHeading>
<magneticHeading>0.000000</magneticHeading>
<gpsHeading>222.536835</gpsHeading>
<haccuracy>5.936000</haccuracy>
<vaccuracy>5.936000</vaccuracy>
<internetconnect>2</internetconnect>
</trkpt>
<trkpt lat="35.828848" lon="139.041045">
<ele>1048.666667</ele>
<time>2026-09-12T02:02:30Z</time>
<speed>0.229042</speed>
<trueHeading>0.000000</trueHeading>
<magneticHeading>0.000000</magneticHeading>
<gpsHeading>223.656509</gpsHeading>
<haccuracy>4.709000</haccuracy>
<vaccuracy>4.709000</vaccuracy>
<internetconnect>2</internetconnect>
</trkpt>
<trkpt lat="35.828745" lon="139.040891">
<ele>1056.333333</ele>
<time>2026-09-12T02:04:33Z</time>
<speed>0.379476</speed>
<trueHeading>0.000000</trueHeading>
<magneticHeading>0.000000</magneticHeading>
<gpsHeading>230.406784</gpsHeading>
<haccuracy>3.657000</haccuracy>
<vaccuracy>3.657000</vaccuracy>
<internetconnect>2</internetconnect>
</trkpt>
<trkpt lat="35.828734" lon="139.040538">
<ele>1069.000000</ele>
<time>2026-09-12T02:05:58Z</time>
<speed>0.736187</speed>
<trueHeading>0.000000</trueHeading>
<magneticHeading>0.000000</magneticHeading>
<gpsHeading>267.834045</gpsHeading>
<haccuracy>3.399000</haccuracy>
<vaccuracy>3.399000</vaccuracy>
<internetconnect>2</internetconnect>
</trkpt>
<trkpt lat="35.828639" lon="139.040211">
<ele>1077.666667</ele>
<time>2026-09-12T02:07:48Z</time>
<speed>0.210000</speed>
<trueHeading>0.000000</trueHeading>
<magneticHeading>0.000000</magneticHeading>
<gpsHeading>250.231842</gpsHeading>
<haccuracy>10.639000</haccuracy>
<vaccuracy>10.639000</vaccuracy>
<internetconnect>2</internetconnect>
</trkpt>
<trkpt lat="35.828823" lon="139.039900">
<ele>1088.000000</ele>
<time>2026-09-12T02:08:38Z</time>
<speed>0.784667</speed>
<trueHeading>0.000000</trueHeading>
<magneticHeading>0.000000</magneticHeading>
<gpsHeading>306.151550</gpsHeading>
<haccuracy>5.034000</haccuracy>
<vaccuracy>5.034000</vaccuracy>
<internetconnect>2</internetconnect>
</trkpt>
<trkpt lat="35.828703" lon="139.039636">
<ele>1095.666667</ele>
<time>2026-09-12T02:10:46Z</time>
<speed>0.158537</speed>
<trueHeading>0.000000</trueHeading>
<magneticHeading>0.000000</magneticHeading>
<gpsHeading>240.651382</gpsHeading>
<haccuracy>3.114000</haccuracy>
<vaccuracy>3.114000</vaccuracy>
<internetconnect>2</internetconnect>
</trkpt>
<trkpt lat="35.828527" lon="139.039447">
<ele>1110.333333</ele>
<time>2026-09-12T02:12:56Z</time>
<speed>0.162046</speed>
<trueHeading>0.000000</trueHeading>
<magneticHeading>0.000000</magneticHeading>
<gpsHeading>221.157837</gpsHeading>
<haccuracy>5.042000</haccuracy>
<vaccuracy>5.042000</vaccuracy>
<internetconnect>2</internetconnect>
</trkpt>
<trkpt lat="35.828370" lon="139.039403">
<ele>1115.000000</ele>
<time>2026-09-12T02:16:13Z</time>
<speed>0.000000</speed>
<trueHeading>0.000000</trueHeading>
<magneticHeading>0.000000</magneticHeading>
<gpsHeading>192.724960</gpsHeading>
<haccuracy>10.977000</haccuracy>
<vaccuracy>10.977000</vaccuracy>
<internetconnect>2</internetconnect>
</trkpt>
<trkpt lat="35.828511" lon="139.039467">
<ele>1126.000000</ele>
<time>2026-09-12T02:18:30Z</time>
<speed>0.990000</speed>
<trueHeading>0.000000</trueHeading>
<magneticHeading>0.000000</magneticHeading>
<gpsHeading>20.296749</gpsHeading>
<haccuracy>10.688000</haccuracy>
<vaccuracy>10.688000</vaccuracy>
<internetconnect>2</internetconnect>
</trkpt>
<trkpt lat="35.828237" lon="139.039540">
<ele>1131.333333</ele>
<time>2026-09-12T02:20:36Z</time>
<speed>0.000000</speed>
<trueHeading>0.000000</trueHeading>
<magneticHeading>0.000000</magneticHeading>
<gpsHeading>167.866089</gpsHeading>
<haccuracy>10.939000</haccuracy>
<vaccuracy>10.939000</vaccuracy>
<internetconnect>2</internetconnect>
</trkpt>
<trkpt lat="35.828120" lon="139.039435">
<ele>1139.000000</ele>
<time>2026-09-12T02:22:45Z</time>
<speed>0.210000</speed>
<trueHeading>0.000000</trueHeading>
<magneticHeading>0.000000</magneticHeading>
<gpsHeading>215.973312</gpsHeading>
<haccuracy>8.937000</haccuracy>
<vaccuracy>8.937000</vaccuracy>
<internetconnect>2</internetconnect>
</trkpt>
<trkpt lat="35.828120" lon="139.039235">
<ele>1143.000000</ele>
<time>2026-09-12T02:26:28Z</time>
<speed>0.640000</speed>
<trueHeading>0.000000</trueHeading>
<magneticHeading>0.000000</magneticHeading>
<gpsHeading>270.176483</gpsHeading>
<haccuracy>10.866000</haccuracy>
<vaccuracy>10.866000</vaccuracy>
<internetconnect>2</internetconnect>
</trkpt>
<trkpt lat="35.827962" lon="139.039426">
<ele>1152.666667</ele>
<time>2026-09-12T02:28:30Z</time>
<speed>0.000000</speed>
<trueHeading>0.000000</trueHeading>
<magneticHeading>0.000000</magneticHeading>
<gpsHeading>135.671936</gpsHeading>
<haccuracy>10.936000</haccuracy>
<vaccuracy>10.936000</vaccuracy>
<internetconnect>2</internetconnect>
</trkpt>
<trkpt lat="35.827747" lon="139.039360">
<ele>1159.000000</ele>
<time>2026-09-12T02:30:34Z</time>
<speed>0.099231</speed>
<trueHeading>0.000000</trueHeading>
<magneticHeading>0.000000</magneticHeading>
<gpsHeading>193.915344</gpsHeading>
<haccuracy>4.470000</haccuracy>
<vaccuracy>4.470000</vaccuracy>
<internetconnect>2</internetconnect>
</trkpt>
<trkpt lat="35.827789" lon="139.039224">
<ele>1159.333333</ele>
<time>2026-09-12T02:33:22Z</time>
<speed>0.000000</speed>
<trueHeading>0.000000</trueHeading>
<magneticHeading>0.000000</magneticHeading>
<gpsHeading>290.778351</gpsHeading>
<haccuracy>10.656000</haccuracy>
<vaccuracy>10.656000</vaccuracy>
<internetconnect>2</internetconnect>
</trkpt>
<trkpt lat="35.827730" lon="139.039234">
<ele>1161.333333</ele>
<time>2026-09-12T02:36:18Z</time>
<speed>0.000000</speed>
<trueHeading>0.000000</trueHeading>
<magneticHeading>0.000000</magneticHeading>
<gpsHeading>171.953598</gpsHeading>
<haccuracy>11.345000</haccuracy>
<vaccuracy>11.345000</vaccuracy>
<internetconnect>2</internetconnect>
</trkpt>
<trkpt lat="35.827656" lon="139.039387">
<ele>1173.333333</ele>
<time>2026-09-12T02:38:42Z</time>
<speed>0.253318</speed>
<trueHeading>0.000000</trueHeading>
<magneticHeading>0.000000</magneticHeading>
<gpsHeading>120.885681</gpsHeading>
<haccuracy>9.252000</haccuracy>
<vaccuracy>9.252000</vaccuracy>
<internetconnect>2</internetconnect>
</trkpt>
<trkpt lat="35.827373" lon="139.039297">
<ele>1188.666667</ele>
<time>2026-09-12T02:40:04Z</time>
<speed>0.611646</speed>
<trueHeading>0.000000</trueHeading>
<magneticHeading>0.000000</magneticHeading>
<gpsHeading>194.474640</gpsHeading>
<haccuracy>3.800000</haccuracy>
<vaccuracy>3.800000</vaccuracy>
<internetconnect>2</internetconnect>
</trkpt>
<trkpt lat="35.827090" lon="139.039226">
<ele>1199.333333</ele>
<time>2026-09-12T02:41:13Z</time>
<speed>0.502618</speed>
<trueHeading>0.000000</trueHeading>
<magneticHeading>0.000000</magneticHeading>
<gpsHeading>191.430817</gpsHeading>
<haccuracy>6.436000</haccuracy>
<vaccuracy>6.436000</vaccuracy>
<internetconnect>2</internetconnect>
</trkpt>
<trkpt lat="35.826841" lon="139.039071">
<ele>1208.333333</ele>
<time>2026-09-12T02:43:04Z</time>
<speed>1.058850</speed>
<trueHeading>0.000000</trueHeading>
<magneticHeading>0.000000</magneticHeading>
<gpsHeading>206.795288</gpsHeading>
<haccuracy>3.080000</haccuracy>
<vaccuracy>3.080000</vaccuracy>
<internetconnect>0</internetconnect>
</trkpt>
<trkpt lat="35.826631" lon="139.038967">
<ele>1212.000000</ele>
<time>2026-09-12T02:45:05Z</time>
<speed>0.380000</speed>
<trueHeading>0.000000</trueHeading>
<magneticHeading>0.000000</magneticHeading>
<gpsHeading>201.943390</gpsHeading>
<haccuracy>11.258000</haccuracy>
<vaccuracy>11.258000</vaccuracy>
<internetconnect>0</internetconnect>
</trkpt>
<trkpt lat="35.826563" lon="139.038839">
<ele>1211.333333</ele>
<time>2026-09-12T02:47:14Z</time>
<speed>0.000000</speed>
<trueHeading>0.000000</trueHeading>
<magneticHeading>0.000000</magneticHeading>
<gpsHeading>236.811920</gpsHeading>
<haccuracy>11.207000</haccuracy>
<vaccuracy>11.207000</vaccuracy>
<internetconnect>0</internetconnect>
</trkpt>
<trkpt lat="35.826558" lon="139.038830">
<ele>1204.333333</ele>
<time>2026-09-12T02:49:49Z</time>
<speed>0.000000</speed>
<trueHeading>0.000000</trueHeading>
<magneticHeading>0.000000</magneticHeading>
<gpsHeading>233.497940</gpsHeading>
<haccuracy>12.887000</haccuracy>
<vaccuracy>12.887000</vaccuracy>
<internetconnect>0</internetconnect>
</trkpt>
<trkpt lat="35.826654" lon="139.038596">
<ele>1200.000000</ele>
<time>2026-09-12T02:51:59Z</time>
<speed>0.000000</speed>
<trueHeading>0.000000</trueHeading>
<magneticHeading>0.000000</magneticHeading>
<gpsHeading>296.863190</gpsHeading>
<haccuracy>11.242000</haccuracy>
<vaccuracy>11.242000</vaccuracy>
<internetconnect>0</internetconnect>
</trkpt>
<trkpt lat="35.826462" lon="139.038582">
<ele>1200.000000</ele>
<time>2026-09-12T02:54:04Z</time>
<speed>0.450000</speed>
<trueHeading>0.000000</trueHeading>
<magneticHeading>0.000000</magneticHeading>
<gpsHeading>183.198792</gpsHeading>
<haccuracy>7.762000</haccuracy>
<vaccuracy>7.762000</vaccuracy>
<internetconnect>0</internetconnect>
</trkpt>
<trkpt lat="35.826252" lon="139.038472">
<ele>1208.666667</ele>
<time>2026-09-12T02:56:22Z</time>
<speed>0.205090</speed>
<trueHeading>0.000000</trueHeading>
<magneticHeading>0.000000</magneticHeading>
<gpsHeading>203.074203</gpsHeading>
<haccuracy>3.409000</haccuracy>
<vaccuracy>3.409000</vaccuracy>
<internetconnect>0</internetconnect>
</trkpt>
<trkpt lat="35.826023" lon="139.038260">
<ele>1218.333333</ele>
<time>2026-09-12T02:57:32Z</time>
<speed>0.519165</speed>
<trueHeading>0.000000</trueHeading>
<magneticHeading>0.000000</magneticHeading>
<gpsHeading>216.887314</gpsHeading>
<haccuracy>6.050000</haccuracy>
<vaccuracy>6.050000</vaccuracy>
<internetconnect>0</internetconnect>
</trkpt>
<trkpt lat="35.825885" lon="139.038026">
<ele>1231.333333</ele>
<time>2026-09-12T02:59:34Z</time>
<speed>0.147633</speed>
<trueHeading>0.000000</trueHeading>
<magneticHeading>0.000000</magneticHeading>
<gpsHeading>233.920853</gpsHeading>
<haccuracy>3.126000</haccuracy>
<vaccuracy>3.126000</vaccuracy>
<internetconnect>0</internetconnect>
</trkpt>
<trkpt lat="35.825661" lon="139.037799">
<ele>1241.666667</ele>
<time>2026-09-12T03:01:28Z</time>
<speed>0.050868</speed>
<trueHeading>0.000000</trueHeading>
<magneticHeading>0.000000</magneticHeading>
<gpsHeading>219.471573</gpsHeading>
<haccuracy>4.271000</haccuracy>
<vaccuracy>4.271000</vaccuracy>
<internetconnect>0</internetconnect>
</trkpt>
<trkpt lat="35.825529" lon="139.037484">
<ele>1255.000000</ele>
<time>2026-09-12T03:03:27Z</time>
<speed>0.285622</speed>
<trueHeading>0.000000</trueHeading>
<magneticHeading>0.000000</magneticHeading>
<gpsHeading>242.612778</gpsHeading>
<haccuracy>4.531000</haccuracy>
<vaccuracy>4.531000</vaccuracy>
<internetconnect>0</internetconnect>
</trkpt>
<trkpt lat="35.825320" lon="139.037406">
<ele>1266.000000</ele>
<time>2026-09-12T03:05:32Z</time>
<speed>0.715664</speed>
<trueHeading>0.000000</trueHeading>
<magneticHeading>0.000000</magneticHeading>
<gpsHeading>196.840530</gpsHeading>
<haccuracy>5.950000</haccuracy>
<vaccuracy>5.950000</vaccuracy>
<internetconnect>0</internetconnect>
</trkpt>
<trkpt lat="35.825179" lon="139.037102">
<ele>1274.333333</ele>
<time>2026-09-12T03:07:09Z</time>
<speed>0.167260</speed>
<trueHeading>0.000000</trueHeading>
<magneticHeading>0.000000</magneticHeading>
<gpsHeading>240.087509</gpsHeading>
<haccuracy>5.903000</haccuracy>
<vaccuracy>5.903000</vaccuracy>
<internetconnect>0</internetconnect>
</trkpt>
<trkpt lat="35.825210" lon="139.036746">
<ele>1281.666667</ele>
<time>2026-09-12T03:09:12Z</time>
<speed>0.158588</speed>
<trueHeading>0.000000</trueHeading>
<magneticHeading>0.000000</magneticHeading>
<gpsHeading>276.245911</gpsHeading>
<haccuracy>3.197000</haccuracy>
<vaccuracy>3.197000</vaccuracy>
<internetconnect>0</internetconnect>
</trkpt>
<trkpt lat="35.824948" lon="139.036604">
<ele>1287.666667</ele>
<time>2026-09-12T03:11:00Z</time>
<speed>0.105903</speed>
<trueHeading>0.000000</trueHeading>
<magneticHeading>0.000000</magneticHeading>
<gpsHeading>203.630096</gpsHeading>
<haccuracy>4.174000</haccuracy>
<vaccuracy>4.174000</vaccuracy>
<internetconnect>0</internetconnect>
</trkpt>
<trkpt lat="35.824898" lon="139.036490">
<ele>1296.666667</ele>
<time>2026-09-12T03:13:04Z</time>
<speed>0.810000</speed>
<trueHeading>0.000000</trueHeading>
<magneticHeading>0.000000</magneticHeading>
<gpsHeading>241.616364</gpsHeading>
<haccuracy>11.253000</haccuracy>
<vaccuracy>11.253000</vaccuracy>
<internetconnect>0</internetconnect>
</trkpt>
<trkpt lat="35.824872" lon="139.036154">
<ele>1305.666667</ele>
<time>2026-09-12T03:15:09Z</time>
<speed>0.129921</speed>
<trueHeading>0.000000</trueHeading>
<magneticHeading>0.000000</magneticHeading>
<gpsHeading>264.550018</gpsHeading>
<haccuracy>3.046000</haccuracy>
<vaccuracy>3.046000</vaccuracy>
<internetconnect>0</internetconnect>
</trkpt>
<trkpt lat="35.824730" lon="139.035995">
<ele>1319.333333</ele>
<time>2026-09-12T03:17:25Z</time>
<speed>0.330000</speed>
<trueHeading>0.000000</trueHeading>
<magneticHeading>0.000000</magneticHeading>
<gpsHeading>222.179703</gpsHeading>
<haccuracy>11.953000</haccuracy>
<vaccuracy>11.953000</vaccuracy>
<internetconnect>0</internetconnect>
</trkpt>
<trkpt lat="35.824552" lon="139.035731">
<ele>1335.000000</ele>
<time>2026-09-12T03:18:38Z</time>
<speed>0.480000</speed>
<trueHeading>0.000000</trueHeading>
<magneticHeading>0.000000</magneticHeading>
<gpsHeading>230.286285</gpsHeading>
<haccuracy>10.630000</haccuracy>
<vaccuracy>10.630000</vaccuracy>
<internetconnect>0</internetconnect>
</trkpt>
<trkpt lat="35.824378" lon="139.035435">
<ele>1350.333333</ele>
<time>2026-09-12T03:20:36Z</time>
<speed>0.078337</speed>
<trueHeading>0.000000</trueHeading>
<magneticHeading>0.000000</magneticHeading>
<gpsHeading>234.186050</gpsHeading>
<haccuracy>4.106000</haccuracy>
<vaccuracy>4.106000</vaccuracy>
<internetconnect>0</internetconnect>
</trkpt>
<trkpt lat="35.824242" lon="139.035278">
<ele>1362.333333</ele>
<time>2026-09-12T03:22:40Z</time>
<speed>0.750000</speed>
<trueHeading>0.000000</trueHeading>
<magneticHeading>0.000000</magneticHeading>
<gpsHeading>222.877151</gpsHeading>
<haccuracy>10.217000</haccuracy>
<vaccuracy>10.217000</vaccuracy>
<internetconnect>0</internetconnect>
</trkpt>
<trkpt lat="35.824153" lon="139.035220">
<ele>1368.000000</ele>
<time>2026-09-12T03:24:43Z</time>
<speed>0.620000</speed>
<trueHeading>0.000000</trueHeading>
<magneticHeading>0.000000</magneticHeading>
<gpsHeading>207.890945</gpsHeading>
<haccuracy>11.576000</haccuracy>
<vaccuracy>11.576000</vaccuracy>
<internetconnect>0</internetconnect>
</trkpt>
<trkpt lat="35.824207" lon="139.035351">
<ele>1375.000000</ele>
<time>2026-09-12T03:26:47Z</time>
<speed>0.240000</speed>
<trueHeading>0.000000</trueHeading>
<magneticHeading>0.000000</magneticHeading>
<gpsHeading>62.930408</gpsHeading>
<haccuracy>6.033000</haccuracy>
<vaccuracy>6.033000</vaccuracy>
<internetconnect>0</internetconnect>
</trkpt>
<trkpt lat="35.823960" lon="139.035385">
<ele>1383.666667</ele>
<time>2026-09-12T03:28:48Z</time>
<speed>0.840000</speed>
<trueHeading>0.000000</trueHeading>
<magneticHeading>0.000000</magneticHeading>
<gpsHeading>173.665375</gpsHeading>
<haccuracy>10.676000</haccuracy>
<vaccuracy>10.676000</vaccuracy>
<internetconnect>0</internetconnect>
</trkpt>
<trkpt lat="35.823787" lon="139.035500">
<ele>1398.000000</ele>
<time>2026-09-12T03:30:53Z</time>
<speed>0.037924</speed>
<trueHeading>0.000000</trueHeading>
<magneticHeading>0.000000</magneticHeading>
<gpsHeading>151.648331</gpsHeading>
<haccuracy>4.341000</haccuracy>
<vaccuracy>4.341000</vaccuracy>
<internetconnect>0</internetconnect>
</trkpt>
<trkpt lat="35.823597" lon="139.035660">
<ele>1412.666667</ele>
<time>2026-09-12T03:32:56Z</time>
<speed>0.667281</speed>
<trueHeading>0.000000</trueHeading>
<magneticHeading>0.000000</magneticHeading>
<gpsHeading>145.817047</gpsHeading>
<haccuracy>5.285000</haccuracy>
<vaccuracy>5.285000</vaccuracy>
<internetconnect>0</internetconnect>
</trkpt>
<trkpt lat="35.823449" lon="139.035361">
<ele>1424.000000</ele>
<time>2026-09-12T03:34:22Z</time>
<speed>0.357522</speed>
<trueHeading>0.000000</trueHeading>
<magneticHeading>0.000000</magneticHeading>
<gpsHeading>238.597198</gpsHeading>
<haccuracy>5.695000</haccuracy>
<vaccuracy>5.695000</vaccuracy>
<internetconnect>0</internetconnect>
</trkpt>
<trkpt lat="35.823519" lon="139.034979">
<ele>1436.333333</ele>
<time>2026-09-12T03:36:05Z</time>
<speed>0.732104</speed>
<trueHeading>0.000000</trueHeading>
<magneticHeading>0.000000</magneticHeading>
<gpsHeading>282.758942</gpsHeading>
<haccuracy>5.102000</haccuracy>
<vaccuracy>5.102000</vaccuracy>
<internetconnect>0</internetconnect>
</trkpt>
<trkpt lat="35.823398" lon="139.034658">
<ele>1443.666667</ele>
<time>2026-09-12T03:37:01Z</time>
<speed>0.598288</speed>
<trueHeading>0.000000</trueHeading>
<magneticHeading>0.000000</magneticHeading>
<gpsHeading>245.136719</gpsHeading>
<haccuracy>5.402000</haccuracy>
<vaccuracy>5.402000</vaccuracy>
<internetconnect>0</internetconnect>
</trkpt>
<trkpt lat="35.823427" lon="139.034305">
<ele>1450.666667</ele>
<time>2026-09-12T03:38:20Z</time>
<speed>0.247560</speed>
<trueHeading>0.000000</trueHeading>
<magneticHeading>0.000000</magneticHeading>
<gpsHeading>275.821838</gpsHeading>
<haccuracy>4.107000</haccuracy>
<vaccuracy>4.107000</vaccuracy>
<internetconnect>0</internetconnect>
</trkpt>
<trkpt lat="35.823404" lon="139.033962">
<ele>1454.000000</ele>
<time>2026-09-12T03:39:57Z</time>
<speed>0.247502</speed>
<trueHeading>0.000000</trueHeading>
<magneticHeading>0.000000</magneticHeading>
<gpsHeading>265.168701</gpsHeading>
<haccuracy>3.290000</haccuracy>
<vaccuracy>3.290000</vaccuracy>
<internetconnect>0</internetconnect>
</trkpt>
<trkpt lat="35.823666" lon="139.033582">
<ele>1458.666667</ele>
<time>2026-09-12T03:40:47Z</time>
<speed>0.473959</speed>
<trueHeading>0.000000</trueHeading>
<magneticHeading>0.000000</magneticHeading>
<gpsHeading>310.394012</gpsHeading>
<haccuracy>3.005000</haccuracy>
<vaccuracy>3.005000</vaccuracy>
<internetconnect>0</internetconnect>
</trkpt>
<trkpt lat="35.823932" lon="139.033219">
<ele>1469.333333</ele>
<time>2026-09-12T03:41:35Z</time>
<speed>0.229288</speed>
<trueHeading>0.000000</trueHeading>
<magneticHeading>0.000000</magneticHeading>
<gpsHeading>312.169373</gpsHeading>
<haccuracy>4.144000</haccuracy>
<vaccuracy>4.144000</vaccuracy>
<internetconnect>0</internetconnect>
</trkpt>
<trkpt lat="35.824167" lon="139.033018">
<ele>1480.666667</ele>
<time>2026-09-12T03:43:36Z</time>
<speed>0.707709</speed>
<trueHeading>0.000000</trueHeading>
<magneticHeading>0.000000</magneticHeading>
<gpsHeading>325.208832</gpsHeading>
<haccuracy>3.000000</haccuracy>
<vaccuracy>3.000000</vaccuracy>
<internetconnect>0</internetconnect>
</trkpt>
<trkpt lat="35.824449" lon="139.033016">
<ele>1489.666667</ele>
<time>2026-09-12T03:45:34Z</time>
<speed>0.590617</speed>
<trueHeading>0.000000</trueHeading>
<magneticHeading>0.000000</magneticHeading>
<gpsHeading>359.653442</gpsHeading>
<haccuracy>3.219000</haccuracy>
<vaccuracy>3.219000</vaccuracy>
<internetconnect>0</internetconnect>
</trkpt>
<trkpt lat="35.824460" lon="139.032906">
<ele>1491.666667</ele>
<time>2026-09-12T03:47:38Z</time>
<speed>0.056535</speed>
<trueHeading>0.000000</trueHeading>
<magneticHeading>0.000000</magneticHeading>
<gpsHeading>277.314240</gpsHeading>
<haccuracy>3.000000</haccuracy>
<vaccuracy>3.000000</vaccuracy>
<internetconnect>0</internetconnect>
</trkpt>
<trkpt lat="35.824468" lon="139.032914">
<ele>1492.000000</ele>
<time>2026-09-12T03:54:06Z</time>
<speed>0.865983</speed>
<trueHeading>0.000000</trueHeading>
<magneticHeading>0.000000</magneticHeading>
<gpsHeading>42.242954</gpsHeading>
<haccuracy>3.000000</haccuracy>
<vaccuracy>3.000000</vaccuracy>
<internetconnect>0</internetconnect>
</trkpt>
<trkpt lat="35.824474" lon="139.032897">
<ele>1492.000000</ele>
<time>2026-09-12T03:57:24Z</time>
<speed>0.071480</speed>
<trueHeading>0.000000</trueHeading>
<magneticHeading>0.000000</magneticHeading>
<gpsHeading>294.400848</gpsHeading>
<haccuracy>3.000000</haccuracy>
<vaccuracy>3.000000</vaccuracy>
<internetconnect>0</internetconnect>
</trkpt>
<trkpt lat="35.824465" lon="139.032893">
<ele>1492.000000</ele>
<time>2026-09-12T04:00:04Z</time>
<speed>0.069458</speed>
<trueHeading>0.000000</trueHeading>
<magneticHeading>0.000000</magneticHeading>
<gpsHeading>198.547073</gpsHeading>
<haccuracy>3.156000</haccuracy>
<vaccuracy>3.156000</vaccuracy>
<internetconnect>0</internetconnect>
</trkpt>
<trkpt lat="35.824475" lon="139.032903">
<ele>1492.000000</ele>
<time>2026-09-12T04:05:02Z</time>
<speed>1.232015</speed>
<trueHeading>0.000000</trueHeading>
<magneticHeading>0.000000</magneticHeading>
<gpsHeading>41.673325</gpsHeading>
<haccuracy>3.000000</haccuracy>
<vaccuracy>3.000000</vaccuracy>
<internetconnect>0</internetconnect>
</trkpt>
<trkpt lat="35.824490" lon="139.032829">
<ele>1490.666667</ele>
<time>2026-09-12T04:07:05Z</time>
<speed>0.370470</speed>
<trueHeading>0.000000</trueHeading>
<magneticHeading>0.000000</magneticHeading>
<gpsHeading>284.720673</gpsHeading>
<haccuracy>3.003000</haccuracy>
<vaccuracy>3.003000</vaccuracy>
<internetconnect>0</internetconnect>
</trkpt>
<trkpt lat="35.824314" lon="139.033097">
<ele>1485.000000</ele>
<time>2026-09-12T04:09:09Z</time>
<speed>0.735267</speed>
<trueHeading>0.000000</trueHeading>
<magneticHeading>0.000000</magneticHeading>
<gpsHeading>129.084366</gpsHeading>
<haccuracy>3.000000</haccuracy>
<vaccuracy>3.000000</vaccuracy>
<internetconnect>0</internetconnect>
</trkpt>
<trkpt lat="35.824032" lon="139.033114">
<ele>1476.000000</ele>
<time>2026-09-12T04:10:30Z</time>
<speed>0.766341</speed>
<trueHeading>0.000000</trueHeading>
<magneticHeading>0.000000</magneticHeading>
<gpsHeading>177.232574</gpsHeading>
<haccuracy>3.000000</haccuracy>
<vaccuracy>3.000000</vaccuracy>
<internetconnect>0</internetconnect>
</trkpt>
<trkpt lat="35.823930" lon="139.033237">
<ele>1464.666667</ele>
<time>2026-09-12T04:12:34Z</time>
<speed>0.810000</speed>
<trueHeading>0.000000</trueHeading>
<magneticHeading>0.000000</magneticHeading>
<gpsHeading>135.538055</gpsHeading>
<haccuracy>3.790000</haccuracy>
<vaccuracy>3.790000</vaccuracy>
<internetconnect>0</internetconnect>
</trkpt>
<trkpt lat="35.823671" lon="139.033605">
<ele>1457.666667</ele>
<time>2026-09-12T04:13:24Z</time>
<speed>1.004350</speed>
<trueHeading>0.000000</trueHeading>
<magneticHeading>0.000000</magneticHeading>
<gpsHeading>130.936554</gpsHeading>
<haccuracy>3.021000</haccuracy>
<vaccuracy>3.021000</vaccuracy>
<internetconnect>0</internetconnect>
</trkpt>
<trkpt lat="35.823393" lon="139.034055">
<ele>1453.333333</ele>
<time>2026-09-12T04:14:12Z</time>
<speed>1.274994</speed>
<trueHeading>0.000000</trueHeading>
<magneticHeading>0.000000</magneticHeading>
<gpsHeading>127.374725</gpsHeading>
<haccuracy>3.000000</haccuracy>
<vaccuracy>3.000000</vaccuracy>
<internetconnect>0</internetconnect>
</trkpt>
<trkpt lat="35.823209" lon="139.034551">
<ele>1451.000000</ele>
<time>2026-09-12T04:15:00Z</time>
<speed>1.268127</speed>
<trueHeading>0.000000</trueHeading>
<magneticHeading>0.000000</magneticHeading>
<gpsHeading>114.570541</gpsHeading>
<haccuracy>3.142000</haccuracy>
<vaccuracy>3.142000</vaccuracy>
<internetconnect>0</internetconnect>
</trkpt>
<trkpt lat="35.822966" lon="139.035053">
<ele>1447.666667</ele>
<time>2026-09-12T04:15:48Z</time>
<speed>1.255084</speed>
<trueHeading>0.000000</trueHeading>
<magneticHeading>0.000000</magneticHeading>
<gpsHeading>120.878349</gpsHeading>
<haccuracy>3.018000</haccuracy>
<vaccuracy>3.018000</vaccuracy>
<internetconnect>0</internetconnect>
</trkpt>
<trkpt lat="35.822661" lon="139.035565">
<ele>1444.000000</ele>
<time>2026-09-12T04:16:37Z</time>
<speed>1.303597</speed>
<trueHeading>0.000000</trueHeading>
<magneticHeading>0.000000</magneticHeading>
<gpsHeading>126.291275</gpsHeading>
<haccuracy>3.054000</haccuracy>
<vaccuracy>3.054000</vaccuracy>
<internetconnect>0</internetconnect>
</trkpt>
<trkpt lat="35.822278" lon="139.035963">
<ele>1440.333333</ele>
<time>2026-09-12T04:17:24Z</time>
<speed>1.339996</speed>
<trueHeading>0.000000</trueHeading>
<magneticHeading>0.000000</magneticHeading>
<gpsHeading>139.846817</gpsHeading>
<haccuracy>3.045000</haccuracy>
<vaccuracy>3.045000</vaccuracy>
<internetconnect>0</internetconnect>
</trkpt>
<trkpt lat="35.822423" lon="139.036632">
<ele>1435.333333</ele>
<time>2026-09-12T04:18:12Z</time>
<speed>1.256471</speed>
<trueHeading>0.000000</trueHeading>
<magneticHeading>0.000000</magneticHeading>
<gpsHeading>75.072479</gpsHeading>
<haccuracy>3.023000</haccuracy>
<vaccuracy>3.023000</vaccuracy>
<internetconnect>0</internetconnect>
</trkpt>
<trkpt lat="35.822140" lon="139.037214">
<ele>1426.666667</ele>
<time>2026-09-12T04:19:00Z</time>
<speed>1.283763</speed>
<trueHeading>0.000000</trueHeading>
<magneticHeading>0.000000</magneticHeading>
<gpsHeading>120.901886</gpsHeading>
<haccuracy>3.023000</haccuracy>
<vaccuracy>3.023000</vaccuracy>
<internetconnect>0</internetconnect>
</trkpt>
<trkpt lat="35.821821" lon="139.037524">
<ele>1422.000000</ele>
<time>2026-09-12T04:19:48Z</time>
<speed>1.435870</speed>
<trueHeading>0.000000</trueHeading>
<magneticHeading>0.000000</magneticHeading>
<gpsHeading>141.789902</gpsHeading>
<haccuracy>3.011000</haccuracy>
<vaccuracy>3.011000</vaccuracy>
<internetconnect>0</internetconnect>
</trkpt>
<trkpt lat="35.821632" lon="139.038101">
<ele>1418.000000</ele>
<time>2026-09-12T04:20:36Z</time>
<speed>1.252877</speed>
<trueHeading>0.000000</trueHeading>
<magneticHeading>0.000000</magneticHeading>
<gpsHeading>112.070923</gpsHeading>
<haccuracy>3.054000</haccuracy>
<vaccuracy>3.054000</vaccuracy>
<internetconnect>0</internetconnect>
</trkpt>
<trkpt lat="35.821212" lon="139.038454">
<ele>1419.333333</ele>
<time>2026-09-12T04:21:24Z</time>
<speed>1.118256</speed>
<trueHeading>0.000000</trueHeading>
<magneticHeading>0.000000</magneticHeading>
<gpsHeading>145.754745</gpsHeading>
<haccuracy>3.046000</haccuracy>
<vaccuracy>3.046000</vaccuracy>
<internetconnect>0</internetconnect>
</trkpt>
<trkpt lat="35.820929" lon="139.039081">
<ele>1419.333333</ele>
<time>2026-09-12T04:22:12Z</time>
<speed>1.418789</speed>
<trueHeading>0.000000</trueHeading>
<magneticHeading>0.000000</magneticHeading>
<gpsHeading>119.048508</gpsHeading>
<haccuracy>3.002000</haccuracy>
<vaccuracy>3.002000</vaccuracy>
<internetconnect>0</internetconnect>
</trkpt>
<trkpt lat="35.820622" lon="139.039718">
<ele>1420.666667</ele>
<time>2026-09-12T04:22:59Z</time>
<speed>1.418117</speed>
<trueHeading>0.000000</trueHeading>
<magneticHeading>0.000000</magneticHeading>
<gpsHeading>120.762749</gpsHeading>
<haccuracy>3.001000</haccuracy>
<vaccuracy>3.001000</vaccuracy>
<internetconnect>0</internetconnect>
</trkpt>
<trkpt lat="35.820144" lon="139.040109">
<ele>1421.000000</ele>
<time>2026-09-12T04:23:47Z</time>
<speed>1.472039</speed>
<trueHeading>0.000000</trueHeading>
<magneticHeading>0.000000</magneticHeading>
<gpsHeading>146.440460</gpsHeading>
<haccuracy>3.055000</haccuracy>
<vaccuracy>3.055000</vaccuracy>
<internetconnect>0</internetconnect>
</trkpt>
<trkpt lat="35.819962" lon="139.040742">
<ele>1418.666667</ele>
<time>2026-09-12T04:24:34Z</time>
<speed>1.320084</speed>
<trueHeading>0.000000</trueHeading>
<magneticHeading>0.000000</magneticHeading>
<gpsHeading>109.515388</gpsHeading>
<haccuracy>3.033000</haccuracy>
<vaccuracy>3.033000</vaccuracy>
<internetconnect>0</internetconnect>
</trkpt>
<trkpt lat="35.820297" lon="139.040953">
<ele>1410.666667</ele>
<time>2026-09-12T04:25:21Z</time>
<speed>1.216787</speed>
<trueHeading>0.000000</trueHeading>
<magneticHeading>0.000000</magneticHeading>
<gpsHeading>27.008705</gpsHeading>
<haccuracy>3.033000</haccuracy>
<vaccuracy>3.033000</vaccuracy>
<internetconnect>0</internetconnect>
</trkpt>
<trkpt lat="35.819900" lon="139.041198">
<ele>1404.000000</ele>
<time>2026-09-12T04:26:09Z</time>
<speed>1.514668</speed>
<trueHeading>0.000000</trueHeading>
<magneticHeading>0.000000</magneticHeading>
<gpsHeading>153.440933</gpsHeading>
<haccuracy>3.006000</haccuracy>
<vaccuracy>3.006000</vaccuracy>
<internetconnect>0</internetconnect>
</trkpt>
<trkpt lat="35.820501" lon="139.041250">
<ele>1394.333333</ele>
<time>2026-09-12T04:26:57Z</time>
<speed>1.424989</speed>
<trueHeading>0.000000</trueHeading>
<magneticHeading>0.000000</magneticHeading>
<gpsHeading>4.053623</gpsHeading>
<haccuracy>3.176000</haccuracy>
<vaccuracy>3.176000</vaccuracy>
<internetconnect>0</internetconnect>
</trkpt>
<trkpt lat="35.820164" lon="139.041623">
<ele>1393.333333</ele>
<time>2026-09-12T04:27:43Z</time>
<speed>1.468641</speed>
<trueHeading>0.000000</trueHeading>
<magneticHeading>0.000000</magneticHeading>
<gpsHeading>138.085159</gpsHeading>
<haccuracy>3.322000</haccuracy>
<vaccuracy>3.322000</vaccuracy>
<internetconnect>0</internetconnect>
</trkpt>
<trkpt lat="35.819755" lon="139.042181">
<ele>1396.333333</ele>
<time>2026-09-12T04:28:31Z</time>
<speed>1.383185</speed>
<trueHeading>0.000000</trueHeading>
<magneticHeading>0.000000</magneticHeading>
<gpsHeading>132.130508</gpsHeading>
<haccuracy>3.024000</haccuracy>
<vaccuracy>3.024000</vaccuracy>
<internetconnect>0</internetconnect>
</trkpt>
<trkpt lat="35.819543" lon="139.042736">
<ele>1403.666667</ele>
<time>2026-09-12T04:29:19Z</time>
<speed>1.158434</speed>
<trueHeading>0.000000</trueHeading>
<magneticHeading>0.000000</magneticHeading>
<gpsHeading>115.245056</gpsHeading>
<haccuracy>3.019000</haccuracy>
<vaccuracy>3.019000</vaccuracy>
<internetconnect>0</internetconnect>
</trkpt>
<trkpt lat="35.819309" lon="139.043218">
<ele>1410.666667</ele>
<time>2026-09-12T04:30:06Z</time>
<speed>1.427969</speed>
<trueHeading>0.000000</trueHeading>
<magneticHeading>0.000000</magneticHeading>
<gpsHeading>120.866402</gpsHeading>
<haccuracy>3.224000</haccuracy>
<vaccuracy>3.224000</vaccuracy>
<internetconnect>0</internetconnect>
</trkpt>
<trkpt lat="35.818990" lon="139.043725">
<ele>1409.666667</ele>
<time>2026-09-12T04:30:54Z</time>
<speed>1.398075</speed>
<trueHeading>0.000000</trueHeading>
<magneticHeading>0.000000</magneticHeading>
<gpsHeading>127.784477</gpsHeading>
<haccuracy>3.150000</haccuracy>
<vaccuracy>3.150000</vaccuracy>
<internetconnect>0</internetconnect>
</trkpt>
<trkpt lat="35.818959" lon="139.044525">
<ele>1415.333333</ele>
<time>2026-09-12T04:31:41Z</time>
<speed>1.406669</speed>
<trueHeading>0.000000</trueHeading>
<magneticHeading>0.000000</magneticHeading>
<gpsHeading>92.787109</gpsHeading>
<haccuracy>4.260000</haccuracy>
<vaccuracy>4.260000</vaccuracy>
<internetconnect>2</internetconnect>
</trkpt>
<trkpt lat="35.818785" lon="139.045064">
<ele>1421.000000</ele>
<time>2026-09-12T04:32:29Z</time>
<speed>1.415391</speed>
<trueHeading>0.000000</trueHeading>
<magneticHeading>0.000000</magneticHeading>
<gpsHeading>111.752502</gpsHeading>
<haccuracy>5.365000</haccuracy>
<vaccuracy>5.365000</vaccuracy>
<internetconnect>2</internetconnect>
</trkpt>
<trkpt lat="35.818686" lon="139.045648">
<ele>1431.333333</ele>
<time>2026-09-12T04:33:17Z</time>
<speed>1.292485</speed>
<trueHeading>0.000000</trueHeading>
<magneticHeading>0.000000</magneticHeading>
<gpsHeading>101.740410</gpsHeading>
<haccuracy>5.272000</haccuracy>
<vaccuracy>5.272000</vaccuracy>
<internetconnect>2</internetconnect>
</trkpt>
<trkpt lat="35.818489" lon="139.046102">
<ele>1438.333333</ele>
<time>2026-09-12T04:34:05Z</time>
<speed>1.158076</speed>
<trueHeading>0.000000</trueHeading>
<magneticHeading>0.000000</magneticHeading>
<gpsHeading>118.209221</gpsHeading>
<haccuracy>3.034000</haccuracy>
<vaccuracy>3.034000</vaccuracy>
<internetconnect>2</internetconnect>
</trkpt>
<trkpt lat="35.818138" lon="139.046463">
<ele>1445.000000</ele>
<time>2026-09-12T04:34:52Z</time>
<speed>1.281617</speed>
<trueHeading>0.000000</trueHeading>
<magneticHeading>0.000000</magneticHeading>
<gpsHeading>140.132202</gpsHeading>
<haccuracy>3.015000</haccuracy>
<vaccuracy>3.015000</vaccuracy>
<internetconnect>2</internetconnect>
</trkpt>
<trkpt lat="35.818087" lon="139.047119">
<ele>1447.333333</ele>
<time>2026-09-12T04:35:39Z</time>
<speed>1.305966</speed>
<trueHeading>0.000000</trueHeading>
<magneticHeading>0.000000</magneticHeading>
<gpsHeading>95.466713</gpsHeading>
<haccuracy>3.022000</haccuracy>
<vaccuracy>3.022000</vaccuracy>
<internetconnect>2</internetconnect>
</trkpt>
<trkpt lat="35.818019" lon="139.047788">
<ele>1446.000000</ele>
<time>2026-09-12T04:36:29Z</time>
<speed>1.431194</speed>
<trueHeading>0.000000</trueHeading>
<magneticHeading>0.000000</magneticHeading>
<gpsHeading>97.158371</gpsHeading>
<haccuracy>3.044000</haccuracy>
<vaccuracy>3.044000</vaccuracy>
<internetconnect>2</internetconnect>
</trkpt>
<trkpt lat="35.818138" lon="139.048508">
<ele>1439.333333</ele>
<time>2026-09-12T04:37:16Z</time>
<speed>1.183021</speed>
<trueHeading>0.000000</trueHeading>
<magneticHeading>0.000000</magneticHeading>
<gpsHeading>78.488808</gpsHeading>
<haccuracy>3.005000</haccuracy>
<vaccuracy>3.005000</vaccuracy>
<internetconnect>2</internetconnect>
</trkpt>
<trkpt lat="35.818078" lon="139.049208">
<ele>1436.000000</ele>
<time>2026-09-12T04:38:03Z</time>
<speed>1.354730</speed>
<trueHeading>0.000000</trueHeading>
<magneticHeading>0.000000</magneticHeading>
<gpsHeading>96.024940</gpsHeading>
<haccuracy>3.017000</haccuracy>
<vaccuracy>3.017000</vaccuracy>
<internetconnect>2</internetconnect>
</trkpt>
<trkpt lat="35.818493" lon="139.049660">
<ele>1432.333333</ele>
<time>2026-09-12T04:38:50Z</time>
<speed>1.304948</speed>
<trueHeading>0.000000</trueHeading>
<magneticHeading>0.000000</magneticHeading>
<gpsHeading>41.392845</gpsHeading>
<haccuracy>4.830000</haccuracy>
<vaccuracy>4.830000</vaccuracy>
<internetconnect>2</internetconnect>
</trkpt>
<trkpt lat="35.818643" lon="139.050129">
<ele>1431.333333</ele>
<time>2026-09-12T04:39:38Z</time>
<speed>0.069893</speed>
<trueHeading>0.000000</trueHeading>
<magneticHeading>0.000000</magneticHeading>
<gpsHeading>68.582390</gpsHeading>
<haccuracy>3.690000</haccuracy>
<vaccuracy>3.690000</vaccuracy>
<internetconnect>2</internetconnect>
</trkpt>
<trkpt lat="35.818838" lon="139.050715">
<ele>1424.666667</ele>
<time>2026-09-12T04:40:27Z</time>
<speed>1.427551</speed>
<trueHeading>0.000000</trueHeading>
<magneticHeading>0.000000</magneticHeading>
<gpsHeading>67.708458</gpsHeading>
<haccuracy>5.556000</haccuracy>
<vaccuracy>5.556000</vaccuracy>
<internetconnect>2</internetconnect>
</trkpt>
<trkpt lat="35.818790" lon="139.051358">
<ele>1415.666667</ele>
<time>2026-09-12T04:41:14Z</time>
<speed>1.184376</speed>
<trueHeading>0.000000</trueHeading>
<magneticHeading>0.000000</magneticHeading>
<gpsHeading>95.157837</gpsHeading>
<haccuracy>5.430000</haccuracy>
<vaccuracy>5.430000</vaccuracy>
<internetconnect>2</internetconnect>
</trkpt>
<trkpt lat="35.818613" lon="139.051946">
<ele>1406.333333</ele>
<time>2026-09-12T04:42:02Z</time>
<speed>1.074015</speed>
<trueHeading>0.000000</trueHeading>
<magneticHeading>0.000000</magneticHeading>
<gpsHeading>110.429787</gpsHeading>
<haccuracy>3.002000</haccuracy>
<vaccuracy>3.002000</vaccuracy>
<internetconnect>2</internetconnect>
</trkpt>
<trkpt lat="35.818436" lon="139.052415">
<ele>1398.333333</ele>
<time>2026-09-12T04:42:49Z</time>
<speed>1.387977</speed>
<trueHeading>0.000000</trueHeading>
<magneticHeading>0.000000</magneticHeading>
<gpsHeading>115.009476</gpsHeading>
<haccuracy>3.072000</haccuracy>
<vaccuracy>3.072000</vaccuracy>
<internetconnect>2</internetconnect>
</trkpt>
<trkpt lat="35.818193" lon="139.052831">
<ele>1387.333333</ele>
<time>2026-09-12T04:43:37Z</time>
<speed>1.083448</speed>
<trueHeading>0.000000</trueHeading>
<magneticHeading>0.000000</magneticHeading>
<gpsHeading>125.716721</gpsHeading>
<haccuracy>3.023000</haccuracy>
<vaccuracy>3.023000</vaccuracy>
<internetconnect>2</internetconnect>
</trkpt>
<trkpt lat="35.817923" lon="139.053208">
<ele>1376.666667</ele>
<time>2026-09-12T04:44:25Z</time>
<speed>1.222602</speed>
<trueHeading>0.000000</trueHeading>
<magneticHeading>0.000000</magneticHeading>
<gpsHeading>131.412262</gpsHeading>
<haccuracy>6.145000</haccuracy>
<vaccuracy>6.145000</vaccuracy>
<internetconnect>2</internetconnect>
</trkpt>
<trkpt lat="35.817976" lon="139.053621">
<ele>1365.333333</ele>
<time>2026-09-12T04:45:12Z</time>
<speed>1.384339</speed>
<trueHeading>0.000000</trueHeading>
<magneticHeading>0.000000</magneticHeading>
<gpsHeading>80.965019</gpsHeading>
<haccuracy>5.714000</haccuracy>
<vaccuracy>5.714000</vaccuracy>
<internetconnect>2</internetconnect>
</trkpt>
<trkpt lat="35.817796" lon="139.053892">
<ele>1356.666667</ele>
<time>2026-09-12T04:46:03Z</time>
<speed>1.325180</speed>
<trueHeading>0.000000</trueHeading>
<magneticHeading>0.000000</magneticHeading>
<gpsHeading>129.331955</gpsHeading>
<haccuracy>5.832000</haccuracy>
<vaccuracy>5.832000</vaccuracy>
<internetconnect>2</internetconnect>
</trkpt>
<trkpt lat="35.817628" lon="139.054176">
<ele>1343.666667</ele>
<time>2026-09-12T04:47:05Z</time>
<speed>1.254409</speed>
<trueHeading>0.000000</trueHeading>
<magneticHeading>0.000000</magneticHeading>
<gpsHeading>126.198914</gpsHeading>
<haccuracy>3.008000</haccuracy>
<vaccuracy>3.008000</vaccuracy>
<internetconnect>2</internetconnect>
</trkpt>
<trkpt lat="35.817418" lon="139.054414">
<ele>1331.666667</ele>
<time>2026-09-12T04:48:07Z</time>
<speed>1.310883</speed>
<trueHeading>0.000000</trueHeading>
<magneticHeading>0.000000</magneticHeading>
<gpsHeading>137.410492</gpsHeading>
<haccuracy>3.006000</haccuracy>
<vaccuracy>3.006000</vaccuracy>
<internetconnect>2</internetconnect>
</trkpt>
<trkpt lat="35.817339" lon="139.054800">
<ele>1318.666667</ele>
<time>2026-09-12T04:48:55Z</time>
<speed>1.424982</speed>
<trueHeading>0.000000</trueHeading>
<magneticHeading>0.000000</magneticHeading>
<gpsHeading>104.113319</gpsHeading>
<haccuracy>3.130000</haccuracy>
<vaccuracy>3.130000</vaccuracy>
<internetconnect>2</internetconnect>
</trkpt>
<trkpt lat="35.817306" lon="139.055204">
<ele>1306.666667</ele>
<time>2026-09-12T04:49:42Z</time>
<speed>1.287135</speed>
<trueHeading>0.000000</trueHeading>
<magneticHeading>0.000000</magneticHeading>
<gpsHeading>95.837303</gpsHeading>
<haccuracy>4.859000</haccuracy>
<vaccuracy>4.859000</vaccuracy>
<internetconnect>2</internetconnect>
</trkpt>
<trkpt lat="35.817097" lon="139.055621">
<ele>1294.666667</ele>
<time>2026-09-12T04:50:29Z</time>
<speed>1.305578</speed>
<trueHeading>0.000000</trueHeading>
<magneticHeading>0.000000</magneticHeading>
<gpsHeading>121.756561</gpsHeading>
<haccuracy>3.736000</haccuracy>
<vaccuracy>3.736000</vaccuracy>
<internetconnect>2</internetconnect>
</trkpt>
<trkpt lat="35.816855" lon="139.055864">
<ele>1283.333333</ele>
<time>2026-09-12T04:51:16Z</time>
<speed>1.478685</speed>
<trueHeading>0.000000</trueHeading>
<magneticHeading>0.000000</magneticHeading>
<gpsHeading>140.730270</gpsHeading>
<haccuracy>3.049000</haccuracy>
<vaccuracy>3.049000</vaccuracy>
<internetconnect>2</internetconnect>
</trkpt>
<trkpt lat="35.816769" lon="139.056273">
<ele>1271.666667</ele>
<time>2026-09-12T04:52:03Z</time>
<speed>1.317269</speed>
<trueHeading>0.000000</trueHeading>
<magneticHeading>0.000000</magneticHeading>
<gpsHeading>104.601677</gpsHeading>
<haccuracy>3.004000</haccuracy>
<vaccuracy>3.004000</vaccuracy>
<internetconnect>2</internetconnect>
</trkpt>
<trkpt lat="35.816529" lon="139.056552">
<ele>1258.333333</ele>
<time>2026-09-12T04:52:50Z</time>
<speed>1.532922</speed>
<trueHeading>0.000000</trueHeading>
<magneticHeading>0.000000</magneticHeading>
<gpsHeading>136.678619</gpsHeading>
<haccuracy>3.148000</haccuracy>
<vaccuracy>3.148000</vaccuracy>
<internetconnect>2</internetconnect>
</trkpt>
<trkpt lat="35.816220" lon="139.056741">
<ele>1246.666667</ele>
<time>2026-09-12T04:54:08Z</time>
<speed>1.337956</speed>
<trueHeading>0.000000</trueHeading>
<magneticHeading>0.000000</magneticHeading>
<gpsHeading>153.644073</gpsHeading>
<haccuracy>3.000000</haccuracy>
<vaccuracy>3.000000</vaccuracy>
<internetconnect>2</internetconnect>
</trkpt>
<trkpt lat="35.816008" lon="139.057020">
<ele>1235.333333</ele>
<time>2026-09-12T04:54:56Z</time>
<speed>1.164873</speed>
<trueHeading>0.000000</trueHeading>
<magneticHeading>0.000000</magneticHeading>
<gpsHeading>133.099258</gpsHeading>
<haccuracy>5.451000</haccuracy>
<vaccuracy>5.451000</vaccuracy>
<internetconnect>2</internetconnect>
</trkpt>
<trkpt lat="35.815766" lon="139.056818">
<ele>1224.666667</ele>
<time>2026-09-12T04:55:44Z</time>
<speed>1.283047</speed>
<trueHeading>0.000000</trueHeading>
<magneticHeading>0.000000</magneticHeading>
<gpsHeading>213.947998</gpsHeading>
<haccuracy>3.018000</haccuracy>
<vaccuracy>3.018000</vaccuracy>
<internetconnect>2</internetconnect>
</trkpt>
<trkpt lat="35.815422" lon="139.057080">
<ele>1215.666667</ele>
<time>2026-09-12T04:56:31Z</time>
<speed>1.336896</speed>
<trueHeading>0.000000</trueHeading>
<magneticHeading>0.000000</magneticHeading>
<gpsHeading>148.342087</gpsHeading>
<haccuracy>3.008000</haccuracy>
<vaccuracy>3.008000</vaccuracy>
<internetconnect>2</internetconnect>
</trkpt>
<trkpt lat="35.815266" lon="139.057587">
<ele>1207.333333</ele>
<time>2026-09-12T04:57:18Z</time>
<speed>1.284832</speed>
<trueHeading>0.000000</trueHeading>
<magneticHeading>0.000000</magneticHeading>
<gpsHeading>110.661674</gpsHeading>
<haccuracy>3.062000</haccuracy>
<vaccuracy>3.062000</vaccuracy>
<internetconnect>2</internetconnect>
</trkpt>
<trkpt lat="35.815162" lon="139.057955">
<ele>1195.666667</ele>
<time>2026-09-12T04:58:19Z</time>
<speed>0.865912</speed>
<trueHeading>0.000000</trueHeading>
<magneticHeading>0.000000</magneticHeading>
<gpsHeading>109.358002</gpsHeading>
<haccuracy>3.000000</haccuracy>
<vaccuracy>3.000000</vaccuracy>
<internetconnect>2</internetconnect>
</trkpt>
<trkpt lat="35.814818" lon="139.058158">
<ele>1184.000000</ele>
<time>2026-09-12T04:59:06Z</time>
<speed>1.311539</speed>
<trueHeading>0.000000</trueHeading>
<magneticHeading>0.000000</magneticHeading>
<gpsHeading>154.365997</gpsHeading>
<haccuracy>3.027000</haccuracy>
<vaccuracy>3.027000</vaccuracy>
<internetconnect>2</internetconnect>
</trkpt>
<trkpt lat="35.814700" lon="139.058492">
<ele>1174.666667</ele>
<time>2026-09-12T04:59:58Z</time>
<speed>1.114758</speed>
<trueHeading>0.000000</trueHeading>
<magneticHeading>0.000000</magneticHeading>
<gpsHeading>113.451538</gpsHeading>
<haccuracy>3.000000</haccuracy>
<vaccuracy>3.000000</vaccuracy>
<internetconnect>2</internetconnect>
</trkpt>
<trkpt lat="35.814548" lon="139.058945">
<ele>1169.333333</ele>
<time>2026-09-12T05:00:46Z</time>
<speed>1.291378</speed>
<trueHeading>0.000000</trueHeading>
<magneticHeading>0.000000</magneticHeading>
<gpsHeading>112.594429</gpsHeading>
<haccuracy>3.065000</haccuracy>
<vaccuracy>3.065000</vaccuracy>
<internetconnect>2</internetconnect>
</trkpt>
<trkpt lat="35.814439" lon="139.059538">
<ele>1165.333333</ele>
<time>2026-09-12T05:01:34Z</time>
<speed>1.371000</speed>
<trueHeading>0.000000</trueHeading>
<magneticHeading>0.000000</magneticHeading>
<gpsHeading>102.696274</gpsHeading>
<haccuracy>3.065000</haccuracy>
<vaccuracy>3.065000</vaccuracy>
<internetconnect>2</internetconnect>
</trkpt>
<trkpt lat="35.814042" lon="139.060059">
<ele>1164.666667</ele>
<time>2026-09-12T05:02:21Z</time>
<speed>1.519061</speed>
<trueHeading>0.000000</trueHeading>
<magneticHeading>0.000000</magneticHeading>
<gpsHeading>133.182159</gpsHeading>
<haccuracy>5.493000</haccuracy>
<vaccuracy>5.493000</vaccuracy>
<internetconnect>2</internetconnect>
</trkpt>
<trkpt lat="35.813591" lon="139.060548">
<ele>1167.666667</ele>
<time>2026-09-12T05:03:08Z</time>
<speed>1.513106</speed>
<trueHeading>0.000000</trueHeading>
<magneticHeading>0.000000</magneticHeading>
<gpsHeading>138.723969</gpsHeading>
<haccuracy>5.359000</haccuracy>
<vaccuracy>5.359000</vaccuracy>
<internetconnect>2</internetconnect>
</trkpt>
<trkpt lat="35.813681" lon="139.061130">
<ele>1167.000000</ele>
<time>2026-09-12T05:03:56Z</time>
<speed>1.514558</speed>
<trueHeading>0.000000</trueHeading>
<magneticHeading>0.000000</magneticHeading>
<gpsHeading>79.196495</gpsHeading>
<haccuracy>5.135000</haccuracy>
<vaccuracy>5.135000</vaccuracy>
<internetconnect>2</internetconnect>
</trkpt>
<trkpt lat="35.813713" lon="139.061776">
<ele>1161.333333</ele>
<time>2026-09-12T05:04:43Z</time>
<speed>0.981767</speed>
<trueHeading>0.000000</trueHeading>
<magneticHeading>0.000000</magneticHeading>
<gpsHeading>86.547997</gpsHeading>
<haccuracy>5.069000</haccuracy>
<vaccuracy>5.069000</vaccuracy>
<internetconnect>2</internetconnect>
</trkpt>
<trkpt lat="35.813710" lon="139.062348">
<ele>1157.333333</ele>
<time>2026-09-12T05:05:30Z</time>
<speed>1.407552</speed>
<trueHeading>0.000000</trueHeading>
<magneticHeading>0.000000</magneticHeading>
<gpsHeading>90.407692</gpsHeading>
<haccuracy>3.041000</haccuracy>
<vaccuracy>3.041000</vaccuracy>
<internetconnect>2</internetconnect>
</trkpt>
<trkpt lat="35.813858" lon="139.063025">
<ele>1156.000000</ele>
<time>2026-09-12T05:06:17Z</time>
<speed>1.515290</speed>
<trueHeading>0.000000</trueHeading>
<magneticHeading>0.000000</magneticHeading>
<gpsHeading>74.873756</gpsHeading>
<haccuracy>3.179000</haccuracy>
<vaccuracy>3.179000</vaccuracy>
<internetconnect>2</internetconnect>
</trkpt>
<trkpt lat="35.814052" lon="139.063604">
<ele>1159.333333</ele>
<time>2026-09-12T05:07:05Z</time>
<speed>1.495057</speed>
<trueHeading>0.000000</trueHeading>
<magneticHeading>0.000000</magneticHeading>
<gpsHeading>67.602432</gpsHeading>
<haccuracy>5.189000</haccuracy>
<vaccuracy>5.189000</vaccuracy>
<internetconnect>2</internetconnect>
</trkpt>
<trkpt lat="35.813778" lon="139.064184">
<ele>1161.666667</ele>
<time>2026-09-12T05:07:51Z</time>
<speed>1.354956</speed>
<trueHeading>0.000000</trueHeading>
<magneticHeading>0.000000</magneticHeading>
<gpsHeading>120.236435</gpsHeading>
<haccuracy>3.115000</haccuracy>
<vaccuracy>3.115000</vaccuracy>
<internetconnect>2</internetconnect>
</trkpt>
<trkpt lat="35.813538" lon="139.064831">
<ele>1161.333333</ele>
<time>2026-09-12T05:08:39Z</time>
<speed>1.496877</speed>
<trueHeading>0.000000</trueHeading>
<magneticHeading>0.000000</magneticHeading>
<gpsHeading>114.526665</gpsHeading>
<haccuracy>3.091000</haccuracy>
<vaccuracy>3.091000</vaccuracy>
<internetconnect>2</internetconnect>
</trkpt>
<trkpt lat="35.813347" lon="139.065420">
<ele>1157.000000</ele>
<time>2026-09-12T05:09:27Z</time>
<speed>1.388678</speed>
<trueHeading>0.000000</trueHeading>
<magneticHeading>0.000000</magneticHeading>
<gpsHeading>111.785454</gpsHeading>
<haccuracy>5.297000</haccuracy>
<vaccuracy>5.297000</vaccuracy>
<internetconnect>2</internetconnect>
</trkpt>
<trkpt lat="35.813178" lon="139.066127">
<ele>1151.000000</ele>
<time>2026-09-12T05:10:15Z</time>
<speed>1.533102</speed>
<trueHeading>0.000000</trueHeading>
<magneticHeading>0.000000</magneticHeading>
<gpsHeading>106.412598</gpsHeading>
<haccuracy>5.788000</haccuracy>
<vaccuracy>5.788000</vaccuracy>
<internetconnect>2</internetconnect>
</trkpt>
<trkpt lat="35.812997" lon="139.066808">
<ele>1146.666667</ele>
<time>2026-09-12T05:11:01Z</time>
<speed>1.561625</speed>
<trueHeading>0.000000</trueHeading>
<magneticHeading>0.000000</magneticHeading>
<gpsHeading>108.174255</gpsHeading>
<haccuracy>3.097000</haccuracy>
<vaccuracy>3.097000</vaccuracy>
<internetconnect>2</internetconnect>
</trkpt>
<trkpt lat="35.812908" lon="139.067445">
<ele>1140.666667</ele>
<time>2026-09-12T05:11:49Z</time>
<speed>1.421262</speed>
<trueHeading>0.000000</trueHeading>
<magneticHeading>0.000000</magneticHeading>
<gpsHeading>99.734062</gpsHeading>
<haccuracy>6.410000</haccuracy>
<vaccuracy>6.410000</vaccuracy>
<internetconnect>2</internetconnect>
</trkpt>
<trkpt lat="35.813245" lon="139.067737">
<ele>1133.666667</ele>
<time>2026-09-12T05:12:37Z</time>
<speed>0.190751</speed>
<trueHeading>0.000000</trueHeading>
<magneticHeading>0.000000</magneticHeading>
<gpsHeading>35.094238</gpsHeading>
<haccuracy>3.925000</haccuracy>
<vaccuracy>3.925000</vaccuracy>
<internetconnect>2</internetconnect>
</trkpt>
<trkpt lat="35.813492" lon="139.067925">
<ele>1122.333333</ele>
<time>2026-09-12T05:14:17Z</time>
<speed>1.291343</speed>
<trueHeading>0.000000</trueHeading>
<magneticHeading>0.000000</magneticHeading>
<gpsHeading>31.762321</gpsHeading>
<haccuracy>3.088000</haccuracy>
<vaccuracy>3.088000</vaccuracy>
<internetconnect>2</internetconnect>
</trkpt>
<trkpt lat="35.813475" lon="139.068473">
<ele>1112.666667</ele>
<time>2026-09-12T05:15:06Z</time>
<speed>1.312848</speed>
<trueHeading>0.000000</trueHeading>
<magneticHeading>0.000000</magneticHeading>
<gpsHeading>92.125237</gpsHeading>
<haccuracy>4.924000</haccuracy>
<vaccuracy>4.924000</vaccuracy>
<internetconnect>2</internetconnect>
</trkpt>
<trkpt lat="35.813804" lon="139.068873">
<ele>1102.000000</ele>
<time>2026-09-12T05:15:53Z</time>
<speed>1.095539</speed>
<trueHeading>0.000000</trueHeading>
<magneticHeading>0.000000</magneticHeading>
<gpsHeading>44.591446</gpsHeading>
<haccuracy>4.008000</haccuracy>
<vaccuracy>4.008000</vaccuracy>
<internetconnect>2</internetconnect>
</trkpt>
<trkpt lat="35.813949" lon="139.069229">
<ele>1092.666667</ele>
<time>2026-09-12T05:16:41Z</time>
<speed>1.266409</speed>
<trueHeading>0.000000</trueHeading>
<magneticHeading>0.000000</magneticHeading>
<gpsHeading>63.277573</gpsHeading>
<haccuracy>5.136000</haccuracy>
<vaccuracy>5.136000</vaccuracy>
<internetconnect>2</internetconnect>
</trkpt>
<trkpt lat="35.813513" lon="139.069503">
<ele>1081.333333</ele>
<time>2026-09-12T05:17:29Z</time>
<speed>0.613857</speed>
<trueHeading>0.000000</trueHeading>
<magneticHeading>0.000000</magneticHeading>
<gpsHeading>152.995834</gpsHeading>
<haccuracy>5.457000</haccuracy>
<vaccuracy>5.457000</vaccuracy>
<internetconnect>2</internetconnect>
</trkpt>
<trkpt lat="35.813300" lon="139.069785">
<ele>1068.333333</ele>
<time>2026-09-12T05:18:23Z</time>
<speed>1.151421</speed>
<trueHeading>0.000000</trueHeading>
<magneticHeading>0.000000</magneticHeading>
<gpsHeading>133.051071</gpsHeading>
<haccuracy>5.309000</haccuracy>
<vaccuracy>5.309000</vaccuracy>
<internetconnect>2</internetconnect>
</trkpt>
<trkpt lat="35.813061" lon="139.070016">
<ele>1062.666667</ele>
<time>2026-09-12T05:19:20Z</time>
<speed>1.010900</speed>
<trueHeading>0.000000</trueHeading>
<magneticHeading>0.000000</magneticHeading>
<gpsHeading>141.876236</gpsHeading>
<haccuracy>6.229000</haccuracy>
<vaccuracy>6.229000</vaccuracy>
<internetconnect>2</internetconnect>
</trkpt>
<trkpt lat="35.813205" lon="139.070351">
<ele>1053.000000</ele>
<time>2026-09-12T05:20:08Z</time>
<speed>1.438886</speed>
<trueHeading>0.000000</trueHeading>
<magneticHeading>0.000000</magneticHeading>
<gpsHeading>62.132065</gpsHeading>
<haccuracy>4.623000</haccuracy>
<vaccuracy>4.623000</vaccuracy>
<internetconnect>2</internetconnect>
</trkpt>
<trkpt lat="35.812838" lon="139.070731">
<ele>1045.333333</ele>
<time>2026-09-12T05:20:55Z</time>
<speed>0.998722</speed>
<trueHeading>0.000000</trueHeading>
<magneticHeading>0.000000</magneticHeading>
<gpsHeading>140.056366</gpsHeading>
<haccuracy>3.109000</haccuracy>
<vaccuracy>3.109000</vaccuracy>
<internetconnect>2</internetconnect>
</trkpt>
<trkpt lat="35.812623" lon="139.071020">
<ele>1031.000000</ele>
<time>2026-09-12T05:21:41Z</time>
<speed>1.237839</speed>
<trueHeading>0.000000</trueHeading>
<magneticHeading>0.000000</magneticHeading>
<gpsHeading>132.513641</gpsHeading>
<haccuracy>3.105000</haccuracy>
<vaccuracy>3.105000</vaccuracy>
<internetconnect>2</internetconnect>
</trkpt>
<trkpt lat="35.812355" lon="139.071127">
<ele>1023.000000</ele>
<time>2026-09-12T05:22:34Z</time>
<speed>1.090211</speed>
<trueHeading>0.000000</trueHeading>
<magneticHeading>0.000000</magneticHeading>
<gpsHeading>162.000000</gpsHeading>
<haccuracy>3.301000</haccuracy>
<vaccuracy>3.301000</vaccuracy>
<internetconnect>2</internetconnect>
</trkpt>
<trkpt lat="35.812209" lon="139.071490">
<ele>1012.666667</ele>
<time>2026-09-12T05:23:21Z</time>
<speed>1.326978</speed>
<trueHeading>0.000000</trueHeading>
<magneticHeading>0.000000</magneticHeading>
<gpsHeading>116.383415</gpsHeading>
<haccuracy>3.046000</haccuracy>
<vaccuracy>3.046000</vaccuracy>
<internetconnect>2</internetconnect>
</trkpt>
<trkpt lat="35.811892" lon="139.071600">
<ele>1003.333333</ele>
<time>2026-09-12T05:24:13Z</time>
<speed>1.396822</speed>
<trueHeading>0.000000</trueHeading>
<magneticHeading>0.000000</magneticHeading>
<gpsHeading>164.237991</gpsHeading>
<haccuracy>4.129000</haccuracy>
<vaccuracy>4.129000</vaccuracy>
<internetconnect>2</internetconnect>
</trkpt>
<trkpt lat="35.811624" lon="139.071933">
<ele>990.333333</ele>
<time>2026-09-12T05:24:59Z</time>
<speed>1.389361</speed>
<trueHeading>0.000000</trueHeading>
<magneticHeading>0.000000</magneticHeading>
<gpsHeading>134.801605</gpsHeading>
<haccuracy>5.197000</haccuracy>
<vaccuracy>5.197000</vaccuracy>
<internetconnect>2</internetconnect>
</trkpt>
<trkpt lat="35.811301" lon="139.072233">
<ele>978.666667</ele>
<time>2026-09-12T05:25:47Z</time>
<speed>1.382877</speed>
<trueHeading>0.000000</trueHeading>
<magneticHeading>0.000000</magneticHeading>
<gpsHeading>143.092865</gpsHeading>
<haccuracy>5.678000</haccuracy>
<vaccuracy>5.678000</vaccuracy>
<internetconnect>2</internetconnect>
</trkpt>
<trkpt lat="35.810996" lon="139.072420">
<ele>968.000000</ele>
<time>2026-09-12T05:26:41Z</time>
<speed>1.262393</speed>
<trueHeading>0.000000</trueHeading>
<magneticHeading>0.000000</magneticHeading>
<gpsHeading>153.472107</gpsHeading>
<haccuracy>3.893000</haccuracy>
<vaccuracy>3.893000</vaccuracy>
<internetconnect>2</internetconnect>
</trkpt>
<trkpt lat="35.810563" lon="139.072727">
<ele>958.666667</ele>
<time>2026-09-12T05:27:29Z</time>
<speed>1.248651</speed>
<trueHeading>0.000000</trueHeading>
<magneticHeading>0.000000</magneticHeading>
<gpsHeading>150.122818</gpsHeading>
<haccuracy>5.234000</haccuracy>
<vaccuracy>5.234000</vaccuracy>
<internetconnect>2</internetconnect>
</trkpt>
<trkpt lat="35.810386" lon="139.073077">
<ele>949.000000</ele>
<time>2026-09-12T05:28:16Z</time>
<speed>1.070755</speed>
<trueHeading>0.000000</trueHeading>
<magneticHeading>0.000000</magneticHeading>
<gpsHeading>121.875389</gpsHeading>
<haccuracy>3.044000</haccuracy>
<vaccuracy>3.044000</vaccuracy>
<internetconnect>2</internetconnect>
</trkpt>
<trkpt lat="35.810236" lon="139.073382">
<ele>936.333333</ele>
<time>2026-09-12T05:29:19Z</time>
<speed>1.289224</speed>
<trueHeading>0.000000</trueHeading>
<magneticHeading>0.000000</magneticHeading>
<gpsHeading>121.353188</gpsHeading>
<haccuracy>5.100000</haccuracy>
<vaccuracy>5.100000</vaccuracy>
<internetconnect>2</internetconnect>
</trkpt>
<trkpt lat="35.809990" lon="139.073865">
<ele>923.333333</ele>
<time>2026-09-12T05:30:06Z</time>
<speed>1.291003</speed>
<trueHeading>0.000000</trueHeading>
<magneticHeading>0.000000</magneticHeading>
<gpsHeading>122.057365</gpsHeading>
<haccuracy>5.881000</haccuracy>
<vaccuracy>5.881000</vaccuracy>
<internetconnect>2</internetconnect>
</trkpt>
<trkpt lat="35.809804" lon="139.074268">
<ele>913.666667</ele>
<time>2026-09-12T05:30:52Z</time>
<speed>1.100857</speed>
<trueHeading>0.000000</trueHeading>
<magneticHeading>0.000000</magneticHeading>
<gpsHeading>119.677841</gpsHeading>
<haccuracy>5.800000</haccuracy>
<vaccuracy>5.800000</vaccuracy>
<internetconnect>2</internetconnect>
</trkpt>
<trkpt lat="35.809877" lon="139.074634">
<ele>906.333333</ele>
<time>2026-09-12T05:31:47Z</time>
<speed>1.196772</speed>
<trueHeading>0.000000</trueHeading>
<magneticHeading>0.000000</magneticHeading>
<gpsHeading>76.262611</gpsHeading>
<haccuracy>5.091000</haccuracy>
<vaccuracy>5.091000</vaccuracy>
<internetconnect>2</internetconnect>
</trkpt>
<trkpt lat="35.809724" lon="139.075080">
<ele>900.333333</ele>
<time>2026-09-12T05:32:35Z</time>
<speed>1.241718</speed>
<trueHeading>0.000000</trueHeading>
<magneticHeading>0.000000</magneticHeading>
<gpsHeading>112.829697</gpsHeading>
<haccuracy>5.914000</haccuracy>
<vaccuracy>5.914000</vaccuracy>
<internetconnect>2</internetconnect>
</trkpt>
<trkpt lat="35.809508" lon="139.075556">
<ele>893.333333</ele>
<time>2026-09-12T05:33:23Z</time>
<speed>1.076907</speed>
<trueHeading>0.000000</trueHeading>
<magneticHeading>0.000000</magneticHeading>
<gpsHeading>119.293213</gpsHeading>
<haccuracy>5.522000</haccuracy>
<vaccuracy>5.522000</vaccuracy>
<internetconnect>2</internetconnect>
</trkpt>
<trkpt lat="35.809539" lon="139.075968">
<ele>886.666667</ele>
<time>2026-09-12T05:34:12Z</time>
<speed>1.175084</speed>
<trueHeading>0.000000</trueHeading>
<magneticHeading>0.000000</magneticHeading>
<gpsHeading>84.646889</gpsHeading>
<haccuracy>6.207000</haccuracy>
<vaccuracy>6.207000</vaccuracy>
<internetconnect>2</internetconnect>
</trkpt>
<trkpt lat="35.809605" lon="139.076453">
<ele>881.333333</ele>
<time>2026-09-12T05:34:59Z</time>
<speed>1.107927</speed>
<trueHeading>0.000000</trueHeading>
<magneticHeading>0.000000</magneticHeading>
<gpsHeading>80.542519</gpsHeading>
<haccuracy>5.266000</haccuracy>
<vaccuracy>5.266000</vaccuracy>
<internetconnect>2</internetconnect>
</trkpt>
<trkpt lat="35.809708" lon="139.076851">
<ele>876.666667</ele>
<time>2026-09-12T05:35:47Z</time>
<speed>1.056327</speed>
<trueHeading>0.000000</trueHeading>
<magneticHeading>0.000000</magneticHeading>
<gpsHeading>72.257019</gpsHeading>
<haccuracy>5.014000</haccuracy>
<vaccuracy>5.014000</vaccuracy>
<internetconnect>2</internetconnect>
</trkpt>
<trkpt lat="35.809636" lon="139.077216">
<ele>873.333333</ele>
<time>2026-09-12T05:36:34Z</time>
<speed>1.062245</speed>
<trueHeading>0.000000</trueHeading>
<magneticHeading>0.000000</magneticHeading>
<gpsHeading>103.747910</gpsHeading>
<haccuracy>5.526000</haccuracy>
<vaccuracy>5.526000</vaccuracy>
<internetconnect>2</internetconnect>
</trkpt>
<trkpt lat="35.809670" lon="139.077378">
<ele>868.000000</ele>
<time>2026-09-12T05:38:38Z</time>
<speed>0.429782</speed>
<trueHeading>0.000000</trueHeading>
<magneticHeading>0.000000</magneticHeading>
<gpsHeading>75.259995</gpsHeading>
<haccuracy>3.024000</haccuracy>
<vaccuracy>3.024000</vaccuracy>
<internetconnect>2</internetconnect>
</trkpt>
<trkpt lat="35.809922" lon="139.077519">
<ele>865.666667</ele>
<time>2026-09-12T05:40:40Z</time>
<speed>0.453927</speed>
<trueHeading>0.000000</trueHeading>
<magneticHeading>0.000000</magneticHeading>
<gpsHeading>24.551527</gpsHeading>
<haccuracy>5.600000</haccuracy>
<vaccuracy>5.600000</vaccuracy>
<internetconnect>2</internetconnect>
</trkpt>
<trkpt lat="35.809846" lon="139.077372">
<ele>866.666667</ele>
<time>2026-09-12T05:42:45Z</time>
<speed>0.101405</speed>
<trueHeading>0.000000</trueHeading>
<magneticHeading>0.000000</magneticHeading>
<gpsHeading>237.758179</gpsHeading>
<haccuracy>4.413000</haccuracy>
<vaccuracy>4.413000</vaccuracy>
<internetconnect>2</internetconnect>
</trkpt>
<trkpt lat="35.809692" lon="139.077078">
<ele>868.666667</ele>
<time>2026-09-12T05:43:52Z</time>
<speed>0.958458</speed>
<trueHeading>0.000000</trueHeading>
<magneticHeading>0.000000</magneticHeading>
<gpsHeading>237.078918</gpsHeading>
<haccuracy>3.010000</haccuracy>
<vaccuracy>3.010000</vaccuracy>
<internetconnect>2</internetconnect>
</trkpt>
<trkpt lat="35.809833" lon="139.077171">
<ele>868.666667</ele>
<time>2026-09-12T05:45:54Z</time>
<speed>0.193678</speed>
<trueHeading>0.000000</trueHeading>
<magneticHeading>0.000000</magneticHeading>
<gpsHeading>28.209686</gpsHeading>
<haccuracy>3.957000</haccuracy>
<vaccuracy>3.957000</vaccuracy>
<internetconnect>2</internetconnect>
</trkpt>
<trkpt lat="35.809875" lon="139.077180">
<ele>866.000000</ele>
<time>2026-09-12T05:48:19Z</time>
<speed>0.506795</speed>
<trueHeading>0.000000</trueHeading>
<magneticHeading>0.000000</magneticHeading>
<gpsHeading>8.889051</gpsHeading>
<haccuracy>5.144000</haccuracy>
<vaccuracy>5.144000</vaccuracy>
<internetconnect>2</internetconnect>
</trkpt>
<trkpt lat="35.809873" lon="139.077160">
<ele>864.000000</ele>
<time>2026-09-12T05:52:38Z</time>
<speed>0.481094</speed>
<trueHeading>0.000000</trueHeading>
<magneticHeading>0.000000</magneticHeading>
<gpsHeading>262.828339</gpsHeading>
<haccuracy>6.382000</haccuracy>
<vaccuracy>6.382000</vaccuracy>
<internetconnect>2</internetconnect>
</trkpt>
<trkpt lat="35.809901" lon="139.077062">
<ele>860.333333</ele>
<time>2026-09-12T05:54:43Z</time>
<speed>0.000000</speed>
<trueHeading>0.000000</trueHeading>
<magneticHeading>0.000000</magneticHeading>
<gpsHeading>289.225250</gpsHeading>
<haccuracy>10.178000</haccuracy>
<vaccuracy>10.178000</vaccuracy>
<internetconnect>2</internetconnect>
</trkpt>
<trkpt lat="35.810018" lon="139.077025">
<ele>855.000000</ele>
<time>2026-09-12T05:56:49Z</time>
<speed>0.610000</speed>
<trueHeading>0.000000</trueHeading>
<magneticHeading>0.000000</magneticHeading>
<gpsHeading>345.665039</gpsHeading>
<haccuracy>10.198000</haccuracy>
<vaccuracy>10.198000</vaccuracy>
<internetconnect>2</internetconnect>
</trkpt>
<trkpt lat="35.810083" lon="139.076887">
<ele>848.000000</ele>
<time>2026-09-12T05:58:54Z</time>
<speed>0.018165</speed>
<trueHeading>0.000000</trueHeading>
<magneticHeading>0.000000</magneticHeading>
<gpsHeading>300.337555</gpsHeading>
<haccuracy>5.338000</haccuracy>
<vaccuracy>5.338000</vaccuracy>
<internetconnect>2</internetconnect>
</trkpt>
<trkpt lat="35.810208" lon="139.076459">
<ele>839.666667</ele>
<time>2026-09-12T05:59:41Z</time>
<speed>0.317655</speed>
<trueHeading>0.000000</trueHeading>
<magneticHeading>0.000000</magneticHeading>
<gpsHeading>289.868500</gpsHeading>
<haccuracy>3.061000</haccuracy>
<vaccuracy>3.061000</vaccuracy>
<internetconnect>2</internetconnect>
</trkpt>
<trkpt lat="35.810281" lon="139.076117">
<ele>836.000000</ele>
<time>2026-09-12T06:01:28Z</time>
<speed>0.075735</speed>
<trueHeading>0.000000</trueHeading>
<magneticHeading>0.000000</magneticHeading>
<gpsHeading>284.667725</gpsHeading>
<haccuracy>4.347000</haccuracy>
<vaccuracy>4.347000</vaccuracy>
<internetconnect>2</internetconnect>
</trkpt>
<trkpt lat="35.810444" lon="139.075770">
<ele>834.666667</ele>
<time>2026-09-12T06:02:18Z</time>
<speed>0.743558</speed>
<trueHeading>0.000000</trueHeading>
<magneticHeading>0.000000</magneticHeading>
<gpsHeading>300.065033</gpsHeading>
<haccuracy>5.174000</haccuracy>
<vaccuracy>5.174000</vaccuracy>
<internetconnect>2</internetconnect>
</trkpt>
<trkpt lat="35.810535" lon="139.075810">
<ele>835.666667</ele>
<time>2026-09-12T06:04:22Z</time>
<speed>0.174005</speed>
<trueHeading>0.000000</trueHeading>
<magneticHeading>0.000000</magneticHeading>
<gpsHeading>19.800354</gpsHeading>
<haccuracy>4.513000</haccuracy>
<vaccuracy>4.513000</vaccuracy>
<internetconnect>2</internetconnect>
</trkpt>
<trkpt lat="35.810814" lon="139.075711">
<ele>828.000000</ele>
<time>2026-09-12T06:05:41Z</time>
<speed>0.730000</speed>
<trueHeading>0.000000</trueHeading>
<magneticHeading>0.000000</magneticHeading>
<gpsHeading>343.911194</gpsHeading>
<haccuracy>10.556000</haccuracy>
<vaccuracy>10.556000</vaccuracy>
<internetconnect>2</internetconnect>
</trkpt>
<trkpt lat="35.810810" lon="139.075994">
<ele>818.000000</ele>
<time>2026-09-12T06:07:44Z</time>
<speed>0.136995</speed>
<trueHeading>0.000000</trueHeading>
<magneticHeading>0.000000</magneticHeading>
<gpsHeading>90.923645</gpsHeading>
<haccuracy>4.881000</haccuracy>
<vaccuracy>4.881000</vaccuracy>
<internetconnect>2</internetconnect>
</trkpt>
<trkpt lat="35.810965" lon="139.076005">
<ele>805.666667</ele>
<time>2026-09-12T06:09:46Z</time>
<speed>0.730000</speed>
<trueHeading>0.000000</trueHeading>
<magneticHeading>0.000000</magneticHeading>
<gpsHeading>3.234064</gpsHeading>
<haccuracy>11.439000</haccuracy>
<vaccuracy>11.439000</vaccuracy>
<internetconnect>2</internetconnect>
</trkpt>
<trkpt lat="35.811062" lon="139.076123">
<ele>799.000000</ele>
<time>2026-09-12T06:11:47Z</time>
<speed>0.000000</speed>
<trueHeading>0.000000</trueHeading>
<magneticHeading>0.000000</magneticHeading>
<gpsHeading>44.753796</gpsHeading>
<haccuracy>10.308000</haccuracy>
<vaccuracy>10.308000</vaccuracy>
<internetconnect>2</internetconnect>
</trkpt>
<trkpt lat="35.811030" lon="139.076134">
<ele>795.333333</ele>
<time>2026-09-12T06:14:03Z</time>
<speed>0.134873</speed>
<trueHeading>0.000000</trueHeading>
<magneticHeading>0.000000</magneticHeading>
<gpsHeading>164.241974</gpsHeading>
<haccuracy>3.035000</haccuracy>
<vaccuracy>3.035000</vaccuracy>
<internetconnect>2</internetconnect>
</trkpt>
<trkpt lat="35.811148" lon="139.076086">
<ele>792.666667</ele>
<time>2026-09-12T06:16:23Z</time>
<speed>0.179833</speed>
<trueHeading>0.000000</trueHeading>
<magneticHeading>0.000000</magneticHeading>
<gpsHeading>341.680389</gpsHeading>
<haccuracy>4.207000</haccuracy>
<vaccuracy>4.207000</vaccuracy>
<internetconnect>2</internetconnect>
</trkpt>
<trkpt lat="35.811392" lon="139.075958">
<ele>795.333333</ele>
<time>2026-09-12T06:18:29Z</time>
<speed>0.087833</speed>
<trueHeading>0.000000</trueHeading>
<magneticHeading>0.000000</magneticHeading>
<gpsHeading>336.927307</gpsHeading>
<haccuracy>5.801000</haccuracy>
<vaccuracy>5.801000</vaccuracy>
<internetconnect>2</internetconnect>
</trkpt>
<trkpt lat="35.811559" lon="139.075620">
<ele>798.333333</ele>
<time>2026-09-12T06:19:45Z</time>
<speed>0.820000</speed>
<trueHeading>0.000000</trueHeading>
<magneticHeading>0.000000</magneticHeading>
<gpsHeading>301.444061</gpsHeading>
<haccuracy>10.593000</haccuracy>
<vaccuracy>10.593000</vaccuracy>
<internetconnect>2</internetconnect>
</trkpt>
<trkpt lat="35.811806" lon="139.075424">
<ele>803.333333</ele>
<time>2026-09-12T06:20:48Z</time>
<speed>0.660259</speed>
<trueHeading>0.000000</trueHeading>
<magneticHeading>0.000000</magneticHeading>
<gpsHeading>327.268494</gpsHeading>
<haccuracy>5.046000</haccuracy>
<vaccuracy>5.046000</vaccuracy>
<internetconnect>2</internetconnect>
</trkpt>
<trkpt lat="35.812094" lon="139.075366">
<ele>804.666667</ele>
<time>2026-09-12T06:22:28Z</time>
<speed>0.200406</speed>
<trueHeading>0.000000</trueHeading>
<magneticHeading>0.000000</magneticHeading>
<gpsHeading>350.655426</gpsHeading>
<haccuracy>4.639000</haccuracy>
<vaccuracy>4.639000</vaccuracy>
<internetconnect>2</internetconnect>
</trkpt>
<trkpt lat="35.812370" lon="139.075427">
<ele>805.333333</ele>
<time>2026-09-12T06:23:29Z</time>
<speed>0.372770</speed>
<trueHeading>0.000000</trueHeading>
<magneticHeading>0.000000</magneticHeading>
<gpsHeading>10.168562</gpsHeading>
<haccuracy>4.543000</haccuracy>
<vaccuracy>4.543000</vaccuracy>
<internetconnect>2</internetconnect>
</trkpt>
<trkpt lat="35.812570" lon="139.075621">
<ele>806.000000</ele>
<time>2026-09-12T06:25:35Z</time>
<speed>0.168559</speed>
<trueHeading>0.000000</trueHeading>
<magneticHeading>0.000000</magneticHeading>
<gpsHeading>38.201538</gpsHeading>
<haccuracy>3.006000</haccuracy>
<vaccuracy>3.006000</vaccuracy>
<internetconnect>2</internetconnect>
</trkpt>
<trkpt lat="35.812596" lon="139.075617">
<ele>807.000000</ele>
<time>2026-09-12T06:27:43Z</time>
<speed>0.067203</speed>
<trueHeading>0.000000</trueHeading>
<magneticHeading>0.000000</magneticHeading>
<gpsHeading>353.038086</gpsHeading>
<haccuracy>3.688000</haccuracy>
<vaccuracy>3.688000</vaccuracy>
<internetconnect>2</internetconnect>
</trkpt>
<trkpt lat="35.812711" lon="139.075548">
<ele>806.333333</ele>
<time>2026-09-12T06:29:46Z</time>
<speed>0.000000</speed>
<trueHeading>0.000000</trueHeading>
<magneticHeading>0.000000</magneticHeading>
<gpsHeading>334.178223</gpsHeading>
<haccuracy>4.095000</haccuracy>
<vaccuracy>4.095000</vaccuracy>
<internetconnect>2</internetconnect>
</trkpt>
<trkpt lat="35.812872" lon="139.075548">
<ele>800.333333</ele>
<time>2026-09-12T06:32:04Z</time>
<speed>1.830000</speed>
<trueHeading>0.000000</trueHeading>
<magneticHeading>0.000000</magneticHeading>
<gpsHeading>0.115868</gpsHeading>
<haccuracy>10.415000</haccuracy>
<vaccuracy>10.415000</vaccuracy>
<internetconnect>2</internetconnect>
</trkpt>
<trkpt lat="35.813158" lon="139.075563">
<ele>787.333333</ele>
<time>2026-09-12T06:33:31Z</time>
<speed>0.000000</speed>
<trueHeading>0.000000</trueHeading>
<magneticHeading>0.000000</magneticHeading>
<gpsHeading>2.363925</gpsHeading>
<haccuracy>10.769000</haccuracy>
<vaccuracy>10.769000</vaccuracy>
<internetconnect>2</internetconnect>
</trkpt>
<trkpt lat="35.813287" lon="139.075759">
<ele>777.000000</ele>
<time>2026-09-12T06:35:32Z</time>
<speed>0.280000</speed>
<trueHeading>0.000000</trueHeading>
<magneticHeading>0.000000</magneticHeading>
<gpsHeading>50.988235</gpsHeading>
<haccuracy>10.742000</haccuracy>
<vaccuracy>10.742000</vaccuracy>
<internetconnect>2</internetconnect>
</trkpt>
<trkpt lat="35.813243" lon="139.075815">
<ele>767.000000</ele>
<time>2026-09-12T06:37:37Z</time>
<speed>0.910000</speed>
<trueHeading>0.000000</trueHeading>
<magneticHeading>0.000000</magneticHeading>
<gpsHeading>133.964828</gpsHeading>
<haccuracy>11.566000</haccuracy>
<vaccuracy>11.566000</vaccuracy>
<internetconnect>2</internetconnect>
</trkpt>
<trkpt lat="35.813320" lon="139.076019">
<ele>758.333333</ele>
<time>2026-09-12T06:39:43Z</time>
<speed>0.092653</speed>
<trueHeading>0.000000</trueHeading>
<magneticHeading>0.000000</magneticHeading>
<gpsHeading>65.097412</gpsHeading>
<haccuracy>3.004000</haccuracy>
<vaccuracy>3.004000</vaccuracy>
<internetconnect>2</internetconnect>
</trkpt>
<trkpt lat="35.813405" lon="139.076306">
<ele>746.000000</ele>
<time>2026-09-12T06:42:17Z</time>
<speed>0.000000</speed>
<trueHeading>0.000000</trueHeading>
<magneticHeading>0.000000</magneticHeading>
<gpsHeading>69.908615</gpsHeading>
<haccuracy>10.311000</haccuracy>
<vaccuracy>10.311000</vaccuracy>
<internetconnect>2</internetconnect>
</trkpt>
<trkpt lat="35.813432" lon="139.076522">
<ele>737.333333</ele>
<time>2026-09-12T06:44:32Z</time>
<speed>0.730000</speed>
<trueHeading>0.000000</trueHeading>
<magneticHeading>0.000000</magneticHeading>
<gpsHeading>81.396957</gpsHeading>
<haccuracy>10.616000</haccuracy>
<vaccuracy>10.616000</vaccuracy>
<internetconnect>2</internetconnect>
</trkpt>
<trkpt lat="35.813558" lon="139.076838">
<ele>730.333333</ele>
<time>2026-09-12T06:45:35Z</time>
<speed>0.000000</speed>
<trueHeading>0.000000</trueHeading>
<magneticHeading>0.000000</magneticHeading>
<gpsHeading>63.762585</gpsHeading>
<haccuracy>10.600000</haccuracy>
<vaccuracy>10.600000</vaccuracy>
<internetconnect>2</internetconnect>
</trkpt>
<trkpt lat="35.813506" lon="139.076938">
<ele>724.000000</ele>
<time>2026-09-12T06:48:08Z</time>
<speed>0.160000</speed>
<trueHeading>0.000000</trueHeading>
<magneticHeading>0.000000</magneticHeading>
<gpsHeading>122.342415</gpsHeading>
<haccuracy>10.533000</haccuracy>
<vaccuracy>10.533000</vaccuracy>
<internetconnect>2</internetconnect>
</trkpt>
<trkpt lat="35.813699" lon="139.077130">
<ele>716.000000</ele>
<time>2026-09-12T06:50:16Z</time>
<speed>0.460000</speed>
<trueHeading>0.000000</trueHeading>
<magneticHeading>0.000000</magneticHeading>
<gpsHeading>39.039459</gpsHeading>
<haccuracy>10.740000</haccuracy>
<vaccuracy>10.740000</vaccuracy>
<internetconnect>2</internetconnect>
</trkpt>
<trkpt lat="35.813742" lon="139.077371">
<ele>713.333333</ele>
<time>2026-09-12T06:52:19Z</time>
<speed>0.000000</speed>
<trueHeading>0.000000</trueHeading>
<magneticHeading>0.000000</magneticHeading>
<gpsHeading>77.680107</gpsHeading>
<haccuracy>10.794000</haccuracy>
<vaccuracy>10.794000</vaccuracy>
<internetconnect>2</internetconnect>
</trkpt>
<trkpt lat="35.814008" lon="139.077269">
<ele>706.333333</ele>
<time>2026-09-12T06:53:39Z</time>
<speed>0.000000</speed>
<trueHeading>0.000000</trueHeading>
<magneticHeading>0.000000</magneticHeading>
<gpsHeading>342.680115</gpsHeading>
<haccuracy>10.546000</haccuracy>
<vaccuracy>10.546000</vaccuracy>
<internetconnect>2</internetconnect>
</trkpt>
<trkpt lat="35.813786" lon="139.077507">
<ele>700.000000</ele>
<time>2026-09-12T06:55:06Z</time>
<speed>0.250000</speed>
<trueHeading>0.000000</trueHeading>
<magneticHeading>0.000000</magneticHeading>
<gpsHeading>139.072296</gpsHeading>
<haccuracy>10.723000</haccuracy>
<vaccuracy>10.723000</vaccuracy>
<internetconnect>2</internetconnect>
</trkpt>
<trkpt lat="35.813906" lon="139.077560">
<ele>689.000000</ele>
<time>2026-09-12T06:57:10Z</time>
<speed>0.260000</speed>
<trueHeading>0.000000</trueHeading>
<magneticHeading>0.000000</magneticHeading>
<gpsHeading>19.838736</gpsHeading>
<haccuracy>11.356000</haccuracy>
<vaccuracy>11.356000</vaccuracy>
<internetconnect>2</internetconnect>
</trkpt>
<trkpt lat="35.813931" lon="139.077682">
<ele>681.666667</ele>
<time>2026-09-12T06:59:18Z</time>
<speed>0.242839</speed>
<trueHeading>0.000000</trueHeading>
<magneticHeading>0.000000</magneticHeading>
<gpsHeading>75.621284</gpsHeading>
<haccuracy>7.712000</haccuracy>
<vaccuracy>7.712000</vaccuracy>
<internetconnect>2</internetconnect>
</trkpt>
<trkpt lat="35.814010" lon="139.078013">
<ele>679.333333</ele>
<time>2026-09-12T07:00:51Z</time>
<speed>0.239389</speed>
<trueHeading>0.000000</trueHeading>
<magneticHeading>0.000000</magneticHeading>
<gpsHeading>73.535332</gpsHeading>
<haccuracy>4.709000</haccuracy>
<vaccuracy>4.709000</vaccuracy>
<internetconnect>2</internetconnect>
</trkpt>
<trkpt lat="35.814227" lon="139.078222">
<ele>672.666667</ele>
<time>2026-09-12T07:02:56Z</time>
<speed>0.985817</speed>
<trueHeading>0.000000</trueHeading>
<magneticHeading>0.000000</magneticHeading>
<gpsHeading>38.080082</gpsHeading>
<haccuracy>4.210000</haccuracy>
<vaccuracy>4.210000</vaccuracy>
<internetconnect>2</internetconnect>
</trkpt>
<trkpt lat="35.814277" lon="139.078637">
<ele>668.666667</ele>
<time>2026-09-12T07:03:43Z</time>
<speed>0.919501</speed>
<trueHeading>0.000000</trueHeading>
<magneticHeading>0.000000</magneticHeading>
<gpsHeading>81.501167</gpsHeading>
<haccuracy>3.254000</haccuracy>
<vaccuracy>3.254000</vaccuracy>
<internetconnect>2</internetconnect>
</trkpt>
<trkpt lat="35.814342" lon="139.079076">
<ele>667.000000</ele>
<time>2026-09-12T07:04:32Z</time>
<speed>1.320919</speed>
<trueHeading>0.000000</trueHeading>
<magneticHeading>0.000000</magneticHeading>
<gpsHeading>79.621323</gpsHeading>
<haccuracy>5.205000</haccuracy>
<vaccuracy>5.205000</vaccuracy>
<internetconnect>2</internetconnect>
</trkpt>
<trkpt lat="35.814776" lon="139.079072">
<ele>671.333333</ele>
<time>2026-09-12T07:05:20Z</time>
<speed>1.168142</speed>
<trueHeading>0.000000</trueHeading>
<magneticHeading>0.000000</magneticHeading>
<gpsHeading>359.614532</gpsHeading>
<haccuracy>5.602000</haccuracy>
<vaccuracy>5.602000</vaccuracy>
<internetconnect>2</internetconnect>
</trkpt>
<trkpt lat="35.815224" lon="139.078885">
<ele>672.333333</ele>
<time>2026-09-12T07:06:09Z</time>
<speed>0.416596</speed>
<trueHeading>0.000000</trueHeading>
<magneticHeading>0.000000</magneticHeading>
<gpsHeading>341.225525</gpsHeading>
<haccuracy>4.917000</haccuracy>
<vaccuracy>4.917000</vaccuracy>
<internetconnect>2</internetconnect>
</trkpt>
<trkpt lat="35.815543" lon="139.078852">
<ele>668.333333</ele>
<time>2026-09-12T07:07:05Z</time>
<speed>1.310571</speed>
<trueHeading>0.000000</trueHeading>
<magneticHeading>0.000000</magneticHeading>
<gpsHeading>355.225281</gpsHeading>
<haccuracy>4.239000</haccuracy>
<vaccuracy>4.239000</vaccuracy>
<internetconnect>2</internetconnect>
</trkpt>
<trkpt lat="35.815295" lon="139.079015">
<ele>665.000000</ele>
<time>2026-09-12T07:08:19Z</time>
<speed>0.356682</speed>
<trueHeading>0.000000</trueHeading>
<magneticHeading>0.000000</magneticHeading>
<gpsHeading>151.918564</gpsHeading>
<haccuracy>4.690000</haccuracy>
<vaccuracy>4.690000</vaccuracy>
<internetconnect>2</internetconnect>
</trkpt>
<trkpt lat="35.814995" lon="139.079166">
<ele>664.333333</ele>
<time>2026-09-12T07:09:16Z</time>
<speed>1.245973</speed>
<trueHeading>0.000000</trueHeading>
<magneticHeading>0.000000</magneticHeading>
<gpsHeading>157.783615</gpsHeading>
<haccuracy>5.532000</haccuracy>
<vaccuracy>5.532000</vaccuracy>
<internetconnect>2</internetconnect>
</trkpt>
<trkpt lat="35.814514" lon="139.079292">
<ele>662.000000</ele>
<time>2026-09-12T07:10:04Z</time>
<speed>1.084993</speed>
<trueHeading>0.000000</trueHeading>
<magneticHeading>0.000000</magneticHeading>
<gpsHeading>168.056000</gpsHeading>
<haccuracy>6.247000</haccuracy>
<vaccuracy>6.247000</vaccuracy>
<internetconnect>2</internetconnect>
</trkpt>
<trkpt lat="35.814276" lon="139.078994">
<ele>659.000000</ele>
<time>2026-09-12T07:10:57Z</time>
<speed>0.074346</speed>
<trueHeading>0.000000</trueHeading>
<magneticHeading>0.000000</magneticHeading>
<gpsHeading>225.467773</gpsHeading>
<haccuracy>7.284000</haccuracy>
<vaccuracy>7.284000</vaccuracy>
<internetconnect>2</internetconnect>
</trkpt>
<trkpt lat="35.814289" lon="139.078909">
<ele>654.000000</ele>
<time>2026-09-12T07:13:01Z</time>
<speed>0.070663</speed>
<trueHeading>0.000000</trueHeading>
<magneticHeading>0.000000</magneticHeading>
<gpsHeading>280.532166</gpsHeading>
<haccuracy>5.072000</haccuracy>
<vaccuracy>5.072000</vaccuracy>
<internetconnect>2</internetconnect>
</trkpt>
<trkpt lat="35.814197" lon="139.078998">
<ele>648.000000</ele>
<time>2026-09-12T07:15:03Z</time>
<speed>0.752229</speed>
<trueHeading>0.000000</trueHeading>
<magneticHeading>0.000000</magneticHeading>
<gpsHeading>141.951447</gpsHeading>
<haccuracy>3.014000</haccuracy>
<vaccuracy>3.014000</vaccuracy>
<internetconnect>2</internetconnect>
</trkpt>
<trkpt lat="35.814258" lon="139.079442">
<ele>648.333333</ele>
<time>2026-09-12T07:15:51Z</time>
<speed>0.622238</speed>
<trueHeading>0.000000</trueHeading>
<magneticHeading>0.000000</magneticHeading>
<gpsHeading>80.399620</gpsHeading>
<haccuracy>5.012000</haccuracy>
<vaccuracy>5.012000</vaccuracy>
<internetconnect>2</internetconnect>
</trkpt>
<trkpt lat="35.814565" lon="139.079420">
<ele>640.333333</ele>
<time>2026-09-12T07:16:51Z</time>
<speed>0.894125</speed>
<trueHeading>0.000000</trueHeading>
<magneticHeading>0.000000</magneticHeading>
<gpsHeading>356.647308</gpsHeading>
<haccuracy>5.191000</haccuracy>
<vaccuracy>5.191000</vaccuracy>
<internetconnect>2</internetconnect>
</trkpt>
<trkpt lat="35.814593" lon="139.079873">
<ele>636.666667</ele>
<time>2026-09-12T07:17:43Z</time>
<speed>0.124918</speed>
<trueHeading>0.000000</trueHeading>
<magneticHeading>0.000000</magneticHeading>
<gpsHeading>85.630486</gpsHeading>
<haccuracy>5.366000</haccuracy>
<vaccuracy>5.366000</vaccuracy>
<internetconnect>2</internetconnect>
</trkpt>
<trkpt lat="35.814861" lon="139.079705">
<ele>622.000000</ele>
<time>2026-09-12T07:19:03Z</time>
<speed>1.076818</speed>
<trueHeading>0.000000</trueHeading>
<magneticHeading>0.000000</magneticHeading>
<gpsHeading>332.990509</gpsHeading>
<haccuracy>4.631000</haccuracy>
<vaccuracy>4.631000</vaccuracy>
<internetconnect>2</internetconnect>
</trkpt>
<trkpt lat="35.815178" lon="139.079774">
<ele>623.333333</ele>
<time>2026-09-12T07:19:52Z</time>
<speed>0.000000</speed>
<trueHeading>0.000000</trueHeading>
<magneticHeading>0.000000</magneticHeading>
<gpsHeading>10.001989</gpsHeading>
<haccuracy>10.605000</haccuracy>
<vaccuracy>10.605000</vaccuracy>
<internetconnect>2</internetconnect>
</trkpt>
<trkpt lat="35.815275" lon="139.079596">
<ele>625.000000</ele>
<time>2026-09-12T07:21:56Z</time>
<speed>0.096673</speed>
<trueHeading>0.000000</trueHeading>
<magneticHeading>0.000000</magneticHeading>
<gpsHeading>303.896667</gpsHeading>
<haccuracy>3.030000</haccuracy>
<vaccuracy>3.030000</vaccuracy>
<internetconnect>2</internetconnect>
</trkpt>
<trkpt lat="35.815289" lon="139.079486">
<ele>631.000000</ele>
<time>2026-09-12T07:24:06Z</time>
<speed>0.120301</speed>
<trueHeading>0.000000</trueHeading>
<magneticHeading>0.000000</magneticHeading>
<gpsHeading>278.833435</gpsHeading>
<haccuracy>5.664000</haccuracy>
<vaccuracy>5.664000</vaccuracy>
<internetconnect>2</internetconnect>
</trkpt>
<trkpt lat="35.815260" lon="139.079512">
<ele>632.000000</ele>
<time>2026-09-12T07:26:16Z</time>
<speed>0.081600</speed>
<trueHeading>0.000000</trueHeading>
<magneticHeading>0.000000</magneticHeading>
<gpsHeading>143.005753</gpsHeading>
<haccuracy>3.568000</haccuracy>
<vaccuracy>3.568000</vaccuracy>
<internetconnect>2</internetconnect>
</trkpt>
<trkpt lat="35.815239" lon="139.079545">
<ele>621.333333</ele>
<time>2026-09-12T07:28:31Z</time>
<speed>0.113505</speed>
<trueHeading>0.000000</trueHeading>
<magneticHeading>0.000000</magneticHeading>
<gpsHeading>128.649399</gpsHeading>
<haccuracy>6.691000</haccuracy>
<vaccuracy>6.691000</vaccuracy>
<internetconnect>2</internetconnect>
</trkpt>
<trkpt lat="35.815176" lon="139.079922">
<ele>616.333333</ele>
<time>2026-09-12T07:30:31Z</time>
<speed>0.450000</speed>
<trueHeading>0.000000</trueHeading>
<magneticHeading>0.000000</magneticHeading>
<gpsHeading>101.674202</gpsHeading>
<haccuracy>11.584000</haccuracy>
<vaccuracy>11.584000</vaccuracy>
<internetconnect>2</internetconnect>
</trkpt>
<trkpt lat="35.815365" lon="139.079647">
<ele>603.333333</ele>
<time>2026-09-12T07:31:37Z</time>
<speed>0.947666</speed>
<trueHeading>0.000000</trueHeading>
<magneticHeading>0.000000</magneticHeading>
<gpsHeading>310.286194</gpsHeading>
<haccuracy>3.441000</haccuracy>
<vaccuracy>3.441000</vaccuracy>
<internetconnect>2</internetconnect>
</trkpt>
<trkpt lat="35.815682" lon="139.079716">
<ele>597.000000</ele>
<time>2026-09-12T07:32:33Z</time>
<speed>0.989370</speed>
<trueHeading>0.000000</trueHeading>
<magneticHeading>0.000000</magneticHeading>
<gpsHeading>10.049489</gpsHeading>
<haccuracy>5.464000</haccuracy>
<vaccuracy>5.464000</vaccuracy>
<internetconnect>2</internetconnect>
</trkpt>
<trkpt lat="35.816009" lon="139.079732">
<ele>583.666667</ele>
<time>2026-09-12T07:33:21Z</time>
<speed>0.119378</speed>
<trueHeading>0.000000</trueHeading>
<magneticHeading>0.000000</magneticHeading>
<gpsHeading>2.174162</gpsHeading>
<haccuracy>4.963000</haccuracy>
<vaccuracy>4.963000</vaccuracy>
<internetconnect>2</internetconnect>
</trkpt>
<trkpt lat="35.816179" lon="139.079862">
<ele>583.000000</ele>
<time>2026-09-12T07:35:41Z</time>
<speed>0.115032</speed>
<trueHeading>0.000000</trueHeading>
<magneticHeading>0.000000</magneticHeading>
<gpsHeading>31.921322</gpsHeading>
<haccuracy>3.055000</haccuracy>
<vaccuracy>3.055000</vaccuracy>
<internetconnect>2</internetconnect>
</trkpt>
<trkpt lat="35.816130" lon="139.079680">
<ele>591.000000</ele>
<time>2026-09-12T07:37:49Z</time>
<speed>0.147469</speed>
<trueHeading>0.000000</trueHeading>
<magneticHeading>0.000000</magneticHeading>
<gpsHeading>251.766083</gpsHeading>
<haccuracy>9.213000</haccuracy>
<vaccuracy>9.213000</vaccuracy>
<internetconnect>2</internetconnect>
</trkpt>
<trkpt lat="35.816241" lon="139.079382">
<ele>602.333333</ele>
<time>2026-09-12T07:40:00Z</time>
<speed>0.282915</speed>
<trueHeading>0.000000</trueHeading>
<magneticHeading>0.000000</magneticHeading>
<gpsHeading>294.568451</gpsHeading>
<haccuracy>5.700000</haccuracy>
<vaccuracy>5.700000</vaccuracy>
<internetconnect>2</internetconnect>
</trkpt>
<trkpt lat="35.816245" lon="139.079302">
<ele>614.333333</ele>
<time>2026-09-12T07:42:38Z</time>
<speed>0.339630</speed>
<trueHeading>0.000000</trueHeading>
<magneticHeading>0.000000</magneticHeading>
<gpsHeading>273.973053</gpsHeading>
<haccuracy>10.828000</haccuracy>
<vaccuracy>10.828000</vaccuracy>
<internetconnect>2</internetconnect>
</trkpt>
<trkpt lat="35.816215" lon="139.079052">
<ele>622.666667</ele>
<time>2026-09-12T07:44:42Z</time>
<speed>0.188494</speed>
<trueHeading>0.000000</trueHeading>
<magneticHeading>0.000000</magneticHeading>
<gpsHeading>261.540253</gpsHeading>
<haccuracy>9.215000</haccuracy>
<vaccuracy>9.215000</vaccuracy>
<internetconnect>2</internetconnect>
</trkpt>
<trkpt lat="35.816288" lon="139.078842">
<ele>635.000000</ele>
<time>2026-09-12T07:46:47Z</time>
<speed>0.144281</speed>
<trueHeading>0.000000</trueHeading>
<magneticHeading>0.000000</magneticHeading>
<gpsHeading>293.282013</gpsHeading>
<haccuracy>10.360000</haccuracy>
<vaccuracy>10.360000</vaccuracy>
<internetconnect>2</internetconnect>
</trkpt>
<trkpt lat="35.816353" lon="139.078500">
<ele>644.000000</ele>
<time>2026-09-12T07:48:51Z</time>
<speed>0.144245</speed>
<trueHeading>0.000000</trueHeading>
<magneticHeading>0.000000</magneticHeading>
<gpsHeading>283.180725</gpsHeading>
<haccuracy>3.245000</haccuracy>
<vaccuracy>3.245000</vaccuracy>
<internetconnect>2</internetconnect>
</trkpt>
<trkpt lat="35.816544" lon="139.078601">
<ele>652.000000</ele>
<time>2026-09-12T07:50:56Z</time>
<speed>0.534115</speed>
<trueHeading>0.000000</trueHeading>
<magneticHeading>0.000000</magneticHeading>
<gpsHeading>23.301332</gpsHeading>
<haccuracy>5.300000</haccuracy>
<vaccuracy>5.300000</vaccuracy>
<internetconnect>2</internetconnect>
</trkpt>
<trkpt lat="35.816738" lon="139.078871">
<ele>655.000000</ele>
<time>2026-09-12T07:51:57Z</time>
<speed>0.418816</speed>
<trueHeading>0.000000</trueHeading>
<magneticHeading>0.000000</magneticHeading>
<gpsHeading>48.483505</gpsHeading>
<haccuracy>5.534000</haccuracy>
<vaccuracy>5.534000</vaccuracy>
<internetconnect>2</internetconnect>
</trkpt>
<trkpt lat="35.816929" lon="139.079130">
<ele>657.000000</ele>
<time>2026-09-12T07:53:21Z</time>
<speed>0.216822</speed>
<trueHeading>0.000000</trueHeading>
<magneticHeading>0.000000</magneticHeading>
<gpsHeading>47.734451</gpsHeading>
<haccuracy>3.293000</haccuracy>
<vaccuracy>3.293000</vaccuracy>
<internetconnect>2</internetconnect>
</trkpt>
<trkpt lat="35.817152" lon="139.079386">
<ele>657.333333</ele>
<time>2026-09-12T07:54:55Z</time>
<speed>0.348114</speed>
<trueHeading>0.000000</trueHeading>
<magneticHeading>0.000000</magneticHeading>
<gpsHeading>42.927402</gpsHeading>
<haccuracy>3.787000</haccuracy>
<vaccuracy>3.787000</vaccuracy>
<internetconnect>2</internetconnect>
</trkpt>
<trkpt lat="35.817270" lon="139.079725">
<ele>657.000000</ele>
<time>2026-09-12T07:56:18Z</time>
<speed>0.193362</speed>
<trueHeading>0.000000</trueHeading>
<magneticHeading>0.000000</magneticHeading>
<gpsHeading>66.785645</gpsHeading>
<haccuracy>4.748000</haccuracy>
<vaccuracy>4.748000</vaccuracy>
<internetconnect>2</internetconnect>
</trkpt>
<trkpt lat="35.817326" lon="139.080091">
<ele>660.333333</ele>
<time>2026-09-12T07:57:31Z</time>
<speed>0.164155</speed>
<trueHeading>0.000000</trueHeading>
<magneticHeading>0.000000</magneticHeading>
<gpsHeading>79.298767</gpsHeading>
<haccuracy>4.646000</haccuracy>
<vaccuracy>4.646000</vaccuracy>
<internetconnect>2</internetconnect>
</trkpt>
<trkpt lat="35.817402" lon="139.080110">
<ele>665.666667</ele>
<time>2026-09-12T07:59:33Z</time>
<speed>0.167882</speed>
<trueHeading>0.000000</trueHeading>
<magneticHeading>0.000000</magneticHeading>
<gpsHeading>11.622678</gpsHeading>
<haccuracy>4.817000</haccuracy>
<vaccuracy>4.817000</vaccuracy>
<internetconnect>2</internetconnect>
</trkpt>
<trkpt lat="35.817566" lon="139.079810">
<ele>670.000000</ele>
<time>2026-09-12T08:00:29Z</time>
<speed>0.994108</speed>
<trueHeading>0.000000</trueHeading>
<magneticHeading>0.000000</magneticHeading>
<gpsHeading>304.002472</gpsHeading>
<haccuracy>10.252000</haccuracy>
<vaccuracy>10.252000</vaccuracy>
<internetconnect>2</internetconnect>
</trkpt>
<trkpt lat="35.817558" lon="139.079280">
<ele>669.666667</ele>
<time>2026-09-12T08:01:16Z</time>
<speed>1.042709</speed>
<trueHeading>0.000000</trueHeading>
<magneticHeading>0.000000</magneticHeading>
<gpsHeading>268.987091</gpsHeading>
<haccuracy>8.916000</haccuracy>
<vaccuracy>8.916000</vaccuracy>
<internetconnect>2</internetconnect>
</trkpt>
<trkpt lat="35.817614" lon="139.079075">
<ele>661.000000</ele>
<time>2026-09-12T08:03:18Z</time>
<speed>0.205831</speed>
<trueHeading>0.000000</trueHeading>
<magneticHeading>0.000000</magneticHeading>
<gpsHeading>288.333954</gpsHeading>
<haccuracy>4.031000</haccuracy>
<vaccuracy>4.031000</vaccuracy>
<internetconnect>2</internetconnect>
</trkpt>
<trkpt lat="35.817912" lon="139.078994">
<ele>648.333333</ele>
<time>2026-09-12T08:04:45Z</time>
<speed>0.280000</speed>
<trueHeading>0.000000</trueHeading>
<magneticHeading>0.000000</magneticHeading>
<gpsHeading>347.609344</gpsHeading>
<haccuracy>11.882000</haccuracy>
<vaccuracy>11.882000</vaccuracy>
<internetconnect>2</internetconnect>
</trkpt>
<trkpt lat="35.818054" lon="139.079167">
<ele>632.333333</ele>
<time>2026-09-12T08:06:48Z</time>
<speed>0.680000</speed>
<trueHeading>0.000000</trueHeading>
<magneticHeading>0.000000</magneticHeading>
<gpsHeading>44.814835</gpsHeading>
<haccuracy>10.795000</haccuracy>
<vaccuracy>10.795000</vaccuracy>
<internetconnect>2</internetconnect>
</trkpt>
<trkpt lat="35.818204" lon="139.079407">
<ele>623.666667</ele>
<time>2026-09-12T08:08:52Z</time>
<speed>0.910000</speed>
<trueHeading>0.000000</trueHeading>
<magneticHeading>0.000000</magneticHeading>
<gpsHeading>52.334518</gpsHeading>
<haccuracy>11.281000</haccuracy>
<vaccuracy>11.281000</vaccuracy>
<internetconnect>2</internetconnect>
</trkpt>
<trkpt lat="35.818191" lon="139.079757">
<ele>616.666667</ele>
<time>2026-09-12T08:10:45Z</time>
<speed>0.217710</speed>
<trueHeading>0.000000</trueHeading>
<magneticHeading>0.000000</magneticHeading>
<gpsHeading>92.561470</gpsHeading>
<haccuracy>4.246000</haccuracy>
<vaccuracy>4.246000</vaccuracy>
<internetconnect>2</internetconnect>
</trkpt>
<trkpt lat="35.818305" lon="139.080122">
<ele>610.333333</ele>
<time>2026-09-12T08:11:34Z</time>
<speed>0.259241</speed>
<trueHeading>0.000000</trueHeading>
<magneticHeading>0.000000</magneticHeading>
<gpsHeading>68.951485</gpsHeading>
<haccuracy>6.096000</haccuracy>
<vaccuracy>6.096000</vaccuracy>
<internetconnect>2</internetconnect>
</trkpt>
<trkpt lat="35.818575" lon="139.080268">
<ele>604.333333</ele>
<time>2026-09-12T08:12:46Z</time>
<speed>0.469246</speed>
<trueHeading>0.000000</trueHeading>
<magneticHeading>0.000000</magneticHeading>
<gpsHeading>23.715256</gpsHeading>
<haccuracy>5.188000</haccuracy>
<vaccuracy>5.188000</vaccuracy>
<internetconnect>2</internetconnect>
</trkpt>
<trkpt lat="35.818530" lon="139.080629">
<ele>598.333333</ele>
<time>2026-09-12T08:14:36Z</time>
<speed>0.487113</speed>
<trueHeading>0.000000</trueHeading>
<magneticHeading>0.000000</magneticHeading>
<gpsHeading>98.607979</gpsHeading>
<haccuracy>3.549000</haccuracy>
<vaccuracy>3.549000</vaccuracy>
<internetconnect>2</internetconnect>
</trkpt>
<trkpt lat="35.818662" lon="139.080982">
<ele>600.000000</ele>
<time>2026-09-12T08:15:32Z</time>
<speed>1.016835</speed>
<trueHeading>0.000000</trueHeading>
<magneticHeading>0.000000</magneticHeading>
<gpsHeading>65.298729</gpsHeading>
<haccuracy>3.482000</haccuracy>
<vaccuracy>3.482000</vaccuracy>
<internetconnect>2</internetconnect>
</trkpt>
<trkpt lat="35.818593" lon="139.081357">
<ele>597.333333</ele>
<time>2026-09-12T08:16:19Z</time>
<speed>0.738542</speed>
<trueHeading>0.000000</trueHeading>
<magneticHeading>0.000000</magneticHeading>
<gpsHeading>102.831947</gpsHeading>
<haccuracy>5.796000</haccuracy>
<vaccuracy>5.796000</vaccuracy>
<internetconnect>2</internetconnect>
</trkpt>
<trkpt lat="35.818763" lon="139.081659">
<ele>587.333333</ele>
<time>2026-09-12T08:17:22Z</time>
<speed>1.057493</speed>
<trueHeading>0.000000</trueHeading>
<magneticHeading>0.000000</magneticHeading>
<gpsHeading>55.125767</gpsHeading>
<haccuracy>4.812000</haccuracy>
<vaccuracy>4.812000</vaccuracy>
<internetconnect>2</internetconnect>
</trkpt>
<trkpt lat="35.819282" lon="139.081817">
<ele>570.333333</ele>
<time>2026-09-12T08:18:10Z</time>
<speed>1.090723</speed>
<trueHeading>0.000000</trueHeading>
<magneticHeading>0.000000</magneticHeading>
<gpsHeading>13.841916</gpsHeading>
<haccuracy>4.939000</haccuracy>
<vaccuracy>4.939000</vaccuracy>
<internetconnect>2</internetconnect>
</trkpt>
<trkpt lat="35.819395" lon="139.082158">
<ele>558.000000</ele>
<time>2026-09-12T08:18:58Z</time>
<speed>0.922499</speed>
<trueHeading>0.000000</trueHeading>
<magneticHeading>0.000000</magneticHeading>
<gpsHeading>67.907883</gpsHeading>
<haccuracy>6.144000</haccuracy>
<vaccuracy>6.144000</vaccuracy>
<internetconnect>2</internetconnect>
</trkpt>
<trkpt lat="35.819253" lon="139.082469">
<ele>551.333333</ele>
<time>2026-09-12T08:19:59Z</time>
<speed>0.587730</speed>
<trueHeading>0.000000</trueHeading>
<magneticHeading>0.000000</magneticHeading>
<gpsHeading>119.319046</gpsHeading>
<haccuracy>5.500000</haccuracy>
<vaccuracy>5.500000</vaccuracy>
<internetconnect>2</internetconnect>
</trkpt>
<trkpt lat="35.819393" lon="139.082773">
<ele>545.000000</ele>
<time>2026-09-12T08:21:02Z</time>
<speed>1.144819</speed>
<trueHeading>0.000000</trueHeading>
<magneticHeading>0.000000</magneticHeading>
<gpsHeading>60.338306</gpsHeading>
<haccuracy>4.274000</haccuracy>
<vaccuracy>4.274000</vaccuracy>
<internetconnect>2</internetconnect>
</trkpt>
<trkpt lat="35.819669" lon="139.082916">
<ele>536.000000</ele>
<time>2026-09-12T08:22:25Z</time>
<speed>1.037385</speed>
<trueHeading>0.000000</trueHeading>
<magneticHeading>0.000000</magneticHeading>
<gpsHeading>22.846663</gpsHeading>
<haccuracy>6.290000</haccuracy>
<vaccuracy>6.290000</vaccuracy>
<internetconnect>2</internetconnect>
</trkpt>
<trkpt lat="35.819839" lon="139.082636">
<ele>527.333333</ele>
<time>2026-09-12T08:23:26Z</time>
<speed>1.171121</speed>
<trueHeading>0.000000</trueHeading>
<magneticHeading>0.000000</magneticHeading>
<gpsHeading>306.814667</gpsHeading>
<haccuracy>3.078000</haccuracy>
<vaccuracy>3.078000</vaccuracy>
<internetconnect>2</internetconnect>
</trkpt>
<trkpt lat="35.819953" lon="139.082294">
<ele>517.666667</ele>
<time>2026-09-12T08:24:15Z</time>
<speed>0.970000</speed>
<trueHeading>0.000000</trueHeading>
<magneticHeading>0.000000</magneticHeading>
<gpsHeading>292.464569</gpsHeading>
<haccuracy>10.637000</haccuracy>
<vaccuracy>10.637000</vaccuracy>
<internetconnect>2</internetconnect>
</trkpt>
<trkpt lat="35.820026" lon="139.081732">
<ele>507.333333</ele>
<time>2026-09-12T08:25:05Z</time>
<speed>1.280000</speed>
<trueHeading>0.000000</trueHeading>
<magneticHeading>0.000000</magneticHeading>
<gpsHeading>279.122314</gpsHeading>
<haccuracy>10.404000</haccuracy>
<vaccuracy>10.404000</vaccuracy>
<internetconnect>2</internetconnect>
</trkpt>
<trkpt lat="35.820115" lon="139.081391">
<ele>496.000000</ele>
<time>2026-09-12T08:25:55Z</time>
<speed>1.040000</speed>
<trueHeading>0.000000</trueHeading>
<magneticHeading>0.000000</magneticHeading>
<gpsHeading>287.843018</gpsHeading>
<haccuracy>10.138000</haccuracy>
<vaccuracy>10.138000</vaccuracy>
<internetconnect>2</internetconnect>
</trkpt>
<trkpt lat="35.820348" lon="139.081042">
<ele>490.333333</ele>
<time>2026-09-12T08:26:43Z</time>
<speed>1.100128</speed>
<trueHeading>0.000000</trueHeading>
<magneticHeading>0.000000</magneticHeading>
<gpsHeading>309.502686</gpsHeading>
<haccuracy>5.956000</haccuracy>
<vaccuracy>5.956000</vaccuracy>
<internetconnect>2</internetconnect>
</trkpt>
<trkpt lat="35.820089" lon="139.080845">
<ele>484.666667</ele>
<time>2026-09-12T08:27:44Z</time>
<speed>1.018408</speed>
<trueHeading>0.000000</trueHeading>
<magneticHeading>0.000000</magneticHeading>
<gpsHeading>211.585419</gpsHeading>
<haccuracy>4.650000</haccuracy>
<vaccuracy>4.650000</vaccuracy>
<internetconnect>2</internetconnect>
</trkpt>
<trkpt lat="35.820162" lon="139.080508">
<ele>481.666667</ele>
<time>2026-09-12T08:28:32Z</time>
<speed>0.224513</speed>
<trueHeading>0.000000</trueHeading>
<magneticHeading>0.000000</magneticHeading>
<gpsHeading>284.924774</gpsHeading>
<haccuracy>5.398000</haccuracy>
<vaccuracy>5.398000</vaccuracy>
<internetconnect>2</internetconnect>
</trkpt>
<trkpt lat="35.820438" lon="139.080578">
<ele>480.333333</ele>
<time>2026-09-12T08:30:35Z</time>
<speed>1.035649</speed>
<trueHeading>0.000000</trueHeading>
<magneticHeading>0.000000</magneticHeading>
<gpsHeading>11.669110</gpsHeading>
<haccuracy>3.568000</haccuracy>
<vaccuracy>3.568000</vaccuracy>
<internetconnect>2</internetconnect>
</trkpt>
<trkpt lat="35.820739" lon="139.080461">
<ele>481.000000</ele>
<time>2026-09-12T08:32:24Z</time>
<speed>0.865763</speed>
<trueHeading>0.000000</trueHeading>
<magneticHeading>0.000000</magneticHeading>
<gpsHeading>342.390778</gpsHeading>
<haccuracy>4.586000</haccuracy>
<vaccuracy>4.586000</vaccuracy>
<internetconnect>2</internetconnect>
</trkpt>
<trkpt lat="35.821065" lon="139.080591">
<ele>478.000000</ele>
<time>2026-09-12T08:33:12Z</time>
<speed>0.081144</speed>
<trueHeading>0.000000</trueHeading>
<magneticHeading>0.000000</magneticHeading>
<gpsHeading>18.000959</gpsHeading>
<haccuracy>3.586000</haccuracy>
<vaccuracy>3.586000</vaccuracy>
<internetconnect>2</internetconnect>
</trkpt>
<trkpt lat="35.821155" lon="139.081028">
<ele>472.000000</ele>
<time>2026-09-12T08:33:59Z</time>
<speed>1.229224</speed>
<trueHeading>0.000000</trueHeading>
<magneticHeading>0.000000</magneticHeading>
<gpsHeading>75.632912</gpsHeading>
<haccuracy>5.324000</haccuracy>
<vaccuracy>5.324000</vaccuracy>
<internetconnect>2</internetconnect>
</trkpt>
<trkpt lat="35.820859" lon="139.080870">
<ele>459.333333</ele>
<time>2026-09-12T08:35:55Z</time>
<speed>1.580267</speed>
<trueHeading>0.000000</trueHeading>
<magneticHeading>0.000000</magneticHeading>
<gpsHeading>203.341339</gpsHeading>
<haccuracy>3.057000</haccuracy>
<vaccuracy>3.057000</vaccuracy>
<internetconnect>2</internetconnect>
</trkpt>
<trkpt lat="35.820866" lon="139.081233">
<ele>447.666667</ele>
<time>2026-09-12T08:37:01Z</time>
<speed>1.424157</speed>
<trueHeading>0.000000</trueHeading>
<magneticHeading>0.000000</magneticHeading>
<gpsHeading>88.638390</gpsHeading>
<haccuracy>6.745000</haccuracy>
<vaccuracy>6.745000</vaccuracy>
<internetconnect>2</internetconnect>
</trkpt>
<trkpt lat="35.820906" lon="139.081782">
<ele>436.333333</ele>
<time>2026-09-12T08:37:48Z</time>
<speed>1.369097</speed>
<trueHeading>0.000000</trueHeading>
<magneticHeading>0.000000</magneticHeading>
<gpsHeading>84.798767</gpsHeading>
<haccuracy>4.325000</haccuracy>
<vaccuracy>4.325000</vaccuracy>
<internetconnect>2</internetconnect>
</trkpt>
<trkpt lat="35.820860" lon="139.082151">
<ele>427.666667</ele>
<time>2026-09-12T08:39:28Z</time>
<speed>1.405054</speed>
<trueHeading>0.000000</trueHeading>
<magneticHeading>0.000000</magneticHeading>
<gpsHeading>98.679535</gpsHeading>
<haccuracy>5.193000</haccuracy>
<vaccuracy>5.193000</vaccuracy>
<internetconnect>2</internetconnect>
</trkpt>
<trkpt lat="35.821147" lon="139.082583">
<ele>418.333333</ele>
<time>2026-09-12T08:40:15Z</time>
<speed>1.491199</speed>
<trueHeading>0.000000</trueHeading>
<magneticHeading>0.000000</magneticHeading>
<gpsHeading>50.713634</gpsHeading>
<haccuracy>5.128000</haccuracy>
<vaccuracy>5.128000</vaccuracy>
<internetconnect>2</internetconnect>
</trkpt>
<trkpt lat="35.821389" lon="139.083114">
<ele>408.666667</ele>
<time>2026-09-12T08:41:03Z</time>
<speed>1.089179</speed>
<trueHeading>0.000000</trueHeading>
<magneticHeading>0.000000</magneticHeading>
<gpsHeading>60.687172</gpsHeading>
<haccuracy>6.125000</haccuracy>
<vaccuracy>6.125000</vaccuracy>
<internetconnect>2</internetconnect>
</trkpt>
<trkpt lat="35.821314" lon="139.082748">
<ele>402.666667</ele>
<time>2026-09-12T08:43:06Z</time>
<speed>1.558595</speed>
<trueHeading>0.000000</trueHeading>
<magneticHeading>0.000000</magneticHeading>
<gpsHeading>255.777084</gpsHeading>
<haccuracy>9.036000</haccuracy>
<vaccuracy>9.036000</vaccuracy>
<internetconnect>2</internetconnect>
</trkpt>
<trkpt lat="35.821263" lon="139.082348">
<ele>401.666667</ele>
<time>2026-09-12T08:43:55Z</time>
<speed>0.118467</speed>
<trueHeading>0.000000</trueHeading>
<magneticHeading>0.000000</magneticHeading>
<gpsHeading>261.188843</gpsHeading>
<haccuracy>7.043000</haccuracy>
<vaccuracy>7.043000</vaccuracy>
<internetconnect>2</internetconnect>
</trkpt>
<trkpt lat="35.821345" lon="139.082427">
<ele>400.500000</ele>
<time>2026-09-12T08:44:33Z</time>
<speed>0.221442</speed>
<trueHeading>-999.000000</trueHeading>
<magneticHeading>-999.000000</magneticHeading>
<gpsHeading>37.958412</gpsHeading>
<haccuracy>4.906000</haccuracy>
<vaccuracy>4.906000</vaccuracy>
<internetconnect>2</internetconnect>
</trkpt>
</trkseg></trk>
</gpx>
