<?xml version="1.0" encoding="UTF-8"?>
<gpx xmlns:xsi="http://www.w3.org/2001/XMLSchema-instance" xmlns="http://www.topografix.com/GPX/1/0" xsi:schemaLocation="http://www.topografix.com/GPX/1/1 http://www.topografix.com/GPX/1/1/gpx.xsd" creator="Geographica - http://geographica.biz/" appVersion="Ver 2.1.57:4405" device="google sunfish" android="13" carrier="povo">
<trk>
<name>20260811</name>
<trkseg>
<trkpt lat="35.841735" lon="139.044511">
<ele>617.000000</ele>
<time>2026-08-10T23:18:56Z</time>
<speed>0.000000</speed>
<trueHeading>0.000000</trueHeading>
<magneticHeading>0.000000</magneticHeading>
<gpsHeading>0.000000</gpsHeading>
<haccuracy>16.628000</haccuracy>
<vaccuracy>16.628000</vaccuracy>
<internetconnect>2</internetconnect>
</trkpt>
<trkpt lat="35.841741" lon="139.044510">
<ele>618.333333</ele>
<time>2026-08-10T23:18:57Z</time>
<speed>0.295460</speed>
<trueHeading>0.000000</trueHeading>
<magneticHeading>0.000000</magneticHeading>
<gpsHeading>0.000000</gpsHeading>
<haccuracy>3.000000</haccuracy>
<vaccuracy>3.000000</vaccuracy>
<internetconnect>2</internetconnect>
</trkpt>
<trkpt lat="35.841771" lon="139.044475">
<ele>616.666667</ele>
<time>2026-08-10T23:21:06Z</time>
<speed>0.328614</speed>
<trueHeading>0.000000</trueHeading>
<magneticHeading>0.000000</magneticHeading>
<gpsHeading>316.665680</gpsHeading>
<haccuracy>5.460000</haccuracy>
<vaccuracy>5.460000</vaccuracy>
<internetconnect>2</internetconnect>
</trkpt>
<trkpt lat="35.841471" lon="139.044408">
<ele>611.333333</ele>
<time>2026-08-10T23:22:14Z</time>
<speed>0.754587</speed>
<trueHeading>0.000000</trueHeading>
<magneticHeading>0.000000</magneticHeading>
<gpsHeading>190.198532</gpsHeading>
<haccuracy>7.085000</haccuracy>
<vaccuracy>7.085000</vaccuracy>
<internetconnect>2</internetconnect>
</trkpt>
<trkpt lat="35.841510" lon="139.045037">
<ele>600.333333</ele>
<time>2026-08-10T23:23:01Z</time>
<speed>1.512966</speed>
<trueHeading>0.000000</trueHeading>
<magneticHeading>0.000000</magneticHeading>
<gpsHeading>85.570297</gpsHeading>
<haccuracy>3.170000</haccuracy>
<vaccuracy>3.170000</vaccuracy>
<internetconnect>2</internetconnect>
</trkpt>
<trkpt lat="35.841266" lon="139.045741">
<ele>589.000000</ele>
<time>2026-08-10T23:23:48Z</time>
<speed>1.568054</speed>
<trueHeading>0.000000</trueHeading>
<magneticHeading>0.000000</magneticHeading>
<gpsHeading>113.149887</gpsHeading>
<haccuracy>5.338000</haccuracy>
<vaccuracy>5.338000</vaccuracy>
<internetconnect>2</internetconnect>
</trkpt>
<trkpt lat="35.841056" lon="139.045972">
<ele>575.666667</ele>
<time>2026-08-10T23:24:37Z</time>
<speed>0.708569</speed>
<trueHeading>0.000000</trueHeading>
<magneticHeading>0.000000</magneticHeading>
<gpsHeading>138.296036</gpsHeading>
<haccuracy>4.777000</haccuracy>
<vaccuracy>4.777000</vaccuracy>
<internetconnect>2</internetconnect>
</trkpt>
<trkpt lat="35.840848" lon="139.046484">
<ele>567.000000</ele>
<time>2026-08-10T23:25:27Z</time>
<speed>1.310057</speed>
<trueHeading>0.000000</trueHeading>
<magneticHeading>0.000000</magneticHeading>
<gpsHeading>116.575699</gpsHeading>
<haccuracy>5.889000</haccuracy>
<vaccuracy>5.889000</vaccuracy>
<internetconnect>2</internetconnect>
</trkpt>
<trkpt lat="35.840855" lon="139.046922">
<ele>561.000000</ele>
<time>2026-08-10T23:26:15Z</time>
<speed>0.942316</speed>
<trueHeading>0.000000</trueHeading>
<magneticHeading>0.000000</magneticHeading>
<gpsHeading>88.887207</gpsHeading>
<haccuracy>5.829000</haccuracy>
<vaccuracy>5.829000</vaccuracy>
<internetconnect>2</internetconnect>
</trkpt>
<trkpt lat="35.840994" lon="139.047252">
<ele>554.666667</ele>
<time>2026-08-10T23:27:12Z</time>
<speed>0.941733</speed>
<trueHeading>0.000000</trueHeading>
<magneticHeading>0.000000</magneticHeading>
<gpsHeading>62.584415</gpsHeading>
<haccuracy>6.344000</haccuracy>
<vaccuracy>6.344000</vaccuracy>
<internetconnect>2</internetconnect>
</trkpt>
<trkpt lat="35.841151" lon="139.047612">
<ele>544.000000</ele>
<time>2026-08-10T23:28:00Z</time>
<speed>0.165920</speed>
<trueHeading>0.000000</trueHeading>
<magneticHeading>0.000000</magneticHeading>
<gpsHeading>61.720600</gpsHeading>
<haccuracy>5.293000</haccuracy>
<vaccuracy>5.293000</vaccuracy>
<internetconnect>2</internetconnect>
</trkpt>
<trkpt lat="35.841146" lon="139.048006">
<ele>536.666667</ele>
<time>2026-08-10T23:29:07Z</time>
<speed>1.410296</speed>
<trueHeading>0.000000</trueHeading>
<magneticHeading>0.000000</magneticHeading>
<gpsHeading>90.808838</gpsHeading>
<haccuracy>5.947000</haccuracy>
<vaccuracy>5.947000</vaccuracy>
<internetconnect>2</internetconnect>
</trkpt>
<trkpt lat="35.841276" lon="139.048334">
<ele>527.333333</ele>
<time>2026-08-10T23:29:53Z</time>
<speed>0.346984</speed>
<trueHeading>0.000000</trueHeading>
<magneticHeading>0.000000</magneticHeading>
<gpsHeading>64.070000</gpsHeading>
<haccuracy>5.212000</haccuracy>
<vaccuracy>5.212000</vaccuracy>
<internetconnect>2</internetconnect>
</trkpt>
<trkpt lat="35.841397" lon="139.049006">
<ele>524.000000</ele>
<time>2026-08-10T23:30:41Z</time>
<speed>0.657908</speed>
<trueHeading>0.000000</trueHeading>
<magneticHeading>0.000000</magneticHeading>
<gpsHeading>77.438507</gpsHeading>
<haccuracy>6.584000</haccuracy>
<vaccuracy>6.584000</vaccuracy>
<internetconnect>2</internetconnect>
</trkpt>
<trkpt lat="35.841275" lon="139.049374">
<ele>517.666667</ele>
<time>2026-08-10T23:31:28Z</time>
<speed>0.408866</speed>
<trueHeading>0.000000</trueHeading>
<magneticHeading>0.000000</magneticHeading>
<gpsHeading>112.215240</gpsHeading>
<haccuracy>8.914000</haccuracy>
<vaccuracy>8.914000</vaccuracy>
<internetconnect>2</internetconnect>
</trkpt>
<trkpt lat="35.841403" lon="139.049890">
<ele>519.666667</ele>
<time>2026-08-10T23:32:16Z</time>
<speed>0.286622</speed>
<trueHeading>0.000000</trueHeading>
<magneticHeading>0.000000</magneticHeading>
<gpsHeading>73.073235</gpsHeading>
<haccuracy>5.968000</haccuracy>
<vaccuracy>5.968000</vaccuracy>
<internetconnect>2</internetconnect>
</trkpt>
<trkpt lat="35.841272" lon="139.050221">
<ele>527.666667</ele>
<time>2026-08-10T23:33:07Z</time>
<speed>0.143874</speed>
<trueHeading>0.000000</trueHeading>
<magneticHeading>0.000000</magneticHeading>
<gpsHeading>115.904800</gpsHeading>
<haccuracy>4.328000</haccuracy>
<vaccuracy>4.328000</vaccuracy>
<internetconnect>2</internetconnect>
</trkpt>
<trkpt lat="35.841004" lon="139.050202">
<ele>546.666667</ele>
<time>2026-08-10T23:35:10Z</time>
<speed>0.300000</speed>
<trueHeading>0.000000</trueHeading>
<magneticHeading>0.000000</magneticHeading>
<gpsHeading>183.246216</gpsHeading>
<haccuracy>6.885000</haccuracy>
<vaccuracy>6.885000</vaccuracy>
<internetconnect>2</internetconnect>
</trkpt>
<trkpt lat="35.840743" lon="139.050066">
<ele>564.333333</ele>
<time>2026-08-10T23:36:59Z</time>
<speed>0.920000</speed>
<trueHeading>0.000000</trueHeading>
<magneticHeading>0.000000</magneticHeading>
<gpsHeading>202.838455</gpsHeading>
<haccuracy>10.519000</haccuracy>
<vaccuracy>10.519000</vaccuracy>
<internetconnect>2</internetconnect>
</trkpt>
<trkpt lat="35.840705" lon="139.050409">
<ele>579.666667</ele>
<time>2026-08-10T23:38:10Z</time>
<speed>0.910000</speed>
<trueHeading>0.000000</trueHeading>
<magneticHeading>0.000000</magneticHeading>
<gpsHeading>97.741653</gpsHeading>
<haccuracy>10.879000</haccuracy>
<vaccuracy>10.879000</vaccuracy>
<internetconnect>2</internetconnect>
</trkpt>
<trkpt lat="35.840430" lon="139.050556">
<ele>593.000000</ele>
<time>2026-08-10T23:39:34Z</time>
<speed>0.220773</speed>
<trueHeading>0.000000</trueHeading>
<magneticHeading>0.000000</magneticHeading>
<gpsHeading>156.506012</gpsHeading>
<haccuracy>4.381000</haccuracy>
<vaccuracy>4.381000</vaccuracy>
<internetconnect>2</internetconnect>
</trkpt>
<trkpt lat="35.840205" lon="139.050338">
<ele>610.666667</ele>
<time>2026-08-10T23:41:02Z</time>
<speed>0.311830</speed>
<trueHeading>0.000000</trueHeading>
<magneticHeading>0.000000</magneticHeading>
<gpsHeading>218.160370</gpsHeading>
<haccuracy>4.914000</haccuracy>
<vaccuracy>4.914000</vaccuracy>
<internetconnect>2</internetconnect>
</trkpt>
<trkpt lat="35.840208" lon="139.049959">
<ele>621.333333</ele>
<time>2026-08-10T23:42:05Z</time>
<speed>0.849945</speed>
<trueHeading>0.000000</trueHeading>
<magneticHeading>0.000000</magneticHeading>
<gpsHeading>270.540802</gpsHeading>
<haccuracy>4.941000</haccuracy>
<vaccuracy>4.941000</vaccuracy>
<internetconnect>2</internetconnect>
</trkpt>
<trkpt lat="35.840363" lon="139.049649">
<ele>626.333333</ele>
<time>2026-08-10T23:43:54Z</time>
<speed>0.958063</speed>
<trueHeading>0.000000</trueHeading>
<magneticHeading>0.000000</magneticHeading>
<gpsHeading>301.756531</gpsHeading>
<haccuracy>5.218000</haccuracy>
<vaccuracy>5.218000</vaccuracy>
<internetconnect>2</internetconnect>
</trkpt>
<trkpt lat="35.840144" lon="139.049437">
<ele>626.333333</ele>
<time>2026-08-10T23:45:13Z</time>
<speed>0.630237</speed>
<trueHeading>0.000000</trueHeading>
<magneticHeading>0.000000</magneticHeading>
<gpsHeading>218.034439</gpsHeading>
<haccuracy>3.156000</haccuracy>
<vaccuracy>3.156000</vaccuracy>
<internetconnect>2</internetconnect>
</trkpt>
<trkpt lat="35.839729" lon="139.049178">
<ele>623.333333</ele>
<time>2026-08-10T23:46:00Z</time>
<speed>1.085654</speed>
<trueHeading>0.000000</trueHeading>
<magneticHeading>0.000000</magneticHeading>
<gpsHeading>206.826035</gpsHeading>
<haccuracy>6.262000</haccuracy>
<vaccuracy>6.262000</vaccuracy>
<internetconnect>2</internetconnect>
</trkpt>
<trkpt lat="35.839526" lon="139.048920">
<ele>618.333333</ele>
<time>2026-08-10T23:47:10Z</time>
<speed>0.056020</speed>
<trueHeading>0.000000</trueHeading>
<magneticHeading>0.000000</magneticHeading>
<gpsHeading>225.936600</gpsHeading>
<haccuracy>4.427000</haccuracy>
<vaccuracy>4.427000</vaccuracy>
<internetconnect>2</internetconnect>
</trkpt>
<trkpt lat="35.839379" lon="139.048676">
<ele>616.333333</ele>
<time>2026-08-10T23:49:14Z</time>
<speed>0.375660</speed>
<trueHeading>0.000000</trueHeading>
<magneticHeading>0.000000</magneticHeading>
<gpsHeading>233.396622</gpsHeading>
<haccuracy>5.247000</haccuracy>
<vaccuracy>5.247000</vaccuracy>
<internetconnect>2</internetconnect>
</trkpt>
<trkpt lat="35.839390" lon="139.048295">
<ele>621.333333</ele>
<time>2026-08-10T23:50:10Z</time>
<speed>0.828735</speed>
<trueHeading>0.000000</trueHeading>
<magneticHeading>0.000000</magneticHeading>
<gpsHeading>272.079498</gpsHeading>
<haccuracy>5.241000</haccuracy>
<vaccuracy>5.241000</vaccuracy>
<internetconnect>2</internetconnect>
</trkpt>
<trkpt lat="35.839168" lon="139.048078">
<ele>627.666667</ele>
<time>2026-08-10T23:51:19Z</time>
<speed>0.216337</speed>
<trueHeading>0.000000</trueHeading>
<magneticHeading>0.000000</magneticHeading>
<gpsHeading>218.342010</gpsHeading>
<haccuracy>3.846000</haccuracy>
<vaccuracy>3.846000</vaccuracy>
<internetconnect>2</internetconnect>
</trkpt>
<trkpt lat="35.838860" lon="139.047854">
<ele>634.000000</ele>
<time>2026-08-10T23:52:07Z</time>
<speed>0.146264</speed>
<trueHeading>0.000000</trueHeading>
<magneticHeading>0.000000</magneticHeading>
<gpsHeading>210.496124</gpsHeading>
<haccuracy>5.354000</haccuracy>
<vaccuracy>5.354000</vaccuracy>
<internetconnect>2</internetconnect>
</trkpt>
<trkpt lat="35.838753" lon="139.047757">
<ele>645.000000</ele>
<time>2026-08-10T23:55:10Z</time>
<speed>0.320000</speed>
<trueHeading>0.000000</trueHeading>
<magneticHeading>0.000000</magneticHeading>
<gpsHeading>216.684570</gpsHeading>
<haccuracy>8.917000</haccuracy>
<vaccuracy>8.917000</vaccuracy>
<internetconnect>2</internetconnect>
</trkpt>
<trkpt lat="35.838998" lon="139.047550">
<ele>658.000000</ele>
<time>2026-08-10T23:56:56Z</time>
<speed>0.400000</speed>
<trueHeading>0.000000</trueHeading>
<magneticHeading>0.000000</magneticHeading>
<gpsHeading>325.612518</gpsHeading>
<haccuracy>10.561000</haccuracy>
<vaccuracy>10.561000</vaccuracy>
<internetconnect>2</internetconnect>
</trkpt>
<trkpt lat="35.839094" lon="139.047313">
<ele>673.000000</ele>
<time>2026-08-10T23:58:57Z</time>
<speed>0.186435</speed>
<trueHeading>0.000000</trueHeading>
<magneticHeading>0.000000</magneticHeading>
<gpsHeading>296.411133</gpsHeading>
<haccuracy>4.643000</haccuracy>
<vaccuracy>4.643000</vaccuracy>
<internetconnect>2</internetconnect>
</trkpt>
<trkpt lat="35.838910" lon="139.047094">
<ele>684.000000</ele>
<time>2026-08-11T00:01:01Z</time>
<speed>0.156372</speed>
<trueHeading>0.000000</trueHeading>
<magneticHeading>0.000000</magneticHeading>
<gpsHeading>224.048508</gpsHeading>
<haccuracy>4.078000</haccuracy>
<vaccuracy>4.078000</vaccuracy>
<internetconnect>2</internetconnect>
</trkpt>
<trkpt lat="35.838705" lon="139.047135">
<ele>693.000000</ele>
<time>2026-08-11T00:03:03Z</time>
<speed>0.660000</speed>
<trueHeading>0.000000</trueHeading>
<magneticHeading>0.000000</magneticHeading>
<gpsHeading>170.666809</gpsHeading>
<haccuracy>10.343000</haccuracy>
<vaccuracy>10.343000</vaccuracy>
<internetconnect>2</internetconnect>
</trkpt>
<trkpt lat="35.838600" lon="139.047038">
<ele>699.666667</ele>
<time>2026-08-11T00:05:09Z</time>
<speed>0.450000</speed>
<trueHeading>0.000000</trueHeading>
<magneticHeading>0.000000</magneticHeading>
<gpsHeading>216.722946</gpsHeading>
<haccuracy>11.087000</haccuracy>
<vaccuracy>11.087000</vaccuracy>
<internetconnect>2</internetconnect>
</trkpt>
<trkpt lat="35.838420" lon="139.046931">
<ele>706.000000</ele>
<time>2026-08-11T00:07:14Z</time>
<speed>0.760000</speed>
<trueHeading>0.000000</trueHeading>
<magneticHeading>0.000000</magneticHeading>
<gpsHeading>205.942566</gpsHeading>
<haccuracy>10.451000</haccuracy>
<vaccuracy>10.451000</vaccuracy>
<internetconnect>2</internetconnect>
</trkpt>
<trkpt lat="35.838312" lon="139.046719">
<ele>712.000000</ele>
<time>2026-08-11T00:09:19Z</time>
<speed>0.230000</speed>
<trueHeading>0.000000</trueHeading>
<magneticHeading>0.000000</magneticHeading>
<gpsHeading>237.901367</gpsHeading>
<haccuracy>10.763000</haccuracy>
<vaccuracy>10.763000</vaccuracy>
<internetconnect>2</internetconnect>
</trkpt>
<trkpt lat="35.838475" lon="139.046675">
<ele>717.666667</ele>
<time>2026-08-11T00:11:21Z</time>
<speed>0.000000</speed>
<trueHeading>0.000000</trueHeading>
<magneticHeading>0.000000</magneticHeading>
<gpsHeading>347.557678</gpsHeading>
<haccuracy>3.790000</haccuracy>
<vaccuracy>3.790000</vaccuracy>
<internetconnect>2</internetconnect>
</trkpt>
<trkpt lat="35.838410" lon="139.046576">
<ele>727.000000</ele>
<time>2026-08-11T00:13:24Z</time>
<speed>0.282157</speed>
<trueHeading>0.000000</trueHeading>
<magneticHeading>0.000000</magneticHeading>
<gpsHeading>231.268524</gpsHeading>
<haccuracy>3.000000</haccuracy>
<vaccuracy>3.000000</vaccuracy>
<internetconnect>2</internetconnect>
</trkpt>
<trkpt lat="35.838370" lon="139.046250">
<ele>738.000000</ele>
<time>2026-08-11T00:15:27Z</time>
<speed>0.201483</speed>
<trueHeading>0.000000</trueHeading>
<magneticHeading>0.000000</magneticHeading>
<gpsHeading>261.223816</gpsHeading>
<haccuracy>8.930000</haccuracy>
<vaccuracy>8.930000</vaccuracy>
<internetconnect>2</internetconnect>
</trkpt>
<trkpt lat="35.838277" lon="139.045905">
<ele>752.333333</ele>
<time>2026-08-11T00:17:17Z</time>
<speed>0.121874</speed>
<trueHeading>0.000000</trueHeading>
<magneticHeading>0.000000</magneticHeading>
<gpsHeading>251.651016</gpsHeading>
<haccuracy>3.000000</haccuracy>
<vaccuracy>3.000000</vaccuracy>
<internetconnect>2</internetconnect>
</trkpt>
<trkpt lat="35.837996" lon="139.045709">
<ele>764.333333</ele>
<time>2026-08-11T00:18:28Z</time>
<speed>0.298001</speed>
<trueHeading>0.000000</trueHeading>
<magneticHeading>0.000000</magneticHeading>
<gpsHeading>209.592484</gpsHeading>
<haccuracy>5.108000</haccuracy>
<vaccuracy>5.108000</vaccuracy>
<internetconnect>2</internetconnect>
</trkpt>
<trkpt lat="35.837789" lon="139.045458">
<ele>779.666667</ele>
<time>2026-08-11T00:19:18Z</time>
<speed>0.845712</speed>
<trueHeading>0.000000</trueHeading>
<magneticHeading>0.000000</magneticHeading>
<gpsHeading>224.508667</gpsHeading>
<haccuracy>4.312000</haccuracy>
<vaccuracy>4.312000</vaccuracy>
<internetconnect>2</internetconnect>
</trkpt>
<trkpt lat="35.837552" lon="139.045262">
<ele>792.000000</ele>
<time>2026-08-11T00:20:54Z</time>
<speed>0.970000</speed>
<trueHeading>0.000000</trueHeading>
<magneticHeading>0.000000</magneticHeading>
<gpsHeading>213.666519</gpsHeading>
<haccuracy>10.421000</haccuracy>
<vaccuracy>10.421000</vaccuracy>
<internetconnect>2</internetconnect>
</trkpt>
<trkpt lat="35.837463" lon="139.045268">
<ele>804.000000</ele>
<time>2026-08-11T00:22:57Z</time>
<speed>0.900000</speed>
<trueHeading>0.000000</trueHeading>
<magneticHeading>0.000000</magneticHeading>
<gpsHeading>176.906433</gpsHeading>
<haccuracy>10.494000</haccuracy>
<vaccuracy>10.494000</vaccuracy>
<internetconnect>2</internetconnect>
</trkpt>
<trkpt lat="35.837311" lon="139.044977">
<ele>815.666667</ele>
<time>2026-08-11T00:24:07Z</time>
<speed>0.365748</speed>
<trueHeading>0.000000</trueHeading>
<magneticHeading>0.000000</magneticHeading>
<gpsHeading>237.172073</gpsHeading>
<haccuracy>4.544000</haccuracy>
<vaccuracy>4.544000</vaccuracy>
<internetconnect>2</internetconnect>
</trkpt>
<trkpt lat="35.837149" lon="139.044644">
<ele>834.000000</ele>
<time>2026-08-11T00:25:10Z</time>
<speed>0.763436</speed>
<trueHeading>0.000000</trueHeading>
<magneticHeading>0.000000</magneticHeading>
<gpsHeading>238.970673</gpsHeading>
<haccuracy>4.876000</haccuracy>
<vaccuracy>4.876000</vaccuracy>
<internetconnect>2</internetconnect>
</trkpt>
<trkpt lat="35.836943" lon="139.044410">
<ele>850.666667</ele>
<time>2026-08-11T00:27:02Z</time>
<speed>0.272094</speed>
<trueHeading>0.000000</trueHeading>
<magneticHeading>0.000000</magneticHeading>
<gpsHeading>222.768127</gpsHeading>
<haccuracy>5.074000</haccuracy>
<vaccuracy>5.074000</vaccuracy>
<internetconnect>2</internetconnect>
</trkpt>
<trkpt lat="35.836744" lon="139.044427">
<ele>864.666667</ele>
<time>2026-08-11T00:29:03Z</time>
<speed>0.697598</speed>
<trueHeading>0.000000</trueHeading>
<magneticHeading>0.000000</magneticHeading>
<gpsHeading>176.017090</gpsHeading>
<haccuracy>3.464000</haccuracy>
<vaccuracy>3.464000</vaccuracy>
<internetconnect>2</internetconnect>
</trkpt>
<trkpt lat="35.836476" lon="139.044332">
<ele>878.000000</ele>
<time>2026-08-11T00:30:15Z</time>
<speed>0.731120</speed>
<trueHeading>0.000000</trueHeading>
<magneticHeading>0.000000</magneticHeading>
<gpsHeading>196.042450</gpsHeading>
<haccuracy>6.198000</haccuracy>
<vaccuracy>6.198000</vaccuracy>
<internetconnect>2</internetconnect>
</trkpt>
<trkpt lat="35.836319" lon="139.043959">
<ele>894.333333</ele>
<time>2026-08-11T00:31:25Z</time>
<speed>0.935560</speed>
<trueHeading>0.000000</trueHeading>
<magneticHeading>0.000000</magneticHeading>
<gpsHeading>242.607330</gpsHeading>
<haccuracy>3.806000</haccuracy>
<vaccuracy>3.806000</vaccuracy>
<internetconnect>2</internetconnect>
</trkpt>
<trkpt lat="35.835943" lon="139.043866">
<ele>910.333333</ele>
<time>2026-08-11T00:32:13Z</time>
<speed>0.545698</speed>
<trueHeading>0.000000</trueHeading>
<magneticHeading>0.000000</magneticHeading>
<gpsHeading>191.341385</gpsHeading>
<haccuracy>4.608000</haccuracy>
<vaccuracy>4.608000</vaccuracy>
<internetconnect>2</internetconnect>
</trkpt>
<trkpt lat="35.835723" lon="139.043646">
<ele>920.666667</ele>
<time>2026-08-11T00:33:40Z</time>
<speed>0.119954</speed>
<trueHeading>0.000000</trueHeading>
<magneticHeading>0.000000</magneticHeading>
<gpsHeading>219.044342</gpsHeading>
<haccuracy>3.551000</haccuracy>
<vaccuracy>3.551000</vaccuracy>
<internetconnect>2</internetconnect>
</trkpt>
<trkpt lat="35.835542" lon="139.043683">
<ele>928.666667</ele>
<time>2026-08-11T00:35:43Z</time>
<speed>0.228081</speed>
<trueHeading>0.000000</trueHeading>
<magneticHeading>0.000000</magneticHeading>
<gpsHeading>170.541031</gpsHeading>
<haccuracy>3.000000</haccuracy>
<vaccuracy>3.000000</vaccuracy>
<internetconnect>2</internetconnect>
</trkpt>
<trkpt lat="35.835280" lon="139.043467">
<ele>936.000000</ele>
<time>2026-08-11T00:36:34Z</time>
<speed>0.356221</speed>
<trueHeading>0.000000</trueHeading>
<magneticHeading>0.000000</magneticHeading>
<gpsHeading>213.918198</gpsHeading>
<haccuracy>4.361000</haccuracy>
<vaccuracy>4.361000</vaccuracy>
<internetconnect>2</internetconnect>
</trkpt>
<trkpt lat="35.835153" lon="139.043157">
<ele>948.666667</ele>
<time>2026-08-11T00:37:25Z</time>
<speed>0.372643</speed>
<trueHeading>0.000000</trueHeading>
<magneticHeading>0.000000</magneticHeading>
<gpsHeading>243.081009</gpsHeading>
<haccuracy>5.552000</haccuracy>
<vaccuracy>5.552000</vaccuracy>
<internetconnect>2</internetconnect>
</trkpt>
<trkpt lat="35.835076" lon="139.042799">
<ele>963.333333</ele>
<time>2026-08-11T00:39:07Z</time>
<speed>0.435880</speed>
<trueHeading>0.000000</trueHeading>
<magneticHeading>0.000000</magneticHeading>
<gpsHeading>255.125580</gpsHeading>
<haccuracy>4.414000</haccuracy>
<vaccuracy>4.414000</vaccuracy>
<internetconnect>2</internetconnect>
</trkpt>
<trkpt lat="35.834856" lon="139.042581">
<ele>978.000000</ele>
<time>2026-08-11T00:40:16Z</time>
<speed>0.169902</speed>
<trueHeading>0.000000</trueHeading>
<magneticHeading>0.000000</magneticHeading>
<gpsHeading>218.878281</gpsHeading>
<haccuracy>3.850000</haccuracy>
<vaccuracy>3.850000</vaccuracy>
<internetconnect>2</internetconnect>
</trkpt>
<trkpt lat="35.834659" lon="139.042315">
<ele>989.000000</ele>
<time>2026-08-11T00:41:15Z</time>
<speed>0.867083</speed>
<trueHeading>0.000000</trueHeading>
<magneticHeading>0.000000</magneticHeading>
<gpsHeading>227.566101</gpsHeading>
<haccuracy>5.165000</haccuracy>
<vaccuracy>5.165000</vaccuracy>
<internetconnect>2</internetconnect>
</trkpt>
<trkpt lat="35.834465" lon="139.042032">
<ele>999.333333</ele>
<time>2026-08-11T00:42:20Z</time>
<speed>0.875870</speed>
<trueHeading>0.000000</trueHeading>
<magneticHeading>0.000000</magneticHeading>
<gpsHeading>229.711319</gpsHeading>
<haccuracy>5.135000</haccuracy>
<vaccuracy>5.135000</vaccuracy>
<internetconnect>2</internetconnect>
</trkpt>
<trkpt lat="35.834254" lon="139.041748">
<ele>1009.333333</ele>
<time>2026-08-11T00:43:31Z</time>
<speed>0.889424</speed>
<trueHeading>0.000000</trueHeading>
<magneticHeading>0.000000</magneticHeading>
<gpsHeading>227.560791</gpsHeading>
<haccuracy>5.330000</haccuracy>
<vaccuracy>5.330000</vaccuracy>
<internetconnect>2</internetconnect>
</trkpt>
<trkpt lat="35.833989" lon="139.041563">
<ele>1019.333333</ele>
<time>2026-08-11T00:44:24Z</time>
<speed>0.977539</speed>
<trueHeading>0.000000</trueHeading>
<magneticHeading>0.000000</magneticHeading>
<gpsHeading>209.423676</gpsHeading>
<haccuracy>4.481000</haccuracy>
<vaccuracy>4.481000</vaccuracy>
<internetconnect>2</internetconnect>
</trkpt>
<trkpt lat="35.833693" lon="139.041303">
<ele>1028.666667</ele>
<time>2026-08-11T00:45:12Z</time>
<speed>0.801586</speed>
<trueHeading>0.000000</trueHeading>
<magneticHeading>0.000000</magneticHeading>
<gpsHeading>215.562347</gpsHeading>
<haccuracy>5.221000</haccuracy>
<vaccuracy>5.221000</vaccuracy>
<internetconnect>2</internetconnect>
</trkpt>
<trkpt lat="35.833387" lon="139.041119">
<ele>1040.666667</ele>
<time>2026-08-11T00:46:01Z</time>
<speed>1.053681</speed>
<trueHeading>0.000000</trueHeading>
<magneticHeading>0.000000</magneticHeading>
<gpsHeading>205.861298</gpsHeading>
<haccuracy>5.187000</haccuracy>
<vaccuracy>5.187000</vaccuracy>
<internetconnect>2</internetconnect>
</trkpt>
<trkpt lat="35.833049" lon="139.041098">
<ele>1051.333333</ele>
<time>2026-08-11T00:47:20Z</time>
<speed>0.990104</speed>
<trueHeading>0.000000</trueHeading>
<magneticHeading>0.000000</magneticHeading>
<gpsHeading>182.910995</gpsHeading>
<haccuracy>5.147000</haccuracy>
<vaccuracy>5.147000</vaccuracy>
<internetconnect>2</internetconnect>
</trkpt>
<trkpt lat="35.833141" lon="139.040772">
<ele>1062.000000</ele>
<time>2026-08-11T00:48:16Z</time>
<speed>0.447443</speed>
<trueHeading>0.000000</trueHeading>
<magneticHeading>0.000000</magneticHeading>
<gpsHeading>289.256470</gpsHeading>
<haccuracy>5.632000</haccuracy>
<vaccuracy>5.632000</vaccuracy>
<internetconnect>2</internetconnect>
</trkpt>
<trkpt lat="35.832854" lon="139.040706">
<ele>1071.000000</ele>
<time>2026-08-11T00:49:49Z</time>
<speed>0.258176</speed>
<trueHeading>0.000000</trueHeading>
<magneticHeading>0.000000</magneticHeading>
<gpsHeading>190.554977</gpsHeading>
<haccuracy>5.054000</haccuracy>
<vaccuracy>5.054000</vaccuracy>
<internetconnect>2</internetconnect>
</trkpt>
<trkpt lat="35.832597" lon="139.040840">
<ele>1085.333333</ele>
<time>2026-08-11T00:50:58Z</time>
<speed>0.147979</speed>
<trueHeading>0.000000</trueHeading>
<magneticHeading>0.000000</magneticHeading>
<gpsHeading>157.085495</gpsHeading>
<haccuracy>4.834000</haccuracy>
<vaccuracy>4.834000</vaccuracy>
<internetconnect>2</internetconnect>
</trkpt>
<trkpt lat="35.832318" lon="139.040979">
<ele>1101.666667</ele>
<time>2026-08-11T00:51:52Z</time>
<speed>0.567983</speed>
<trueHeading>0.000000</trueHeading>
<magneticHeading>0.000000</magneticHeading>
<gpsHeading>157.955490</gpsHeading>
<haccuracy>4.991000</haccuracy>
<vaccuracy>4.991000</vaccuracy>
<internetconnect>2</internetconnect>
</trkpt>
<trkpt lat="35.832018" lon="139.040967">
<ele>1117.000000</ele>
<time>2026-08-11T00:52:49Z</time>
<speed>0.422550</speed>
<trueHeading>0.000000</trueHeading>
<magneticHeading>0.000000</magneticHeading>
<gpsHeading>181.856796</gpsHeading>
<haccuracy>5.570000</haccuracy>
<vaccuracy>5.570000</vaccuracy>
<internetconnect>2</internetconnect>
</trkpt>
<trkpt lat="35.831735" lon="139.041003">
<ele>1131.000000</ele>
<time>2026-08-11T00:54:23Z</time>
<speed>0.335656</speed>
<trueHeading>0.000000</trueHeading>
<magneticHeading>0.000000</magneticHeading>
<gpsHeading>174.133942</gpsHeading>
<haccuracy>5.974000</haccuracy>
<vaccuracy>5.974000</vaccuracy>
<internetconnect>2</internetconnect>
</trkpt>
<trkpt lat="35.831582" lon="139.040707">
<ele>1141.666667</ele>
<time>2026-08-11T00:55:49Z</time>
<speed>0.160748</speed>
<trueHeading>0.000000</trueHeading>
<magneticHeading>0.000000</magneticHeading>
<gpsHeading>237.385376</gpsHeading>
<haccuracy>4.372000</haccuracy>
<vaccuracy>4.372000</vaccuracy>
<internetconnect>2</internetconnect>
</trkpt>
<trkpt lat="35.831300" lon="139.040573">
<ele>1153.000000</ele>
<time>2026-08-11T00:56:46Z</time>
<speed>1.032116</speed>
<trueHeading>0.000000</trueHeading>
<magneticHeading>0.000000</magneticHeading>
<gpsHeading>201.140686</gpsHeading>
<haccuracy>6.097000</haccuracy>
<vaccuracy>6.097000</vaccuracy>
<internetconnect>2</internetconnect>
</trkpt>
<trkpt lat="35.831027" lon="139.040388">
<ele>1164.000000</ele>
<time>2026-08-11T00:57:34Z</time>
<speed>1.316386</speed>
<trueHeading>0.000000</trueHeading>
<magneticHeading>0.000000</magneticHeading>
<gpsHeading>208.719635</gpsHeading>
<haccuracy>5.052000</haccuracy>
<vaccuracy>5.052000</vaccuracy>
<internetconnect>2</internetconnect>
</trkpt>
<trkpt lat="35.830900" lon="139.040050">
<ele>1174.666667</ele>
<time>2026-08-11T00:58:22Z</time>
<speed>0.903084</speed>
<trueHeading>0.000000</trueHeading>
<magneticHeading>0.000000</magneticHeading>
<gpsHeading>245.093826</gpsHeading>
<haccuracy>4.724000</haccuracy>
<vaccuracy>4.724000</vaccuracy>
<internetconnect>2</internetconnect>
</trkpt>
<trkpt lat="35.830887" lon="139.039706">
<ele>1186.000000</ele>
<time>2026-08-11T00:59:29Z</time>
<speed>0.426483</speed>
<trueHeading>0.000000</trueHeading>
<magneticHeading>0.000000</magneticHeading>
<gpsHeading>267.335114</gpsHeading>
<haccuracy>5.099000</haccuracy>
<vaccuracy>5.099000</vaccuracy>
<internetconnect>2</internetconnect>
</trkpt>
<trkpt lat="35.830896" lon="139.039349">
<ele>1196.666667</ele>
<time>2026-08-11T01:00:38Z</time>
<speed>0.766371</speed>
<trueHeading>0.000000</trueHeading>
<magneticHeading>0.000000</magneticHeading>
<gpsHeading>271.803314</gpsHeading>
<haccuracy>5.236000</haccuracy>
<vaccuracy>5.236000</vaccuracy>
<internetconnect>2</internetconnect>
</trkpt>
<trkpt lat="35.830799" lon="139.039025">
<ele>1208.666667</ele>
<time>2026-08-11T01:02:25Z</time>
<speed>0.249330</speed>
<trueHeading>0.000000</trueHeading>
<magneticHeading>0.000000</magneticHeading>
<gpsHeading>249.665375</gpsHeading>
<haccuracy>4.375000</haccuracy>
<vaccuracy>4.375000</vaccuracy>
<internetconnect>2</internetconnect>
</trkpt>
<trkpt lat="35.830757" lon="139.038677">
<ele>1215.666667</ele>
<time>2026-08-11T01:03:30Z</time>
<speed>0.173962</speed>
<trueHeading>0.000000</trueHeading>
<magneticHeading>0.000000</magneticHeading>
<gpsHeading>261.562439</gpsHeading>
<haccuracy>4.479000</haccuracy>
<vaccuracy>4.479000</vaccuracy>
<internetconnect>2</internetconnect>
</trkpt>
<trkpt lat="35.830886" lon="139.038366">
<ele>1219.000000</ele>
<time>2026-08-11T01:04:41Z</time>
<speed>0.125392</speed>
<trueHeading>0.000000</trueHeading>
<magneticHeading>0.000000</magneticHeading>
<gpsHeading>297.117371</gpsHeading>
<haccuracy>5.041000</haccuracy>
<vaccuracy>5.041000</vaccuracy>
<internetconnect>2</internetconnect>
</trkpt>
<trkpt lat="35.830816" lon="139.038011">
<ele>1220.333333</ele>
<time>2026-08-11T01:05:50Z</time>
<speed>0.360396</speed>
<trueHeading>0.000000</trueHeading>
<magneticHeading>0.000000</magneticHeading>
<gpsHeading>256.368042</gpsHeading>
<haccuracy>4.664000</haccuracy>
<vaccuracy>4.664000</vaccuracy>
<internetconnect>2</internetconnect>
</trkpt>
<trkpt lat="35.830684" lon="139.037680">
<ele>1221.000000</ele>
<time>2026-08-11T01:07:26Z</time>
<speed>0.700000</speed>
<trueHeading>0.000000</trueHeading>
<magneticHeading>0.000000</magneticHeading>
<gpsHeading>243.829041</gpsHeading>
<haccuracy>9.965000</haccuracy>
<vaccuracy>9.965000</vaccuracy>
<internetconnect>2</internetconnect>
</trkpt>
<trkpt lat="35.830646" lon="139.037295">
<ele>1219.000000</ele>
<time>2026-08-11T01:08:31Z</time>
<speed>1.350000</speed>
<trueHeading>0.000000</trueHeading>
<magneticHeading>0.000000</magneticHeading>
<gpsHeading>263.037262</gpsHeading>
<haccuracy>10.082000</haccuracy>
<vaccuracy>10.082000</vaccuracy>
<internetconnect>2</internetconnect>
</trkpt>
<trkpt lat="35.830679" lon="139.037126">
<ele>1214.333333</ele>
<time>2026-08-11T01:10:51Z</time>
<speed>0.087362</speed>
<trueHeading>0.000000</trueHeading>
<magneticHeading>0.000000</magneticHeading>
<gpsHeading>283.337708</gpsHeading>
<haccuracy>7.076000</haccuracy>
<vaccuracy>7.076000</vaccuracy>
<internetconnect>2</internetconnect>
</trkpt>
<trkpt lat="35.830704" lon="139.037133">
<ele>1211.333333</ele>
<time>2026-08-11T01:12:54Z</time>
<speed>0.155211</speed>
<trueHeading>0.000000</trueHeading>
<magneticHeading>0.000000</magneticHeading>
<gpsHeading>12.748857</gpsHeading>
<haccuracy>3.000000</haccuracy>
<vaccuracy>3.000000</vaccuracy>
<internetconnect>2</internetconnect>
</trkpt>
<trkpt lat="35.830700" lon="139.037154">
<ele>1210.000000</ele>
<time>2026-08-11T01:14:55Z</time>
<speed>1.680068</speed>
<trueHeading>0.000000</trueHeading>
<magneticHeading>0.000000</magneticHeading>
<gpsHeading>103.100784</gpsHeading>
<haccuracy>6.600000</haccuracy>
<vaccuracy>6.600000</vaccuracy>
<internetconnect>2</internetconnect>
</trkpt>
<trkpt lat="35.830727" lon="139.037124">
<ele>1210.000000</ele>
<time>2026-08-11T01:17:13Z</time>
<speed>0.208428</speed>
<trueHeading>0.000000</trueHeading>
<magneticHeading>0.000000</magneticHeading>
<gpsHeading>317.880676</gpsHeading>
<haccuracy>5.939000</haccuracy>
<vaccuracy>5.939000</vaccuracy>
<internetconnect>2</internetconnect>
</trkpt>
<trkpt lat="35.830712" lon="139.037183">
<ele>1210.000000</ele>
<time>2026-08-11T01:19:16Z</time>
<speed>0.966782</speed>
<trueHeading>0.000000</trueHeading>
<magneticHeading>0.000000</magneticHeading>
<gpsHeading>107.466148</gpsHeading>
<haccuracy>6.804000</haccuracy>
<vaccuracy>6.804000</vaccuracy>
<internetconnect>2</internetconnect>
</trkpt>
<trkpt lat="35.830699" lon="139.037180">
<ele>1210.000000</ele>
<time>2026-08-11T01:26:59Z</time>
<speed>0.305246</speed>
<trueHeading>0.000000</trueHeading>
<magneticHeading>0.000000</magneticHeading>
<gpsHeading>191.629425</gpsHeading>
<haccuracy>6.879000</haccuracy>
<vaccuracy>6.879000</vaccuracy>
<internetconnect>2</internetconnect>
</trkpt>
<trkpt lat="35.830720" lon="139.037180">
<ele>1210.000000</ele>
<time>2026-08-11T01:30:47Z</time>
<speed>0.911795</speed>
<trueHeading>0.000000</trueHeading>
<magneticHeading>0.000000</magneticHeading>
<gpsHeading>0.884740</gpsHeading>
<haccuracy>6.172000</haccuracy>
<vaccuracy>6.172000</vaccuracy>
<internetconnect>2</internetconnect>
</trkpt>
<trkpt lat="35.830754" lon="139.037177">
<ele>1211.000000</ele>
<time>2026-08-11T01:39:12Z</time>
<speed>0.158101</speed>
<trueHeading>0.000000</trueHeading>
<magneticHeading>0.000000</magneticHeading>
<gpsHeading>355.487427</gpsHeading>
<haccuracy>5.926000</haccuracy>
<vaccuracy>5.926000</vaccuracy>
<internetconnect>2</internetconnect>
</trkpt>
<trkpt lat="35.830738" lon="139.037269">
<ele>1212.000000</ele>
<time>2026-08-11T01:41:31Z</time>
<speed>0.138404</speed>
<trueHeading>0.000000</trueHeading>
<magneticHeading>0.000000</magneticHeading>
<gpsHeading>101.909737</gpsHeading>
<haccuracy>7.360000</haccuracy>
<vaccuracy>7.360000</vaccuracy>
<internetconnect>2</internetconnect>
</trkpt>
<trkpt lat="35.830749" lon="139.037236">
<ele>1213.000000</ele>
<time>2026-08-11T01:44:06Z</time>
<speed>0.204802</speed>
<trueHeading>0.000000</trueHeading>
<magneticHeading>0.000000</magneticHeading>
<gpsHeading>291.857910</gpsHeading>
<haccuracy>5.995000</haccuracy>
<vaccuracy>5.995000</vaccuracy>
<internetconnect>2</internetconnect>
</trkpt>
<trkpt lat="35.830728" lon="139.037226">
<ele>1211.333333</ele>
<time>2026-08-11T01:46:12Z</time>
<speed>0.000000</speed>
<trueHeading>0.000000</trueHeading>
<magneticHeading>0.000000</magneticHeading>
<gpsHeading>200.091522</gpsHeading>
<haccuracy>7.359000</haccuracy>
<vaccuracy>7.359000</vaccuracy>
<internetconnect>2</internetconnect>
</trkpt>
<trkpt lat="35.830554" lon="139.036933">
<ele>1210.000000</ele>
<time>2026-08-11T01:48:09Z</time>
<speed>0.000000</speed>
<trueHeading>0.000000</trueHeading>
<magneticHeading>0.000000</magneticHeading>
<gpsHeading>233.987457</gpsHeading>
<haccuracy>12.695000</haccuracy>
<vaccuracy>12.695000</vaccuracy>
<internetconnect>2</internetconnect>
</trkpt>
<trkpt lat="35.830523" lon="139.036735">
<ele>1214.000000</ele>
<time>2026-08-11T01:50:15Z</time>
<speed>0.410000</speed>
<trueHeading>0.000000</trueHeading>
<magneticHeading>0.000000</magneticHeading>
<gpsHeading>258.923218</gpsHeading>
<haccuracy>10.900000</haccuracy>
<vaccuracy>10.900000</vaccuracy>
<internetconnect>2</internetconnect>
</trkpt>
<trkpt lat="35.830390" lon="139.036625">
<ele>1222.666667</ele>
<time>2026-08-11T01:53:18Z</time>
<speed>0.680000</speed>
<trueHeading>0.000000</trueHeading>
<magneticHeading>0.000000</magneticHeading>
<gpsHeading>213.812286</gpsHeading>
<haccuracy>10.739000</haccuracy>
<vaccuracy>10.739000</vaccuracy>
<internetconnect>2</internetconnect>
</trkpt>
<trkpt lat="35.830320" lon="139.036270">
<ele>1229.666667</ele>
<time>2026-08-11T01:54:32Z</time>
<speed>0.000000</speed>
<trueHeading>0.000000</trueHeading>
<magneticHeading>0.000000</magneticHeading>
<gpsHeading>256.356720</gpsHeading>
<haccuracy>10.591000</haccuracy>
<vaccuracy>10.591000</vaccuracy>
<internetconnect>2</internetconnect>
</trkpt>
<trkpt lat="35.830288" lon="139.036108">
<ele>1235.333333</ele>
<time>2026-08-11T01:57:18Z</time>
<speed>1.470000</speed>
<trueHeading>0.000000</trueHeading>
<magneticHeading>0.000000</magneticHeading>
<gpsHeading>256.200409</gpsHeading>
<haccuracy>11.964000</haccuracy>
<vaccuracy>11.964000</vaccuracy>
<internetconnect>2</internetconnect>
</trkpt>
<trkpt lat="35.830198" lon="139.035776">
<ele>1238.666667</ele>
<time>2026-08-11T02:00:23Z</time>
<speed>0.000000</speed>
<trueHeading>0.000000</trueHeading>
<magneticHeading>0.000000</magneticHeading>
<gpsHeading>251.526062</gpsHeading>
<haccuracy>12.399000</haccuracy>
<vaccuracy>12.399000</vaccuracy>
<internetconnect>2</internetconnect>
</trkpt>
<trkpt lat="35.830421" lon="139.035514">
<ele>1243.333333</ele>
<time>2026-08-11T02:02:11Z</time>
<speed>1.660000</speed>
<trueHeading>0.000000</trueHeading>
<magneticHeading>0.000000</magneticHeading>
<gpsHeading>316.357574</gpsHeading>
<haccuracy>11.225000</haccuracy>
<vaccuracy>11.225000</vaccuracy>
<internetconnect>2</internetconnect>
</trkpt>
<trkpt lat="35.830652" lon="139.035288">
<ele>1241.666667</ele>
<time>2026-08-11T02:03:01Z</time>
<speed>0.000000</speed>
<trueHeading>0.000000</trueHeading>
<magneticHeading>0.000000</magneticHeading>
<gpsHeading>321.589142</gpsHeading>
<haccuracy>10.691000</haccuracy>
<vaccuracy>10.691000</vaccuracy>
<internetconnect>2</internetconnect>
</trkpt>
<trkpt lat="35.830704" lon="139.035188">
<ele>1244.000000</ele>
<time>2026-08-11T02:05:24Z</time>
<speed>0.210000</speed>
<trueHeading>0.000000</trueHeading>
<magneticHeading>0.000000</magneticHeading>
<gpsHeading>302.630981</gpsHeading>
<haccuracy>6.862000</haccuracy>
<vaccuracy>6.862000</vaccuracy>
<internetconnect>2</internetconnect>
</trkpt>
<trkpt lat="35.830517" lon="139.034962">
<ele>1248.333333</ele>
<time>2026-08-11T02:07:26Z</time>
<speed>0.000000</speed>
<trueHeading>0.000000</trueHeading>
<magneticHeading>0.000000</magneticHeading>
<gpsHeading>224.569183</gpsHeading>
<haccuracy>9.967000</haccuracy>
<vaccuracy>9.967000</vaccuracy>
<internetconnect>2</internetconnect>
</trkpt>
<trkpt lat="35.830278" lon="139.034871">
<ele>1256.666667</ele>
<time>2026-08-11T02:09:31Z</time>
<speed>0.805956</speed>
<trueHeading>0.000000</trueHeading>
<magneticHeading>0.000000</magneticHeading>
<gpsHeading>196.986435</gpsHeading>
<haccuracy>3.000000</haccuracy>
<vaccuracy>3.000000</vaccuracy>
<internetconnect>2</internetconnect>
</trkpt>
<trkpt lat="35.830213" lon="139.034920">
<ele>1260.000000</ele>
<time>2026-08-11T02:11:35Z</time>
<speed>0.237961</speed>
<trueHeading>0.000000</trueHeading>
<magneticHeading>0.000000</magneticHeading>
<gpsHeading>148.539917</gpsHeading>
<haccuracy>6.751000</haccuracy>
<vaccuracy>6.751000</vaccuracy>
<internetconnect>2</internetconnect>
</trkpt>
<trkpt lat="35.830196" lon="139.034863">
<ele>1261.333333</ele>
<time>2026-08-11T02:13:41Z</time>
<speed>0.189858</speed>
<trueHeading>0.000000</trueHeading>
<magneticHeading>0.000000</magneticHeading>
<gpsHeading>249.509415</gpsHeading>
<haccuracy>4.469000</haccuracy>
<vaccuracy>4.469000</vaccuracy>
<internetconnect>0</internetconnect>
</trkpt>
<trkpt lat="35.830061" lon="139.034559">
<ele>1264.666667</ele>
<time>2026-08-11T02:14:52Z</time>
<speed>0.360000</speed>
<trueHeading>0.000000</trueHeading>
<magneticHeading>0.000000</magneticHeading>
<gpsHeading>241.314789</gpsHeading>
<haccuracy>9.481000</haccuracy>
<vaccuracy>9.481000</vaccuracy>
<internetconnect>0</internetconnect>
</trkpt>
<trkpt lat="35.829786" lon="139.034386">
<ele>1271.333333</ele>
<time>2026-08-11T02:17:31Z</time>
<speed>0.340000</speed>
<trueHeading>0.000000</trueHeading>
<magneticHeading>0.000000</magneticHeading>
<gpsHeading>206.909317</gpsHeading>
<haccuracy>12.544000</haccuracy>
<vaccuracy>12.544000</vaccuracy>
<internetconnect>0</internetconnect>
</trkpt>
<trkpt lat="35.829504" lon="139.034097">
<ele>1279.333333</ele>
<time>2026-08-11T02:18:21Z</time>
<speed>0.626467</speed>
<trueHeading>0.000000</trueHeading>
<magneticHeading>0.000000</magneticHeading>
<gpsHeading>219.831436</gpsHeading>
<haccuracy>3.841000</haccuracy>
<vaccuracy>3.841000</vaccuracy>
<internetconnect>0</internetconnect>
</trkpt>
<trkpt lat="35.829438" lon="139.034049">
<ele>1281.333333</ele>
<time>2026-08-11T02:20:23Z</time>
<speed>0.162912</speed>
<trueHeading>0.000000</trueHeading>
<magneticHeading>0.000000</magneticHeading>
<gpsHeading>210.657898</gpsHeading>
<haccuracy>4.112000</haccuracy>
<vaccuracy>4.112000</vaccuracy>
<internetconnect>0</internetconnect>
</trkpt>
<trkpt lat="35.829548" lon="139.033707">
<ele>1280.666667</ele>
<time>2026-08-11T02:22:17Z</time>
<speed>0.365824</speed>
<trueHeading>0.000000</trueHeading>
<magneticHeading>0.000000</magneticHeading>
<gpsHeading>291.691681</gpsHeading>
<haccuracy>3.100000</haccuracy>
<vaccuracy>3.100000</vaccuracy>
<internetconnect>2</internetconnect>
</trkpt>
<trkpt lat="35.829307" lon="139.033461">
<ele>1277.666667</ele>
<time>2026-08-11T02:24:17Z</time>
<speed>0.677074</speed>
<trueHeading>0.000000</trueHeading>
<magneticHeading>0.000000</magneticHeading>
<gpsHeading>219.494888</gpsHeading>
<haccuracy>4.458000</haccuracy>
<vaccuracy>4.458000</vaccuracy>
<internetconnect>2</internetconnect>
</trkpt>
<trkpt lat="35.829288" lon="139.033396">
<ele>1277.666667</ele>
<time>2026-08-11T02:26:18Z</time>
<speed>0.170216</speed>
<trueHeading>0.000000</trueHeading>
<magneticHeading>0.000000</magneticHeading>
<gpsHeading>250.049637</gpsHeading>
<haccuracy>5.536000</haccuracy>
<vaccuracy>5.536000</vaccuracy>
<internetconnect>2</internetconnect>
</trkpt>
<trkpt lat="35.829167" lon="139.033348">
<ele>1276.333333</ele>
<time>2026-08-11T02:28:56Z</time>
<speed>0.204721</speed>
<trueHeading>0.000000</trueHeading>
<magneticHeading>0.000000</magneticHeading>
<gpsHeading>197.982101</gpsHeading>
<haccuracy>6.411000</haccuracy>
<vaccuracy>6.411000</vaccuracy>
<internetconnect>2</internetconnect>
</trkpt>
<trkpt lat="35.828855" lon="139.033226">
<ele>1277.000000</ele>
<time>2026-08-11T02:30:26Z</time>
<speed>0.720000</speed>
<trueHeading>0.000000</trueHeading>
<magneticHeading>0.000000</magneticHeading>
<gpsHeading>197.590225</gpsHeading>
<haccuracy>11.097000</haccuracy>
<vaccuracy>11.097000</vaccuracy>
<internetconnect>2</internetconnect>
</trkpt>
<trkpt lat="35.828795" lon="139.033217">
<ele>1280.000000</ele>
<time>2026-08-11T02:32:30Z</time>
<speed>0.000000</speed>
<trueHeading>0.000000</trueHeading>
<magneticHeading>0.000000</magneticHeading>
<gpsHeading>186.781357</gpsHeading>
<haccuracy>10.496000</haccuracy>
<vaccuracy>10.496000</vaccuracy>
<internetconnect>2</internetconnect>
</trkpt>
<trkpt lat="35.828516" lon="139.033243">
<ele>1287.000000</ele>
<time>2026-08-11T02:33:47Z</time>
<speed>0.270000</speed>
<trueHeading>0.000000</trueHeading>
<magneticHeading>0.000000</magneticHeading>
<gpsHeading>175.644516</gpsHeading>
<haccuracy>11.565000</haccuracy>
<vaccuracy>11.565000</vaccuracy>
<internetconnect>2</internetconnect>
</trkpt>
<trkpt lat="35.828393" lon="139.033311">
<ele>1295.000000</ele>
<time>2026-08-11T02:35:59Z</time>
<speed>0.370000</speed>
<trueHeading>0.000000</trueHeading>
<magneticHeading>0.000000</magneticHeading>
<gpsHeading>155.894516</gpsHeading>
<haccuracy>10.248000</haccuracy>
<vaccuracy>10.248000</vaccuracy>
<internetconnect>2</internetconnect>
</trkpt>
<trkpt lat="35.828191" lon="139.033349">
<ele>1297.333333</ele>
<time>2026-08-11T02:38:01Z</time>
<speed>0.000000</speed>
<trueHeading>0.000000</trueHeading>
<magneticHeading>0.000000</magneticHeading>
<gpsHeading>171.485352</gpsHeading>
<haccuracy>10.892000</haccuracy>
<vaccuracy>10.892000</vaccuracy>
<internetconnect>2</internetconnect>
</trkpt>
<trkpt lat="35.828043" lon="139.033311">
<ele>1297.000000</ele>
<time>2026-08-11T02:40:07Z</time>
<speed>0.000000</speed>
<trueHeading>0.000000</trueHeading>
<magneticHeading>0.000000</magneticHeading>
<gpsHeading>191.775772</gpsHeading>
<haccuracy>11.206000</haccuracy>
<vaccuracy>11.206000</vaccuracy>
<internetconnect>2</internetconnect>
</trkpt>
<trkpt lat="35.827856" lon="139.033269">
<ele>1295.333333</ele>
<time>2026-08-11T02:42:09Z</time>
<speed>0.720000</speed>
<trueHeading>0.000000</trueHeading>
<magneticHeading>0.000000</magneticHeading>
<gpsHeading>190.144272</gpsHeading>
<haccuracy>10.815000</haccuracy>
<vaccuracy>10.815000</vaccuracy>
<internetconnect>2</internetconnect>
</trkpt>
<trkpt lat="35.827838" lon="139.033285">
<ele>1295.000000</ele>
<time>2026-08-11T02:44:25Z</time>
<speed>0.520000</speed>
<trueHeading>0.000000</trueHeading>
<magneticHeading>0.000000</magneticHeading>
<gpsHeading>144.668976</gpsHeading>
<haccuracy>11.068000</haccuracy>
<vaccuracy>11.068000</vaccuracy>
<internetconnect>2</internetconnect>
</trkpt>
<trkpt lat="35.827734" lon="139.033138">
<ele>1294.333333</ele>
<time>2026-08-11T02:46:37Z</time>
<speed>0.000000</speed>
<trueHeading>0.000000</trueHeading>
<magneticHeading>0.000000</magneticHeading>
<gpsHeading>228.935547</gpsHeading>
<haccuracy>11.174000</haccuracy>
<vaccuracy>11.174000</vaccuracy>
<internetconnect>2</internetconnect>
</trkpt>
<trkpt lat="35.827735" lon="139.033126">
<ele>1292.000000</ele>
<time>2026-08-11T02:48:56Z</time>
<speed>0.000000</speed>
<trueHeading>0.000000</trueHeading>
<magneticHeading>0.000000</magneticHeading>
<gpsHeading>271.842865</gpsHeading>
<haccuracy>11.186000</haccuracy>
<vaccuracy>11.186000</vaccuracy>
<internetconnect>2</internetconnect>
</trkpt>
<trkpt lat="35.827632" lon="139.032996">
<ele>1293.666667</ele>
<time>2026-08-11T02:50:58Z</time>
<speed>0.340000</speed>
<trueHeading>0.000000</trueHeading>
<magneticHeading>0.000000</magneticHeading>
<gpsHeading>225.941330</gpsHeading>
<haccuracy>11.454000</haccuracy>
<vaccuracy>11.454000</vaccuracy>
<internetconnect>2</internetconnect>
</trkpt>
<trkpt lat="35.827500" lon="139.032960">
<ele>1298.000000</ele>
<time>2026-08-11T02:53:03Z</time>
<speed>0.600000</speed>
<trueHeading>0.000000</trueHeading>
<magneticHeading>0.000000</magneticHeading>
<gpsHeading>192.215714</gpsHeading>
<haccuracy>7.246000</haccuracy>
<vaccuracy>7.246000</vaccuracy>
<internetconnect>2</internetconnect>
</trkpt>
<trkpt lat="35.827360" lon="139.032935">
<ele>1299.333333</ele>
<time>2026-08-11T02:55:12Z</time>
<speed>0.150000</speed>
<trueHeading>0.000000</trueHeading>
<magneticHeading>0.000000</magneticHeading>
<gpsHeading>188.213699</gpsHeading>
<haccuracy>16.634001</haccuracy>
<vaccuracy>16.634001</vaccuracy>
<internetconnect>2</internetconnect>
</trkpt>
<trkpt lat="35.827493" lon="139.032854">
<ele>1297.000000</ele>
<time>2026-08-11T02:59:56Z</time>
<speed>0.000000</speed>
<trueHeading>0.000000</trueHeading>
<magneticHeading>0.000000</magneticHeading>
<gpsHeading>333.545898</gpsHeading>
<haccuracy>14.481000</haccuracy>
<vaccuracy>14.481000</vaccuracy>
<internetconnect>2</internetconnect>
</trkpt>
<trkpt lat="35.827462" lon="139.032819">
<ele>1292.000000</ele>
<time>2026-08-11T03:04:38Z</time>
<speed>0.000000</speed>
<trueHeading>0.000000</trueHeading>
<magneticHeading>0.000000</magneticHeading>
<gpsHeading>221.877472</gpsHeading>
<haccuracy>10.450000</haccuracy>
<vaccuracy>10.450000</vaccuracy>
<internetconnect>2</internetconnect>
</trkpt>
<trkpt lat="35.827464" lon="139.032756">
<ele>1286.666667</ele>
<time>2026-08-11T03:07:16Z</time>
<speed>0.000000</speed>
<trueHeading>0.000000</trueHeading>
<magneticHeading>0.000000</magneticHeading>
<gpsHeading>272.549866</gpsHeading>
<haccuracy>10.517000</haccuracy>
<vaccuracy>10.517000</vaccuracy>
<internetconnect>2</internetconnect>
</trkpt>
<trkpt lat="35.827562" lon="139.032660">
<ele>1276.666667</ele>
<time>2026-08-11T03:09:48Z</time>
<speed>0.380000</speed>
<trueHeading>0.000000</trueHeading>
<magneticHeading>0.000000</magneticHeading>
<gpsHeading>321.513641</gpsHeading>
<haccuracy>10.875000</haccuracy>
<vaccuracy>10.875000</vaccuracy>
<internetconnect>2</internetconnect>
</trkpt>
<trkpt lat="35.827557" lon="139.032454">
<ele>1268.666667</ele>
<time>2026-08-11T03:12:15Z</time>
<speed>0.470000</speed>
<trueHeading>0.000000</trueHeading>
<magneticHeading>0.000000</magneticHeading>
<gpsHeading>268.045410</gpsHeading>
<haccuracy>5.883000</haccuracy>
<vaccuracy>5.883000</vaccuracy>
<internetconnect>0</internetconnect>
</trkpt>
<trkpt lat="35.827541" lon="139.032489">
<ele>1267.333333</ele>
<time>2026-08-11T03:14:44Z</time>
<speed>0.000000</speed>
<trueHeading>0.000000</trueHeading>
<magneticHeading>0.000000</magneticHeading>
<gpsHeading>117.926933</gpsHeading>
<haccuracy>10.411000</haccuracy>
<vaccuracy>10.411000</vaccuracy>
<internetconnect>0</internetconnect>
</trkpt>
<trkpt lat="35.827494" lon="139.032609">
<ele>1272.333333</ele>
<time>2026-08-11T03:17:38Z</time>
<speed>0.067655</speed>
<trueHeading>0.000000</trueHeading>
<magneticHeading>0.000000</magneticHeading>
<gpsHeading>115.706993</gpsHeading>
<haccuracy>10.656000</haccuracy>
<vaccuracy>10.656000</vaccuracy>
<internetconnect>0</internetconnect>
</trkpt>
<trkpt lat="35.827453" lon="139.032634">
<ele>1283.666667</ele>
<time>2026-08-11T03:21:00Z</time>
<speed>0.740000</speed>
<trueHeading>0.000000</trueHeading>
<magneticHeading>0.000000</magneticHeading>
<gpsHeading>154.094772</gpsHeading>
<haccuracy>10.615000</haccuracy>
<vaccuracy>10.615000</vaccuracy>
<internetconnect>0</internetconnect>
</trkpt>
<trkpt lat="35.827297" lon="139.032856">
<ele>1293.333333</ele>
<time>2026-08-11T03:23:03Z</time>
<speed>0.250000</speed>
<trueHeading>0.000000</trueHeading>
<magneticHeading>0.000000</magneticHeading>
<gpsHeading>130.913345</gpsHeading>
<haccuracy>10.581000</haccuracy>
<vaccuracy>10.581000</vaccuracy>
<internetconnect>0</internetconnect>
</trkpt>
<trkpt lat="35.827245" lon="139.032846">
<ele>1303.666667</ele>
<time>2026-08-11T03:25:07Z</time>
<speed>0.029034</speed>
<trueHeading>0.000000</trueHeading>
<magneticHeading>0.000000</magneticHeading>
<gpsHeading>189.418335</gpsHeading>
<haccuracy>3.000000</haccuracy>
<vaccuracy>3.000000</vaccuracy>
<internetconnect>0</internetconnect>
</trkpt>
<trkpt lat="35.827102" lon="139.032858">
<ele>1306.333333</ele>
<time>2026-08-11T03:27:10Z</time>
<speed>2.160000</speed>
<trueHeading>0.000000</trueHeading>
<magneticHeading>0.000000</magneticHeading>
<gpsHeading>176.137360</gpsHeading>
<haccuracy>11.769000</haccuracy>
<vaccuracy>11.769000</vaccuracy>
<internetconnect>0</internetconnect>
</trkpt>
<trkpt lat="35.827044" lon="139.032843">
<ele>1307.333333</ele>
<time>2026-08-11T03:29:39Z</time>
<speed>1.530000</speed>
<trueHeading>0.000000</trueHeading>
<magneticHeading>0.000000</magneticHeading>
<gpsHeading>191.265305</gpsHeading>
<haccuracy>11.613000</haccuracy>
<vaccuracy>11.613000</vaccuracy>
<internetconnect>0</internetconnect>
</trkpt>
<trkpt lat="35.826795" lon="139.032673">
<ele>1306.333333</ele>
<time>2026-08-11T03:30:39Z</time>
<speed>0.000000</speed>
<trueHeading>0.000000</trueHeading>
<magneticHeading>0.000000</magneticHeading>
<gpsHeading>209.039658</gpsHeading>
<haccuracy>12.106000</haccuracy>
<vaccuracy>12.106000</vaccuracy>
<internetconnect>0</internetconnect>
</trkpt>
<trkpt lat="35.826789" lon="139.032631">
<ele>1305.333333</ele>
<time>2026-08-11T03:33:17Z</time>
<speed>0.000000</speed>
<trueHeading>0.000000</trueHeading>
<magneticHeading>0.000000</magneticHeading>
<gpsHeading>259.355927</gpsHeading>
<haccuracy>11.480000</haccuracy>
<vaccuracy>11.480000</vaccuracy>
<internetconnect>0</internetconnect>
</trkpt>
<trkpt lat="35.826539" lon="139.032290">
<ele>1303.000000</ele>
<time>2026-08-11T03:34:05Z</time>
<speed>0.000000</speed>
<trueHeading>0.000000</trueHeading>
<magneticHeading>0.000000</magneticHeading>
<gpsHeading>227.924973</gpsHeading>
<haccuracy>12.026000</haccuracy>
<vaccuracy>12.026000</vaccuracy>
<internetconnect>0</internetconnect>
</trkpt>
<trkpt lat="35.826612" lon="139.032379">
<ele>1299.666667</ele>
<time>2026-08-11T03:36:09Z</time>
<speed>0.720000</speed>
<trueHeading>0.000000</trueHeading>
<magneticHeading>0.000000</magneticHeading>
<gpsHeading>44.632282</gpsHeading>
<haccuracy>13.143000</haccuracy>
<vaccuracy>13.143000</vaccuracy>
<internetconnect>2</internetconnect>
</trkpt>
<trkpt lat="35.826851" lon="139.032561">
<ele>1293.333333</ele>
<time>2026-08-11T03:37:50Z</time>
<speed>0.000000</speed>
<trueHeading>0.000000</trueHeading>
<magneticHeading>0.000000</magneticHeading>
<gpsHeading>31.811993</gpsHeading>
<haccuracy>13.537000</haccuracy>
<vaccuracy>13.537000</vaccuracy>
<internetconnect>2</internetconnect>
</trkpt>
<trkpt lat="35.826963" lon="139.032552">
<ele>1291.666667</ele>
<time>2026-08-11T03:39:53Z</time>
<speed>0.000000</speed>
<trueHeading>0.000000</trueHeading>
<magneticHeading>0.000000</magneticHeading>
<gpsHeading>356.124359</gpsHeading>
<haccuracy>12.146000</haccuracy>
<vaccuracy>12.146000</vaccuracy>
<internetconnect>2</internetconnect>
</trkpt>
<trkpt lat="35.826711" lon="139.032375">
<ele>1291.333333</ele>
<time>2026-08-11T03:41:03Z</time>
<speed>0.510000</speed>
<trueHeading>0.000000</trueHeading>
<magneticHeading>0.000000</magneticHeading>
<gpsHeading>209.632935</gpsHeading>
<haccuracy>13.285000</haccuracy>
<vaccuracy>13.285000</vaccuracy>
<internetconnect>2</internetconnect>
</trkpt>
<trkpt lat="35.826778" lon="139.032423">
<ele>1289.333333</ele>
<time>2026-08-11T03:43:09Z</time>
<speed>0.370000</speed>
<trueHeading>0.000000</trueHeading>
<magneticHeading>0.000000</magneticHeading>
<gpsHeading>30.254381</gpsHeading>
<haccuracy>12.643000</haccuracy>
<vaccuracy>12.643000</vaccuracy>
<internetconnect>2</internetconnect>
</trkpt>
<trkpt lat="35.826937" lon="139.032461">
<ele>1282.333333</ele>
<time>2026-08-11T03:45:35Z</time>
<speed>0.000000</speed>
<trueHeading>0.000000</trueHeading>
<magneticHeading>0.000000</magneticHeading>
<gpsHeading>10.873848</gpsHeading>
<haccuracy>11.457000</haccuracy>
<vaccuracy>11.457000</vaccuracy>
<internetconnect>2</internetconnect>
</trkpt>
<trkpt lat="35.827038" lon="139.032332">
<ele>1272.666667</ele>
<time>2026-08-11T03:47:38Z</time>
<speed>1.890000</speed>
<trueHeading>0.000000</trueHeading>
<magneticHeading>0.000000</magneticHeading>
<gpsHeading>313.819061</gpsHeading>
<haccuracy>11.535000</haccuracy>
<vaccuracy>11.535000</vaccuracy>
<internetconnect>2</internetconnect>
</trkpt>
<trkpt lat="35.827022" lon="139.032150">
<ele>1266.000000</ele>
<time>2026-08-11T03:50:22Z</time>
<speed>3.810000</speed>
<trueHeading>0.000000</trueHeading>
<magneticHeading>0.000000</magneticHeading>
<gpsHeading>264.122101</gpsHeading>
<haccuracy>11.878000</haccuracy>
<vaccuracy>11.878000</vaccuracy>
<internetconnect>2</internetconnect>
</trkpt>
<trkpt lat="35.827044" lon="139.032085">
<ele>1262.000000</ele>
<time>2026-08-11T03:52:30Z</time>
<speed>0.000000</speed>
<trueHeading>0.000000</trueHeading>
<magneticHeading>0.000000</magneticHeading>
<gpsHeading>292.100250</gpsHeading>
<haccuracy>9.169000</haccuracy>
<vaccuracy>9.169000</vaccuracy>
<internetconnect>2</internetconnect>
</trkpt>
<trkpt lat="35.827011" lon="139.032099">
<ele>1261.000000</ele>
<time>2026-08-11T03:56:01Z</time>
<speed>0.000000</speed>
<trueHeading>0.000000</trueHeading>
<magneticHeading>0.000000</magneticHeading>
<gpsHeading>160.658325</gpsHeading>
<haccuracy>10.545000</haccuracy>
<vaccuracy>10.545000</vaccuracy>
<internetconnect>2</internetconnect>
</trkpt>
<trkpt lat="35.827050" lon="139.032081">
<ele>1252.666667</ele>
<time>2026-08-11T03:58:02Z</time>
<speed>0.000000</speed>
<trueHeading>0.000000</trueHeading>
<magneticHeading>0.000000</magneticHeading>
<gpsHeading>340.311676</gpsHeading>
<haccuracy>11.276000</haccuracy>
<vaccuracy>11.276000</vaccuracy>
<internetconnect>0</internetconnect>
</trkpt>
<trkpt lat="35.827307" lon="139.031919">
<ele>1244.333333</ele>
<time>2026-08-11T03:59:37Z</time>
<speed>0.000000</speed>
<trueHeading>0.000000</trueHeading>
<magneticHeading>0.000000</magneticHeading>
<gpsHeading>332.868286</gpsHeading>
<haccuracy>14.410000</haccuracy>
<vaccuracy>14.410000</vaccuracy>
<internetconnect>0</internetconnect>
</trkpt>
<trkpt lat="35.827337" lon="139.031890">
<ele>1235.333333</ele>
<time>2026-08-11T04:01:39Z</time>
<speed>0.000000</speed>
<trueHeading>0.000000</trueHeading>
<magneticHeading>0.000000</magneticHeading>
<gpsHeading>322.184509</gpsHeading>
<haccuracy>11.019000</haccuracy>
<vaccuracy>11.019000</vaccuracy>
<internetconnect>0</internetconnect>
</trkpt>
<trkpt lat="35.827346" lon="139.031829">
<ele>1235.333333</ele>
<time>2026-08-11T04:03:52Z</time>
<speed>0.000000</speed>
<trueHeading>0.000000</trueHeading>
<magneticHeading>0.000000</magneticHeading>
<gpsHeading>279.785614</gpsHeading>
<haccuracy>8.740000</haccuracy>
<vaccuracy>8.740000</vaccuracy>
<internetconnect>2</internetconnect>
</trkpt>
<trkpt lat="35.827338" lon="139.031551">
<ele>1235.000000</ele>
<time>2026-08-11T04:06:18Z</time>
<speed>0.000000</speed>
<trueHeading>0.000000</trueHeading>
<magneticHeading>0.000000</magneticHeading>
<gpsHeading>267.963623</gpsHeading>
<haccuracy>7.354000</haccuracy>
<vaccuracy>7.354000</vaccuracy>
<internetconnect>2</internetconnect>
</trkpt>
<trkpt lat="35.827335" lon="139.031537">
<ele>1235.666667</ele>
<time>2026-08-11T04:08:20Z</time>
<speed>0.370000</speed>
<trueHeading>0.000000</trueHeading>
<magneticHeading>0.000000</magneticHeading>
<gpsHeading>255.195557</gpsHeading>
<haccuracy>11.406000</haccuracy>
<vaccuracy>11.406000</vaccuracy>
<internetconnect>2</internetconnect>
</trkpt>
<trkpt lat="35.827404" lon="139.031189">
<ele>1234.000000</ele>
<time>2026-08-11T04:10:15Z</time>
<speed>0.660000</speed>
<trueHeading>0.000000</trueHeading>
<magneticHeading>0.000000</magneticHeading>
<gpsHeading>283.807037</gpsHeading>
<haccuracy>10.950000</haccuracy>
<vaccuracy>10.950000</vaccuracy>
<internetconnect>2</internetconnect>
</trkpt>
<trkpt lat="35.827412" lon="139.031200">
<ele>1233.000000</ele>
<time>2026-08-11T04:12:26Z</time>
<speed>0.000000</speed>
<trueHeading>0.000000</trueHeading>
<magneticHeading>0.000000</magneticHeading>
<gpsHeading>52.324696</gpsHeading>
<haccuracy>10.173000</haccuracy>
<vaccuracy>10.173000</vaccuracy>
<internetconnect>2</internetconnect>
</trkpt>
<trkpt lat="35.827462" lon="139.031159">
<ele>1229.666667</ele>
<time>2026-08-11T04:14:37Z</time>
<speed>0.930000</speed>
<trueHeading>0.000000</trueHeading>
<magneticHeading>0.000000</magneticHeading>
<gpsHeading>326.446838</gpsHeading>
<haccuracy>11.836000</haccuracy>
<vaccuracy>11.836000</vaccuracy>
<internetconnect>2</internetconnect>
</trkpt>
<trkpt lat="35.827674" lon="139.031090">
<ele>1227.666667</ele>
<time>2026-08-11T04:16:48Z</time>
<speed>0.000000</speed>
<trueHeading>0.000000</trueHeading>
<magneticHeading>0.000000</magneticHeading>
<gpsHeading>345.175995</gpsHeading>
<haccuracy>11.940000</haccuracy>
<vaccuracy>11.940000</vaccuracy>
<internetconnect>2</internetconnect>
</trkpt>
<trkpt lat="35.827814" lon="139.030888">
<ele>1231.333333</ele>
<time>2026-08-11T04:19:31Z</time>
<speed>0.290000</speed>
<trueHeading>0.000000</trueHeading>
<magneticHeading>0.000000</magneticHeading>
<gpsHeading>310.407745</gpsHeading>
<haccuracy>4.296000</haccuracy>
<vaccuracy>4.296000</vaccuracy>
<internetconnect>2</internetconnect>
</trkpt>
<trkpt lat="35.827764" lon="139.030530">
<ele>1239.333333</ele>
<time>2026-08-11T04:21:28Z</time>
<speed>0.000000</speed>
<trueHeading>0.000000</trueHeading>
<magneticHeading>0.000000</magneticHeading>
<gpsHeading>260.261841</gpsHeading>
<haccuracy>10.181000</haccuracy>
<vaccuracy>10.181000</vaccuracy>
<internetconnect>2</internetconnect>
</trkpt>
<trkpt lat="35.827630" lon="139.030271">
<ele>1246.000000</ele>
<time>2026-08-11T04:23:47Z</time>
<speed>0.000000</speed>
<trueHeading>0.000000</trueHeading>
<magneticHeading>0.000000</magneticHeading>
<gpsHeading>237.477341</gpsHeading>
<haccuracy>12.067000</haccuracy>
<vaccuracy>12.067000</vaccuracy>
<internetconnect>2</internetconnect>
</trkpt>
<trkpt lat="35.827583" lon="139.030112">
<ele>1246.000000</ele>
<time>2026-08-11T04:25:50Z</time>
<speed>0.750000</speed>
<trueHeading>0.000000</trueHeading>
<magneticHeading>0.000000</magneticHeading>
<gpsHeading>249.982391</gpsHeading>
<haccuracy>10.181000</haccuracy>
<vaccuracy>10.181000</vaccuracy>
<internetconnect>2</internetconnect>
</trkpt>
<trkpt lat="35.827622" lon="139.029933">
<ele>1246.000000</ele>
<time>2026-08-11T04:28:10Z</time>
<speed>0.330000</speed>
<trueHeading>0.000000</trueHeading>
<magneticHeading>0.000000</magneticHeading>
<gpsHeading>284.838623</gpsHeading>
<haccuracy>11.129000</haccuracy>
<vaccuracy>11.129000</vaccuracy>
<internetconnect>2</internetconnect>
</trkpt>
<trkpt lat="35.827666" lon="139.029577">
<ele>1249.666667</ele>
<time>2026-08-11T04:29:49Z</time>
<speed>0.210000</speed>
<trueHeading>0.000000</trueHeading>
<magneticHeading>0.000000</magneticHeading>
<gpsHeading>278.718292</gpsHeading>
<haccuracy>10.427000</haccuracy>
<vaccuracy>10.427000</vaccuracy>
<internetconnect>2</internetconnect>
</trkpt>
<trkpt lat="35.827783" lon="139.029349">
<ele>1255.333333</ele>
<time>2026-08-11T04:31:54Z</time>
<speed>0.000000</speed>
<trueHeading>0.000000</trueHeading>
<magneticHeading>0.000000</magneticHeading>
<gpsHeading>302.351379</gpsHeading>
<haccuracy>22.014000</haccuracy>
<vaccuracy>22.014000</vaccuracy>
<internetconnect>2</internetconnect>
</trkpt>
<trkpt lat="35.827763" lon="139.029325">
<ele>1258.666667</ele>
<time>2026-08-11T04:34:06Z</time>
<speed>0.000000</speed>
<trueHeading>0.000000</trueHeading>
<magneticHeading>0.000000</magneticHeading>
<gpsHeading>224.308929</gpsHeading>
<haccuracy>10.361000</haccuracy>
<vaccuracy>10.361000</vaccuracy>
<internetconnect>2</internetconnect>
</trkpt>
<trkpt lat="35.827744" lon="139.029390">
<ele>1260.000000</ele>
<time>2026-08-11T04:38:12Z</time>
<speed>0.317423</speed>
<trueHeading>0.000000</trueHeading>
<magneticHeading>0.000000</magneticHeading>
<gpsHeading>110.078125</gpsHeading>
<haccuracy>11.640000</haccuracy>
<vaccuracy>11.640000</vaccuracy>
<internetconnect>2</internetconnect>
</trkpt>
<trkpt lat="35.827734" lon="139.029389">
<ele>1260.000000</ele>
<time>2026-08-11T04:40:36Z</time>
<speed>0.447146</speed>
<trueHeading>0.000000</trueHeading>
<magneticHeading>0.000000</magneticHeading>
<gpsHeading>189.210693</gpsHeading>
<haccuracy>9.388000</haccuracy>
<vaccuracy>9.388000</vaccuracy>
<internetconnect>2</internetconnect>
</trkpt>
<trkpt lat="35.827738" lon="139.029388">
<ele>1260.000000</ele>
<time>2026-08-11T04:43:17Z</time>
<speed>0.457331</speed>
<trueHeading>0.000000</trueHeading>
<magneticHeading>0.000000</magneticHeading>
<gpsHeading>348.843475</gpsHeading>
<haccuracy>10.385000</haccuracy>
<vaccuracy>10.385000</vaccuracy>
<internetconnect>0</internetconnect>
</trkpt>
<trkpt lat="35.827716" lon="139.029355">
<ele>1260.000000</ele>
<time>2026-08-11T04:45:29Z</time>
<speed>0.283240</speed>
<trueHeading>0.000000</trueHeading>
<magneticHeading>0.000000</magneticHeading>
<gpsHeading>231.090729</gpsHeading>
<haccuracy>5.629000</haccuracy>
<vaccuracy>5.629000</vaccuracy>
<internetconnect>2</internetconnect>
</trkpt>
<trkpt lat="35.827752" lon="139.029384">
<ele>1265.666667</ele>
<time>2026-08-11T04:47:36Z</time>
<speed>0.092217</speed>
<trueHeading>0.000000</trueHeading>
<magneticHeading>0.000000</magneticHeading>
<gpsHeading>33.510036</gpsHeading>
<haccuracy>6.073000</haccuracy>
<vaccuracy>6.073000</vaccuracy>
<internetconnect>2</internetconnect>
</trkpt>
<trkpt lat="35.827503" lon="139.029330">
<ele>1274.333333</ele>
<time>2026-08-11T04:49:41Z</time>
<speed>0.115929</speed>
<trueHeading>0.000000</trueHeading>
<magneticHeading>0.000000</magneticHeading>
<gpsHeading>190.099136</gpsHeading>
<haccuracy>5.129000</haccuracy>
<vaccuracy>5.129000</vaccuracy>
<internetconnect>2</internetconnect>
</trkpt>
<trkpt lat="35.827368" lon="139.029421">
<ele>1286.000000</ele>
<time>2026-08-11T04:51:46Z</time>
<speed>0.121462</speed>
<trueHeading>0.000000</trueHeading>
<magneticHeading>0.000000</magneticHeading>
<gpsHeading>151.475677</gpsHeading>
<haccuracy>5.036000</haccuracy>
<vaccuracy>5.036000</vaccuracy>
<internetconnect>2</internetconnect>
</trkpt>
<trkpt lat="35.827179" lon="139.029699">
<ele>1297.666667</ele>
<time>2026-08-11T04:52:44Z</time>
<speed>0.117256</speed>
<trueHeading>0.000000</trueHeading>
<magneticHeading>0.000000</magneticHeading>
<gpsHeading>129.849701</gpsHeading>
<haccuracy>5.894000</haccuracy>
<vaccuracy>5.894000</vaccuracy>
<internetconnect>2</internetconnect>
</trkpt>
<trkpt lat="35.827097" lon="139.029475">
<ele>1305.333333</ele>
<time>2026-08-11T04:54:57Z</time>
<speed>0.200000</speed>
<trueHeading>0.000000</trueHeading>
<magneticHeading>0.000000</magneticHeading>
<gpsHeading>245.712891</gpsHeading>
<haccuracy>10.179000</haccuracy>
<vaccuracy>10.179000</vaccuracy>
<internetconnect>2</internetconnect>
</trkpt>
<trkpt lat="35.827144" lon="139.029267">
<ele>1320.000000</ele>
<time>2026-08-11T04:57:03Z</time>
<speed>0.810000</speed>
<trueHeading>0.000000</trueHeading>
<magneticHeading>0.000000</magneticHeading>
<gpsHeading>285.691681</gpsHeading>
<haccuracy>10.214000</haccuracy>
<vaccuracy>10.214000</vaccuracy>
<internetconnect>2</internetconnect>
</trkpt>
<trkpt lat="35.826862" lon="139.029242">
<ele>1333.333333</ele>
<time>2026-08-11T04:59:01Z</time>
<speed>0.650000</speed>
<trueHeading>0.000000</trueHeading>
<magneticHeading>0.000000</magneticHeading>
<gpsHeading>184.057785</gpsHeading>
<haccuracy>10.368000</haccuracy>
<vaccuracy>10.368000</vaccuracy>
<internetconnect>2</internetconnect>
</trkpt>
<trkpt lat="35.826656" lon="139.029267">
<ele>1351.666667</ele>
<time>2026-08-11T05:01:06Z</time>
<speed>0.244043</speed>
<trueHeading>0.000000</trueHeading>
<magneticHeading>0.000000</magneticHeading>
<gpsHeading>174.369492</gpsHeading>
<haccuracy>4.346000</haccuracy>
<vaccuracy>4.346000</vaccuracy>
<internetconnect>2</internetconnect>
</trkpt>
<trkpt lat="35.826535" lon="139.029197">
<ele>1368.000000</ele>
<time>2026-08-11T05:03:10Z</time>
<speed>0.890000</speed>
<trueHeading>0.000000</trueHeading>
<magneticHeading>0.000000</magneticHeading>
<gpsHeading>205.140701</gpsHeading>
<haccuracy>5.584000</haccuracy>
<vaccuracy>5.584000</vaccuracy>
<internetconnect>2</internetconnect>
</trkpt>
<trkpt lat="35.826300" lon="139.029180">
<ele>1387.333333</ele>
<time>2026-08-11T05:05:13Z</time>
<speed>0.228037</speed>
<trueHeading>0.000000</trueHeading>
<magneticHeading>0.000000</magneticHeading>
<gpsHeading>183.265152</gpsHeading>
<haccuracy>4.733000</haccuracy>
<vaccuracy>4.733000</vaccuracy>
<internetconnect>2</internetconnect>
</trkpt>
<trkpt lat="35.826084" lon="139.029303">
<ele>1404.666667</ele>
<time>2026-08-11T05:07:18Z</time>
<speed>0.223198</speed>
<trueHeading>0.000000</trueHeading>
<magneticHeading>0.000000</magneticHeading>
<gpsHeading>155.315826</gpsHeading>
<haccuracy>5.375000</haccuracy>
<vaccuracy>5.375000</vaccuracy>
<internetconnect>2</internetconnect>
</trkpt>
<trkpt lat="35.826006" lon="139.029276">
<ele>1419.333333</ele>
<time>2026-08-11T05:09:19Z</time>
<speed>0.000000</speed>
<trueHeading>0.000000</trueHeading>
<magneticHeading>0.000000</magneticHeading>
<gpsHeading>195.568573</gpsHeading>
<haccuracy>10.972000</haccuracy>
<vaccuracy>10.972000</vaccuracy>
<internetconnect>2</internetconnect>
</trkpt>
<trkpt lat="35.825770" lon="139.029475">
<ele>1434.333333</ele>
<time>2026-08-11T05:10:30Z</time>
<speed>0.900000</speed>
<trueHeading>0.000000</trueHeading>
<magneticHeading>0.000000</magneticHeading>
<gpsHeading>145.775070</gpsHeading>
<haccuracy>10.242000</haccuracy>
<vaccuracy>10.242000</vaccuracy>
<internetconnect>2</internetconnect>
</trkpt>
<trkpt lat="35.825467" lon="139.029490">
<ele>1450.333333</ele>
<time>2026-08-11T05:12:16Z</time>
<speed>0.800234</speed>
<trueHeading>0.000000</trueHeading>
<magneticHeading>0.000000</magneticHeading>
<gpsHeading>177.685379</gpsHeading>
<haccuracy>5.152000</haccuracy>
<vaccuracy>5.152000</vaccuracy>
<internetconnect>2</internetconnect>
</trkpt>
<trkpt lat="35.825268" lon="139.029440">
<ele>1463.666667</ele>
<time>2026-08-11T05:14:18Z</time>
<speed>0.929778</speed>
<trueHeading>0.000000</trueHeading>
<magneticHeading>0.000000</magneticHeading>
<gpsHeading>191.464279</gpsHeading>
<haccuracy>5.288000</haccuracy>
<vaccuracy>5.288000</vaccuracy>
<internetconnect>2</internetconnect>
</trkpt>
<trkpt lat="35.825143" lon="139.029528">
<ele>1486.720174</ele>
<time>2026-08-11T05:16:47Z</time>
<speed>0.107615</speed>
<trueHeading>0.000000</trueHeading>
<magneticHeading>0.000000</magneticHeading>
<gpsHeading>150.123306</gpsHeading>
<haccuracy>3.995000</haccuracy>
<vaccuracy>3.995000</vaccuracy>
<internetconnect>2</internetconnect>
</trkpt>
<trkpt lat="35.825141" lon="139.029550">
<ele>1492.053507</ele>
<time>2026-08-11T05:16:54Z</time>
<speed>0.550000</speed>
<trueHeading>0.000000</trueHeading>
<magneticHeading>0.000000</magneticHeading>
<gpsHeading>0.000000</gpsHeading>
<haccuracy>6.164156</haccuracy>
<vaccuracy>6.164156</vaccuracy>
<internetconnect>0</internetconnect>
</trkpt>
<trkpt lat="35.825033" lon="139.029514">
<ele>1501.386841</ele>
<time>2026-08-11T05:18:50Z</time>
<speed>0.261776</speed>
<trueHeading>0.000000</trueHeading>
<magneticHeading>0.000000</magneticHeading>
<gpsHeading>185.948425</gpsHeading>
<haccuracy>5.452000</haccuracy>
<vaccuracy>5.452000</vaccuracy>
<internetconnect>2</internetconnect>
</trkpt>
<trkpt lat="35.824749" lon="139.029465">
<ele>1498.666667</ele>
<time>2026-08-11T05:19:57Z</time>
<speed>0.292445</speed>
<trueHeading>0.000000</trueHeading>
<magneticHeading>0.000000</magneticHeading>
<gpsHeading>187.832489</gpsHeading>
<haccuracy>5.394000</haccuracy>
<vaccuracy>5.394000</vaccuracy>
<internetconnect>2</internetconnect>
</trkpt>
<trkpt lat="35.824452" lon="139.029452">
<ele>1512.333333</ele>
<time>2026-08-11T05:21:39Z</time>
<speed>0.372778</speed>
<trueHeading>0.000000</trueHeading>
<magneticHeading>0.000000</magneticHeading>
<gpsHeading>182.077347</gpsHeading>
<haccuracy>5.598000</haccuracy>
<vaccuracy>5.598000</vaccuracy>
<internetconnect>2</internetconnect>
</trkpt>
<trkpt lat="35.824258" lon="139.029741">
<ele>1519.000000</ele>
<time>2026-08-11T05:22:55Z</time>
<speed>1.289055</speed>
<trueHeading>0.000000</trueHeading>
<magneticHeading>0.000000</magneticHeading>
<gpsHeading>129.607300</gpsHeading>
<haccuracy>3.120000</haccuracy>
<vaccuracy>3.120000</vaccuracy>
<internetconnect>2</internetconnect>
</trkpt>
<trkpt lat="35.824256" lon="139.030271">
<ele>1516.333333</ele>
<time>2026-08-11T05:23:45Z</time>
<speed>0.180959</speed>
<trueHeading>0.000000</trueHeading>
<magneticHeading>0.000000</magneticHeading>
<gpsHeading>90.253181</gpsHeading>
<haccuracy>3.711000</haccuracy>
<vaccuracy>3.711000</vaccuracy>
<internetconnect>2</internetconnect>
</trkpt>
<trkpt lat="35.824385" lon="139.030757">
<ele>1511.000000</ele>
<time>2026-08-11T05:24:32Z</time>
<speed>0.968486</speed>
<trueHeading>0.000000</trueHeading>
<magneticHeading>0.000000</magneticHeading>
<gpsHeading>71.862930</gpsHeading>
<haccuracy>5.773000</haccuracy>
<vaccuracy>5.773000</vaccuracy>
<internetconnect>2</internetconnect>
</trkpt>
<trkpt lat="35.824127" lon="139.031040">
<ele>1505.333333</ele>
<time>2026-08-11T05:25:27Z</time>
<speed>0.070448</speed>
<trueHeading>0.000000</trueHeading>
<magneticHeading>0.000000</magneticHeading>
<gpsHeading>138.327576</gpsHeading>
<haccuracy>3.000000</haccuracy>
<vaccuracy>3.000000</vaccuracy>
<internetconnect>2</internetconnect>
</trkpt>
<trkpt lat="35.823957" lon="139.031403">
<ele>1502.333333</ele>
<time>2026-08-11T05:26:37Z</time>
<speed>1.113222</speed>
<trueHeading>0.000000</trueHeading>
<magneticHeading>0.000000</magneticHeading>
<gpsHeading>119.994713</gpsHeading>
<haccuracy>6.071000</haccuracy>
<vaccuracy>6.071000</vaccuracy>
<internetconnect>2</internetconnect>
</trkpt>
<trkpt lat="35.824189" lon="139.032006">
<ele>1498.666667</ele>
<time>2026-08-11T05:27:25Z</time>
<speed>1.414387</speed>
<trueHeading>0.000000</trueHeading>
<magneticHeading>0.000000</magneticHeading>
<gpsHeading>64.668060</gpsHeading>
<haccuracy>5.935000</haccuracy>
<vaccuracy>5.935000</vaccuracy>
<internetconnect>2</internetconnect>
</trkpt>
<trkpt lat="35.824481" lon="139.032531">
<ele>1494.666667</ele>
<time>2026-08-11T05:28:11Z</time>
<speed>1.106011</speed>
<trueHeading>0.000000</trueHeading>
<magneticHeading>0.000000</magneticHeading>
<gpsHeading>55.572620</gpsHeading>
<haccuracy>5.195000</haccuracy>
<vaccuracy>5.195000</vaccuracy>
<internetconnect>2</internetconnect>
</trkpt>
<trkpt lat="35.824399" lon="139.033032">
<ele>1489.000000</ele>
<time>2026-08-11T05:28:59Z</time>
<speed>0.223292</speed>
<trueHeading>0.000000</trueHeading>
<magneticHeading>0.000000</magneticHeading>
<gpsHeading>101.362984</gpsHeading>
<haccuracy>3.708000</haccuracy>
<vaccuracy>3.708000</vaccuracy>
<internetconnect>2</internetconnect>
</trkpt>
<trkpt lat="35.824094" lon="139.033058">
<ele>1479.000000</ele>
<time>2026-08-11T05:30:08Z</time>
<speed>1.162696</speed>
<trueHeading>0.000000</trueHeading>
<magneticHeading>0.000000</magneticHeading>
<gpsHeading>175.988068</gpsHeading>
<haccuracy>5.033000</haccuracy>
<vaccuracy>5.033000</vaccuracy>
<internetconnect>2</internetconnect>
</trkpt>
<trkpt lat="35.823851" lon="139.033184">
<ele>1466.666667</ele>
<time>2026-08-11T05:32:13Z</time>
<speed>1.126564</speed>
<trueHeading>0.000000</trueHeading>
<magneticHeading>0.000000</magneticHeading>
<gpsHeading>157.360046</gpsHeading>
<haccuracy>4.939000</haccuracy>
<vaccuracy>4.939000</vaccuracy>
<internetconnect>2</internetconnect>
</trkpt>
<trkpt lat="35.823699" lon="139.033603">
<ele>1457.333333</ele>
<time>2026-08-11T05:33:01Z</time>
<speed>0.362915</speed>
<trueHeading>0.000000</trueHeading>
<magneticHeading>0.000000</magneticHeading>
<gpsHeading>114.058365</gpsHeading>
<haccuracy>5.208000</haccuracy>
<vaccuracy>5.208000</vaccuracy>
<internetconnect>2</internetconnect>
</trkpt>
<trkpt lat="35.823392" lon="139.034161">
<ele>1453.333333</ele>
<time>2026-08-11T05:33:50Z</time>
<speed>1.027490</speed>
<trueHeading>0.000000</trueHeading>
<magneticHeading>0.000000</magneticHeading>
<gpsHeading>124.120857</gpsHeading>
<haccuracy>3.011000</haccuracy>
<vaccuracy>3.011000</vaccuracy>
<internetconnect>2</internetconnect>
</trkpt>
<trkpt lat="35.823198" lon="139.034577">
<ele>1451.333333</ele>
<time>2026-08-11T05:34:37Z</time>
<speed>0.929347</speed>
<trueHeading>0.000000</trueHeading>
<magneticHeading>0.000000</magneticHeading>
<gpsHeading>119.998947</gpsHeading>
<haccuracy>3.047000</haccuracy>
<vaccuracy>3.047000</vaccuracy>
<internetconnect>2</internetconnect>
</trkpt>
<trkpt lat="35.822934" lon="139.035119">
<ele>1447.333333</ele>
<time>2026-08-11T05:35:24Z</time>
<speed>1.203908</speed>
<trueHeading>0.000000</trueHeading>
<magneticHeading>0.000000</magneticHeading>
<gpsHeading>120.947426</gpsHeading>
<haccuracy>5.781000</haccuracy>
<vaccuracy>5.781000</vaccuracy>
<internetconnect>2</internetconnect>
</trkpt>
<trkpt lat="35.822507" lon="139.035741">
<ele>1442.666667</ele>
<time>2026-08-11T05:36:12Z</time>
<speed>1.442135</speed>
<trueHeading>0.000000</trueHeading>
<magneticHeading>0.000000</magneticHeading>
<gpsHeading>130.231552</gpsHeading>
<haccuracy>5.685000</haccuracy>
<vaccuracy>5.685000</vaccuracy>
<internetconnect>2</internetconnect>
</trkpt>
<trkpt lat="35.822303" lon="139.036386">
<ele>1437.333333</ele>
<time>2026-08-11T05:36:58Z</time>
<speed>1.246315</speed>
<trueHeading>0.000000</trueHeading>
<magneticHeading>0.000000</magneticHeading>
<gpsHeading>111.378609</gpsHeading>
<haccuracy>5.332000</haccuracy>
<vaccuracy>5.332000</vaccuracy>
<internetconnect>2</internetconnect>
</trkpt>
<trkpt lat="35.822279" lon="139.036875">
<ele>1430.333333</ele>
<time>2026-08-11T05:37:47Z</time>
<speed>0.763671</speed>
<trueHeading>0.000000</trueHeading>
<magneticHeading>0.000000</magneticHeading>
<gpsHeading>93.348679</gpsHeading>
<haccuracy>5.721000</haccuracy>
<vaccuracy>5.721000</vaccuracy>
<internetconnect>2</internetconnect>
</trkpt>
<trkpt lat="35.821977" lon="139.037442">
<ele>1424.666667</ele>
<time>2026-08-11T05:38:34Z</time>
<speed>1.469493</speed>
<trueHeading>0.000000</trueHeading>
<magneticHeading>0.000000</magneticHeading>
<gpsHeading>123.349075</gpsHeading>
<haccuracy>5.497000</haccuracy>
<vaccuracy>5.497000</vaccuracy>
<internetconnect>2</internetconnect>
</trkpt>
<trkpt lat="35.821752" lon="139.037960">
<ele>1420.666667</ele>
<time>2026-08-11T05:39:22Z</time>
<speed>1.263729</speed>
<trueHeading>0.000000</trueHeading>
<magneticHeading>0.000000</magneticHeading>
<gpsHeading>118.188316</gpsHeading>
<haccuracy>5.497000</haccuracy>
<vaccuracy>5.497000</vaccuracy>
<internetconnect>2</internetconnect>
</trkpt>
<trkpt lat="35.821287" lon="139.038367">
<ele>1420.666667</ele>
<time>2026-08-11T05:40:09Z</time>
<speed>1.433709</speed>
<trueHeading>0.000000</trueHeading>
<magneticHeading>0.000000</magneticHeading>
<gpsHeading>144.647232</gpsHeading>
<haccuracy>5.472000</haccuracy>
<vaccuracy>5.472000</vaccuracy>
<internetconnect>2</internetconnect>
</trkpt>
<trkpt lat="35.821034" lon="139.039009">
<ele>1421.333333</ele>
<time>2026-08-11T05:40:56Z</time>
<speed>1.514187</speed>
<trueHeading>0.000000</trueHeading>
<magneticHeading>0.000000</magneticHeading>
<gpsHeading>115.923775</gpsHeading>
<haccuracy>5.698000</haccuracy>
<vaccuracy>5.698000</vaccuracy>
<internetconnect>2</internetconnect>
</trkpt>
<trkpt lat="35.820718" lon="139.039629">
<ele>1421.666667</ele>
<time>2026-08-11T05:41:44Z</time>
<speed>1.483003</speed>
<trueHeading>0.000000</trueHeading>
<magneticHeading>0.000000</magneticHeading>
<gpsHeading>122.086479</gpsHeading>
<haccuracy>5.545000</haccuracy>
<vaccuracy>5.545000</vaccuracy>
<internetconnect>2</internetconnect>
</trkpt>
<trkpt lat="35.820241" lon="139.040113">
<ele>1422.000000</ele>
<time>2026-08-11T05:42:31Z</time>
<speed>1.399086</speed>
<trueHeading>0.000000</trueHeading>
<magneticHeading>0.000000</magneticHeading>
<gpsHeading>140.565475</gpsHeading>
<haccuracy>5.115000</haccuracy>
<vaccuracy>5.115000</vaccuracy>
<internetconnect>2</internetconnect>
</trkpt>
<trkpt lat="35.820049" lon="139.040469">
<ele>1420.333333</ele>
<time>2026-08-11T05:43:19Z</time>
<speed>1.449086</speed>
<trueHeading>0.000000</trueHeading>
<magneticHeading>0.000000</magneticHeading>
<gpsHeading>123.717850</gpsHeading>
<haccuracy>3.488000</haccuracy>
<vaccuracy>3.488000</vaccuracy>
<internetconnect>2</internetconnect>
</trkpt>
<trkpt lat="35.820415" lon="139.040874">
<ele>1415.666667</ele>
<time>2026-08-11T05:44:07Z</time>
<speed>1.231294</speed>
<trueHeading>0.000000</trueHeading>
<magneticHeading>0.000000</magneticHeading>
<gpsHeading>41.900360</gpsHeading>
<haccuracy>5.482000</haccuracy>
<vaccuracy>5.482000</vaccuracy>
<internetconnect>2</internetconnect>
</trkpt>
<trkpt lat="35.819896" lon="139.041024">
<ele>1407.000000</ele>
<time>2026-08-11T05:44:55Z</time>
<speed>1.302979</speed>
<trueHeading>0.000000</trueHeading>
<magneticHeading>0.000000</magneticHeading>
<gpsHeading>166.772888</gpsHeading>
<haccuracy>4.778000</haccuracy>
<vaccuracy>4.778000</vaccuracy>
<internetconnect>2</internetconnect>
</trkpt>
<trkpt lat="35.820499" lon="139.041396">
<ele>1396.333333</ele>
<time>2026-08-11T05:45:42Z</time>
<speed>1.343150</speed>
<trueHeading>0.000000</trueHeading>
<magneticHeading>0.000000</magneticHeading>
<gpsHeading>26.540060</gpsHeading>
<haccuracy>5.379000</haccuracy>
<vaccuracy>5.379000</vaccuracy>
<internetconnect>2</internetconnect>
</trkpt>
<trkpt lat="35.820111" lon="139.041537">
<ele>1391.666667</ele>
<time>2026-08-11T05:46:29Z</time>
<speed>0.930331</speed>
<trueHeading>0.000000</trueHeading>
<magneticHeading>0.000000</magneticHeading>
<gpsHeading>163.549469</gpsHeading>
<haccuracy>5.920000</haccuracy>
<vaccuracy>5.920000</vaccuracy>
<internetconnect>2</internetconnect>
</trkpt>
<trkpt lat="35.819776" lon="139.042131">
<ele>1396.000000</ele>
<time>2026-08-11T05:47:16Z</time>
<speed>1.184073</speed>
<trueHeading>0.000000</trueHeading>
<magneticHeading>0.000000</magneticHeading>
<gpsHeading>124.787476</gpsHeading>
<haccuracy>5.390000</haccuracy>
<vaccuracy>5.390000</vaccuracy>
<internetconnect>2</internetconnect>
</trkpt>
<trkpt lat="35.819531" lon="139.042782">
<ele>1403.333333</ele>
<time>2026-08-11T05:48:05Z</time>
<speed>1.373435</speed>
<trueHeading>0.000000</trueHeading>
<magneticHeading>0.000000</magneticHeading>
<gpsHeading>114.886177</gpsHeading>
<haccuracy>6.270000</haccuracy>
<vaccuracy>6.270000</vaccuracy>
<internetconnect>2</internetconnect>
</trkpt>
<trkpt lat="35.819289" lon="139.043259">
<ele>1409.333333</ele>
<time>2026-08-11T05:48:53Z</time>
<speed>1.312222</speed>
<trueHeading>0.000000</trueHeading>
<magneticHeading>0.000000</magneticHeading>
<gpsHeading>122.017097</gpsHeading>
<haccuracy>6.179000</haccuracy>
<vaccuracy>6.179000</vaccuracy>
<internetconnect>2</internetconnect>
</trkpt>
<trkpt lat="35.818978" lon="139.043847">
<ele>1413.666667</ele>
<time>2026-08-11T05:49:41Z</time>
<speed>1.438452</speed>
<trueHeading>0.000000</trueHeading>
<magneticHeading>0.000000</magneticHeading>
<gpsHeading>123.088791</gpsHeading>
<haccuracy>5.247000</haccuracy>
<vaccuracy>5.247000</vaccuracy>
<internetconnect>2</internetconnect>
</trkpt>
<trkpt lat="35.818759" lon="139.044450">
<ele>1421.333333</ele>
<time>2026-08-11T05:50:30Z</time>
<speed>1.148921</speed>
<trueHeading>0.000000</trueHeading>
<magneticHeading>0.000000</magneticHeading>
<gpsHeading>114.141495</gpsHeading>
<haccuracy>5.015000</haccuracy>
<vaccuracy>5.015000</vaccuracy>
<internetconnect>2</internetconnect>
</trkpt>
<trkpt lat="35.818623" lon="139.044985">
<ele>1429.000000</ele>
<time>2026-08-11T05:51:20Z</time>
<speed>1.357223</speed>
<trueHeading>0.000000</trueHeading>
<magneticHeading>0.000000</magneticHeading>
<gpsHeading>107.481201</gpsHeading>
<haccuracy>5.923000</haccuracy>
<vaccuracy>5.923000</vaccuracy>
<internetconnect>2</internetconnect>
</trkpt>
<trkpt lat="35.818595" lon="139.045627">
<ele>1435.666667</ele>
<time>2026-08-11T05:52:09Z</time>
<speed>0.823072</speed>
<trueHeading>0.000000</trueHeading>
<magneticHeading>0.000000</magneticHeading>
<gpsHeading>93.069206</gpsHeading>
<haccuracy>5.393000</haccuracy>
<vaccuracy>5.393000</vaccuracy>
<internetconnect>2</internetconnect>
</trkpt>
<trkpt lat="35.818337" lon="139.046160">
<ele>1441.000000</ele>
<time>2026-08-11T05:52:57Z</time>
<speed>1.015740</speed>
<trueHeading>0.000000</trueHeading>
<magneticHeading>0.000000</magneticHeading>
<gpsHeading>120.840469</gpsHeading>
<haccuracy>5.594000</haccuracy>
<vaccuracy>5.594000</vaccuracy>
<internetconnect>2</internetconnect>
</trkpt>
<trkpt lat="35.818063" lon="139.046715">
<ele>1446.333333</ele>
<time>2026-08-11T05:53:46Z</time>
<speed>1.354927</speed>
<trueHeading>0.000000</trueHeading>
<magneticHeading>0.000000</magneticHeading>
<gpsHeading>121.348534</gpsHeading>
<haccuracy>5.073000</haccuracy>
<vaccuracy>5.073000</vaccuracy>
<internetconnect>2</internetconnect>
</trkpt>
<trkpt lat="35.818060" lon="139.047372">
<ele>1447.000000</ele>
<time>2026-08-11T05:54:33Z</time>
<speed>1.440244</speed>
<trueHeading>0.000000</trueHeading>
<magneticHeading>0.000000</magneticHeading>
<gpsHeading>90.225914</gpsHeading>
<haccuracy>5.135000</haccuracy>
<vaccuracy>5.135000</vaccuracy>
<internetconnect>2</internetconnect>
</trkpt>
<trkpt lat="35.818154" lon="139.048043">
<ele>1444.666667</ele>
<time>2026-08-11T05:55:21Z</time>
<speed>1.177923</speed>
<trueHeading>0.000000</trueHeading>
<magneticHeading>0.000000</magneticHeading>
<gpsHeading>80.246231</gpsHeading>
<haccuracy>3.041000</haccuracy>
<vaccuracy>3.041000</vaccuracy>
<internetconnect>2</internetconnect>
</trkpt>
<trkpt lat="35.818145" lon="139.048716">
<ele>1440.333333</ele>
<time>2026-08-11T05:56:10Z</time>
<speed>1.417902</speed>
<trueHeading>0.000000</trueHeading>
<magneticHeading>0.000000</magneticHeading>
<gpsHeading>90.956184</gpsHeading>
<haccuracy>3.025000</haccuracy>
<vaccuracy>3.025000</vaccuracy>
<internetconnect>2</internetconnect>
</trkpt>
<trkpt lat="35.818252" lon="139.049331">
<ele>1437.000000</ele>
<time>2026-08-11T05:56:58Z</time>
<speed>1.408543</speed>
<trueHeading>0.000000</trueHeading>
<magneticHeading>0.000000</magneticHeading>
<gpsHeading>77.835190</gpsHeading>
<haccuracy>5.412000</haccuracy>
<vaccuracy>5.412000</vaccuracy>
<internetconnect>2</internetconnect>
</trkpt>
<trkpt lat="35.818531" lon="139.049753">
<ele>1433.666667</ele>
<time>2026-08-11T05:57:45Z</time>
<speed>0.402221</speed>
<trueHeading>0.000000</trueHeading>
<magneticHeading>0.000000</magneticHeading>
<gpsHeading>50.861698</gpsHeading>
<haccuracy>4.202000</haccuracy>
<vaccuracy>4.202000</vaccuracy>
<internetconnect>2</internetconnect>
</trkpt>
<trkpt lat="35.818606" lon="139.050399">
<ele>1428.000000</ele>
<time>2026-08-11T05:58:32Z</time>
<speed>1.269742</speed>
<trueHeading>0.000000</trueHeading>
<magneticHeading>0.000000</magneticHeading>
<gpsHeading>81.874580</gpsHeading>
<haccuracy>5.402000</haccuracy>
<vaccuracy>5.402000</vaccuracy>
<internetconnect>2</internetconnect>
</trkpt>
<trkpt lat="35.818819" lon="139.051034">
<ele>1426.333333</ele>
<time>2026-08-11T05:59:19Z</time>
<speed>1.470219</speed>
<trueHeading>0.000000</trueHeading>
<magneticHeading>0.000000</magneticHeading>
<gpsHeading>67.517189</gpsHeading>
<haccuracy>5.726000</haccuracy>
<vaccuracy>5.726000</vaccuracy>
<internetconnect>2</internetconnect>
</trkpt>
<trkpt lat="35.818956" lon="139.051341">
<ele>1428.666667</ele>
<time>2026-08-11T06:00:06Z</time>
<speed>1.208614</speed>
<trueHeading>0.000000</trueHeading>
<magneticHeading>0.000000</magneticHeading>
<gpsHeading>61.119007</gpsHeading>
<haccuracy>5.320000</haccuracy>
<vaccuracy>5.320000</vaccuracy>
<internetconnect>2</internetconnect>
</trkpt>
<trkpt lat="35.819100" lon="139.051739">
<ele>1438.333333</ele>
<time>2026-08-11T06:00:54Z</time>
<speed>0.560313</speed>
<trueHeading>0.000000</trueHeading>
<magneticHeading>0.000000</magneticHeading>
<gpsHeading>65.992706</gpsHeading>
<haccuracy>6.125000</haccuracy>
<vaccuracy>6.125000</vaccuracy>
<internetconnect>2</internetconnect>
</trkpt>
<trkpt lat="35.819350" lon="139.052250">
<ele>1444.000000</ele>
<time>2026-08-11T06:01:42Z</time>
<speed>1.094239</speed>
<trueHeading>0.000000</trueHeading>
<magneticHeading>0.000000</magneticHeading>
<gpsHeading>58.874844</gpsHeading>
<haccuracy>5.193000</haccuracy>
<vaccuracy>5.193000</vaccuracy>
<internetconnect>2</internetconnect>
</trkpt>
<trkpt lat="35.819334" lon="139.052183">
<ele>1448.000000</ele>
<time>2026-08-11T06:04:09Z</time>
<speed>0.096386</speed>
<trueHeading>0.000000</trueHeading>
<magneticHeading>0.000000</magneticHeading>
<gpsHeading>253.083405</gpsHeading>
<haccuracy>3.000000</haccuracy>
<vaccuracy>3.000000</vaccuracy>
<internetconnect>2</internetconnect>
</trkpt>
<trkpt lat="35.819631" lon="139.052442">
<ele>1446.000000</ele>
<time>2026-08-11T06:04:57Z</time>
<speed>0.147377</speed>
<trueHeading>0.000000</trueHeading>
<magneticHeading>0.000000</magneticHeading>
<gpsHeading>35.204906</gpsHeading>
<haccuracy>5.042000</haccuracy>
<vaccuracy>5.042000</vaccuracy>
<internetconnect>2</internetconnect>
</trkpt>
<trkpt lat="35.819775" lon="139.052748">
<ele>1441.000000</ele>
<time>2026-08-11T06:06:15Z</time>
<speed>0.963926</speed>
<trueHeading>0.000000</trueHeading>
<magneticHeading>0.000000</magneticHeading>
<gpsHeading>59.854782</gpsHeading>
<haccuracy>5.413000</haccuracy>
<vaccuracy>5.413000</vaccuracy>
<internetconnect>2</internetconnect>
</trkpt>
<trkpt lat="35.819753" lon="139.053114">
<ele>1432.666667</ele>
<time>2026-08-11T06:07:03Z</time>
<speed>0.024293</speed>
<trueHeading>0.000000</trueHeading>
<magneticHeading>0.000000</magneticHeading>
<gpsHeading>94.251846</gpsHeading>
<haccuracy>3.392000</haccuracy>
<vaccuracy>3.392000</vaccuracy>
<internetconnect>2</internetconnect>
</trkpt>
<trkpt lat="35.820108" lon="139.053461">
<ele>1423.666667</ele>
<time>2026-08-11T06:07:51Z</time>
<speed>1.307777</speed>
<trueHeading>0.000000</trueHeading>
<magneticHeading>0.000000</magneticHeading>
<gpsHeading>38.400082</gpsHeading>
<haccuracy>5.568000</haccuracy>
<vaccuracy>5.568000</vaccuracy>
<internetconnect>2</internetconnect>
</trkpt>
<trkpt lat="35.820419" lon="139.053776">
<ele>1420.000000</ele>
<time>2026-08-11T06:08:39Z</time>
<speed>1.018007</speed>
<trueHeading>0.000000</trueHeading>
<magneticHeading>0.000000</magneticHeading>
<gpsHeading>39.306282</gpsHeading>
<haccuracy>4.941000</haccuracy>
<vaccuracy>4.941000</vaccuracy>
<internetconnect>2</internetconnect>
</trkpt>
<trkpt lat="35.820491" lon="139.054140">
<ele>1419.333333</ele>
<time>2026-08-11T06:09:44Z</time>
<speed>1.149058</speed>
<trueHeading>0.000000</trueHeading>
<magneticHeading>0.000000</magneticHeading>
<gpsHeading>76.378899</gpsHeading>
<haccuracy>3.504000</haccuracy>
<vaccuracy>3.504000</vaccuracy>
<internetconnect>2</internetconnect>
</trkpt>
<trkpt lat="35.820617" lon="139.054585">
<ele>1421.666667</ele>
<time>2026-08-11T06:10:31Z</time>
<speed>0.988829</speed>
<trueHeading>0.000000</trueHeading>
<magneticHeading>0.000000</magneticHeading>
<gpsHeading>70.716637</gpsHeading>
<haccuracy>3.007000</haccuracy>
<vaccuracy>3.007000</vaccuracy>
<internetconnect>2</internetconnect>
</trkpt>
<trkpt lat="35.820882" lon="139.055014">
<ele>1422.333333</ele>
<time>2026-08-11T06:11:18Z</time>
<speed>1.124323</speed>
<trueHeading>0.000000</trueHeading>
<magneticHeading>0.000000</magneticHeading>
<gpsHeading>52.665741</gpsHeading>
<haccuracy>4.705000</haccuracy>
<vaccuracy>4.705000</vaccuracy>
<internetconnect>2</internetconnect>
</trkpt>
<trkpt lat="35.820948" lon="139.055433">
<ele>1420.333333</ele>
<time>2026-08-11T06:12:07Z</time>
<speed>0.943921</speed>
<trueHeading>0.000000</trueHeading>
<magneticHeading>0.000000</magneticHeading>
<gpsHeading>79.029488</gpsHeading>
<haccuracy>3.007000</haccuracy>
<vaccuracy>3.007000</vaccuracy>
<internetconnect>2</internetconnect>
</trkpt>
<trkpt lat="35.821063" lon="139.055859">
<ele>1411.666667</ele>
<time>2026-08-11T06:12:54Z</time>
<speed>1.222590</speed>
<trueHeading>0.000000</trueHeading>
<magneticHeading>0.000000</magneticHeading>
<gpsHeading>71.523834</gpsHeading>
<haccuracy>3.284000</haccuracy>
<vaccuracy>3.284000</vaccuracy>
<internetconnect>2</internetconnect>
</trkpt>
<trkpt lat="35.820920" lon="139.056156">
<ele>1404.000000</ele>
<time>2026-08-11T06:14:33Z</time>
<speed>0.205272</speed>
<trueHeading>0.000000</trueHeading>
<magneticHeading>0.000000</magneticHeading>
<gpsHeading>120.798729</gpsHeading>
<haccuracy>4.059000</haccuracy>
<vaccuracy>4.059000</vaccuracy>
<internetconnect>2</internetconnect>
</trkpt>
<trkpt lat="35.821101" lon="139.056298">
<ele>1395.333333</ele>
<time>2026-08-11T06:16:49Z</time>
<speed>0.140165</speed>
<trueHeading>0.000000</trueHeading>
<magneticHeading>0.000000</magneticHeading>
<gpsHeading>32.400684</gpsHeading>
<haccuracy>3.000000</haccuracy>
<vaccuracy>3.000000</vaccuracy>
<internetconnect>2</internetconnect>
</trkpt>
<trkpt lat="35.821382" lon="139.056180">
<ele>1385.333333</ele>
<time>2026-08-11T06:18:12Z</time>
<speed>0.391648</speed>
<trueHeading>0.000000</trueHeading>
<magneticHeading>0.000000</magneticHeading>
<gpsHeading>341.198761</gpsHeading>
<haccuracy>4.699000</haccuracy>
<vaccuracy>4.699000</vaccuracy>
<internetconnect>2</internetconnect>
</trkpt>
<trkpt lat="35.821683" lon="139.056127">
<ele>1374.666667</ele>
<time>2026-08-11T06:19:13Z</time>
<speed>1.320000</speed>
<trueHeading>0.000000</trueHeading>
<magneticHeading>0.000000</magneticHeading>
<gpsHeading>351.983154</gpsHeading>
<haccuracy>10.672000</haccuracy>
<vaccuracy>10.672000</vaccuracy>
<internetconnect>2</internetconnect>
</trkpt>
<trkpt lat="35.821649" lon="139.056174">
<ele>1364.666667</ele>
<time>2026-08-11T06:21:19Z</time>
<speed>0.240000</speed>
<trueHeading>0.000000</trueHeading>
<magneticHeading>0.000000</magneticHeading>
<gpsHeading>132.249359</gpsHeading>
<haccuracy>11.007000</haccuracy>
<vaccuracy>11.007000</vaccuracy>
<internetconnect>2</internetconnect>
</trkpt>
<trkpt lat="35.821749" lon="139.056255">
<ele>1355.666667</ele>
<time>2026-08-11T06:23:20Z</time>
<speed>0.000000</speed>
<trueHeading>0.000000</trueHeading>
<magneticHeading>0.000000</magneticHeading>
<gpsHeading>33.405544</gpsHeading>
<haccuracy>10.751000</haccuracy>
<vaccuracy>10.751000</vaccuracy>
<internetconnect>2</internetconnect>
</trkpt>
<trkpt lat="35.821807" lon="139.056601">
<ele>1348.333333</ele>
<time>2026-08-11T06:24:54Z</time>
<speed>0.000000</speed>
<trueHeading>0.000000</trueHeading>
<magneticHeading>0.000000</magneticHeading>
<gpsHeading>78.378212</gpsHeading>
<haccuracy>10.680000</haccuracy>
<vaccuracy>10.680000</vaccuracy>
<internetconnect>2</internetconnect>
</trkpt>
<trkpt lat="35.821666" lon="139.056716">
<ele>1338.666667</ele>
<time>2026-08-11T06:26:56Z</time>
<speed>0.800000</speed>
<trueHeading>0.000000</trueHeading>
<magneticHeading>0.000000</magneticHeading>
<gpsHeading>146.374496</gpsHeading>
<haccuracy>10.032000</haccuracy>
<vaccuracy>10.032000</vaccuracy>
<internetconnect>2</internetconnect>
</trkpt>
<trkpt lat="35.821853" lon="139.056974">
<ele>1329.333333</ele>
<time>2026-08-11T06:29:02Z</time>
<speed>0.643779</speed>
<trueHeading>0.000000</trueHeading>
<magneticHeading>0.000000</magneticHeading>
<gpsHeading>48.232929</gpsHeading>
<haccuracy>5.501000</haccuracy>
<vaccuracy>5.501000</vaccuracy>
<internetconnect>2</internetconnect>
</trkpt>
<trkpt lat="35.822114" lon="139.057179">
<ele>1316.000000</ele>
<time>2026-08-11T06:30:36Z</time>
<speed>0.844937</speed>
<trueHeading>0.000000</trueHeading>
<magneticHeading>0.000000</magneticHeading>
<gpsHeading>32.487171</gpsHeading>
<haccuracy>4.522000</haccuracy>
<vaccuracy>4.522000</vaccuracy>
<internetconnect>2</internetconnect>
</trkpt>
<trkpt lat="35.822110" lon="139.057546">
<ele>1299.666667</ele>
<time>2026-08-11T06:31:50Z</time>
<speed>0.103732</speed>
<trueHeading>0.000000</trueHeading>
<magneticHeading>0.000000</magneticHeading>
<gpsHeading>90.828773</gpsHeading>
<haccuracy>3.183000</haccuracy>
<vaccuracy>3.183000</vaccuracy>
<internetconnect>2</internetconnect>
</trkpt>
<trkpt lat="35.822273" lon="139.057861">
<ele>1282.666667</ele>
<time>2026-08-11T06:33:39Z</time>
<speed>0.460526</speed>
<trueHeading>0.000000</trueHeading>
<magneticHeading>0.000000</magneticHeading>
<gpsHeading>57.439411</gpsHeading>
<haccuracy>4.556000</haccuracy>
<vaccuracy>4.556000</vaccuracy>
<internetconnect>2</internetconnect>
</trkpt>
<trkpt lat="35.822430" lon="139.058170">
<ele>1266.000000</ele>
<time>2026-08-11T06:35:02Z</time>
<speed>0.958064</speed>
<trueHeading>0.000000</trueHeading>
<magneticHeading>0.000000</magneticHeading>
<gpsHeading>57.960526</gpsHeading>
<haccuracy>5.047000</haccuracy>
<vaccuracy>5.047000</vaccuracy>
<internetconnect>2</internetconnect>
</trkpt>
<trkpt lat="35.822489" lon="139.058516">
<ele>1255.333333</ele>
<time>2026-08-11T06:35:59Z</time>
<speed>0.885008</speed>
<trueHeading>0.000000</trueHeading>
<magneticHeading>0.000000</magneticHeading>
<gpsHeading>78.149452</gpsHeading>
<haccuracy>5.071000</haccuracy>
<vaccuracy>5.071000</vaccuracy>
<internetconnect>2</internetconnect>
</trkpt>
<trkpt lat="35.822315" lon="139.059146">
<ele>1252.666667</ele>
<time>2026-08-11T06:36:52Z</time>
<speed>0.243114</speed>
<trueHeading>0.000000</trueHeading>
<magneticHeading>0.000000</magneticHeading>
<gpsHeading>108.778923</gpsHeading>
<haccuracy>4.692000</haccuracy>
<vaccuracy>4.692000</vaccuracy>
<internetconnect>2</internetconnect>
</trkpt>
<trkpt lat="35.822366" lon="139.059507">
<ele>1250.666667</ele>
<time>2026-08-11T06:37:52Z</time>
<speed>0.504182</speed>
<trueHeading>0.000000</trueHeading>
<magneticHeading>0.000000</magneticHeading>
<gpsHeading>80.143433</gpsHeading>
<haccuracy>3.011000</haccuracy>
<vaccuracy>3.011000</vaccuracy>
<internetconnect>2</internetconnect>
</trkpt>
<trkpt lat="35.822419" lon="139.059679">
<ele>1246.000000</ele>
<time>2026-08-11T06:39:55Z</time>
<speed>0.128198</speed>
<trueHeading>0.000000</trueHeading>
<magneticHeading>0.000000</magneticHeading>
<gpsHeading>69.003799</gpsHeading>
<haccuracy>3.000000</haccuracy>
<vaccuracy>3.000000</vaccuracy>
<internetconnect>2</internetconnect>
</trkpt>
<trkpt lat="35.822514" lon="139.060021">
<ele>1232.666667</ele>
<time>2026-08-11T06:41:14Z</time>
<speed>0.726471</speed>
<trueHeading>0.000000</trueHeading>
<magneticHeading>0.000000</magneticHeading>
<gpsHeading>71.076080</gpsHeading>
<haccuracy>5.484000</haccuracy>
<vaccuracy>5.484000</vaccuracy>
<internetconnect>2</internetconnect>
</trkpt>
<trkpt lat="35.822806" lon="139.060101">
<ele>1215.000000</ele>
<time>2026-08-11T06:42:29Z</time>
<speed>0.510000</speed>
<trueHeading>0.000000</trueHeading>
<magneticHeading>0.000000</magneticHeading>
<gpsHeading>12.463977</gpsHeading>
<haccuracy>10.820000</haccuracy>
<vaccuracy>10.820000</vaccuracy>
<internetconnect>2</internetconnect>
</trkpt>
<trkpt lat="35.822840" lon="139.060462">
<ele>1196.000000</ele>
<time>2026-08-11T06:43:46Z</time>
<speed>0.444256</speed>
<trueHeading>0.000000</trueHeading>
<magneticHeading>0.000000</magneticHeading>
<gpsHeading>83.422104</gpsHeading>
<haccuracy>3.669000</haccuracy>
<vaccuracy>3.669000</vaccuracy>
<internetconnect>2</internetconnect>
</trkpt>
<trkpt lat="35.823118" lon="139.060614">
<ele>1180.666667</ele>
<time>2026-08-11T06:44:33Z</time>
<speed>0.986287</speed>
<trueHeading>0.000000</trueHeading>
<magneticHeading>0.000000</magneticHeading>
<gpsHeading>23.909197</gpsHeading>
<haccuracy>4.687000</haccuracy>
<vaccuracy>4.687000</vaccuracy>
<internetconnect>2</internetconnect>
</trkpt>
<trkpt lat="35.823289" lon="139.060901">
<ele>1164.000000</ele>
<time>2026-08-11T06:45:21Z</time>
<speed>0.532337</speed>
<trueHeading>0.000000</trueHeading>
<magneticHeading>0.000000</magneticHeading>
<gpsHeading>53.655712</gpsHeading>
<haccuracy>4.981000</haccuracy>
<vaccuracy>4.981000</vaccuracy>
<internetconnect>2</internetconnect>
</trkpt>
<trkpt lat="35.823480" lon="139.061155">
<ele>1146.666667</ele>
<time>2026-08-11T06:46:27Z</time>
<speed>0.508174</speed>
<trueHeading>0.000000</trueHeading>
<magneticHeading>0.000000</magneticHeading>
<gpsHeading>47.235420</gpsHeading>
<haccuracy>4.053000</haccuracy>
<vaccuracy>4.053000</vaccuracy>
<internetconnect>2</internetconnect>
</trkpt>
<trkpt lat="35.823532" lon="139.061503">
<ele>1129.666667</ele>
<time>2026-08-11T06:47:51Z</time>
<speed>0.000000</speed>
<trueHeading>0.000000</trueHeading>
<magneticHeading>0.000000</magneticHeading>
<gpsHeading>79.414864</gpsHeading>
<haccuracy>5.669000</haccuracy>
<vaccuracy>5.669000</vaccuracy>
<internetconnect>2</internetconnect>
</trkpt>
<trkpt lat="35.823615" lon="139.061832">
<ele>1114.333333</ele>
<time>2026-08-11T06:48:46Z</time>
<speed>0.770000</speed>
<trueHeading>0.000000</trueHeading>
<magneticHeading>0.000000</magneticHeading>
<gpsHeading>72.736877</gpsHeading>
<haccuracy>9.935000</haccuracy>
<vaccuracy>9.935000</vaccuracy>
<internetconnect>2</internetconnect>
</trkpt>
<trkpt lat="35.823474" lon="139.062149">
<ele>1101.666667</ele>
<time>2026-08-11T06:49:44Z</time>
<speed>0.450628</speed>
<trueHeading>0.000000</trueHeading>
<magneticHeading>0.000000</magneticHeading>
<gpsHeading>118.843330</gpsHeading>
<haccuracy>5.063000</haccuracy>
<vaccuracy>5.063000</vaccuracy>
<internetconnect>2</internetconnect>
</trkpt>
<trkpt lat="35.823356" lon="139.062464">
<ele>1089.666667</ele>
<time>2026-08-11T06:50:49Z</time>
<speed>0.327636</speed>
<trueHeading>0.000000</trueHeading>
<magneticHeading>0.000000</magneticHeading>
<gpsHeading>114.792496</gpsHeading>
<haccuracy>4.708000</haccuracy>
<vaccuracy>4.708000</vaccuracy>
<internetconnect>2</internetconnect>
</trkpt>
<trkpt lat="35.823386" lon="139.062808">
<ele>1082.666667</ele>
<time>2026-08-11T06:52:36Z</time>
<speed>0.387696</speed>
<trueHeading>0.000000</trueHeading>
<magneticHeading>0.000000</magneticHeading>
<gpsHeading>83.950417</gpsHeading>
<haccuracy>4.765000</haccuracy>
<vaccuracy>4.765000</vaccuracy>
<internetconnect>2</internetconnect>
</trkpt>
<trkpt lat="35.823286" lon="139.063247">
<ele>1077.000000</ele>
<time>2026-08-11T06:53:26Z</time>
<speed>0.275653</speed>
<trueHeading>0.000000</trueHeading>
<magneticHeading>0.000000</magneticHeading>
<gpsHeading>105.550888</gpsHeading>
<haccuracy>4.499000</haccuracy>
<vaccuracy>4.499000</vaccuracy>
<internetconnect>2</internetconnect>
</trkpt>
<trkpt lat="35.823226" lon="139.063582">
<ele>1071.666667</ele>
<time>2026-08-11T06:54:18Z</time>
<speed>0.512547</speed>
<trueHeading>0.000000</trueHeading>
<magneticHeading>0.000000</magneticHeading>
<gpsHeading>102.598717</gpsHeading>
<haccuracy>4.207000</haccuracy>
<vaccuracy>4.207000</vaccuracy>
<internetconnect>2</internetconnect>
</trkpt>
<trkpt lat="35.823244" lon="139.063952">
<ele>1062.000000</ele>
<time>2026-08-11T06:56:19Z</time>
<speed>0.148467</speed>
<trueHeading>0.000000</trueHeading>
<magneticHeading>0.000000</magneticHeading>
<gpsHeading>86.563660</gpsHeading>
<haccuracy>3.805000</haccuracy>
<vaccuracy>3.805000</vaccuracy>
<internetconnect>2</internetconnect>
</trkpt>
<trkpt lat="35.823148" lon="139.064088">
<ele>1057.666667</ele>
<time>2026-08-11T06:58:23Z</time>
<speed>0.092060</speed>
<trueHeading>0.000000</trueHeading>
<magneticHeading>0.000000</magneticHeading>
<gpsHeading>130.944305</gpsHeading>
<haccuracy>3.943000</haccuracy>
<vaccuracy>3.943000</vaccuracy>
<internetconnect>2</internetconnect>
</trkpt>
<trkpt lat="35.823302" lon="139.064054">
<ele>1051.666667</ele>
<time>2026-08-11T07:00:30Z</time>
<speed>0.262984</speed>
<trueHeading>0.000000</trueHeading>
<magneticHeading>0.000000</magneticHeading>
<gpsHeading>349.951263</gpsHeading>
<haccuracy>3.772000</haccuracy>
<vaccuracy>3.772000</vaccuracy>
<internetconnect>2</internetconnect>
</trkpt>
<trkpt lat="35.823369" lon="139.063989">
<ele>1046.000000</ele>
<time>2026-08-11T07:02:36Z</time>
<speed>0.330000</speed>
<trueHeading>0.000000</trueHeading>
<magneticHeading>0.000000</magneticHeading>
<gpsHeading>321.726227</gpsHeading>
<haccuracy>10.025000</haccuracy>
<vaccuracy>10.025000</vaccuracy>
<internetconnect>2</internetconnect>
</trkpt>
<trkpt lat="35.823424" lon="139.064069">
<ele>1028.333333</ele>
<time>2026-08-11T07:04:38Z</time>
<speed>0.000000</speed>
<trueHeading>0.000000</trueHeading>
<magneticHeading>0.000000</magneticHeading>
<gpsHeading>49.650566</gpsHeading>
<haccuracy>10.671000</haccuracy>
<vaccuracy>10.671000</vaccuracy>
<internetconnect>2</internetconnect>
</trkpt>
<trkpt lat="35.823535" lon="139.064115">
<ele>1015.000000</ele>
<time>2026-08-11T07:06:42Z</time>
<speed>0.000000</speed>
<trueHeading>0.000000</trueHeading>
<magneticHeading>0.000000</magneticHeading>
<gpsHeading>18.735792</gpsHeading>
<haccuracy>6.348000</haccuracy>
<vaccuracy>6.348000</vaccuracy>
<internetconnect>2</internetconnect>
</trkpt>
<trkpt lat="35.823532" lon="139.064095">
<ele>1006.000000</ele>
<time>2026-08-11T07:08:50Z</time>
<speed>0.000000</speed>
<trueHeading>0.000000</trueHeading>
<magneticHeading>0.000000</magneticHeading>
<gpsHeading>258.928802</gpsHeading>
<haccuracy>9.935000</haccuracy>
<vaccuracy>9.935000</vaccuracy>
<internetconnect>2</internetconnect>
</trkpt>
<trkpt lat="35.823541" lon="139.064128">
<ele>1006.000000</ele>
<time>2026-08-11T07:11:24Z</time>
<speed>0.520000</speed>
<trueHeading>0.000000</trueHeading>
<magneticHeading>0.000000</magneticHeading>
<gpsHeading>71.461525</gpsHeading>
<haccuracy>3.804000</haccuracy>
<vaccuracy>3.804000</vaccuracy>
<internetconnect>2</internetconnect>
</trkpt>
<trkpt lat="35.823540" lon="139.064137">
<ele>1006.666667</ele>
<time>2026-08-11T07:14:06Z</time>
<speed>0.000000</speed>
<trueHeading>0.000000</trueHeading>
<magneticHeading>0.000000</magneticHeading>
<gpsHeading>95.749092</gpsHeading>
<haccuracy>10.195000</haccuracy>
<vaccuracy>10.195000</vaccuracy>
<internetconnect>2</internetconnect>
</trkpt>
<trkpt lat="35.823435" lon="139.064335">
<ele>1009.333333</ele>
<time>2026-08-11T07:16:08Z</time>
<speed>0.150000</speed>
<trueHeading>0.000000</trueHeading>
<magneticHeading>0.000000</magneticHeading>
<gpsHeading>123.355621</gpsHeading>
<haccuracy>11.029000</haccuracy>
<vaccuracy>11.029000</vaccuracy>
<internetconnect>2</internetconnect>
</trkpt>
<trkpt lat="35.823405" lon="139.064309">
<ele>1012.333333</ele>
<time>2026-08-11T07:18:12Z</time>
<speed>0.000000</speed>
<trueHeading>0.000000</trueHeading>
<magneticHeading>0.000000</magneticHeading>
<gpsHeading>215.096283</gpsHeading>
<haccuracy>10.157000</haccuracy>
<vaccuracy>10.157000</vaccuracy>
<internetconnect>2</internetconnect>
</trkpt>
<trkpt lat="35.823508" lon="139.064132">
<ele>1011.666667</ele>
<time>2026-08-11T07:20:17Z</time>
<speed>0.580000</speed>
<trueHeading>0.000000</trueHeading>
<magneticHeading>0.000000</magneticHeading>
<gpsHeading>305.670959</gpsHeading>
<haccuracy>10.381000</haccuracy>
<vaccuracy>10.381000</vaccuracy>
<internetconnect>2</internetconnect>
</trkpt>
<trkpt lat="35.823551" lon="139.064151">
<ele>1022.333333</ele>
<time>2026-08-11T07:22:23Z</time>
<speed>1.440000</speed>
<trueHeading>0.000000</trueHeading>
<magneticHeading>0.000000</magneticHeading>
<gpsHeading>20.205967</gpsHeading>
<haccuracy>9.987000</haccuracy>
<vaccuracy>9.987000</vaccuracy>
<internetconnect>2</internetconnect>
</trkpt>
<trkpt lat="35.823354" lon="139.064041">
<ele>1041.333333</ele>
<time>2026-08-11T07:24:27Z</time>
<speed>0.410000</speed>
<trueHeading>0.000000</trueHeading>
<magneticHeading>0.000000</magneticHeading>
<gpsHeading>204.323395</gpsHeading>
<haccuracy>10.003000</haccuracy>
<vaccuracy>10.003000</vaccuracy>
<internetconnect>2</internetconnect>
</trkpt>
<trkpt lat="35.823248" lon="139.063723">
<ele>1065.666667</ele>
<time>2026-08-11T07:26:30Z</time>
<speed>0.512857</speed>
<trueHeading>0.000000</trueHeading>
<magneticHeading>0.000000</magneticHeading>
<gpsHeading>247.664948</gpsHeading>
<haccuracy>5.283000</haccuracy>
<vaccuracy>5.283000</vaccuracy>
<internetconnect>2</internetconnect>
</trkpt>
<trkpt lat="35.823250" lon="139.063273">
<ele>1076.333333</ele>
<time>2026-08-11T07:27:17Z</time>
<speed>1.010446</speed>
<trueHeading>0.000000</trueHeading>
<magneticHeading>0.000000</magneticHeading>
<gpsHeading>270.361176</gpsHeading>
<haccuracy>4.637000</haccuracy>
<vaccuracy>4.637000</vaccuracy>
<internetconnect>2</internetconnect>
</trkpt>
<trkpt lat="35.823227" lon="139.062903">
<ele>1081.333333</ele>
<time>2026-08-11T07:28:05Z</time>
<speed>1.109656</speed>
<trueHeading>0.000000</trueHeading>
<magneticHeading>0.000000</magneticHeading>
<gpsHeading>265.541260</gpsHeading>
<haccuracy>5.699000</haccuracy>
<vaccuracy>5.699000</vaccuracy>
<internetconnect>2</internetconnect>
</trkpt>
<trkpt lat="35.823289" lon="139.062536">
<ele>1080.333333</ele>
<time>2026-08-11T07:28:54Z</time>
<speed>1.036322</speed>
<trueHeading>0.000000</trueHeading>
<magneticHeading>0.000000</magneticHeading>
<gpsHeading>281.689301</gpsHeading>
<haccuracy>5.033000</haccuracy>
<vaccuracy>5.033000</vaccuracy>
<internetconnect>2</internetconnect>
</trkpt>
<trkpt lat="35.823175" lon="139.062862">
<ele>1074.000000</ele>
<time>2026-08-11T07:30:44Z</time>
<speed>0.502486</speed>
<trueHeading>0.000000</trueHeading>
<magneticHeading>0.000000</magneticHeading>
<gpsHeading>113.200729</gpsHeading>
<haccuracy>5.868000</haccuracy>
<vaccuracy>5.868000</vaccuracy>
<internetconnect>2</internetconnect>
</trkpt>
<trkpt lat="35.822914" lon="139.062988">
<ele>1058.333333</ele>
<time>2026-08-11T07:32:07Z</time>
<speed>0.027373</speed>
<trueHeading>0.000000</trueHeading>
<magneticHeading>0.000000</magneticHeading>
<gpsHeading>158.615982</gpsHeading>
<haccuracy>5.081000</haccuracy>
<vaccuracy>5.081000</vaccuracy>
<internetconnect>2</internetconnect>
</trkpt>
<trkpt lat="35.822657" lon="139.063227">
<ele>1045.333333</ele>
<time>2026-08-11T07:32:56Z</time>
<speed>1.130000</speed>
<trueHeading>0.000000</trueHeading>
<magneticHeading>0.000000</magneticHeading>
<gpsHeading>143.138641</gpsHeading>
<haccuracy>6.894000</haccuracy>
<vaccuracy>6.894000</vaccuracy>
<internetconnect>2</internetconnect>
</trkpt>
<trkpt lat="35.822743" lon="139.063584">
<ele>1038.000000</ele>
<time>2026-08-11T07:34:27Z</time>
<speed>0.980000</speed>
<trueHeading>0.000000</trueHeading>
<magneticHeading>0.000000</magneticHeading>
<gpsHeading>73.524727</gpsHeading>
<haccuracy>10.122000</haccuracy>
<vaccuracy>10.122000</vaccuracy>
<internetconnect>2</internetconnect>
</trkpt>
<trkpt lat="35.822697" lon="139.063605">
<ele>1037.000000</ele>
<time>2026-08-11T07:36:35Z</time>
<speed>0.304054</speed>
<trueHeading>0.000000</trueHeading>
<magneticHeading>0.000000</magneticHeading>
<gpsHeading>160.031235</gpsHeading>
<haccuracy>4.045000</haccuracy>
<vaccuracy>4.045000</vaccuracy>
<internetconnect>2</internetconnect>
</trkpt>
<trkpt lat="35.822696" lon="139.063616">
<ele>1037.000000</ele>
<time>2026-08-11T07:38:52Z</time>
<speed>0.298462</speed>
<trueHeading>0.000000</trueHeading>
<magneticHeading>0.000000</magneticHeading>
<gpsHeading>100.743515</gpsHeading>
<haccuracy>6.559000</haccuracy>
<vaccuracy>6.559000</vaccuracy>
<internetconnect>2</internetconnect>
</trkpt>
<trkpt lat="35.822695" lon="139.063621">
<ele>1036.333333</ele>
<time>2026-08-11T07:41:09Z</time>
<speed>0.368656</speed>
<trueHeading>0.000000</trueHeading>
<magneticHeading>0.000000</magneticHeading>
<gpsHeading>95.749031</gpsHeading>
<haccuracy>9.975000</haccuracy>
<vaccuracy>9.975000</vaccuracy>
<internetconnect>2</internetconnect>
</trkpt>
<trkpt lat="35.822687" lon="139.063618">
<ele>1036.333333</ele>
<time>2026-08-11T07:44:04Z</time>
<speed>0.257578</speed>
<trueHeading>0.000000</trueHeading>
<magneticHeading>0.000000</magneticHeading>
<gpsHeading>199.594467</gpsHeading>
<haccuracy>6.847000</haccuracy>
<vaccuracy>6.847000</vaccuracy>
<internetconnect>2</internetconnect>
</trkpt>
<trkpt lat="35.822691" lon="139.063628">
<ele>1033.666667</ele>
<time>2026-08-11T07:48:55Z</time>
<speed>0.116842</speed>
<trueHeading>0.000000</trueHeading>
<magneticHeading>0.000000</magneticHeading>
<gpsHeading>63.523766</gpsHeading>
<haccuracy>4.567000</haccuracy>
<vaccuracy>4.567000</vaccuracy>
<internetconnect>2</internetconnect>
</trkpt>
<trkpt lat="35.822623" lon="139.063951">
<ele>1027.000000</ele>
<time>2026-08-11T07:50:58Z</time>
<speed>0.152861</speed>
<trueHeading>0.000000</trueHeading>
<magneticHeading>0.000000</magneticHeading>
<gpsHeading>104.578712</gpsHeading>
<haccuracy>4.001000</haccuracy>
<vaccuracy>4.001000</vaccuracy>
<internetconnect>2</internetconnect>
</trkpt>
<trkpt lat="35.822750" lon="139.064222">
<ele>1016.000000</ele>
<time>2026-08-11T07:53:01Z</time>
<speed>0.277880</speed>
<trueHeading>0.000000</trueHeading>
<magneticHeading>0.000000</magneticHeading>
<gpsHeading>60.051723</gpsHeading>
<haccuracy>7.374000</haccuracy>
<vaccuracy>7.374000</vaccuracy>
<internetconnect>2</internetconnect>
</trkpt>
<trkpt lat="35.822817" lon="139.064571">
<ele>1004.666667</ele>
<time>2026-08-11T07:54:23Z</time>
<speed>0.000000</speed>
<trueHeading>0.000000</trueHeading>
<magneticHeading>0.000000</magneticHeading>
<gpsHeading>76.538040</gpsHeading>
<haccuracy>3.810000</haccuracy>
<vaccuracy>3.810000</vaccuracy>
<internetconnect>2</internetconnect>
</trkpt>
<trkpt lat="35.822795" lon="139.064728">
<ele>993.000000</ele>
<time>2026-08-11T07:56:26Z</time>
<speed>0.391881</speed>
<trueHeading>0.000000</trueHeading>
<magneticHeading>0.000000</magneticHeading>
<gpsHeading>99.773483</gpsHeading>
<haccuracy>3.000000</haccuracy>
<vaccuracy>3.000000</vaccuracy>
<internetconnect>2</internetconnect>
</trkpt>
<trkpt lat="35.822807" lon="139.065051">
<ele>981.666667</ele>
<time>2026-08-11T07:58:31Z</time>
<speed>0.250000</speed>
<trueHeading>0.000000</trueHeading>
<magneticHeading>0.000000</magneticHeading>
<gpsHeading>87.507584</gpsHeading>
<haccuracy>10.437000</haccuracy>
<vaccuracy>10.437000</vaccuracy>
<internetconnect>2</internetconnect>
</trkpt>
<trkpt lat="35.822932" lon="139.065379">
<ele>974.000000</ele>
<time>2026-08-11T08:00:32Z</time>
<speed>0.307403</speed>
<trueHeading>0.000000</trueHeading>
<magneticHeading>0.000000</magneticHeading>
<gpsHeading>64.716148</gpsHeading>
<haccuracy>5.402000</haccuracy>
<vaccuracy>5.402000</vaccuracy>
<internetconnect>2</internetconnect>
</trkpt>
<trkpt lat="35.823230" lon="139.065357">
<ele>964.333333</ele>
<time>2026-08-11T08:01:18Z</time>
<speed>0.268737</speed>
<trueHeading>0.000000</trueHeading>
<magneticHeading>0.000000</magneticHeading>
<gpsHeading>356.521942</gpsHeading>
<haccuracy>3.528000</haccuracy>
<vaccuracy>3.528000</vaccuracy>
<internetconnect>2</internetconnect>
</trkpt>
<trkpt lat="35.823444" lon="139.065603">
<ele>953.333333</ele>
<time>2026-08-11T08:02:27Z</time>
<speed>0.541312</speed>
<trueHeading>0.000000</trueHeading>
<magneticHeading>0.000000</magneticHeading>
<gpsHeading>42.934719</gpsHeading>
<haccuracy>5.246000</haccuracy>
<vaccuracy>5.246000</vaccuracy>
<internetconnect>2</internetconnect>
</trkpt>
<trkpt lat="35.823435" lon="139.065850">
<ele>941.333333</ele>
<time>2026-08-11T08:04:29Z</time>
<speed>0.840000</speed>
<trueHeading>0.000000</trueHeading>
<magneticHeading>0.000000</magneticHeading>
<gpsHeading>92.541420</gpsHeading>
<haccuracy>10.605000</haccuracy>
<vaccuracy>10.605000</vaccuracy>
<internetconnect>2</internetconnect>
</trkpt>
<trkpt lat="35.823632" lon="139.065592">
<ele>929.000000</ele>
<time>2026-08-11T08:06:28Z</time>
<speed>0.000000</speed>
<trueHeading>0.000000</trueHeading>
<magneticHeading>0.000000</magneticHeading>
<gpsHeading>313.244019</gpsHeading>
<haccuracy>10.620000</haccuracy>
<vaccuracy>10.620000</vaccuracy>
<internetconnect>2</internetconnect>
</trkpt>
<trkpt lat="35.823605" lon="139.065906">
<ele>917.000000</ele>
<time>2026-08-11T08:08:31Z</time>
<speed>0.380000</speed>
<trueHeading>0.000000</trueHeading>
<magneticHeading>0.000000</magneticHeading>
<gpsHeading>96.211250</gpsHeading>
<haccuracy>10.140000</haccuracy>
<vaccuracy>10.140000</vaccuracy>
<internetconnect>2</internetconnect>
</trkpt>
<trkpt lat="35.823698" lon="139.066037">
<ele>901.333333</ele>
<time>2026-08-11T08:10:36Z</time>
<speed>0.460000</speed>
<trueHeading>0.000000</trueHeading>
<magneticHeading>0.000000</magneticHeading>
<gpsHeading>48.604549</gpsHeading>
<haccuracy>10.577000</haccuracy>
<vaccuracy>10.577000</vaccuracy>
<internetconnect>2</internetconnect>
</trkpt>
<trkpt lat="35.823977" lon="139.065987">
<ele>888.666667</ele>
<time>2026-08-11T08:12:34Z</time>
<speed>1.040000</speed>
<trueHeading>0.000000</trueHeading>
<magneticHeading>0.000000</magneticHeading>
<gpsHeading>351.797546</gpsHeading>
<haccuracy>10.265000</haccuracy>
<vaccuracy>10.265000</vaccuracy>
<internetconnect>2</internetconnect>
</trkpt>
<trkpt lat="35.824131" lon="139.066274">
<ele>877.666667</ele>
<time>2026-08-11T08:13:41Z</time>
<speed>1.078654</speed>
<trueHeading>0.000000</trueHeading>
<magneticHeading>0.000000</magneticHeading>
<gpsHeading>56.561035</gpsHeading>
<haccuracy>4.323000</haccuracy>
<vaccuracy>4.323000</vaccuracy>
<internetconnect>2</internetconnect>
</trkpt>
<trkpt lat="35.824043" lon="139.066649">
<ele>867.333333</ele>
<time>2026-08-11T08:15:04Z</time>
<speed>0.923259</speed>
<trueHeading>0.000000</trueHeading>
<magneticHeading>0.000000</magneticHeading>
<gpsHeading>105.994194</gpsHeading>
<haccuracy>4.904000</haccuracy>
<vaccuracy>4.904000</vaccuracy>
<internetconnect>2</internetconnect>
</trkpt>
<trkpt lat="35.824060" lon="139.067034">
<ele>858.333333</ele>
<time>2026-08-11T08:15:51Z</time>
<speed>0.992120</speed>
<trueHeading>0.000000</trueHeading>
<magneticHeading>0.000000</magneticHeading>
<gpsHeading>86.878799</gpsHeading>
<haccuracy>5.083000</haccuracy>
<vaccuracy>5.083000</vaccuracy>
<internetconnect>2</internetconnect>
</trkpt>
<trkpt lat="35.823835" lon="139.067245">
<ele>845.666667</ele>
<time>2026-08-11T08:16:58Z</time>
<speed>0.841715</speed>
<trueHeading>0.000000</trueHeading>
<magneticHeading>0.000000</magneticHeading>
<gpsHeading>142.720047</gpsHeading>
<haccuracy>5.765000</haccuracy>
<vaccuracy>5.765000</vaccuracy>
<internetconnect>2</internetconnect>
</trkpt>
<trkpt lat="35.823803" lon="139.067599">
<ele>837.000000</ele>
<time>2026-08-11T08:18:36Z</time>
<speed>0.197069</speed>
<trueHeading>0.000000</trueHeading>
<magneticHeading>0.000000</magneticHeading>
<gpsHeading>96.377510</gpsHeading>
<haccuracy>4.005000</haccuracy>
<vaccuracy>4.005000</vaccuracy>
<internetconnect>2</internetconnect>
</trkpt>
<trkpt lat="35.824133" lon="139.067657">
<ele>824.333333</ele>
<time>2026-08-11T08:19:26Z</time>
<speed>0.214739</speed>
<trueHeading>0.000000</trueHeading>
<magneticHeading>0.000000</magneticHeading>
<gpsHeading>8.225741</gpsHeading>
<haccuracy>4.385000</haccuracy>
<vaccuracy>4.385000</vaccuracy>
<internetconnect>2</internetconnect>
</trkpt>
<trkpt lat="35.824008" lon="139.067990">
<ele>814.333333</ele>
<time>2026-08-11T08:20:52Z</time>
<speed>0.150409</speed>
<trueHeading>0.000000</trueHeading>
<magneticHeading>0.000000</magneticHeading>
<gpsHeading>114.732826</gpsHeading>
<haccuracy>4.624000</haccuracy>
<vaccuracy>4.624000</vaccuracy>
<internetconnect>2</internetconnect>
</trkpt>
<trkpt lat="35.824116" lon="139.068229">
<ele>798.333333</ele>
<time>2026-08-11T08:22:57Z</time>
<speed>0.363518</speed>
<trueHeading>0.000000</trueHeading>
<magneticHeading>0.000000</magneticHeading>
<gpsHeading>60.852242</gpsHeading>
<haccuracy>4.919000</haccuracy>
<vaccuracy>4.919000</vaccuracy>
<internetconnect>2</internetconnect>
</trkpt>
<trkpt lat="35.824260" lon="139.068566">
<ele>787.000000</ele>
<time>2026-08-11T08:23:54Z</time>
<speed>1.018786</speed>
<trueHeading>0.000000</trueHeading>
<magneticHeading>0.000000</magneticHeading>
<gpsHeading>62.302032</gpsHeading>
<haccuracy>5.824000</haccuracy>
<vaccuracy>5.824000</vaccuracy>
<internetconnect>2</internetconnect>
</trkpt>
<trkpt lat="35.824263" lon="139.068785">
<ele>773.000000</ele>
<time>2026-08-11T08:25:57Z</time>
<speed>0.117393</speed>
<trueHeading>0.000000</trueHeading>
<magneticHeading>0.000000</magneticHeading>
<gpsHeading>88.869263</gpsHeading>
<haccuracy>4.473000</haccuracy>
<vaccuracy>4.473000</vaccuracy>
<internetconnect>2</internetconnect>
</trkpt>
<trkpt lat="35.824276" lon="139.069159">
<ele>758.666667</ele>
<time>2026-08-11T08:26:48Z</time>
<speed>0.875560</speed>
<trueHeading>0.000000</trueHeading>
<magneticHeading>0.000000</magneticHeading>
<gpsHeading>87.642082</gpsHeading>
<haccuracy>5.584000</haccuracy>
<vaccuracy>5.584000</vaccuracy>
<internetconnect>2</internetconnect>
</trkpt>
<trkpt lat="35.824419" lon="139.069463">
<ele>740.333333</ele>
<time>2026-08-11T08:28:11Z</time>
<speed>0.658258</speed>
<trueHeading>0.000000</trueHeading>
<magneticHeading>0.000000</magneticHeading>
<gpsHeading>59.897213</gpsHeading>
<haccuracy>6.138000</haccuracy>
<vaccuracy>6.138000</vaccuracy>
<internetconnect>2</internetconnect>
</trkpt>
<trkpt lat="35.824439" lon="139.069824">
<ele>725.333333</ele>
<time>2026-08-11T08:29:20Z</time>
<speed>0.510005</speed>
<trueHeading>0.000000</trueHeading>
<magneticHeading>0.000000</magneticHeading>
<gpsHeading>86.006599</gpsHeading>
<haccuracy>6.765000</haccuracy>
<vaccuracy>6.765000</vaccuracy>
<internetconnect>2</internetconnect>
</trkpt>
<trkpt lat="35.824722" lon="139.069985">
<ele>708.666667</ele>
<time>2026-08-11T08:30:30Z</time>
<speed>0.809024</speed>
<trueHeading>0.000000</trueHeading>
<magneticHeading>0.000000</magneticHeading>
<gpsHeading>24.886351</gpsHeading>
<haccuracy>5.710000</haccuracy>
<vaccuracy>5.710000</vaccuracy>
<internetconnect>2</internetconnect>
</trkpt>
<trkpt lat="35.824821" lon="139.070391">
<ele>694.666667</ele>
<time>2026-08-11T08:31:56Z</time>
<speed>0.836893</speed>
<trueHeading>0.000000</trueHeading>
<magneticHeading>0.000000</magneticHeading>
<gpsHeading>73.274399</gpsHeading>
<haccuracy>4.943000</haccuracy>
<vaccuracy>4.943000</vaccuracy>
<internetconnect>2</internetconnect>
</trkpt>
<trkpt lat="35.824774" lon="139.070743">
<ele>675.333333</ele>
<time>2026-08-11T08:33:05Z</time>
<speed>0.170000</speed>
<trueHeading>0.000000</trueHeading>
<magneticHeading>0.000000</magneticHeading>
<gpsHeading>99.253677</gpsHeading>
<haccuracy>7.397000</haccuracy>
<vaccuracy>7.397000</vaccuracy>
<internetconnect>2</internetconnect>
</trkpt>
<trkpt lat="35.824854" lon="139.071115">
<ele>661.000000</ele>
<time>2026-08-11T08:34:29Z</time>
<speed>0.748712</speed>
<trueHeading>0.000000</trueHeading>
<magneticHeading>0.000000</magneticHeading>
<gpsHeading>75.220108</gpsHeading>
<haccuracy>5.337000</haccuracy>
<vaccuracy>5.337000</vaccuracy>
<internetconnect>2</internetconnect>
</trkpt>
<trkpt lat="35.824875" lon="139.071496">
<ele>645.333333</ele>
<time>2026-08-11T08:35:47Z</time>
<speed>0.598425</speed>
<trueHeading>0.000000</trueHeading>
<magneticHeading>0.000000</magneticHeading>
<gpsHeading>86.111069</gpsHeading>
<haccuracy>3.649000</haccuracy>
<vaccuracy>3.649000</vaccuracy>
<internetconnect>2</internetconnect>
</trkpt>
<trkpt lat="35.824845" lon="139.071923">
<ele>632.000000</ele>
<time>2026-08-11T08:36:34Z</time>
<speed>0.200109</speed>
<trueHeading>0.000000</trueHeading>
<magneticHeading>0.000000</magneticHeading>
<gpsHeading>94.938248</gpsHeading>
<haccuracy>4.639000</haccuracy>
<vaccuracy>4.639000</vaccuracy>
<internetconnect>2</internetconnect>
</trkpt>
<trkpt lat="35.824844" lon="139.072319">
<ele>618.666667</ele>
<time>2026-08-11T08:37:33Z</time>
<speed>0.969958</speed>
<trueHeading>0.000000</trueHeading>
<magneticHeading>0.000000</magneticHeading>
<gpsHeading>90.142540</gpsHeading>
<haccuracy>5.525000</haccuracy>
<vaccuracy>5.525000</vaccuracy>
<internetconnect>2</internetconnect>
</trkpt>
<trkpt lat="35.824999" lon="139.072641">
<ele>604.000000</ele>
<time>2026-08-11T08:38:38Z</time>
<speed>0.313184</speed>
<trueHeading>0.000000</trueHeading>
<magneticHeading>0.000000</magneticHeading>
<gpsHeading>59.199501</gpsHeading>
<haccuracy>4.585000</haccuracy>
<vaccuracy>4.585000</vaccuracy>
<internetconnect>2</internetconnect>
</trkpt>
<trkpt lat="35.824822" lon="139.073033">
<ele>594.000000</ele>
<time>2026-08-11T08:39:26Z</time>
<speed>0.786744</speed>
<trueHeading>0.000000</trueHeading>
<magneticHeading>0.000000</magneticHeading>
<gpsHeading>119.170555</gpsHeading>
<haccuracy>4.870000</haccuracy>
<vaccuracy>4.870000</vaccuracy>
<internetconnect>2</internetconnect>
</trkpt>
<trkpt lat="35.825006" lon="139.073311">
<ele>579.666667</ele>
<time>2026-08-11T08:41:26Z</time>
<speed>0.204737</speed>
<trueHeading>0.000000</trueHeading>
<magneticHeading>0.000000</magneticHeading>
<gpsHeading>50.673439</gpsHeading>
<haccuracy>4.482000</haccuracy>
<vaccuracy>4.482000</vaccuracy>
<internetconnect>2</internetconnect>
</trkpt>
<trkpt lat="35.824916" lon="139.073646">
<ele>565.000000</ele>
<time>2026-08-11T08:43:20Z</time>
<speed>0.150734</speed>
<trueHeading>0.000000</trueHeading>
<magneticHeading>0.000000</magneticHeading>
<gpsHeading>108.394432</gpsHeading>
<haccuracy>4.003000</haccuracy>
<vaccuracy>4.003000</vaccuracy>
<internetconnect>2</internetconnect>
</trkpt>
<trkpt lat="35.824767" lon="139.073949">
<ele>544.666667</ele>
<time>2026-08-11T08:45:17Z</time>
<speed>0.165244</speed>
<trueHeading>0.000000</trueHeading>
<magneticHeading>0.000000</magneticHeading>
<gpsHeading>121.202629</gpsHeading>
<haccuracy>4.131000</haccuracy>
<vaccuracy>4.131000</vaccuracy>
<internetconnect>2</internetconnect>
</trkpt>
<trkpt lat="35.824609" lon="139.074255">
<ele>522.333333</ele>
<time>2026-08-11T08:46:41Z</time>
<speed>0.810000</speed>
<trueHeading>0.000000</trueHeading>
<magneticHeading>0.000000</magneticHeading>
<gpsHeading>122.498764</gpsHeading>
<haccuracy>10.420000</haccuracy>
<vaccuracy>10.420000</vaccuracy>
<internetconnect>2</internetconnect>
</trkpt>
<trkpt lat="35.824573" lon="139.074573">
<ele>503.000000</ele>
<time>2026-08-11T08:48:47Z</time>
<speed>0.000000</speed>
<trueHeading>0.000000</trueHeading>
<magneticHeading>0.000000</magneticHeading>
<gpsHeading>97.907242</gpsHeading>
<haccuracy>10.757000</haccuracy>
<vaccuracy>10.757000</vaccuracy>
<internetconnect>2</internetconnect>
</trkpt>
<trkpt lat="35.824841" lon="139.074732">
<ele>486.333333</ele>
<time>2026-08-11T08:50:02Z</time>
<speed>0.850000</speed>
<trueHeading>0.000000</trueHeading>
<magneticHeading>0.000000</magneticHeading>
<gpsHeading>25.776558</gpsHeading>
<haccuracy>10.323000</haccuracy>
<vaccuracy>10.323000</vaccuracy>
<internetconnect>2</internetconnect>
</trkpt>
<trkpt lat="35.824749" lon="139.075002">
<ele>478.333333</ele>
<time>2026-08-11T08:52:05Z</time>
<speed>0.510000</speed>
<trueHeading>0.000000</trueHeading>
<magneticHeading>0.000000</magneticHeading>
<gpsHeading>112.803024</gpsHeading>
<haccuracy>10.751000</haccuracy>
<vaccuracy>10.751000</vaccuracy>
<internetconnect>2</internetconnect>
</trkpt>
<trkpt lat="35.825039" lon="139.074944">
<ele>468.333333</ele>
<time>2026-08-11T08:53:44Z</time>
<speed>0.800000</speed>
<trueHeading>0.000000</trueHeading>
<magneticHeading>0.000000</magneticHeading>
<gpsHeading>350.876465</gpsHeading>
<haccuracy>11.209000</haccuracy>
<vaccuracy>11.209000</vaccuracy>
<internetconnect>2</internetconnect>
</trkpt>
<trkpt lat="35.825399" lon="139.075185">
<ele>462.666667</ele>
<time>2026-08-11T08:54:33Z</time>
<speed>0.202402</speed>
<trueHeading>0.000000</trueHeading>
<magneticHeading>0.000000</magneticHeading>
<gpsHeading>28.512787</gpsHeading>
<haccuracy>3.787000</haccuracy>
<vaccuracy>3.787000</vaccuracy>
<internetconnect>2</internetconnect>
</trkpt>
<trkpt lat="35.825679" lon="139.075138">
<ele>449.000000</ele>
<time>2026-08-11T08:55:24Z</time>
<speed>0.102511</speed>
<trueHeading>0.000000</trueHeading>
<magneticHeading>0.000000</magneticHeading>
<gpsHeading>352.314880</gpsHeading>
<haccuracy>3.927000</haccuracy>
<vaccuracy>3.927000</vaccuracy>
<internetconnect>2</internetconnect>
</trkpt>
<trkpt lat="35.825960" lon="139.075192">
<ele>437.666667</ele>
<time>2026-08-11T08:57:21Z</time>
<speed>0.310000</speed>
<trueHeading>0.000000</trueHeading>
<magneticHeading>0.000000</magneticHeading>
<gpsHeading>8.702604</gpsHeading>
<haccuracy>7.162000</haccuracy>
<vaccuracy>7.162000</vaccuracy>
<internetconnect>2</internetconnect>
</trkpt>
<trkpt lat="35.826267" lon="139.075149">
<ele>435.000000</ele>
<time>2026-08-11T08:59:18Z</time>
<speed>0.609266</speed>
<trueHeading>0.000000</trueHeading>
<magneticHeading>0.000000</magneticHeading>
<gpsHeading>353.639038</gpsHeading>
<haccuracy>4.872000</haccuracy>
<vaccuracy>4.872000</vaccuracy>
<internetconnect>2</internetconnect>
</trkpt>
<trkpt lat="35.826548" lon="139.074403">
<ele>436.333333</ele>
<time>2026-08-11T09:00:06Z</time>
<speed>1.459432</speed>
<trueHeading>0.000000</trueHeading>
<magneticHeading>0.000000</magneticHeading>
<gpsHeading>294.971924</gpsHeading>
<haccuracy>5.407000</haccuracy>
<vaccuracy>5.407000</vaccuracy>
<internetconnect>2</internetconnect>
</trkpt>
<trkpt lat="35.826404" lon="139.074746">
<ele>431.000000</ele>
<time>2026-08-11T09:00:57Z</time>
<speed>1.235447</speed>
<trueHeading>0.000000</trueHeading>
<magneticHeading>0.000000</magneticHeading>
<gpsHeading>117.490295</gpsHeading>
<haccuracy>8.563000</haccuracy>
<vaccuracy>8.563000</vaccuracy>
<internetconnect>2</internetconnect>
</trkpt>
<trkpt lat="35.826407" lon="139.075511">
<ele>417.333333</ele>
<time>2026-08-11T09:01:45Z</time>
<speed>1.329110</speed>
<trueHeading>0.000000</trueHeading>
<magneticHeading>0.000000</magneticHeading>
<gpsHeading>89.741455</gpsHeading>
<haccuracy>8.017000</haccuracy>
<vaccuracy>8.017000</vaccuracy>
<internetconnect>2</internetconnect>
</trkpt>
<trkpt lat="35.826083" lon="139.075541">
<ele>407.000000</ele>
<time>2026-08-11T09:02:33Z</time>
<speed>0.924307</speed>
<trueHeading>0.000000</trueHeading>
<magneticHeading>0.000000</magneticHeading>
<gpsHeading>175.640244</gpsHeading>
<haccuracy>3.489000</haccuracy>
<vaccuracy>3.489000</vaccuracy>
<internetconnect>2</internetconnect>
</trkpt>
<trkpt lat="35.825392" lon="139.075637">
<ele>407.000000</ele>
<time>2026-08-11T09:03:20Z</time>
<speed>1.545618</speed>
<trueHeading>0.000000</trueHeading>
<magneticHeading>0.000000</magneticHeading>
<gpsHeading>173.625046</gpsHeading>
<haccuracy>4.526000</haccuracy>
<vaccuracy>4.526000</vaccuracy>
<internetconnect>2</internetconnect>
</trkpt>
<trkpt lat="35.824855" lon="139.075715">
<ele>403.333333</ele>
<time>2026-08-11T09:04:06Z</time>
<speed>1.477374</speed>
<trueHeading>0.000000</trueHeading>
<magneticHeading>0.000000</magneticHeading>
<gpsHeading>173.287979</gpsHeading>
<haccuracy>11.445000</haccuracy>
<vaccuracy>11.445000</vaccuracy>
<internetconnect>2</internetconnect>
</trkpt>
<trkpt lat="35.824476" lon="139.076206">
<ele>404.666667</ele>
<time>2026-08-11T09:04:53Z</time>
<speed>1.511978</speed>
<trueHeading>0.000000</trueHeading>
<magneticHeading>0.000000</magneticHeading>
<gpsHeading>133.550644</gpsHeading>
<haccuracy>5.896000</haccuracy>
<vaccuracy>5.896000</vaccuracy>
<internetconnect>2</internetconnect>
</trkpt>
<trkpt lat="35.824327" lon="139.076734">
<ele>407.333333</ele>
<time>2026-08-11T09:05:41Z</time>
<speed>0.128403</speed>
<trueHeading>0.000000</trueHeading>
<magneticHeading>0.000000</magneticHeading>
<gpsHeading>109.232559</gpsHeading>
<haccuracy>3.770000</haccuracy>
<vaccuracy>3.770000</vaccuracy>
<internetconnect>2</internetconnect>
</trkpt>
<trkpt lat="35.823950" lon="139.077277">
<ele>414.000000</ele>
<time>2026-08-11T09:06:28Z</time>
<speed>1.562704</speed>
<trueHeading>0.000000</trueHeading>
<magneticHeading>0.000000</magneticHeading>
<gpsHeading>130.558548</gpsHeading>
<haccuracy>8.595000</haccuracy>
<vaccuracy>8.595000</vaccuracy>
<internetconnect>2</internetconnect>
</trkpt>
<trkpt lat="35.823522" lon="139.077774">
<ele>413.333333</ele>
<time>2026-08-11T09:07:16Z</time>
<speed>1.560654</speed>
<trueHeading>0.000000</trueHeading>
<magneticHeading>0.000000</magneticHeading>
<gpsHeading>136.754196</gpsHeading>
<haccuracy>3.921000</haccuracy>
<vaccuracy>3.921000</vaccuracy>
<internetconnect>2</internetconnect>
</trkpt>
<trkpt lat="35.823099" lon="139.078543">
<ele>411.666667</ele>
<time>2026-08-11T09:08:03Z</time>
<speed>1.532250</speed>
<trueHeading>0.000000</trueHeading>
<magneticHeading>0.000000</magneticHeading>
<gpsHeading>124.132874</gpsHeading>
<haccuracy>6.050000</haccuracy>
<vaccuracy>6.050000</vaccuracy>
<internetconnect>2</internetconnect>
</trkpt>
<trkpt lat="35.822747" lon="139.079227">
<ele>410.333333</ele>
<time>2026-08-11T09:08:50Z</time>
<speed>1.490810</speed>
<trueHeading>0.000000</trueHeading>
<magneticHeading>0.000000</magneticHeading>
<gpsHeading>122.421341</gpsHeading>
<haccuracy>5.610000</haccuracy>
<vaccuracy>5.610000</vaccuracy>
<internetconnect>2</internetconnect>
</trkpt>
<trkpt lat="35.822750" lon="139.080094">
<ele>406.000000</ele>
<time>2026-08-11T09:09:38Z</time>
<speed>1.405855</speed>
<trueHeading>0.000000</trueHeading>
<magneticHeading>0.000000</magneticHeading>
<gpsHeading>89.698235</gpsHeading>
<haccuracy>5.787000</haccuracy>
<vaccuracy>5.787000</vaccuracy>
<internetconnect>2</internetconnect>
</trkpt>
<trkpt lat="35.823185" lon="139.080657">
<ele>402.333333</ele>
<time>2026-08-11T09:10:25Z</time>
<speed>0.275830</speed>
<trueHeading>0.000000</trueHeading>
<magneticHeading>0.000000</magneticHeading>
<gpsHeading>46.378330</gpsHeading>
<haccuracy>3.477000</haccuracy>
<vaccuracy>3.477000</vaccuracy>
<internetconnect>2</internetconnect>
</trkpt>
<trkpt lat="35.822799" lon="139.081435">
<ele>400.666667</ele>
<time>2026-08-11T09:11:12Z</time>
<speed>1.298285</speed>
<trueHeading>0.000000</trueHeading>
<magneticHeading>0.000000</magneticHeading>
<gpsHeading>121.439407</gpsHeading>
<haccuracy>6.090000</haccuracy>
<vaccuracy>6.090000</vaccuracy>
<internetconnect>2</internetconnect>
</trkpt>
<trkpt lat="35.822109" lon="139.081650">
<ele>404.333333</ele>
<time>2026-08-11T09:11:59Z</time>
<speed>1.580516</speed>
<trueHeading>0.000000</trueHeading>
<magneticHeading>0.000000</magneticHeading>
<gpsHeading>165.870209</gpsHeading>
<haccuracy>5.721000</haccuracy>
<vaccuracy>5.721000</vaccuracy>
<internetconnect>2</internetconnect>
</trkpt>
<trkpt lat="35.821522" lon="139.082108">
<ele>413.000000</ele>
<time>2026-08-11T09:12:45Z</time>
<speed>1.338562</speed>
<trueHeading>0.000000</trueHeading>
<magneticHeading>0.000000</magneticHeading>
<gpsHeading>147.628250</gpsHeading>
<haccuracy>5.707000</haccuracy>
<vaccuracy>5.707000</vaccuracy>
<internetconnect>2</internetconnect>
</trkpt>
<trkpt lat="35.821094" lon="139.082767">
<ele>429.000000</ele>
<time>2026-08-11T09:13:32Z</time>
<speed>1.576766</speed>
<trueHeading>0.000000</trueHeading>
<magneticHeading>0.000000</magneticHeading>
<gpsHeading>128.691620</gpsHeading>
<haccuracy>5.004000</haccuracy>
<vaccuracy>5.004000</vaccuracy>
<internetconnect>2</internetconnect>
</trkpt>
<trkpt lat="35.821051" lon="139.083646">
<ele>432.666667</ele>
<time>2026-08-11T09:14:20Z</time>
<speed>1.504585</speed>
<trueHeading>0.000000</trueHeading>
<magneticHeading>0.000000</magneticHeading>
<gpsHeading>93.502167</gpsHeading>
<haccuracy>6.119000</haccuracy>
<vaccuracy>6.119000</vaccuracy>
<internetconnect>2</internetconnect>
</trkpt>
<trkpt lat="35.821392" lon="139.084277">
<ele>426.333333</ele>
<time>2026-08-11T09:15:08Z</time>
<speed>0.426691</speed>
<trueHeading>0.000000</trueHeading>
<magneticHeading>0.000000</magneticHeading>
<gpsHeading>56.324532</gpsHeading>
<haccuracy>4.836000</haccuracy>
<vaccuracy>4.836000</vaccuracy>
<internetconnect>2</internetconnect>
</trkpt>
<trkpt lat="35.821076" lon="139.084669">
<ele>410.666667</ele>
<time>2026-08-11T09:15:55Z</time>
<speed>1.211342</speed>
<trueHeading>0.000000</trueHeading>
<magneticHeading>0.000000</magneticHeading>
<gpsHeading>134.779709</gpsHeading>
<haccuracy>4.489000</haccuracy>
<vaccuracy>4.489000</vaccuracy>
<internetconnect>2</internetconnect>
</trkpt>
<trkpt lat="35.820407" lon="139.084721">
<ele>415.333333</ele>
<time>2026-08-11T09:16:42Z</time>
<speed>1.522406</speed>
<trueHeading>0.000000</trueHeading>
<magneticHeading>0.000000</magneticHeading>
<gpsHeading>176.401108</gpsHeading>
<haccuracy>5.469000</haccuracy>
<vaccuracy>5.469000</vaccuracy>
<internetconnect>2</internetconnect>
</trkpt>
<trkpt lat="35.819817" lon="139.084647">
<ele>416.000000</ele>
<time>2026-08-11T09:17:28Z</time>
<speed>1.343337</speed>
<trueHeading>0.000000</trueHeading>
<magneticHeading>0.000000</magneticHeading>
<gpsHeading>185.825592</gpsHeading>
<haccuracy>5.832000</haccuracy>
<vaccuracy>5.832000</vaccuracy>
<internetconnect>2</internetconnect>
</trkpt>
<trkpt lat="35.819262" lon="139.085195">
<ele>415.333333</ele>
<time>2026-08-11T09:18:16Z</time>
<speed>1.557174</speed>
<trueHeading>0.000000</trueHeading>
<magneticHeading>0.000000</magneticHeading>
<gpsHeading>141.312897</gpsHeading>
<haccuracy>5.738000</haccuracy>
<vaccuracy>5.738000</vaccuracy>
<internetconnect>2</internetconnect>
</trkpt>
<trkpt lat="35.818686" lon="139.085594">
<ele>403.333333</ele>
<time>2026-08-11T09:19:06Z</time>
<speed>1.479914</speed>
<trueHeading>0.000000</trueHeading>
<magneticHeading>0.000000</magneticHeading>
<gpsHeading>150.696106</gpsHeading>
<haccuracy>5.329000</haccuracy>
<vaccuracy>5.329000</vaccuracy>
<internetconnect>2</internetconnect>
</trkpt>
<trkpt lat="35.818252" lon="139.086188">
<ele>399.000000</ele>
<time>2026-08-11T09:19:54Z</time>
<speed>1.537266</speed>
<trueHeading>0.000000</trueHeading>
<magneticHeading>0.000000</magneticHeading>
<gpsHeading>132.023483</gpsHeading>
<haccuracy>5.786000</haccuracy>
<vaccuracy>5.786000</vaccuracy>
<internetconnect>2</internetconnect>
</trkpt>
<trkpt lat="35.817709" lon="139.086227">
<ele>388.666667</ele>
<time>2026-08-11T09:20:41Z</time>
<speed>0.385410</speed>
<trueHeading>0.000000</trueHeading>
<magneticHeading>0.000000</magneticHeading>
<gpsHeading>176.626083</gpsHeading>
<haccuracy>4.826000</haccuracy>
<vaccuracy>4.826000</vaccuracy>
<internetconnect>2</internetconnect>
</trkpt>
<trkpt lat="35.817016" lon="139.086347">
<ele>389.333333</ele>
<time>2026-08-11T09:21:28Z</time>
<speed>1.565931</speed>
<trueHeading>0.000000</trueHeading>
<magneticHeading>0.000000</magneticHeading>
<gpsHeading>171.994888</gpsHeading>
<haccuracy>5.335000</haccuracy>
<vaccuracy>5.335000</vaccuracy>
<internetconnect>2</internetconnect>
</trkpt>
<trkpt lat="35.816399" lon="139.086686">
<ele>389.000000</ele>
<time>2026-08-11T09:22:15Z</time>
<speed>1.584000</speed>
<trueHeading>0.000000</trueHeading>
<magneticHeading>0.000000</magneticHeading>
<gpsHeading>155.983322</gpsHeading>
<haccuracy>5.404000</haccuracy>
<vaccuracy>5.404000</vaccuracy>
<internetconnect>2</internetconnect>
</trkpt>
<trkpt lat="35.816199" lon="139.087538">
<ele>394.000000</ele>
<time>2026-08-11T09:23:02Z</time>
<speed>1.552188</speed>
<trueHeading>0.000000</trueHeading>
<magneticHeading>0.000000</magneticHeading>
<gpsHeading>106.106613</gpsHeading>
<haccuracy>5.533000</haccuracy>
<vaccuracy>5.533000</vaccuracy>
<internetconnect>2</internetconnect>
</trkpt>
<trkpt lat="35.816058" lon="139.088271">
<ele>388.000000</ele>
<time>2026-08-11T09:23:49Z</time>
<speed>1.486927</speed>
<trueHeading>0.000000</trueHeading>
<magneticHeading>0.000000</magneticHeading>
<gpsHeading>103.394089</gpsHeading>
<haccuracy>5.749000</haccuracy>
<vaccuracy>5.749000</vaccuracy>
<internetconnect>2</internetconnect>
</trkpt>
<trkpt lat="35.816391" lon="139.089041">
<ele>386.666667</ele>
<time>2026-08-11T09:24:36Z</time>
<speed>1.548945</speed>
<trueHeading>0.000000</trueHeading>
<magneticHeading>0.000000</magneticHeading>
<gpsHeading>61.902668</gpsHeading>
<haccuracy>5.114000</haccuracy>
<vaccuracy>5.114000</vaccuracy>
<internetconnect>2</internetconnect>
</trkpt>
<trkpt lat="35.816146" lon="139.089762">
<ele>389.666667</ele>
<time>2026-08-11T09:25:22Z</time>
<speed>1.439670</speed>
<trueHeading>0.000000</trueHeading>
<magneticHeading>0.000000</magneticHeading>
<gpsHeading>112.783409</gpsHeading>
<haccuracy>5.397000</haccuracy>
<vaccuracy>5.397000</vaccuracy>
<internetconnect>2</internetconnect>
</trkpt>
<trkpt lat="35.815460" lon="139.089975">
<ele>394.333333</ele>
<time>2026-08-11T09:26:10Z</time>
<speed>1.009175</speed>
<trueHeading>0.000000</trueHeading>
<magneticHeading>0.000000</magneticHeading>
<gpsHeading>165.847488</gpsHeading>
<haccuracy>5.638000</haccuracy>
<vaccuracy>5.638000</vaccuracy>
<internetconnect>2</internetconnect>
</trkpt>
<trkpt lat="35.815371" lon="139.090886">
<ele>394.000000</ele>
<time>2026-08-11T09:26:57Z</time>
<speed>1.554807</speed>
<trueHeading>0.000000</trueHeading>
<magneticHeading>0.000000</magneticHeading>
<gpsHeading>96.913277</gpsHeading>
<haccuracy>5.131000</haccuracy>
<vaccuracy>5.131000</vaccuracy>
<internetconnect>2</internetconnect>
</trkpt>
<trkpt lat="35.815353" lon="139.091700">
<ele>389.000000</ele>
<time>2026-08-11T09:27:44Z</time>
<speed>1.484430</speed>
<trueHeading>0.000000</trueHeading>
<magneticHeading>0.000000</magneticHeading>
<gpsHeading>91.501320</gpsHeading>
<haccuracy>5.981000</haccuracy>
<vaccuracy>5.981000</vaccuracy>
<internetconnect>2</internetconnect>
</trkpt>
<trkpt lat="35.815113" lon="139.092170">
<ele>390.000000</ele>
<time>2026-08-11T09:28:30Z</time>
<speed>0.712205</speed>
<trueHeading>0.000000</trueHeading>
<magneticHeading>0.000000</magneticHeading>
<gpsHeading>122.248634</gpsHeading>
<haccuracy>5.089000</haccuracy>
<vaccuracy>5.089000</vaccuracy>
<internetconnect>2</internetconnect>
</trkpt>
<trkpt lat="35.814490" lon="139.091823">
<ele>386.666667</ele>
<time>2026-08-11T09:29:17Z</time>
<speed>1.598411</speed>
<trueHeading>0.000000</trueHeading>
<magneticHeading>0.000000</magneticHeading>
<gpsHeading>204.276001</gpsHeading>
<haccuracy>5.740000</haccuracy>
<vaccuracy>5.740000</vaccuracy>
<internetconnect>2</internetconnect>
</trkpt>
<trkpt lat="35.813903" lon="139.092113">
<ele>382.666667</ele>
<time>2026-08-11T09:30:03Z</time>
<speed>1.592672</speed>
<trueHeading>0.000000</trueHeading>
<magneticHeading>0.000000</magneticHeading>
<gpsHeading>158.181061</gpsHeading>
<haccuracy>5.705000</haccuracy>
<vaccuracy>5.705000</vaccuracy>
<internetconnect>2</internetconnect>
</trkpt>
<trkpt lat="35.813424" lon="139.092626">
<ele>370.000000</ele>
<time>2026-08-11T09:30:50Z</time>
<speed>1.568027</speed>
<trueHeading>0.000000</trueHeading>
<magneticHeading>0.000000</magneticHeading>
<gpsHeading>139.024612</gpsHeading>
<haccuracy>5.480000</haccuracy>
<vaccuracy>5.480000</vaccuracy>
<internetconnect>2</internetconnect>
</trkpt>
<trkpt lat="35.812902" lon="139.092998">
<ele>362.333333</ele>
<time>2026-08-11T09:31:40Z</time>
<speed>0.520671</speed>
<trueHeading>0.000000</trueHeading>
<magneticHeading>0.000000</magneticHeading>
<gpsHeading>149.968628</gpsHeading>
<haccuracy>5.368000</haccuracy>
<vaccuracy>5.368000</vaccuracy>
<internetconnect>2</internetconnect>
</trkpt>
<trkpt lat="35.812517" lon="139.093476">
<ele>355.333333</ele>
<time>2026-08-11T09:32:27Z</time>
<speed>1.521186</speed>
<trueHeading>0.000000</trueHeading>
<magneticHeading>0.000000</magneticHeading>
<gpsHeading>134.790161</gpsHeading>
<haccuracy>4.877000</haccuracy>
<vaccuracy>4.877000</vaccuracy>
<internetconnect>2</internetconnect>
</trkpt>
<trkpt lat="35.812744" lon="139.094124">
<ele>354.666667</ele>
<time>2026-08-11T09:33:14Z</time>
<speed>1.468180</speed>
<trueHeading>0.000000</trueHeading>
<magneticHeading>0.000000</magneticHeading>
<gpsHeading>66.688499</gpsHeading>
<haccuracy>8.102000</haccuracy>
<vaccuracy>8.102000</vaccuracy>
<internetconnect>2</internetconnect>
</trkpt>
<trkpt lat="35.812399" lon="139.094495">
<ele>355.000000</ele>
<time>2026-08-11T09:34:01Z</time>
<speed>0.052621</speed>
<trueHeading>0.000000</trueHeading>
<magneticHeading>0.000000</magneticHeading>
<gpsHeading>138.898834</gpsHeading>
<haccuracy>6.320000</haccuracy>
<vaccuracy>6.320000</vaccuracy>
<internetconnect>2</internetconnect>
</trkpt>
<trkpt lat="35.811816" lon="139.094925">
<ele>356.000000</ele>
<time>2026-08-11T09:34:48Z</time>
<speed>0.073299</speed>
<trueHeading>0.000000</trueHeading>
<magneticHeading>0.000000</magneticHeading>
<gpsHeading>149.083084</gpsHeading>
<haccuracy>6.997000</haccuracy>
<vaccuracy>6.997000</vaccuracy>
<internetconnect>2</internetconnect>
</trkpt>
<trkpt lat="35.811830" lon="139.094983">
<ele>355.666667</ele>
<time>2026-08-11T09:36:58Z</time>
<speed>0.277638</speed>
<trueHeading>0.000000</trueHeading>
<magneticHeading>0.000000</magneticHeading>
<gpsHeading>73.659271</gpsHeading>
<haccuracy>6.950000</haccuracy>
<vaccuracy>6.950000</vaccuracy>
<internetconnect>2</internetconnect>
</trkpt>
<trkpt lat="35.811792" lon="139.094983">
<ele>354.000000</ele>
<time>2026-08-11T09:39:03Z</time>
<speed>0.131381</speed>
<trueHeading>0.000000</trueHeading>
<magneticHeading>0.000000</magneticHeading>
<gpsHeading>180.000000</gpsHeading>
<haccuracy>8.498000</haccuracy>
<vaccuracy>8.498000</vaccuracy>
<internetconnect>2</internetconnect>
</trkpt>
<trkpt lat="35.811185" lon="139.095044">
<ele>351.333333</ele>
<time>2026-08-11T09:39:50Z</time>
<speed>1.438411</speed>
<trueHeading>0.000000</trueHeading>
<magneticHeading>0.000000</magneticHeading>
<gpsHeading>175.287720</gpsHeading>
<haccuracy>6.615000</haccuracy>
<vaccuracy>6.615000</vaccuracy>
<internetconnect>2</internetconnect>
</trkpt>
<trkpt lat="35.810655" lon="139.094822">
<ele>348.000000</ele>
<time>2026-08-11T09:40:37Z</time>
<speed>1.449514</speed>
<trueHeading>0.000000</trueHeading>
<magneticHeading>0.000000</magneticHeading>
<gpsHeading>198.784012</gpsHeading>
<haccuracy>4.974000</haccuracy>
<vaccuracy>4.974000</vaccuracy>
<internetconnect>2</internetconnect>
</trkpt>
<trkpt lat="35.810038" lon="139.094719">
<ele>343.666667</ele>
<time>2026-08-11T09:41:25Z</time>
<speed>1.499404</speed>
<trueHeading>0.000000</trueHeading>
<magneticHeading>0.000000</magneticHeading>
<gpsHeading>187.722107</gpsHeading>
<haccuracy>5.407000</haccuracy>
<vaccuracy>5.407000</vaccuracy>
<internetconnect>2</internetconnect>
</trkpt>
<trkpt lat="35.809425" lon="139.094916">
<ele>340.000000</ele>
<time>2026-08-11T09:42:12Z</time>
<speed>1.597436</speed>
<trueHeading>0.000000</trueHeading>
<magneticHeading>0.000000</magneticHeading>
<gpsHeading>165.378326</gpsHeading>
<haccuracy>5.530000</haccuracy>
<vaccuracy>5.530000</vaccuracy>
<internetconnect>2</internetconnect>
</trkpt>
<trkpt lat="35.808860" lon="139.095272">
<ele>336.333333</ele>
<time>2026-08-11T09:42:58Z</time>
<speed>1.542186</speed>
<trueHeading>0.000000</trueHeading>
<magneticHeading>0.000000</magneticHeading>
<gpsHeading>152.992630</gpsHeading>
<haccuracy>4.064000</haccuracy>
<vaccuracy>4.064000</vaccuracy>
<internetconnect>2</internetconnect>
</trkpt>
<trkpt lat="35.808335" lon="139.095545">
<ele>334.666667</ele>
<time>2026-08-11T09:43:45Z</time>
<speed>1.613129</speed>
<trueHeading>0.000000</trueHeading>
<magneticHeading>0.000000</magneticHeading>
<gpsHeading>157.080933</gpsHeading>
<haccuracy>3.978000</haccuracy>
<vaccuracy>3.978000</vaccuracy>
<internetconnect>2</internetconnect>
</trkpt>
<trkpt lat="35.807651" lon="139.095688">
<ele>335.666667</ele>
<time>2026-08-11T09:44:32Z</time>
<speed>1.569933</speed>
<trueHeading>0.000000</trueHeading>
<magneticHeading>0.000000</magneticHeading>
<gpsHeading>170.387894</gpsHeading>
<haccuracy>4.882000</haccuracy>
<vaccuracy>4.882000</vaccuracy>
<internetconnect>2</internetconnect>
</trkpt>
<trkpt lat="35.807034" lon="139.095561">
<ele>337.333333</ele>
<time>2026-08-11T09:45:19Z</time>
<speed>1.522873</speed>
<trueHeading>0.000000</trueHeading>
<magneticHeading>0.000000</magneticHeading>
<gpsHeading>189.473969</gpsHeading>
<haccuracy>5.190000</haccuracy>
<vaccuracy>5.190000</vaccuracy>
<internetconnect>2</internetconnect>
</trkpt>
<trkpt lat="35.807052" lon="139.095548">
<ele>337.666667</ele>
<time>2026-08-11T09:47:25Z</time>
<speed>0.128903</speed>
<trueHeading>0.000000</trueHeading>
<magneticHeading>0.000000</magneticHeading>
<gpsHeading>330.221802</gpsHeading>
<haccuracy>8.425000</haccuracy>
<vaccuracy>8.425000</vaccuracy>
<internetconnect>2</internetconnect>
</trkpt>
<trkpt lat="35.807319" lon="139.095670">
<ele>334.000000</ele>
<time>2026-08-11T09:48:13Z</time>
<speed>1.370599</speed>
<trueHeading>0.000000</trueHeading>
<magneticHeading>0.000000</magneticHeading>
<gpsHeading>20.298037</gpsHeading>
<haccuracy>4.006000</haccuracy>
<vaccuracy>4.006000</vaccuracy>
<internetconnect>2</internetconnect>
</trkpt>
<trkpt lat="35.807566" lon="139.095937">
<ele>331.500000</ele>
<time>2026-08-11T09:48:43Z</time>
<speed>1.418558</speed>
<trueHeading>-999.000000</trueHeading>
<magneticHeading>-999.000000</magneticHeading>
<gpsHeading>41.208504</gpsHeading>
<haccuracy>9.048000</haccuracy>
<vaccuracy>9.048000</vaccuracy>
<internetconnect>2</internetconnect>
</trkpt>
</trkseg></trk>
</gpx>
