<?xml version="1.0" encoding="UTF-8"?>
<gpx xmlns:xsi="http://www.w3.org/2001/XMLSchema-instance" xmlns="http://www.topografix.com/GPX/1/0" xsi:schemaLocation="http://www.topografix.com/GPX/1/1 http://www.topografix.com/GPX/1/1/gpx.xsd" creator="Geographica - http://geographica.biz/" appVersion="Ver 2.1.61:4412" device="google sunfish" android="13" carrier="povo">
<trk>
<name>20261003</name>
<trkseg>
<trkpt lat="35.841551" lon="139.044442">
<ele>613.000000</ele>
<time>2026-10-02T23:04:29Z</time>
<speed>0.689068</speed>
<trueHeading>0.000000</trueHeading>
<magneticHeading>0.000000</magneticHeading>
<gpsHeading>0.000000</gpsHeading>
<haccuracy>9.330000</haccuracy>
<vaccuracy>9.330000</vaccuracy>
<internetconnect>2</internetconnect>
</trkpt>
<trkpt lat="35.841553" lon="139.044437">
<ele>613.666667</ele>
<time>2026-10-02T23:04:30Z</time>
<speed>0.293819</speed>
<trueHeading>0.000000</trueHeading>
<magneticHeading>0.000000</magneticHeading>
<gpsHeading>0.000000</gpsHeading>
<haccuracy>9.730000</haccuracy>
<vaccuracy>9.730000</vaccuracy>
<internetconnect>2</internetconnect>
</trkpt>
<trkpt lat="35.841639" lon="139.044423">
<ele>615.333333</ele>
<time>2026-10-02T23:07:32Z</time>
<speed>0.092505</speed>
<trueHeading>0.000000</trueHeading>
<magneticHeading>0.000000</magneticHeading>
<gpsHeading>352.270203</gpsHeading>
<haccuracy>4.719000</haccuracy>
<vaccuracy>4.719000</vaccuracy>
<internetconnect>2</internetconnect>
</trkpt>
<trkpt lat="35.841535" lon="139.044056">
<ele>615.000000</ele>
<time>2026-10-02T23:08:39Z</time>
<speed>1.520000</speed>
<trueHeading>0.000000</trueHeading>
<magneticHeading>0.000000</magneticHeading>
<gpsHeading>250.707321</gpsHeading>
<haccuracy>8.496000</haccuracy>
<vaccuracy>8.496000</vaccuracy>
<internetconnect>2</internetconnect>
</trkpt>
<trkpt lat="35.841195" lon="139.043367">
<ele>615.000000</ele>
<time>2026-10-02T23:09:27Z</time>
<speed>1.456235</speed>
<trueHeading>0.000000</trueHeading>
<magneticHeading>0.000000</magneticHeading>
<gpsHeading>238.691650</gpsHeading>
<haccuracy>7.070000</haccuracy>
<vaccuracy>7.070000</vaccuracy>
<internetconnect>2</internetconnect>
</trkpt>
<trkpt lat="35.841336" lon="139.042644">
<ele>614.333333</ele>
<time>2026-10-02T23:10:13Z</time>
<speed>0.422895</speed>
<trueHeading>0.000000</trueHeading>
<magneticHeading>0.000000</magneticHeading>
<gpsHeading>283.526917</gpsHeading>
<haccuracy>6.122000</haccuracy>
<vaccuracy>6.122000</vaccuracy>
<internetconnect>2</internetconnect>
</trkpt>
<trkpt lat="35.841179" lon="139.041957">
<ele>615.333333</ele>
<time>2026-10-02T23:10:59Z</time>
<speed>0.968424</speed>
<trueHeading>0.000000</trueHeading>
<magneticHeading>0.000000</magneticHeading>
<gpsHeading>254.187332</gpsHeading>
<haccuracy>7.525000</haccuracy>
<vaccuracy>7.525000</vaccuracy>
<internetconnect>2</internetconnect>
</trkpt>
<trkpt lat="35.841009" lon="139.041472">
<ele>618.333333</ele>
<time>2026-10-02T23:11:48Z</time>
<speed>0.071959</speed>
<trueHeading>0.000000</trueHeading>
<magneticHeading>0.000000</magneticHeading>
<gpsHeading>246.698471</gpsHeading>
<haccuracy>4.148000</haccuracy>
<vaccuracy>4.148000</vaccuracy>
<internetconnect>2</internetconnect>
</trkpt>
<trkpt lat="35.841223" lon="139.040620">
<ele>619.666667</ele>
<time>2026-10-02T23:12:38Z</time>
<speed>1.071004</speed>
<trueHeading>0.000000</trueHeading>
<magneticHeading>0.000000</magneticHeading>
<gpsHeading>287.211548</gpsHeading>
<haccuracy>5.664000</haccuracy>
<vaccuracy>5.664000</vaccuracy>
<internetconnect>2</internetconnect>
</trkpt>
<trkpt lat="35.841379" lon="139.039788">
<ele>620.333333</ele>
<time>2026-10-02T23:13:29Z</time>
<speed>1.407443</speed>
<trueHeading>0.000000</trueHeading>
<magneticHeading>0.000000</magneticHeading>
<gpsHeading>283.020874</gpsHeading>
<haccuracy>7.112000</haccuracy>
<vaccuracy>7.112000</vaccuracy>
<internetconnect>2</internetconnect>
</trkpt>
<trkpt lat="35.841817" lon="139.039144">
<ele>618.666667</ele>
<time>2026-10-02T23:14:19Z</time>
<speed>1.201406</speed>
<trueHeading>0.000000</trueHeading>
<magneticHeading>0.000000</magneticHeading>
<gpsHeading>310.005615</gpsHeading>
<haccuracy>5.127000</haccuracy>
<vaccuracy>5.127000</vaccuracy>
<internetconnect>2</internetconnect>
</trkpt>
<trkpt lat="35.842280" lon="139.038461">
<ele>616.333333</ele>
<time>2026-10-02T23:15:05Z</time>
<speed>1.645506</speed>
<trueHeading>0.000000</trueHeading>
<magneticHeading>0.000000</magneticHeading>
<gpsHeading>309.912262</gpsHeading>
<haccuracy>5.676000</haccuracy>
<vaccuracy>5.676000</vaccuracy>
<internetconnect>2</internetconnect>
</trkpt>
<trkpt lat="35.842809" lon="139.038176">
<ele>615.000000</ele>
<time>2026-10-02T23:15:52Z</time>
<speed>0.275482</speed>
<trueHeading>0.000000</trueHeading>
<magneticHeading>0.000000</magneticHeading>
<gpsHeading>336.411133</gpsHeading>
<haccuracy>4.264000</haccuracy>
<vaccuracy>4.264000</vaccuracy>
<internetconnect>2</internetconnect>
</trkpt>
<trkpt lat="35.843399" lon="139.038648">
<ele>610.000000</ele>
<time>2026-10-02T23:16:40Z</time>
<speed>0.415898</speed>
<trueHeading>0.000000</trueHeading>
<magneticHeading>0.000000</magneticHeading>
<gpsHeading>32.927868</gpsHeading>
<haccuracy>4.313000</haccuracy>
<vaccuracy>4.313000</vaccuracy>
<internetconnect>2</internetconnect>
</trkpt>
<trkpt lat="35.843916" lon="139.038536">
<ele>618.666667</ele>
<time>2026-10-02T23:17:26Z</time>
<speed>0.471818</speed>
<trueHeading>0.000000</trueHeading>
<magneticHeading>0.000000</magneticHeading>
<gpsHeading>350.107819</gpsHeading>
<haccuracy>5.467000</haccuracy>
<vaccuracy>5.467000</vaccuracy>
<internetconnect>2</internetconnect>
</trkpt>
<trkpt lat="35.844547" lon="139.039098">
<ele>622.666667</ele>
<time>2026-10-02T23:18:12Z</time>
<speed>1.271216</speed>
<trueHeading>0.000000</trueHeading>
<magneticHeading>0.000000</magneticHeading>
<gpsHeading>35.823898</gpsHeading>
<haccuracy>5.158000</haccuracy>
<vaccuracy>5.158000</vaccuracy>
<internetconnect>2</internetconnect>
</trkpt>
<trkpt lat="35.845042" lon="139.039348">
<ele>631.333333</ele>
<time>2026-10-02T23:18:59Z</time>
<speed>0.520475</speed>
<trueHeading>0.000000</trueHeading>
<magneticHeading>0.000000</magneticHeading>
<gpsHeading>22.231695</gpsHeading>
<haccuracy>3.686000</haccuracy>
<vaccuracy>3.686000</vaccuracy>
<internetconnect>2</internetconnect>
</trkpt>
<trkpt lat="35.845880" lon="139.039022">
<ele>626.666667</ele>
<time>2026-10-02T23:19:49Z</time>
<speed>0.617179</speed>
<trueHeading>0.000000</trueHeading>
<magneticHeading>0.000000</magneticHeading>
<gpsHeading>342.503998</gpsHeading>
<haccuracy>5.337000</haccuracy>
<vaccuracy>5.337000</vaccuracy>
<internetconnect>2</internetconnect>
</trkpt>
<trkpt lat="35.846467" lon="139.038761">
<ele>621.333333</ele>
<time>2026-10-02T23:20:37Z</time>
<speed>0.365455</speed>
<trueHeading>0.000000</trueHeading>
<magneticHeading>0.000000</magneticHeading>
<gpsHeading>340.153534</gpsHeading>
<haccuracy>5.049000</haccuracy>
<vaccuracy>5.049000</vaccuracy>
<internetconnect>2</internetconnect>
</trkpt>
<trkpt lat="35.847202" lon="139.038630">
<ele>613.666667</ele>
<time>2026-10-02T23:21:25Z</time>
<speed>1.615925</speed>
<trueHeading>0.000000</trueHeading>
<magneticHeading>0.000000</magneticHeading>
<gpsHeading>351.766205</gpsHeading>
<haccuracy>6.478000</haccuracy>
<vaccuracy>6.478000</vaccuracy>
<internetconnect>2</internetconnect>
</trkpt>
<trkpt lat="35.847607" lon="139.038037">
<ele>606.666667</ele>
<time>2026-10-02T23:22:12Z</time>
<speed>0.447962</speed>
<trueHeading>0.000000</trueHeading>
<magneticHeading>0.000000</magneticHeading>
<gpsHeading>310.106873</gpsHeading>
<haccuracy>4.874000</haccuracy>
<vaccuracy>4.874000</vaccuracy>
<internetconnect>2</internetconnect>
</trkpt>
<trkpt lat="35.848133" lon="139.037470">
<ele>600.000000</ele>
<time>2026-10-02T23:22:59Z</time>
<speed>1.261696</speed>
<trueHeading>0.000000</trueHeading>
<magneticHeading>0.000000</magneticHeading>
<gpsHeading>318.848267</gpsHeading>
<haccuracy>5.791000</haccuracy>
<vaccuracy>5.791000</vaccuracy>
<internetconnect>2</internetconnect>
</trkpt>
<trkpt lat="35.848732" lon="139.037433">
<ele>602.666667</ele>
<time>2026-10-02T23:23:46Z</time>
<speed>1.605669</speed>
<trueHeading>0.000000</trueHeading>
<magneticHeading>0.000000</magneticHeading>
<gpsHeading>357.127869</gpsHeading>
<haccuracy>4.205000</haccuracy>
<vaccuracy>4.205000</vaccuracy>
<internetconnect>0</internetconnect>
</trkpt>
<trkpt lat="35.848871" lon="139.036650">
<ele>606.666667</ele>
<time>2026-10-02T23:24:33Z</time>
<speed>0.915570</speed>
<trueHeading>0.000000</trueHeading>
<magneticHeading>0.000000</magneticHeading>
<gpsHeading>282.308716</gpsHeading>
<haccuracy>4.595000</haccuracy>
<vaccuracy>4.595000</vaccuracy>
<internetconnect>0</internetconnect>
</trkpt>
<trkpt lat="35.848928" lon="139.035913">
<ele>615.000000</ele>
<time>2026-10-02T23:25:23Z</time>
<speed>0.428385</speed>
<trueHeading>0.000000</trueHeading>
<magneticHeading>0.000000</magneticHeading>
<gpsHeading>275.435822</gpsHeading>
<haccuracy>3.326000</haccuracy>
<vaccuracy>3.326000</vaccuracy>
<internetconnect>0</internetconnect>
</trkpt>
<trkpt lat="35.849017" lon="139.035390">
<ele>614.000000</ele>
<time>2026-10-02T23:26:14Z</time>
<speed>0.779394</speed>
<trueHeading>0.000000</trueHeading>
<magneticHeading>0.000000</magneticHeading>
<gpsHeading>281.942810</gpsHeading>
<haccuracy>4.017000</haccuracy>
<vaccuracy>4.017000</vaccuracy>
<internetconnect>0</internetconnect>
</trkpt>
<trkpt lat="35.849097" lon="139.034530">
<ele>613.666667</ele>
<time>2026-10-02T23:27:02Z</time>
<speed>0.719957</speed>
<trueHeading>0.000000</trueHeading>
<magneticHeading>0.000000</magneticHeading>
<gpsHeading>276.472321</gpsHeading>
<haccuracy>6.306000</haccuracy>
<vaccuracy>6.306000</vaccuracy>
<internetconnect>0</internetconnect>
</trkpt>
<trkpt lat="35.849222" lon="139.033668">
<ele>613.333333</ele>
<time>2026-10-02T23:27:51Z</time>
<speed>0.756173</speed>
<trueHeading>0.000000</trueHeading>
<magneticHeading>0.000000</magneticHeading>
<gpsHeading>280.187256</gpsHeading>
<haccuracy>6.296000</haccuracy>
<vaccuracy>6.296000</vaccuracy>
<internetconnect>0</internetconnect>
</trkpt>
<trkpt lat="35.849151" lon="139.033010">
<ele>615.333333</ele>
<time>2026-10-02T23:28:39Z</time>
<speed>0.897800</speed>
<trueHeading>0.000000</trueHeading>
<magneticHeading>0.000000</magneticHeading>
<gpsHeading>262.438416</gpsHeading>
<haccuracy>5.777000</haccuracy>
<vaccuracy>5.777000</vaccuracy>
<internetconnect>0</internetconnect>
</trkpt>
<trkpt lat="35.849429" lon="139.032205">
<ele>616.333333</ele>
<time>2026-10-02T23:29:30Z</time>
<speed>0.985617</speed>
<trueHeading>0.000000</trueHeading>
<magneticHeading>0.000000</magneticHeading>
<gpsHeading>293.032471</gpsHeading>
<haccuracy>6.444000</haccuracy>
<vaccuracy>6.444000</vaccuracy>
<internetconnect>0</internetconnect>
</trkpt>
<trkpt lat="35.849696" lon="139.031381">
<ele>618.000000</ele>
<time>2026-10-02T23:30:18Z</time>
<speed>1.088961</speed>
<trueHeading>0.000000</trueHeading>
<magneticHeading>0.000000</magneticHeading>
<gpsHeading>291.799805</gpsHeading>
<haccuracy>5.998000</haccuracy>
<vaccuracy>5.998000</vaccuracy>
<internetconnect>0</internetconnect>
</trkpt>
<trkpt lat="35.850161" lon="139.030680">
<ele>618.000000</ele>
<time>2026-10-02T23:31:04Z</time>
<speed>1.588079</speed>
<trueHeading>0.000000</trueHeading>
<magneticHeading>0.000000</magneticHeading>
<gpsHeading>309.360352</gpsHeading>
<haccuracy>5.716000</haccuracy>
<vaccuracy>5.716000</vaccuracy>
<internetconnect>0</internetconnect>
</trkpt>
<trkpt lat="35.850469" lon="139.029880">
<ele>619.333333</ele>
<time>2026-10-02T23:31:52Z</time>
<speed>1.587676</speed>
<trueHeading>0.000000</trueHeading>
<magneticHeading>0.000000</magneticHeading>
<gpsHeading>295.339386</gpsHeading>
<haccuracy>5.949000</haccuracy>
<vaccuracy>5.949000</vaccuracy>
<internetconnect>0</internetconnect>
</trkpt>
<trkpt lat="35.850839" lon="139.029528">
<ele>622.333333</ele>
<time>2026-10-02T23:32:39Z</time>
<speed>1.553513</speed>
<trueHeading>0.000000</trueHeading>
<magneticHeading>0.000000</magneticHeading>
<gpsHeading>322.438812</gpsHeading>
<haccuracy>5.673000</haccuracy>
<vaccuracy>5.673000</vaccuracy>
<internetconnect>0</internetconnect>
</trkpt>
<trkpt lat="35.851228" lon="139.028993">
<ele>632.000000</ele>
<time>2026-10-02T23:33:26Z</time>
<speed>1.213609</speed>
<trueHeading>0.000000</trueHeading>
<magneticHeading>0.000000</magneticHeading>
<gpsHeading>311.826660</gpsHeading>
<haccuracy>6.299000</haccuracy>
<vaccuracy>6.299000</vaccuracy>
<internetconnect>0</internetconnect>
</trkpt>
<trkpt lat="35.850807" lon="139.028198">
<ele>644.000000</ele>
<time>2026-10-02T23:34:12Z</time>
<speed>1.485158</speed>
<trueHeading>0.000000</trueHeading>
<magneticHeading>0.000000</magneticHeading>
<gpsHeading>236.822754</gpsHeading>
<haccuracy>6.117000</haccuracy>
<vaccuracy>6.117000</vaccuracy>
<internetconnect>0</internetconnect>
</trkpt>
<trkpt lat="35.850579" lon="139.027617">
<ele>657.333333</ele>
<time>2026-10-02T23:35:05Z</time>
<speed>0.078577</speed>
<trueHeading>0.000000</trueHeading>
<magneticHeading>0.000000</magneticHeading>
<gpsHeading>244.206757</gpsHeading>
<haccuracy>5.952000</haccuracy>
<vaccuracy>5.952000</vaccuracy>
<internetconnect>0</internetconnect>
</trkpt>
<trkpt lat="35.850879" lon="139.027081">
<ele>657.333333</ele>
<time>2026-10-02T23:35:52Z</time>
<speed>1.397798</speed>
<trueHeading>0.000000</trueHeading>
<magneticHeading>0.000000</magneticHeading>
<gpsHeading>304.737457</gpsHeading>
<haccuracy>5.119000</haccuracy>
<vaccuracy>5.119000</vaccuracy>
<internetconnect>0</internetconnect>
</trkpt>
<trkpt lat="35.851526" lon="139.027049">
<ele>651.666667</ele>
<time>2026-10-02T23:36:40Z</time>
<speed>1.690845</speed>
<trueHeading>0.000000</trueHeading>
<magneticHeading>0.000000</magneticHeading>
<gpsHeading>357.687500</gpsHeading>
<haccuracy>6.285000</haccuracy>
<vaccuracy>6.285000</vaccuracy>
<internetconnect>0</internetconnect>
</trkpt>
<trkpt lat="35.851752" lon="139.026498">
<ele>646.666667</ele>
<time>2026-10-02T23:37:31Z</time>
<speed>0.637023</speed>
<trueHeading>0.000000</trueHeading>
<magneticHeading>0.000000</magneticHeading>
<gpsHeading>296.912659</gpsHeading>
<haccuracy>4.101000</haccuracy>
<vaccuracy>4.101000</vaccuracy>
<internetconnect>0</internetconnect>
</trkpt>
<trkpt lat="35.852005" lon="139.025963">
<ele>648.000000</ele>
<time>2026-10-02T23:38:20Z</time>
<speed>0.651402</speed>
<trueHeading>0.000000</trueHeading>
<magneticHeading>0.000000</magneticHeading>
<gpsHeading>300.198242</gpsHeading>
<haccuracy>3.460000</haccuracy>
<vaccuracy>3.460000</vaccuracy>
<internetconnect>0</internetconnect>
</trkpt>
<trkpt lat="35.852384" lon="139.025390">
<ele>653.333333</ele>
<time>2026-10-02T23:39:10Z</time>
<speed>0.397116</speed>
<trueHeading>0.000000</trueHeading>
<magneticHeading>0.000000</magneticHeading>
<gpsHeading>309.238159</gpsHeading>
<haccuracy>5.149000</haccuracy>
<vaccuracy>5.149000</vaccuracy>
<internetconnect>0</internetconnect>
</trkpt>
<trkpt lat="35.852539" lon="139.024729">
<ele>660.000000</ele>
<time>2026-10-02T23:39:59Z</time>
<speed>0.067243</speed>
<trueHeading>0.000000</trueHeading>
<magneticHeading>0.000000</magneticHeading>
<gpsHeading>286.106659</gpsHeading>
<haccuracy>5.745000</haccuracy>
<vaccuracy>5.745000</vaccuracy>
<internetconnect>0</internetconnect>
</trkpt>
<trkpt lat="35.852397" lon="139.024353">
<ele>665.333333</ele>
<time>2026-10-02T23:41:03Z</time>
<speed>1.301421</speed>
<trueHeading>0.000000</trueHeading>
<magneticHeading>0.000000</magneticHeading>
<gpsHeading>244.949097</gpsHeading>
<haccuracy>5.363000</haccuracy>
<vaccuracy>5.363000</vaccuracy>
<internetconnect>0</internetconnect>
</trkpt>
<trkpt lat="35.852376" lon="139.023545">
<ele>667.666667</ele>
<time>2026-10-02T23:41:50Z</time>
<speed>0.485188</speed>
<trueHeading>0.000000</trueHeading>
<magneticHeading>0.000000</magneticHeading>
<gpsHeading>268.216278</gpsHeading>
<haccuracy>5.636000</haccuracy>
<vaccuracy>5.636000</vaccuracy>
<internetconnect>0</internetconnect>
</trkpt>
<trkpt lat="35.852508" lon="139.022690">
<ele>665.000000</ele>
<time>2026-10-02T23:42:36Z</time>
<speed>0.755593</speed>
<trueHeading>0.000000</trueHeading>
<magneticHeading>0.000000</magneticHeading>
<gpsHeading>280.736389</gpsHeading>
<haccuracy>5.374000</haccuracy>
<vaccuracy>5.374000</vaccuracy>
<internetconnect>0</internetconnect>
</trkpt>
<trkpt lat="35.852587" lon="139.021753">
<ele>662.666667</ele>
<time>2026-10-02T23:43:26Z</time>
<speed>0.760611</speed>
<trueHeading>0.000000</trueHeading>
<magneticHeading>0.000000</magneticHeading>
<gpsHeading>275.984009</gpsHeading>
<haccuracy>6.201000</haccuracy>
<vaccuracy>6.201000</vaccuracy>
<internetconnect>0</internetconnect>
</trkpt>
<trkpt lat="35.852719" lon="139.021036">
<ele>665.333333</ele>
<time>2026-10-02T23:44:13Z</time>
<speed>0.219180</speed>
<trueHeading>0.000000</trueHeading>
<magneticHeading>0.000000</magneticHeading>
<gpsHeading>282.729523</gpsHeading>
<haccuracy>3.535000</haccuracy>
<vaccuracy>3.535000</vaccuracy>
<internetconnect>0</internetconnect>
</trkpt>
<trkpt lat="35.852628" lon="139.020303">
<ele>667.666667</ele>
<time>2026-10-02T23:44:59Z</time>
<speed>0.442104</speed>
<trueHeading>0.000000</trueHeading>
<magneticHeading>0.000000</magneticHeading>
<gpsHeading>261.294098</gpsHeading>
<haccuracy>3.736000</haccuracy>
<vaccuracy>3.736000</vaccuracy>
<internetconnect>0</internetconnect>
</trkpt>
<trkpt lat="35.852700" lon="139.019375">
<ele>673.333333</ele>
<time>2026-10-02T23:45:45Z</time>
<speed>1.478426</speed>
<trueHeading>0.000000</trueHeading>
<magneticHeading>0.000000</magneticHeading>
<gpsHeading>275.511383</gpsHeading>
<haccuracy>6.593000</haccuracy>
<vaccuracy>6.593000</vaccuracy>
<internetconnect>0</internetconnect>
</trkpt>
<trkpt lat="35.852784" lon="139.018661">
<ele>681.333333</ele>
<time>2026-10-02T23:46:35Z</time>
<speed>0.228981</speed>
<trueHeading>0.000000</trueHeading>
<magneticHeading>0.000000</magneticHeading>
<gpsHeading>278.212555</gpsHeading>
<haccuracy>5.279000</haccuracy>
<vaccuracy>5.279000</vaccuracy>
<internetconnect>0</internetconnect>
</trkpt>
<trkpt lat="35.852586" lon="139.017873">
<ele>687.000000</ele>
<time>2026-10-02T23:47:24Z</time>
<speed>1.505131</speed>
<trueHeading>0.000000</trueHeading>
<magneticHeading>0.000000</magneticHeading>
<gpsHeading>252.788437</gpsHeading>
<haccuracy>4.855000</haccuracy>
<vaccuracy>4.855000</vaccuracy>
<internetconnect>0</internetconnect>
</trkpt>
<trkpt lat="35.852454" lon="139.017213">
<ele>691.333333</ele>
<time>2026-10-02T23:48:10Z</time>
<speed>1.489963</speed>
<trueHeading>0.000000</trueHeading>
<magneticHeading>0.000000</magneticHeading>
<gpsHeading>256.130920</gpsHeading>
<haccuracy>6.569000</haccuracy>
<vaccuracy>6.569000</vaccuracy>
<internetconnect>0</internetconnect>
</trkpt>
<trkpt lat="35.852095" lon="139.016668">
<ele>696.333333</ele>
<time>2026-10-02T23:49:01Z</time>
<speed>0.294290</speed>
<trueHeading>0.000000</trueHeading>
<magneticHeading>0.000000</magneticHeading>
<gpsHeading>230.901794</gpsHeading>
<haccuracy>5.614000</haccuracy>
<vaccuracy>5.614000</vaccuracy>
<internetconnect>0</internetconnect>
</trkpt>
<trkpt lat="35.852023" lon="139.016031">
<ele>703.666667</ele>
<time>2026-10-02T23:49:48Z</time>
<speed>1.599037</speed>
<trueHeading>0.000000</trueHeading>
<magneticHeading>0.000000</magneticHeading>
<gpsHeading>262.022369</gpsHeading>
<haccuracy>6.255000</haccuracy>
<vaccuracy>6.255000</vaccuracy>
<internetconnect>0</internetconnect>
</trkpt>
<trkpt lat="35.851558" lon="139.015469">
<ele>708.000000</ele>
<time>2026-10-02T23:50:34Z</time>
<speed>1.659660</speed>
<trueHeading>0.000000</trueHeading>
<magneticHeading>0.000000</magneticHeading>
<gpsHeading>224.465210</gpsHeading>
<haccuracy>5.543000</haccuracy>
<vaccuracy>5.543000</vaccuracy>
<internetconnect>0</internetconnect>
</trkpt>
<trkpt lat="35.851130" lon="139.015109">
<ele>716.333333</ele>
<time>2026-10-02T23:51:24Z</time>
<speed>1.649154</speed>
<trueHeading>0.000000</trueHeading>
<magneticHeading>0.000000</magneticHeading>
<gpsHeading>214.283508</gpsHeading>
<haccuracy>5.257000</haccuracy>
<vaccuracy>5.257000</vaccuracy>
<internetconnect>0</internetconnect>
</trkpt>
<trkpt lat="35.851420" lon="139.014514">
<ele>724.333333</ele>
<time>2026-10-02T23:52:15Z</time>
<speed>1.663274</speed>
<trueHeading>0.000000</trueHeading>
<magneticHeading>0.000000</magneticHeading>
<gpsHeading>301.062592</gpsHeading>
<haccuracy>5.631000</haccuracy>
<vaccuracy>5.631000</vaccuracy>
<internetconnect>0</internetconnect>
</trkpt>
<trkpt lat="35.851391" lon="139.013729">
<ele>742.333333</ele>
<time>2026-10-02T23:53:01Z</time>
<speed>1.656950</speed>
<trueHeading>0.000000</trueHeading>
<magneticHeading>0.000000</magneticHeading>
<gpsHeading>267.347473</gpsHeading>
<haccuracy>5.755000</haccuracy>
<vaccuracy>5.755000</vaccuracy>
<internetconnect>0</internetconnect>
</trkpt>
<trkpt lat="35.851169" lon="139.012970">
<ele>753.000000</ele>
<time>2026-10-02T23:53:51Z</time>
<speed>1.589962</speed>
<trueHeading>0.000000</trueHeading>
<magneticHeading>0.000000</magneticHeading>
<gpsHeading>250.181961</gpsHeading>
<haccuracy>6.063000</haccuracy>
<vaccuracy>6.063000</vaccuracy>
<internetconnect>0</internetconnect>
</trkpt>
<trkpt lat="35.850587" lon="139.012581">
<ele>749.333333</ele>
<time>2026-10-02T23:54:38Z</time>
<speed>1.632496</speed>
<trueHeading>0.000000</trueHeading>
<magneticHeading>0.000000</magneticHeading>
<gpsHeading>208.413910</gpsHeading>
<haccuracy>6.012000</haccuracy>
<vaccuracy>6.012000</vaccuracy>
<internetconnect>0</internetconnect>
</trkpt>
<trkpt lat="35.850025" lon="139.012689">
<ele>744.666667</ele>
<time>2026-10-02T23:55:25Z</time>
<speed>1.597710</speed>
<trueHeading>0.000000</trueHeading>
<magneticHeading>0.000000</magneticHeading>
<gpsHeading>171.200287</gpsHeading>
<haccuracy>6.111000</haccuracy>
<vaccuracy>6.111000</vaccuracy>
<internetconnect>0</internetconnect>
</trkpt>
<trkpt lat="35.850308" lon="139.012066">
<ele>740.666667</ele>
<time>2026-10-02T23:56:15Z</time>
<speed>1.668194</speed>
<trueHeading>0.000000</trueHeading>
<magneticHeading>0.000000</magneticHeading>
<gpsHeading>299.244598</gpsHeading>
<haccuracy>5.862000</haccuracy>
<vaccuracy>5.862000</vaccuracy>
<internetconnect>0</internetconnect>
</trkpt>
<trkpt lat="35.850172" lon="139.011349">
<ele>746.000000</ele>
<time>2026-10-02T23:57:02Z</time>
<speed>1.583601</speed>
<trueHeading>0.000000</trueHeading>
<magneticHeading>0.000000</magneticHeading>
<gpsHeading>256.834381</gpsHeading>
<haccuracy>5.733000</haccuracy>
<vaccuracy>5.733000</vaccuracy>
<internetconnect>0</internetconnect>
</trkpt>
<trkpt lat="35.849556" lon="139.011277">
<ele>744.666667</ele>
<time>2026-10-02T23:57:49Z</time>
<speed>1.599315</speed>
<trueHeading>0.000000</trueHeading>
<magneticHeading>0.000000</magneticHeading>
<gpsHeading>185.348251</gpsHeading>
<haccuracy>5.839000</haccuracy>
<vaccuracy>5.839000</vaccuracy>
<internetconnect>0</internetconnect>
</trkpt>
<trkpt lat="35.849056" lon="139.010868">
<ele>757.333333</ele>
<time>2026-10-02T23:58:39Z</time>
<speed>1.523726</speed>
<trueHeading>0.000000</trueHeading>
<magneticHeading>0.000000</magneticHeading>
<gpsHeading>213.564087</gpsHeading>
<haccuracy>5.600000</haccuracy>
<vaccuracy>5.600000</vaccuracy>
<internetconnect>0</internetconnect>
</trkpt>
<trkpt lat="35.849017" lon="139.010061">
<ele>760.666667</ele>
<time>2026-10-02T23:59:27Z</time>
<speed>1.602726</speed>
<trueHeading>0.000000</trueHeading>
<magneticHeading>0.000000</magneticHeading>
<gpsHeading>266.556030</gpsHeading>
<haccuracy>6.050000</haccuracy>
<vaccuracy>6.050000</vaccuracy>
<internetconnect>0</internetconnect>
</trkpt>
<trkpt lat="35.848559" lon="139.009549">
<ele>767.000000</ele>
<time>2026-10-03T00:00:15Z</time>
<speed>1.716717</speed>
<trueHeading>0.000000</trueHeading>
<magneticHeading>0.000000</magneticHeading>
<gpsHeading>222.177200</gpsHeading>
<haccuracy>5.764000</haccuracy>
<vaccuracy>5.764000</vaccuracy>
<internetconnect>0</internetconnect>
</trkpt>
<trkpt lat="35.848772" lon="139.008866">
<ele>773.333333</ele>
<time>2026-10-03T00:01:02Z</time>
<speed>1.623845</speed>
<trueHeading>0.000000</trueHeading>
<magneticHeading>0.000000</magneticHeading>
<gpsHeading>291.000977</gpsHeading>
<haccuracy>5.611000</haccuracy>
<vaccuracy>5.611000</vaccuracy>
<internetconnect>0</internetconnect>
</trkpt>
<trkpt lat="35.849320" lon="139.009367">
<ele>794.333333</ele>
<time>2026-10-03T00:01:52Z</time>
<speed>1.645581</speed>
<trueHeading>0.000000</trueHeading>
<magneticHeading>0.000000</magneticHeading>
<gpsHeading>36.523647</gpsHeading>
<haccuracy>6.530000</haccuracy>
<vaccuracy>6.530000</vaccuracy>
<internetconnect>0</internetconnect>
</trkpt>
<trkpt lat="35.849902" lon="139.009159">
<ele>817.000000</ele>
<time>2026-10-03T00:02:40Z</time>
<speed>1.350000</speed>
<trueHeading>0.000000</trueHeading>
<magneticHeading>0.000000</magneticHeading>
<gpsHeading>343.856659</gpsHeading>
<haccuracy>10.591000</haccuracy>
<vaccuracy>10.591000</vaccuracy>
<internetconnect>0</internetconnect>
</trkpt>
<trkpt lat="35.850561" lon="139.009368">
<ele>823.333333</ele>
<time>2026-10-03T00:03:31Z</time>
<speed>1.643451</speed>
<trueHeading>0.000000</trueHeading>
<magneticHeading>0.000000</magneticHeading>
<gpsHeading>14.418945</gpsHeading>
<haccuracy>6.127000</haccuracy>
<vaccuracy>6.127000</vaccuracy>
<internetconnect>0</internetconnect>
</trkpt>
<trkpt lat="35.851137" lon="139.009090">
<ele>829.333333</ele>
<time>2026-10-03T00:04:18Z</time>
<speed>1.686784</speed>
<trueHeading>0.000000</trueHeading>
<magneticHeading>0.000000</magneticHeading>
<gpsHeading>338.606598</gpsHeading>
<haccuracy>6.376000</haccuracy>
<vaccuracy>6.376000</vaccuracy>
<internetconnect>0</internetconnect>
</trkpt>
<trkpt lat="35.851266" lon="139.008340">
<ele>829.666667</ele>
<time>2026-10-03T00:05:04Z</time>
<speed>1.658485</speed>
<trueHeading>0.000000</trueHeading>
<magneticHeading>0.000000</magneticHeading>
<gpsHeading>282.028870</gpsHeading>
<haccuracy>5.404000</haccuracy>
<vaccuracy>5.404000</vaccuracy>
<internetconnect>0</internetconnect>
</trkpt>
<trkpt lat="35.850998" lon="139.007591">
<ele>827.000000</ele>
<time>2026-10-03T00:05:51Z</time>
<speed>1.629949</speed>
<trueHeading>0.000000</trueHeading>
<magneticHeading>0.000000</magneticHeading>
<gpsHeading>246.125259</gpsHeading>
<haccuracy>5.328000</haccuracy>
<vaccuracy>5.328000</vaccuracy>
<internetconnect>0</internetconnect>
</trkpt>
<trkpt lat="35.850840" lon="139.006978">
<ele>824.000000</ele>
<time>2026-10-03T00:06:38Z</time>
<speed>1.647445</speed>
<trueHeading>0.000000</trueHeading>
<magneticHeading>0.000000</magneticHeading>
<gpsHeading>252.417648</gpsHeading>
<haccuracy>6.312000</haccuracy>
<vaccuracy>6.312000</vaccuracy>
<internetconnect>0</internetconnect>
</trkpt>
<trkpt lat="35.851023" lon="139.006211">
<ele>827.000000</ele>
<time>2026-10-03T00:07:25Z</time>
<speed>1.653954</speed>
<trueHeading>0.000000</trueHeading>
<magneticHeading>0.000000</magneticHeading>
<gpsHeading>286.389801</gpsHeading>
<haccuracy>5.528000</haccuracy>
<vaccuracy>5.528000</vaccuracy>
<internetconnect>0</internetconnect>
</trkpt>
<trkpt lat="35.851452" lon="139.005578">
<ele>833.000000</ele>
<time>2026-10-03T00:08:12Z</time>
<speed>1.681055</speed>
<trueHeading>0.000000</trueHeading>
<magneticHeading>0.000000</magneticHeading>
<gpsHeading>309.949158</gpsHeading>
<haccuracy>5.669000</haccuracy>
<vaccuracy>5.669000</vaccuracy>
<internetconnect>0</internetconnect>
</trkpt>
<trkpt lat="35.851385" lon="139.004870">
<ele>838.000000</ele>
<time>2026-10-03T00:08:59Z</time>
<speed>1.646055</speed>
<trueHeading>0.000000</trueHeading>
<magneticHeading>0.000000</magneticHeading>
<gpsHeading>263.367828</gpsHeading>
<haccuracy>5.501000</haccuracy>
<vaccuracy>5.501000</vaccuracy>
<internetconnect>0</internetconnect>
</trkpt>
<trkpt lat="35.851063" lon="139.004550">
<ele>837.333333</ele>
<time>2026-10-03T00:09:45Z</time>
<speed>1.606006</speed>
<trueHeading>0.000000</trueHeading>
<magneticHeading>0.000000</magneticHeading>
<gpsHeading>218.781845</gpsHeading>
<haccuracy>5.422000</haccuracy>
<vaccuracy>5.422000</vaccuracy>
<internetconnect>0</internetconnect>
</trkpt>
<trkpt lat="35.850501" lon="139.004633">
<ele>836.666667</ele>
<time>2026-10-03T00:10:32Z</time>
<speed>1.677530</speed>
<trueHeading>0.000000</trueHeading>
<magneticHeading>0.000000</magneticHeading>
<gpsHeading>173.185272</gpsHeading>
<haccuracy>6.067000</haccuracy>
<vaccuracy>6.067000</vaccuracy>
<internetconnect>0</internetconnect>
</trkpt>
<trkpt lat="35.849898" lon="139.004610">
<ele>840.000000</ele>
<time>2026-10-03T00:11:19Z</time>
<speed>1.664793</speed>
<trueHeading>0.000000</trueHeading>
<magneticHeading>0.000000</magneticHeading>
<gpsHeading>181.783554</gpsHeading>
<haccuracy>5.637000</haccuracy>
<vaccuracy>5.637000</vaccuracy>
<internetconnect>0</internetconnect>
</trkpt>
<trkpt lat="35.849753" lon="139.003830">
<ele>850.000000</ele>
<time>2026-10-03T00:12:06Z</time>
<speed>1.656914</speed>
<trueHeading>0.000000</trueHeading>
<magneticHeading>0.000000</magneticHeading>
<gpsHeading>257.116302</gpsHeading>
<haccuracy>5.471000</haccuracy>
<vaccuracy>5.471000</vaccuracy>
<internetconnect>0</internetconnect>
</trkpt>
<trkpt lat="35.849893" lon="139.002951">
<ele>862.000000</ele>
<time>2026-10-03T00:12:56Z</time>
<speed>1.677582</speed>
<trueHeading>0.000000</trueHeading>
<magneticHeading>0.000000</magneticHeading>
<gpsHeading>281.109100</gpsHeading>
<haccuracy>6.205000</haccuracy>
<vaccuracy>6.205000</vaccuracy>
<internetconnect>0</internetconnect>
</trkpt>
<trkpt lat="35.849592" lon="139.002246">
<ele>874.000000</ele>
<time>2026-10-03T00:13:43Z</time>
<speed>1.619879</speed>
<trueHeading>0.000000</trueHeading>
<magneticHeading>0.000000</magneticHeading>
<gpsHeading>242.234772</gpsHeading>
<haccuracy>5.542000</haccuracy>
<vaccuracy>5.542000</vaccuracy>
<internetconnect>0</internetconnect>
</trkpt>
<trkpt lat="35.849980" lon="139.002199">
<ele>877.666667</ele>
<time>2026-10-03T00:14:29Z</time>
<speed>1.674748</speed>
<trueHeading>0.000000</trueHeading>
<magneticHeading>0.000000</magneticHeading>
<gpsHeading>354.370087</gpsHeading>
<haccuracy>5.422000</haccuracy>
<vaccuracy>5.422000</vaccuracy>
<internetconnect>0</internetconnect>
</trkpt>
<trkpt lat="35.850454" lon="139.001631">
<ele>882.000000</ele>
<time>2026-10-03T00:15:17Z</time>
<speed>1.605313</speed>
<trueHeading>0.000000</trueHeading>
<magneticHeading>0.000000</magneticHeading>
<gpsHeading>315.853485</gpsHeading>
<haccuracy>6.296000</haccuracy>
<vaccuracy>6.296000</vaccuracy>
<internetconnect>0</internetconnect>
</trkpt>
<trkpt lat="35.850973" lon="139.001159">
<ele>883.000000</ele>
<time>2026-10-03T00:16:07Z</time>
<speed>1.661440</speed>
<trueHeading>0.000000</trueHeading>
<magneticHeading>0.000000</magneticHeading>
<gpsHeading>323.626068</gpsHeading>
<haccuracy>6.040000</haccuracy>
<vaccuracy>6.040000</vaccuracy>
<internetconnect>0</internetconnect>
</trkpt>
<trkpt lat="35.851366" lon="139.000563">
<ele>888.000000</ele>
<time>2026-10-03T00:16:54Z</time>
<speed>1.616403</speed>
<trueHeading>0.000000</trueHeading>
<magneticHeading>0.000000</magneticHeading>
<gpsHeading>309.155365</gpsHeading>
<haccuracy>5.406000</haccuracy>
<vaccuracy>5.406000</vaccuracy>
<internetconnect>0</internetconnect>
</trkpt>
<trkpt lat="35.852005" lon="139.000316">
<ele>895.000000</ele>
<time>2026-10-03T00:17:45Z</time>
<speed>1.633627</speed>
<trueHeading>0.000000</trueHeading>
<magneticHeading>0.000000</magneticHeading>
<gpsHeading>342.597748</gpsHeading>
<haccuracy>5.904000</haccuracy>
<vaccuracy>5.904000</vaccuracy>
<internetconnect>0</internetconnect>
</trkpt>
<trkpt lat="35.852486" lon="138.999861">
<ele>902.666667</ele>
<time>2026-10-03T00:18:35Z</time>
<speed>1.623743</speed>
<trueHeading>0.000000</trueHeading>
<magneticHeading>0.000000</magneticHeading>
<gpsHeading>322.556793</gpsHeading>
<haccuracy>5.691000</haccuracy>
<vaccuracy>5.691000</vaccuracy>
<internetconnect>0</internetconnect>
</trkpt>
<trkpt lat="35.851997" lon="138.999576">
<ele>908.333333</ele>
<time>2026-10-03T00:19:21Z</time>
<speed>1.611211</speed>
<trueHeading>0.000000</trueHeading>
<magneticHeading>0.000000</magneticHeading>
<gpsHeading>205.299408</gpsHeading>
<haccuracy>4.891000</haccuracy>
<vaccuracy>4.891000</vaccuracy>
<internetconnect>0</internetconnect>
</trkpt>
<trkpt lat="35.851785" lon="138.998982">
<ele>908.000000</ele>
<time>2026-10-03T00:20:08Z</time>
<speed>1.677519</speed>
<trueHeading>0.000000</trueHeading>
<magneticHeading>0.000000</magneticHeading>
<gpsHeading>246.307358</gpsHeading>
<haccuracy>5.811000</haccuracy>
<vaccuracy>5.811000</vaccuracy>
<internetconnect>0</internetconnect>
</trkpt>
<trkpt lat="35.851160" lon="138.998769">
<ele>913.333333</ele>
<time>2026-10-03T00:20:58Z</time>
<speed>1.606916</speed>
<trueHeading>0.000000</trueHeading>
<magneticHeading>0.000000</magneticHeading>
<gpsHeading>195.407028</gpsHeading>
<haccuracy>5.525000</haccuracy>
<vaccuracy>5.525000</vaccuracy>
<internetconnect>0</internetconnect>
</trkpt>
<trkpt lat="35.850772" lon="138.998072">
<ele>918.666667</ele>
<time>2026-10-03T00:21:46Z</time>
<speed>1.470000</speed>
<trueHeading>0.000000</trueHeading>
<magneticHeading>0.000000</magneticHeading>
<gpsHeading>235.512283</gpsHeading>
<haccuracy>8.513000</haccuracy>
<vaccuracy>8.513000</vaccuracy>
<internetconnect>0</internetconnect>
</trkpt>
<trkpt lat="35.850256" lon="138.997664">
<ele>925.000000</ele>
<time>2026-10-03T00:22:36Z</time>
<speed>1.360000</speed>
<trueHeading>0.000000</trueHeading>
<magneticHeading>0.000000</magneticHeading>
<gpsHeading>212.696396</gpsHeading>
<haccuracy>10.009000</haccuracy>
<vaccuracy>10.009000</vaccuracy>
<internetconnect>0</internetconnect>
</trkpt>
<trkpt lat="35.850429" lon="138.996906">
<ele>928.333333</ele>
<time>2026-10-03T00:23:26Z</time>
<speed>1.330000</speed>
<trueHeading>0.000000</trueHeading>
<magneticHeading>0.000000</magneticHeading>
<gpsHeading>285.710693</gpsHeading>
<haccuracy>10.290000</haccuracy>
<vaccuracy>10.290000</vaccuracy>
<internetconnect>0</internetconnect>
</trkpt>
<trkpt lat="35.849937" lon="138.996340">
<ele>932.333333</ele>
<time>2026-10-03T00:24:14Z</time>
<speed>1.576976</speed>
<trueHeading>0.000000</trueHeading>
<magneticHeading>0.000000</magneticHeading>
<gpsHeading>223.024414</gpsHeading>
<haccuracy>5.305000</haccuracy>
<vaccuracy>5.305000</vaccuracy>
<internetconnect>0</internetconnect>
</trkpt>
<trkpt lat="35.849609" lon="138.995968">
<ele>939.333333</ele>
<time>2026-10-03T00:25:01Z</time>
<speed>1.604734</speed>
<trueHeading>0.000000</trueHeading>
<magneticHeading>0.000000</magneticHeading>
<gpsHeading>222.527481</gpsHeading>
<haccuracy>6.018000</haccuracy>
<vaccuracy>6.018000</vaccuracy>
<internetconnect>0</internetconnect>
</trkpt>
<trkpt lat="35.849507" lon="138.995211">
<ele>943.333333</ele>
<time>2026-10-03T00:25:48Z</time>
<speed>1.657943</speed>
<trueHeading>0.000000</trueHeading>
<magneticHeading>0.000000</magneticHeading>
<gpsHeading>260.563019</gpsHeading>
<haccuracy>5.179000</haccuracy>
<vaccuracy>5.179000</vaccuracy>
<internetconnect>0</internetconnect>
</trkpt>
<trkpt lat="35.849593" lon="138.994468">
<ele>950.333333</ele>
<time>2026-10-03T00:26:35Z</time>
<speed>1.653602</speed>
<trueHeading>0.000000</trueHeading>
<magneticHeading>0.000000</magneticHeading>
<gpsHeading>278.215118</gpsHeading>
<haccuracy>5.890000</haccuracy>
<vaccuracy>5.890000</vaccuracy>
<internetconnect>0</internetconnect>
</trkpt>
<trkpt lat="35.850154" lon="138.994202">
<ele>952.666667</ele>
<time>2026-10-03T00:27:21Z</time>
<speed>1.648326</speed>
<trueHeading>0.000000</trueHeading>
<magneticHeading>0.000000</magneticHeading>
<gpsHeading>338.902039</gpsHeading>
<haccuracy>5.446000</haccuracy>
<vaccuracy>5.446000</vaccuracy>
<internetconnect>0</internetconnect>
</trkpt>
<trkpt lat="35.850784" lon="138.993937">
<ele>956.333333</ele>
<time>2026-10-03T00:28:07Z</time>
<speed>1.664741</speed>
<trueHeading>0.000000</trueHeading>
<magneticHeading>0.000000</magneticHeading>
<gpsHeading>341.174500</gpsHeading>
<haccuracy>6.191000</haccuracy>
<vaccuracy>6.191000</vaccuracy>
<internetconnect>0</internetconnect>
</trkpt>
<trkpt lat="35.851298" lon="138.993486">
<ele>961.000000</ele>
<time>2026-10-03T00:28:54Z</time>
<speed>1.619818</speed>
<trueHeading>0.000000</trueHeading>
<magneticHeading>0.000000</magneticHeading>
<gpsHeading>324.629272</gpsHeading>
<haccuracy>5.369000</haccuracy>
<vaccuracy>5.369000</vaccuracy>
<internetconnect>0</internetconnect>
</trkpt>
<trkpt lat="35.850943" lon="138.992925">
<ele>970.333333</ele>
<time>2026-10-03T00:29:40Z</time>
<speed>1.573752</speed>
<trueHeading>0.000000</trueHeading>
<magneticHeading>0.000000</magneticHeading>
<gpsHeading>231.977142</gpsHeading>
<haccuracy>5.787000</haccuracy>
<vaccuracy>5.787000</vaccuracy>
<internetconnect>0</internetconnect>
</trkpt>
<trkpt lat="35.850478" lon="138.992633">
<ele>981.333333</ele>
<time>2026-10-03T00:30:28Z</time>
<speed>1.437665</speed>
<trueHeading>0.000000</trueHeading>
<magneticHeading>0.000000</magneticHeading>
<gpsHeading>206.971481</gpsHeading>
<haccuracy>4.475000</haccuracy>
<vaccuracy>4.475000</vaccuracy>
<internetconnect>0</internetconnect>
</trkpt>
<trkpt lat="35.850560" lon="138.991835">
<ele>996.000000</ele>
<time>2026-10-03T00:31:18Z</time>
<speed>1.666346</speed>
<trueHeading>0.000000</trueHeading>
<magneticHeading>0.000000</magneticHeading>
<gpsHeading>277.230255</gpsHeading>
<haccuracy>6.157000</haccuracy>
<vaccuracy>6.157000</vaccuracy>
<internetconnect>0</internetconnect>
</trkpt>
<trkpt lat="35.850474" lon="138.991151">
<ele>1006.666667</ele>
<time>2026-10-03T00:32:05Z</time>
<speed>0.600781</speed>
<trueHeading>0.000000</trueHeading>
<magneticHeading>0.000000</magneticHeading>
<gpsHeading>261.186371</gpsHeading>
<haccuracy>6.061000</haccuracy>
<vaccuracy>6.061000</vaccuracy>
<internetconnect>0</internetconnect>
</trkpt>
<trkpt lat="35.850461" lon="138.990528">
<ele>1008.333333</ele>
<time>2026-10-03T00:32:51Z</time>
<speed>0.433220</speed>
<trueHeading>0.000000</trueHeading>
<magneticHeading>0.000000</magneticHeading>
<gpsHeading>268.558868</gpsHeading>
<haccuracy>4.532000</haccuracy>
<vaccuracy>4.532000</vaccuracy>
<internetconnect>0</internetconnect>
</trkpt>
<trkpt lat="35.850102" lon="138.989882">
<ele>1012.666667</ele>
<time>2026-10-03T00:33:38Z</time>
<speed>1.348463</speed>
<trueHeading>0.000000</trueHeading>
<magneticHeading>0.000000</magneticHeading>
<gpsHeading>235.535004</gpsHeading>
<haccuracy>5.924000</haccuracy>
<vaccuracy>5.924000</vaccuracy>
<internetconnect>0</internetconnect>
</trkpt>
<trkpt lat="35.849468" lon="138.989484">
<ele>1012.000000</ele>
<time>2026-10-03T00:34:26Z</time>
<speed>0.363467</speed>
<trueHeading>0.000000</trueHeading>
<magneticHeading>0.000000</magneticHeading>
<gpsHeading>207.022400</gpsHeading>
<haccuracy>3.131000</haccuracy>
<vaccuracy>3.131000</vaccuracy>
<internetconnect>0</internetconnect>
</trkpt>
<trkpt lat="35.849217" lon="138.988780">
<ele>1014.333333</ele>
<time>2026-10-03T00:35:12Z</time>
<speed>1.422977</speed>
<trueHeading>0.000000</trueHeading>
<magneticHeading>0.000000</magneticHeading>
<gpsHeading>246.230728</gpsHeading>
<haccuracy>5.421000</haccuracy>
<vaccuracy>5.421000</vaccuracy>
<internetconnect>0</internetconnect>
</trkpt>
<trkpt lat="35.849252" lon="138.988242">
<ele>1005.000000</ele>
<time>2026-10-03T00:35:59Z</time>
<speed>0.201614</speed>
<trueHeading>0.000000</trueHeading>
<magneticHeading>0.000000</magneticHeading>
<gpsHeading>274.639221</gpsHeading>
<haccuracy>4.249000</haccuracy>
<vaccuracy>4.249000</vaccuracy>
<internetconnect>0</internetconnect>
</trkpt>
<trkpt lat="35.849055" lon="138.987341">
<ele>1001.333333</ele>
<time>2026-10-03T00:36:50Z</time>
<speed>0.311025</speed>
<trueHeading>0.000000</trueHeading>
<magneticHeading>0.000000</magneticHeading>
<gpsHeading>254.869919</gpsHeading>
<haccuracy>3.894000</haccuracy>
<vaccuracy>3.894000</vaccuracy>
<internetconnect>0</internetconnect>
</trkpt>
<trkpt lat="35.848699" lon="138.986727">
<ele>1003.333333</ele>
<time>2026-10-03T00:37:36Z</time>
<speed>0.283756</speed>
<trueHeading>0.000000</trueHeading>
<magneticHeading>0.000000</magneticHeading>
<gpsHeading>234.446350</gpsHeading>
<haccuracy>3.460000</haccuracy>
<vaccuracy>3.460000</vaccuracy>
<internetconnect>0</internetconnect>
</trkpt>
<trkpt lat="35.848743" lon="138.986285">
<ele>1008.333333</ele>
<time>2026-10-03T00:38:24Z</time>
<speed>0.235886</speed>
<trueHeading>0.000000</trueHeading>
<magneticHeading>0.000000</magneticHeading>
<gpsHeading>276.965363</gpsHeading>
<haccuracy>5.261000</haccuracy>
<vaccuracy>5.261000</vaccuracy>
<internetconnect>0</internetconnect>
</trkpt>
<trkpt lat="35.849022" lon="138.986168">
<ele>1015.666667</ele>
<time>2026-10-03T00:39:24Z</time>
<speed>0.367209</speed>
<trueHeading>0.000000</trueHeading>
<magneticHeading>0.000000</magneticHeading>
<gpsHeading>341.158081</gpsHeading>
<haccuracy>6.869000</haccuracy>
<vaccuracy>6.869000</vaccuracy>
<internetconnect>0</internetconnect>
</trkpt>
<trkpt lat="35.849795" lon="138.986292">
<ele>1024.333333</ele>
<time>2026-10-03T00:40:11Z</time>
<speed>0.758202</speed>
<trueHeading>0.000000</trueHeading>
<magneticHeading>0.000000</magneticHeading>
<gpsHeading>7.459579</gpsHeading>
<haccuracy>7.484000</haccuracy>
<vaccuracy>7.484000</vaccuracy>
<internetconnect>0</internetconnect>
</trkpt>
<trkpt lat="35.850488" lon="138.986347">
<ele>1026.666667</ele>
<time>2026-10-03T00:40:58Z</time>
<speed>1.295265</speed>
<trueHeading>0.000000</trueHeading>
<magneticHeading>0.000000</magneticHeading>
<gpsHeading>3.681796</gpsHeading>
<haccuracy>5.337000</haccuracy>
<vaccuracy>5.337000</vaccuracy>
<internetconnect>0</internetconnect>
</trkpt>
<trkpt lat="35.850722" lon="138.985520">
<ele>1030.000000</ele>
<time>2026-10-03T00:41:46Z</time>
<speed>0.985603</speed>
<trueHeading>0.000000</trueHeading>
<magneticHeading>0.000000</magneticHeading>
<gpsHeading>289.238068</gpsHeading>
<haccuracy>5.896000</haccuracy>
<vaccuracy>5.896000</vaccuracy>
<internetconnect>0</internetconnect>
</trkpt>
<trkpt lat="35.851175" lon="138.985036">
<ele>1029.666667</ele>
<time>2026-10-03T00:42:33Z</time>
<speed>1.378637</speed>
<trueHeading>0.000000</trueHeading>
<magneticHeading>0.000000</magneticHeading>
<gpsHeading>319.110931</gpsHeading>
<haccuracy>4.901000</haccuracy>
<vaccuracy>4.901000</vaccuracy>
<internetconnect>0</internetconnect>
</trkpt>
<trkpt lat="35.851626" lon="138.984636">
<ele>1043.333333</ele>
<time>2026-10-03T00:43:24Z</time>
<speed>0.320282</speed>
<trueHeading>0.000000</trueHeading>
<magneticHeading>0.000000</magneticHeading>
<gpsHeading>324.239349</gpsHeading>
<haccuracy>3.604000</haccuracy>
<vaccuracy>3.604000</vaccuracy>
<internetconnect>0</internetconnect>
</trkpt>
<trkpt lat="35.852275" lon="138.984857">
<ele>1046.000000</ele>
<time>2026-10-03T00:44:10Z</time>
<speed>0.458200</speed>
<trueHeading>0.000000</trueHeading>
<magneticHeading>0.000000</magneticHeading>
<gpsHeading>15.482829</gpsHeading>
<haccuracy>5.765000</haccuracy>
<vaccuracy>5.765000</vaccuracy>
<internetconnect>0</internetconnect>
</trkpt>
<trkpt lat="35.852962" lon="138.984520">
<ele>1052.333333</ele>
<time>2026-10-03T00:45:00Z</time>
<speed>0.510882</speed>
<trueHeading>0.000000</trueHeading>
<magneticHeading>0.000000</magneticHeading>
<gpsHeading>338.279724</gpsHeading>
<haccuracy>3.806000</haccuracy>
<vaccuracy>3.806000</vaccuracy>
<internetconnect>0</internetconnect>
</trkpt>
<trkpt lat="35.853684" lon="138.984527">
<ele>1053.000000</ele>
<time>2026-10-03T00:45:46Z</time>
<speed>0.299496</speed>
<trueHeading>0.000000</trueHeading>
<magneticHeading>0.000000</magneticHeading>
<gpsHeading>0.437370</gpsHeading>
<haccuracy>3.500000</haccuracy>
<vaccuracy>3.500000</vaccuracy>
<internetconnect>0</internetconnect>
</trkpt>
<trkpt lat="35.853702" lon="138.983858">
<ele>1062.666667</ele>
<time>2026-10-03T00:46:33Z</time>
<speed>0.350617</speed>
<trueHeading>0.000000</trueHeading>
<magneticHeading>0.000000</magneticHeading>
<gpsHeading>271.901581</gpsHeading>
<haccuracy>3.752000</haccuracy>
<vaccuracy>3.752000</vaccuracy>
<internetconnect>0</internetconnect>
</trkpt>
<trkpt lat="35.853480" lon="138.983036">
<ele>1068.333333</ele>
<time>2026-10-03T00:47:24Z</time>
<speed>0.509420</speed>
<trueHeading>0.000000</trueHeading>
<magneticHeading>0.000000</magneticHeading>
<gpsHeading>251.586838</gpsHeading>
<haccuracy>3.913000</haccuracy>
<vaccuracy>3.913000</vaccuracy>
<internetconnect>0</internetconnect>
</trkpt>
<trkpt lat="35.853600" lon="138.982088">
<ele>1073.666667</ele>
<time>2026-10-03T00:48:15Z</time>
<speed>0.638511</speed>
<trueHeading>0.000000</trueHeading>
<magneticHeading>0.000000</magneticHeading>
<gpsHeading>278.848236</gpsHeading>
<haccuracy>5.465000</haccuracy>
<vaccuracy>5.465000</vaccuracy>
<internetconnect>0</internetconnect>
</trkpt>
<trkpt lat="35.854014" lon="138.981940">
<ele>1073.333333</ele>
<time>2026-10-03T00:49:05Z</time>
<speed>1.063556</speed>
<trueHeading>0.000000</trueHeading>
<magneticHeading>0.000000</magneticHeading>
<gpsHeading>343.841095</gpsHeading>
<haccuracy>4.440000</haccuracy>
<vaccuracy>4.440000</vaccuracy>
<internetconnect>0</internetconnect>
</trkpt>
<trkpt lat="35.854484" lon="138.981516">
<ele>1072.000000</ele>
<time>2026-10-03T00:49:54Z</time>
<speed>1.511697</speed>
<trueHeading>0.000000</trueHeading>
<magneticHeading>0.000000</magneticHeading>
<gpsHeading>323.838593</gpsHeading>
<haccuracy>7.052000</haccuracy>
<vaccuracy>7.052000</vaccuracy>
<internetconnect>0</internetconnect>
</trkpt>
<trkpt lat="35.854775" lon="138.980906">
<ele>1061.000000</ele>
<time>2026-10-03T00:50:41Z</time>
<speed>1.621993</speed>
<trueHeading>0.000000</trueHeading>
<magneticHeading>0.000000</magneticHeading>
<gpsHeading>300.531921</gpsHeading>
<haccuracy>5.183000</haccuracy>
<vaccuracy>5.183000</vaccuracy>
<internetconnect>0</internetconnect>
</trkpt>
<trkpt lat="35.854757" lon="138.980558">
<ele>1052.000000</ele>
<time>2026-10-03T00:51:31Z</time>
<speed>1.570000</speed>
<trueHeading>0.000000</trueHeading>
<magneticHeading>0.000000</magneticHeading>
<gpsHeading>266.327209</gpsHeading>
<haccuracy>12.893000</haccuracy>
<vaccuracy>12.893000</vaccuracy>
<internetconnect>0</internetconnect>
</trkpt>
<trkpt lat="35.854671" lon="138.980186">
<ele>1042.333333</ele>
<time>2026-10-03T00:53:09Z</time>
<speed>1.110000</speed>
<trueHeading>0.000000</trueHeading>
<magneticHeading>0.000000</magneticHeading>
<gpsHeading>254.088226</gpsHeading>
<haccuracy>9.079000</haccuracy>
<vaccuracy>9.079000</vaccuracy>
<internetconnect>0</internetconnect>
</trkpt>
<trkpt lat="35.854555" lon="138.979845">
<ele>1039.333333</ele>
<time>2026-10-03T00:53:57Z</time>
<speed>0.385287</speed>
<trueHeading>0.000000</trueHeading>
<magneticHeading>0.000000</magneticHeading>
<gpsHeading>247.273376</gpsHeading>
<haccuracy>3.957000</haccuracy>
<vaccuracy>3.957000</vaccuracy>
<internetconnect>0</internetconnect>
</trkpt>
<trkpt lat="35.854563" lon="138.979391">
<ele>1039.000000</ele>
<time>2026-10-03T00:54:43Z</time>
<speed>0.686099</speed>
<trueHeading>0.000000</trueHeading>
<magneticHeading>0.000000</magneticHeading>
<gpsHeading>271.185303</gpsHeading>
<haccuracy>5.235000</haccuracy>
<vaccuracy>5.235000</vaccuracy>
<internetconnect>0</internetconnect>
</trkpt>
<trkpt lat="35.854801" lon="138.979571">
<ele>1044.333333</ele>
<time>2026-10-03T00:55:56Z</time>
<speed>1.310000</speed>
<trueHeading>0.000000</trueHeading>
<magneticHeading>0.000000</magneticHeading>
<gpsHeading>31.458231</gpsHeading>
<haccuracy>10.753000</haccuracy>
<vaccuracy>10.753000</vaccuracy>
<internetconnect>0</internetconnect>
</trkpt>
<trkpt lat="35.854648" lon="138.978892">
<ele>1052.666667</ele>
<time>2026-10-03T00:56:44Z</time>
<speed>1.387326</speed>
<trueHeading>0.000000</trueHeading>
<magneticHeading>0.000000</magneticHeading>
<gpsHeading>254.527847</gpsHeading>
<haccuracy>6.251000</haccuracy>
<vaccuracy>6.251000</vaccuracy>
<internetconnect>0</internetconnect>
</trkpt>
<trkpt lat="35.855083" lon="138.978978">
<ele>1068.333333</ele>
<time>2026-10-03T00:57:34Z</time>
<speed>1.162650</speed>
<trueHeading>0.000000</trueHeading>
<magneticHeading>0.000000</magneticHeading>
<gpsHeading>9.188842</gpsHeading>
<haccuracy>6.188000</haccuracy>
<vaccuracy>6.188000</vaccuracy>
<internetconnect>0</internetconnect>
</trkpt>
<trkpt lat="35.854875" lon="138.978573">
<ele>1080.666667</ele>
<time>2026-10-03T00:58:21Z</time>
<speed>1.171472</speed>
<trueHeading>0.000000</trueHeading>
<magneticHeading>0.000000</magneticHeading>
<gpsHeading>237.670319</gpsHeading>
<haccuracy>6.284000</haccuracy>
<vaccuracy>6.284000</vaccuracy>
<internetconnect>0</internetconnect>
</trkpt>
<trkpt lat="35.855160" lon="138.978656">
<ele>1098.000000</ele>
<time>2026-10-03T00:59:08Z</time>
<speed>0.808562</speed>
<trueHeading>0.000000</trueHeading>
<magneticHeading>0.000000</magneticHeading>
<gpsHeading>13.291989</gpsHeading>
<haccuracy>4.982000</haccuracy>
<vaccuracy>4.982000</vaccuracy>
<internetconnect>0</internetconnect>
</trkpt>
<trkpt lat="35.854977" lon="138.978290">
<ele>1112.333333</ele>
<time>2026-10-03T00:59:56Z</time>
<speed>1.127880</speed>
<trueHeading>0.000000</trueHeading>
<magneticHeading>0.000000</magneticHeading>
<gpsHeading>238.273605</gpsHeading>
<haccuracy>6.050000</haccuracy>
<vaccuracy>6.050000</vaccuracy>
<internetconnect>0</internetconnect>
</trkpt>
<trkpt lat="35.854728" lon="138.978035">
<ele>1125.333333</ele>
<time>2026-10-03T01:01:22Z</time>
<speed>1.281298</speed>
<trueHeading>0.000000</trueHeading>
<magneticHeading>0.000000</magneticHeading>
<gpsHeading>219.694611</gpsHeading>
<haccuracy>4.530000</haccuracy>
<vaccuracy>4.530000</vaccuracy>
<internetconnect>0</internetconnect>
</trkpt>
<trkpt lat="35.854356" lon="138.978135">
<ele>1130.666667</ele>
<time>2026-10-03T01:02:09Z</time>
<speed>1.130758</speed>
<trueHeading>0.000000</trueHeading>
<magneticHeading>0.000000</magneticHeading>
<gpsHeading>167.753937</gpsHeading>
<haccuracy>5.255000</haccuracy>
<vaccuracy>5.255000</vaccuracy>
<internetconnect>0</internetconnect>
</trkpt>
<trkpt lat="35.854256" lon="138.978113">
<ele>1130.333333</ele>
<time>2026-10-03T01:05:38Z</time>
<speed>0.155282</speed>
<trueHeading>0.000000</trueHeading>
<magneticHeading>0.000000</magneticHeading>
<gpsHeading>190.160019</gpsHeading>
<haccuracy>5.664000</haccuracy>
<vaccuracy>5.664000</vaccuracy>
<internetconnect>0</internetconnect>
</trkpt>
<trkpt lat="35.854261" lon="138.978123">
<ele>1131.000000</ele>
<time>2026-10-03T01:11:07Z</time>
<speed>0.009702</speed>
<trueHeading>0.000000</trueHeading>
<magneticHeading>0.000000</magneticHeading>
<gpsHeading>59.640808</gpsHeading>
<haccuracy>6.745000</haccuracy>
<vaccuracy>6.745000</vaccuracy>
<internetconnect>0</internetconnect>
</trkpt>
<trkpt lat="35.854258" lon="138.978107">
<ele>1133.333333</ele>
<time>2026-10-03T01:13:59Z</time>
<speed>0.000000</speed>
<trueHeading>0.000000</trueHeading>
<magneticHeading>0.000000</magneticHeading>
<gpsHeading>258.452148</gpsHeading>
<haccuracy>10.139000</haccuracy>
<vaccuracy>10.139000</vaccuracy>
<internetconnect>0</internetconnect>
</trkpt>
<trkpt lat="35.854429" lon="138.977781">
<ele>1137.000000</ele>
<time>2026-10-03T01:15:08Z</time>
<speed>1.020000</speed>
<trueHeading>0.000000</trueHeading>
<magneticHeading>0.000000</magneticHeading>
<gpsHeading>302.916382</gpsHeading>
<haccuracy>7.476000</haccuracy>
<vaccuracy>7.476000</vaccuracy>
<internetconnect>0</internetconnect>
</trkpt>
<trkpt lat="35.854708" lon="138.977215">
<ele>1138.666667</ele>
<time>2026-10-03T01:15:58Z</time>
<speed>0.343853</speed>
<trueHeading>0.000000</trueHeading>
<magneticHeading>0.000000</magneticHeading>
<gpsHeading>301.243530</gpsHeading>
<haccuracy>5.285000</haccuracy>
<vaccuracy>5.285000</vaccuracy>
<internetconnect>0</internetconnect>
</trkpt>
<trkpt lat="35.855029" lon="138.977085">
<ele>1136.666667</ele>
<time>2026-10-03T01:16:47Z</time>
<speed>0.297977</speed>
<trueHeading>0.000000</trueHeading>
<magneticHeading>0.000000</magneticHeading>
<gpsHeading>341.914429</gpsHeading>
<haccuracy>4.976000</haccuracy>
<vaccuracy>4.976000</vaccuracy>
<internetconnect>0</internetconnect>
</trkpt>
<trkpt lat="35.855522" lon="138.976991">
<ele>1135.000000</ele>
<time>2026-10-03T01:17:34Z</time>
<speed>0.989998</speed>
<trueHeading>0.000000</trueHeading>
<magneticHeading>0.000000</magneticHeading>
<gpsHeading>351.226105</gpsHeading>
<haccuracy>5.729000</haccuracy>
<vaccuracy>5.729000</vaccuracy>
<internetconnect>0</internetconnect>
</trkpt>
<trkpt lat="35.855812" lon="138.976691">
<ele>1135.333333</ele>
<time>2026-10-03T01:18:22Z</time>
<speed>0.273350</speed>
<trueHeading>0.000000</trueHeading>
<magneticHeading>0.000000</magneticHeading>
<gpsHeading>319.984833</gpsHeading>
<haccuracy>5.272000</haccuracy>
<vaccuracy>5.272000</vaccuracy>
<internetconnect>0</internetconnect>
</trkpt>
<trkpt lat="35.855937" lon="138.976303">
<ele>1138.666667</ele>
<time>2026-10-03T01:19:09Z</time>
<speed>0.226084</speed>
<trueHeading>0.000000</trueHeading>
<magneticHeading>0.000000</magneticHeading>
<gpsHeading>291.686554</gpsHeading>
<haccuracy>4.224000</haccuracy>
<vaccuracy>4.224000</vaccuracy>
<internetconnect>0</internetconnect>
</trkpt>
<trkpt lat="35.855850" lon="138.975867">
<ele>1135.333333</ele>
<time>2026-10-03T01:19:58Z</time>
<speed>0.229455</speed>
<trueHeading>0.000000</trueHeading>
<magneticHeading>0.000000</magneticHeading>
<gpsHeading>256.113983</gpsHeading>
<haccuracy>6.509000</haccuracy>
<vaccuracy>6.509000</vaccuracy>
<internetconnect>0</internetconnect>
</trkpt>
<trkpt lat="35.855647" lon="138.976105">
<ele>1136.333333</ele>
<time>2026-10-03T01:20:53Z</time>
<speed>1.036006</speed>
<trueHeading>0.000000</trueHeading>
<magneticHeading>0.000000</magneticHeading>
<gpsHeading>136.588242</gpsHeading>
<haccuracy>3.924000</haccuracy>
<vaccuracy>3.924000</vaccuracy>
<internetconnect>0</internetconnect>
</trkpt>
<trkpt lat="35.855320" lon="138.975867">
<ele>1135.000000</ele>
<time>2026-10-03T01:21:43Z</time>
<speed>1.275517</speed>
<trueHeading>0.000000</trueHeading>
<magneticHeading>0.000000</magneticHeading>
<gpsHeading>210.487564</gpsHeading>
<haccuracy>12.646000</haccuracy>
<vaccuracy>12.646000</vaccuracy>
<internetconnect>0</internetconnect>
</trkpt>
<trkpt lat="35.855193" lon="138.975165">
<ele>1138.333333</ele>
<time>2026-10-03T01:22:31Z</time>
<speed>0.312230</speed>
<trueHeading>0.000000</trueHeading>
<magneticHeading>0.000000</magneticHeading>
<gpsHeading>257.437256</gpsHeading>
<haccuracy>4.545000</haccuracy>
<vaccuracy>4.545000</vaccuracy>
<internetconnect>0</internetconnect>
</trkpt>
<trkpt lat="35.855137" lon="138.974766">
<ele>1138.333333</ele>
<time>2026-10-03T01:23:31Z</time>
<speed>1.294354</speed>
<trueHeading>0.000000</trueHeading>
<magneticHeading>0.000000</magneticHeading>
<gpsHeading>260.079895</gpsHeading>
<haccuracy>4.593000</haccuracy>
<vaccuracy>4.593000</vaccuracy>
<internetconnect>0</internetconnect>
</trkpt>
<trkpt lat="35.855299" lon="138.974476">
<ele>1145.666667</ele>
<time>2026-10-03T01:24:38Z</time>
<speed>0.675281</speed>
<trueHeading>0.000000</trueHeading>
<magneticHeading>0.000000</magneticHeading>
<gpsHeading>304.699371</gpsHeading>
<haccuracy>8.953000</haccuracy>
<vaccuracy>8.953000</vaccuracy>
<internetconnect>0</internetconnect>
</trkpt>
<trkpt lat="35.855587" lon="138.974370">
<ele>1153.333333</ele>
<time>2026-10-03T01:25:38Z</time>
<speed>0.268270</speed>
<trueHeading>0.000000</trueHeading>
<magneticHeading>0.000000</magneticHeading>
<gpsHeading>343.295471</gpsHeading>
<haccuracy>5.695000</haccuracy>
<vaccuracy>5.695000</vaccuracy>
<internetconnect>0</internetconnect>
</trkpt>
<trkpt lat="35.855825" lon="138.974112">
<ele>1158.000000</ele>
<time>2026-10-03T01:27:03Z</time>
<speed>1.105324</speed>
<trueHeading>0.000000</trueHeading>
<magneticHeading>0.000000</magneticHeading>
<gpsHeading>318.746857</gpsHeading>
<haccuracy>4.940000</haccuracy>
<vaccuracy>4.940000</vaccuracy>
<internetconnect>0</internetconnect>
</trkpt>
<trkpt lat="35.856126" lon="138.973818">
<ele>1154.666667</ele>
<time>2026-10-03T01:27:51Z</time>
<speed>0.179243</speed>
<trueHeading>0.000000</trueHeading>
<magneticHeading>0.000000</magneticHeading>
<gpsHeading>321.549805</gpsHeading>
<haccuracy>4.931000</haccuracy>
<vaccuracy>4.931000</vaccuracy>
<internetconnect>0</internetconnect>
</trkpt>
<trkpt lat="35.856357" lon="138.973609">
<ele>1154.000000</ele>
<time>2026-10-03T01:28:45Z</time>
<speed>0.894836</speed>
<trueHeading>0.000000</trueHeading>
<magneticHeading>0.000000</magneticHeading>
<gpsHeading>323.888855</gpsHeading>
<haccuracy>5.847000</haccuracy>
<vaccuracy>5.847000</vaccuracy>
<internetconnect>0</internetconnect>
</trkpt>
<trkpt lat="35.856649" lon="138.973548">
<ele>1156.666667</ele>
<time>2026-10-03T01:30:40Z</time>
<speed>0.530000</speed>
<trueHeading>0.000000</trueHeading>
<magneticHeading>0.000000</magneticHeading>
<gpsHeading>350.306366</gpsHeading>
<haccuracy>12.591000</haccuracy>
<vaccuracy>12.591000</vaccuracy>
<internetconnect>0</internetconnect>
</trkpt>
<trkpt lat="35.856928" lon="138.973356">
<ele>1158.000000</ele>
<time>2026-10-03T01:32:28Z</time>
<speed>0.710000</speed>
<trueHeading>0.000000</trueHeading>
<magneticHeading>0.000000</magneticHeading>
<gpsHeading>330.969788</gpsHeading>
<haccuracy>14.475000</haccuracy>
<vaccuracy>14.475000</vaccuracy>
<internetconnect>0</internetconnect>
</trkpt>
<trkpt lat="35.857107" lon="138.972979">
<ele>1160.000000</ele>
<time>2026-10-03T01:33:18Z</time>
<speed>0.740000</speed>
<trueHeading>0.000000</trueHeading>
<magneticHeading>0.000000</magneticHeading>
<gpsHeading>300.315094</gpsHeading>
<haccuracy>11.755000</haccuracy>
<vaccuracy>11.755000</vaccuracy>
<internetconnect>0</internetconnect>
</trkpt>
<trkpt lat="35.857328" lon="138.973196">
<ele>1157.666667</ele>
<time>2026-10-03T01:34:28Z</time>
<speed>0.155138</speed>
<trueHeading>0.000000</trueHeading>
<magneticHeading>0.000000</magneticHeading>
<gpsHeading>38.462395</gpsHeading>
<haccuracy>5.212000</haccuracy>
<vaccuracy>5.212000</vaccuracy>
<internetconnect>0</internetconnect>
</trkpt>
<trkpt lat="35.857545" lon="138.972978">
<ele>1159.333333</ele>
<time>2026-10-03T01:36:03Z</time>
<speed>0.000000</speed>
<trueHeading>0.000000</trueHeading>
<magneticHeading>0.000000</magneticHeading>
<gpsHeading>320.782196</gpsHeading>
<haccuracy>15.219000</haccuracy>
<vaccuracy>15.219000</vaccuracy>
<internetconnect>0</internetconnect>
</trkpt>
<trkpt lat="35.857873" lon="138.972933">
<ele>1158.666667</ele>
<time>2026-10-03T01:36:54Z</time>
<speed>0.427678</speed>
<trueHeading>0.000000</trueHeading>
<magneticHeading>0.000000</magneticHeading>
<gpsHeading>353.608887</gpsHeading>
<haccuracy>5.076000</haccuracy>
<vaccuracy>5.076000</vaccuracy>
<internetconnect>0</internetconnect>
</trkpt>
<trkpt lat="35.858084" lon="138.972850">
<ele>1165.000000</ele>
<time>2026-10-03T01:39:13Z</time>
<speed>0.000000</speed>
<trueHeading>0.000000</trueHeading>
<magneticHeading>0.000000</magneticHeading>
<gpsHeading>342.385742</gpsHeading>
<haccuracy>13.359000</haccuracy>
<vaccuracy>13.359000</vaccuracy>
<internetconnect>0</internetconnect>
</trkpt>
<trkpt lat="35.858330" lon="138.972631">
<ele>1173.666667</ele>
<time>2026-10-03T01:40:02Z</time>
<speed>0.230000</speed>
<trueHeading>0.000000</trueHeading>
<magneticHeading>0.000000</magneticHeading>
<gpsHeading>324.205597</gpsHeading>
<haccuracy>12.267000</haccuracy>
<vaccuracy>12.267000</vaccuracy>
<internetconnect>0</internetconnect>
</trkpt>
<trkpt lat="35.858577" lon="138.972354">
<ele>1178.666667</ele>
<time>2026-10-03T01:41:52Z</time>
<speed>0.590000</speed>
<trueHeading>0.000000</trueHeading>
<magneticHeading>0.000000</magneticHeading>
<gpsHeading>317.638367</gpsHeading>
<haccuracy>15.308000</haccuracy>
<vaccuracy>15.308000</vaccuracy>
<internetconnect>0</internetconnect>
</trkpt>
<trkpt lat="35.858464" lon="138.972248">
<ele>1189.333333</ele>
<time>2026-10-03T01:45:20Z</time>
<speed>0.450000</speed>
<trueHeading>0.000000</trueHeading>
<magneticHeading>0.000000</magneticHeading>
<gpsHeading>217.162689</gpsHeading>
<haccuracy>12.239000</haccuracy>
<vaccuracy>12.239000</vaccuracy>
<internetconnect>0</internetconnect>
</trkpt>
<trkpt lat="35.858807" lon="138.972201">
<ele>1203.333333</ele>
<time>2026-10-03T01:46:14Z</time>
<speed>0.330000</speed>
<trueHeading>0.000000</trueHeading>
<magneticHeading>0.000000</magneticHeading>
<gpsHeading>353.634399</gpsHeading>
<haccuracy>12.176000</haccuracy>
<vaccuracy>12.176000</vaccuracy>
<internetconnect>0</internetconnect>
</trkpt>
<trkpt lat="35.859082" lon="138.972036">
<ele>1226.333333</ele>
<time>2026-10-03T01:48:12Z</time>
<speed>0.830841</speed>
<trueHeading>0.000000</trueHeading>
<magneticHeading>0.000000</magneticHeading>
<gpsHeading>334.040100</gpsHeading>
<haccuracy>6.273000</haccuracy>
<vaccuracy>6.273000</vaccuracy>
<internetconnect>0</internetconnect>
</trkpt>
<trkpt lat="35.859236" lon="138.971731">
<ele>1243.666667</ele>
<time>2026-10-03T01:50:16Z</time>
<speed>0.112959</speed>
<trueHeading>0.000000</trueHeading>
<magneticHeading>0.000000</magneticHeading>
<gpsHeading>302.022858</gpsHeading>
<haccuracy>4.829000</haccuracy>
<vaccuracy>4.829000</vaccuracy>
<internetconnect>0</internetconnect>
</trkpt>
<trkpt lat="35.859371" lon="138.971658">
<ele>1259.333333</ele>
<time>2026-10-03T01:52:25Z</time>
<speed>0.150000</speed>
<trueHeading>0.000000</trueHeading>
<magneticHeading>0.000000</magneticHeading>
<gpsHeading>336.272125</gpsHeading>
<haccuracy>11.451000</haccuracy>
<vaccuracy>11.451000</vaccuracy>
<internetconnect>0</internetconnect>
</trkpt>
<trkpt lat="35.859670" lon="138.971666">
<ele>1273.333333</ele>
<time>2026-10-03T01:54:05Z</time>
<speed>0.901523</speed>
<trueHeading>0.000000</trueHeading>
<magneticHeading>0.000000</magneticHeading>
<gpsHeading>1.227940</gpsHeading>
<haccuracy>10.960000</haccuracy>
<vaccuracy>10.960000</vaccuracy>
<internetconnect>0</internetconnect>
</trkpt>
<trkpt lat="35.859977" lon="138.971625">
<ele>1283.333333</ele>
<time>2026-10-03T01:55:14Z</time>
<speed>0.954834</speed>
<trueHeading>0.000000</trueHeading>
<magneticHeading>0.000000</magneticHeading>
<gpsHeading>353.798676</gpsHeading>
<haccuracy>16.240000</haccuracy>
<vaccuracy>16.240000</vaccuracy>
<internetconnect>0</internetconnect>
</trkpt>
<trkpt lat="35.860116" lon="138.971325">
<ele>1288.666667</ele>
<time>2026-10-03T01:57:15Z</time>
<speed>0.000000</speed>
<trueHeading>0.000000</trueHeading>
<magneticHeading>0.000000</magneticHeading>
<gpsHeading>299.701904</gpsHeading>
<haccuracy>11.774000</haccuracy>
<vaccuracy>11.774000</vaccuracy>
<internetconnect>0</internetconnect>
</trkpt>
<trkpt lat="35.860312" lon="138.971198">
<ele>1289.333333</ele>
<time>2026-10-03T01:59:20Z</time>
<speed>0.000000</speed>
<trueHeading>0.000000</trueHeading>
<magneticHeading>0.000000</magneticHeading>
<gpsHeading>332.287811</gpsHeading>
<haccuracy>12.084000</haccuracy>
<vaccuracy>12.084000</vaccuracy>
<internetconnect>0</internetconnect>
</trkpt>
<trkpt lat="35.860312" lon="138.971173">
<ele>1300.000000</ele>
<time>2026-10-03T02:01:33Z</time>
<speed>0.520000</speed>
<trueHeading>0.000000</trueHeading>
<magneticHeading>0.000000</magneticHeading>
<gpsHeading>271.425049</gpsHeading>
<haccuracy>11.674000</haccuracy>
<vaccuracy>11.674000</vaccuracy>
<internetconnect>0</internetconnect>
</trkpt>
<trkpt lat="35.860512" lon="138.970721">
<ele>1307.000000</ele>
<time>2026-10-03T02:02:23Z</time>
<speed>0.654034</speed>
<trueHeading>0.000000</trueHeading>
<magneticHeading>0.000000</magneticHeading>
<gpsHeading>298.606232</gpsHeading>
<haccuracy>5.618000</haccuracy>
<vaccuracy>5.618000</vaccuracy>
<internetconnect>0</internetconnect>
</trkpt>
<trkpt lat="35.860534" lon="138.970103">
<ele>1315.666667</ele>
<time>2026-10-03T02:03:12Z</time>
<speed>1.274717</speed>
<trueHeading>0.000000</trueHeading>
<magneticHeading>0.000000</magneticHeading>
<gpsHeading>272.581085</gpsHeading>
<haccuracy>6.114000</haccuracy>
<vaccuracy>6.114000</vaccuracy>
<internetconnect>0</internetconnect>
</trkpt>
<trkpt lat="35.860855" lon="138.970057">
<ele>1308.333333</ele>
<time>2026-10-03T02:04:02Z</time>
<speed>0.660000</speed>
<trueHeading>0.000000</trueHeading>
<magneticHeading>0.000000</magneticHeading>
<gpsHeading>353.455017</gpsHeading>
<haccuracy>15.929000</haccuracy>
<vaccuracy>15.929000</vaccuracy>
<internetconnect>0</internetconnect>
</trkpt>
<trkpt lat="35.861013" lon="138.969760">
<ele>1308.000000</ele>
<time>2026-10-03T02:04:53Z</time>
<speed>1.130000</speed>
<trueHeading>0.000000</trueHeading>
<magneticHeading>0.000000</magneticHeading>
<gpsHeading>303.278351</gpsHeading>
<haccuracy>13.692000</haccuracy>
<vaccuracy>13.692000</vaccuracy>
<internetconnect>0</internetconnect>
</trkpt>
<trkpt lat="35.861248" lon="138.969529">
<ele>1301.333333</ele>
<time>2026-10-03T02:05:58Z</time>
<speed>0.000000</speed>
<trueHeading>0.000000</trueHeading>
<magneticHeading>0.000000</magneticHeading>
<gpsHeading>321.459045</gpsHeading>
<haccuracy>14.565000</haccuracy>
<vaccuracy>14.565000</vaccuracy>
<internetconnect>0</internetconnect>
</trkpt>
<trkpt lat="35.861130" lon="138.969619">
<ele>1305.666667</ele>
<time>2026-10-03T02:08:07Z</time>
<speed>0.087250</speed>
<trueHeading>0.000000</trueHeading>
<magneticHeading>0.000000</magneticHeading>
<gpsHeading>148.326096</gpsHeading>
<haccuracy>5.654000</haccuracy>
<vaccuracy>5.654000</vaccuracy>
<internetconnect>0</internetconnect>
</trkpt>
<trkpt lat="35.861366" lon="138.969578">
<ele>1306.000000</ele>
<time>2026-10-03T02:10:10Z</time>
<speed>0.000000</speed>
<trueHeading>0.000000</trueHeading>
<magneticHeading>0.000000</magneticHeading>
<gpsHeading>352.117432</gpsHeading>
<haccuracy>6.713000</haccuracy>
<vaccuracy>6.713000</vaccuracy>
<internetconnect>0</internetconnect>
</trkpt>
<trkpt lat="35.861358" lon="138.969609">
<ele>1307.333333</ele>
<time>2026-10-03T02:12:25Z</time>
<speed>0.520000</speed>
<trueHeading>0.000000</trueHeading>
<magneticHeading>0.000000</magneticHeading>
<gpsHeading>107.869675</gpsHeading>
<haccuracy>12.062000</haccuracy>
<vaccuracy>12.062000</vaccuracy>
<internetconnect>0</internetconnect>
</trkpt>
<trkpt lat="35.861054" lon="138.969822">
<ele>1306.333333</ele>
<time>2026-10-03T02:14:13Z</time>
<speed>0.790000</speed>
<trueHeading>0.000000</trueHeading>
<magneticHeading>0.000000</magneticHeading>
<gpsHeading>150.481918</gpsHeading>
<haccuracy>16.089001</haccuracy>
<vaccuracy>16.089001</vaccuracy>
<internetconnect>0</internetconnect>
</trkpt>
<trkpt lat="35.861027" lon="138.969894">
<ele>1302.000000</ele>
<time>2026-10-03T02:16:19Z</time>
<speed>0.000000</speed>
<trueHeading>0.000000</trueHeading>
<magneticHeading>0.000000</magneticHeading>
<gpsHeading>114.759422</gpsHeading>
<haccuracy>12.133000</haccuracy>
<vaccuracy>12.133000</vaccuracy>
<internetconnect>0</internetconnect>
</trkpt>
<trkpt lat="35.861005" lon="138.969793">
<ele>1296.666667</ele>
<time>2026-10-03T02:18:27Z</time>
<speed>0.000000</speed>
<trueHeading>0.000000</trueHeading>
<magneticHeading>0.000000</magneticHeading>
<gpsHeading>255.241119</gpsHeading>
<haccuracy>13.481000</haccuracy>
<vaccuracy>13.481000</vaccuracy>
<internetconnect>0</internetconnect>
</trkpt>
<trkpt lat="35.860863" lon="138.969547">
<ele>1287.333333</ele>
<time>2026-10-03T02:23:05Z</time>
<speed>0.000000</speed>
<trueHeading>0.000000</trueHeading>
<magneticHeading>0.000000</magneticHeading>
<gpsHeading>234.496506</gpsHeading>
<haccuracy>14.153000</haccuracy>
<vaccuracy>14.153000</vaccuracy>
<internetconnect>0</internetconnect>
</trkpt>
<trkpt lat="35.860618" lon="138.969348">
<ele>1280.000000</ele>
<time>2026-10-03T02:24:45Z</time>
<speed>0.000000</speed>
<trueHeading>0.000000</trueHeading>
<magneticHeading>0.000000</magneticHeading>
<gpsHeading>213.342819</gpsHeading>
<haccuracy>13.162000</haccuracy>
<vaccuracy>13.162000</vaccuracy>
<internetconnect>0</internetconnect>
</trkpt>
<trkpt lat="35.860600" lon="138.969378">
<ele>1279.000000</ele>
<time>2026-10-03T02:27:37Z</time>
<speed>0.000000</speed>
<trueHeading>0.000000</trueHeading>
<magneticHeading>0.000000</magneticHeading>
<gpsHeading>125.475311</gpsHeading>
<haccuracy>15.247000</haccuracy>
<vaccuracy>15.247000</vaccuracy>
<internetconnect>0</internetconnect>
</trkpt>
<trkpt lat="35.860424" lon="138.969100">
<ele>1279.333333</ele>
<time>2026-10-03T02:28:47Z</time>
<speed>0.890000</speed>
<trueHeading>0.000000</trueHeading>
<magneticHeading>0.000000</magneticHeading>
<gpsHeading>231.919586</gpsHeading>
<haccuracy>12.291000</haccuracy>
<vaccuracy>12.291000</vaccuracy>
<internetconnect>0</internetconnect>
</trkpt>
<trkpt lat="35.860319" lon="138.968899">
<ele>1287.000000</ele>
<time>2026-10-03T02:30:48Z</time>
<speed>0.820000</speed>
<trueHeading>0.000000</trueHeading>
<magneticHeading>0.000000</magneticHeading>
<gpsHeading>237.359665</gpsHeading>
<haccuracy>14.871000</haccuracy>
<vaccuracy>14.871000</vaccuracy>
<internetconnect>0</internetconnect>
</trkpt>
<trkpt lat="35.860263" lon="138.968681">
<ele>1287.333333</ele>
<time>2026-10-03T02:32:52Z</time>
<speed>0.710000</speed>
<trueHeading>0.000000</trueHeading>
<magneticHeading>0.000000</magneticHeading>
<gpsHeading>252.220306</gpsHeading>
<haccuracy>15.016000</haccuracy>
<vaccuracy>15.016000</vaccuracy>
<internetconnect>0</internetconnect>
</trkpt>
<trkpt lat="35.860197" lon="138.968808">
<ele>1279.666667</ele>
<time>2026-10-03T02:34:53Z</time>
<speed>0.680000</speed>
<trueHeading>0.000000</trueHeading>
<magneticHeading>0.000000</magneticHeading>
<gpsHeading>122.832191</gpsHeading>
<haccuracy>16.216999</haccuracy>
<vaccuracy>16.216999</vaccuracy>
<internetconnect>0</internetconnect>
</trkpt>
<trkpt lat="35.859909" lon="138.968763">
<ele>1264.333333</ele>
<time>2026-10-03T02:36:08Z</time>
<speed>0.960000</speed>
<trueHeading>0.000000</trueHeading>
<magneticHeading>0.000000</magneticHeading>
<gpsHeading>187.195267</gpsHeading>
<haccuracy>13.426000</haccuracy>
<vaccuracy>13.426000</vaccuracy>
<internetconnect>0</internetconnect>
</trkpt>
<trkpt lat="35.859858" lon="138.968909">
<ele>1249.333333</ele>
<time>2026-10-03T02:38:11Z</time>
<speed>0.000000</speed>
<trueHeading>0.000000</trueHeading>
<magneticHeading>0.000000</magneticHeading>
<gpsHeading>113.465462</gpsHeading>
<haccuracy>12.924000</haccuracy>
<vaccuracy>12.924000</vaccuracy>
<internetconnect>0</internetconnect>
</trkpt>
<trkpt lat="35.859667" lon="138.968782">
<ele>1239.333333</ele>
<time>2026-10-03T02:40:16Z</time>
<speed>0.160000</speed>
<trueHeading>0.000000</trueHeading>
<magneticHeading>0.000000</magneticHeading>
<gpsHeading>208.281982</gpsHeading>
<haccuracy>20.605000</haccuracy>
<vaccuracy>20.605000</vaccuracy>
<internetconnect>0</internetconnect>
</trkpt>
<trkpt lat="35.859630" lon="138.968822">
<ele>1234.000000</ele>
<time>2026-10-03T02:42:22Z</time>
<speed>0.710000</speed>
<trueHeading>0.000000</trueHeading>
<magneticHeading>0.000000</magneticHeading>
<gpsHeading>138.382660</gpsHeading>
<haccuracy>12.531000</haccuracy>
<vaccuracy>12.531000</vaccuracy>
<internetconnect>0</internetconnect>
</trkpt>
<trkpt lat="35.859660" lon="138.968723">
<ele>1236.666667</ele>
<time>2026-10-03T02:44:26Z</time>
<speed>0.076486</speed>
<trueHeading>0.000000</trueHeading>
<magneticHeading>0.000000</magneticHeading>
<gpsHeading>290.193604</gpsHeading>
<haccuracy>5.881000</haccuracy>
<vaccuracy>5.881000</vaccuracy>
<internetconnect>0</internetconnect>
</trkpt>
<trkpt lat="35.859607" lon="138.968546">
<ele>1248.333333</ele>
<time>2026-10-03T02:46:27Z</time>
<speed>0.934652</speed>
<trueHeading>0.000000</trueHeading>
<magneticHeading>0.000000</magneticHeading>
<gpsHeading>249.599304</gpsHeading>
<haccuracy>7.363000</haccuracy>
<vaccuracy>7.363000</vaccuracy>
<internetconnect>0</internetconnect>
</trkpt>
<trkpt lat="35.859425" lon="138.968078">
<ele>1253.333333</ele>
<time>2026-10-03T02:47:14Z</time>
<speed>0.779969</speed>
<trueHeading>0.000000</trueHeading>
<magneticHeading>0.000000</magneticHeading>
<gpsHeading>244.390305</gpsHeading>
<haccuracy>7.028000</haccuracy>
<vaccuracy>7.028000</vaccuracy>
<internetconnect>0</internetconnect>
</trkpt>
<trkpt lat="35.859224" lon="138.967910">
<ele>1250.666667</ele>
<time>2026-10-03T02:49:20Z</time>
<speed>0.115971</speed>
<trueHeading>0.000000</trueHeading>
<magneticHeading>0.000000</magneticHeading>
<gpsHeading>214.190628</gpsHeading>
<haccuracy>4.374000</haccuracy>
<vaccuracy>4.374000</vaccuracy>
<internetconnect>0</internetconnect>
</trkpt>
<trkpt lat="35.859122" lon="138.967567">
<ele>1240.000000</ele>
<time>2026-10-03T02:50:38Z</time>
<speed>0.640000</speed>
<trueHeading>0.000000</trueHeading>
<magneticHeading>0.000000</magneticHeading>
<gpsHeading>249.691071</gpsHeading>
<haccuracy>15.594000</haccuracy>
<vaccuracy>15.594000</vaccuracy>
<internetconnect>0</internetconnect>
</trkpt>
<trkpt lat="35.858987" lon="138.967701">
<ele>1225.333333</ele>
<time>2026-10-03T02:52:43Z</time>
<speed>0.180000</speed>
<trueHeading>0.000000</trueHeading>
<magneticHeading>0.000000</magneticHeading>
<gpsHeading>141.247925</gpsHeading>
<haccuracy>12.820000</haccuracy>
<vaccuracy>12.820000</vaccuracy>
<internetconnect>0</internetconnect>
</trkpt>
<trkpt lat="35.858756" lon="138.967816">
<ele>1214.000000</ele>
<time>2026-10-03T02:54:47Z</time>
<speed>0.640000</speed>
<trueHeading>0.000000</trueHeading>
<magneticHeading>0.000000</magneticHeading>
<gpsHeading>157.949341</gpsHeading>
<haccuracy>12.311000</haccuracy>
<vaccuracy>12.311000</vaccuracy>
<internetconnect>0</internetconnect>
</trkpt>
<trkpt lat="35.858700" lon="138.967809">
<ele>1203.666667</ele>
<time>2026-10-03T03:01:42Z</time>
<speed>0.000000</speed>
<trueHeading>0.000000</trueHeading>
<magneticHeading>0.000000</magneticHeading>
<gpsHeading>185.509109</gpsHeading>
<haccuracy>13.854000</haccuracy>
<vaccuracy>13.854000</vaccuracy>
<internetconnect>0</internetconnect>
</trkpt>
<trkpt lat="35.858621" lon="138.967757">
<ele>1201.333333</ele>
<time>2026-10-03T03:04:47Z</time>
<speed>1.930000</speed>
<trueHeading>0.000000</trueHeading>
<magneticHeading>0.000000</magneticHeading>
<gpsHeading>208.352448</gpsHeading>
<haccuracy>12.095000</haccuracy>
<vaccuracy>12.095000</vaccuracy>
<internetconnect>0</internetconnect>
</trkpt>
<trkpt lat="35.858477" lon="138.967675">
<ele>1202.333333</ele>
<time>2026-10-03T03:07:03Z</time>
<speed>0.000000</speed>
<trueHeading>0.000000</trueHeading>
<magneticHeading>0.000000</magneticHeading>
<gpsHeading>204.781784</gpsHeading>
<haccuracy>14.038000</haccuracy>
<vaccuracy>14.038000</vaccuracy>
<internetconnect>0</internetconnect>
</trkpt>
<trkpt lat="35.858331" lon="138.967596">
<ele>1204.333333</ele>
<time>2026-10-03T03:10:37Z</time>
<speed>0.302368</speed>
<trueHeading>0.000000</trueHeading>
<magneticHeading>0.000000</magneticHeading>
<gpsHeading>203.669327</gpsHeading>
<haccuracy>8.408000</haccuracy>
<vaccuracy>8.408000</vaccuracy>
<internetconnect>0</internetconnect>
</trkpt>
<trkpt lat="35.858341" lon="138.967587">
<ele>1206.666667</ele>
<time>2026-10-03T03:13:23Z</time>
<speed>0.106799</speed>
<trueHeading>0.000000</trueHeading>
<magneticHeading>0.000000</magneticHeading>
<gpsHeading>325.080109</gpsHeading>
<haccuracy>9.003000</haccuracy>
<vaccuracy>9.003000</vaccuracy>
<internetconnect>0</internetconnect>
</trkpt>
<trkpt lat="35.858258" lon="138.967657">
<ele>1211.666667</ele>
<time>2026-10-03T03:15:25Z</time>
<speed>0.000000</speed>
<trueHeading>0.000000</trueHeading>
<magneticHeading>0.000000</magneticHeading>
<gpsHeading>145.543747</gpsHeading>
<haccuracy>14.635000</haccuracy>
<vaccuracy>14.635000</vaccuracy>
<internetconnect>0</internetconnect>
</trkpt>
<trkpt lat="35.858028" lon="138.967668">
<ele>1215.333333</ele>
<time>2026-10-03T03:17:26Z</time>
<speed>0.360000</speed>
<trueHeading>0.000000</trueHeading>
<magneticHeading>0.000000</magneticHeading>
<gpsHeading>177.760071</gpsHeading>
<haccuracy>12.993000</haccuracy>
<vaccuracy>12.993000</vaccuracy>
<internetconnect>0</internetconnect>
</trkpt>
<trkpt lat="35.857966" lon="138.967436">
<ele>1219.000000</ele>
<time>2026-10-03T03:19:44Z</time>
<speed>1.730000</speed>
<trueHeading>0.000000</trueHeading>
<magneticHeading>0.000000</magneticHeading>
<gpsHeading>251.610336</gpsHeading>
<haccuracy>12.721000</haccuracy>
<vaccuracy>12.721000</vaccuracy>
<internetconnect>0</internetconnect>
</trkpt>
<trkpt lat="35.857755" lon="138.967477">
<ele>1220.666667</ele>
<time>2026-10-03T03:22:13Z</time>
<speed>0.510000</speed>
<trueHeading>0.000000</trueHeading>
<magneticHeading>0.000000</magneticHeading>
<gpsHeading>170.956345</gpsHeading>
<haccuracy>15.524000</haccuracy>
<vaccuracy>15.524000</vaccuracy>
<internetconnect>0</internetconnect>
</trkpt>
<trkpt lat="35.857551" lon="138.967390">
<ele>1227.000000</ele>
<time>2026-10-03T03:24:15Z</time>
<speed>0.000000</speed>
<trueHeading>0.000000</trueHeading>
<magneticHeading>0.000000</magneticHeading>
<gpsHeading>198.971832</gpsHeading>
<haccuracy>19.308001</haccuracy>
<vaccuracy>19.308001</vaccuracy>
<internetconnect>0</internetconnect>
</trkpt>
<trkpt lat="35.857607" lon="138.967238">
<ele>1232.666667</ele>
<time>2026-10-03T03:27:56Z</time>
<speed>0.000000</speed>
<trueHeading>0.000000</trueHeading>
<magneticHeading>0.000000</magneticHeading>
<gpsHeading>294.528168</gpsHeading>
<haccuracy>13.567000</haccuracy>
<vaccuracy>13.567000</vaccuracy>
<internetconnect>0</internetconnect>
</trkpt>
<trkpt lat="35.857607" lon="138.967227">
<ele>1236.000000</ele>
<time>2026-10-03T03:31:05Z</time>
<speed>0.000000</speed>
<trueHeading>0.000000</trueHeading>
<magneticHeading>0.000000</magneticHeading>
<gpsHeading>268.090057</gpsHeading>
<haccuracy>12.006000</haccuracy>
<vaccuracy>12.006000</vaccuracy>
<internetconnect>0</internetconnect>
</trkpt>
<trkpt lat="35.857595" lon="138.967221">
<ele>1235.666667</ele>
<time>2026-10-03T03:37:42Z</time>
<speed>1.640000</speed>
<trueHeading>0.000000</trueHeading>
<magneticHeading>0.000000</magneticHeading>
<gpsHeading>201.731949</gpsHeading>
<haccuracy>10.327000</haccuracy>
<vaccuracy>10.327000</vaccuracy>
<internetconnect>0</internetconnect>
</trkpt>
<trkpt lat="35.857326" lon="138.967113">
<ele>1237.333333</ele>
<time>2026-10-03T03:38:32Z</time>
<speed>0.000000</speed>
<trueHeading>0.000000</trueHeading>
<magneticHeading>0.000000</magneticHeading>
<gpsHeading>197.971603</gpsHeading>
<haccuracy>14.584000</haccuracy>
<vaccuracy>14.584000</vaccuracy>
<internetconnect>0</internetconnect>
</trkpt>
<trkpt lat="35.857212" lon="138.966855">
<ele>1240.666667</ele>
<time>2026-10-03T03:40:38Z</time>
<speed>0.510000</speed>
<trueHeading>0.000000</trueHeading>
<magneticHeading>0.000000</magneticHeading>
<gpsHeading>241.349899</gpsHeading>
<haccuracy>14.114000</haccuracy>
<vaccuracy>14.114000</vaccuracy>
<internetconnect>0</internetconnect>
</trkpt>
<trkpt lat="35.857117" lon="138.966744">
<ele>1242.666667</ele>
<time>2026-10-03T03:43:09Z</time>
<speed>1.160000</speed>
<trueHeading>0.000000</trueHeading>
<magneticHeading>0.000000</magneticHeading>
<gpsHeading>223.521790</gpsHeading>
<haccuracy>14.255000</haccuracy>
<vaccuracy>14.255000</vaccuracy>
<internetconnect>0</internetconnect>
</trkpt>
<trkpt lat="35.857139" lon="138.966815">
<ele>1244.333333</ele>
<time>2026-10-03T03:46:26Z</time>
<speed>0.000000</speed>
<trueHeading>0.000000</trueHeading>
<magneticHeading>0.000000</magneticHeading>
<gpsHeading>68.822227</gpsHeading>
<haccuracy>13.811000</haccuracy>
<vaccuracy>13.811000</vaccuracy>
<internetconnect>0</internetconnect>
</trkpt>
<trkpt lat="35.857179" lon="138.966682">
<ele>1246.333333</ele>
<time>2026-10-03T03:49:37Z</time>
<speed>0.000000</speed>
<trueHeading>0.000000</trueHeading>
<magneticHeading>0.000000</magneticHeading>
<gpsHeading>290.340179</gpsHeading>
<haccuracy>13.073000</haccuracy>
<vaccuracy>13.073000</vaccuracy>
<internetconnect>0</internetconnect>
</trkpt>
<trkpt lat="35.857071" lon="138.966517">
<ele>1259.000000</ele>
<time>2026-10-03T03:51:43Z</time>
<speed>1.180000</speed>
<trueHeading>0.000000</trueHeading>
<magneticHeading>0.000000</magneticHeading>
<gpsHeading>231.067566</gpsHeading>
<haccuracy>11.322000</haccuracy>
<vaccuracy>11.322000</vaccuracy>
<internetconnect>0</internetconnect>
</trkpt>
<trkpt lat="35.856745" lon="138.966541">
<ele>1263.666667</ele>
<time>2026-10-03T03:53:25Z</time>
<speed>1.150000</speed>
<trueHeading>0.000000</trueHeading>
<magneticHeading>0.000000</magneticHeading>
<gpsHeading>176.562225</gpsHeading>
<haccuracy>25.750999</haccuracy>
<vaccuracy>25.750999</vaccuracy>
<internetconnect>0</internetconnect>
</trkpt>
<trkpt lat="35.856860" lon="138.966434">
<ele>1269.000000</ele>
<time>2026-10-03T03:58:03Z</time>
<speed>0.000000</speed>
<trueHeading>0.000000</trueHeading>
<magneticHeading>0.000000</magneticHeading>
<gpsHeading>323.125122</gpsHeading>
<haccuracy>14.999000</haccuracy>
<vaccuracy>14.999000</vaccuracy>
<internetconnect>0</internetconnect>
</trkpt>
<trkpt lat="35.856576" lon="138.966051">
<ele>1267.000000</ele>
<time>2026-10-03T03:59:10Z</time>
<speed>0.820000</speed>
<trueHeading>0.000000</trueHeading>
<magneticHeading>0.000000</magneticHeading>
<gpsHeading>227.501480</gpsHeading>
<haccuracy>9.188000</haccuracy>
<vaccuracy>9.188000</vaccuracy>
<internetconnect>0</internetconnect>
</trkpt>
<trkpt lat="35.856396" lon="138.965942">
<ele>1274.666667</ele>
<time>2026-10-03T04:01:15Z</time>
<speed>1.130000</speed>
<trueHeading>0.000000</trueHeading>
<magneticHeading>0.000000</magneticHeading>
<gpsHeading>206.180069</gpsHeading>
<haccuracy>12.097000</haccuracy>
<vaccuracy>12.097000</vaccuracy>
<internetconnect>0</internetconnect>
</trkpt>
<trkpt lat="35.856425" lon="138.965690">
<ele>1277.666667</ele>
<time>2026-10-03T04:03:18Z</time>
<speed>0.000000</speed>
<trueHeading>0.000000</trueHeading>
<magneticHeading>0.000000</magneticHeading>
<gpsHeading>278.050629</gpsHeading>
<haccuracy>11.270000</haccuracy>
<vaccuracy>11.270000</vaccuracy>
<internetconnect>0</internetconnect>
</trkpt>
<trkpt lat="35.856279" lon="138.965850">
<ele>1280.000000</ele>
<time>2026-10-03T04:05:20Z</time>
<speed>0.000000</speed>
<trueHeading>0.000000</trueHeading>
<magneticHeading>0.000000</magneticHeading>
<gpsHeading>138.483917</gpsHeading>
<haccuracy>13.088000</haccuracy>
<vaccuracy>13.088000</vaccuracy>
<internetconnect>0</internetconnect>
</trkpt>
<trkpt lat="35.856293" lon="138.965653">
<ele>1279.000000</ele>
<time>2026-10-03T04:07:26Z</time>
<speed>0.280000</speed>
<trueHeading>0.000000</trueHeading>
<magneticHeading>0.000000</magneticHeading>
<gpsHeading>275.181213</gpsHeading>
<haccuracy>12.285000</haccuracy>
<vaccuracy>12.285000</vaccuracy>
<internetconnect>0</internetconnect>
</trkpt>
<trkpt lat="35.856273" lon="138.965636">
<ele>1281.000000</ele>
<time>2026-10-03T04:09:28Z</time>
<speed>0.000000</speed>
<trueHeading>0.000000</trueHeading>
<magneticHeading>0.000000</magneticHeading>
<gpsHeading>214.405807</gpsHeading>
<haccuracy>6.322000</haccuracy>
<vaccuracy>6.322000</vaccuracy>
<internetconnect>0</internetconnect>
</trkpt>
<trkpt lat="35.856169" lon="138.965579">
<ele>1285.000000</ele>
<time>2026-10-03T04:14:47Z</time>
<speed>0.000000</speed>
<trueHeading>0.000000</trueHeading>
<magneticHeading>0.000000</magneticHeading>
<gpsHeading>203.588776</gpsHeading>
<haccuracy>12.864000</haccuracy>
<vaccuracy>12.864000</vaccuracy>
<internetconnect>0</internetconnect>
</trkpt>
<trkpt lat="35.856170" lon="138.965374">
<ele>1293.333333</ele>
<time>2026-10-03T04:16:57Z</time>
<speed>0.000000</speed>
<trueHeading>0.000000</trueHeading>
<magneticHeading>0.000000</magneticHeading>
<gpsHeading>270.240692</gpsHeading>
<haccuracy>8.333000</haccuracy>
<vaccuracy>8.333000</vaccuracy>
<internetconnect>0</internetconnect>
</trkpt>
<trkpt lat="35.856165" lon="138.965259">
<ele>1300.666667</ele>
<time>2026-10-03T04:23:10Z</time>
<speed>0.000000</speed>
<trueHeading>0.000000</trueHeading>
<magneticHeading>0.000000</magneticHeading>
<gpsHeading>267.054504</gpsHeading>
<haccuracy>15.261000</haccuracy>
<vaccuracy>15.261000</vaccuracy>
<internetconnect>0</internetconnect>
</trkpt>
<trkpt lat="35.856177" lon="138.965222">
<ele>1305.000000</ele>
<time>2026-10-03T04:25:28Z</time>
<speed>0.000000</speed>
<trueHeading>0.000000</trueHeading>
<magneticHeading>0.000000</magneticHeading>
<gpsHeading>291.525177</gpsHeading>
<haccuracy>23.702999</haccuracy>
<vaccuracy>23.702999</vaccuracy>
<internetconnect>0</internetconnect>
</trkpt>
<trkpt lat="35.856160" lon="138.965211">
<ele>1315.333333</ele>
<time>2026-10-03T04:29:04Z</time>
<speed>0.000000</speed>
<trueHeading>0.000000</trueHeading>
<magneticHeading>0.000000</magneticHeading>
<gpsHeading>209.263596</gpsHeading>
<haccuracy>14.431000</haccuracy>
<vaccuracy>14.431000</vaccuracy>
<internetconnect>0</internetconnect>
</trkpt>
<trkpt lat="35.856194" lon="138.964914">
<ele>1326.000000</ele>
<time>2026-10-03T04:31:45Z</time>
<speed>0.000000</speed>
<trueHeading>0.000000</trueHeading>
<magneticHeading>0.000000</magneticHeading>
<gpsHeading>278.044952</gpsHeading>
<haccuracy>15.316000</haccuracy>
<vaccuracy>15.316000</vaccuracy>
<internetconnect>0</internetconnect>
</trkpt>
<trkpt lat="35.856154" lon="138.964795">
<ele>1339.333333</ele>
<time>2026-10-03T04:34:28Z</time>
<speed>0.000000</speed>
<trueHeading>0.000000</trueHeading>
<magneticHeading>0.000000</magneticHeading>
<gpsHeading>247.322861</gpsHeading>
<haccuracy>13.161000</haccuracy>
<vaccuracy>13.161000</vaccuracy>
<internetconnect>0</internetconnect>
</trkpt>
<trkpt lat="35.856186" lon="138.964817">
<ele>1339.666667</ele>
<time>2026-10-03T04:36:38Z</time>
<speed>0.000000</speed>
<trueHeading>0.000000</trueHeading>
<magneticHeading>0.000000</magneticHeading>
<gpsHeading>29.735113</gpsHeading>
<haccuracy>12.075000</haccuracy>
<vaccuracy>12.075000</vaccuracy>
<internetconnect>0</internetconnect>
</trkpt>
<trkpt lat="35.856098" lon="138.964794">
<ele>1335.333333</ele>
<time>2026-10-03T04:38:41Z</time>
<speed>0.000000</speed>
<trueHeading>0.000000</trueHeading>
<magneticHeading>0.000000</magneticHeading>
<gpsHeading>192.280273</gpsHeading>
<haccuracy>12.440000</haccuracy>
<vaccuracy>12.440000</vaccuracy>
<internetconnect>0</internetconnect>
</trkpt>
<trkpt lat="35.855878" lon="138.964561">
<ele>1328.333333</ele>
<time>2026-10-03T04:40:46Z</time>
<speed>0.000000</speed>
<trueHeading>0.000000</trueHeading>
<magneticHeading>0.000000</magneticHeading>
<gpsHeading>220.618668</gpsHeading>
<haccuracy>14.767000</haccuracy>
<vaccuracy>14.767000</vaccuracy>
<internetconnect>0</internetconnect>
</trkpt>
<trkpt lat="35.855836" lon="138.964537">
<ele>1321.666667</ele>
<time>2026-10-03T04:42:49Z</time>
<speed>0.290000</speed>
<trueHeading>0.000000</trueHeading>
<magneticHeading>0.000000</magneticHeading>
<gpsHeading>205.018738</gpsHeading>
<haccuracy>12.870000</haccuracy>
<vaccuracy>12.870000</vaccuracy>
<internetconnect>0</internetconnect>
</trkpt>
<trkpt lat="35.855691" lon="138.964486">
<ele>1317.333333</ele>
<time>2026-10-03T04:46:38Z</time>
<speed>0.000000</speed>
<trueHeading>0.000000</trueHeading>
<magneticHeading>0.000000</magneticHeading>
<gpsHeading>195.932144</gpsHeading>
<haccuracy>12.360000</haccuracy>
<vaccuracy>12.360000</vaccuracy>
<internetconnect>0</internetconnect>
</trkpt>
<trkpt lat="35.855669" lon="138.964507">
<ele>1315.000000</ele>
<time>2026-10-03T04:58:52Z</time>
<speed>0.830000</speed>
<trueHeading>0.000000</trueHeading>
<magneticHeading>0.000000</magneticHeading>
<gpsHeading>141.878494</gpsHeading>
<haccuracy>12.616000</haccuracy>
<vaccuracy>12.616000</vaccuracy>
<internetconnect>0</internetconnect>
</trkpt>
<trkpt lat="35.855548" lon="138.964290">
<ele>1315.000000</ele>
<time>2026-10-03T05:01:33Z</time>
<speed>0.000000</speed>
<trueHeading>0.000000</trueHeading>
<magneticHeading>0.000000</magneticHeading>
<gpsHeading>235.460526</gpsHeading>
<haccuracy>13.844000</haccuracy>
<vaccuracy>13.844000</vaccuracy>
<internetconnect>0</internetconnect>
</trkpt>
<trkpt lat="35.855380" lon="138.964087">
<ele>1318.000000</ele>
<time>2026-10-03T05:05:54Z</time>
<speed>3.260000</speed>
<trueHeading>0.000000</trueHeading>
<magneticHeading>0.000000</magneticHeading>
<gpsHeading>224.432770</gpsHeading>
<haccuracy>11.231000</haccuracy>
<vaccuracy>11.231000</vaccuracy>
<internetconnect>0</internetconnect>
</trkpt>
<trkpt lat="35.855386" lon="138.964021">
<ele>1331.333333</ele>
<time>2026-10-03T05:07:58Z</time>
<speed>0.000000</speed>
<trueHeading>0.000000</trueHeading>
<magneticHeading>0.000000</magneticHeading>
<gpsHeading>277.182220</gpsHeading>
<haccuracy>14.586000</haccuracy>
<vaccuracy>14.586000</vaccuracy>
<internetconnect>0</internetconnect>
</trkpt>
<trkpt lat="35.855542" lon="138.963728">
<ele>1335.000000</ele>
<time>2026-10-03T05:09:09Z</time>
<speed>0.390000</speed>
<trueHeading>0.000000</trueHeading>
<magneticHeading>0.000000</magneticHeading>
<gpsHeading>303.276550</gpsHeading>
<haccuracy>12.714000</haccuracy>
<vaccuracy>12.714000</vaccuracy>
<internetconnect>0</internetconnect>
</trkpt>
<trkpt lat="35.855469" lon="138.964000">
<ele>1336.333333</ele>
<time>2026-10-03T05:12:51Z</time>
<speed>0.170000</speed>
<trueHeading>0.000000</trueHeading>
<magneticHeading>0.000000</magneticHeading>
<gpsHeading>108.285446</gpsHeading>
<haccuracy>13.976000</haccuracy>
<vaccuracy>13.976000</vaccuracy>
<internetconnect>0</internetconnect>
</trkpt>
<trkpt lat="35.855340" lon="138.963964">
<ele>1325.666667</ele>
<time>2026-10-03T05:16:38Z</time>
<speed>0.390000</speed>
<trueHeading>0.000000</trueHeading>
<magneticHeading>0.000000</magneticHeading>
<gpsHeading>192.892380</gpsHeading>
<haccuracy>12.872000</haccuracy>
<vaccuracy>12.872000</vaccuracy>
<internetconnect>0</internetconnect>
</trkpt>
<trkpt lat="35.855318" lon="138.963871">
<ele>1326.000000</ele>
<time>2026-10-03T05:22:27Z</time>
<speed>0.000000</speed>
<trueHeading>0.000000</trueHeading>
<magneticHeading>0.000000</magneticHeading>
<gpsHeading>254.155914</gpsHeading>
<haccuracy>14.544000</haccuracy>
<vaccuracy>14.544000</vaccuracy>
<internetconnect>0</internetconnect>
</trkpt>
<trkpt lat="35.855327" lon="138.963875">
<ele>1326.333333</ele>
<time>2026-10-03T05:25:30Z</time>
<speed>0.000000</speed>
<trueHeading>0.000000</trueHeading>
<magneticHeading>0.000000</magneticHeading>
<gpsHeading>21.583776</gpsHeading>
<haccuracy>12.671000</haccuracy>
<vaccuracy>12.671000</vaccuracy>
<internetconnect>0</internetconnect>
</trkpt>
<trkpt lat="35.855318" lon="138.963878">
<ele>1326.333333</ele>
<time>2026-10-03T05:30:53Z</time>
<speed>0.000000</speed>
<trueHeading>0.000000</trueHeading>
<magneticHeading>0.000000</magneticHeading>
<gpsHeading>162.910980</gpsHeading>
<haccuracy>18.657000</haccuracy>
<vaccuracy>18.657000</vaccuracy>
<internetconnect>0</internetconnect>
</trkpt>
<trkpt lat="35.855314" lon="138.963888">
<ele>1325.000000</ele>
<time>2026-10-03T05:37:01Z</time>
<speed>0.000000</speed>
<trueHeading>0.000000</trueHeading>
<magneticHeading>0.000000</magneticHeading>
<gpsHeading>117.065720</gpsHeading>
<haccuracy>12.909000</haccuracy>
<vaccuracy>12.909000</vaccuracy>
<internetconnect>0</internetconnect>
</trkpt>
<trkpt lat="35.855312" lon="138.963901">
<ele>1325.000000</ele>
<time>2026-10-03T05:39:52Z</time>
<speed>0.314761</speed>
<trueHeading>0.000000</trueHeading>
<magneticHeading>0.000000</magneticHeading>
<gpsHeading>99.045639</gpsHeading>
<haccuracy>9.499000</haccuracy>
<vaccuracy>9.499000</vaccuracy>
<internetconnect>0</internetconnect>
</trkpt>
<trkpt lat="35.855320" lon="138.963886">
<ele>1325.000000</ele>
<time>2026-10-03T05:45:52Z</time>
<speed>0.000000</speed>
<trueHeading>0.000000</trueHeading>
<magneticHeading>0.000000</magneticHeading>
<gpsHeading>304.243958</gpsHeading>
<haccuracy>39.671001</haccuracy>
<vaccuracy>39.671001</vaccuracy>
<internetconnect>0</internetconnect>
</trkpt>
<trkpt lat="35.855322" lon="138.963897">
<ele>1326.333333</ele>
<time>2026-10-03T05:52:41Z</time>
<speed>0.000000</speed>
<trueHeading>0.000000</trueHeading>
<magneticHeading>0.000000</magneticHeading>
<gpsHeading>79.734467</gpsHeading>
<haccuracy>16.643999</haccuracy>
<vaccuracy>16.643999</vaccuracy>
<internetconnect>0</internetconnect>
</trkpt>
<trkpt lat="35.855326" lon="138.963907">
<ele>1326.000000</ele>
<time>2026-10-03T05:56:54Z</time>
<speed>0.000000</speed>
<trueHeading>0.000000</trueHeading>
<magneticHeading>0.000000</magneticHeading>
<gpsHeading>60.765759</gpsHeading>
<haccuracy>14.082000</haccuracy>
<vaccuracy>14.082000</vaccuracy>
<internetconnect>0</internetconnect>
</trkpt>
<trkpt lat="35.855328" lon="138.963929">
<ele>1324.666667</ele>
<time>2026-10-03T05:59:40Z</time>
<speed>0.000000</speed>
<trueHeading>0.000000</trueHeading>
<magneticHeading>0.000000</magneticHeading>
<gpsHeading>84.235634</gpsHeading>
<haccuracy>14.889000</haccuracy>
<vaccuracy>14.889000</vaccuracy>
<internetconnect>0</internetconnect>
</trkpt>
<trkpt lat="35.855305" lon="138.963953">
<ele>1324.666667</ele>
<time>2026-10-03T06:03:07Z</time>
<speed>1.960000</speed>
<trueHeading>0.000000</trueHeading>
<magneticHeading>0.000000</magneticHeading>
<gpsHeading>139.186493</gpsHeading>
<haccuracy>11.673000</haccuracy>
<vaccuracy>11.673000</vaccuracy>
<internetconnect>0</internetconnect>
</trkpt>
<trkpt lat="35.855090" lon="138.964064">
<ele>1326.333333</ele>
<time>2026-10-03T06:07:10Z</time>
<speed>0.172839</speed>
<trueHeading>0.000000</trueHeading>
<magneticHeading>0.000000</magneticHeading>
<gpsHeading>157.375916</gpsHeading>
<haccuracy>8.764000</haccuracy>
<vaccuracy>8.764000</vaccuracy>
<internetconnect>0</internetconnect>
</trkpt>
<trkpt lat="35.855085" lon="138.964073">
<ele>1356.697673</ele>
<time>2026-10-03T06:11:15Z</time>
<speed>0.206709</speed>
<trueHeading>0.000000</trueHeading>
<magneticHeading>0.000000</magneticHeading>
<gpsHeading>128.966888</gpsHeading>
<haccuracy>11.988000</haccuracy>
<vaccuracy>11.988000</vaccuracy>
<internetconnect>0</internetconnect>
</trkpt>
<trkpt lat="35.855078" lon="138.964071">
<ele>1356.697673</ele>
<time>2026-10-03T06:16:59Z</time>
<speed>0.000000</speed>
<trueHeading>0.000000</trueHeading>
<magneticHeading>0.000000</magneticHeading>
<gpsHeading>0.000000</gpsHeading>
<haccuracy>13.187175</haccuracy>
<vaccuracy>13.187175</vaccuracy>
<internetconnect>0</internetconnect>
</trkpt>
<trkpt lat="35.855075" lon="138.964069">
<ele>1356.697673</ele>
<time>2026-10-03T06:17:12Z</time>
<speed>0.165032</speed>
<trueHeading>0.000000</trueHeading>
<magneticHeading>0.000000</magneticHeading>
<gpsHeading>198.509109</gpsHeading>
<haccuracy>8.592000</haccuracy>
<vaccuracy>8.592000</vaccuracy>
<internetconnect>0</internetconnect>
</trkpt>
<trkpt lat="35.855059" lon="138.964071">
<ele>1332.000000</ele>
<time>2026-10-03T06:20:43Z</time>
<speed>0.012594</speed>
<trueHeading>0.000000</trueHeading>
<magneticHeading>0.000000</magneticHeading>
<gpsHeading>174.038757</gpsHeading>
<haccuracy>8.777000</haccuracy>
<vaccuracy>8.777000</vaccuracy>
<internetconnect>0</internetconnect>
</trkpt>
<trkpt lat="35.855034" lon="138.964080">
<ele>1343.666667</ele>
<time>2026-10-03T06:25:24Z</time>
<speed>0.920000</speed>
<trueHeading>0.000000</trueHeading>
<magneticHeading>0.000000</magneticHeading>
<gpsHeading>163.609619</gpsHeading>
<haccuracy>11.225000</haccuracy>
<vaccuracy>11.225000</vaccuracy>
<internetconnect>0</internetconnect>
</trkpt>
<trkpt lat="35.854768" lon="138.964283">
<ele>1360.666667</ele>
<time>2026-10-03T06:26:51Z</time>
<speed>0.000000</speed>
<trueHeading>0.000000</trueHeading>
<magneticHeading>0.000000</magneticHeading>
<gpsHeading>148.363113</gpsHeading>
<haccuracy>11.264000</haccuracy>
<vaccuracy>11.264000</vaccuracy>
<internetconnect>0</internetconnect>
</trkpt>
<trkpt lat="35.854656" lon="138.964405">
<ele>1384.666667</ele>
<time>2026-10-03T06:28:52Z</time>
<speed>0.268455</speed>
<trueHeading>0.000000</trueHeading>
<magneticHeading>0.000000</magneticHeading>
<gpsHeading>138.246445</gpsHeading>
<haccuracy>4.645000</haccuracy>
<vaccuracy>4.645000</vaccuracy>
<internetconnect>0</internetconnect>
</trkpt>
<trkpt lat="35.854477" lon="138.964676">
<ele>1406.666667</ele>
<time>2026-10-03T06:30:24Z</time>
<speed>0.273723</speed>
<trueHeading>0.000000</trueHeading>
<magneticHeading>0.000000</magneticHeading>
<gpsHeading>129.292572</gpsHeading>
<haccuracy>10.528000</haccuracy>
<vaccuracy>10.528000</vaccuracy>
<internetconnect>0</internetconnect>
</trkpt>
<trkpt lat="35.854183" lon="138.964683">
<ele>1430.000000</ele>
<time>2026-10-03T06:31:13Z</time>
<speed>0.292294</speed>
<trueHeading>0.000000</trueHeading>
<magneticHeading>0.000000</magneticHeading>
<gpsHeading>178.863647</gpsHeading>
<haccuracy>5.269000</haccuracy>
<vaccuracy>5.269000</vaccuracy>
<internetconnect>0</internetconnect>
</trkpt>
<trkpt lat="35.853954" lon="138.964896">
<ele>1451.333333</ele>
<time>2026-10-03T06:32:58Z</time>
<speed>0.184556</speed>
<trueHeading>0.000000</trueHeading>
<magneticHeading>0.000000</magneticHeading>
<gpsHeading>143.025909</gpsHeading>
<haccuracy>4.441000</haccuracy>
<vaccuracy>4.441000</vaccuracy>
<internetconnect>0</internetconnect>
</trkpt>
<trkpt lat="35.853763" lon="138.965158">
<ele>1474.666667</ele>
<time>2026-10-03T06:34:55Z</time>
<speed>0.144835</speed>
<trueHeading>0.000000</trueHeading>
<magneticHeading>0.000000</magneticHeading>
<gpsHeading>131.947708</gpsHeading>
<haccuracy>5.859000</haccuracy>
<vaccuracy>5.859000</vaccuracy>
<internetconnect>0</internetconnect>
</trkpt>
<trkpt lat="35.853567" lon="138.965410">
<ele>1497.000000</ele>
<time>2026-10-03T06:36:32Z</time>
<speed>0.213948</speed>
<trueHeading>0.000000</trueHeading>
<magneticHeading>0.000000</magneticHeading>
<gpsHeading>133.671402</gpsHeading>
<haccuracy>5.539000</haccuracy>
<vaccuracy>5.539000</vaccuracy>
<internetconnect>0</internetconnect>
</trkpt>
<trkpt lat="35.853289" lon="138.965481">
<ele>1516.666667</ele>
<time>2026-10-03T06:38:01Z</time>
<speed>0.416095</speed>
<trueHeading>0.000000</trueHeading>
<magneticHeading>0.000000</magneticHeading>
<gpsHeading>168.336838</gpsHeading>
<haccuracy>5.493000</haccuracy>
<vaccuracy>5.493000</vaccuracy>
<internetconnect>0</internetconnect>
</trkpt>
<trkpt lat="35.853067" lon="138.965726">
<ele>1533.666667</ele>
<time>2026-10-03T06:39:25Z</time>
<speed>0.584197</speed>
<trueHeading>0.000000</trueHeading>
<magneticHeading>0.000000</magneticHeading>
<gpsHeading>138.224838</gpsHeading>
<haccuracy>5.905000</haccuracy>
<vaccuracy>5.905000</vaccuracy>
<internetconnect>0</internetconnect>
</trkpt>
<trkpt lat="35.852818" lon="138.965900">
<ele>1546.333333</ele>
<time>2026-10-03T06:40:42Z</time>
<speed>0.835176</speed>
<trueHeading>0.000000</trueHeading>
<magneticHeading>0.000000</magneticHeading>
<gpsHeading>150.450638</gpsHeading>
<haccuracy>5.530000</haccuracy>
<vaccuracy>5.530000</vaccuracy>
<internetconnect>0</internetconnect>
</trkpt>
<trkpt lat="35.852711" lon="138.966207">
<ele>1548.666667</ele>
<time>2026-10-03T06:42:54Z</time>
<speed>0.232560</speed>
<trueHeading>0.000000</trueHeading>
<magneticHeading>0.000000</magneticHeading>
<gpsHeading>113.274986</gpsHeading>
<haccuracy>3.014000</haccuracy>
<vaccuracy>3.014000</vaccuracy>
<internetconnect>0</internetconnect>
</trkpt>
<trkpt lat="35.853048" lon="138.966549">
<ele>1542.666667</ele>
<time>2026-10-03T06:43:43Z</time>
<speed>1.275156</speed>
<trueHeading>0.000000</trueHeading>
<magneticHeading>0.000000</magneticHeading>
<gpsHeading>39.373161</gpsHeading>
<haccuracy>6.366000</haccuracy>
<vaccuracy>6.366000</vaccuracy>
<internetconnect>0</internetconnect>
</trkpt>
<trkpt lat="35.853164" lon="138.966867">
<ele>1533.000000</ele>
<time>2026-10-03T06:44:33Z</time>
<speed>1.057891</speed>
<trueHeading>0.000000</trueHeading>
<magneticHeading>0.000000</magneticHeading>
<gpsHeading>65.788078</gpsHeading>
<haccuracy>10.078000</haccuracy>
<vaccuracy>10.078000</vaccuracy>
<internetconnect>0</internetconnect>
</trkpt>
<trkpt lat="35.853413" lon="138.967074">
<ele>1524.666667</ele>
<time>2026-10-03T06:45:27Z</time>
<speed>1.360000</speed>
<trueHeading>0.000000</trueHeading>
<magneticHeading>0.000000</magneticHeading>
<gpsHeading>34.034248</gpsHeading>
<haccuracy>11.167000</haccuracy>
<vaccuracy>11.167000</vaccuracy>
<internetconnect>0</internetconnect>
</trkpt>
<trkpt lat="35.853737" lon="138.967322">
<ele>1517.333333</ele>
<time>2026-10-03T06:46:17Z</time>
<speed>0.547057</speed>
<trueHeading>0.000000</trueHeading>
<magneticHeading>0.000000</magneticHeading>
<gpsHeading>31.760475</gpsHeading>
<haccuracy>5.156000</haccuracy>
<vaccuracy>5.156000</vaccuracy>
<internetconnect>0</internetconnect>
</trkpt>
<trkpt lat="35.853864" lon="138.967680">
<ele>1511.333333</ele>
<time>2026-10-03T06:47:06Z</time>
<speed>1.244940</speed>
<trueHeading>0.000000</trueHeading>
<magneticHeading>0.000000</magneticHeading>
<gpsHeading>66.369797</gpsHeading>
<haccuracy>5.490000</haccuracy>
<vaccuracy>5.490000</vaccuracy>
<internetconnect>0</internetconnect>
</trkpt>
<trkpt lat="35.854142" lon="138.967910">
<ele>1502.333333</ele>
<time>2026-10-03T06:47:55Z</time>
<speed>0.991147</speed>
<trueHeading>0.000000</trueHeading>
<magneticHeading>0.000000</magneticHeading>
<gpsHeading>33.821472</gpsHeading>
<haccuracy>3.699000</haccuracy>
<vaccuracy>3.699000</vaccuracy>
<internetconnect>0</internetconnect>
</trkpt>
<trkpt lat="35.854176" lon="138.968254">
<ele>1484.666667</ele>
<time>2026-10-03T06:49:52Z</time>
<speed>1.069682</speed>
<trueHeading>0.000000</trueHeading>
<magneticHeading>0.000000</magneticHeading>
<gpsHeading>83.193130</gpsHeading>
<haccuracy>5.622000</haccuracy>
<vaccuracy>5.622000</vaccuracy>
<internetconnect>0</internetconnect>
</trkpt>
<trkpt lat="35.854046" lon="138.968630">
<ele>1464.666667</ele>
<time>2026-10-03T06:50:40Z</time>
<speed>1.248374</speed>
<trueHeading>0.000000</trueHeading>
<magneticHeading>0.000000</magneticHeading>
<gpsHeading>113.012436</gpsHeading>
<haccuracy>4.891000</haccuracy>
<vaccuracy>4.891000</vaccuracy>
<internetconnect>0</internetconnect>
</trkpt>
<trkpt lat="35.853824" lon="138.968861">
<ele>1442.666667</ele>
<time>2026-10-03T06:51:31Z</time>
<speed>0.800706</speed>
<trueHeading>0.000000</trueHeading>
<magneticHeading>0.000000</magneticHeading>
<gpsHeading>139.919250</gpsHeading>
<haccuracy>5.371000</haccuracy>
<vaccuracy>5.371000</vaccuracy>
<internetconnect>0</internetconnect>
</trkpt>
<trkpt lat="35.853836" lon="138.969202">
<ele>1423.333333</ele>
<time>2026-10-03T06:53:33Z</time>
<speed>1.145431</speed>
<trueHeading>0.000000</trueHeading>
<magneticHeading>0.000000</magneticHeading>
<gpsHeading>87.580246</gpsHeading>
<haccuracy>4.694000</haccuracy>
<vaccuracy>4.694000</vaccuracy>
<internetconnect>0</internetconnect>
</trkpt>
<trkpt lat="35.853859" lon="138.969554">
<ele>1406.333333</ele>
<time>2026-10-03T06:54:37Z</time>
<speed>0.910000</speed>
<trueHeading>0.000000</trueHeading>
<magneticHeading>0.000000</magneticHeading>
<gpsHeading>85.371017</gpsHeading>
<haccuracy>11.362000</haccuracy>
<vaccuracy>11.362000</vaccuracy>
<internetconnect>0</internetconnect>
</trkpt>
<trkpt lat="35.853836" lon="138.969648">
<ele>1390.666667</ele>
<time>2026-10-03T06:56:43Z</time>
<speed>0.136737</speed>
<trueHeading>0.000000</trueHeading>
<magneticHeading>0.000000</magneticHeading>
<gpsHeading>106.605621</gpsHeading>
<haccuracy>3.251000</haccuracy>
<vaccuracy>3.251000</vaccuracy>
<internetconnect>0</internetconnect>
</trkpt>
<trkpt lat="35.853806" lon="138.970019">
<ele>1378.666667</ele>
<time>2026-10-03T06:57:38Z</time>
<speed>0.226963</speed>
<trueHeading>0.000000</trueHeading>
<magneticHeading>0.000000</magneticHeading>
<gpsHeading>95.733566</gpsHeading>
<haccuracy>5.255000</haccuracy>
<vaccuracy>5.255000</vaccuracy>
<internetconnect>0</internetconnect>
</trkpt>
<trkpt lat="35.853857" lon="138.970420">
<ele>1362.000000</ele>
<time>2026-10-03T06:59:11Z</time>
<speed>1.058136</speed>
<trueHeading>0.000000</trueHeading>
<magneticHeading>0.000000</magneticHeading>
<gpsHeading>81.067123</gpsHeading>
<haccuracy>4.086000</haccuracy>
<vaccuracy>4.086000</vaccuracy>
<internetconnect>0</internetconnect>
</trkpt>
<trkpt lat="35.853933" lon="138.970787">
<ele>1348.333333</ele>
<time>2026-10-03T07:00:46Z</time>
<speed>1.510000</speed>
<trueHeading>0.000000</trueHeading>
<magneticHeading>0.000000</magneticHeading>
<gpsHeading>75.671410</gpsHeading>
<haccuracy>5.191000</haccuracy>
<vaccuracy>5.191000</vaccuracy>
<internetconnect>0</internetconnect>
</trkpt>
<trkpt lat="35.853932" lon="138.971151">
<ele>1334.333333</ele>
<time>2026-10-03T07:01:41Z</time>
<speed>0.393362</speed>
<trueHeading>0.000000</trueHeading>
<magneticHeading>0.000000</magneticHeading>
<gpsHeading>90.155235</gpsHeading>
<haccuracy>5.264000</haccuracy>
<vaccuracy>5.264000</vaccuracy>
<internetconnect>0</internetconnect>
</trkpt>
<trkpt lat="35.853825" lon="138.971482">
<ele>1322.000000</ele>
<time>2026-10-03T07:02:53Z</time>
<speed>0.659677</speed>
<trueHeading>0.000000</trueHeading>
<magneticHeading>0.000000</magneticHeading>
<gpsHeading>111.835075</gpsHeading>
<haccuracy>4.574000</haccuracy>
<vaccuracy>4.574000</vaccuracy>
<internetconnect>0</internetconnect>
</trkpt>
<trkpt lat="35.854072" lon="138.971655">
<ele>1311.666667</ele>
<time>2026-10-03T07:03:44Z</time>
<speed>0.641999</speed>
<trueHeading>0.000000</trueHeading>
<magneticHeading>0.000000</magneticHeading>
<gpsHeading>29.641367</gpsHeading>
<haccuracy>5.441000</haccuracy>
<vaccuracy>5.441000</vaccuracy>
<internetconnect>0</internetconnect>
</trkpt>
<trkpt lat="35.854072" lon="138.972095">
<ele>1301.000000</ele>
<time>2026-10-03T07:04:35Z</time>
<speed>0.749018</speed>
<trueHeading>0.000000</trueHeading>
<magneticHeading>0.000000</magneticHeading>
<gpsHeading>89.967842</gpsHeading>
<haccuracy>5.483000</haccuracy>
<vaccuracy>5.483000</vaccuracy>
<internetconnect>0</internetconnect>
</trkpt>
<trkpt lat="35.854123" lon="138.972458">
<ele>1291.666667</ele>
<time>2026-10-03T07:05:39Z</time>
<speed>1.102333</speed>
<trueHeading>0.000000</trueHeading>
<magneticHeading>0.000000</magneticHeading>
<gpsHeading>80.130798</gpsHeading>
<haccuracy>5.519000</haccuracy>
<vaccuracy>5.519000</vaccuracy>
<internetconnect>0</internetconnect>
</trkpt>
<trkpt lat="35.854025" lon="138.972808">
<ele>1280.000000</ele>
<time>2026-10-03T07:06:40Z</time>
<speed>1.295899</speed>
<trueHeading>0.000000</trueHeading>
<magneticHeading>0.000000</magneticHeading>
<gpsHeading>109.076759</gpsHeading>
<haccuracy>5.292000</haccuracy>
<vaccuracy>5.292000</vaccuracy>
<internetconnect>0</internetconnect>
</trkpt>
<trkpt lat="35.854066" lon="138.973314">
<ele>1268.333333</ele>
<time>2026-10-03T07:07:28Z</time>
<speed>1.194988</speed>
<trueHeading>0.000000</trueHeading>
<magneticHeading>0.000000</magneticHeading>
<gpsHeading>84.203522</gpsHeading>
<haccuracy>6.891000</haccuracy>
<vaccuracy>6.891000</vaccuracy>
<internetconnect>0</internetconnect>
</trkpt>
<trkpt lat="35.854191" lon="138.973635">
<ele>1255.666667</ele>
<time>2026-10-03T07:08:20Z</time>
<speed>1.229012</speed>
<trueHeading>0.000000</trueHeading>
<magneticHeading>0.000000</magneticHeading>
<gpsHeading>64.488396</gpsHeading>
<haccuracy>5.959000</haccuracy>
<vaccuracy>5.959000</vaccuracy>
<internetconnect>0</internetconnect>
</trkpt>
<trkpt lat="35.854070" lon="138.973957">
<ele>1242.000000</ele>
<time>2026-10-03T07:09:17Z</time>
<speed>0.891741</speed>
<trueHeading>0.000000</trueHeading>
<magneticHeading>0.000000</magneticHeading>
<gpsHeading>114.907806</gpsHeading>
<haccuracy>5.743000</haccuracy>
<vaccuracy>5.743000</vaccuracy>
<internetconnect>0</internetconnect>
</trkpt>
<trkpt lat="35.854085" lon="138.974304">
<ele>1230.333333</ele>
<time>2026-10-03T07:10:25Z</time>
<speed>0.635647</speed>
<trueHeading>0.000000</trueHeading>
<magneticHeading>0.000000</magneticHeading>
<gpsHeading>86.811325</gpsHeading>
<haccuracy>5.658000</haccuracy>
<vaccuracy>5.658000</vaccuracy>
<internetconnect>0</internetconnect>
</trkpt>
<trkpt lat="35.854017" lon="138.974638">
<ele>1220.333333</ele>
<time>2026-10-03T07:12:00Z</time>
<speed>1.260866</speed>
<trueHeading>0.000000</trueHeading>
<magneticHeading>0.000000</magneticHeading>
<gpsHeading>104.268387</gpsHeading>
<haccuracy>6.867000</haccuracy>
<vaccuracy>6.867000</vaccuracy>
<internetconnect>0</internetconnect>
</trkpt>
<trkpt lat="35.854044" lon="138.975000">
<ele>1213.000000</ele>
<time>2026-10-03T07:13:03Z</time>
<speed>1.035615</speed>
<trueHeading>0.000000</trueHeading>
<magneticHeading>0.000000</magneticHeading>
<gpsHeading>84.721474</gpsHeading>
<haccuracy>6.877000</haccuracy>
<vaccuracy>6.877000</vaccuracy>
<internetconnect>0</internetconnect>
</trkpt>
<trkpt lat="35.854086" lon="138.975396">
<ele>1205.666667</ele>
<time>2026-10-03T07:14:45Z</time>
<speed>1.373064</speed>
<trueHeading>0.000000</trueHeading>
<magneticHeading>0.000000</magneticHeading>
<gpsHeading>82.410164</gpsHeading>
<haccuracy>6.495000</haccuracy>
<vaccuracy>6.495000</vaccuracy>
<internetconnect>0</internetconnect>
</trkpt>
<trkpt lat="35.854168" lon="138.975808">
<ele>1195.000000</ele>
<time>2026-10-03T07:15:35Z</time>
<speed>1.045378</speed>
<trueHeading>0.000000</trueHeading>
<magneticHeading>0.000000</magneticHeading>
<gpsHeading>76.323151</gpsHeading>
<haccuracy>8.569000</haccuracy>
<vaccuracy>8.569000</vaccuracy>
<internetconnect>0</internetconnect>
</trkpt>
<trkpt lat="35.854390" lon="138.976027">
<ele>1178.000000</ele>
<time>2026-10-03T07:16:41Z</time>
<speed>1.748082</speed>
<trueHeading>0.000000</trueHeading>
<magneticHeading>0.000000</magneticHeading>
<gpsHeading>38.618778</gpsHeading>
<haccuracy>5.279000</haccuracy>
<vaccuracy>5.279000</vaccuracy>
<internetconnect>0</internetconnect>
</trkpt>
<trkpt lat="35.854710" lon="138.975949">
<ele>1154.000000</ele>
<time>2026-10-03T07:17:49Z</time>
<speed>0.889568</speed>
<trueHeading>0.000000</trueHeading>
<magneticHeading>0.000000</magneticHeading>
<gpsHeading>348.911713</gpsHeading>
<haccuracy>5.413000</haccuracy>
<vaccuracy>5.413000</vaccuracy>
<internetconnect>0</internetconnect>
</trkpt>
<trkpt lat="35.854977" lon="138.976089">
<ele>1133.333333</ele>
<time>2026-10-03T07:18:59Z</time>
<speed>0.860000</speed>
<trueHeading>0.000000</trueHeading>
<magneticHeading>0.000000</magneticHeading>
<gpsHeading>22.884268</gpsHeading>
<haccuracy>14.426000</haccuracy>
<vaccuracy>14.426000</vaccuracy>
<internetconnect>0</internetconnect>
</trkpt>
<trkpt lat="35.855058" lon="138.976277">
<ele>1121.666667</ele>
<time>2026-10-03T07:21:03Z</time>
<speed>0.910000</speed>
<trueHeading>0.000000</trueHeading>
<magneticHeading>0.000000</magneticHeading>
<gpsHeading>62.135521</gpsHeading>
<haccuracy>12.843000</haccuracy>
<vaccuracy>12.843000</vaccuracy>
<internetconnect>0</internetconnect>
</trkpt>
<trkpt lat="35.855088" lon="138.976476">
<ele>1119.666667</ele>
<time>2026-10-03T07:23:05Z</time>
<speed>0.340000</speed>
<trueHeading>0.000000</trueHeading>
<magneticHeading>0.000000</magneticHeading>
<gpsHeading>79.376030</gpsHeading>
<haccuracy>13.607000</haccuracy>
<vaccuracy>13.607000</vaccuracy>
<internetconnect>0</internetconnect>
</trkpt>
<trkpt lat="35.855125" lon="138.976661">
<ele>1119.333333</ele>
<time>2026-10-03T07:25:13Z</time>
<speed>0.000000</speed>
<trueHeading>0.000000</trueHeading>
<magneticHeading>0.000000</magneticHeading>
<gpsHeading>75.987701</gpsHeading>
<haccuracy>13.401000</haccuracy>
<vaccuracy>13.401000</vaccuracy>
<internetconnect>0</internetconnect>
</trkpt>
<trkpt lat="35.855025" lon="138.976655">
<ele>1123.666667</ele>
<time>2026-10-03T07:27:34Z</time>
<speed>0.000000</speed>
<trueHeading>0.000000</trueHeading>
<magneticHeading>0.000000</magneticHeading>
<gpsHeading>182.966431</gpsHeading>
<haccuracy>6.841000</haccuracy>
<vaccuracy>6.841000</vaccuracy>
<internetconnect>0</internetconnect>
</trkpt>
<trkpt lat="35.855100" lon="138.977032">
<ele>1127.666667</ele>
<time>2026-10-03T07:28:51Z</time>
<speed>1.112746</speed>
<trueHeading>0.000000</trueHeading>
<magneticHeading>0.000000</magneticHeading>
<gpsHeading>76.283737</gpsHeading>
<haccuracy>5.075000</haccuracy>
<vaccuracy>5.075000</vaccuracy>
<internetconnect>0</internetconnect>
</trkpt>
<trkpt lat="35.854794" lon="138.976997">
<ele>1134.000000</ele>
<time>2026-10-03T07:30:36Z</time>
<speed>0.835745</speed>
<trueHeading>0.000000</trueHeading>
<magneticHeading>0.000000</magneticHeading>
<gpsHeading>185.229691</gpsHeading>
<haccuracy>6.301000</haccuracy>
<vaccuracy>6.301000</vaccuracy>
<internetconnect>0</internetconnect>
</trkpt>
<trkpt lat="35.854578" lon="138.977347">
<ele>1134.333333</ele>
<time>2026-10-03T07:31:23Z</time>
<speed>1.009016</speed>
<trueHeading>0.000000</trueHeading>
<magneticHeading>0.000000</magneticHeading>
<gpsHeading>127.337837</gpsHeading>
<haccuracy>6.108000</haccuracy>
<vaccuracy>6.108000</vaccuracy>
<internetconnect>0</internetconnect>
</trkpt>
<trkpt lat="35.854330" lon="138.977824">
<ele>1133.000000</ele>
<time>2026-10-03T07:32:12Z</time>
<speed>1.288303</speed>
<trueHeading>0.000000</trueHeading>
<magneticHeading>0.000000</magneticHeading>
<gpsHeading>122.721802</gpsHeading>
<haccuracy>5.276000</haccuracy>
<vaccuracy>5.276000</vaccuracy>
<internetconnect>0</internetconnect>
</trkpt>
<trkpt lat="35.854501" lon="138.978120">
<ele>1130.000000</ele>
<time>2026-10-03T07:33:08Z</time>
<speed>1.448311</speed>
<trueHeading>0.000000</trueHeading>
<magneticHeading>0.000000</magneticHeading>
<gpsHeading>54.515789</gpsHeading>
<haccuracy>6.445000</haccuracy>
<vaccuracy>6.445000</vaccuracy>
<internetconnect>0</internetconnect>
</trkpt>
<trkpt lat="35.855011" lon="138.978080">
<ele>1118.666667</ele>
<time>2026-10-03T07:33:56Z</time>
<speed>1.495039</speed>
<trueHeading>0.000000</trueHeading>
<magneticHeading>0.000000</magneticHeading>
<gpsHeading>356.352875</gpsHeading>
<haccuracy>6.703000</haccuracy>
<vaccuracy>6.703000</vaccuracy>
<internetconnect>0</internetconnect>
</trkpt>
<trkpt lat="35.855224" lon="138.978528">
<ele>1101.666667</ele>
<time>2026-10-03T07:34:44Z</time>
<speed>1.154383</speed>
<trueHeading>0.000000</trueHeading>
<magneticHeading>0.000000</magneticHeading>
<gpsHeading>59.609921</gpsHeading>
<haccuracy>4.530000</haccuracy>
<vaccuracy>4.530000</vaccuracy>
<internetconnect>0</internetconnect>
</trkpt>
<trkpt lat="35.854972" lon="138.978755">
<ele>1078.000000</ele>
<time>2026-10-03T07:35:52Z</time>
<speed>1.037694</speed>
<trueHeading>0.000000</trueHeading>
<magneticHeading>0.000000</magneticHeading>
<gpsHeading>143.822510</gpsHeading>
<haccuracy>5.788000</haccuracy>
<vaccuracy>5.788000</vaccuracy>
<internetconnect>0</internetconnect>
</trkpt>
<trkpt lat="35.855193" lon="138.979035">
<ele>1058.000000</ele>
<time>2026-10-03T07:36:58Z</time>
<speed>1.481584</speed>
<trueHeading>0.000000</trueHeading>
<magneticHeading>0.000000</magneticHeading>
<gpsHeading>45.736591</gpsHeading>
<haccuracy>6.039000</haccuracy>
<vaccuracy>6.039000</vaccuracy>
<internetconnect>0</internetconnect>
</trkpt>
<trkpt lat="35.854509" lon="138.979296">
<ele>1047.666667</ele>
<time>2026-10-03T07:37:45Z</time>
<speed>1.409711</speed>
<trueHeading>0.000000</trueHeading>
<magneticHeading>0.000000</magneticHeading>
<gpsHeading>162.778412</gpsHeading>
<haccuracy>6.297000</haccuracy>
<vaccuracy>6.297000</vaccuracy>
<internetconnect>0</internetconnect>
</trkpt>
<trkpt lat="35.855009" lon="138.979530">
<ele>1041.333333</ele>
<time>2026-10-03T07:38:32Z</time>
<speed>1.357534</speed>
<trueHeading>0.000000</trueHeading>
<magneticHeading>0.000000</magneticHeading>
<gpsHeading>20.699430</gpsHeading>
<haccuracy>7.015000</haccuracy>
<vaccuracy>7.015000</vaccuracy>
<internetconnect>0</internetconnect>
</trkpt>
<trkpt lat="35.854834" lon="138.979509">
<ele>1041.333333</ele>
<time>2026-10-03T07:40:41Z</time>
<speed>0.222665</speed>
<trueHeading>0.000000</trueHeading>
<magneticHeading>0.000000</magneticHeading>
<gpsHeading>185.468597</gpsHeading>
<haccuracy>5.331000</haccuracy>
<vaccuracy>5.331000</vaccuracy>
<internetconnect>0</internetconnect>
</trkpt>
<trkpt lat="35.854783" lon="138.979465">
<ele>1039.000000</ele>
<time>2026-10-03T07:43:17Z</time>
<speed>0.124203</speed>
<trueHeading>0.000000</trueHeading>
<magneticHeading>0.000000</magneticHeading>
<gpsHeading>215.041046</gpsHeading>
<haccuracy>5.195000</haccuracy>
<vaccuracy>5.195000</vaccuracy>
<internetconnect>0</internetconnect>
</trkpt>
<trkpt lat="35.854769" lon="138.979451">
<ele>1039.000000</ele>
<time>2026-10-03T07:45:23Z</time>
<speed>0.124551</speed>
<trueHeading>0.000000</trueHeading>
<magneticHeading>0.000000</magneticHeading>
<gpsHeading>217.216431</gpsHeading>
<haccuracy>5.448000</haccuracy>
<vaccuracy>5.448000</vaccuracy>
<internetconnect>0</internetconnect>
</trkpt>
<trkpt lat="35.854775" lon="138.979438">
<ele>1038.666667</ele>
<time>2026-10-03T07:47:29Z</time>
<speed>0.000000</speed>
<trueHeading>0.000000</trueHeading>
<magneticHeading>0.000000</magneticHeading>
<gpsHeading>299.849792</gpsHeading>
<haccuracy>12.295000</haccuracy>
<vaccuracy>12.295000</vaccuracy>
<internetconnect>0</internetconnect>
</trkpt>
<trkpt lat="35.854649" lon="138.979340">
<ele>1038.666667</ele>
<time>2026-10-03T07:50:11Z</time>
<speed>0.000000</speed>
<trueHeading>0.000000</trueHeading>
<magneticHeading>0.000000</magneticHeading>
<gpsHeading>212.335678</gpsHeading>
<haccuracy>12.044000</haccuracy>
<vaccuracy>12.044000</vaccuracy>
<internetconnect>0</internetconnect>
</trkpt>
<trkpt lat="35.854603" lon="138.979709">
<ele>1040.000000</ele>
<time>2026-10-03T07:51:48Z</time>
<speed>1.140000</speed>
<trueHeading>0.000000</trueHeading>
<magneticHeading>0.000000</magneticHeading>
<gpsHeading>98.701881</gpsHeading>
<haccuracy>13.581000</haccuracy>
<vaccuracy>13.581000</vaccuracy>
<internetconnect>0</internetconnect>
</trkpt>
<trkpt lat="35.854675" lon="138.980179">
<ele>1049.333333</ele>
<time>2026-10-03T07:52:36Z</time>
<speed>0.678467</speed>
<trueHeading>0.000000</trueHeading>
<magneticHeading>0.000000</magneticHeading>
<gpsHeading>79.369568</gpsHeading>
<haccuracy>5.569000</haccuracy>
<vaccuracy>5.569000</vaccuracy>
<internetconnect>0</internetconnect>
</trkpt>
<trkpt lat="35.854851" lon="138.980545">
<ele>1060.333333</ele>
<time>2026-10-03T07:53:26Z</time>
<speed>0.970000</speed>
<trueHeading>0.000000</trueHeading>
<magneticHeading>0.000000</magneticHeading>
<gpsHeading>59.299686</gpsHeading>
<haccuracy>14.828000</haccuracy>
<vaccuracy>14.828000</vaccuracy>
<internetconnect>0</internetconnect>
</trkpt>
<trkpt lat="35.854887" lon="138.980978">
<ele>1070.000000</ele>
<time>2026-10-03T07:54:16Z</time>
<speed>0.155122</speed>
<trueHeading>0.000000</trueHeading>
<magneticHeading>0.000000</magneticHeading>
<gpsHeading>84.136383</gpsHeading>
<haccuracy>5.245000</haccuracy>
<vaccuracy>5.245000</vaccuracy>
<internetconnect>0</internetconnect>
</trkpt>
<trkpt lat="35.854673" lon="138.981251">
<ele>1072.000000</ele>
<time>2026-10-03T07:55:11Z</time>
<speed>0.566478</speed>
<trueHeading>0.000000</trueHeading>
<magneticHeading>0.000000</magneticHeading>
<gpsHeading>134.077789</gpsHeading>
<haccuracy>6.908000</haccuracy>
<vaccuracy>6.908000</vaccuracy>
<internetconnect>0</internetconnect>
</trkpt>
<trkpt lat="35.854543" lon="138.981579">
<ele>1070.333333</ele>
<time>2026-10-03T07:56:09Z</time>
<speed>1.574604</speed>
<trueHeading>0.000000</trueHeading>
<magneticHeading>0.000000</magneticHeading>
<gpsHeading>115.981934</gpsHeading>
<haccuracy>4.970000</haccuracy>
<vaccuracy>4.970000</vaccuracy>
<internetconnect>0</internetconnect>
</trkpt>
<trkpt lat="35.853893" lon="138.981804">
<ele>1068.333333</ele>
<time>2026-10-03T07:56:55Z</time>
<speed>1.352057</speed>
<trueHeading>0.000000</trueHeading>
<magneticHeading>0.000000</magneticHeading>
<gpsHeading>164.338898</gpsHeading>
<haccuracy>5.991000</haccuracy>
<vaccuracy>5.991000</vaccuracy>
<internetconnect>0</internetconnect>
</trkpt>
<trkpt lat="35.853580" lon="138.982002">
<ele>1069.333333</ele>
<time>2026-10-03T07:57:46Z</time>
<speed>0.090385</speed>
<trueHeading>0.000000</trueHeading>
<magneticHeading>0.000000</magneticHeading>
<gpsHeading>152.909805</gpsHeading>
<haccuracy>3.952000</haccuracy>
<vaccuracy>3.952000</vaccuracy>
<internetconnect>0</internetconnect>
</trkpt>
<trkpt lat="35.853675" lon="138.982254">
<ele>1068.666667</ele>
<time>2026-10-03T07:59:50Z</time>
<speed>1.497172</speed>
<trueHeading>0.000000</trueHeading>
<magneticHeading>0.000000</magneticHeading>
<gpsHeading>65.039116</gpsHeading>
<haccuracy>8.476000</haccuracy>
<vaccuracy>8.476000</vaccuracy>
<internetconnect>0</internetconnect>
</trkpt>
<trkpt lat="35.853438" lon="138.982844">
<ele>1068.000000</ele>
<time>2026-10-03T08:00:37Z</time>
<speed>1.604471</speed>
<trueHeading>0.000000</trueHeading>
<magneticHeading>0.000000</magneticHeading>
<gpsHeading>116.367126</gpsHeading>
<haccuracy>6.582000</haccuracy>
<vaccuracy>6.582000</vaccuracy>
<internetconnect>0</internetconnect>
</trkpt>
<trkpt lat="35.853430" lon="138.983331">
<ele>1064.333333</ele>
<time>2026-10-03T08:01:31Z</time>
<speed>0.093691</speed>
<trueHeading>0.000000</trueHeading>
<magneticHeading>0.000000</magneticHeading>
<gpsHeading>91.132057</gpsHeading>
<haccuracy>6.440000</haccuracy>
<vaccuracy>6.440000</vaccuracy>
<internetconnect>0</internetconnect>
</trkpt>
<trkpt lat="35.853657" lon="138.983835">
<ele>1060.333333</ele>
<time>2026-10-03T08:02:20Z</time>
<speed>1.379034</speed>
<trueHeading>0.000000</trueHeading>
<magneticHeading>0.000000</magneticHeading>
<gpsHeading>60.965733</gpsHeading>
<haccuracy>6.829000</haccuracy>
<vaccuracy>6.829000</vaccuracy>
<internetconnect>0</internetconnect>
</trkpt>
<trkpt lat="35.853642" lon="138.984650">
<ele>1054.000000</ele>
<time>2026-10-03T08:03:06Z</time>
<speed>1.692023</speed>
<trueHeading>0.000000</trueHeading>
<magneticHeading>0.000000</magneticHeading>
<gpsHeading>91.300827</gpsHeading>
<haccuracy>6.326000</haccuracy>
<vaccuracy>6.326000</vaccuracy>
<internetconnect>0</internetconnect>
</trkpt>
<trkpt lat="35.852936" lon="138.984634">
<ele>1047.666667</ele>
<time>2026-10-03T08:03:52Z</time>
<speed>1.600324</speed>
<trueHeading>0.000000</trueHeading>
<magneticHeading>0.000000</magneticHeading>
<gpsHeading>181.012878</gpsHeading>
<haccuracy>5.642000</haccuracy>
<vaccuracy>5.642000</vaccuracy>
<internetconnect>0</internetconnect>
</trkpt>
<trkpt lat="35.852323" lon="138.984739">
<ele>1041.333333</ele>
<time>2026-10-03T08:04:40Z</time>
<speed>1.435521</speed>
<trueHeading>0.000000</trueHeading>
<magneticHeading>0.000000</magneticHeading>
<gpsHeading>172.094650</gpsHeading>
<haccuracy>5.776000</haccuracy>
<vaccuracy>5.776000</vaccuracy>
<internetconnect>0</internetconnect>
</trkpt>
<trkpt lat="35.851661" lon="138.984618">
<ele>1037.666667</ele>
<time>2026-10-03T08:05:27Z</time>
<speed>1.626346</speed>
<trueHeading>0.000000</trueHeading>
<magneticHeading>0.000000</magneticHeading>
<gpsHeading>188.472519</gpsHeading>
<haccuracy>6.103000</haccuracy>
<vaccuracy>6.103000</vaccuracy>
<internetconnect>0</internetconnect>
</trkpt>
<trkpt lat="35.851161" lon="138.985066">
<ele>1030.333333</ele>
<time>2026-10-03T08:06:14Z</time>
<speed>1.545508</speed>
<trueHeading>0.000000</trueHeading>
<magneticHeading>0.000000</magneticHeading>
<gpsHeading>144.006424</gpsHeading>
<haccuracy>5.718000</haccuracy>
<vaccuracy>5.718000</vaccuracy>
<internetconnect>0</internetconnect>
</trkpt>
<trkpt lat="35.850676" lon="138.985699">
<ele>1025.666667</ele>
<time>2026-10-03T08:07:02Z</time>
<speed>1.641899</speed>
<trueHeading>0.000000</trueHeading>
<magneticHeading>0.000000</magneticHeading>
<gpsHeading>133.373489</gpsHeading>
<haccuracy>6.119000</haccuracy>
<vaccuracy>6.119000</vaccuracy>
<internetconnect>0</internetconnect>
</trkpt>
<trkpt lat="35.850145" lon="138.986298">
<ele>1019.333333</ele>
<time>2026-10-03T08:07:49Z</time>
<speed>1.622136</speed>
<trueHeading>0.000000</trueHeading>
<magneticHeading>0.000000</magneticHeading>
<gpsHeading>137.573685</gpsHeading>
<haccuracy>5.693000</haccuracy>
<vaccuracy>5.693000</vaccuracy>
<internetconnect>0</internetconnect>
</trkpt>
<trkpt lat="35.849638" lon="138.986134">
<ele>1015.333333</ele>
<time>2026-10-03T08:08:37Z</time>
<speed>1.593059</speed>
<trueHeading>0.000000</trueHeading>
<magneticHeading>0.000000</magneticHeading>
<gpsHeading>194.626205</gpsHeading>
<haccuracy>4.903000</haccuracy>
<vaccuracy>4.903000</vaccuracy>
<internetconnect>0</internetconnect>
</trkpt>
<trkpt lat="35.849015" lon="138.986067">
<ele>1010.333333</ele>
<time>2026-10-03T08:09:24Z</time>
<speed>1.443968</speed>
<trueHeading>0.000000</trueHeading>
<magneticHeading>0.000000</magneticHeading>
<gpsHeading>185.007523</gpsHeading>
<haccuracy>5.353000</haccuracy>
<vaccuracy>5.353000</vaccuracy>
<internetconnect>0</internetconnect>
</trkpt>
<trkpt lat="35.848718" lon="138.986777">
<ele>1006.666667</ele>
<time>2026-10-03T08:10:12Z</time>
<speed>1.535971</speed>
<trueHeading>0.000000</trueHeading>
<magneticHeading>0.000000</magneticHeading>
<gpsHeading>117.270126</gpsHeading>
<haccuracy>5.608000</haccuracy>
<vaccuracy>5.608000</vaccuracy>
<internetconnect>0</internetconnect>
</trkpt>
<trkpt lat="35.849151" lon="138.987485">
<ele>1004.333333</ele>
<time>2026-10-03T08:10:59Z</time>
<speed>1.573754</speed>
<trueHeading>0.000000</trueHeading>
<magneticHeading>0.000000</magneticHeading>
<gpsHeading>52.963882</gpsHeading>
<haccuracy>6.132000</haccuracy>
<vaccuracy>6.132000</vaccuracy>
<internetconnect>0</internetconnect>
</trkpt>
<trkpt lat="35.849212" lon="138.988311">
<ele>996.666667</ele>
<time>2026-10-03T08:11:47Z</time>
<speed>1.614135</speed>
<trueHeading>0.000000</trueHeading>
<magneticHeading>0.000000</magneticHeading>
<gpsHeading>84.792297</gpsHeading>
<haccuracy>6.075000</haccuracy>
<vaccuracy>6.075000</vaccuracy>
<internetconnect>0</internetconnect>
</trkpt>
<trkpt lat="35.848914" lon="138.989128">
<ele>995.000000</ele>
<time>2026-10-03T08:12:34Z</time>
<speed>1.634721</speed>
<trueHeading>0.000000</trueHeading>
<magneticHeading>0.000000</magneticHeading>
<gpsHeading>114.239952</gpsHeading>
<haccuracy>6.026000</haccuracy>
<vaccuracy>6.026000</vaccuracy>
<internetconnect>0</internetconnect>
</trkpt>
<trkpt lat="35.849435" lon="138.989661">
<ele>990.666667</ele>
<time>2026-10-03T08:13:21Z</time>
<speed>1.520027</speed>
<trueHeading>0.000000</trueHeading>
<magneticHeading>0.000000</magneticHeading>
<gpsHeading>39.676636</gpsHeading>
<haccuracy>5.586000</haccuracy>
<vaccuracy>5.586000</vaccuracy>
<internetconnect>0</internetconnect>
</trkpt>
<trkpt lat="35.849921" lon="138.989955">
<ele>992.666667</ele>
<time>2026-10-03T08:14:09Z</time>
<speed>0.455741</speed>
<trueHeading>0.000000</trueHeading>
<magneticHeading>0.000000</magneticHeading>
<gpsHeading>26.111446</gpsHeading>
<haccuracy>5.447000</haccuracy>
<vaccuracy>5.447000</vaccuracy>
<internetconnect>0</internetconnect>
</trkpt>
<trkpt lat="35.850260" lon="138.990667">
<ele>988.333333</ele>
<time>2026-10-03T08:14:57Z</time>
<speed>1.620795</speed>
<trueHeading>0.000000</trueHeading>
<magneticHeading>0.000000</magneticHeading>
<gpsHeading>59.566231</gpsHeading>
<haccuracy>5.617000</haccuracy>
<vaccuracy>5.617000</vaccuracy>
<internetconnect>0</internetconnect>
</trkpt>
<trkpt lat="35.850318" lon="138.991506">
<ele>987.333333</ele>
<time>2026-10-03T08:15:44Z</time>
<speed>1.513471</speed>
<trueHeading>0.000000</trueHeading>
<magneticHeading>0.000000</magneticHeading>
<gpsHeading>85.082771</gpsHeading>
<haccuracy>5.546000</haccuracy>
<vaccuracy>5.546000</vaccuracy>
<internetconnect>0</internetconnect>
</trkpt>
<trkpt lat="35.850505" lon="138.992238">
<ele>981.666667</ele>
<time>2026-10-03T08:16:32Z</time>
<speed>1.626523</speed>
<trueHeading>0.000000</trueHeading>
<magneticHeading>0.000000</magneticHeading>
<gpsHeading>72.572609</gpsHeading>
<haccuracy>4.924000</haccuracy>
<vaccuracy>4.924000</vaccuracy>
<internetconnect>0</internetconnect>
</trkpt>
<trkpt lat="35.850530" lon="138.992885">
<ele>974.000000</ele>
<time>2026-10-03T08:17:19Z</time>
<speed>0.518069</speed>
<trueHeading>0.000000</trueHeading>
<magneticHeading>0.000000</magneticHeading>
<gpsHeading>87.193970</gpsHeading>
<haccuracy>5.637000</haccuracy>
<vaccuracy>5.637000</vaccuracy>
<internetconnect>0</internetconnect>
</trkpt>
<trkpt lat="35.851120" lon="138.993257">
<ele>965.333333</ele>
<time>2026-10-03T08:18:05Z</time>
<speed>1.624799</speed>
<trueHeading>0.000000</trueHeading>
<magneticHeading>0.000000</magneticHeading>
<gpsHeading>27.034395</gpsHeading>
<haccuracy>4.054000</haccuracy>
<vaccuracy>4.054000</vaccuracy>
<internetconnect>0</internetconnect>
</trkpt>
<trkpt lat="35.851165" lon="138.993942">
<ele>968.333333</ele>
<time>2026-10-03T08:18:53Z</time>
<speed>0.105494</speed>
<trueHeading>0.000000</trueHeading>
<magneticHeading>0.000000</magneticHeading>
<gpsHeading>85.418304</gpsHeading>
<haccuracy>5.764000</haccuracy>
<vaccuracy>5.764000</vaccuracy>
<internetconnect>0</internetconnect>
</trkpt>
<trkpt lat="35.850859" lon="138.994131">
<ele>965.333333</ele>
<time>2026-10-03T08:20:03Z</time>
<speed>1.537578</speed>
<trueHeading>0.000000</trueHeading>
<magneticHeading>0.000000</magneticHeading>
<gpsHeading>153.366837</gpsHeading>
<haccuracy>5.964000</haccuracy>
<vaccuracy>5.964000</vaccuracy>
<internetconnect>0</internetconnect>
</trkpt>
<trkpt lat="35.850252" lon="138.994067">
<ele>962.333333</ele>
<time>2026-10-03T08:20:50Z</time>
<speed>1.616135</speed>
<trueHeading>0.000000</trueHeading>
<magneticHeading>0.000000</magneticHeading>
<gpsHeading>184.909912</gpsHeading>
<haccuracy>6.727000</haccuracy>
<vaccuracy>6.727000</vaccuracy>
<internetconnect>0</internetconnect>
</trkpt>
<trkpt lat="35.849630" lon="138.994344">
<ele>946.666667</ele>
<time>2026-10-03T08:21:38Z</time>
<speed>1.605001</speed>
<trueHeading>0.000000</trueHeading>
<magneticHeading>0.000000</magneticHeading>
<gpsHeading>160.125519</gpsHeading>
<haccuracy>6.361000</haccuracy>
<vaccuracy>6.361000</vaccuracy>
<internetconnect>0</internetconnect>
</trkpt>
<trkpt lat="35.849407" lon="138.995090">
<ele>939.000000</ele>
<time>2026-10-03T08:22:26Z</time>
<speed>1.283559</speed>
<trueHeading>0.000000</trueHeading>
<magneticHeading>0.000000</magneticHeading>
<gpsHeading>110.310287</gpsHeading>
<haccuracy>5.537000</haccuracy>
<vaccuracy>5.537000</vaccuracy>
<internetconnect>0</internetconnect>
</trkpt>
<trkpt lat="35.849465" lon="138.995815">
<ele>930.333333</ele>
<time>2026-10-03T08:23:13Z</time>
<speed>1.526764</speed>
<trueHeading>0.000000</trueHeading>
<magneticHeading>0.000000</magneticHeading>
<gpsHeading>84.302261</gpsHeading>
<haccuracy>5.368000</haccuracy>
<vaccuracy>5.368000</vaccuracy>
<internetconnect>0</internetconnect>
</trkpt>
<trkpt lat="35.849663" lon="138.996368">
<ele>929.000000</ele>
<time>2026-10-03T08:24:11Z</time>
<speed>0.362195</speed>
<trueHeading>0.000000</trueHeading>
<magneticHeading>0.000000</magneticHeading>
<gpsHeading>66.168343</gpsHeading>
<haccuracy>4.603000</haccuracy>
<vaccuracy>4.603000</vaccuracy>
<internetconnect>0</internetconnect>
</trkpt>
<trkpt lat="35.850226" lon="138.996786">
<ele>926.000000</ele>
<time>2026-10-03T08:24:59Z</time>
<speed>1.498709</speed>
<trueHeading>0.000000</trueHeading>
<magneticHeading>0.000000</magneticHeading>
<gpsHeading>31.083151</gpsHeading>
<haccuracy>5.206000</haccuracy>
<vaccuracy>5.206000</vaccuracy>
<internetconnect>0</internetconnect>
</trkpt>
<trkpt lat="35.850291" lon="138.997484">
<ele>923.000000</ele>
<time>2026-10-03T08:25:45Z</time>
<speed>0.836112</speed>
<trueHeading>0.000000</trueHeading>
<magneticHeading>0.000000</magneticHeading>
<gpsHeading>83.482368</gpsHeading>
<haccuracy>6.640000</haccuracy>
<vaccuracy>6.640000</vaccuracy>
<internetconnect>0</internetconnect>
</trkpt>
<trkpt lat="35.850300" lon="138.998111">
<ele>917.000000</ele>
<time>2026-10-03T08:26:32Z</time>
<speed>1.638890</speed>
<trueHeading>0.000000</trueHeading>
<magneticHeading>0.000000</magneticHeading>
<gpsHeading>88.951141</gpsHeading>
<haccuracy>4.765000</haccuracy>
<vaccuracy>4.765000</vaccuracy>
<internetconnect>0</internetconnect>
</trkpt>
<trkpt lat="35.850895" lon="138.998416">
<ele>914.666667</ele>
<time>2026-10-03T08:27:19Z</time>
<speed>0.915947</speed>
<trueHeading>0.000000</trueHeading>
<magneticHeading>0.000000</magneticHeading>
<gpsHeading>22.608812</gpsHeading>
<haccuracy>5.506000</haccuracy>
<vaccuracy>5.506000</vaccuracy>
<internetconnect>0</internetconnect>
</trkpt>
<trkpt lat="35.851471" lon="138.998736">
<ele>910.000000</ele>
<time>2026-10-03T08:28:06Z</time>
<speed>1.280861</speed>
<trueHeading>0.000000</trueHeading>
<magneticHeading>0.000000</magneticHeading>
<gpsHeading>24.166843</gpsHeading>
<haccuracy>4.553000</haccuracy>
<vaccuracy>4.553000</vaccuracy>
<internetconnect>0</internetconnect>
</trkpt>
<trkpt lat="35.851792" lon="138.999310">
<ele>906.666667</ele>
<time>2026-10-03T08:28:54Z</time>
<speed>1.430146</speed>
<trueHeading>0.000000</trueHeading>
<magneticHeading>0.000000</magneticHeading>
<gpsHeading>55.434128</gpsHeading>
<haccuracy>3.973000</haccuracy>
<vaccuracy>3.973000</vaccuracy>
<internetconnect>0</internetconnect>
</trkpt>
<trkpt lat="35.852017" lon="138.999704">
<ele>902.666667</ele>
<time>2026-10-03T08:29:40Z</time>
<speed>0.487825</speed>
<trueHeading>0.000000</trueHeading>
<magneticHeading>0.000000</magneticHeading>
<gpsHeading>54.888004</gpsHeading>
<haccuracy>6.046000</haccuracy>
<vaccuracy>6.046000</vaccuracy>
<internetconnect>0</internetconnect>
</trkpt>
<trkpt lat="35.852543" lon="138.999966">
<ele>896.000000</ele>
<time>2026-10-03T08:30:27Z</time>
<speed>0.636940</speed>
<trueHeading>0.000000</trueHeading>
<magneticHeading>0.000000</magneticHeading>
<gpsHeading>22.015503</gpsHeading>
<haccuracy>4.267000</haccuracy>
<vaccuracy>4.267000</vaccuracy>
<internetconnect>0</internetconnect>
</trkpt>
<trkpt lat="35.851804" lon="139.000304">
<ele>890.000000</ele>
<time>2026-10-03T08:31:15Z</time>
<speed>1.625621</speed>
<trueHeading>0.000000</trueHeading>
<magneticHeading>0.000000</magneticHeading>
<gpsHeading>159.695114</gpsHeading>
<haccuracy>5.075000</haccuracy>
<vaccuracy>5.075000</vaccuracy>
<internetconnect>0</internetconnect>
</trkpt>
<trkpt lat="35.851186" lon="139.000610">
<ele>883.000000</ele>
<time>2026-10-03T08:32:03Z</time>
<speed>1.243800</speed>
<trueHeading>0.000000</trueHeading>
<magneticHeading>0.000000</magneticHeading>
<gpsHeading>158.106888</gpsHeading>
<haccuracy>5.941000</haccuracy>
<vaccuracy>5.941000</vaccuracy>
<internetconnect>0</internetconnect>
</trkpt>
<trkpt lat="35.850798" lon="139.001303">
<ele>880.000000</ele>
<time>2026-10-03T08:32:50Z</time>
<speed>1.090784</speed>
<trueHeading>0.000000</trueHeading>
<magneticHeading>0.000000</magneticHeading>
<gpsHeading>124.629623</gpsHeading>
<haccuracy>6.260000</haccuracy>
<vaccuracy>6.260000</vaccuracy>
<internetconnect>0</internetconnect>
</trkpt>
<trkpt lat="35.850382" lon="139.001880">
<ele>879.333333</ele>
<time>2026-10-03T08:33:37Z</time>
<speed>1.588511</speed>
<trueHeading>0.000000</trueHeading>
<magneticHeading>0.000000</magneticHeading>
<gpsHeading>131.679657</gpsHeading>
<haccuracy>6.139000</haccuracy>
<vaccuracy>6.139000</vaccuracy>
<internetconnect>0</internetconnect>
</trkpt>
<trkpt lat="35.849853" lon="139.002312">
<ele>875.666667</ele>
<time>2026-10-03T08:34:23Z</time>
<speed>1.529237</speed>
<trueHeading>0.000000</trueHeading>
<magneticHeading>0.000000</magneticHeading>
<gpsHeading>146.494553</gpsHeading>
<haccuracy>5.869000</haccuracy>
<vaccuracy>5.869000</vaccuracy>
<internetconnect>0</internetconnect>
</trkpt>
<trkpt lat="35.849528" lon="139.002358">
<ele>870.333333</ele>
<time>2026-10-03T08:35:11Z</time>
<speed>0.457576</speed>
<trueHeading>0.000000</trueHeading>
<magneticHeading>0.000000</magneticHeading>
<gpsHeading>173.499893</gpsHeading>
<haccuracy>5.170000</haccuracy>
<vaccuracy>5.170000</vaccuracy>
<internetconnect>0</internetconnect>
</trkpt>
<trkpt lat="35.849857" lon="139.003141">
<ele>856.333333</ele>
<time>2026-10-03T08:35:59Z</time>
<speed>1.541798</speed>
<trueHeading>0.000000</trueHeading>
<magneticHeading>0.000000</magneticHeading>
<gpsHeading>62.599667</gpsHeading>
<haccuracy>4.774000</haccuracy>
<vaccuracy>4.774000</vaccuracy>
<internetconnect>0</internetconnect>
</trkpt>
<trkpt lat="35.849542" lon="139.003882">
<ele>847.000000</ele>
<time>2026-10-03T08:36:46Z</time>
<speed>1.421981</speed>
<trueHeading>0.000000</trueHeading>
<magneticHeading>0.000000</magneticHeading>
<gpsHeading>117.693184</gpsHeading>
<haccuracy>5.189000</haccuracy>
<vaccuracy>5.189000</vaccuracy>
<internetconnect>0</internetconnect>
</trkpt>
<trkpt lat="35.849912" lon="139.004447">
<ele>851.333333</ele>
<time>2026-10-03T08:37:32Z</time>
<speed>1.616994</speed>
<trueHeading>0.000000</trueHeading>
<magneticHeading>0.000000</magneticHeading>
<gpsHeading>51.087151</gpsHeading>
<haccuracy>4.894000</haccuracy>
<vaccuracy>4.894000</vaccuracy>
<internetconnect>0</internetconnect>
</trkpt>
<trkpt lat="35.850430" lon="139.004301">
<ele>853.666667</ele>
<time>2026-10-03T08:38:19Z</time>
<speed>0.219669</speed>
<trueHeading>0.000000</trueHeading>
<magneticHeading>0.000000</magneticHeading>
<gpsHeading>347.182404</gpsHeading>
<haccuracy>3.476000</haccuracy>
<vaccuracy>3.476000</vaccuracy>
<internetconnect>0</internetconnect>
</trkpt>
<trkpt lat="35.851181" lon="139.004451">
<ele>852.000000</ele>
<time>2026-10-03T08:39:06Z</time>
<speed>1.710646</speed>
<trueHeading>0.000000</trueHeading>
<magneticHeading>0.000000</magneticHeading>
<gpsHeading>9.174301</gpsHeading>
<haccuracy>7.093000</haccuracy>
<vaccuracy>7.093000</vaccuracy>
<internetconnect>0</internetconnect>
</trkpt>
<trkpt lat="35.851344" lon="139.005143">
<ele>840.000000</ele>
<time>2026-10-03T08:39:53Z</time>
<speed>1.590523</speed>
<trueHeading>0.000000</trueHeading>
<magneticHeading>0.000000</magneticHeading>
<gpsHeading>73.736496</gpsHeading>
<haccuracy>5.284000</haccuracy>
<vaccuracy>5.284000</vaccuracy>
<internetconnect>0</internetconnect>
</trkpt>
<trkpt lat="35.851402" lon="139.005787">
<ele>835.666667</ele>
<time>2026-10-03T08:40:39Z</time>
<speed>1.222344</speed>
<trueHeading>0.000000</trueHeading>
<magneticHeading>0.000000</magneticHeading>
<gpsHeading>83.663559</gpsHeading>
<haccuracy>6.052000</haccuracy>
<vaccuracy>6.052000</vaccuracy>
<internetconnect>0</internetconnect>
</trkpt>
<trkpt lat="35.851020" lon="139.006443">
<ele>833.000000</ele>
<time>2026-10-03T08:41:26Z</time>
<speed>0.751395</speed>
<trueHeading>0.000000</trueHeading>
<magneticHeading>0.000000</magneticHeading>
<gpsHeading>125.717674</gpsHeading>
<haccuracy>6.437000</haccuracy>
<vaccuracy>6.437000</vaccuracy>
<internetconnect>0</internetconnect>
</trkpt>
<trkpt lat="35.850880" lon="139.007091">
<ele>826.666667</ele>
<time>2026-10-03T08:42:14Z</time>
<speed>0.784776</speed>
<trueHeading>0.000000</trueHeading>
<magneticHeading>0.000000</magneticHeading>
<gpsHeading>104.996384</gpsHeading>
<haccuracy>4.033000</haccuracy>
<vaccuracy>4.033000</vaccuracy>
<internetconnect>0</internetconnect>
</trkpt>
<trkpt lat="35.850960" lon="139.007961">
<ele>821.000000</ele>
<time>2026-10-03T08:43:00Z</time>
<speed>1.642227</speed>
<trueHeading>0.000000</trueHeading>
<magneticHeading>0.000000</magneticHeading>
<gpsHeading>83.512314</gpsHeading>
<haccuracy>4.062000</haccuracy>
<vaccuracy>4.062000</vaccuracy>
<internetconnect>0</internetconnect>
</trkpt>
<trkpt lat="35.851027" lon="139.008668">
<ele>819.000000</ele>
<time>2026-10-03T08:43:47Z</time>
<speed>1.501396</speed>
<trueHeading>0.000000</trueHeading>
<magneticHeading>0.000000</magneticHeading>
<gpsHeading>83.351128</gpsHeading>
<haccuracy>5.431000</haccuracy>
<vaccuracy>5.431000</vaccuracy>
<internetconnect>0</internetconnect>
</trkpt>
<trkpt lat="35.850695" lon="139.009351">
<ele>814.333333</ele>
<time>2026-10-03T08:44:34Z</time>
<speed>1.501791</speed>
<trueHeading>0.000000</trueHeading>
<magneticHeading>0.000000</magneticHeading>
<gpsHeading>120.917343</gpsHeading>
<haccuracy>7.469000</haccuracy>
<vaccuracy>7.469000</vaccuracy>
<internetconnect>0</internetconnect>
</trkpt>
<trkpt lat="35.850205" lon="139.009128">
<ele>800.333333</ele>
<time>2026-10-03T08:45:21Z</time>
<speed>0.318625</speed>
<trueHeading>0.000000</trueHeading>
<magneticHeading>0.000000</magneticHeading>
<gpsHeading>200.245819</gpsHeading>
<haccuracy>4.374000</haccuracy>
<vaccuracy>4.374000</vaccuracy>
<internetconnect>0</internetconnect>
</trkpt>
<trkpt lat="35.849418" lon="139.009168">
<ele>781.666667</ele>
<time>2026-10-03T08:46:08Z</time>
<speed>1.620142</speed>
<trueHeading>0.000000</trueHeading>
<magneticHeading>0.000000</magneticHeading>
<gpsHeading>177.620819</gpsHeading>
<haccuracy>5.233000</haccuracy>
<vaccuracy>5.233000</vaccuracy>
<internetconnect>0</internetconnect>
</trkpt>
<trkpt lat="35.848826" lon="139.009056">
<ele>766.666667</ele>
<time>2026-10-03T08:46:55Z</time>
<speed>1.741306</speed>
<trueHeading>0.000000</trueHeading>
<magneticHeading>0.000000</magneticHeading>
<gpsHeading>188.675705</gpsHeading>
<haccuracy>4.401000</haccuracy>
<vaccuracy>4.401000</vaccuracy>
<internetconnect>0</internetconnect>
</trkpt>
<trkpt lat="35.848616" lon="139.008826">
<ele>759.666667</ele>
<time>2026-10-03T08:47:43Z</time>
<speed>0.328952</speed>
<trueHeading>0.000000</trueHeading>
<magneticHeading>0.000000</magneticHeading>
<gpsHeading>221.661667</gpsHeading>
<haccuracy>6.576000</haccuracy>
<vaccuracy>6.576000</vaccuracy>
<internetconnect>0</internetconnect>
</trkpt>
<trkpt lat="35.848730" lon="139.009929">
<ele>749.666667</ele>
<time>2026-10-03T08:48:31Z</time>
<speed>0.364785</speed>
<trueHeading>0.000000</trueHeading>
<magneticHeading>0.000000</magneticHeading>
<gpsHeading>82.764374</gpsHeading>
<haccuracy>3.779000</haccuracy>
<vaccuracy>3.779000</vaccuracy>
<internetconnect>0</internetconnect>
</trkpt>
<trkpt lat="35.848983" lon="139.010823">
<ele>740.000000</ele>
<time>2026-10-03T08:49:17Z</time>
<speed>1.619298</speed>
<trueHeading>0.000000</trueHeading>
<magneticHeading>0.000000</magneticHeading>
<gpsHeading>70.740883</gpsHeading>
<haccuracy>5.564000</haccuracy>
<vaccuracy>5.564000</vaccuracy>
<internetconnect>0</internetconnect>
</trkpt>
<trkpt lat="35.849425" lon="139.011324">
<ele>733.666667</ele>
<time>2026-10-03T08:50:04Z</time>
<speed>1.320264</speed>
<trueHeading>0.000000</trueHeading>
<magneticHeading>0.000000</magneticHeading>
<gpsHeading>42.567898</gpsHeading>
<haccuracy>5.413000</haccuracy>
<vaccuracy>5.413000</vaccuracy>
<internetconnect>0</internetconnect>
</trkpt>
<trkpt lat="35.850020" lon="139.011553">
<ele>739.333333</ele>
<time>2026-10-03T08:50:51Z</time>
<speed>0.191057</speed>
<trueHeading>0.000000</trueHeading>
<magneticHeading>0.000000</magneticHeading>
<gpsHeading>17.313345</gpsHeading>
<haccuracy>6.642000</haccuracy>
<vaccuracy>6.642000</vaccuracy>
<internetconnect>0</internetconnect>
</trkpt>
<trkpt lat="35.850395" lon="139.011919">
<ele>734.666667</ele>
<time>2026-10-03T08:51:38Z</time>
<speed>0.434655</speed>
<trueHeading>0.000000</trueHeading>
<magneticHeading>0.000000</magneticHeading>
<gpsHeading>38.371166</gpsHeading>
<haccuracy>5.429000</haccuracy>
<vaccuracy>5.429000</vaccuracy>
<internetconnect>0</internetconnect>
</trkpt>
<trkpt lat="35.849978" lon="139.012836">
<ele>732.666667</ele>
<time>2026-10-03T08:52:24Z</time>
<speed>0.452869</speed>
<trueHeading>0.000000</trueHeading>
<magneticHeading>0.000000</magneticHeading>
<gpsHeading>119.339584</gpsHeading>
<haccuracy>5.726000</haccuracy>
<vaccuracy>5.726000</vaccuracy>
<internetconnect>0</internetconnect>
</trkpt>
<trkpt lat="35.850395" lon="139.012869">
<ele>726.333333</ele>
<time>2026-10-03T08:53:11Z</time>
<speed>0.317965</speed>
<trueHeading>0.000000</trueHeading>
<magneticHeading>0.000000</magneticHeading>
<gpsHeading>3.653837</gpsHeading>
<haccuracy>4.167000</haccuracy>
<vaccuracy>4.167000</vaccuracy>
<internetconnect>0</internetconnect>
</trkpt>
<trkpt lat="35.851159" lon="139.013091">
<ele>727.666667</ele>
<time>2026-10-03T08:53:58Z</time>
<speed>1.717158</speed>
<trueHeading>0.000000</trueHeading>
<magneticHeading>0.000000</magneticHeading>
<gpsHeading>13.271268</gpsHeading>
<haccuracy>6.102000</haccuracy>
<vaccuracy>6.102000</vaccuracy>
<internetconnect>0</internetconnect>
</trkpt>
<trkpt lat="35.851331" lon="139.014059">
<ele>718.000000</ele>
<time>2026-10-03T08:54:45Z</time>
<speed>0.474280</speed>
<trueHeading>0.000000</trueHeading>
<magneticHeading>0.000000</magneticHeading>
<gpsHeading>77.647964</gpsHeading>
<haccuracy>5.997000</haccuracy>
<vaccuracy>5.997000</vaccuracy>
<internetconnect>0</internetconnect>
</trkpt>
<trkpt lat="35.851039" lon="139.014873">
<ele>705.000000</ele>
<time>2026-10-03T08:55:32Z</time>
<speed>1.645901</speed>
<trueHeading>0.000000</trueHeading>
<magneticHeading>0.000000</magneticHeading>
<gpsHeading>113.895164</gpsHeading>
<haccuracy>6.229000</haccuracy>
<vaccuracy>6.229000</vaccuracy>
<internetconnect>0</internetconnect>
</trkpt>
<trkpt lat="35.851004" lon="139.015720">
<ele>700.333333</ele>
<time>2026-10-03T08:56:18Z</time>
<speed>1.722636</speed>
<trueHeading>0.000000</trueHeading>
<magneticHeading>0.000000</magneticHeading>
<gpsHeading>92.858177</gpsHeading>
<haccuracy>5.827000</haccuracy>
<vaccuracy>5.827000</vaccuracy>
<internetconnect>0</internetconnect>
</trkpt>
<trkpt lat="35.851682" lon="139.015733">
<ele>700.000000</ele>
<time>2026-10-03T08:57:05Z</time>
<speed>1.678370</speed>
<trueHeading>0.000000</trueHeading>
<magneticHeading>0.000000</magneticHeading>
<gpsHeading>0.856772</gpsHeading>
<haccuracy>5.647000</haccuracy>
<vaccuracy>5.647000</vaccuracy>
<internetconnect>0</internetconnect>
</trkpt>
<trkpt lat="35.851852" lon="139.016723">
<ele>697.000000</ele>
<time>2026-10-03T08:57:51Z</time>
<speed>1.723384</speed>
<trueHeading>0.000000</trueHeading>
<magneticHeading>0.000000</magneticHeading>
<gpsHeading>77.999733</gpsHeading>
<haccuracy>7.406000</haccuracy>
<vaccuracy>7.406000</vaccuracy>
<internetconnect>0</internetconnect>
</trkpt>
<trkpt lat="35.852467" lon="139.017084">
<ele>693.666667</ele>
<time>2026-10-03T08:58:42Z</time>
<speed>1.755113</speed>
<trueHeading>0.000000</trueHeading>
<magneticHeading>0.000000</magneticHeading>
<gpsHeading>25.468185</gpsHeading>
<haccuracy>6.064000</haccuracy>
<vaccuracy>6.064000</vaccuracy>
<internetconnect>0</internetconnect>
</trkpt>
<trkpt lat="35.852604" lon="139.017786">
<ele>686.000000</ele>
<time>2026-10-03T08:59:29Z</time>
<speed>1.158013</speed>
<trueHeading>0.000000</trueHeading>
<magneticHeading>0.000000</magneticHeading>
<gpsHeading>76.412514</gpsHeading>
<haccuracy>5.717000</haccuracy>
<vaccuracy>5.717000</vaccuracy>
<internetconnect>0</internetconnect>
</trkpt>
<trkpt lat="35.852843" lon="139.018725">
<ele>678.666667</ele>
<time>2026-10-03T09:00:16Z</time>
<speed>1.699082</speed>
<trueHeading>0.000000</trueHeading>
<magneticHeading>0.000000</magneticHeading>
<gpsHeading>72.605728</gpsHeading>
<haccuracy>5.661000</haccuracy>
<vaccuracy>5.661000</vaccuracy>
<internetconnect>0</internetconnect>
</trkpt>
<trkpt lat="35.852844" lon="139.019709">
<ele>668.666667</ele>
<time>2026-10-03T09:01:02Z</time>
<speed>1.748602</speed>
<trueHeading>0.000000</trueHeading>
<magneticHeading>0.000000</magneticHeading>
<gpsHeading>89.913773</gpsHeading>
<haccuracy>5.998000</haccuracy>
<vaccuracy>5.998000</vaccuracy>
<internetconnect>0</internetconnect>
</trkpt>
<trkpt lat="35.852675" lon="139.020592">
<ele>663.333333</ele>
<time>2026-10-03T09:01:50Z</time>
<speed>1.693672</speed>
<trueHeading>0.000000</trueHeading>
<magneticHeading>0.000000</magneticHeading>
<gpsHeading>103.328415</gpsHeading>
<haccuracy>5.878000</haccuracy>
<vaccuracy>5.878000</vaccuracy>
<internetconnect>0</internetconnect>
</trkpt>
<trkpt lat="35.852691" lon="139.021471">
<ele>660.666667</ele>
<time>2026-10-03T09:02:36Z</time>
<speed>1.718315</speed>
<trueHeading>0.000000</trueHeading>
<magneticHeading>0.000000</magneticHeading>
<gpsHeading>88.714218</gpsHeading>
<haccuracy>6.325000</haccuracy>
<vaccuracy>6.325000</vaccuracy>
<internetconnect>0</internetconnect>
</trkpt>
<trkpt lat="35.852651" lon="139.022378">
<ele>660.333333</ele>
<time>2026-10-03T09:03:23Z</time>
<speed>1.731726</speed>
<trueHeading>0.000000</trueHeading>
<magneticHeading>0.000000</magneticHeading>
<gpsHeading>93.098900</gpsHeading>
<haccuracy>7.050000</haccuracy>
<vaccuracy>7.050000</vaccuracy>
<internetconnect>0</internetconnect>
</trkpt>
<trkpt lat="35.852417" lon="139.023229">
<ele>663.333333</ele>
<time>2026-10-03T09:04:10Z</time>
<speed>1.701299</speed>
<trueHeading>0.000000</trueHeading>
<magneticHeading>0.000000</magneticHeading>
<gpsHeading>108.721939</gpsHeading>
<haccuracy>5.846000</haccuracy>
<vaccuracy>5.846000</vaccuracy>
<internetconnect>0</internetconnect>
</trkpt>
<trkpt lat="35.852344" lon="139.024052">
<ele>669.666667</ele>
<time>2026-10-03T09:04:57Z</time>
<speed>1.769768</speed>
<trueHeading>0.000000</trueHeading>
<magneticHeading>0.000000</magneticHeading>
<gpsHeading>96.260750</gpsHeading>
<haccuracy>6.613000</haccuracy>
<vaccuracy>6.613000</vaccuracy>
<internetconnect>0</internetconnect>
</trkpt>
<trkpt lat="35.852263" lon="139.024906">
<ele>668.666667</ele>
<time>2026-10-03T09:05:45Z</time>
<speed>1.747429</speed>
<trueHeading>0.000000</trueHeading>
<magneticHeading>0.000000</magneticHeading>
<gpsHeading>96.675148</gpsHeading>
<haccuracy>6.940000</haccuracy>
<vaccuracy>6.940000</vaccuracy>
<internetconnect>0</internetconnect>
</trkpt>
<trkpt lat="35.852041" lon="139.025723">
<ele>670.333333</ele>
<time>2026-10-03T09:06:31Z</time>
<speed>1.714143</speed>
<trueHeading>0.000000</trueHeading>
<magneticHeading>0.000000</magneticHeading>
<gpsHeading>108.489655</gpsHeading>
<haccuracy>5.792000</haccuracy>
<vaccuracy>5.792000</vaccuracy>
<internetconnect>0</internetconnect>
</trkpt>
<trkpt lat="35.851549" lon="139.026274">
<ele>665.333333</ele>
<time>2026-10-03T09:07:18Z</time>
<speed>1.707094</speed>
<trueHeading>0.000000</trueHeading>
<magneticHeading>0.000000</magneticHeading>
<gpsHeading>137.838715</gpsHeading>
<haccuracy>6.703000</haccuracy>
<vaccuracy>6.703000</vaccuracy>
<internetconnect>0</internetconnect>
</trkpt>
<trkpt lat="35.851252" lon="139.027000">
<ele>671.333333</ele>
<time>2026-10-03T09:08:05Z</time>
<speed>1.671074</speed>
<trueHeading>0.000000</trueHeading>
<magneticHeading>0.000000</magneticHeading>
<gpsHeading>116.721184</gpsHeading>
<haccuracy>6.385000</haccuracy>
<vaccuracy>6.385000</vaccuracy>
<internetconnect>0</internetconnect>
</trkpt>
<trkpt lat="35.850605" lon="139.026947">
<ele>666.000000</ele>
<time>2026-10-03T09:08:52Z</time>
<speed>1.729703</speed>
<trueHeading>0.000000</trueHeading>
<magneticHeading>0.000000</magneticHeading>
<gpsHeading>183.851105</gpsHeading>
<haccuracy>7.975000</haccuracy>
<vaccuracy>7.975000</vaccuracy>
<internetconnect>0</internetconnect>
</trkpt>
<trkpt lat="35.850631" lon="139.027975">
<ele>657.333333</ele>
<time>2026-10-03T09:09:39Z</time>
<speed>1.731036</speed>
<trueHeading>0.000000</trueHeading>
<magneticHeading>0.000000</magneticHeading>
<gpsHeading>88.150749</gpsHeading>
<haccuracy>6.402000</haccuracy>
<vaccuracy>6.402000</vaccuracy>
<internetconnect>0</internetconnect>
</trkpt>
<trkpt lat="35.851025" lon="139.028848">
<ele>646.000000</ele>
<time>2026-10-03T09:10:26Z</time>
<speed>1.733931</speed>
<trueHeading>0.000000</trueHeading>
<magneticHeading>0.000000</magneticHeading>
<gpsHeading>60.936069</gpsHeading>
<haccuracy>6.851000</haccuracy>
<vaccuracy>6.851000</vaccuracy>
<internetconnect>0</internetconnect>
</trkpt>
<trkpt lat="35.850355" lon="139.029367">
<ele>632.666667</ele>
<time>2026-10-03T09:11:16Z</time>
<speed>1.777925</speed>
<trueHeading>0.000000</trueHeading>
<magneticHeading>0.000000</magneticHeading>
<gpsHeading>147.828506</gpsHeading>
<haccuracy>6.582000</haccuracy>
<vaccuracy>6.582000</vaccuracy>
<internetconnect>0</internetconnect>
</trkpt>
<trkpt lat="35.850114" lon="139.030105">
<ele>625.666667</ele>
<time>2026-10-03T09:12:03Z</time>
<speed>1.702429</speed>
<trueHeading>0.000000</trueHeading>
<magneticHeading>0.000000</magneticHeading>
<gpsHeading>112.023132</gpsHeading>
<haccuracy>5.829000</haccuracy>
<vaccuracy>5.829000</vaccuracy>
<internetconnect>0</internetconnect>
</trkpt>
<trkpt lat="35.849801" lon="139.031045">
<ele>614.000000</ele>
<time>2026-10-03T09:12:50Z</time>
<speed>1.756681</speed>
<trueHeading>0.000000</trueHeading>
<magneticHeading>0.000000</magneticHeading>
<gpsHeading>112.313766</gpsHeading>
<haccuracy>5.741000</haccuracy>
<vaccuracy>5.741000</vaccuracy>
<internetconnect>0</internetconnect>
</trkpt>
<trkpt lat="35.849360" lon="139.031835">
<ele>608.333333</ele>
<time>2026-10-03T09:13:38Z</time>
<speed>1.704006</speed>
<trueHeading>0.000000</trueHeading>
<magneticHeading>0.000000</magneticHeading>
<gpsHeading>124.549675</gpsHeading>
<haccuracy>6.294000</haccuracy>
<vaccuracy>6.294000</vaccuracy>
<internetconnect>0</internetconnect>
</trkpt>
<trkpt lat="35.848996" lon="139.032527">
<ele>604.000000</ele>
<time>2026-10-03T09:14:25Z</time>
<speed>1.674457</speed>
<trueHeading>0.000000</trueHeading>
<magneticHeading>0.000000</magneticHeading>
<gpsHeading>122.973511</gpsHeading>
<haccuracy>5.333000</haccuracy>
<vaccuracy>5.333000</vaccuracy>
<internetconnect>0</internetconnect>
</trkpt>
<trkpt lat="35.849037" lon="139.033492">
<ele>605.333333</ele>
<time>2026-10-03T09:15:12Z</time>
<speed>1.716750</speed>
<trueHeading>0.000000</trueHeading>
<magneticHeading>0.000000</magneticHeading>
<gpsHeading>86.984879</gpsHeading>
<haccuracy>6.104000</haccuracy>
<vaccuracy>6.104000</vaccuracy>
<internetconnect>0</internetconnect>
</trkpt>
<trkpt lat="35.849216" lon="139.034249">
<ele>608.666667</ele>
<time>2026-10-03T09:15:58Z</time>
<speed>1.687635</speed>
<trueHeading>0.000000</trueHeading>
<magneticHeading>0.000000</magneticHeading>
<gpsHeading>73.739311</gpsHeading>
<haccuracy>6.022000</haccuracy>
<vaccuracy>6.022000</vaccuracy>
<internetconnect>0</internetconnect>
</trkpt>
<trkpt lat="35.848954" lon="139.034961">
<ele>619.000000</ele>
<time>2026-10-03T09:16:46Z</time>
<speed>1.393937</speed>
<trueHeading>0.000000</trueHeading>
<magneticHeading>0.000000</magneticHeading>
<gpsHeading>114.455986</gpsHeading>
<haccuracy>9.199000</haccuracy>
<vaccuracy>9.199000</vaccuracy>
<internetconnect>2</internetconnect>
</trkpt>
<trkpt lat="35.849292" lon="139.035539">
<ele>620.000000</ele>
<time>2026-10-03T09:17:36Z</time>
<speed>1.625860</speed>
<trueHeading>0.000000</trueHeading>
<magneticHeading>0.000000</magneticHeading>
<gpsHeading>54.141483</gpsHeading>
<haccuracy>8.591000</haccuracy>
<vaccuracy>8.591000</vaccuracy>
<internetconnect>2</internetconnect>
</trkpt>
<trkpt lat="35.848934" lon="139.036259">
<ele>620.666667</ele>
<time>2026-10-03T09:18:24Z</time>
<speed>1.405944</speed>
<trueHeading>0.000000</trueHeading>
<magneticHeading>0.000000</magneticHeading>
<gpsHeading>121.586761</gpsHeading>
<haccuracy>9.454000</haccuracy>
<vaccuracy>9.454000</vaccuracy>
<internetconnect>2</internetconnect>
</trkpt>
<trkpt lat="35.848818" lon="139.036657">
<ele>610.333333</ele>
<time>2026-10-03T09:19:25Z</time>
<speed>1.519606</speed>
<trueHeading>0.000000</trueHeading>
<magneticHeading>0.000000</magneticHeading>
<gpsHeading>109.662498</gpsHeading>
<haccuracy>14.869000</haccuracy>
<vaccuracy>14.869000</vaccuracy>
<internetconnect>2</internetconnect>
</trkpt>
<trkpt lat="35.848252" lon="139.037554">
<ele>611.333333</ele>
<time>2026-10-03T09:20:12Z</time>
<speed>1.545112</speed>
<trueHeading>0.000000</trueHeading>
<magneticHeading>0.000000</magneticHeading>
<gpsHeading>127.914703</gpsHeading>
<haccuracy>3.020000</haccuracy>
<vaccuracy>3.020000</vaccuracy>
<internetconnect>2</internetconnect>
</trkpt>
<trkpt lat="35.847788" lon="139.037983">
<ele>612.333333</ele>
<time>2026-10-03T09:21:01Z</time>
<speed>1.095969</speed>
<trueHeading>0.000000</trueHeading>
<magneticHeading>0.000000</magneticHeading>
<gpsHeading>143.125824</gpsHeading>
<haccuracy>7.359000</haccuracy>
<vaccuracy>7.359000</vaccuracy>
<internetconnect>2</internetconnect>
</trkpt>
<trkpt lat="35.847231" lon="139.038676">
<ele>614.666667</ele>
<time>2026-10-03T09:21:49Z</time>
<speed>1.636504</speed>
<trueHeading>0.000000</trueHeading>
<magneticHeading>0.000000</magneticHeading>
<gpsHeading>134.757706</gpsHeading>
<haccuracy>5.602000</haccuracy>
<vaccuracy>5.602000</vaccuracy>
<internetconnect>2</internetconnect>
</trkpt>
<trkpt lat="35.846536" lon="139.038748">
<ele>612.333333</ele>
<time>2026-10-03T09:22:36Z</time>
<speed>1.664285</speed>
<trueHeading>0.000000</trueHeading>
<magneticHeading>0.000000</magneticHeading>
<gpsHeading>175.203323</gpsHeading>
<haccuracy>7.939000</haccuracy>
<vaccuracy>7.939000</vaccuracy>
<internetconnect>2</internetconnect>
</trkpt>
<trkpt lat="35.845803" lon="139.038987">
<ele>614.666667</ele>
<time>2026-10-03T09:23:23Z</time>
<speed>1.686699</speed>
<trueHeading>0.000000</trueHeading>
<magneticHeading>0.000000</magneticHeading>
<gpsHeading>165.228745</gpsHeading>
<haccuracy>6.132000</haccuracy>
<vaccuracy>6.132000</vaccuracy>
<internetconnect>2</internetconnect>
</trkpt>
<trkpt lat="35.845184" lon="139.039335">
<ele>624.000000</ele>
<time>2026-10-03T09:24:11Z</time>
<speed>1.683315</speed>
<trueHeading>0.000000</trueHeading>
<magneticHeading>0.000000</magneticHeading>
<gpsHeading>155.486481</gpsHeading>
<haccuracy>6.230000</haccuracy>
<vaccuracy>6.230000</vaccuracy>
<internetconnect>2</internetconnect>
</trkpt>
<trkpt lat="35.844466" lon="139.039064">
<ele>615.333333</ele>
<time>2026-10-03T09:24:58Z</time>
<speed>1.669021</speed>
<trueHeading>0.000000</trueHeading>
<magneticHeading>0.000000</magneticHeading>
<gpsHeading>197.019791</gpsHeading>
<haccuracy>6.078000</haccuracy>
<vaccuracy>6.078000</vaccuracy>
<internetconnect>2</internetconnect>
</trkpt>
<trkpt lat="35.843582" lon="139.038360">
<ele>610.333333</ele>
<time>2026-10-03T09:26:52Z</time>
<speed>1.498536</speed>
<trueHeading>0.000000</trueHeading>
<magneticHeading>0.000000</magneticHeading>
<gpsHeading>212.820007</gpsHeading>
<haccuracy>7.917000</haccuracy>
<vaccuracy>7.917000</vaccuracy>
<internetconnect>2</internetconnect>
</trkpt>
<trkpt lat="35.843015" lon="139.038338">
<ele>603.333333</ele>
<time>2026-10-03T09:27:39Z</time>
<speed>1.705251</speed>
<trueHeading>0.000000</trueHeading>
<magneticHeading>0.000000</magneticHeading>
<gpsHeading>181.816284</gpsHeading>
<haccuracy>6.251000</haccuracy>
<vaccuracy>6.251000</vaccuracy>
<internetconnect>2</internetconnect>
</trkpt>
<trkpt lat="35.842337" lon="139.038255">
<ele>613.333333</ele>
<time>2026-10-03T09:28:26Z</time>
<speed>1.673911</speed>
<trueHeading>0.000000</trueHeading>
<magneticHeading>0.000000</magneticHeading>
<gpsHeading>185.669754</gpsHeading>
<haccuracy>5.794000</haccuracy>
<vaccuracy>5.794000</vaccuracy>
<internetconnect>2</internetconnect>
</trkpt>
<trkpt lat="35.841900" lon="139.038906">
<ele>616.666667</ele>
<time>2026-10-03T09:29:13Z</time>
<speed>1.692804</speed>
<trueHeading>0.000000</trueHeading>
<magneticHeading>0.000000</magneticHeading>
<gpsHeading>129.634232</gpsHeading>
<haccuracy>5.709000</haccuracy>
<vaccuracy>5.709000</vaccuracy>
<internetconnect>2</internetconnect>
</trkpt>
<trkpt lat="35.841411" lon="139.039534">
<ele>616.666667</ele>
<time>2026-10-03T09:30:01Z</time>
<speed>1.672122</speed>
<trueHeading>0.000000</trueHeading>
<magneticHeading>0.000000</magneticHeading>
<gpsHeading>133.841537</gpsHeading>
<haccuracy>9.671000</haccuracy>
<vaccuracy>9.671000</vaccuracy>
<internetconnect>2</internetconnect>
</trkpt>
<trkpt lat="35.841152" lon="139.040258">
<ele>617.000000</ele>
<time>2026-10-03T09:30:48Z</time>
<speed>1.666916</speed>
<trueHeading>0.000000</trueHeading>
<magneticHeading>0.000000</magneticHeading>
<gpsHeading>113.888832</gpsHeading>
<haccuracy>5.671000</haccuracy>
<vaccuracy>5.671000</vaccuracy>
<internetconnect>2</internetconnect>
</trkpt>
<trkpt lat="35.841063" lon="139.041139">
<ele>615.333333</ele>
<time>2026-10-03T09:31:35Z</time>
<speed>1.694032</speed>
<trueHeading>0.000000</trueHeading>
<magneticHeading>0.000000</magneticHeading>
<gpsHeading>97.052147</gpsHeading>
<haccuracy>6.159000</haccuracy>
<vaccuracy>6.159000</vaccuracy>
<internetconnect>2</internetconnect>
</trkpt>
<trkpt lat="35.841048" lon="139.041996">
<ele>615.666667</ele>
<time>2026-10-03T09:32:22Z</time>
<speed>1.670475</speed>
<trueHeading>0.000000</trueHeading>
<magneticHeading>0.000000</magneticHeading>
<gpsHeading>91.236465</gpsHeading>
<haccuracy>5.342000</haccuracy>
<vaccuracy>5.342000</vaccuracy>
<internetconnect>2</internetconnect>
</trkpt>
<trkpt lat="35.841355" lon="139.042685">
<ele>613.666667</ele>
<time>2026-10-03T09:33:10Z</time>
<speed>1.683543</speed>
<trueHeading>0.000000</trueHeading>
<magneticHeading>0.000000</magneticHeading>
<gpsHeading>61.247334</gpsHeading>
<haccuracy>5.126000</haccuracy>
<vaccuracy>5.126000</vaccuracy>
<internetconnect>2</internetconnect>
</trkpt>
<trkpt lat="35.841179" lon="139.043501">
<ele>614.666667</ele>
<time>2026-10-03T09:33:57Z</time>
<speed>1.643477</speed>
<trueHeading>0.000000</trueHeading>
<magneticHeading>0.000000</magneticHeading>
<gpsHeading>104.882736</gpsHeading>
<haccuracy>5.703000</haccuracy>
<vaccuracy>5.703000</vaccuracy>
<internetconnect>2</internetconnect>
</trkpt>
<trkpt lat="35.841329" lon="139.043918">
<ele>613.500000</ele>
<time>2026-10-03T09:34:29Z</time>
<speed>1.500917</speed>
<trueHeading>-999.000000</trueHeading>
<magneticHeading>-999.000000</magneticHeading>
<gpsHeading>66.166534</gpsHeading>
<haccuracy>5.521000</haccuracy>
<vaccuracy>5.521000</vaccuracy>
<internetconnect>2</internetconnect>
</trkpt>
</trkseg></trk>
</gpx>
