<?xml version="1.0" encoding="UTF-8"?>
<gpx xmlns:xsi="http://www.w3.org/2001/XMLSchema-instance" xmlns="http://www.topografix.com/GPX/1/0" xsi:schemaLocation="http://www.topografix.com/GPX/1/1 http://www.topografix.com/GPX/1/1/gpx.xsd" creator="Geographica - http://geographica.biz/" appVersion="Ver 2.1.52:394" device="google sunfish" android="13" carrier="povo">
<trk>
<name>20260704</name>
<trkseg>
<trkpt lat="35.841754" lon="139.044418">
<ele>617.000000</ele>
<time>2026-07-03T23:13:18Z</time>
<speed>1.065871</speed>
<trueHeading>0.000000</trueHeading>
<magneticHeading>0.000000</magneticHeading>
<gpsHeading>0.000000</gpsHeading>
<haccuracy>9.010000</haccuracy>
<vaccuracy>9.010000</vaccuracy>
<internetconnect>2</internetconnect>
</trkpt>
<trkpt lat="35.841744" lon="139.044426">
<ele>615.333333</ele>
<time>2026-07-03T23:13:19Z</time>
<speed>0.869441</speed>
<trueHeading>0.000000</trueHeading>
<magneticHeading>0.000000</magneticHeading>
<gpsHeading>0.000000</gpsHeading>
<haccuracy>6.938000</haccuracy>
<vaccuracy>6.938000</vaccuracy>
<internetconnect>2</internetconnect>
</trkpt>
<trkpt lat="35.841469" lon="139.044348">
<ele>613.666667</ele>
<time>2026-07-03T23:15:01Z</time>
<speed>1.496692</speed>
<trueHeading>0.000000</trueHeading>
<magneticHeading>0.000000</magneticHeading>
<gpsHeading>193.012848</gpsHeading>
<haccuracy>6.476000</haccuracy>
<vaccuracy>6.476000</vaccuracy>
<internetconnect>2</internetconnect>
</trkpt>
<trkpt lat="35.841188" lon="139.043497">
<ele>614.000000</ele>
<time>2026-07-03T23:15:47Z</time>
<speed>1.586873</speed>
<trueHeading>0.000000</trueHeading>
<magneticHeading>0.000000</magneticHeading>
<gpsHeading>247.799423</gpsHeading>
<haccuracy>5.053000</haccuracy>
<vaccuracy>5.053000</vaccuracy>
<internetconnect>2</internetconnect>
</trkpt>
<trkpt lat="35.841342" lon="139.042781">
<ele>615.666667</ele>
<time>2026-07-03T23:16:34Z</time>
<speed>1.550722</speed>
<trueHeading>0.000000</trueHeading>
<magneticHeading>0.000000</magneticHeading>
<gpsHeading>284.833252</gpsHeading>
<haccuracy>7.689000</haccuracy>
<vaccuracy>7.689000</vaccuracy>
<internetconnect>2</internetconnect>
</trkpt>
<trkpt lat="35.841306" lon="139.042130">
<ele>618.000000</ele>
<time>2026-07-03T23:17:20Z</time>
<speed>1.534346</speed>
<trueHeading>0.000000</trueHeading>
<magneticHeading>0.000000</magneticHeading>
<gpsHeading>266.183960</gpsHeading>
<haccuracy>8.361000</haccuracy>
<vaccuracy>8.361000</vaccuracy>
<internetconnect>2</internetconnect>
</trkpt>
<trkpt lat="35.841120" lon="139.041426">
<ele>618.000000</ele>
<time>2026-07-03T23:18:07Z</time>
<speed>1.524956</speed>
<trueHeading>0.000000</trueHeading>
<magneticHeading>0.000000</magneticHeading>
<gpsHeading>251.906540</gpsHeading>
<haccuracy>5.421000</haccuracy>
<vaccuracy>5.421000</vaccuracy>
<internetconnect>2</internetconnect>
</trkpt>
<trkpt lat="35.841188" lon="139.040598">
<ele>617.333333</ele>
<time>2026-07-03T23:18:54Z</time>
<speed>1.560148</speed>
<trueHeading>0.000000</trueHeading>
<magneticHeading>0.000000</magneticHeading>
<gpsHeading>275.742615</gpsHeading>
<haccuracy>9.476000</haccuracy>
<vaccuracy>9.476000</vaccuracy>
<internetconnect>2</internetconnect>
</trkpt>
<trkpt lat="35.841252" lon="139.039831">
<ele>617.000000</ele>
<time>2026-07-03T23:19:41Z</time>
<speed>1.439593</speed>
<trueHeading>0.000000</trueHeading>
<magneticHeading>0.000000</magneticHeading>
<gpsHeading>275.914948</gpsHeading>
<haccuracy>11.552000</haccuracy>
<vaccuracy>11.552000</vaccuracy>
<internetconnect>2</internetconnect>
</trkpt>
<trkpt lat="35.841709" lon="139.039260">
<ele>616.666667</ele>
<time>2026-07-03T23:20:28Z</time>
<speed>1.584011</speed>
<trueHeading>0.000000</trueHeading>
<magneticHeading>0.000000</magneticHeading>
<gpsHeading>314.622742</gpsHeading>
<haccuracy>4.929000</haccuracy>
<vaccuracy>4.929000</vaccuracy>
<internetconnect>2</internetconnect>
</trkpt>
<trkpt lat="35.842136" lon="139.038578">
<ele>615.666667</ele>
<time>2026-07-03T23:21:14Z</time>
<speed>1.602260</speed>
<trueHeading>0.000000</trueHeading>
<magneticHeading>0.000000</magneticHeading>
<gpsHeading>307.675232</gpsHeading>
<haccuracy>8.896000</haccuracy>
<vaccuracy>8.896000</vaccuracy>
<internetconnect>2</internetconnect>
</trkpt>
<trkpt lat="35.842613" lon="139.038129">
<ele>617.666667</ele>
<time>2026-07-03T23:22:01Z</time>
<speed>1.613422</speed>
<trueHeading>0.000000</trueHeading>
<magneticHeading>0.000000</magneticHeading>
<gpsHeading>322.635864</gpsHeading>
<haccuracy>5.168000</haccuracy>
<vaccuracy>5.168000</vaccuracy>
<internetconnect>2</internetconnect>
</trkpt>
<trkpt lat="35.843083" lon="139.038524">
<ele>604.333333</ele>
<time>2026-07-03T23:22:48Z</time>
<speed>1.232396</speed>
<trueHeading>0.000000</trueHeading>
<magneticHeading>0.000000</magneticHeading>
<gpsHeading>34.312687</gpsHeading>
<haccuracy>5.670000</haccuracy>
<vaccuracy>5.670000</vaccuracy>
<internetconnect>0</internetconnect>
</trkpt>
<trkpt lat="35.843657" lon="139.038295">
<ele>612.000000</ele>
<time>2026-07-03T23:23:34Z</time>
<speed>1.589659</speed>
<trueHeading>0.000000</trueHeading>
<magneticHeading>0.000000</magneticHeading>
<gpsHeading>342.026031</gpsHeading>
<haccuracy>3.133000</haccuracy>
<vaccuracy>3.133000</vaccuracy>
<internetconnect>0</internetconnect>
</trkpt>
<trkpt lat="35.844148" lon="139.038873">
<ele>614.333333</ele>
<time>2026-07-03T23:24:24Z</time>
<speed>1.609772</speed>
<trueHeading>0.000000</trueHeading>
<magneticHeading>0.000000</magneticHeading>
<gpsHeading>43.713646</gpsHeading>
<haccuracy>5.863000</haccuracy>
<vaccuracy>5.863000</vaccuracy>
<internetconnect>0</internetconnect>
</trkpt>
<trkpt lat="35.844800" lon="139.039236">
<ele>624.333333</ele>
<time>2026-07-03T23:25:11Z</time>
<speed>1.614508</speed>
<trueHeading>0.000000</trueHeading>
<magneticHeading>0.000000</magneticHeading>
<gpsHeading>24.282665</gpsHeading>
<haccuracy>5.264000</haccuracy>
<vaccuracy>5.264000</vaccuracy>
<internetconnect>0</internetconnect>
</trkpt>
<trkpt lat="35.845435" lon="139.039131">
<ele>614.333333</ele>
<time>2026-07-03T23:25:57Z</time>
<speed>0.579183</speed>
<trueHeading>0.000000</trueHeading>
<magneticHeading>0.000000</magneticHeading>
<gpsHeading>352.351379</gpsHeading>
<haccuracy>6.706000</haccuracy>
<vaccuracy>6.706000</vaccuracy>
<internetconnect>0</internetconnect>
</trkpt>
<trkpt lat="35.846087" lon="139.038593">
<ele>605.333333</ele>
<time>2026-07-03T23:26:43Z</time>
<speed>1.631814</speed>
<trueHeading>0.000000</trueHeading>
<magneticHeading>0.000000</magneticHeading>
<gpsHeading>326.208862</gpsHeading>
<haccuracy>5.481000</haccuracy>
<vaccuracy>5.481000</vaccuracy>
<internetconnect>0</internetconnect>
</trkpt>
<trkpt lat="35.846714" lon="139.038535">
<ele>603.666667</ele>
<time>2026-07-03T23:27:31Z</time>
<speed>0.410931</speed>
<trueHeading>0.000000</trueHeading>
<magneticHeading>0.000000</magneticHeading>
<gpsHeading>355.760010</gpsHeading>
<haccuracy>5.168000</haccuracy>
<vaccuracy>5.168000</vaccuracy>
<internetconnect>0</internetconnect>
</trkpt>
<trkpt lat="35.847388" lon="139.038309">
<ele>601.333333</ele>
<time>2026-07-03T23:28:19Z</time>
<speed>1.603575</speed>
<trueHeading>0.000000</trueHeading>
<magneticHeading>0.000000</magneticHeading>
<gpsHeading>344.773102</gpsHeading>
<haccuracy>5.321000</haccuracy>
<vaccuracy>5.321000</vaccuracy>
<internetconnect>0</internetconnect>
</trkpt>
<trkpt lat="35.847806" lon="139.037701">
<ele>597.666667</ele>
<time>2026-07-03T23:29:07Z</time>
<speed>1.460205</speed>
<trueHeading>0.000000</trueHeading>
<magneticHeading>0.000000</magneticHeading>
<gpsHeading>310.294006</gpsHeading>
<haccuracy>5.356000</haccuracy>
<vaccuracy>5.356000</vaccuracy>
<internetconnect>0</internetconnect>
</trkpt>
<trkpt lat="35.848392" lon="139.037479">
<ele>603.000000</ele>
<time>2026-07-03T23:29:53Z</time>
<speed>1.616036</speed>
<trueHeading>0.000000</trueHeading>
<magneticHeading>0.000000</magneticHeading>
<gpsHeading>342.939484</gpsHeading>
<haccuracy>5.293000</haccuracy>
<vaccuracy>5.293000</vaccuracy>
<internetconnect>0</internetconnect>
</trkpt>
<trkpt lat="35.848962" lon="139.037120">
<ele>610.000000</ele>
<time>2026-07-03T23:30:40Z</time>
<speed>1.573095</speed>
<trueHeading>0.000000</trueHeading>
<magneticHeading>0.000000</magneticHeading>
<gpsHeading>332.991425</gpsHeading>
<haccuracy>5.530000</haccuracy>
<vaccuracy>5.530000</vaccuracy>
<internetconnect>0</internetconnect>
</trkpt>
<trkpt lat="35.848926" lon="139.036532">
<ele>618.000000</ele>
<time>2026-07-03T23:31:29Z</time>
<speed>0.390370</speed>
<trueHeading>0.000000</trueHeading>
<magneticHeading>0.000000</magneticHeading>
<gpsHeading>265.695343</gpsHeading>
<haccuracy>3.400000</haccuracy>
<vaccuracy>3.400000</vaccuracy>
<internetconnect>0</internetconnect>
</trkpt>
<trkpt lat="35.849027" lon="139.035673">
<ele>617.000000</ele>
<time>2026-07-03T23:32:16Z</time>
<speed>0.091747</speed>
<trueHeading>0.000000</trueHeading>
<magneticHeading>0.000000</magneticHeading>
<gpsHeading>278.247467</gpsHeading>
<haccuracy>4.911000</haccuracy>
<vaccuracy>4.911000</vaccuracy>
<internetconnect>0</internetconnect>
</trkpt>
<trkpt lat="35.849000" lon="139.035266">
<ele>615.333333</ele>
<time>2026-07-03T23:33:26Z</time>
<speed>1.377396</speed>
<trueHeading>0.000000</trueHeading>
<magneticHeading>0.000000</magneticHeading>
<gpsHeading>265.359070</gpsHeading>
<haccuracy>6.481000</haccuracy>
<vaccuracy>6.481000</vaccuracy>
<internetconnect>0</internetconnect>
</trkpt>
<trkpt lat="35.849191" lon="139.034475">
<ele>614.000000</ele>
<time>2026-07-03T23:34:13Z</time>
<speed>1.449330</speed>
<trueHeading>0.000000</trueHeading>
<magneticHeading>0.000000</magneticHeading>
<gpsHeading>286.608917</gpsHeading>
<haccuracy>3.349000</haccuracy>
<vaccuracy>3.349000</vaccuracy>
<internetconnect>0</internetconnect>
</trkpt>
<trkpt lat="35.849223" lon="139.033950">
<ele>612.666667</ele>
<time>2026-07-03T23:34:59Z</time>
<speed>1.262060</speed>
<trueHeading>0.000000</trueHeading>
<magneticHeading>0.000000</magneticHeading>
<gpsHeading>274.307281</gpsHeading>
<haccuracy>4.952000</haccuracy>
<vaccuracy>4.952000</vaccuracy>
<internetconnect>0</internetconnect>
</trkpt>
<trkpt lat="35.849086" lon="139.033093">
<ele>613.000000</ele>
<time>2026-07-03T23:35:46Z</time>
<speed>1.645695</speed>
<trueHeading>0.000000</trueHeading>
<magneticHeading>0.000000</magneticHeading>
<gpsHeading>258.793335</gpsHeading>
<haccuracy>5.638000</haccuracy>
<vaccuracy>5.638000</vaccuracy>
<internetconnect>0</internetconnect>
</trkpt>
<trkpt lat="35.849335" lon="139.032342">
<ele>614.333333</ele>
<time>2026-07-03T23:36:34Z</time>
<speed>1.626814</speed>
<trueHeading>0.000000</trueHeading>
<magneticHeading>0.000000</magneticHeading>
<gpsHeading>292.271088</gpsHeading>
<haccuracy>5.529000</haccuracy>
<vaccuracy>5.529000</vaccuracy>
<internetconnect>0</internetconnect>
</trkpt>
<trkpt lat="35.849638" lon="139.031621">
<ele>617.000000</ele>
<time>2026-07-03T23:37:20Z</time>
<speed>1.365956</speed>
<trueHeading>0.000000</trueHeading>
<magneticHeading>0.000000</magneticHeading>
<gpsHeading>297.379395</gpsHeading>
<haccuracy>5.758000</haccuracy>
<vaccuracy>5.758000</vaccuracy>
<internetconnect>0</internetconnect>
</trkpt>
<trkpt lat="35.850037" lon="139.030924">
<ele>618.000000</ele>
<time>2026-07-03T23:38:07Z</time>
<speed>1.628472</speed>
<trueHeading>0.000000</trueHeading>
<magneticHeading>0.000000</magneticHeading>
<gpsHeading>305.235474</gpsHeading>
<haccuracy>5.742000</haccuracy>
<vaccuracy>5.742000</vaccuracy>
<internetconnect>0</internetconnect>
</trkpt>
<trkpt lat="35.850242" lon="139.030136">
<ele>626.666667</ele>
<time>2026-07-03T23:38:54Z</time>
<speed>1.639955</speed>
<trueHeading>0.000000</trueHeading>
<magneticHeading>0.000000</magneticHeading>
<gpsHeading>287.808899</gpsHeading>
<haccuracy>5.222000</haccuracy>
<vaccuracy>5.222000</vaccuracy>
<internetconnect>0</internetconnect>
</trkpt>
<trkpt lat="35.850410" lon="139.029432">
<ele>629.000000</ele>
<time>2026-07-03T23:39:40Z</time>
<speed>1.678712</speed>
<trueHeading>0.000000</trueHeading>
<magneticHeading>0.000000</magneticHeading>
<gpsHeading>286.416565</gpsHeading>
<haccuracy>7.748000</haccuracy>
<vaccuracy>7.748000</vaccuracy>
<internetconnect>0</internetconnect>
</trkpt>
<trkpt lat="35.851050" lon="139.029281">
<ele>639.000000</ele>
<time>2026-07-03T23:40:26Z</time>
<speed>1.632540</speed>
<trueHeading>0.000000</trueHeading>
<magneticHeading>0.000000</magneticHeading>
<gpsHeading>349.149261</gpsHeading>
<haccuracy>5.654000</haccuracy>
<vaccuracy>5.654000</vaccuracy>
<internetconnect>0</internetconnect>
</trkpt>
<trkpt lat="35.850898" lon="139.028469">
<ele>644.000000</ele>
<time>2026-07-03T23:41:13Z</time>
<speed>1.614155</speed>
<trueHeading>0.000000</trueHeading>
<magneticHeading>0.000000</magneticHeading>
<gpsHeading>256.987488</gpsHeading>
<haccuracy>5.422000</haccuracy>
<vaccuracy>5.422000</vaccuracy>
<internetconnect>0</internetconnect>
</trkpt>
<trkpt lat="35.850591" lon="139.027750">
<ele>658.000000</ele>
<time>2026-07-03T23:41:59Z</time>
<speed>1.612312</speed>
<trueHeading>0.000000</trueHeading>
<magneticHeading>0.000000</magneticHeading>
<gpsHeading>242.207260</gpsHeading>
<haccuracy>5.689000</haccuracy>
<vaccuracy>5.689000</vaccuracy>
<internetconnect>0</internetconnect>
</trkpt>
<trkpt lat="35.850920" lon="139.027136">
<ele>655.666667</ele>
<time>2026-07-03T23:42:46Z</time>
<speed>1.640483</speed>
<trueHeading>0.000000</trueHeading>
<magneticHeading>0.000000</magneticHeading>
<gpsHeading>303.487976</gpsHeading>
<haccuracy>5.561000</haccuracy>
<vaccuracy>5.561000</vaccuracy>
<internetconnect>0</internetconnect>
</trkpt>
<trkpt lat="35.851480" lon="139.027179">
<ele>656.333333</ele>
<time>2026-07-03T23:43:33Z</time>
<speed>1.611022</speed>
<trueHeading>0.000000</trueHeading>
<magneticHeading>0.000000</magneticHeading>
<gpsHeading>3.628107</gpsHeading>
<haccuracy>5.272000</haccuracy>
<vaccuracy>5.272000</vaccuracy>
<internetconnect>0</internetconnect>
</trkpt>
<trkpt lat="35.851615" lon="139.026396">
<ele>654.000000</ele>
<time>2026-07-03T23:44:19Z</time>
<speed>1.663164</speed>
<trueHeading>0.000000</trueHeading>
<magneticHeading>0.000000</magneticHeading>
<gpsHeading>282.014374</gpsHeading>
<haccuracy>5.808000</haccuracy>
<vaccuracy>5.808000</vaccuracy>
<internetconnect>0</internetconnect>
</trkpt>
<trkpt lat="35.852037" lon="139.025789">
<ele>661.666667</ele>
<time>2026-07-03T23:45:06Z</time>
<speed>1.654514</speed>
<trueHeading>0.000000</trueHeading>
<magneticHeading>0.000000</magneticHeading>
<gpsHeading>310.590759</gpsHeading>
<haccuracy>5.434000</haccuracy>
<vaccuracy>5.434000</vaccuracy>
<internetconnect>0</internetconnect>
</trkpt>
<trkpt lat="35.852346" lon="139.025096">
<ele>666.000000</ele>
<time>2026-07-03T23:45:53Z</time>
<speed>1.694058</speed>
<trueHeading>0.000000</trueHeading>
<magneticHeading>0.000000</magneticHeading>
<gpsHeading>298.879608</gpsHeading>
<haccuracy>5.644000</haccuracy>
<vaccuracy>5.644000</vaccuracy>
<internetconnect>0</internetconnect>
</trkpt>
<trkpt lat="35.852381" lon="139.024355">
<ele>662.666667</ele>
<time>2026-07-03T23:46:40Z</time>
<speed>1.624303</speed>
<trueHeading>0.000000</trueHeading>
<magneticHeading>0.000000</magneticHeading>
<gpsHeading>273.324280</gpsHeading>
<haccuracy>5.468000</haccuracy>
<vaccuracy>5.468000</vaccuracy>
<internetconnect>0</internetconnect>
</trkpt>
<trkpt lat="35.852482" lon="139.023605">
<ele>662.333333</ele>
<time>2026-07-03T23:47:27Z</time>
<speed>1.672102</speed>
<trueHeading>0.000000</trueHeading>
<magneticHeading>0.000000</magneticHeading>
<gpsHeading>279.426636</gpsHeading>
<haccuracy>5.868000</haccuracy>
<vaccuracy>5.868000</vaccuracy>
<internetconnect>0</internetconnect>
</trkpt>
<trkpt lat="35.852478" lon="139.022784">
<ele>660.333333</ele>
<time>2026-07-03T23:48:14Z</time>
<speed>1.663680</speed>
<trueHeading>0.000000</trueHeading>
<magneticHeading>0.000000</magneticHeading>
<gpsHeading>269.603882</gpsHeading>
<haccuracy>6.591000</haccuracy>
<vaccuracy>6.591000</vaccuracy>
<internetconnect>0</internetconnect>
</trkpt>
<trkpt lat="35.852488" lon="139.021947">
<ele>679.333333</ele>
<time>2026-07-03T23:49:01Z</time>
<speed>1.617321</speed>
<trueHeading>0.000000</trueHeading>
<magneticHeading>0.000000</magneticHeading>
<gpsHeading>270.877655</gpsHeading>
<haccuracy>5.894000</haccuracy>
<vaccuracy>5.894000</vaccuracy>
<internetconnect>0</internetconnect>
</trkpt>
<trkpt lat="35.852377" lon="139.021173">
<ele>692.333333</ele>
<time>2026-07-03T23:49:48Z</time>
<speed>1.409228</speed>
<trueHeading>0.000000</trueHeading>
<magneticHeading>0.000000</magneticHeading>
<gpsHeading>259.970001</gpsHeading>
<haccuracy>5.787000</haccuracy>
<vaccuracy>5.787000</vaccuracy>
<internetconnect>0</internetconnect>
</trkpt>
<trkpt lat="35.852292" lon="139.020427">
<ele>705.000000</ele>
<time>2026-07-03T23:50:35Z</time>
<speed>1.617684</speed>
<trueHeading>0.000000</trueHeading>
<magneticHeading>0.000000</magneticHeading>
<gpsHeading>262.030121</gpsHeading>
<haccuracy>5.996000</haccuracy>
<vaccuracy>5.996000</vaccuracy>
<internetconnect>0</internetconnect>
</trkpt>
<trkpt lat="35.852371" lon="139.019628">
<ele>699.666667</ele>
<time>2026-07-03T23:51:21Z</time>
<speed>1.649272</speed>
<trueHeading>0.000000</trueHeading>
<magneticHeading>0.000000</magneticHeading>
<gpsHeading>276.961090</gpsHeading>
<haccuracy>5.787000</haccuracy>
<vaccuracy>5.787000</vaccuracy>
<internetconnect>0</internetconnect>
</trkpt>
<trkpt lat="35.852604" lon="139.018863">
<ele>695.666667</ele>
<time>2026-07-03T23:52:08Z</time>
<speed>1.643583</speed>
<trueHeading>0.000000</trueHeading>
<magneticHeading>0.000000</magneticHeading>
<gpsHeading>290.574829</gpsHeading>
<haccuracy>5.908000</haccuracy>
<vaccuracy>5.908000</vaccuracy>
<internetconnect>0</internetconnect>
</trkpt>
<trkpt lat="35.852706" lon="139.018073">
<ele>696.666667</ele>
<time>2026-07-03T23:52:58Z</time>
<speed>1.243006</speed>
<trueHeading>0.000000</trueHeading>
<magneticHeading>0.000000</magneticHeading>
<gpsHeading>279.061951</gpsHeading>
<haccuracy>8.999000</haccuracy>
<vaccuracy>8.999000</vaccuracy>
<internetconnect>0</internetconnect>
</trkpt>
<trkpt lat="35.852366" lon="139.017840">
<ele>694.333333</ele>
<time>2026-07-03T23:53:44Z</time>
<speed>1.611873</speed>
<trueHeading>0.000000</trueHeading>
<magneticHeading>0.000000</magneticHeading>
<gpsHeading>209.000504</gpsHeading>
<haccuracy>6.499000</haccuracy>
<vaccuracy>6.499000</vaccuracy>
<internetconnect>0</internetconnect>
</trkpt>
<trkpt lat="35.852151" lon="139.016916">
<ele>695.666667</ele>
<time>2026-07-03T23:54:31Z</time>
<speed>1.537114</speed>
<trueHeading>0.000000</trueHeading>
<magneticHeading>0.000000</magneticHeading>
<gpsHeading>254.023880</gpsHeading>
<haccuracy>6.152000</haccuracy>
<vaccuracy>6.152000</vaccuracy>
<internetconnect>0</internetconnect>
</trkpt>
<trkpt lat="35.852021" lon="139.016433">
<ele>701.333333</ele>
<time>2026-07-03T23:55:19Z</time>
<speed>0.568907</speed>
<trueHeading>0.000000</trueHeading>
<magneticHeading>0.000000</magneticHeading>
<gpsHeading>251.588730</gpsHeading>
<haccuracy>9.349000</haccuracy>
<vaccuracy>9.349000</vaccuracy>
<internetconnect>0</internetconnect>
</trkpt>
<trkpt lat="35.851481" lon="139.016139">
<ele>718.000000</ele>
<time>2026-07-03T23:56:05Z</time>
<speed>1.522742</speed>
<trueHeading>0.000000</trueHeading>
<magneticHeading>0.000000</magneticHeading>
<gpsHeading>203.872284</gpsHeading>
<haccuracy>5.898000</haccuracy>
<vaccuracy>5.898000</vaccuracy>
<internetconnect>0</internetconnect>
</trkpt>
<trkpt lat="35.851129" lon="139.016133">
<ele>717.666667</ele>
<time>2026-07-03T23:56:55Z</time>
<speed>0.314256</speed>
<trueHeading>0.000000</trueHeading>
<magneticHeading>0.000000</magneticHeading>
<gpsHeading>180.790649</gpsHeading>
<haccuracy>4.405000</haccuracy>
<vaccuracy>4.405000</vaccuracy>
<internetconnect>0</internetconnect>
</trkpt>
<trkpt lat="35.850963" lon="139.015198">
<ele>723.333333</ele>
<time>2026-07-03T23:57:43Z</time>
<speed>1.656551</speed>
<trueHeading>0.000000</trueHeading>
<magneticHeading>0.000000</magneticHeading>
<gpsHeading>257.649780</gpsHeading>
<haccuracy>5.302000</haccuracy>
<vaccuracy>5.302000</vaccuracy>
<internetconnect>0</internetconnect>
</trkpt>
<trkpt lat="35.851467" lon="139.014299">
<ele>729.666667</ele>
<time>2026-07-03T23:58:32Z</time>
<speed>1.649888</speed>
<trueHeading>0.000000</trueHeading>
<magneticHeading>0.000000</magneticHeading>
<gpsHeading>304.670929</gpsHeading>
<haccuracy>6.282000</haccuracy>
<vaccuracy>6.282000</vaccuracy>
<internetconnect>0</internetconnect>
</trkpt>
<trkpt lat="35.851465" lon="139.013337">
<ele>749.333333</ele>
<time>2026-07-03T23:59:18Z</time>
<speed>1.669733</speed>
<trueHeading>0.000000</trueHeading>
<magneticHeading>0.000000</magneticHeading>
<gpsHeading>269.897095</gpsHeading>
<haccuracy>5.474000</haccuracy>
<vaccuracy>5.474000</vaccuracy>
<internetconnect>0</internetconnect>
</trkpt>
<trkpt lat="35.850921" lon="139.012783">
<ele>748.000000</ele>
<time>2026-07-04T00:00:06Z</time>
<speed>1.507297</speed>
<trueHeading>0.000000</trueHeading>
<magneticHeading>0.000000</magneticHeading>
<gpsHeading>219.522232</gpsHeading>
<haccuracy>5.277000</haccuracy>
<vaccuracy>5.277000</vaccuracy>
<internetconnect>0</internetconnect>
</trkpt>
<trkpt lat="35.850286" lon="139.012821">
<ele>738.666667</ele>
<time>2026-07-04T00:00:56Z</time>
<speed>0.771026</speed>
<trueHeading>0.000000</trueHeading>
<magneticHeading>0.000000</magneticHeading>
<gpsHeading>177.272400</gpsHeading>
<haccuracy>4.831000</haccuracy>
<vaccuracy>4.831000</vaccuracy>
<internetconnect>0</internetconnect>
</trkpt>
<trkpt lat="35.849988" lon="139.012421">
<ele>739.000000</ele>
<time>2026-07-04T00:01:45Z</time>
<speed>0.253521</speed>
<trueHeading>0.000000</trueHeading>
<magneticHeading>0.000000</magneticHeading>
<gpsHeading>227.343643</gpsHeading>
<haccuracy>4.223000</haccuracy>
<vaccuracy>4.223000</vaccuracy>
<internetconnect>0</internetconnect>
</trkpt>
<trkpt lat="35.850447" lon="139.011736">
<ele>740.666667</ele>
<time>2026-07-04T00:02:34Z</time>
<speed>0.725791</speed>
<trueHeading>0.000000</trueHeading>
<magneticHeading>0.000000</magneticHeading>
<gpsHeading>309.586273</gpsHeading>
<haccuracy>6.586000</haccuracy>
<vaccuracy>6.586000</vaccuracy>
<internetconnect>0</internetconnect>
</trkpt>
<trkpt lat="35.849980" lon="139.011413">
<ele>745.000000</ele>
<time>2026-07-04T00:03:22Z</time>
<speed>0.514575</speed>
<trueHeading>0.000000</trueHeading>
<magneticHeading>0.000000</magneticHeading>
<gpsHeading>209.297241</gpsHeading>
<haccuracy>6.101000</haccuracy>
<vaccuracy>6.101000</vaccuracy>
<internetconnect>0</internetconnect>
</trkpt>
<trkpt lat="35.849327" lon="139.011182">
<ele>755.000000</ele>
<time>2026-07-04T00:04:11Z</time>
<speed>0.284761</speed>
<trueHeading>0.000000</trueHeading>
<magneticHeading>0.000000</magneticHeading>
<gpsHeading>195.985565</gpsHeading>
<haccuracy>4.458000</haccuracy>
<vaccuracy>4.458000</vaccuracy>
<internetconnect>0</internetconnect>
</trkpt>
<trkpt lat="35.849136" lon="139.010528">
<ele>762.000000</ele>
<time>2026-07-04T00:04:59Z</time>
<speed>0.290601</speed>
<trueHeading>0.000000</trueHeading>
<magneticHeading>0.000000</magneticHeading>
<gpsHeading>250.178894</gpsHeading>
<haccuracy>5.667000</haccuracy>
<vaccuracy>5.667000</vaccuracy>
<internetconnect>0</internetconnect>
</trkpt>
<trkpt lat="35.848753" lon="139.009807">
<ele>766.666667</ele>
<time>2026-07-04T00:05:47Z</time>
<speed>1.464817</speed>
<trueHeading>0.000000</trueHeading>
<magneticHeading>0.000000</magneticHeading>
<gpsHeading>236.779877</gpsHeading>
<haccuracy>4.341000</haccuracy>
<vaccuracy>4.341000</vaccuracy>
<internetconnect>0</internetconnect>
</trkpt>
<trkpt lat="35.848547" lon="139.009178">
<ele>768.666667</ele>
<time>2026-07-04T00:06:35Z</time>
<speed>0.465581</speed>
<trueHeading>0.000000</trueHeading>
<magneticHeading>0.000000</magneticHeading>
<gpsHeading>247.928268</gpsHeading>
<haccuracy>4.998000</haccuracy>
<vaccuracy>4.998000</vaccuracy>
<internetconnect>0</internetconnect>
</trkpt>
<trkpt lat="35.849025" lon="139.009227">
<ele>788.333333</ele>
<time>2026-07-04T00:07:24Z</time>
<speed>1.645297</speed>
<trueHeading>0.000000</trueHeading>
<magneticHeading>0.000000</magneticHeading>
<gpsHeading>4.723692</gpsHeading>
<haccuracy>5.461000</haccuracy>
<vaccuracy>5.461000</vaccuracy>
<internetconnect>0</internetconnect>
</trkpt>
<trkpt lat="35.849666" lon="139.009372">
<ele>814.333333</ele>
<time>2026-07-04T00:08:11Z</time>
<speed>1.573420</speed>
<trueHeading>0.000000</trueHeading>
<magneticHeading>0.000000</magneticHeading>
<gpsHeading>10.369081</gpsHeading>
<haccuracy>5.759000</haccuracy>
<vaccuracy>5.759000</vaccuracy>
<internetconnect>0</internetconnect>
</trkpt>
<trkpt lat="35.850178" lon="139.009350">
<ele>843.666667</ele>
<time>2026-07-04T00:08:59Z</time>
<speed>0.431432</speed>
<trueHeading>0.000000</trueHeading>
<magneticHeading>0.000000</magneticHeading>
<gpsHeading>358.048676</gpsHeading>
<haccuracy>4.718000</haccuracy>
<vaccuracy>4.718000</vaccuracy>
<internetconnect>0</internetconnect>
</trkpt>
<trkpt lat="35.850778" lon="139.009737">
<ele>852.666667</ele>
<time>2026-07-04T00:09:49Z</time>
<speed>1.614033</speed>
<trueHeading>0.000000</trueHeading>
<magneticHeading>0.000000</magneticHeading>
<gpsHeading>27.592489</gpsHeading>
<haccuracy>4.340000</haccuracy>
<vaccuracy>4.340000</vaccuracy>
<internetconnect>0</internetconnect>
</trkpt>
<trkpt lat="35.851245" lon="139.009206">
<ele>861.666667</ele>
<time>2026-07-04T00:10:38Z</time>
<speed>1.248256</speed>
<trueHeading>0.000000</trueHeading>
<magneticHeading>0.000000</magneticHeading>
<gpsHeading>317.382294</gpsHeading>
<haccuracy>4.928000</haccuracy>
<vaccuracy>4.928000</vaccuracy>
<internetconnect>0</internetconnect>
</trkpt>
<trkpt lat="35.851493" lon="139.008310">
<ele>851.666667</ele>
<time>2026-07-04T00:11:27Z</time>
<speed>0.804726</speed>
<trueHeading>0.000000</trueHeading>
<magneticHeading>0.000000</magneticHeading>
<gpsHeading>288.816162</gpsHeading>
<haccuracy>4.732000</haccuracy>
<vaccuracy>4.732000</vaccuracy>
<internetconnect>0</internetconnect>
</trkpt>
<trkpt lat="35.851148" lon="139.007296">
<ele>848.666667</ele>
<time>2026-07-04T00:12:16Z</time>
<speed>1.665755</speed>
<trueHeading>0.000000</trueHeading>
<magneticHeading>0.000000</magneticHeading>
<gpsHeading>247.246902</gpsHeading>
<haccuracy>5.252000</haccuracy>
<vaccuracy>5.252000</vaccuracy>
<internetconnect>0</internetconnect>
</trkpt>
<trkpt lat="35.851140" lon="139.006458">
<ele>840.333333</ele>
<time>2026-07-04T00:13:05Z</time>
<speed>1.576667</speed>
<trueHeading>0.000000</trueHeading>
<magneticHeading>0.000000</magneticHeading>
<gpsHeading>269.366699</gpsHeading>
<haccuracy>6.615000</haccuracy>
<vaccuracy>6.615000</vaccuracy>
<internetconnect>0</internetconnect>
</trkpt>
<trkpt lat="35.851326" lon="139.005749">
<ele>835.333333</ele>
<time>2026-07-04T00:13:53Z</time>
<speed>1.630247</speed>
<trueHeading>0.000000</trueHeading>
<magneticHeading>0.000000</magneticHeading>
<gpsHeading>287.916748</gpsHeading>
<haccuracy>6.020000</haccuracy>
<vaccuracy>6.020000</vaccuracy>
<internetconnect>0</internetconnect>
</trkpt>
<trkpt lat="35.851352" lon="139.005369">
<ele>836.666667</ele>
<time>2026-07-04T00:14:42Z</time>
<speed>1.577246</speed>
<trueHeading>0.000000</trueHeading>
<magneticHeading>0.000000</magneticHeading>
<gpsHeading>274.740082</gpsHeading>
<haccuracy>4.077000</haccuracy>
<vaccuracy>4.077000</vaccuracy>
<internetconnect>0</internetconnect>
</trkpt>
<trkpt lat="35.851322" lon="139.004538">
<ele>841.666667</ele>
<time>2026-07-04T00:15:32Z</time>
<speed>0.464015</speed>
<trueHeading>0.000000</trueHeading>
<magneticHeading>0.000000</magneticHeading>
<gpsHeading>267.438507</gpsHeading>
<haccuracy>4.047000</haccuracy>
<vaccuracy>4.047000</vaccuracy>
<internetconnect>0</internetconnect>
</trkpt>
<trkpt lat="35.850659" lon="139.004391">
<ele>845.666667</ele>
<time>2026-07-04T00:16:20Z</time>
<speed>1.659722</speed>
<trueHeading>0.000000</trueHeading>
<magneticHeading>0.000000</magneticHeading>
<gpsHeading>190.216705</gpsHeading>
<haccuracy>4.730000</haccuracy>
<vaccuracy>4.730000</vaccuracy>
<internetconnect>0</internetconnect>
</trkpt>
<trkpt lat="35.850035" lon="139.004443">
<ele>846.666667</ele>
<time>2026-07-04T00:17:08Z</time>
<speed>1.148958</speed>
<trueHeading>0.000000</trueHeading>
<magneticHeading>0.000000</magneticHeading>
<gpsHeading>176.104279</gpsHeading>
<haccuracy>5.425000</haccuracy>
<vaccuracy>5.425000</vaccuracy>
<internetconnect>0</internetconnect>
</trkpt>
<trkpt lat="35.849783" lon="139.003879">
<ele>857.000000</ele>
<time>2026-07-04T00:17:58Z</time>
<speed>1.616827</speed>
<trueHeading>0.000000</trueHeading>
<magneticHeading>0.000000</magneticHeading>
<gpsHeading>241.133728</gpsHeading>
<haccuracy>5.214000</haccuracy>
<vaccuracy>5.214000</vaccuracy>
<internetconnect>0</internetconnect>
</trkpt>
<trkpt lat="35.850113" lon="139.003232">
<ele>873.000000</ele>
<time>2026-07-04T00:18:47Z</time>
<speed>1.602572</speed>
<trueHeading>0.000000</trueHeading>
<magneticHeading>0.000000</magneticHeading>
<gpsHeading>302.203735</gpsHeading>
<haccuracy>5.815000</haccuracy>
<vaccuracy>5.815000</vaccuracy>
<internetconnect>0</internetconnect>
</trkpt>
<trkpt lat="35.850027" lon="139.002401">
<ele>890.666667</ele>
<time>2026-07-04T00:19:35Z</time>
<speed>1.532050</speed>
<trueHeading>0.000000</trueHeading>
<magneticHeading>0.000000</magneticHeading>
<gpsHeading>262.722229</gpsHeading>
<haccuracy>6.315000</haccuracy>
<vaccuracy>6.315000</vaccuracy>
<internetconnect>0</internetconnect>
</trkpt>
<trkpt lat="35.850300" lon="139.002326">
<ele>896.333333</ele>
<time>2026-07-04T00:20:47Z</time>
<speed>1.085773</speed>
<trueHeading>0.000000</trueHeading>
<magneticHeading>0.000000</magneticHeading>
<gpsHeading>347.314880</gpsHeading>
<haccuracy>5.457000</haccuracy>
<vaccuracy>5.457000</vaccuracy>
<internetconnect>0</internetconnect>
</trkpt>
<trkpt lat="35.850720" lon="139.001724">
<ele>910.333333</ele>
<time>2026-07-04T00:21:36Z</time>
<speed>1.638568</speed>
<trueHeading>0.000000</trueHeading>
<magneticHeading>0.000000</magneticHeading>
<gpsHeading>310.691010</gpsHeading>
<haccuracy>5.157000</haccuracy>
<vaccuracy>5.157000</vaccuracy>
<internetconnect>0</internetconnect>
</trkpt>
<trkpt lat="35.851253" lon="139.001654">
<ele>922.333333</ele>
<time>2026-07-04T00:22:23Z</time>
<speed>1.614799</speed>
<trueHeading>0.000000</trueHeading>
<magneticHeading>0.000000</magneticHeading>
<gpsHeading>353.923035</gpsHeading>
<haccuracy>6.804000</haccuracy>
<vaccuracy>6.804000</vaccuracy>
<internetconnect>0</internetconnect>
</trkpt>
<trkpt lat="35.851704" lon="139.001195">
<ele>944.666667</ele>
<time>2026-07-04T00:23:11Z</time>
<speed>1.158664</speed>
<trueHeading>0.000000</trueHeading>
<magneticHeading>0.000000</magneticHeading>
<gpsHeading>320.504883</gpsHeading>
<haccuracy>6.147000</haccuracy>
<vaccuracy>6.147000</vaccuracy>
<internetconnect>0</internetconnect>
</trkpt>
<trkpt lat="35.852328" lon="139.001115">
<ele>953.666667</ele>
<time>2026-07-04T00:23:58Z</time>
<speed>1.626621</speed>
<trueHeading>0.000000</trueHeading>
<magneticHeading>0.000000</magneticHeading>
<gpsHeading>354.096741</gpsHeading>
<haccuracy>5.845000</haccuracy>
<vaccuracy>5.845000</vaccuracy>
<internetconnect>0</internetconnect>
</trkpt>
<trkpt lat="35.852677" lon="139.000727">
<ele>941.666667</ele>
<time>2026-07-04T00:24:46Z</time>
<speed>0.153360</speed>
<trueHeading>0.000000</trueHeading>
<magneticHeading>0.000000</magneticHeading>
<gpsHeading>317.999115</gpsHeading>
<haccuracy>4.694000</haccuracy>
<vaccuracy>4.694000</vaccuracy>
<internetconnect>0</internetconnect>
</trkpt>
<trkpt lat="35.852156" lon="138.999833">
<ele>920.000000</ele>
<time>2026-07-04T00:26:26Z</time>
<speed>1.305248</speed>
<trueHeading>0.000000</trueHeading>
<magneticHeading>0.000000</magneticHeading>
<gpsHeading>234.246323</gpsHeading>
<haccuracy>6.151000</haccuracy>
<vaccuracy>6.151000</vaccuracy>
<internetconnect>0</internetconnect>
</trkpt>
<trkpt lat="35.851697" lon="138.999255">
<ele>904.333333</ele>
<time>2026-07-04T00:27:13Z</time>
<speed>1.564465</speed>
<trueHeading>0.000000</trueHeading>
<magneticHeading>0.000000</magneticHeading>
<gpsHeading>225.612167</gpsHeading>
<haccuracy>5.373000</haccuracy>
<vaccuracy>5.373000</vaccuracy>
<internetconnect>0</internetconnect>
</trkpt>
<trkpt lat="35.851410" lon="138.998686">
<ele>915.666667</ele>
<time>2026-07-04T00:28:01Z</time>
<speed>1.600441</speed>
<trueHeading>0.000000</trueHeading>
<magneticHeading>0.000000</magneticHeading>
<gpsHeading>238.079147</gpsHeading>
<haccuracy>5.720000</haccuracy>
<vaccuracy>5.720000</vaccuracy>
<internetconnect>0</internetconnect>
</trkpt>
<trkpt lat="35.851053" lon="138.998226">
<ele>924.333333</ele>
<time>2026-07-04T00:28:49Z</time>
<speed>1.276060</speed>
<trueHeading>0.000000</trueHeading>
<magneticHeading>0.000000</magneticHeading>
<gpsHeading>226.294724</gpsHeading>
<haccuracy>6.463000</haccuracy>
<vaccuracy>6.463000</vaccuracy>
<internetconnect>0</internetconnect>
</trkpt>
<trkpt lat="35.850386" lon="138.997943">
<ele>927.666667</ele>
<time>2026-07-04T00:29:37Z</time>
<speed>1.577062</speed>
<trueHeading>0.000000</trueHeading>
<magneticHeading>0.000000</magneticHeading>
<gpsHeading>198.979279</gpsHeading>
<haccuracy>5.022000</haccuracy>
<vaccuracy>5.022000</vaccuracy>
<internetconnect>0</internetconnect>
</trkpt>
<trkpt lat="35.850355" lon="138.997217">
<ele>926.000000</ele>
<time>2026-07-04T00:30:24Z</time>
<speed>1.620225</speed>
<trueHeading>0.000000</trueHeading>
<magneticHeading>0.000000</magneticHeading>
<gpsHeading>266.942657</gpsHeading>
<haccuracy>5.330000</haccuracy>
<vaccuracy>5.330000</vaccuracy>
<internetconnect>0</internetconnect>
</trkpt>
<trkpt lat="35.850002" lon="138.996560">
<ele>926.000000</ele>
<time>2026-07-04T00:31:11Z</time>
<speed>1.575738</speed>
<trueHeading>0.000000</trueHeading>
<magneticHeading>0.000000</magneticHeading>
<gpsHeading>236.510193</gpsHeading>
<haccuracy>5.611000</haccuracy>
<vaccuracy>5.611000</vaccuracy>
<internetconnect>0</internetconnect>
</trkpt>
<trkpt lat="35.849494" lon="138.996357">
<ele>932.000000</ele>
<time>2026-07-04T00:31:58Z</time>
<speed>1.585768</speed>
<trueHeading>0.000000</trueHeading>
<magneticHeading>0.000000</magneticHeading>
<gpsHeading>197.897705</gpsHeading>
<haccuracy>5.027000</haccuracy>
<vaccuracy>5.027000</vaccuracy>
<internetconnect>0</internetconnect>
</trkpt>
<trkpt lat="35.849501" lon="138.995569">
<ele>941.666667</ele>
<time>2026-07-04T00:32:45Z</time>
<speed>1.602745</speed>
<trueHeading>0.000000</trueHeading>
<magneticHeading>0.000000</magneticHeading>
<gpsHeading>270.681030</gpsHeading>
<haccuracy>5.415000</haccuracy>
<vaccuracy>5.415000</vaccuracy>
<internetconnect>0</internetconnect>
</trkpt>
<trkpt lat="35.849632" lon="138.994995">
<ele>953.333333</ele>
<time>2026-07-04T00:33:34Z</time>
<speed>0.491809</speed>
<trueHeading>0.000000</trueHeading>
<magneticHeading>0.000000</magneticHeading>
<gpsHeading>285.707642</gpsHeading>
<haccuracy>5.448000</haccuracy>
<vaccuracy>5.448000</vaccuracy>
<internetconnect>0</internetconnect>
</trkpt>
<trkpt lat="35.849857" lon="138.994302">
<ele>968.666667</ele>
<time>2026-07-04T00:34:22Z</time>
<speed>1.656018</speed>
<trueHeading>0.000000</trueHeading>
<magneticHeading>0.000000</magneticHeading>
<gpsHeading>291.846161</gpsHeading>
<haccuracy>5.281000</haccuracy>
<vaccuracy>5.281000</vaccuracy>
<internetconnect>0</internetconnect>
</trkpt>
<trkpt lat="35.850457" lon="138.994385">
<ele>986.333333</ele>
<time>2026-07-04T00:35:11Z</time>
<speed>1.414510</speed>
<trueHeading>0.000000</trueHeading>
<magneticHeading>0.000000</magneticHeading>
<gpsHeading>6.340674</gpsHeading>
<haccuracy>5.204000</haccuracy>
<vaccuracy>5.204000</vaccuracy>
<internetconnect>0</internetconnect>
</trkpt>
<trkpt lat="35.851177" lon="138.994477">
<ele>988.000000</ele>
<time>2026-07-04T00:35:58Z</time>
<speed>1.628363</speed>
<trueHeading>0.000000</trueHeading>
<magneticHeading>0.000000</magneticHeading>
<gpsHeading>5.943286</gpsHeading>
<haccuracy>6.016000</haccuracy>
<vaccuracy>6.016000</vaccuracy>
<internetconnect>0</internetconnect>
</trkpt>
<trkpt lat="35.851372" lon="138.993633">
<ele>987.666667</ele>
<time>2026-07-04T00:36:45Z</time>
<speed>1.342125</speed>
<trueHeading>0.000000</trueHeading>
<magneticHeading>0.000000</magneticHeading>
<gpsHeading>285.947571</gpsHeading>
<haccuracy>5.459000</haccuracy>
<vaccuracy>5.459000</vaccuracy>
<internetconnect>0</internetconnect>
</trkpt>
<trkpt lat="35.850925" lon="138.992757">
<ele>983.666667</ele>
<time>2026-07-04T00:37:34Z</time>
<speed>0.405470</speed>
<trueHeading>0.000000</trueHeading>
<magneticHeading>0.000000</magneticHeading>
<gpsHeading>237.746552</gpsHeading>
<haccuracy>5.475000</haccuracy>
<vaccuracy>5.475000</vaccuracy>
<internetconnect>0</internetconnect>
</trkpt>
<trkpt lat="35.850688" lon="138.992172">
<ele>1003.333333</ele>
<time>2026-07-04T00:38:23Z</time>
<speed>1.623934</speed>
<trueHeading>0.000000</trueHeading>
<magneticHeading>0.000000</magneticHeading>
<gpsHeading>243.487762</gpsHeading>
<haccuracy>6.404000</haccuracy>
<vaccuracy>6.404000</vaccuracy>
<internetconnect>0</internetconnect>
</trkpt>
<trkpt lat="35.850736" lon="138.991493">
<ele>1019.000000</ele>
<time>2026-07-04T00:39:11Z</time>
<speed>1.207380</speed>
<trueHeading>0.000000</trueHeading>
<magneticHeading>0.000000</magneticHeading>
<gpsHeading>275.023590</gpsHeading>
<haccuracy>5.757000</haccuracy>
<vaccuracy>5.757000</vaccuracy>
<internetconnect>0</internetconnect>
</trkpt>
<trkpt lat="35.850682" lon="138.990682">
<ele>1022.333333</ele>
<time>2026-07-04T00:39:59Z</time>
<speed>1.589540</speed>
<trueHeading>0.000000</trueHeading>
<magneticHeading>0.000000</magneticHeading>
<gpsHeading>265.258209</gpsHeading>
<haccuracy>5.509000</haccuracy>
<vaccuracy>5.509000</vaccuracy>
<internetconnect>0</internetconnect>
</trkpt>
<trkpt lat="35.850442" lon="138.989991">
<ele>1020.666667</ele>
<time>2026-07-04T00:40:46Z</time>
<speed>1.628309</speed>
<trueHeading>0.000000</trueHeading>
<magneticHeading>0.000000</magneticHeading>
<gpsHeading>246.833252</gpsHeading>
<haccuracy>5.579000</haccuracy>
<vaccuracy>5.579000</vaccuracy>
<internetconnect>0</internetconnect>
</trkpt>
<trkpt lat="35.849787" lon="138.989651">
<ele>1021.333333</ele>
<time>2026-07-04T00:41:32Z</time>
<speed>1.745079</speed>
<trueHeading>0.000000</trueHeading>
<magneticHeading>0.000000</magneticHeading>
<gpsHeading>202.809509</gpsHeading>
<haccuracy>5.557000</haccuracy>
<vaccuracy>5.557000</vaccuracy>
<internetconnect>0</internetconnect>
</trkpt>
<trkpt lat="35.849304" lon="138.989094">
<ele>1025.333333</ele>
<time>2026-07-04T00:42:20Z</time>
<speed>1.614397</speed>
<trueHeading>0.000000</trueHeading>
<magneticHeading>0.000000</magneticHeading>
<gpsHeading>223.085953</gpsHeading>
<haccuracy>5.491000</haccuracy>
<vaccuracy>5.491000</vaccuracy>
<internetconnect>0</internetconnect>
</trkpt>
<trkpt lat="35.849346" lon="138.988400">
<ele>1026.000000</ele>
<time>2026-07-04T00:43:07Z</time>
<speed>1.570002</speed>
<trueHeading>0.000000</trueHeading>
<magneticHeading>0.000000</magneticHeading>
<gpsHeading>274.246643</gpsHeading>
<haccuracy>6.243000</haccuracy>
<vaccuracy>6.243000</vaccuracy>
<internetconnect>0</internetconnect>
</trkpt>
<trkpt lat="35.849344" lon="138.987656">
<ele>1021.333333</ele>
<time>2026-07-04T00:43:56Z</time>
<speed>0.399764</speed>
<trueHeading>0.000000</trueHeading>
<magneticHeading>0.000000</magneticHeading>
<gpsHeading>269.762451</gpsHeading>
<haccuracy>5.263000</haccuracy>
<vaccuracy>5.263000</vaccuracy>
<internetconnect>0</internetconnect>
</trkpt>
<trkpt lat="35.849042" lon="138.986858">
<ele>1019.000000</ele>
<time>2026-07-04T00:44:43Z</time>
<speed>1.630349</speed>
<trueHeading>0.000000</trueHeading>
<magneticHeading>0.000000</magneticHeading>
<gpsHeading>244.979691</gpsHeading>
<haccuracy>5.895000</haccuracy>
<vaccuracy>5.895000</vaccuracy>
<internetconnect>0</internetconnect>
</trkpt>
<trkpt lat="35.848881" lon="138.986302">
<ele>1025.666667</ele>
<time>2026-07-04T00:45:31Z</time>
<speed>0.458603</speed>
<trueHeading>0.000000</trueHeading>
<magneticHeading>0.000000</magneticHeading>
<gpsHeading>250.365128</gpsHeading>
<haccuracy>4.438000</haccuracy>
<vaccuracy>4.438000</vaccuracy>
<internetconnect>0</internetconnect>
</trkpt>
<trkpt lat="35.849547" lon="138.986477">
<ele>1043.000000</ele>
<time>2026-07-04T00:46:18Z</time>
<speed>1.639493</speed>
<trueHeading>0.000000</trueHeading>
<magneticHeading>0.000000</magneticHeading>
<gpsHeading>12.008739</gpsHeading>
<haccuracy>4.043000</haccuracy>
<vaccuracy>4.043000</vaccuracy>
<internetconnect>0</internetconnect>
</trkpt>
<trkpt lat="35.850097" lon="138.986793">
<ele>1058.000000</ele>
<time>2026-07-04T00:47:06Z</time>
<speed>0.867275</speed>
<trueHeading>0.000000</trueHeading>
<magneticHeading>0.000000</magneticHeading>
<gpsHeading>25.006109</gpsHeading>
<haccuracy>7.798000</haccuracy>
<vaccuracy>7.798000</vaccuracy>
<internetconnect>0</internetconnect>
</trkpt>
<trkpt lat="35.850752" lon="138.986394">
<ele>1063.666667</ele>
<time>2026-07-04T00:47:55Z</time>
<speed>1.021239</speed>
<trueHeading>0.000000</trueHeading>
<magneticHeading>0.000000</magneticHeading>
<gpsHeading>333.695953</gpsHeading>
<haccuracy>5.515000</haccuracy>
<vaccuracy>5.515000</vaccuracy>
<internetconnect>0</internetconnect>
</trkpt>
<trkpt lat="35.851131" lon="138.985591">
<ele>1060.000000</ele>
<time>2026-07-04T00:48:42Z</time>
<speed>1.639078</speed>
<trueHeading>0.000000</trueHeading>
<magneticHeading>0.000000</magneticHeading>
<gpsHeading>300.202240</gpsHeading>
<haccuracy>5.864000</haccuracy>
<vaccuracy>5.864000</vaccuracy>
<internetconnect>0</internetconnect>
</trkpt>
<trkpt lat="35.851560" lon="138.985015">
<ele>1067.333333</ele>
<time>2026-07-04T00:49:30Z</time>
<speed>1.533300</speed>
<trueHeading>0.000000</trueHeading>
<magneticHeading>0.000000</magneticHeading>
<gpsHeading>312.615814</gpsHeading>
<haccuracy>9.029000</haccuracy>
<vaccuracy>9.029000</vaccuracy>
<internetconnect>0</internetconnect>
</trkpt>
<trkpt lat="35.852168" lon="138.985126">
<ele>1072.000000</ele>
<time>2026-07-04T00:50:19Z</time>
<speed>1.594255</speed>
<trueHeading>0.000000</trueHeading>
<magneticHeading>0.000000</magneticHeading>
<gpsHeading>8.415287</gpsHeading>
<haccuracy>5.907000</haccuracy>
<vaccuracy>5.907000</vaccuracy>
<internetconnect>0</internetconnect>
</trkpt>
<trkpt lat="35.852862" lon="138.984991">
<ele>1078.000000</ele>
<time>2026-07-04T00:51:08Z</time>
<speed>1.350000</speed>
<trueHeading>0.000000</trueHeading>
<magneticHeading>0.000000</magneticHeading>
<gpsHeading>351.050415</gpsHeading>
<haccuracy>10.500000</haccuracy>
<vaccuracy>10.500000</vaccuracy>
<internetconnect>0</internetconnect>
</trkpt>
<trkpt lat="35.853583" lon="138.985020">
<ele>1072.000000</ele>
<time>2026-07-04T00:51:58Z</time>
<speed>1.370000</speed>
<trueHeading>0.000000</trueHeading>
<magneticHeading>0.000000</magneticHeading>
<gpsHeading>1.815493</gpsHeading>
<haccuracy>10.611000</haccuracy>
<vaccuracy>10.611000</vaccuracy>
<internetconnect>0</internetconnect>
</trkpt>
<trkpt lat="35.853834" lon="138.984144">
<ele>1073.000000</ele>
<time>2026-07-04T00:52:48Z</time>
<speed>1.320000</speed>
<trueHeading>0.000000</trueHeading>
<magneticHeading>0.000000</magneticHeading>
<gpsHeading>289.480591</gpsHeading>
<haccuracy>10.556000</haccuracy>
<vaccuracy>10.556000</vaccuracy>
<internetconnect>0</internetconnect>
</trkpt>
<trkpt lat="35.853539" lon="138.983224">
<ele>1070.000000</ele>
<time>2026-07-04T00:53:38Z</time>
<speed>1.300000</speed>
<trueHeading>0.000000</trueHeading>
<magneticHeading>0.000000</magneticHeading>
<gpsHeading>248.389420</gpsHeading>
<haccuracy>10.239000</haccuracy>
<vaccuracy>10.239000</vaccuracy>
<internetconnect>0</internetconnect>
</trkpt>
<trkpt lat="35.853549" lon="138.982670">
<ele>1074.666667</ele>
<time>2026-07-04T00:54:36Z</time>
<speed>1.190000</speed>
<trueHeading>0.000000</trueHeading>
<magneticHeading>0.000000</magneticHeading>
<gpsHeading>271.300842</gpsHeading>
<haccuracy>9.665000</haccuracy>
<vaccuracy>9.665000</vaccuracy>
<internetconnect>0</internetconnect>
</trkpt>
<trkpt lat="35.853815" lon="138.982030">
<ele>1074.666667</ele>
<time>2026-07-04T00:55:25Z</time>
<speed>1.579743</speed>
<trueHeading>0.000000</trueHeading>
<magneticHeading>0.000000</magneticHeading>
<gpsHeading>297.122101</gpsHeading>
<haccuracy>3.190000</haccuracy>
<vaccuracy>3.190000</vaccuracy>
<internetconnect>0</internetconnect>
</trkpt>
<trkpt lat="35.854473" lon="138.981836">
<ele>1074.666667</ele>
<time>2026-07-04T00:56:13Z</time>
<speed>1.881963</speed>
<trueHeading>0.000000</trueHeading>
<magneticHeading>0.000000</magneticHeading>
<gpsHeading>346.580383</gpsHeading>
<haccuracy>5.874000</haccuracy>
<vaccuracy>5.874000</vaccuracy>
<internetconnect>0</internetconnect>
</trkpt>
<trkpt lat="35.854679" lon="138.981259">
<ele>1072.666667</ele>
<time>2026-07-04T00:57:05Z</time>
<speed>0.260150</speed>
<trueHeading>0.000000</trueHeading>
<magneticHeading>0.000000</magneticHeading>
<gpsHeading>293.798584</gpsHeading>
<haccuracy>6.838000</haccuracy>
<vaccuracy>6.838000</vaccuracy>
<internetconnect>0</internetconnect>
</trkpt>
<trkpt lat="35.854941" lon="138.980780">
<ele>1068.000000</ele>
<time>2026-07-04T00:57:58Z</time>
<speed>0.770695</speed>
<trueHeading>0.000000</trueHeading>
<magneticHeading>0.000000</magneticHeading>
<gpsHeading>303.979553</gpsHeading>
<haccuracy>5.383000</haccuracy>
<vaccuracy>5.383000</vaccuracy>
<internetconnect>0</internetconnect>
</trkpt>
<trkpt lat="35.854790" lon="138.980407">
<ele>1060.333333</ele>
<time>2026-07-04T00:58:47Z</time>
<speed>0.606691</speed>
<trueHeading>0.000000</trueHeading>
<magneticHeading>0.000000</magneticHeading>
<gpsHeading>243.395096</gpsHeading>
<haccuracy>7.758000</haccuracy>
<vaccuracy>7.758000</vaccuracy>
<internetconnect>0</internetconnect>
</trkpt>
<trkpt lat="35.854722" lon="138.979950">
<ele>1049.666667</ele>
<time>2026-07-04T00:59:37Z</time>
<speed>0.498445</speed>
<trueHeading>0.000000</trueHeading>
<magneticHeading>0.000000</magneticHeading>
<gpsHeading>259.661499</gpsHeading>
<haccuracy>5.903000</haccuracy>
<vaccuracy>5.903000</vaccuracy>
<internetconnect>0</internetconnect>
</trkpt>
<trkpt lat="35.854689" lon="138.979584">
<ele>1042.666667</ele>
<time>2026-07-04T01:00:32Z</time>
<speed>0.192645</speed>
<trueHeading>0.000000</trueHeading>
<magneticHeading>0.000000</magneticHeading>
<gpsHeading>263.733704</gpsHeading>
<haccuracy>6.949000</haccuracy>
<vaccuracy>6.949000</vaccuracy>
<internetconnect>0</internetconnect>
</trkpt>
<trkpt lat="35.854694" lon="138.979222">
<ele>1045.666667</ele>
<time>2026-07-04T01:02:02Z</time>
<speed>1.205510</speed>
<trueHeading>0.000000</trueHeading>
<magneticHeading>0.000000</magneticHeading>
<gpsHeading>270.899445</gpsHeading>
<haccuracy>4.639000</haccuracy>
<vaccuracy>4.639000</vaccuracy>
<internetconnect>0</internetconnect>
</trkpt>
<trkpt lat="35.854819" lon="138.978849">
<ele>1054.000000</ele>
<time>2026-07-04T01:02:50Z</time>
<speed>1.284146</speed>
<trueHeading>0.000000</trueHeading>
<magneticHeading>0.000000</magneticHeading>
<gpsHeading>292.496063</gpsHeading>
<haccuracy>7.341000</haccuracy>
<vaccuracy>7.341000</vaccuracy>
<internetconnect>0</internetconnect>
</trkpt>
<trkpt lat="35.855150" lon="138.978981">
<ele>1073.333333</ele>
<time>2026-07-04T01:03:38Z</time>
<speed>0.907282</speed>
<trueHeading>0.000000</trueHeading>
<magneticHeading>0.000000</magneticHeading>
<gpsHeading>17.812897</gpsHeading>
<haccuracy>6.115000</haccuracy>
<vaccuracy>6.115000</vaccuracy>
<internetconnect>0</internetconnect>
</trkpt>
<trkpt lat="35.854870" lon="138.978441">
<ele>1086.333333</ele>
<time>2026-07-04T01:04:25Z</time>
<speed>0.850100</speed>
<trueHeading>0.000000</trueHeading>
<magneticHeading>0.000000</magneticHeading>
<gpsHeading>237.371643</gpsHeading>
<haccuracy>5.760000</haccuracy>
<vaccuracy>5.760000</vaccuracy>
<internetconnect>0</internetconnect>
</trkpt>
<trkpt lat="35.855155" lon="138.978535">
<ele>1106.333333</ele>
<time>2026-07-04T01:05:14Z</time>
<speed>1.147548</speed>
<trueHeading>0.000000</trueHeading>
<magneticHeading>0.000000</magneticHeading>
<gpsHeading>15.001856</gpsHeading>
<haccuracy>4.512000</haccuracy>
<vaccuracy>4.512000</vaccuracy>
<internetconnect>0</internetconnect>
</trkpt>
<trkpt lat="35.855181" lon="138.978177">
<ele>1119.666667</ele>
<time>2026-07-04T01:06:34Z</time>
<speed>1.010269</speed>
<trueHeading>0.000000</trueHeading>
<magneticHeading>0.000000</magneticHeading>
<gpsHeading>275.131409</gpsHeading>
<haccuracy>5.149000</haccuracy>
<vaccuracy>5.149000</vaccuracy>
<internetconnect>0</internetconnect>
</trkpt>
<trkpt lat="35.854830" lon="138.977904">
<ele>1131.666667</ele>
<time>2026-07-04T01:07:23Z</time>
<speed>1.288785</speed>
<trueHeading>0.000000</trueHeading>
<magneticHeading>0.000000</magneticHeading>
<gpsHeading>212.151123</gpsHeading>
<haccuracy>5.414000</haccuracy>
<vaccuracy>5.414000</vaccuracy>
<internetconnect>0</internetconnect>
</trkpt>
<trkpt lat="35.854470" lon="138.977994">
<ele>1133.333333</ele>
<time>2026-07-04T01:08:11Z</time>
<speed>0.861953</speed>
<trueHeading>0.000000</trueHeading>
<magneticHeading>0.000000</magneticHeading>
<gpsHeading>168.604263</gpsHeading>
<haccuracy>7.389000</haccuracy>
<vaccuracy>7.389000</vaccuracy>
<internetconnect>0</internetconnect>
</trkpt>
<trkpt lat="35.854280" lon="138.978071">
<ele>1131.666667</ele>
<time>2026-07-04T01:10:45Z</time>
<speed>0.234423</speed>
<trueHeading>0.000000</trueHeading>
<magneticHeading>0.000000</magneticHeading>
<gpsHeading>161.736221</gpsHeading>
<haccuracy>6.710000</haccuracy>
<vaccuracy>6.710000</vaccuracy>
<internetconnect>0</internetconnect>
</trkpt>
<trkpt lat="35.854242" lon="138.978042">
<ele>1131.333333</ele>
<time>2026-07-04T01:13:45Z</time>
<speed>0.187215</speed>
<trueHeading>0.000000</trueHeading>
<magneticHeading>0.000000</magneticHeading>
<gpsHeading>211.097107</gpsHeading>
<haccuracy>5.024000</haccuracy>
<vaccuracy>5.024000</vaccuracy>
<internetconnect>0</internetconnect>
</trkpt>
<trkpt lat="35.854250" lon="138.978051">
<ele>1132.000000</ele>
<time>2026-07-04T01:16:42Z</time>
<speed>0.112535</speed>
<trueHeading>0.000000</trueHeading>
<magneticHeading>0.000000</magneticHeading>
<gpsHeading>39.369423</gpsHeading>
<haccuracy>4.066000</haccuracy>
<vaccuracy>4.066000</vaccuracy>
<internetconnect>0</internetconnect>
</trkpt>
<trkpt lat="35.854291" lon="138.978032">
<ele>1137.666667</ele>
<time>2026-07-04T01:24:29Z</time>
<speed>0.130906</speed>
<trueHeading>0.000000</trueHeading>
<magneticHeading>0.000000</magneticHeading>
<gpsHeading>340.079926</gpsHeading>
<haccuracy>3.000000</haccuracy>
<vaccuracy>3.000000</vaccuracy>
<internetconnect>0</internetconnect>
</trkpt>
<trkpt lat="35.854742" lon="138.977653">
<ele>1146.666667</ele>
<time>2026-07-04T01:25:16Z</time>
<speed>1.079868</speed>
<trueHeading>0.000000</trueHeading>
<magneticHeading>0.000000</magneticHeading>
<gpsHeading>325.725525</gpsHeading>
<haccuracy>4.913000</haccuracy>
<vaccuracy>4.913000</vaccuracy>
<internetconnect>0</internetconnect>
</trkpt>
<trkpt lat="35.855038" lon="138.977591">
<ele>1154.000000</ele>
<time>2026-07-04T01:26:09Z</time>
<speed>1.211042</speed>
<trueHeading>0.000000</trueHeading>
<magneticHeading>0.000000</magneticHeading>
<gpsHeading>350.455841</gpsHeading>
<haccuracy>5.484000</haccuracy>
<vaccuracy>5.484000</vaccuracy>
<internetconnect>0</internetconnect>
</trkpt>
<trkpt lat="35.855474" lon="138.977684">
<ele>1158.333333</ele>
<time>2026-07-04T01:26:56Z</time>
<speed>1.159776</speed>
<trueHeading>0.000000</trueHeading>
<magneticHeading>0.000000</magneticHeading>
<gpsHeading>9.795224</gpsHeading>
<haccuracy>5.313000</haccuracy>
<vaccuracy>5.313000</vaccuracy>
<internetconnect>0</internetconnect>
</trkpt>
<trkpt lat="35.855959" lon="138.977635">
<ele>1162.333333</ele>
<time>2026-07-04T01:27:44Z</time>
<speed>1.299786</speed>
<trueHeading>0.000000</trueHeading>
<magneticHeading>0.000000</magneticHeading>
<gpsHeading>355.323486</gpsHeading>
<haccuracy>5.221000</haccuracy>
<vaccuracy>5.221000</vaccuracy>
<internetconnect>0</internetconnect>
</trkpt>
<trkpt lat="35.856237" lon="138.977428">
<ele>1172.333333</ele>
<time>2026-07-04T01:28:33Z</time>
<speed>1.102648</speed>
<trueHeading>0.000000</trueHeading>
<magneticHeading>0.000000</magneticHeading>
<gpsHeading>328.812897</gpsHeading>
<haccuracy>4.636000</haccuracy>
<vaccuracy>4.636000</vaccuracy>
<internetconnect>0</internetconnect>
</trkpt>
<trkpt lat="35.856480" lon="138.977237">
<ele>1183.333333</ele>
<time>2026-07-04T01:29:21Z</time>
<speed>1.017529</speed>
<trueHeading>0.000000</trueHeading>
<magneticHeading>0.000000</magneticHeading>
<gpsHeading>327.543518</gpsHeading>
<haccuracy>5.339000</haccuracy>
<vaccuracy>5.339000</vaccuracy>
<internetconnect>0</internetconnect>
</trkpt>
<trkpt lat="35.856714" lon="138.977047">
<ele>1195.666667</ele>
<time>2026-07-04T01:30:13Z</time>
<speed>1.126126</speed>
<trueHeading>0.000000</trueHeading>
<magneticHeading>0.000000</magneticHeading>
<gpsHeading>326.740723</gpsHeading>
<haccuracy>5.304000</haccuracy>
<vaccuracy>5.304000</vaccuracy>
<internetconnect>0</internetconnect>
</trkpt>
<trkpt lat="35.856784" lon="138.976696">
<ele>1207.333333</ele>
<time>2026-07-04T01:31:15Z</time>
<speed>1.006613</speed>
<trueHeading>0.000000</trueHeading>
<magneticHeading>0.000000</magneticHeading>
<gpsHeading>283.713715</gpsHeading>
<haccuracy>6.109000</haccuracy>
<vaccuracy>6.109000</vaccuracy>
<internetconnect>0</internetconnect>
</trkpt>
<trkpt lat="35.856944" lon="138.976413">
<ele>1220.000000</ele>
<time>2026-07-04T01:32:26Z</time>
<speed>1.025401</speed>
<trueHeading>0.000000</trueHeading>
<magneticHeading>0.000000</magneticHeading>
<gpsHeading>304.877411</gpsHeading>
<haccuracy>4.537000</haccuracy>
<vaccuracy>4.537000</vaccuracy>
<internetconnect>0</internetconnect>
</trkpt>
<trkpt lat="35.857113" lon="138.976130">
<ele>1230.666667</ele>
<time>2026-07-04T01:33:18Z</time>
<speed>1.002080</speed>
<trueHeading>0.000000</trueHeading>
<magneticHeading>0.000000</magneticHeading>
<gpsHeading>306.477020</gpsHeading>
<haccuracy>7.005000</haccuracy>
<vaccuracy>7.005000</vaccuracy>
<internetconnect>0</internetconnect>
</trkpt>
<trkpt lat="35.857044" lon="138.975795">
<ele>1243.333333</ele>
<time>2026-07-04T01:34:26Z</time>
<speed>1.013448</speed>
<trueHeading>0.000000</trueHeading>
<magneticHeading>0.000000</magneticHeading>
<gpsHeading>255.720642</gpsHeading>
<haccuracy>6.890000</haccuracy>
<vaccuracy>6.890000</vaccuracy>
<internetconnect>0</internetconnect>
</trkpt>
<trkpt lat="35.857257" lon="138.975550">
<ele>1257.666667</ele>
<time>2026-07-04T01:36:15Z</time>
<speed>0.129492</speed>
<trueHeading>0.000000</trueHeading>
<magneticHeading>0.000000</magneticHeading>
<gpsHeading>316.942993</gpsHeading>
<haccuracy>3.000000</haccuracy>
<vaccuracy>3.000000</vaccuracy>
<internetconnect>0</internetconnect>
</trkpt>
<trkpt lat="35.857595" lon="138.975121">
<ele>1271.333333</ele>
<time>2026-07-04T01:37:02Z</time>
<speed>1.109158</speed>
<trueHeading>0.000000</trueHeading>
<magneticHeading>0.000000</magneticHeading>
<gpsHeading>314.217163</gpsHeading>
<haccuracy>4.801000</haccuracy>
<vaccuracy>4.801000</vaccuracy>
<internetconnect>0</internetconnect>
</trkpt>
<trkpt lat="35.857771" lon="138.974799">
<ele>1281.000000</ele>
<time>2026-07-04T01:38:00Z</time>
<speed>1.283519</speed>
<trueHeading>0.000000</trueHeading>
<magneticHeading>0.000000</magneticHeading>
<gpsHeading>303.965515</gpsHeading>
<haccuracy>5.106000</haccuracy>
<vaccuracy>5.106000</vaccuracy>
<internetconnect>0</internetconnect>
</trkpt>
<trkpt lat="35.858219" lon="138.974746">
<ele>1282.666667</ele>
<time>2026-07-04T01:38:48Z</time>
<speed>1.275206</speed>
<trueHeading>0.000000</trueHeading>
<magneticHeading>0.000000</magneticHeading>
<gpsHeading>354.530975</gpsHeading>
<haccuracy>5.537000</haccuracy>
<vaccuracy>5.537000</vaccuracy>
<internetconnect>0</internetconnect>
</trkpt>
<trkpt lat="35.858559" lon="138.974421">
<ele>1286.666667</ele>
<time>2026-07-04T01:39:36Z</time>
<speed>0.899343</speed>
<trueHeading>0.000000</trueHeading>
<magneticHeading>0.000000</magneticHeading>
<gpsHeading>322.176025</gpsHeading>
<haccuracy>5.705000</haccuracy>
<vaccuracy>5.705000</vaccuracy>
<internetconnect>0</internetconnect>
</trkpt>
<trkpt lat="35.858832" lon="138.974642">
<ele>1291.000000</ele>
<time>2026-07-04T01:40:25Z</time>
<speed>1.241966</speed>
<trueHeading>0.000000</trueHeading>
<magneticHeading>0.000000</magneticHeading>
<gpsHeading>33.220890</gpsHeading>
<haccuracy>4.440000</haccuracy>
<vaccuracy>4.440000</vaccuracy>
<internetconnect>0</internetconnect>
</trkpt>
<trkpt lat="35.859279" lon="138.974389">
<ele>1301.000000</ele>
<time>2026-07-04T01:41:15Z</time>
<speed>1.350754</speed>
<trueHeading>0.000000</trueHeading>
<magneticHeading>0.000000</magneticHeading>
<gpsHeading>335.415741</gpsHeading>
<haccuracy>5.209000</haccuracy>
<vaccuracy>5.209000</vaccuracy>
<internetconnect>0</internetconnect>
</trkpt>
<trkpt lat="35.859587" lon="138.974182">
<ele>1309.333333</ele>
<time>2026-07-04T01:42:02Z</time>
<speed>1.223775</speed>
<trueHeading>0.000000</trueHeading>
<magneticHeading>0.000000</magneticHeading>
<gpsHeading>331.427490</gpsHeading>
<haccuracy>5.246000</haccuracy>
<vaccuracy>5.246000</vaccuracy>
<internetconnect>0</internetconnect>
</trkpt>
<trkpt lat="35.859891" lon="138.974062">
<ele>1320.000000</ele>
<time>2026-07-04T01:42:50Z</time>
<speed>1.196759</speed>
<trueHeading>0.000000</trueHeading>
<magneticHeading>0.000000</magneticHeading>
<gpsHeading>342.268463</gpsHeading>
<haccuracy>4.528000</haccuracy>
<vaccuracy>4.528000</vaccuracy>
<internetconnect>0</internetconnect>
</trkpt>
<trkpt lat="35.860156" lon="138.973707">
<ele>1328.666667</ele>
<time>2026-07-04T01:43:38Z</time>
<speed>1.206464</speed>
<trueHeading>0.000000</trueHeading>
<magneticHeading>0.000000</magneticHeading>
<gpsHeading>312.614990</gpsHeading>
<haccuracy>4.773000</haccuracy>
<vaccuracy>4.773000</vaccuracy>
<internetconnect>0</internetconnect>
</trkpt>
<trkpt lat="35.860465" lon="138.973547">
<ele>1337.333333</ele>
<time>2026-07-04T01:44:26Z</time>
<speed>1.096799</speed>
<trueHeading>0.000000</trueHeading>
<magneticHeading>0.000000</magneticHeading>
<gpsHeading>337.267273</gpsHeading>
<haccuracy>5.106000</haccuracy>
<vaccuracy>5.106000</vaccuracy>
<internetconnect>0</internetconnect>
</trkpt>
<trkpt lat="35.860516" lon="138.973188">
<ele>1337.333333</ele>
<time>2026-07-04T01:45:38Z</time>
<speed>1.099676</speed>
<trueHeading>0.000000</trueHeading>
<magneticHeading>0.000000</magneticHeading>
<gpsHeading>279.947662</gpsHeading>
<haccuracy>5.319000</haccuracy>
<vaccuracy>5.319000</vaccuracy>
<internetconnect>0</internetconnect>
</trkpt>
<trkpt lat="35.860316" lon="138.973107">
<ele>1328.666667</ele>
<time>2026-07-04T01:47:49Z</time>
<speed>0.153132</speed>
<trueHeading>0.000000</trueHeading>
<magneticHeading>0.000000</magneticHeading>
<gpsHeading>198.175949</gpsHeading>
<haccuracy>3.298000</haccuracy>
<vaccuracy>3.298000</vaccuracy>
<internetconnect>0</internetconnect>
</trkpt>
<trkpt lat="35.860111" lon="138.972860">
<ele>1316.333333</ele>
<time>2026-07-04T01:49:18Z</time>
<speed>1.180000</speed>
<trueHeading>0.000000</trueHeading>
<magneticHeading>0.000000</magneticHeading>
<gpsHeading>224.279037</gpsHeading>
<haccuracy>10.102000</haccuracy>
<vaccuracy>10.102000</vaccuracy>
<internetconnect>0</internetconnect>
</trkpt>
<trkpt lat="35.860079" lon="138.972799">
<ele>1304.666667</ele>
<time>2026-07-04T01:51:26Z</time>
<speed>0.000000</speed>
<trueHeading>0.000000</trueHeading>
<magneticHeading>0.000000</magneticHeading>
<gpsHeading>236.969955</gpsHeading>
<haccuracy>10.059000</haccuracy>
<vaccuracy>10.059000</vaccuracy>
<internetconnect>0</internetconnect>
</trkpt>
<trkpt lat="35.859978" lon="138.972691">
<ele>1294.666667</ele>
<time>2026-07-04T01:53:37Z</time>
<speed>0.890000</speed>
<trueHeading>0.000000</trueHeading>
<magneticHeading>0.000000</magneticHeading>
<gpsHeading>220.751617</gpsHeading>
<haccuracy>10.696000</haccuracy>
<vaccuracy>10.696000</vaccuracy>
<internetconnect>0</internetconnect>
</trkpt>
<trkpt lat="35.860036" lon="138.972363">
<ele>1287.666667</ele>
<time>2026-07-04T01:55:38Z</time>
<speed>1.220000</speed>
<trueHeading>0.000000</trueHeading>
<magneticHeading>0.000000</magneticHeading>
<gpsHeading>282.409668</gpsHeading>
<haccuracy>11.319000</haccuracy>
<vaccuracy>11.319000</vaccuracy>
<internetconnect>0</internetconnect>
</trkpt>
<trkpt lat="35.860011" lon="138.972408">
<ele>1277.666667</ele>
<time>2026-07-04T01:57:49Z</time>
<speed>0.000000</speed>
<trueHeading>0.000000</trueHeading>
<magneticHeading>0.000000</magneticHeading>
<gpsHeading>124.651825</gpsHeading>
<haccuracy>10.446000</haccuracy>
<vaccuracy>10.446000</vaccuracy>
<internetconnect>0</internetconnect>
</trkpt>
<trkpt lat="35.859761" lon="138.972220">
<ele>1272.666667</ele>
<time>2026-07-04T01:59:43Z</time>
<speed>0.000000</speed>
<trueHeading>0.000000</trueHeading>
<magneticHeading>0.000000</magneticHeading>
<gpsHeading>211.407913</gpsHeading>
<haccuracy>11.227000</haccuracy>
<vaccuracy>11.227000</vaccuracy>
<internetconnect>0</internetconnect>
</trkpt>
<trkpt lat="35.859732" lon="138.972208">
<ele>1267.000000</ele>
<time>2026-07-04T02:01:54Z</time>
<speed>0.229031</speed>
<trueHeading>0.000000</trueHeading>
<magneticHeading>0.000000</magneticHeading>
<gpsHeading>197.932541</gpsHeading>
<haccuracy>4.405000</haccuracy>
<vaccuracy>4.405000</vaccuracy>
<internetconnect>0</internetconnect>
</trkpt>
<trkpt lat="35.859578" lon="138.971861">
<ele>1262.333333</ele>
<time>2026-07-04T02:03:14Z</time>
<speed>0.918385</speed>
<trueHeading>0.000000</trueHeading>
<magneticHeading>0.000000</magneticHeading>
<gpsHeading>241.286209</gpsHeading>
<haccuracy>3.054000</haccuracy>
<vaccuracy>3.054000</vaccuracy>
<internetconnect>0</internetconnect>
</trkpt>
<trkpt lat="35.859291" lon="138.971784">
<ele>1257.666667</ele>
<time>2026-07-04T02:05:16Z</time>
<speed>0.412898</speed>
<trueHeading>0.000000</trueHeading>
<magneticHeading>0.000000</magneticHeading>
<gpsHeading>192.285172</gpsHeading>
<haccuracy>5.842000</haccuracy>
<vaccuracy>5.842000</vaccuracy>
<internetconnect>0</internetconnect>
</trkpt>
<trkpt lat="35.859341" lon="138.971695">
<ele>1252.000000</ele>
<time>2026-07-04T02:08:43Z</time>
<speed>0.155613</speed>
<trueHeading>0.000000</trueHeading>
<magneticHeading>0.000000</magneticHeading>
<gpsHeading>304.489471</gpsHeading>
<haccuracy>5.944000</haccuracy>
<vaccuracy>5.944000</vaccuracy>
<internetconnect>0</internetconnect>
</trkpt>
<trkpt lat="35.859333" lon="138.971653">
<ele>1253.666667</ele>
<time>2026-07-04T02:10:52Z</time>
<speed>0.121040</speed>
<trueHeading>0.000000</trueHeading>
<magneticHeading>0.000000</magneticHeading>
<gpsHeading>255.690201</gpsHeading>
<haccuracy>5.780000</haccuracy>
<vaccuracy>5.780000</vaccuracy>
<internetconnect>0</internetconnect>
</trkpt>
<trkpt lat="35.859359" lon="138.971738">
<ele>1255.333333</ele>
<time>2026-07-04T02:13:43Z</time>
<speed>0.240608</speed>
<trueHeading>0.000000</trueHeading>
<magneticHeading>0.000000</magneticHeading>
<gpsHeading>69.541237</gpsHeading>
<haccuracy>7.396000</haccuracy>
<vaccuracy>7.396000</vaccuracy>
<internetconnect>0</internetconnect>
</trkpt>
<trkpt lat="35.859367" lon="138.971762">
<ele>1259.666667</ele>
<time>2026-07-04T02:17:08Z</time>
<speed>0.572904</speed>
<trueHeading>0.000000</trueHeading>
<magneticHeading>0.000000</magneticHeading>
<gpsHeading>65.541145</gpsHeading>
<haccuracy>7.000000</haccuracy>
<vaccuracy>7.000000</vaccuracy>
<internetconnect>0</internetconnect>
</trkpt>
<trkpt lat="35.859561" lon="138.971472">
<ele>1262.000000</ele>
<time>2026-07-04T02:19:08Z</time>
<speed>0.220420</speed>
<trueHeading>0.000000</trueHeading>
<magneticHeading>0.000000</magneticHeading>
<gpsHeading>309.590363</gpsHeading>
<haccuracy>4.495000</haccuracy>
<vaccuracy>4.495000</vaccuracy>
<internetconnect>0</internetconnect>
</trkpt>
<trkpt lat="35.859786" lon="138.971177">
<ele>1265.000000</ele>
<time>2026-07-04T02:20:46Z</time>
<speed>0.399732</speed>
<trueHeading>0.000000</trueHeading>
<magneticHeading>0.000000</magneticHeading>
<gpsHeading>313.162445</gpsHeading>
<haccuracy>3.191000</haccuracy>
<vaccuracy>3.191000</vaccuracy>
<internetconnect>0</internetconnect>
</trkpt>
<trkpt lat="35.859933" lon="138.970870">
<ele>1267.333333</ele>
<time>2026-07-04T02:22:39Z</time>
<speed>0.800000</speed>
<trueHeading>0.000000</trueHeading>
<magneticHeading>0.000000</magneticHeading>
<gpsHeading>300.643463</gpsHeading>
<haccuracy>11.579000</haccuracy>
<vaccuracy>11.579000</vaccuracy>
<internetconnect>0</internetconnect>
</trkpt>
<trkpt lat="35.859926" lon="138.970734">
<ele>1266.000000</ele>
<time>2026-07-04T02:24:45Z</time>
<speed>0.293701</speed>
<trueHeading>0.000000</trueHeading>
<magneticHeading>0.000000</magneticHeading>
<gpsHeading>266.472260</gpsHeading>
<haccuracy>9.081000</haccuracy>
<vaccuracy>9.081000</vaccuracy>
<internetconnect>0</internetconnect>
</trkpt>
<trkpt lat="35.859715" lon="138.970501">
<ele>1263.333333</ele>
<time>2026-07-04T02:25:34Z</time>
<speed>0.262370</speed>
<trueHeading>0.000000</trueHeading>
<magneticHeading>0.000000</magneticHeading>
<gpsHeading>221.741455</gpsHeading>
<haccuracy>3.369000</haccuracy>
<vaccuracy>3.369000</vaccuracy>
<internetconnect>0</internetconnect>
</trkpt>
<trkpt lat="35.859687" lon="138.970144">
<ele>1256.000000</ele>
<time>2026-07-04T02:27:10Z</time>
<speed>0.269405</speed>
<trueHeading>0.000000</trueHeading>
<magneticHeading>0.000000</magneticHeading>
<gpsHeading>264.463593</gpsHeading>
<haccuracy>4.414000</haccuracy>
<vaccuracy>4.414000</vaccuracy>
<internetconnect>0</internetconnect>
</trkpt>
<trkpt lat="35.859690" lon="138.969786">
<ele>1256.000000</ele>
<time>2026-07-04T02:28:33Z</time>
<speed>0.068573</speed>
<trueHeading>0.000000</trueHeading>
<magneticHeading>0.000000</magneticHeading>
<gpsHeading>270.572662</gpsHeading>
<haccuracy>4.272000</haccuracy>
<vaccuracy>4.272000</vaccuracy>
<internetconnect>0</internetconnect>
</trkpt>
<trkpt lat="35.859766" lon="138.969918">
<ele>1262.000000</ele>
<time>2026-07-04T02:30:38Z</time>
<speed>0.021974</speed>
<trueHeading>0.000000</trueHeading>
<magneticHeading>0.000000</magneticHeading>
<gpsHeading>54.538357</gpsHeading>
<haccuracy>4.672000</haccuracy>
<vaccuracy>4.672000</vaccuracy>
<internetconnect>0</internetconnect>
</trkpt>
<trkpt lat="35.859974" lon="138.970006">
<ele>1274.000000</ele>
<time>2026-07-04T02:32:41Z</time>
<speed>0.135749</speed>
<trueHeading>0.000000</trueHeading>
<magneticHeading>0.000000</magneticHeading>
<gpsHeading>19.028370</gpsHeading>
<haccuracy>4.499000</haccuracy>
<vaccuracy>4.499000</vaccuracy>
<internetconnect>0</internetconnect>
</trkpt>
<trkpt lat="35.860096" lon="138.970014">
<ele>1286.666667</ele>
<time>2026-07-04T02:34:42Z</time>
<speed>0.000000</speed>
<trueHeading>0.000000</trueHeading>
<magneticHeading>0.000000</magneticHeading>
<gpsHeading>3.034634</gpsHeading>
<haccuracy>10.192000</haccuracy>
<vaccuracy>10.192000</vaccuracy>
<internetconnect>0</internetconnect>
</trkpt>
<trkpt lat="35.860233" lon="138.970122">
<ele>1299.666667</ele>
<time>2026-07-04T02:36:54Z</time>
<speed>0.570000</speed>
<trueHeading>0.000000</trueHeading>
<magneticHeading>0.000000</magneticHeading>
<gpsHeading>32.688477</gpsHeading>
<haccuracy>9.935000</haccuracy>
<vaccuracy>9.935000</vaccuracy>
<internetconnect>0</internetconnect>
</trkpt>
<trkpt lat="35.860523" lon="138.970180">
<ele>1312.000000</ele>
<time>2026-07-04T02:38:44Z</time>
<speed>0.100460</speed>
<trueHeading>0.000000</trueHeading>
<magneticHeading>0.000000</magneticHeading>
<gpsHeading>9.213198</gpsHeading>
<haccuracy>4.112000</haccuracy>
<vaccuracy>4.112000</vaccuracy>
<internetconnect>0</internetconnect>
</trkpt>
<trkpt lat="35.860569" lon="138.970545">
<ele>1319.666667</ele>
<time>2026-07-04T02:40:19Z</time>
<speed>0.749329</speed>
<trueHeading>0.000000</trueHeading>
<magneticHeading>0.000000</magneticHeading>
<gpsHeading>81.144554</gpsHeading>
<haccuracy>4.288000</haccuracy>
<vaccuracy>4.288000</vaccuracy>
<internetconnect>0</internetconnect>
</trkpt>
<trkpt lat="35.860492" lon="138.970575">
<ele>1321.666667</ele>
<time>2026-07-04T02:42:22Z</time>
<speed>0.243578</speed>
<trueHeading>0.000000</trueHeading>
<magneticHeading>0.000000</magneticHeading>
<gpsHeading>162.868515</gpsHeading>
<haccuracy>4.608000</haccuracy>
<vaccuracy>4.608000</vaccuracy>
<internetconnect>0</internetconnect>
</trkpt>
<trkpt lat="35.860588" lon="138.970914">
<ele>1318.666667</ele>
<time>2026-07-04T02:43:57Z</time>
<speed>0.293479</speed>
<trueHeading>0.000000</trueHeading>
<magneticHeading>0.000000</magneticHeading>
<gpsHeading>70.744820</gpsHeading>
<haccuracy>4.680000</haccuracy>
<vaccuracy>4.680000</vaccuracy>
<internetconnect>0</internetconnect>
</trkpt>
<trkpt lat="35.860542" lon="138.971263">
<ele>1314.000000</ele>
<time>2026-07-04T02:45:05Z</time>
<speed>0.450000</speed>
<trueHeading>0.000000</trueHeading>
<magneticHeading>0.000000</magneticHeading>
<gpsHeading>99.179741</gpsHeading>
<haccuracy>11.061000</haccuracy>
<vaccuracy>11.061000</vaccuracy>
<internetconnect>0</internetconnect>
</trkpt>
<trkpt lat="35.860473" lon="138.971291">
<ele>1310.333333</ele>
<time>2026-07-04T02:47:09Z</time>
<speed>0.000000</speed>
<trueHeading>0.000000</trueHeading>
<magneticHeading>0.000000</magneticHeading>
<gpsHeading>161.660034</gpsHeading>
<haccuracy>3.856000</haccuracy>
<vaccuracy>3.856000</vaccuracy>
<internetconnect>0</internetconnect>
</trkpt>
<trkpt lat="35.860283" lon="138.971561">
<ele>1304.000000</ele>
<time>2026-07-04T02:48:10Z</time>
<speed>0.000000</speed>
<trueHeading>0.000000</trueHeading>
<magneticHeading>0.000000</magneticHeading>
<gpsHeading>131.111359</gpsHeading>
<haccuracy>9.935000</haccuracy>
<vaccuracy>9.935000</vaccuracy>
<internetconnect>0</internetconnect>
</trkpt>
<trkpt lat="35.860012" lon="138.971645">
<ele>1295.666667</ele>
<time>2026-07-04T02:49:25Z</time>
<speed>0.227648</speed>
<trueHeading>0.000000</trueHeading>
<magneticHeading>0.000000</magneticHeading>
<gpsHeading>165.795853</gpsHeading>
<haccuracy>3.969000</haccuracy>
<vaccuracy>3.969000</vaccuracy>
<internetconnect>0</internetconnect>
</trkpt>
<trkpt lat="35.859891" lon="138.971538">
<ele>1283.666667</ele>
<time>2026-07-04T02:51:28Z</time>
<speed>0.140574</speed>
<trueHeading>0.000000</trueHeading>
<magneticHeading>0.000000</magneticHeading>
<gpsHeading>215.847748</gpsHeading>
<haccuracy>4.307000</haccuracy>
<vaccuracy>4.307000</vaccuracy>
<internetconnect>0</internetconnect>
</trkpt>
<trkpt lat="35.859689" lon="138.971709">
<ele>1271.333333</ele>
<time>2026-07-04T02:53:32Z</time>
<speed>0.572537</speed>
<trueHeading>0.000000</trueHeading>
<magneticHeading>0.000000</magneticHeading>
<gpsHeading>145.467346</gpsHeading>
<haccuracy>4.752000</haccuracy>
<vaccuracy>4.752000</vaccuracy>
<internetconnect>0</internetconnect>
</trkpt>
<trkpt lat="35.859411" lon="138.971684">
<ele>1266.666667</ele>
<time>2026-07-04T02:55:37Z</time>
<speed>0.123755</speed>
<trueHeading>0.000000</trueHeading>
<magneticHeading>0.000000</magneticHeading>
<gpsHeading>184.158066</gpsHeading>
<haccuracy>4.051000</haccuracy>
<vaccuracy>4.051000</vaccuracy>
<internetconnect>0</internetconnect>
</trkpt>
<trkpt lat="35.859541" lon="138.971651">
<ele>1268.666667</ele>
<time>2026-07-04T02:57:40Z</time>
<speed>0.256683</speed>
<trueHeading>0.000000</trueHeading>
<magneticHeading>0.000000</magneticHeading>
<gpsHeading>348.288635</gpsHeading>
<haccuracy>4.033000</haccuracy>
<vaccuracy>4.033000</vaccuracy>
<internetconnect>0</internetconnect>
</trkpt>
<trkpt lat="35.859819" lon="138.971684">
<ele>1278.666667</ele>
<time>2026-07-04T02:59:34Z</time>
<speed>0.242675</speed>
<trueHeading>0.000000</trueHeading>
<magneticHeading>0.000000</magneticHeading>
<gpsHeading>5.507839</gpsHeading>
<haccuracy>4.167000</haccuracy>
<vaccuracy>4.167000</vaccuracy>
<internetconnect>0</internetconnect>
</trkpt>
<trkpt lat="35.859927" lon="138.971650">
<ele>1290.333333</ele>
<time>2026-07-04T03:02:00Z</time>
<speed>0.157204</speed>
<trueHeading>0.000000</trueHeading>
<magneticHeading>0.000000</magneticHeading>
<gpsHeading>345.633667</gpsHeading>
<haccuracy>3.977000</haccuracy>
<vaccuracy>3.977000</vaccuracy>
<internetconnect>0</internetconnect>
</trkpt>
<trkpt lat="35.860204" lon="138.971527">
<ele>1297.333333</ele>
<time>2026-07-04T03:03:29Z</time>
<speed>0.173345</speed>
<trueHeading>0.000000</trueHeading>
<magneticHeading>0.000000</magneticHeading>
<gpsHeading>340.297943</gpsHeading>
<haccuracy>3.949000</haccuracy>
<vaccuracy>3.949000</vaccuracy>
<internetconnect>0</internetconnect>
</trkpt>
<trkpt lat="35.860426" lon="138.971215">
<ele>1306.666667</ele>
<time>2026-07-04T03:04:37Z</time>
<speed>0.922400</speed>
<trueHeading>0.000000</trueHeading>
<magneticHeading>0.000000</magneticHeading>
<gpsHeading>311.203247</gpsHeading>
<haccuracy>5.547000</haccuracy>
<vaccuracy>5.547000</vaccuracy>
<internetconnect>0</internetconnect>
</trkpt>
<trkpt lat="35.860470" lon="138.970872">
<ele>1311.333333</ele>
<time>2026-07-04T03:06:13Z</time>
<speed>0.179553</speed>
<trueHeading>0.000000</trueHeading>
<magneticHeading>0.000000</magneticHeading>
<gpsHeading>279.085175</gpsHeading>
<haccuracy>4.892000</haccuracy>
<vaccuracy>4.892000</vaccuracy>
<internetconnect>0</internetconnect>
</trkpt>
<trkpt lat="35.860407" lon="138.970524">
<ele>1316.000000</ele>
<time>2026-07-04T03:07:05Z</time>
<speed>0.318232</speed>
<trueHeading>0.000000</trueHeading>
<magneticHeading>0.000000</magneticHeading>
<gpsHeading>257.285095</gpsHeading>
<haccuracy>4.503000</haccuracy>
<vaccuracy>4.503000</vaccuracy>
<internetconnect>0</internetconnect>
</trkpt>
<trkpt lat="35.860525" lon="138.970204">
<ele>1315.000000</ele>
<time>2026-07-04T03:07:54Z</time>
<speed>0.131082</speed>
<trueHeading>0.000000</trueHeading>
<magneticHeading>0.000000</magneticHeading>
<gpsHeading>294.440308</gpsHeading>
<haccuracy>4.309000</haccuracy>
<vaccuracy>4.309000</vaccuracy>
<internetconnect>0</internetconnect>
</trkpt>
<trkpt lat="35.860726" lon="138.970034">
<ele>1305.333333</ele>
<time>2026-07-04T03:09:58Z</time>
<speed>0.102724</speed>
<trueHeading>0.000000</trueHeading>
<magneticHeading>0.000000</magneticHeading>
<gpsHeading>325.669067</gpsHeading>
<haccuracy>3.470000</haccuracy>
<vaccuracy>3.470000</vaccuracy>
<internetconnect>0</internetconnect>
</trkpt>
<trkpt lat="35.860831" lon="138.969708">
<ele>1300.666667</ele>
<time>2026-07-04T03:12:04Z</time>
<speed>0.079322</speed>
<trueHeading>0.000000</trueHeading>
<magneticHeading>0.000000</magneticHeading>
<gpsHeading>291.544128</gpsHeading>
<haccuracy>4.919000</haccuracy>
<vaccuracy>4.919000</vaccuracy>
<internetconnect>0</internetconnect>
</trkpt>
<trkpt lat="35.861062" lon="138.969479">
<ele>1301.666667</ele>
<time>2026-07-04T03:13:14Z</time>
<speed>0.000000</speed>
<trueHeading>0.000000</trueHeading>
<magneticHeading>0.000000</magneticHeading>
<gpsHeading>321.282013</gpsHeading>
<haccuracy>7.514000</haccuracy>
<vaccuracy>7.514000</vaccuracy>
<internetconnect>0</internetconnect>
</trkpt>
<trkpt lat="35.861223" lon="138.969359">
<ele>1309.000000</ele>
<time>2026-07-04T03:15:21Z</time>
<speed>0.000000</speed>
<trueHeading>0.000000</trueHeading>
<magneticHeading>0.000000</magneticHeading>
<gpsHeading>328.991302</gpsHeading>
<haccuracy>12.295000</haccuracy>
<vaccuracy>12.295000</vaccuracy>
<internetconnect>0</internetconnect>
</trkpt>
<trkpt lat="35.861190" lon="138.969477">
<ele>1307.333333</ele>
<time>2026-07-04T03:17:25Z</time>
<speed>0.000000</speed>
<trueHeading>0.000000</trueHeading>
<magneticHeading>0.000000</magneticHeading>
<gpsHeading>109.115173</gpsHeading>
<haccuracy>6.691000</haccuracy>
<vaccuracy>6.691000</vaccuracy>
<internetconnect>0</internetconnect>
</trkpt>
<trkpt lat="35.861148" lon="138.969610">
<ele>1305.333333</ele>
<time>2026-07-04T03:19:31Z</time>
<speed>0.610000</speed>
<trueHeading>0.000000</trueHeading>
<magneticHeading>0.000000</magneticHeading>
<gpsHeading>111.668419</gpsHeading>
<haccuracy>8.103000</haccuracy>
<vaccuracy>8.103000</vaccuracy>
<internetconnect>0</internetconnect>
</trkpt>
<trkpt lat="35.861272" lon="138.969565">
<ele>1307.000000</ele>
<time>2026-07-04T03:21:32Z</time>
<speed>0.000000</speed>
<trueHeading>0.000000</trueHeading>
<magneticHeading>0.000000</magneticHeading>
<gpsHeading>343.741852</gpsHeading>
<haccuracy>10.663000</haccuracy>
<vaccuracy>10.663000</vaccuracy>
<internetconnect>0</internetconnect>
</trkpt>
<trkpt lat="35.861378" lon="138.969652">
<ele>1311.666667</ele>
<time>2026-07-04T03:23:36Z</time>
<speed>0.000000</speed>
<trueHeading>0.000000</trueHeading>
<magneticHeading>0.000000</magneticHeading>
<gpsHeading>33.732349</gpsHeading>
<haccuracy>6.448000</haccuracy>
<vaccuracy>6.448000</vaccuracy>
<internetconnect>0</internetconnect>
</trkpt>
<trkpt lat="35.861301" lon="138.969570">
<ele>1310.000000</ele>
<time>2026-07-04T03:26:04Z</time>
<speed>0.270000</speed>
<trueHeading>0.000000</trueHeading>
<magneticHeading>0.000000</magneticHeading>
<gpsHeading>220.890335</gpsHeading>
<haccuracy>12.028000</haccuracy>
<vaccuracy>12.028000</vaccuracy>
<internetconnect>0</internetconnect>
</trkpt>
<trkpt lat="35.861211" lon="138.969508">
<ele>1305.000000</ele>
<time>2026-07-04T03:28:08Z</time>
<speed>0.000000</speed>
<trueHeading>0.000000</trueHeading>
<magneticHeading>0.000000</magneticHeading>
<gpsHeading>209.006729</gpsHeading>
<haccuracy>11.128000</haccuracy>
<vaccuracy>11.128000</vaccuracy>
<internetconnect>0</internetconnect>
</trkpt>
<trkpt lat="35.861130" lon="138.969535">
<ele>1300.000000</ele>
<time>2026-07-04T03:33:57Z</time>
<speed>0.161214</speed>
<trueHeading>0.000000</trueHeading>
<magneticHeading>0.000000</magneticHeading>
<gpsHeading>165.095749</gpsHeading>
<haccuracy>5.247000</haccuracy>
<vaccuracy>5.247000</vaccuracy>
<internetconnect>0</internetconnect>
</trkpt>
<trkpt lat="35.861089" lon="138.969522">
<ele>1300.333333</ele>
<time>2026-07-04T03:36:30Z</time>
<speed>0.277131</speed>
<trueHeading>0.000000</trueHeading>
<magneticHeading>0.000000</magneticHeading>
<gpsHeading>194.377792</gpsHeading>
<haccuracy>6.679000</haccuracy>
<vaccuracy>6.679000</vaccuracy>
<internetconnect>0</internetconnect>
</trkpt>
<trkpt lat="35.861143" lon="138.969440">
<ele>1300.666667</ele>
<time>2026-07-04T03:38:38Z</time>
<speed>0.193967</speed>
<trueHeading>0.000000</trueHeading>
<magneticHeading>0.000000</magneticHeading>
<gpsHeading>309.320648</gpsHeading>
<haccuracy>5.618000</haccuracy>
<vaccuracy>5.618000</vaccuracy>
<internetconnect>0</internetconnect>
</trkpt>
<trkpt lat="35.861037" lon="138.969465">
<ele>1302.333333</ele>
<time>2026-07-04T03:41:00Z</time>
<speed>0.155333</speed>
<trueHeading>0.000000</trueHeading>
<magneticHeading>0.000000</magneticHeading>
<gpsHeading>169.322510</gpsHeading>
<haccuracy>5.532000</haccuracy>
<vaccuracy>5.532000</vaccuracy>
<internetconnect>0</internetconnect>
</trkpt>
<trkpt lat="35.861143" lon="138.969559">
<ele>1303.333333</ele>
<time>2026-07-04T03:43:21Z</time>
<speed>0.128923</speed>
<trueHeading>0.000000</trueHeading>
<magneticHeading>0.000000</magneticHeading>
<gpsHeading>35.791058</gpsHeading>
<haccuracy>6.253000</haccuracy>
<vaccuracy>6.253000</vaccuracy>
<internetconnect>0</internetconnect>
</trkpt>
<trkpt lat="35.861278" lon="138.969756">
<ele>1303.000000</ele>
<time>2026-07-04T03:45:23Z</time>
<speed>0.423400</speed>
<trueHeading>0.000000</trueHeading>
<magneticHeading>0.000000</magneticHeading>
<gpsHeading>49.810810</gpsHeading>
<haccuracy>8.307000</haccuracy>
<vaccuracy>8.307000</vaccuracy>
<internetconnect>0</internetconnect>
</trkpt>
<trkpt lat="35.861216" lon="138.969696">
<ele>1301.666667</ele>
<time>2026-07-04T03:47:53Z</time>
<speed>1.119884</speed>
<trueHeading>0.000000</trueHeading>
<magneticHeading>0.000000</magneticHeading>
<gpsHeading>218.472427</gpsHeading>
<haccuracy>3.103000</haccuracy>
<vaccuracy>3.103000</vaccuracy>
<internetconnect>0</internetconnect>
</trkpt>
<trkpt lat="35.861005" lon="138.969453">
<ele>1297.333333</ele>
<time>2026-07-04T03:49:07Z</time>
<speed>0.590000</speed>
<trueHeading>0.000000</trueHeading>
<magneticHeading>0.000000</magneticHeading>
<gpsHeading>222.964951</gpsHeading>
<haccuracy>11.357000</haccuracy>
<vaccuracy>11.357000</vaccuracy>
<internetconnect>0</internetconnect>
</trkpt>
<trkpt lat="35.860978" lon="138.969472">
<ele>1293.333333</ele>
<time>2026-07-04T03:52:00Z</time>
<speed>1.780000</speed>
<trueHeading>0.000000</trueHeading>
<magneticHeading>0.000000</magneticHeading>
<gpsHeading>150.734650</gpsHeading>
<haccuracy>11.384000</haccuracy>
<vaccuracy>11.384000</vaccuracy>
<internetconnect>0</internetconnect>
</trkpt>
<trkpt lat="35.860843" lon="138.969476">
<ele>1295.666667</ele>
<time>2026-07-04T03:56:02Z</time>
<speed>0.650000</speed>
<trueHeading>0.000000</trueHeading>
<magneticHeading>0.000000</magneticHeading>
<gpsHeading>178.626450</gpsHeading>
<haccuracy>11.667000</haccuracy>
<vaccuracy>11.667000</vaccuracy>
<internetconnect>0</internetconnect>
</trkpt>
<trkpt lat="35.860875" lon="138.969226">
<ele>1301.000000</ele>
<time>2026-07-04T03:58:29Z</time>
<speed>0.150000</speed>
<trueHeading>0.000000</trueHeading>
<magneticHeading>0.000000</magneticHeading>
<gpsHeading>279.031097</gpsHeading>
<haccuracy>11.016000</haccuracy>
<vaccuracy>11.016000</vaccuracy>
<internetconnect>0</internetconnect>
</trkpt>
<trkpt lat="35.860903" lon="138.969104">
<ele>1307.666667</ele>
<time>2026-07-04T04:01:58Z</time>
<speed>0.000000</speed>
<trueHeading>0.000000</trueHeading>
<magneticHeading>0.000000</magneticHeading>
<gpsHeading>285.721130</gpsHeading>
<haccuracy>11.774000</haccuracy>
<vaccuracy>11.774000</vaccuracy>
<internetconnect>0</internetconnect>
</trkpt>
<trkpt lat="35.860884" lon="138.969102">
<ele>1309.666667</ele>
<time>2026-07-04T04:04:05Z</time>
<speed>0.000000</speed>
<trueHeading>0.000000</trueHeading>
<magneticHeading>0.000000</magneticHeading>
<gpsHeading>185.091965</gpsHeading>
<haccuracy>10.724000</haccuracy>
<vaccuracy>10.724000</vaccuracy>
<internetconnect>0</internetconnect>
</trkpt>
<trkpt lat="35.860688" lon="138.968893">
<ele>1318.000000</ele>
<time>2026-07-04T04:06:28Z</time>
<speed>0.000000</speed>
<trueHeading>0.000000</trueHeading>
<magneticHeading>0.000000</magneticHeading>
<gpsHeading>220.863327</gpsHeading>
<haccuracy>10.722000</haccuracy>
<vaccuracy>10.722000</vaccuracy>
<internetconnect>0</internetconnect>
</trkpt>
<trkpt lat="35.860615" lon="138.968486">
<ele>1320.333333</ele>
<time>2026-07-04T04:07:55Z</time>
<speed>0.680000</speed>
<trueHeading>0.000000</trueHeading>
<magneticHeading>0.000000</magneticHeading>
<gpsHeading>257.603699</gpsHeading>
<haccuracy>14.181000</haccuracy>
<vaccuracy>14.181000</vaccuracy>
<internetconnect>0</internetconnect>
</trkpt>
<trkpt lat="35.860389" lon="138.968431">
<ele>1320.333333</ele>
<time>2026-07-04T04:09:58Z</time>
<speed>0.270000</speed>
<trueHeading>0.000000</trueHeading>
<magneticHeading>0.000000</magneticHeading>
<gpsHeading>191.168030</gpsHeading>
<haccuracy>10.621000</haccuracy>
<vaccuracy>10.621000</vaccuracy>
<internetconnect>0</internetconnect>
</trkpt>
<trkpt lat="35.860327" lon="138.968442">
<ele>1310.000000</ele>
<time>2026-07-04T04:12:04Z</time>
<speed>0.600000</speed>
<trueHeading>0.000000</trueHeading>
<magneticHeading>0.000000</magneticHeading>
<gpsHeading>171.678024</gpsHeading>
<haccuracy>10.018000</haccuracy>
<vaccuracy>10.018000</vaccuracy>
<internetconnect>0</internetconnect>
</trkpt>
<trkpt lat="35.860308" lon="138.968518">
<ele>1311.333333</ele>
<time>2026-07-04T04:14:08Z</time>
<speed>0.000000</speed>
<trueHeading>0.000000</trueHeading>
<magneticHeading>0.000000</magneticHeading>
<gpsHeading>107.313225</gpsHeading>
<haccuracy>10.557000</haccuracy>
<vaccuracy>10.557000</vaccuracy>
<internetconnect>0</internetconnect>
</trkpt>
<trkpt lat="35.860303" lon="138.968217">
<ele>1316.666667</ele>
<time>2026-07-04T04:16:11Z</time>
<speed>0.180000</speed>
<trueHeading>0.000000</trueHeading>
<magneticHeading>0.000000</magneticHeading>
<gpsHeading>268.850800</gpsHeading>
<haccuracy>10.815000</haccuracy>
<vaccuracy>10.815000</vaccuracy>
<internetconnect>0</internetconnect>
</trkpt>
<trkpt lat="35.860298" lon="138.968175">
<ele>1320.666667</ele>
<time>2026-07-04T04:18:13Z</time>
<speed>0.000000</speed>
<trueHeading>0.000000</trueHeading>
<magneticHeading>0.000000</magneticHeading>
<gpsHeading>261.524170</gpsHeading>
<haccuracy>12.577000</haccuracy>
<vaccuracy>12.577000</vaccuracy>
<internetconnect>0</internetconnect>
</trkpt>
<trkpt lat="35.860254" lon="138.968174">
<ele>1320.333333</ele>
<time>2026-07-04T04:21:21Z</time>
<speed>0.000000</speed>
<trueHeading>0.000000</trueHeading>
<magneticHeading>0.000000</magneticHeading>
<gpsHeading>181.155472</gpsHeading>
<haccuracy>11.483000</haccuracy>
<vaccuracy>11.483000</vaccuracy>
<internetconnect>0</internetconnect>
</trkpt>
<trkpt lat="35.860246" lon="138.968168">
<ele>1318.666667</ele>
<time>2026-07-04T04:23:39Z</time>
<speed>0.000000</speed>
<trueHeading>0.000000</trueHeading>
<magneticHeading>0.000000</magneticHeading>
<gpsHeading>213.287521</gpsHeading>
<haccuracy>11.559000</haccuracy>
<vaccuracy>11.559000</vaccuracy>
<internetconnect>0</internetconnect>
</trkpt>
<trkpt lat="35.860111" lon="138.967891">
<ele>1320.000000</ele>
<time>2026-07-04T04:25:42Z</time>
<speed>1.160000</speed>
<trueHeading>0.000000</trueHeading>
<magneticHeading>0.000000</magneticHeading>
<gpsHeading>238.924454</gpsHeading>
<haccuracy>10.530000</haccuracy>
<vaccuracy>10.530000</vaccuracy>
<internetconnect>0</internetconnect>
</trkpt>
<trkpt lat="35.860079" lon="138.967845">
<ele>1321.333333</ele>
<time>2026-07-04T04:28:32Z</time>
<speed>0.136079</speed>
<trueHeading>0.000000</trueHeading>
<magneticHeading>0.000000</magneticHeading>
<gpsHeading>229.400650</gpsHeading>
<haccuracy>5.701000</haccuracy>
<vaccuracy>5.701000</vaccuracy>
<internetconnect>0</internetconnect>
</trkpt>
<trkpt lat="35.860070" lon="138.967830">
<ele>1323.000000</ele>
<time>2026-07-04T04:30:35Z</time>
<speed>0.215340</speed>
<trueHeading>0.000000</trueHeading>
<magneticHeading>0.000000</magneticHeading>
<gpsHeading>235.038757</gpsHeading>
<haccuracy>5.284000</haccuracy>
<vaccuracy>5.284000</vaccuracy>
<internetconnect>0</internetconnect>
</trkpt>
<trkpt lat="35.860148" lon="138.967481">
<ele>1326.666667</ele>
<time>2026-07-04T04:32:18Z</time>
<speed>0.214376</speed>
<trueHeading>0.000000</trueHeading>
<magneticHeading>0.000000</magneticHeading>
<gpsHeading>285.389893</gpsHeading>
<haccuracy>4.881000</haccuracy>
<vaccuracy>4.881000</vaccuracy>
<internetconnect>0</internetconnect>
</trkpt>
<trkpt lat="35.860285" lon="138.967171">
<ele>1327.333333</ele>
<time>2026-07-04T04:33:23Z</time>
<speed>0.233045</speed>
<trueHeading>0.000000</trueHeading>
<magneticHeading>0.000000</magneticHeading>
<gpsHeading>298.683380</gpsHeading>
<haccuracy>4.475000</haccuracy>
<vaccuracy>4.475000</vaccuracy>
<internetconnect>0</internetconnect>
</trkpt>
<trkpt lat="35.860288" lon="138.966810">
<ele>1328.000000</ele>
<time>2026-07-04T04:34:50Z</time>
<speed>0.000000</speed>
<trueHeading>0.000000</trueHeading>
<magneticHeading>0.000000</magneticHeading>
<gpsHeading>270.606232</gpsHeading>
<haccuracy>9.982000</haccuracy>
<vaccuracy>9.982000</vaccuracy>
<internetconnect>0</internetconnect>
</trkpt>
<trkpt lat="35.860469" lon="138.966538">
<ele>1325.333333</ele>
<time>2026-07-04T04:36:03Z</time>
<speed>0.800000</speed>
<trueHeading>0.000000</trueHeading>
<magneticHeading>0.000000</magneticHeading>
<gpsHeading>309.342102</gpsHeading>
<haccuracy>10.561000</haccuracy>
<vaccuracy>10.561000</vaccuracy>
<internetconnect>0</internetconnect>
</trkpt>
<trkpt lat="35.860669" lon="138.966287">
<ele>1320.000000</ele>
<time>2026-07-04T04:37:18Z</time>
<speed>0.550000</speed>
<trueHeading>0.000000</trueHeading>
<magneticHeading>0.000000</magneticHeading>
<gpsHeading>314.485382</gpsHeading>
<haccuracy>10.514000</haccuracy>
<vaccuracy>10.514000</vaccuracy>
<internetconnect>0</internetconnect>
</trkpt>
<trkpt lat="35.860642" lon="138.966025">
<ele>1312.000000</ele>
<time>2026-07-04T04:39:24Z</time>
<speed>0.000000</speed>
<trueHeading>0.000000</trueHeading>
<magneticHeading>0.000000</magneticHeading>
<gpsHeading>262.894196</gpsHeading>
<haccuracy>10.368000</haccuracy>
<vaccuracy>10.368000</vaccuracy>
<internetconnect>0</internetconnect>
</trkpt>
<trkpt lat="35.860650" lon="138.965957">
<ele>1311.333333</ele>
<time>2026-07-04T04:41:31Z</time>
<speed>0.084562</speed>
<trueHeading>0.000000</trueHeading>
<magneticHeading>0.000000</magneticHeading>
<gpsHeading>277.636627</gpsHeading>
<haccuracy>5.701000</haccuracy>
<vaccuracy>5.701000</vaccuracy>
<internetconnect>0</internetconnect>
</trkpt>
<trkpt lat="35.860796" lon="138.966171">
<ele>1317.666667</ele>
<time>2026-07-04T04:43:45Z</time>
<speed>0.116979</speed>
<trueHeading>0.000000</trueHeading>
<magneticHeading>0.000000</magneticHeading>
<gpsHeading>50.032738</gpsHeading>
<haccuracy>18.745001</haccuracy>
<vaccuracy>18.745001</vaccuracy>
<internetconnect>0</internetconnect>
</trkpt>
<trkpt lat="35.860926" lon="138.966180">
<ele>1332.333333</ele>
<time>2026-07-04T04:45:48Z</time>
<speed>0.199254</speed>
<trueHeading>0.000000</trueHeading>
<magneticHeading>0.000000</magneticHeading>
<gpsHeading>3.047849</gpsHeading>
<haccuracy>4.021000</haccuracy>
<vaccuracy>4.021000</vaccuracy>
<internetconnect>0</internetconnect>
</trkpt>
<trkpt lat="35.861024" lon="138.966505">
<ele>1342.333333</ele>
<time>2026-07-04T04:46:42Z</time>
<speed>0.328526</speed>
<trueHeading>0.000000</trueHeading>
<magneticHeading>0.000000</magneticHeading>
<gpsHeading>69.681274</gpsHeading>
<haccuracy>5.356000</haccuracy>
<vaccuracy>5.356000</vaccuracy>
<internetconnect>0</internetconnect>
</trkpt>
<trkpt lat="35.861002" lon="138.966633">
<ele>1357.666667</ele>
<time>2026-07-04T04:48:48Z</time>
<speed>0.251510</speed>
<trueHeading>0.000000</trueHeading>
<magneticHeading>0.000000</magneticHeading>
<gpsHeading>101.699867</gpsHeading>
<haccuracy>3.122000</haccuracy>
<vaccuracy>3.122000</vaccuracy>
<internetconnect>0</internetconnect>
</trkpt>
<trkpt lat="35.861180" lon="138.966793">
<ele>1374.666667</ele>
<time>2026-07-04T04:50:51Z</time>
<speed>0.137244</speed>
<trueHeading>0.000000</trueHeading>
<magneticHeading>0.000000</magneticHeading>
<gpsHeading>36.081226</gpsHeading>
<haccuracy>4.280000</haccuracy>
<vaccuracy>4.280000</vaccuracy>
<internetconnect>0</internetconnect>
</trkpt>
<trkpt lat="35.861320" lon="138.967061">
<ele>1398.000000</ele>
<time>2026-07-04T04:52:54Z</time>
<speed>0.142896</speed>
<trueHeading>0.000000</trueHeading>
<magneticHeading>0.000000</magneticHeading>
<gpsHeading>57.119812</gpsHeading>
<haccuracy>5.461000</haccuracy>
<vaccuracy>5.461000</vaccuracy>
<internetconnect>0</internetconnect>
</trkpt>
<trkpt lat="35.861474" lon="138.967366">
<ele>1418.000000</ele>
<time>2026-07-04T04:54:17Z</time>
<speed>0.639607</speed>
<trueHeading>0.000000</trueHeading>
<magneticHeading>0.000000</magneticHeading>
<gpsHeading>58.084705</gpsHeading>
<haccuracy>4.059000</haccuracy>
<vaccuracy>4.059000</vaccuracy>
<internetconnect>0</internetconnect>
</trkpt>
<trkpt lat="35.861679" lon="138.967613">
<ele>1434.666667</ele>
<time>2026-07-04T04:55:21Z</time>
<speed>1.065912</speed>
<trueHeading>0.000000</trueHeading>
<magneticHeading>0.000000</magneticHeading>
<gpsHeading>44.388008</gpsHeading>
<haccuracy>4.734000</haccuracy>
<vaccuracy>4.734000</vaccuracy>
<internetconnect>0</internetconnect>
</trkpt>
<trkpt lat="35.861953" lon="138.967745">
<ele>1446.333333</ele>
<time>2026-07-04T04:56:15Z</time>
<speed>0.991938</speed>
<trueHeading>0.000000</trueHeading>
<magneticHeading>0.000000</magneticHeading>
<gpsHeading>21.298168</gpsHeading>
<haccuracy>5.294000</haccuracy>
<vaccuracy>5.294000</vaccuracy>
<internetconnect>0</internetconnect>
</trkpt>
<trkpt lat="35.862242" lon="138.967700">
<ele>1458.666667</ele>
<time>2026-07-04T04:57:10Z</time>
<speed>0.971694</speed>
<trueHeading>0.000000</trueHeading>
<magneticHeading>0.000000</magneticHeading>
<gpsHeading>352.805328</gpsHeading>
<haccuracy>4.934000</haccuracy>
<vaccuracy>4.934000</vaccuracy>
<internetconnect>0</internetconnect>
</trkpt>
<trkpt lat="35.862523" lon="138.967767">
<ele>1470.000000</ele>
<time>2026-07-04T04:58:38Z</time>
<speed>0.713252</speed>
<trueHeading>0.000000</trueHeading>
<magneticHeading>0.000000</magneticHeading>
<gpsHeading>11.052538</gpsHeading>
<haccuracy>4.691000</haccuracy>
<vaccuracy>4.691000</vaccuracy>
<internetconnect>0</internetconnect>
</trkpt>
<trkpt lat="35.862912" lon="138.967766">
<ele>1480.666667</ele>
<time>2026-07-04T04:59:27Z</time>
<speed>1.047895</speed>
<trueHeading>0.000000</trueHeading>
<magneticHeading>0.000000</magneticHeading>
<gpsHeading>359.856598</gpsHeading>
<haccuracy>4.753000</haccuracy>
<vaccuracy>4.753000</vaccuracy>
<internetconnect>0</internetconnect>
</trkpt>
<trkpt lat="35.863205" lon="138.967884">
<ele>1488.666667</ele>
<time>2026-07-04T05:00:15Z</time>
<speed>0.467262</speed>
<trueHeading>0.000000</trueHeading>
<magneticHeading>0.000000</magneticHeading>
<gpsHeading>18.026945</gpsHeading>
<haccuracy>5.271000</haccuracy>
<vaccuracy>5.271000</vaccuracy>
<internetconnect>0</internetconnect>
</trkpt>
<trkpt lat="35.863420" lon="138.968176">
<ele>1495.333333</ele>
<time>2026-07-04T05:01:06Z</time>
<speed>0.739569</speed>
<trueHeading>0.000000</trueHeading>
<magneticHeading>0.000000</magneticHeading>
<gpsHeading>47.674313</gpsHeading>
<haccuracy>3.151000</haccuracy>
<vaccuracy>3.151000</vaccuracy>
<internetconnect>0</internetconnect>
</trkpt>
<trkpt lat="35.863713" lon="138.968426">
<ele>1500.666667</ele>
<time>2026-07-04T05:01:54Z</time>
<speed>0.236628</speed>
<trueHeading>0.000000</trueHeading>
<magneticHeading>0.000000</magneticHeading>
<gpsHeading>34.699905</gpsHeading>
<haccuracy>4.632000</haccuracy>
<vaccuracy>4.632000</vaccuracy>
<internetconnect>0</internetconnect>
</trkpt>
<trkpt lat="35.863893" lon="138.968720">
<ele>1510.666667</ele>
<time>2026-07-04T05:02:59Z</time>
<speed>0.289790</speed>
<trueHeading>0.000000</trueHeading>
<magneticHeading>0.000000</magneticHeading>
<gpsHeading>52.996342</gpsHeading>
<haccuracy>4.464000</haccuracy>
<vaccuracy>4.464000</vaccuracy>
<internetconnect>0</internetconnect>
</trkpt>
<trkpt lat="35.864247" lon="138.968656">
<ele>1521.333333</ele>
<time>2026-07-04T05:03:48Z</time>
<speed>0.205049</speed>
<trueHeading>0.000000</trueHeading>
<magneticHeading>0.000000</magneticHeading>
<gpsHeading>351.772888</gpsHeading>
<haccuracy>5.183000</haccuracy>
<vaccuracy>5.183000</vaccuracy>
<internetconnect>0</internetconnect>
</trkpt>
<trkpt lat="35.864529" lon="138.968735">
<ele>1533.666667</ele>
<time>2026-07-04T05:05:02Z</time>
<speed>0.271617</speed>
<trueHeading>0.000000</trueHeading>
<magneticHeading>0.000000</magneticHeading>
<gpsHeading>12.806050</gpsHeading>
<haccuracy>4.485000</haccuracy>
<vaccuracy>4.485000</vaccuracy>
<internetconnect>0</internetconnect>
</trkpt>
<trkpt lat="35.864797" lon="138.968885">
<ele>1542.666667</ele>
<time>2026-07-04T05:05:53Z</time>
<speed>0.204418</speed>
<trueHeading>0.000000</trueHeading>
<magneticHeading>0.000000</magneticHeading>
<gpsHeading>24.380499</gpsHeading>
<haccuracy>4.763000</haccuracy>
<vaccuracy>4.763000</vaccuracy>
<internetconnect>0</internetconnect>
</trkpt>
<trkpt lat="35.865059" lon="138.969065">
<ele>1555.000000</ele>
<time>2026-07-04T05:06:48Z</time>
<speed>0.785937</speed>
<trueHeading>0.000000</trueHeading>
<magneticHeading>0.000000</magneticHeading>
<gpsHeading>29.120996</gpsHeading>
<haccuracy>4.624000</haccuracy>
<vaccuracy>4.624000</vaccuracy>
<internetconnect>0</internetconnect>
</trkpt>
<trkpt lat="35.865343" lon="138.969095">
<ele>1566.000000</ele>
<time>2026-07-04T05:08:08Z</time>
<speed>0.353752</speed>
<trueHeading>0.000000</trueHeading>
<magneticHeading>0.000000</magneticHeading>
<gpsHeading>4.761361</gpsHeading>
<haccuracy>4.550000</haccuracy>
<vaccuracy>4.550000</vaccuracy>
<internetconnect>0</internetconnect>
</trkpt>
<trkpt lat="35.865536" lon="138.969027">
<ele>1573.666667</ele>
<time>2026-07-04T05:10:15Z</time>
<speed>0.086552</speed>
<trueHeading>0.000000</trueHeading>
<magneticHeading>0.000000</magneticHeading>
<gpsHeading>344.040924</gpsHeading>
<haccuracy>4.945000</haccuracy>
<vaccuracy>4.945000</vaccuracy>
<internetconnect>0</internetconnect>
</trkpt>
<trkpt lat="35.865541" lon="138.969146">
<ele>1575.666667</ele>
<time>2026-07-04T05:12:16Z</time>
<speed>0.167251</speed>
<trueHeading>0.000000</trueHeading>
<magneticHeading>0.000000</magneticHeading>
<gpsHeading>87.155312</gpsHeading>
<haccuracy>4.671000</haccuracy>
<vaccuracy>4.671000</vaccuracy>
<internetconnect>0</internetconnect>
</trkpt>
<trkpt lat="35.865555" lon="138.969132">
<ele>1570.333333</ele>
<time>2026-07-04T05:14:42Z</time>
<speed>0.080159</speed>
<trueHeading>0.000000</trueHeading>
<magneticHeading>0.000000</magneticHeading>
<gpsHeading>322.329529</gpsHeading>
<haccuracy>3.731000</haccuracy>
<vaccuracy>3.731000</vaccuracy>
<internetconnect>0</internetconnect>
</trkpt>
<trkpt lat="35.865618" lon="138.969537">
<ele>1569.666667</ele>
<time>2026-07-04T05:15:43Z</time>
<speed>0.878985</speed>
<trueHeading>0.000000</trueHeading>
<magneticHeading>0.000000</magneticHeading>
<gpsHeading>79.142059</gpsHeading>
<haccuracy>5.498000</haccuracy>
<vaccuracy>5.498000</vaccuracy>
<internetconnect>0</internetconnect>
</trkpt>
<trkpt lat="35.865414" lon="138.969200">
<ele>1555.000000</ele>
<time>2026-07-04T05:16:31Z</time>
<speed>1.070028</speed>
<trueHeading>0.000000</trueHeading>
<magneticHeading>0.000000</magneticHeading>
<gpsHeading>233.147186</gpsHeading>
<haccuracy>21.438999</haccuracy>
<vaccuracy>21.438999</vaccuracy>
<internetconnect>0</internetconnect>
</trkpt>
<trkpt lat="35.865071" lon="138.969962">
<ele>1541.333333</ele>
<time>2026-07-04T05:17:21Z</time>
<speed>1.345642</speed>
<trueHeading>0.000000</trueHeading>
<magneticHeading>0.000000</magneticHeading>
<gpsHeading>119.063950</gpsHeading>
<haccuracy>4.371000</haccuracy>
<vaccuracy>4.371000</vaccuracy>
<internetconnect>0</internetconnect>
</trkpt>
<trkpt lat="35.864739" lon="138.969909">
<ele>1518.333333</ele>
<time>2026-07-04T05:18:11Z</time>
<speed>0.167770</speed>
<trueHeading>0.000000</trueHeading>
<magneticHeading>0.000000</magneticHeading>
<gpsHeading>187.352722</gpsHeading>
<haccuracy>3.525000</haccuracy>
<vaccuracy>3.525000</vaccuracy>
<internetconnect>0</internetconnect>
</trkpt>
<trkpt lat="35.864252" lon="138.969851">
<ele>1504.333333</ele>
<time>2026-07-04T05:18:59Z</time>
<speed>1.240638</speed>
<trueHeading>0.000000</trueHeading>
<magneticHeading>0.000000</magneticHeading>
<gpsHeading>185.552948</gpsHeading>
<haccuracy>6.467000</haccuracy>
<vaccuracy>6.467000</vaccuracy>
<internetconnect>0</internetconnect>
</trkpt>
<trkpt lat="35.863957" lon="138.969864">
<ele>1490.333333</ele>
<time>2026-07-04T05:19:46Z</time>
<speed>0.279456</speed>
<trueHeading>0.000000</trueHeading>
<magneticHeading>0.000000</magneticHeading>
<gpsHeading>178.001160</gpsHeading>
<haccuracy>4.309000</haccuracy>
<vaccuracy>4.309000</vaccuracy>
<internetconnect>0</internetconnect>
</trkpt>
<trkpt lat="35.863609" lon="138.969955">
<ele>1479.333333</ele>
<time>2026-07-04T05:20:55Z</time>
<speed>1.339240</speed>
<trueHeading>0.000000</trueHeading>
<magneticHeading>0.000000</magneticHeading>
<gpsHeading>168.003403</gpsHeading>
<haccuracy>4.409000</haccuracy>
<vaccuracy>4.409000</vaccuracy>
<internetconnect>0</internetconnect>
</trkpt>
<trkpt lat="35.863321" lon="138.970193">
<ele>1467.333333</ele>
<time>2026-07-04T05:21:43Z</time>
<speed>1.429642</speed>
<trueHeading>0.000000</trueHeading>
<magneticHeading>0.000000</magneticHeading>
<gpsHeading>146.128052</gpsHeading>
<haccuracy>3.543000</haccuracy>
<vaccuracy>3.543000</vaccuracy>
<internetconnect>0</internetconnect>
</trkpt>
<trkpt lat="35.863013" lon="138.970730">
<ele>1457.666667</ele>
<time>2026-07-04T05:22:30Z</time>
<speed>1.325875</speed>
<trueHeading>0.000000</trueHeading>
<magneticHeading>0.000000</magneticHeading>
<gpsHeading>125.290604</gpsHeading>
<haccuracy>5.106000</haccuracy>
<vaccuracy>5.106000</vaccuracy>
<internetconnect>0</internetconnect>
</trkpt>
<trkpt lat="35.862710" lon="138.970898">
<ele>1445.333333</ele>
<time>2026-07-04T05:23:18Z</time>
<speed>0.158897</speed>
<trueHeading>0.000000</trueHeading>
<magneticHeading>0.000000</magneticHeading>
<gpsHeading>155.830460</gpsHeading>
<haccuracy>3.554000</haccuracy>
<vaccuracy>3.554000</vaccuracy>
<internetconnect>0</internetconnect>
</trkpt>
<trkpt lat="35.862394" lon="138.971304">
<ele>1435.333333</ele>
<time>2026-07-04T05:24:05Z</time>
<speed>1.396897</speed>
<trueHeading>0.000000</trueHeading>
<magneticHeading>0.000000</magneticHeading>
<gpsHeading>133.910049</gpsHeading>
<haccuracy>4.605000</haccuracy>
<vaccuracy>4.605000</vaccuracy>
<internetconnect>0</internetconnect>
</trkpt>
<trkpt lat="35.862138" lon="138.971499">
<ele>1420.000000</ele>
<time>2026-07-04T05:24:55Z</time>
<speed>1.461149</speed>
<trueHeading>0.000000</trueHeading>
<magneticHeading>0.000000</magneticHeading>
<gpsHeading>148.325363</gpsHeading>
<haccuracy>6.726000</haccuracy>
<vaccuracy>6.726000</vaccuracy>
<internetconnect>0</internetconnect>
</trkpt>
<trkpt lat="35.861868" lon="138.972067">
<ele>1404.000000</ele>
<time>2026-07-04T05:25:42Z</time>
<speed>1.496866</speed>
<trueHeading>0.000000</trueHeading>
<magneticHeading>0.000000</magneticHeading>
<gpsHeading>120.293442</gpsHeading>
<haccuracy>5.495000</haccuracy>
<vaccuracy>5.495000</vaccuracy>
<internetconnect>0</internetconnect>
</trkpt>
<trkpt lat="35.861461" lon="138.972370">
<ele>1386.666667</ele>
<time>2026-07-04T05:26:30Z</time>
<speed>0.841267</speed>
<trueHeading>0.000000</trueHeading>
<magneticHeading>0.000000</magneticHeading>
<gpsHeading>148.887161</gpsHeading>
<haccuracy>6.350000</haccuracy>
<vaccuracy>6.350000</vaccuracy>
<internetconnect>0</internetconnect>
</trkpt>
<trkpt lat="35.861195" lon="138.972513">
<ele>1373.666667</ele>
<time>2026-07-04T05:27:23Z</time>
<speed>1.456268</speed>
<trueHeading>0.000000</trueHeading>
<magneticHeading>0.000000</magneticHeading>
<gpsHeading>156.555923</gpsHeading>
<haccuracy>6.338000</haccuracy>
<vaccuracy>6.338000</vaccuracy>
<internetconnect>0</internetconnect>
</trkpt>
<trkpt lat="35.860956" lon="138.972947">
<ele>1363.333333</ele>
<time>2026-07-04T05:28:11Z</time>
<speed>1.081325</speed>
<trueHeading>0.000000</trueHeading>
<magneticHeading>0.000000</magneticHeading>
<gpsHeading>124.271263</gpsHeading>
<haccuracy>5.309000</haccuracy>
<vaccuracy>5.309000</vaccuracy>
<internetconnect>0</internetconnect>
</trkpt>
<trkpt lat="35.860652" lon="138.973044">
<ele>1351.000000</ele>
<time>2026-07-04T05:29:09Z</time>
<speed>1.456237</speed>
<trueHeading>0.000000</trueHeading>
<magneticHeading>0.000000</magneticHeading>
<gpsHeading>165.411789</gpsHeading>
<haccuracy>5.095000</haccuracy>
<vaccuracy>5.095000</vaccuracy>
<internetconnect>0</internetconnect>
</trkpt>
<trkpt lat="35.860375" lon="138.973525">
<ele>1340.000000</ele>
<time>2026-07-04T05:29:56Z</time>
<speed>1.413365</speed>
<trueHeading>0.000000</trueHeading>
<magneticHeading>0.000000</magneticHeading>
<gpsHeading>125.383987</gpsHeading>
<haccuracy>5.852000</haccuracy>
<vaccuracy>5.852000</vaccuracy>
<internetconnect>0</internetconnect>
</trkpt>
<trkpt lat="35.860175" lon="138.973857">
<ele>1326.333333</ele>
<time>2026-07-04T05:30:56Z</time>
<speed>1.460788</speed>
<trueHeading>0.000000</trueHeading>
<magneticHeading>0.000000</magneticHeading>
<gpsHeading>126.612671</gpsHeading>
<haccuracy>5.222000</haccuracy>
<vaccuracy>5.222000</vaccuracy>
<internetconnect>0</internetconnect>
</trkpt>
<trkpt lat="35.859732" lon="138.974244">
<ele>1315.666667</ele>
<time>2026-07-04T05:31:43Z</time>
<speed>1.358356</speed>
<trueHeading>0.000000</trueHeading>
<magneticHeading>0.000000</magneticHeading>
<gpsHeading>144.712753</gpsHeading>
<haccuracy>4.983000</haccuracy>
<vaccuracy>4.983000</vaccuracy>
<internetconnect>0</internetconnect>
</trkpt>
<trkpt lat="35.859358" lon="138.974397">
<ele>1304.666667</ele>
<time>2026-07-04T05:32:29Z</time>
<speed>1.331249</speed>
<trueHeading>0.000000</trueHeading>
<magneticHeading>0.000000</magneticHeading>
<gpsHeading>161.652481</gpsHeading>
<haccuracy>5.620000</haccuracy>
<vaccuracy>5.620000</vaccuracy>
<internetconnect>0</internetconnect>
</trkpt>
<trkpt lat="35.859023" lon="138.974632">
<ele>1296.333333</ele>
<time>2026-07-04T05:33:17Z</time>
<speed>1.225041</speed>
<trueHeading>0.000000</trueHeading>
<magneticHeading>0.000000</magneticHeading>
<gpsHeading>150.453812</gpsHeading>
<haccuracy>5.244000</haccuracy>
<vaccuracy>5.244000</vaccuracy>
<internetconnect>0</internetconnect>
</trkpt>
<trkpt lat="35.858507" lon="138.974574">
<ele>1290.333333</ele>
<time>2026-07-04T05:34:05Z</time>
<speed>1.566566</speed>
<trueHeading>0.000000</trueHeading>
<magneticHeading>0.000000</magneticHeading>
<gpsHeading>185.121902</gpsHeading>
<haccuracy>5.757000</haccuracy>
<vaccuracy>5.757000</vaccuracy>
<internetconnect>0</internetconnect>
</trkpt>
<trkpt lat="35.858223" lon="138.974727">
<ele>1285.000000</ele>
<time>2026-07-04T05:34:59Z</time>
<speed>1.028409</speed>
<trueHeading>0.000000</trueHeading>
<magneticHeading>0.000000</magneticHeading>
<gpsHeading>156.471985</gpsHeading>
<haccuracy>6.631000</haccuracy>
<vaccuracy>6.631000</vaccuracy>
<internetconnect>0</internetconnect>
</trkpt>
<trkpt lat="35.857757" lon="138.974776">
<ele>1280.666667</ele>
<time>2026-07-04T05:35:47Z</time>
<speed>1.334515</speed>
<trueHeading>0.000000</trueHeading>
<magneticHeading>0.000000</magneticHeading>
<gpsHeading>175.129990</gpsHeading>
<haccuracy>5.241000</haccuracy>
<vaccuracy>5.241000</vaccuracy>
<internetconnect>0</internetconnect>
</trkpt>
<trkpt lat="35.857665" lon="138.975211">
<ele>1272.000000</ele>
<time>2026-07-04T05:36:35Z</time>
<speed>0.974748</speed>
<trueHeading>0.000000</trueHeading>
<magneticHeading>0.000000</magneticHeading>
<gpsHeading>104.715530</gpsHeading>
<haccuracy>4.576000</haccuracy>
<vaccuracy>4.576000</vaccuracy>
<internetconnect>0</internetconnect>
</trkpt>
<trkpt lat="35.857346" lon="138.975515">
<ele>1259.666667</ele>
<time>2026-07-04T05:37:28Z</time>
<speed>0.124839</speed>
<trueHeading>0.000000</trueHeading>
<magneticHeading>0.000000</magneticHeading>
<gpsHeading>142.347397</gpsHeading>
<haccuracy>3.483000</haccuracy>
<vaccuracy>3.483000</vaccuracy>
<internetconnect>0</internetconnect>
</trkpt>
<trkpt lat="35.857176" lon="138.975844">
<ele>1245.666667</ele>
<time>2026-07-04T05:38:17Z</time>
<speed>1.440893</speed>
<trueHeading>0.000000</trueHeading>
<magneticHeading>0.000000</magneticHeading>
<gpsHeading>122.481407</gpsHeading>
<haccuracy>5.932000</haccuracy>
<vaccuracy>5.932000</vaccuracy>
<internetconnect>0</internetconnect>
</trkpt>
<trkpt lat="35.857190" lon="138.976224">
<ele>1231.333333</ele>
<time>2026-07-04T05:39:05Z</time>
<speed>1.237822</speed>
<trueHeading>0.000000</trueHeading>
<magneticHeading>0.000000</magneticHeading>
<gpsHeading>87.514565</gpsHeading>
<haccuracy>5.598000</haccuracy>
<vaccuracy>5.598000</vaccuracy>
<internetconnect>0</internetconnect>
</trkpt>
<trkpt lat="35.857112" lon="138.976591">
<ele>1218.666667</ele>
<time>2026-07-04T05:39:52Z</time>
<speed>0.101518</speed>
<trueHeading>0.000000</trueHeading>
<magneticHeading>0.000000</magneticHeading>
<gpsHeading>104.639870</gpsHeading>
<haccuracy>4.672000</haccuracy>
<vaccuracy>4.672000</vaccuracy>
<internetconnect>0</internetconnect>
</trkpt>
<trkpt lat="35.856823" lon="138.976771">
<ele>1204.666667</ele>
<time>2026-07-04T05:40:56Z</time>
<speed>1.005558</speed>
<trueHeading>0.000000</trueHeading>
<magneticHeading>0.000000</magneticHeading>
<gpsHeading>153.286118</gpsHeading>
<haccuracy>3.001000</haccuracy>
<vaccuracy>3.001000</vaccuracy>
<internetconnect>0</internetconnect>
</trkpt>
<trkpt lat="35.856603" lon="138.977190">
<ele>1192.333333</ele>
<time>2026-07-04T05:41:44Z</time>
<speed>1.392718</speed>
<trueHeading>0.000000</trueHeading>
<magneticHeading>0.000000</magneticHeading>
<gpsHeading>122.905380</gpsHeading>
<haccuracy>4.929000</haccuracy>
<vaccuracy>4.929000</vaccuracy>
<internetconnect>0</internetconnect>
</trkpt>
<trkpt lat="35.856315" lon="138.977158">
<ele>1179.000000</ele>
<time>2026-07-04T05:42:36Z</time>
<speed>1.222658</speed>
<trueHeading>0.000000</trueHeading>
<magneticHeading>0.000000</magneticHeading>
<gpsHeading>185.122772</gpsHeading>
<haccuracy>3.798000</haccuracy>
<vaccuracy>3.798000</vaccuracy>
<internetconnect>0</internetconnect>
</trkpt>
<trkpt lat="35.856096" lon="138.977499">
<ele>1168.333333</ele>
<time>2026-07-04T05:43:23Z</time>
<speed>1.438125</speed>
<trueHeading>0.000000</trueHeading>
<magneticHeading>0.000000</magneticHeading>
<gpsHeading>128.431351</gpsHeading>
<haccuracy>4.338000</haccuracy>
<vaccuracy>4.338000</vaccuracy>
<internetconnect>0</internetconnect>
</trkpt>
<trkpt lat="35.855597" lon="138.977483">
<ele>1161.333333</ele>
<time>2026-07-04T05:44:11Z</time>
<speed>1.028595</speed>
<trueHeading>0.000000</trueHeading>
<magneticHeading>0.000000</magneticHeading>
<gpsHeading>181.509369</gpsHeading>
<haccuracy>4.958000</haccuracy>
<vaccuracy>4.958000</vaccuracy>
<internetconnect>0</internetconnect>
</trkpt>
<trkpt lat="35.855195" lon="138.977549">
<ele>1157.000000</ele>
<time>2026-07-04T05:44:59Z</time>
<speed>1.311398</speed>
<trueHeading>0.000000</trueHeading>
<magneticHeading>0.000000</magneticHeading>
<gpsHeading>172.473419</gpsHeading>
<haccuracy>5.490000</haccuracy>
<vaccuracy>5.490000</vaccuracy>
<internetconnect>0</internetconnect>
</trkpt>
<trkpt lat="35.854804" lon="138.977523">
<ele>1149.333333</ele>
<time>2026-07-04T05:45:46Z</time>
<speed>1.319113</speed>
<trueHeading>0.000000</trueHeading>
<magneticHeading>0.000000</magneticHeading>
<gpsHeading>183.045578</gpsHeading>
<haccuracy>5.643000</haccuracy>
<vaccuracy>5.643000</vaccuracy>
<internetconnect>0</internetconnect>
</trkpt>
<trkpt lat="35.854434" lon="138.977923">
<ele>1138.666667</ele>
<time>2026-07-04T05:46:35Z</time>
<speed>1.420854</speed>
<trueHeading>0.000000</trueHeading>
<magneticHeading>0.000000</magneticHeading>
<gpsHeading>138.707626</gpsHeading>
<haccuracy>5.144000</haccuracy>
<vaccuracy>5.144000</vaccuracy>
<internetconnect>0</internetconnect>
</trkpt>
<trkpt lat="35.854707" lon="138.978112">
<ele>1121.333333</ele>
<time>2026-07-04T05:48:24Z</time>
<speed>1.419960</speed>
<trueHeading>0.000000</trueHeading>
<magneticHeading>0.000000</magneticHeading>
<gpsHeading>29.329538</gpsHeading>
<haccuracy>3.742000</haccuracy>
<vaccuracy>3.742000</vaccuracy>
<internetconnect>0</internetconnect>
</trkpt>
<trkpt lat="35.855075" lon="138.978415">
<ele>1103.000000</ele>
<time>2026-07-04T05:49:13Z</time>
<speed>1.462309</speed>
<trueHeading>0.000000</trueHeading>
<magneticHeading>0.000000</magneticHeading>
<gpsHeading>33.711266</gpsHeading>
<haccuracy>6.842000</haccuracy>
<vaccuracy>6.842000</vaccuracy>
<internetconnect>0</internetconnect>
</trkpt>
<trkpt lat="35.854846" lon="138.978628">
<ele>1079.333333</ele>
<time>2026-07-04T05:50:52Z</time>
<speed>1.551143</speed>
<trueHeading>0.000000</trueHeading>
<magneticHeading>0.000000</magneticHeading>
<gpsHeading>143.052109</gpsHeading>
<haccuracy>5.987000</haccuracy>
<vaccuracy>5.987000</vaccuracy>
<internetconnect>0</internetconnect>
</trkpt>
<trkpt lat="35.855059" lon="138.979029">
<ele>1061.000000</ele>
<time>2026-07-04T05:51:41Z</time>
<speed>1.498442</speed>
<trueHeading>0.000000</trueHeading>
<magneticHeading>0.000000</magneticHeading>
<gpsHeading>56.802773</gpsHeading>
<haccuracy>5.488000</haccuracy>
<vaccuracy>5.488000</vaccuracy>
<internetconnect>0</internetconnect>
</trkpt>
<trkpt lat="35.854641" lon="138.978945">
<ele>1047.333333</ele>
<time>2026-07-04T05:52:30Z</time>
<speed>1.444216</speed>
<trueHeading>0.000000</trueHeading>
<magneticHeading>0.000000</magneticHeading>
<gpsHeading>189.211929</gpsHeading>
<haccuracy>5.845000</haccuracy>
<vaccuracy>5.845000</vaccuracy>
<internetconnect>0</internetconnect>
</trkpt>
<trkpt lat="35.854843" lon="138.979312">
<ele>1041.333333</ele>
<time>2026-07-04T05:53:18Z</time>
<speed>1.344216</speed>
<trueHeading>0.000000</trueHeading>
<magneticHeading>0.000000</magneticHeading>
<gpsHeading>55.865322</gpsHeading>
<haccuracy>5.794000</haccuracy>
<vaccuracy>5.794000</vaccuracy>
<internetconnect>0</internetconnect>
</trkpt>
<trkpt lat="35.854618" lon="138.979528">
<ele>1039.000000</ele>
<time>2026-07-04T05:54:31Z</time>
<speed>0.576645</speed>
<trueHeading>0.000000</trueHeading>
<magneticHeading>0.000000</magneticHeading>
<gpsHeading>142.138733</gpsHeading>
<haccuracy>5.684000</haccuracy>
<vaccuracy>5.684000</vaccuracy>
<internetconnect>0</internetconnect>
</trkpt>
<trkpt lat="35.854628" lon="138.979528">
<ele>1038.666667</ele>
<time>2026-07-04T05:58:39Z</time>
<speed>0.137496</speed>
<trueHeading>0.000000</trueHeading>
<magneticHeading>0.000000</magneticHeading>
<gpsHeading>1.820507</gpsHeading>
<haccuracy>5.540000</haccuracy>
<vaccuracy>5.540000</vaccuracy>
<internetconnect>0</internetconnect>
</trkpt>
<trkpt lat="35.854643" lon="138.979455">
<ele>1039.000000</ele>
<time>2026-07-04T06:04:42Z</time>
<speed>0.239241</speed>
<trueHeading>0.000000</trueHeading>
<magneticHeading>0.000000</magneticHeading>
<gpsHeading>283.879517</gpsHeading>
<haccuracy>5.163000</haccuracy>
<vaccuracy>5.163000</vaccuracy>
<internetconnect>0</internetconnect>
</trkpt>
<trkpt lat="35.854731" lon="138.979467">
<ele>1038.666667</ele>
<time>2026-07-04T06:06:49Z</time>
<speed>0.000000</speed>
<trueHeading>0.000000</trueHeading>
<magneticHeading>0.000000</magneticHeading>
<gpsHeading>6.147189</gpsHeading>
<haccuracy>11.407000</haccuracy>
<vaccuracy>11.407000</vaccuracy>
<internetconnect>0</internetconnect>
</trkpt>
<trkpt lat="35.854661" lon="138.979383">
<ele>1038.333333</ele>
<time>2026-07-04T06:09:18Z</time>
<speed>0.000000</speed>
<trueHeading>0.000000</trueHeading>
<magneticHeading>0.000000</magneticHeading>
<gpsHeading>224.068665</gpsHeading>
<haccuracy>12.285000</haccuracy>
<vaccuracy>12.285000</vaccuracy>
<internetconnect>0</internetconnect>
</trkpt>
<trkpt lat="35.854639" lon="138.979416">
<ele>1039.333333</ele>
<time>2026-07-04T06:12:00Z</time>
<speed>0.170000</speed>
<trueHeading>0.000000</trueHeading>
<magneticHeading>0.000000</magneticHeading>
<gpsHeading>129.100113</gpsHeading>
<haccuracy>10.824000</haccuracy>
<vaccuracy>10.824000</vaccuracy>
<internetconnect>0</internetconnect>
</trkpt>
<trkpt lat="35.854659" lon="138.979761">
<ele>1049.333333</ele>
<time>2026-07-04T06:13:48Z</time>
<speed>0.136437</speed>
<trueHeading>0.000000</trueHeading>
<magneticHeading>0.000000</magneticHeading>
<gpsHeading>85.874100</gpsHeading>
<haccuracy>3.279000</haccuracy>
<vaccuracy>3.279000</vaccuracy>
<internetconnect>0</internetconnect>
</trkpt>
<trkpt lat="35.854857" lon="138.980414">
<ele>1059.333333</ele>
<time>2026-07-04T06:14:49Z</time>
<speed>0.195683</speed>
<trueHeading>0.000000</trueHeading>
<magneticHeading>0.000000</magneticHeading>
<gpsHeading>69.533417</gpsHeading>
<haccuracy>9.739000</haccuracy>
<vaccuracy>9.739000</vaccuracy>
<internetconnect>0</internetconnect>
</trkpt>
<trkpt lat="35.854864" lon="138.980868">
<ele>1066.666667</ele>
<time>2026-07-04T06:15:38Z</time>
<speed>0.597630</speed>
<trueHeading>0.000000</trueHeading>
<magneticHeading>0.000000</magneticHeading>
<gpsHeading>88.831322</gpsHeading>
<haccuracy>6.070000</haccuracy>
<vaccuracy>6.070000</vaccuracy>
<internetconnect>0</internetconnect>
</trkpt>
<trkpt lat="35.854657" lon="138.981159">
<ele>1068.000000</ele>
<time>2026-07-04T06:16:28Z</time>
<speed>0.414121</speed>
<trueHeading>0.000000</trueHeading>
<magneticHeading>0.000000</magneticHeading>
<gpsHeading>131.240417</gpsHeading>
<haccuracy>4.831000</haccuracy>
<vaccuracy>4.831000</vaccuracy>
<internetconnect>0</internetconnect>
</trkpt>
<trkpt lat="35.854592" lon="138.981381">
<ele>1069.333333</ele>
<time>2026-07-04T06:18:33Z</time>
<speed>0.221446</speed>
<trueHeading>0.000000</trueHeading>
<magneticHeading>0.000000</magneticHeading>
<gpsHeading>109.963127</gpsHeading>
<haccuracy>5.118000</haccuracy>
<vaccuracy>5.118000</vaccuracy>
<internetconnect>0</internetconnect>
</trkpt>
<trkpt lat="35.854623" lon="138.981384">
<ele>1072.666667</ele>
<time>2026-07-04T06:20:38Z</time>
<speed>0.170787</speed>
<trueHeading>0.000000</trueHeading>
<magneticHeading>0.000000</magneticHeading>
<gpsHeading>4.349936</gpsHeading>
<haccuracy>6.259000</haccuracy>
<vaccuracy>6.259000</vaccuracy>
<internetconnect>0</internetconnect>
</trkpt>
<trkpt lat="35.854502" lon="138.981693">
<ele>1071.666667</ele>
<time>2026-07-04T06:21:57Z</time>
<speed>1.404706</speed>
<trueHeading>0.000000</trueHeading>
<magneticHeading>0.000000</magneticHeading>
<gpsHeading>115.795715</gpsHeading>
<haccuracy>4.146000</haccuracy>
<vaccuracy>4.146000</vaccuracy>
<internetconnect>0</internetconnect>
</trkpt>
<trkpt lat="35.854119" lon="138.981826">
<ele>1071.333333</ele>
<time>2026-07-04T06:22:45Z</time>
<speed>0.976596</speed>
<trueHeading>0.000000</trueHeading>
<magneticHeading>0.000000</magneticHeading>
<gpsHeading>164.260895</gpsHeading>
<haccuracy>4.901000</haccuracy>
<vaccuracy>4.901000</vaccuracy>
<internetconnect>0</internetconnect>
</trkpt>
<trkpt lat="35.853668" lon="138.981943">
<ele>1070.666667</ele>
<time>2026-07-04T06:23:35Z</time>
<speed>0.497466</speed>
<trueHeading>0.000000</trueHeading>
<magneticHeading>0.000000</magneticHeading>
<gpsHeading>168.187027</gpsHeading>
<haccuracy>4.420000</haccuracy>
<vaccuracy>4.420000</vaccuracy>
<internetconnect>0</internetconnect>
</trkpt>
<trkpt lat="35.853528" lon="138.982668">
<ele>1070.666667</ele>
<time>2026-07-04T06:24:25Z</time>
<speed>1.469813</speed>
<trueHeading>0.000000</trueHeading>
<magneticHeading>0.000000</magneticHeading>
<gpsHeading>103.406731</gpsHeading>
<haccuracy>4.473000</haccuracy>
<vaccuracy>4.473000</vaccuracy>
<internetconnect>0</internetconnect>
</trkpt>
<trkpt lat="35.853435" lon="138.983173">
<ele>1068.666667</ele>
<time>2026-07-04T06:25:15Z</time>
<speed>0.094351</speed>
<trueHeading>0.000000</trueHeading>
<magneticHeading>0.000000</magneticHeading>
<gpsHeading>102.884697</gpsHeading>
<haccuracy>3.154000</haccuracy>
<vaccuracy>3.154000</vaccuracy>
<internetconnect>0</internetconnect>
</trkpt>
<trkpt lat="35.853516" lon="138.983509">
<ele>1061.000000</ele>
<time>2026-07-04T06:26:29Z</time>
<speed>0.732305</speed>
<trueHeading>0.000000</trueHeading>
<magneticHeading>0.000000</magneticHeading>
<gpsHeading>73.314308</gpsHeading>
<haccuracy>5.520000</haccuracy>
<vaccuracy>5.520000</vaccuracy>
<internetconnect>0</internetconnect>
</trkpt>
<trkpt lat="35.853642" lon="138.984277">
<ele>1054.333333</ele>
<time>2026-07-04T06:27:17Z</time>
<speed>1.031915</speed>
<trueHeading>0.000000</trueHeading>
<magneticHeading>0.000000</magneticHeading>
<gpsHeading>78.556961</gpsHeading>
<haccuracy>4.731000</haccuracy>
<vaccuracy>4.731000</vaccuracy>
<internetconnect>0</internetconnect>
</trkpt>
<trkpt lat="35.853268" lon="138.984631">
<ele>1047.000000</ele>
<time>2026-07-04T06:28:07Z</time>
<speed>1.596534</speed>
<trueHeading>0.000000</trueHeading>
<magneticHeading>0.000000</magneticHeading>
<gpsHeading>142.634521</gpsHeading>
<haccuracy>5.789000</haccuracy>
<vaccuracy>5.789000</vaccuracy>
<internetconnect>0</internetconnect>
</trkpt>
<trkpt lat="35.852589" lon="138.984637">
<ele>1045.000000</ele>
<time>2026-07-04T06:28:57Z</time>
<speed>1.262377</speed>
<trueHeading>0.000000</trueHeading>
<magneticHeading>0.000000</magneticHeading>
<gpsHeading>179.596359</gpsHeading>
<haccuracy>5.177000</haccuracy>
<vaccuracy>5.177000</vaccuracy>
<internetconnect>0</internetconnect>
</trkpt>
<trkpt lat="35.851957" lon="138.984698">
<ele>1037.000000</ele>
<time>2026-07-04T06:29:46Z</time>
<speed>1.111226</speed>
<trueHeading>0.000000</trueHeading>
<magneticHeading>0.000000</magneticHeading>
<gpsHeading>175.500610</gpsHeading>
<haccuracy>5.231000</haccuracy>
<vaccuracy>5.231000</vaccuracy>
<internetconnect>0</internetconnect>
</trkpt>
<trkpt lat="35.851333" lon="138.984663">
<ele>1034.666667</ele>
<time>2026-07-04T06:30:35Z</time>
<speed>1.547179</speed>
<trueHeading>0.000000</trueHeading>
<magneticHeading>0.000000</magneticHeading>
<gpsHeading>182.622375</gpsHeading>
<haccuracy>4.927000</haccuracy>
<vaccuracy>4.927000</vaccuracy>
<internetconnect>0</internetconnect>
</trkpt>
<trkpt lat="35.850973" lon="138.985372">
<ele>1028.666667</ele>
<time>2026-07-04T06:31:25Z</time>
<speed>1.214637</speed>
<trueHeading>0.000000</trueHeading>
<magneticHeading>0.000000</magneticHeading>
<gpsHeading>122.046501</gpsHeading>
<haccuracy>5.521000</haccuracy>
<vaccuracy>5.521000</vaccuracy>
<internetconnect>0</internetconnect>
</trkpt>
<trkpt lat="35.850611" lon="138.986005">
<ele>1028.333333</ele>
<time>2026-07-04T06:32:13Z</time>
<speed>1.277375</speed>
<trueHeading>0.000000</trueHeading>
<magneticHeading>0.000000</magneticHeading>
<gpsHeading>125.144135</gpsHeading>
<haccuracy>5.333000</haccuracy>
<vaccuracy>5.333000</vaccuracy>
<internetconnect>0</internetconnect>
</trkpt>
<trkpt lat="35.850129" lon="138.986345">
<ele>1022.666667</ele>
<time>2026-07-04T06:33:03Z</time>
<speed>0.285075</speed>
<trueHeading>0.000000</trueHeading>
<magneticHeading>0.000000</magneticHeading>
<gpsHeading>150.291809</gpsHeading>
<haccuracy>3.947000</haccuracy>
<vaccuracy>3.947000</vaccuracy>
<internetconnect>0</internetconnect>
</trkpt>
<trkpt lat="35.849575" lon="138.986196">
<ele>1018.000000</ele>
<time>2026-07-04T06:33:51Z</time>
<speed>0.551851</speed>
<trueHeading>0.000000</trueHeading>
<magneticHeading>0.000000</magneticHeading>
<gpsHeading>192.278427</gpsHeading>
<haccuracy>5.270000</haccuracy>
<vaccuracy>5.270000</vaccuracy>
<internetconnect>0</internetconnect>
</trkpt>
<trkpt lat="35.849024" lon="138.986117">
<ele>1014.000000</ele>
<time>2026-07-04T06:34:41Z</time>
<speed>0.795650</speed>
<trueHeading>0.000000</trueHeading>
<magneticHeading>0.000000</magneticHeading>
<gpsHeading>186.653824</gpsHeading>
<haccuracy>5.029000</haccuracy>
<vaccuracy>5.029000</vaccuracy>
<internetconnect>0</internetconnect>
</trkpt>
<trkpt lat="35.848855" lon="138.986853">
<ele>1009.333333</ele>
<time>2026-07-04T06:35:31Z</time>
<speed>1.568666</speed>
<trueHeading>0.000000</trueHeading>
<magneticHeading>0.000000</magneticHeading>
<gpsHeading>105.872635</gpsHeading>
<haccuracy>5.139000</haccuracy>
<vaccuracy>5.139000</vaccuracy>
<internetconnect>0</internetconnect>
</trkpt>
<trkpt lat="35.849232" lon="138.987529">
<ele>1012.000000</ele>
<time>2026-07-04T06:36:21Z</time>
<speed>1.125541</speed>
<trueHeading>0.000000</trueHeading>
<magneticHeading>0.000000</magneticHeading>
<gpsHeading>55.434525</gpsHeading>
<haccuracy>8.616000</haccuracy>
<vaccuracy>8.616000</vaccuracy>
<internetconnect>0</internetconnect>
</trkpt>
<trkpt lat="35.849391" lon="138.988289">
<ele>1009.000000</ele>
<time>2026-07-04T06:37:10Z</time>
<speed>0.637479</speed>
<trueHeading>0.000000</trueHeading>
<magneticHeading>0.000000</magneticHeading>
<gpsHeading>75.583435</gpsHeading>
<haccuracy>5.365000</haccuracy>
<vaccuracy>5.365000</vaccuracy>
<internetconnect>0</internetconnect>
</trkpt>
<trkpt lat="35.849153" lon="138.988562">
<ele>1005.333333</ele>
<time>2026-07-04T06:38:33Z</time>
<speed>1.431258</speed>
<trueHeading>0.000000</trueHeading>
<magneticHeading>0.000000</magneticHeading>
<gpsHeading>137.036469</gpsHeading>
<haccuracy>4.844000</haccuracy>
<vaccuracy>4.844000</vaccuracy>
<internetconnect>0</internetconnect>
</trkpt>
<trkpt lat="35.849026" lon="138.989164">
<ele>998.666667</ele>
<time>2026-07-04T06:39:21Z</time>
<speed>1.494871</speed>
<trueHeading>0.000000</trueHeading>
<magneticHeading>0.000000</magneticHeading>
<gpsHeading>104.584557</gpsHeading>
<haccuracy>8.075000</haccuracy>
<vaccuracy>8.075000</vaccuracy>
<internetconnect>0</internetconnect>
</trkpt>
<trkpt lat="35.849450" lon="138.989666">
<ele>993.333333</ele>
<time>2026-07-04T06:40:10Z</time>
<speed>0.725718</speed>
<trueHeading>0.000000</trueHeading>
<magneticHeading>0.000000</magneticHeading>
<gpsHeading>43.848564</gpsHeading>
<haccuracy>6.316000</haccuracy>
<vaccuracy>6.316000</vaccuracy>
<internetconnect>0</internetconnect>
</trkpt>
<trkpt lat="35.850003" lon="138.990026">
<ele>990.333333</ele>
<time>2026-07-04T06:41:00Z</time>
<speed>1.359066</speed>
<trueHeading>0.000000</trueHeading>
<magneticHeading>0.000000</magneticHeading>
<gpsHeading>27.799761</gpsHeading>
<haccuracy>6.057000</haccuracy>
<vaccuracy>6.057000</vaccuracy>
<internetconnect>0</internetconnect>
</trkpt>
<trkpt lat="35.850187" lon="138.990819">
<ele>985.000000</ele>
<time>2026-07-04T06:41:50Z</time>
<speed>1.525765</speed>
<trueHeading>0.000000</trueHeading>
<magneticHeading>0.000000</magneticHeading>
<gpsHeading>74.082001</gpsHeading>
<haccuracy>5.296000</haccuracy>
<vaccuracy>5.296000</vaccuracy>
<internetconnect>0</internetconnect>
</trkpt>
<trkpt lat="35.850283" lon="138.991497">
<ele>984.333333</ele>
<time>2026-07-04T06:42:37Z</time>
<speed>0.914267</speed>
<trueHeading>0.000000</trueHeading>
<magneticHeading>0.000000</magneticHeading>
<gpsHeading>80.092567</gpsHeading>
<haccuracy>5.878000</haccuracy>
<vaccuracy>5.878000</vaccuracy>
<internetconnect>0</internetconnect>
</trkpt>
<trkpt lat="35.850424" lon="138.992241">
<ele>980.666667</ele>
<time>2026-07-04T06:43:27Z</time>
<speed>1.487803</speed>
<trueHeading>0.000000</trueHeading>
<magneticHeading>0.000000</magneticHeading>
<gpsHeading>76.794502</gpsHeading>
<haccuracy>5.374000</haccuracy>
<vaccuracy>5.374000</vaccuracy>
<internetconnect>0</internetconnect>
</trkpt>
<trkpt lat="35.850538" lon="138.992829">
<ele>973.666667</ele>
<time>2026-07-04T06:44:43Z</time>
<speed>1.514217</speed>
<trueHeading>0.000000</trueHeading>
<magneticHeading>0.000000</magneticHeading>
<gpsHeading>76.587265</gpsHeading>
<haccuracy>8.939000</haccuracy>
<vaccuracy>8.939000</vaccuracy>
<internetconnect>0</internetconnect>
</trkpt>
<trkpt lat="35.851058" lon="138.993222">
<ele>964.333333</ele>
<time>2026-07-04T06:45:31Z</time>
<speed>1.572848</speed>
<trueHeading>0.000000</trueHeading>
<magneticHeading>0.000000</magneticHeading>
<gpsHeading>31.484367</gpsHeading>
<haccuracy>5.624000</haccuracy>
<vaccuracy>5.624000</vaccuracy>
<internetconnect>0</internetconnect>
</trkpt>
<trkpt lat="35.851210" lon="138.993844">
<ele>958.333333</ele>
<time>2026-07-04T06:46:19Z</time>
<speed>1.233515</speed>
<trueHeading>0.000000</trueHeading>
<magneticHeading>0.000000</magneticHeading>
<gpsHeading>73.211861</gpsHeading>
<haccuracy>5.732000</haccuracy>
<vaccuracy>5.732000</vaccuracy>
<internetconnect>0</internetconnect>
</trkpt>
<trkpt lat="35.850621" lon="138.993983">
<ele>954.000000</ele>
<time>2026-07-04T06:47:06Z</time>
<speed>0.574411</speed>
<trueHeading>0.000000</trueHeading>
<magneticHeading>0.000000</magneticHeading>
<gpsHeading>169.180084</gpsHeading>
<haccuracy>7.554000</haccuracy>
<vaccuracy>7.554000</vaccuracy>
<internetconnect>0</internetconnect>
</trkpt>
<trkpt lat="35.849985" lon="138.994099">
<ele>954.333333</ele>
<time>2026-07-04T06:47:55Z</time>
<speed>0.982138</speed>
<trueHeading>0.000000</trueHeading>
<magneticHeading>0.000000</magneticHeading>
<gpsHeading>171.556702</gpsHeading>
<haccuracy>4.901000</haccuracy>
<vaccuracy>4.901000</vaccuracy>
<internetconnect>0</internetconnect>
</trkpt>
<trkpt lat="35.849710" lon="138.994772">
<ele>949.666667</ele>
<time>2026-07-04T06:48:44Z</time>
<speed>1.206723</speed>
<trueHeading>0.000000</trueHeading>
<magneticHeading>0.000000</magneticHeading>
<gpsHeading>116.730072</gpsHeading>
<haccuracy>5.523000</haccuracy>
<vaccuracy>5.523000</vaccuracy>
<internetconnect>0</internetconnect>
</trkpt>
<trkpt lat="35.849485" lon="138.995556">
<ele>942.333333</ele>
<time>2026-07-04T06:49:34Z</time>
<speed>1.511063</speed>
<trueHeading>0.000000</trueHeading>
<magneticHeading>0.000000</magneticHeading>
<gpsHeading>109.510986</gpsHeading>
<haccuracy>3.085000</haccuracy>
<vaccuracy>3.085000</vaccuracy>
<internetconnect>0</internetconnect>
</trkpt>
<trkpt lat="35.849645" lon="138.996371">
<ele>934.666667</ele>
<time>2026-07-04T06:50:24Z</time>
<speed>1.560084</speed>
<trueHeading>0.000000</trueHeading>
<magneticHeading>0.000000</magneticHeading>
<gpsHeading>76.425980</gpsHeading>
<haccuracy>3.157000</haccuracy>
<vaccuracy>3.157000</vaccuracy>
<internetconnect>0</internetconnect>
</trkpt>
<trkpt lat="35.850276" lon="138.996647">
<ele>928.666667</ele>
<time>2026-07-04T06:51:14Z</time>
<speed>0.921230</speed>
<trueHeading>0.000000</trueHeading>
<magneticHeading>0.000000</magneticHeading>
<gpsHeading>19.458403</gpsHeading>
<haccuracy>4.239000</haccuracy>
<vaccuracy>4.239000</vaccuracy>
<internetconnect>0</internetconnect>
</trkpt>
<trkpt lat="35.850378" lon="138.997477">
<ele>927.333333</ele>
<time>2026-07-04T06:52:03Z</time>
<speed>0.755914</speed>
<trueHeading>0.000000</trueHeading>
<magneticHeading>0.000000</magneticHeading>
<gpsHeading>81.402550</gpsHeading>
<haccuracy>5.749000</haccuracy>
<vaccuracy>5.749000</vaccuracy>
<internetconnect>0</internetconnect>
</trkpt>
<trkpt lat="35.850515" lon="138.998029">
<ele>919.000000</ele>
<time>2026-07-04T06:52:53Z</time>
<speed>1.301342</speed>
<trueHeading>0.000000</trueHeading>
<magneticHeading>0.000000</magneticHeading>
<gpsHeading>72.940392</gpsHeading>
<haccuracy>6.015000</haccuracy>
<vaccuracy>6.015000</vaccuracy>
<internetconnect>0</internetconnect>
</trkpt>
<trkpt lat="35.850962" lon="138.998564">
<ele>914.666667</ele>
<time>2026-07-04T06:53:43Z</time>
<speed>1.294993</speed>
<trueHeading>0.000000</trueHeading>
<magneticHeading>0.000000</magneticHeading>
<gpsHeading>44.137295</gpsHeading>
<haccuracy>5.790000</haccuracy>
<vaccuracy>5.790000</vaccuracy>
<internetconnect>0</internetconnect>
</trkpt>
<trkpt lat="35.851580" lon="138.998804">
<ele>904.000000</ele>
<time>2026-07-04T06:54:33Z</time>
<speed>1.431382</speed>
<trueHeading>0.000000</trueHeading>
<magneticHeading>0.000000</magneticHeading>
<gpsHeading>17.470331</gpsHeading>
<haccuracy>5.846000</haccuracy>
<vaccuracy>5.846000</vaccuracy>
<internetconnect>0</internetconnect>
</trkpt>
<trkpt lat="35.851645" lon="138.999576">
<ele>900.000000</ele>
<time>2026-07-04T06:55:23Z</time>
<speed>0.661110</speed>
<trueHeading>0.000000</trueHeading>
<magneticHeading>0.000000</magneticHeading>
<gpsHeading>84.075516</gpsHeading>
<haccuracy>5.761000</haccuracy>
<vaccuracy>5.761000</vaccuracy>
<internetconnect>0</internetconnect>
</trkpt>
<trkpt lat="35.852343" lon="138.999883">
<ele>897.000000</ele>
<time>2026-07-04T06:56:11Z</time>
<speed>1.439247</speed>
<trueHeading>0.000000</trueHeading>
<magneticHeading>0.000000</magneticHeading>
<gpsHeading>19.621609</gpsHeading>
<haccuracy>5.680000</haccuracy>
<vaccuracy>5.680000</vaccuracy>
<internetconnect>0</internetconnect>
</trkpt>
<trkpt lat="35.852291" lon="139.000372">
<ele>895.666667</ele>
<time>2026-07-04T06:57:01Z</time>
<speed>0.410430</speed>
<trueHeading>0.000000</trueHeading>
<magneticHeading>0.000000</magneticHeading>
<gpsHeading>97.566185</gpsHeading>
<haccuracy>5.297000</haccuracy>
<vaccuracy>5.297000</vaccuracy>
<internetconnect>0</internetconnect>
</trkpt>
<trkpt lat="35.851635" lon="139.000525">
<ele>892.666667</ele>
<time>2026-07-04T06:57:50Z</time>
<speed>0.905813</speed>
<trueHeading>0.000000</trueHeading>
<magneticHeading>0.000000</magneticHeading>
<gpsHeading>169.291824</gpsHeading>
<haccuracy>5.585000</haccuracy>
<vaccuracy>5.585000</vaccuracy>
<internetconnect>0</internetconnect>
</trkpt>
<trkpt lat="35.851145" lon="139.001007">
<ele>883.666667</ele>
<time>2026-07-04T06:58:39Z</time>
<speed>1.536197</speed>
<trueHeading>0.000000</trueHeading>
<magneticHeading>0.000000</magneticHeading>
<gpsHeading>141.474625</gpsHeading>
<haccuracy>6.863000</haccuracy>
<vaccuracy>6.863000</vaccuracy>
<internetconnect>0</internetconnect>
</trkpt>
<trkpt lat="35.850530" lon="139.001485">
<ele>884.333333</ele>
<time>2026-07-04T06:59:29Z</time>
<speed>1.518618</speed>
<trueHeading>0.000000</trueHeading>
<magneticHeading>0.000000</magneticHeading>
<gpsHeading>147.770508</gpsHeading>
<haccuracy>5.377000</haccuracy>
<vaccuracy>5.377000</vaccuracy>
<internetconnect>0</internetconnect>
</trkpt>
<trkpt lat="35.850159" lon="139.002222">
<ele>879.333333</ele>
<time>2026-07-04T07:00:19Z</time>
<speed>1.580215</speed>
<trueHeading>0.000000</trueHeading>
<magneticHeading>0.000000</magneticHeading>
<gpsHeading>121.814713</gpsHeading>
<haccuracy>5.918000</haccuracy>
<vaccuracy>5.918000</vaccuracy>
<internetconnect>0</internetconnect>
</trkpt>
<trkpt lat="35.849552" lon="139.002143">
<ele>876.333333</ele>
<time>2026-07-04T07:01:08Z</time>
<speed>0.595467</speed>
<trueHeading>0.000000</trueHeading>
<magneticHeading>0.000000</magneticHeading>
<gpsHeading>186.007538</gpsHeading>
<haccuracy>6.226000</haccuracy>
<vaccuracy>6.226000</vaccuracy>
<internetconnect>0</internetconnect>
</trkpt>
<trkpt lat="35.849925" lon="139.002931">
<ele>862.666667</ele>
<time>2026-07-04T07:01:58Z</time>
<speed>1.434347</speed>
<trueHeading>0.000000</trueHeading>
<magneticHeading>0.000000</magneticHeading>
<gpsHeading>59.705967</gpsHeading>
<haccuracy>6.260000</haccuracy>
<vaccuracy>6.260000</vaccuracy>
<internetconnect>0</internetconnect>
</trkpt>
<trkpt lat="35.849786" lon="139.003828">
<ele>852.333333</ele>
<time>2026-07-04T07:02:48Z</time>
<speed>1.613859</speed>
<trueHeading>0.000000</trueHeading>
<magneticHeading>0.000000</magneticHeading>
<gpsHeading>100.805588</gpsHeading>
<haccuracy>5.899000</haccuracy>
<vaccuracy>5.899000</vaccuracy>
<internetconnect>0</internetconnect>
</trkpt>
<trkpt lat="35.849903" lon="139.004478">
<ele>845.000000</ele>
<time>2026-07-04T07:03:38Z</time>
<speed>1.128349</speed>
<trueHeading>0.000000</trueHeading>
<magneticHeading>0.000000</magneticHeading>
<gpsHeading>77.483223</gpsHeading>
<haccuracy>5.311000</haccuracy>
<vaccuracy>5.311000</vaccuracy>
<internetconnect>0</internetconnect>
</trkpt>
<trkpt lat="35.850485" lon="139.004439">
<ele>845.000000</ele>
<time>2026-07-04T07:04:26Z</time>
<speed>0.797677</speed>
<trueHeading>0.000000</trueHeading>
<magneticHeading>0.000000</magneticHeading>
<gpsHeading>356.838593</gpsHeading>
<haccuracy>5.471000</haccuracy>
<vaccuracy>5.471000</vaccuracy>
<internetconnect>0</internetconnect>
</trkpt>
<trkpt lat="35.851137" lon="139.004419">
<ele>844.333333</ele>
<time>2026-07-04T07:05:16Z</time>
<speed>0.995299</speed>
<trueHeading>0.000000</trueHeading>
<magneticHeading>0.000000</magneticHeading>
<gpsHeading>358.589539</gpsHeading>
<haccuracy>4.484000</haccuracy>
<vaccuracy>4.484000</vaccuracy>
<internetconnect>0</internetconnect>
</trkpt>
<trkpt lat="35.851393" lon="139.005015">
<ele>842.000000</ele>
<time>2026-07-04T07:06:06Z</time>
<speed>1.150044</speed>
<trueHeading>0.000000</trueHeading>
<magneticHeading>0.000000</magneticHeading>
<gpsHeading>62.132442</gpsHeading>
<haccuracy>5.660000</haccuracy>
<vaccuracy>5.660000</vaccuracy>
<internetconnect>0</internetconnect>
</trkpt>
<trkpt lat="35.851478" lon="139.005668">
<ele>835.000000</ele>
<time>2026-07-04T07:06:56Z</time>
<speed>0.404167</speed>
<trueHeading>0.000000</trueHeading>
<magneticHeading>0.000000</magneticHeading>
<gpsHeading>80.834274</gpsHeading>
<haccuracy>5.356000</haccuracy>
<vaccuracy>5.356000</vaccuracy>
<internetconnect>0</internetconnect>
</trkpt>
<trkpt lat="35.851065" lon="139.006287">
<ele>829.000000</ele>
<time>2026-07-04T07:07:45Z</time>
<speed>0.959053</speed>
<trueHeading>0.000000</trueHeading>
<magneticHeading>0.000000</magneticHeading>
<gpsHeading>129.446274</gpsHeading>
<haccuracy>6.122000</haccuracy>
<vaccuracy>6.122000</vaccuracy>
<internetconnect>0</internetconnect>
</trkpt>
<trkpt lat="35.850847" lon="139.007062">
<ele>822.666667</ele>
<time>2026-07-04T07:08:35Z</time>
<speed>1.119468</speed>
<trueHeading>0.000000</trueHeading>
<magneticHeading>0.000000</magneticHeading>
<gpsHeading>109.121490</gpsHeading>
<haccuracy>6.386000</haccuracy>
<vaccuracy>6.386000</vaccuracy>
<internetconnect>0</internetconnect>
</trkpt>
<trkpt lat="35.850786" lon="139.007482">
<ele>824.000000</ele>
<time>2026-07-04T07:09:24Z</time>
<speed>0.375163</speed>
<trueHeading>0.000000</trueHeading>
<magneticHeading>0.000000</magneticHeading>
<gpsHeading>100.181900</gpsHeading>
<haccuracy>4.219000</haccuracy>
<vaccuracy>4.219000</vaccuracy>
<internetconnect>0</internetconnect>
</trkpt>
<trkpt lat="35.851099" lon="139.007769">
<ele>828.666667</ele>
<time>2026-07-04T07:10:14Z</time>
<speed>1.586157</speed>
<trueHeading>0.000000</trueHeading>
<magneticHeading>0.000000</magneticHeading>
<gpsHeading>36.589954</gpsHeading>
<haccuracy>3.602000</haccuracy>
<vaccuracy>3.602000</vaccuracy>
<internetconnect>0</internetconnect>
</trkpt>
<trkpt lat="35.851299" lon="139.008464">
<ele>831.333333</ele>
<time>2026-07-04T07:11:02Z</time>
<speed>0.893838</speed>
<trueHeading>0.000000</trueHeading>
<magneticHeading>0.000000</magneticHeading>
<gpsHeading>70.444359</gpsHeading>
<haccuracy>5.710000</haccuracy>
<vaccuracy>5.710000</vaccuracy>
<internetconnect>0</internetconnect>
</trkpt>
<trkpt lat="35.851073" lon="139.009184">
<ele>832.666667</ele>
<time>2026-07-04T07:11:51Z</time>
<speed>1.121677</speed>
<trueHeading>0.000000</trueHeading>
<magneticHeading>0.000000</magneticHeading>
<gpsHeading>111.206146</gpsHeading>
<haccuracy>5.557000</haccuracy>
<vaccuracy>5.557000</vaccuracy>
<internetconnect>0</internetconnect>
</trkpt>
<trkpt lat="35.850504" lon="139.009411">
<ele>818.666667</ele>
<time>2026-07-04T07:12:41Z</time>
<speed>1.024895</speed>
<trueHeading>0.000000</trueHeading>
<magneticHeading>0.000000</magneticHeading>
<gpsHeading>162.067429</gpsHeading>
<haccuracy>4.862000</haccuracy>
<vaccuracy>4.862000</vaccuracy>
<internetconnect>0</internetconnect>
</trkpt>
<trkpt lat="35.849878" lon="139.009075">
<ele>795.000000</ele>
<time>2026-07-04T07:13:29Z</time>
<speed>1.290944</speed>
<trueHeading>0.000000</trueHeading>
<magneticHeading>0.000000</magneticHeading>
<gpsHeading>203.461823</gpsHeading>
<haccuracy>6.081000</haccuracy>
<vaccuracy>6.081000</vaccuracy>
<internetconnect>0</internetconnect>
</trkpt>
<trkpt lat="35.849315" lon="139.009129">
<ele>770.000000</ele>
<time>2026-07-04T07:14:15Z</time>
<speed>1.504967</speed>
<trueHeading>0.000000</trueHeading>
<magneticHeading>0.000000</magneticHeading>
<gpsHeading>175.577545</gpsHeading>
<haccuracy>4.034000</haccuracy>
<vaccuracy>4.034000</vaccuracy>
<internetconnect>0</internetconnect>
</trkpt>
<trkpt lat="35.848769" lon="139.009014">
<ele>756.000000</ele>
<time>2026-07-04T07:15:02Z</time>
<speed>0.388898</speed>
<trueHeading>0.000000</trueHeading>
<magneticHeading>0.000000</magneticHeading>
<gpsHeading>189.719604</gpsHeading>
<haccuracy>5.653000</haccuracy>
<vaccuracy>5.653000</vaccuracy>
<internetconnect>0</internetconnect>
</trkpt>
<trkpt lat="35.848532" lon="139.009204">
<ele>754.666667</ele>
<time>2026-07-04T07:15:49Z</time>
<speed>1.233346</speed>
<trueHeading>0.000000</trueHeading>
<magneticHeading>0.000000</magneticHeading>
<gpsHeading>147.030212</gpsHeading>
<haccuracy>5.886000</haccuracy>
<vaccuracy>5.886000</vaccuracy>
<internetconnect>0</internetconnect>
</trkpt>
<trkpt lat="35.848685" lon="139.009897">
<ele>754.666667</ele>
<time>2026-07-04T07:16:36Z</time>
<speed>1.563026</speed>
<trueHeading>0.000000</trueHeading>
<magneticHeading>0.000000</magneticHeading>
<gpsHeading>74.742516</gpsHeading>
<haccuracy>5.478000</haccuracy>
<vaccuracy>5.478000</vaccuracy>
<internetconnect>0</internetconnect>
</trkpt>
<trkpt lat="35.849046" lon="139.010488">
<ele>750.000000</ele>
<time>2026-07-04T07:17:23Z</time>
<speed>1.602601</speed>
<trueHeading>0.000000</trueHeading>
<magneticHeading>0.000000</magneticHeading>
<gpsHeading>52.971340</gpsHeading>
<haccuracy>5.539000</haccuracy>
<vaccuracy>5.539000</vaccuracy>
<internetconnect>0</internetconnect>
</trkpt>
<trkpt lat="35.849180" lon="139.011104">
<ele>745.666667</ele>
<time>2026-07-04T07:18:09Z</time>
<speed>1.612222</speed>
<trueHeading>0.000000</trueHeading>
<magneticHeading>0.000000</magneticHeading>
<gpsHeading>75.026268</gpsHeading>
<haccuracy>5.153000</haccuracy>
<vaccuracy>5.153000</vaccuracy>
<internetconnect>0</internetconnect>
</trkpt>
<trkpt lat="35.849689" lon="139.011320">
<ele>741.333333</ele>
<time>2026-07-04T07:18:56Z</time>
<speed>1.380956</speed>
<trueHeading>0.000000</trueHeading>
<magneticHeading>0.000000</magneticHeading>
<gpsHeading>18.980684</gpsHeading>
<haccuracy>3.217000</haccuracy>
<vaccuracy>3.217000</vaccuracy>
<internetconnect>0</internetconnect>
</trkpt>
<trkpt lat="35.850251" lon="139.011435">
<ele>742.000000</ele>
<time>2026-07-04T07:19:44Z</time>
<speed>1.325157</speed>
<trueHeading>0.000000</trueHeading>
<magneticHeading>0.000000</magneticHeading>
<gpsHeading>9.441711</gpsHeading>
<haccuracy>5.396000</haccuracy>
<vaccuracy>5.396000</vaccuracy>
<internetconnect>0</internetconnect>
</trkpt>
<trkpt lat="35.850218" lon="139.012174">
<ele>739.666667</ele>
<time>2026-07-04T07:20:31Z</time>
<speed>1.608906</speed>
<trueHeading>0.000000</trueHeading>
<magneticHeading>0.000000</magneticHeading>
<gpsHeading>93.116470</gpsHeading>
<haccuracy>5.383000</haccuracy>
<vaccuracy>5.383000</vaccuracy>
<internetconnect>0</internetconnect>
</trkpt>
<trkpt lat="35.850109" lon="139.012806">
<ele>739.333333</ele>
<time>2026-07-04T07:21:18Z</time>
<speed>1.593949</speed>
<trueHeading>0.000000</trueHeading>
<magneticHeading>0.000000</magneticHeading>
<gpsHeading>101.958687</gpsHeading>
<haccuracy>5.483000</haccuracy>
<vaccuracy>5.483000</vaccuracy>
<internetconnect>0</internetconnect>
</trkpt>
<trkpt lat="35.850542" lon="139.012737">
<ele>735.666667</ele>
<time>2026-07-04T07:22:04Z</time>
<speed>1.617943</speed>
<trueHeading>0.000000</trueHeading>
<magneticHeading>0.000000</magneticHeading>
<gpsHeading>352.679077</gpsHeading>
<haccuracy>5.389000</haccuracy>
<vaccuracy>5.389000</vaccuracy>
<internetconnect>0</internetconnect>
</trkpt>
<trkpt lat="35.851107" lon="139.013119">
<ele>734.000000</ele>
<time>2026-07-04T07:22:50Z</time>
<speed>1.667871</speed>
<trueHeading>0.000000</trueHeading>
<magneticHeading>0.000000</magneticHeading>
<gpsHeading>28.725416</gpsHeading>
<haccuracy>5.629000</haccuracy>
<vaccuracy>5.629000</vaccuracy>
<internetconnect>0</internetconnect>
</trkpt>
<trkpt lat="35.851331" lon="139.013710">
<ele>720.666667</ele>
<time>2026-07-04T07:23:37Z</time>
<speed>1.594553</speed>
<trueHeading>0.000000</trueHeading>
<magneticHeading>0.000000</magneticHeading>
<gpsHeading>64.975258</gpsHeading>
<haccuracy>5.584000</haccuracy>
<vaccuracy>5.584000</vaccuracy>
<internetconnect>0</internetconnect>
</trkpt>
<trkpt lat="35.851279" lon="139.014404">
<ele>710.666667</ele>
<time>2026-07-04T07:24:25Z</time>
<speed>1.635677</speed>
<trueHeading>0.000000</trueHeading>
<magneticHeading>0.000000</magneticHeading>
<gpsHeading>95.266899</gpsHeading>
<haccuracy>5.880000</haccuracy>
<vaccuracy>5.880000</vaccuracy>
<internetconnect>0</internetconnect>
</trkpt>
<trkpt lat="35.851040" lon="139.015041">
<ele>699.000000</ele>
<time>2026-07-04T07:25:12Z</time>
<speed>1.591560</speed>
<trueHeading>0.000000</trueHeading>
<magneticHeading>0.000000</magneticHeading>
<gpsHeading>114.844933</gpsHeading>
<haccuracy>5.177000</haccuracy>
<vaccuracy>5.177000</vaccuracy>
<internetconnect>0</internetconnect>
</trkpt>
<trkpt lat="35.851179" lon="139.015631">
<ele>694.000000</ele>
<time>2026-07-04T07:26:00Z</time>
<speed>1.608620</speed>
<trueHeading>0.000000</trueHeading>
<magneticHeading>0.000000</magneticHeading>
<gpsHeading>73.771416</gpsHeading>
<haccuracy>5.504000</haccuracy>
<vaccuracy>5.504000</vaccuracy>
<internetconnect>0</internetconnect>
</trkpt>
<trkpt lat="35.851601" lon="139.015806">
<ele>692.333333</ele>
<time>2026-07-04T07:26:53Z</time>
<speed>0.095795</speed>
<trueHeading>0.000000</trueHeading>
<magneticHeading>0.000000</magneticHeading>
<gpsHeading>18.607626</gpsHeading>
<haccuracy>5.033000</haccuracy>
<vaccuracy>5.033000</vaccuracy>
<internetconnect>0</internetconnect>
</trkpt>
<trkpt lat="35.851895" lon="139.016090">
<ele>694.000000</ele>
<time>2026-07-04T07:27:40Z</time>
<speed>0.243081</speed>
<trueHeading>0.000000</trueHeading>
<magneticHeading>0.000000</magneticHeading>
<gpsHeading>37.991119</gpsHeading>
<haccuracy>3.853000</haccuracy>
<vaccuracy>3.853000</vaccuracy>
<internetconnect>0</internetconnect>
</trkpt>
<trkpt lat="35.851899" lon="139.016679">
<ele>695.000000</ele>
<time>2026-07-04T07:28:29Z</time>
<speed>0.319396</speed>
<trueHeading>0.000000</trueHeading>
<magneticHeading>0.000000</magneticHeading>
<gpsHeading>89.532425</gpsHeading>
<haccuracy>4.277000</haccuracy>
<vaccuracy>4.277000</vaccuracy>
<internetconnect>0</internetconnect>
</trkpt>
<trkpt lat="35.852361" lon="139.017345">
<ele>695.333333</ele>
<time>2026-07-04T07:29:16Z</time>
<speed>0.853295</speed>
<trueHeading>0.000000</trueHeading>
<magneticHeading>0.000000</magneticHeading>
<gpsHeading>49.480076</gpsHeading>
<haccuracy>5.611000</haccuracy>
<vaccuracy>5.611000</vaccuracy>
<internetconnect>0</internetconnect>
</trkpt>
<trkpt lat="35.852473" lon="139.017674">
<ele>695.000000</ele>
<time>2026-07-04T07:30:10Z</time>
<speed>0.129208</speed>
<trueHeading>0.000000</trueHeading>
<magneticHeading>0.000000</magneticHeading>
<gpsHeading>67.186668</gpsHeading>
<haccuracy>5.233000</haccuracy>
<vaccuracy>5.233000</vaccuracy>
<internetconnect>0</internetconnect>
</trkpt>
<trkpt lat="35.852592" lon="139.018157">
<ele>716.666667</ele>
<time>2026-07-04T07:31:01Z</time>
<speed>0.591559</speed>
<trueHeading>0.000000</trueHeading>
<magneticHeading>0.000000</magneticHeading>
<gpsHeading>72.971840</gpsHeading>
<haccuracy>5.259000</haccuracy>
<vaccuracy>5.259000</vaccuracy>
<internetconnect>0</internetconnect>
</trkpt>
<trkpt lat="35.852321" lon="139.018927">
<ele>733.000000</ele>
<time>2026-07-04T07:31:51Z</time>
<speed>1.530078</speed>
<trueHeading>0.000000</trueHeading>
<magneticHeading>0.000000</magneticHeading>
<gpsHeading>113.472908</gpsHeading>
<haccuracy>9.574000</haccuracy>
<vaccuracy>9.574000</vaccuracy>
<internetconnect>0</internetconnect>
</trkpt>
<trkpt lat="35.852191" lon="139.019707">
<ele>743.000000</ele>
<time>2026-07-04T07:32:40Z</time>
<speed>1.366728</speed>
<trueHeading>0.000000</trueHeading>
<magneticHeading>0.000000</magneticHeading>
<gpsHeading>101.602180</gpsHeading>
<haccuracy>6.658000</haccuracy>
<vaccuracy>6.658000</vaccuracy>
<internetconnect>0</internetconnect>
</trkpt>
<trkpt lat="35.852101" lon="139.020488">
<ele>746.000000</ele>
<time>2026-07-04T07:33:29Z</time>
<speed>0.462853</speed>
<trueHeading>0.000000</trueHeading>
<magneticHeading>0.000000</magneticHeading>
<gpsHeading>98.170570</gpsHeading>
<haccuracy>8.230000</haccuracy>
<vaccuracy>8.230000</vaccuracy>
<internetconnect>0</internetconnect>
</trkpt>
<trkpt lat="35.851840" lon="139.021176">
<ele>746.000000</ele>
<time>2026-07-04T07:34:19Z</time>
<speed>0.443727</speed>
<trueHeading>0.000000</trueHeading>
<magneticHeading>0.000000</magneticHeading>
<gpsHeading>115.027611</gpsHeading>
<haccuracy>6.185000</haccuracy>
<vaccuracy>6.185000</vaccuracy>
<internetconnect>0</internetconnect>
</trkpt>
<trkpt lat="35.851891" lon="139.022104">
<ele>753.000000</ele>
<time>2026-07-04T07:35:08Z</time>
<speed>1.137857</speed>
<trueHeading>0.000000</trueHeading>
<magneticHeading>0.000000</magneticHeading>
<gpsHeading>86.112259</gpsHeading>
<haccuracy>6.449000</haccuracy>
<vaccuracy>6.449000</vaccuracy>
<internetconnect>0</internetconnect>
</trkpt>
<trkpt lat="35.851761" lon="139.022804">
<ele>745.666667</ele>
<time>2026-07-04T07:35:56Z</time>
<speed>1.300001</speed>
<trueHeading>0.000000</trueHeading>
<magneticHeading>0.000000</magneticHeading>
<gpsHeading>102.913673</gpsHeading>
<haccuracy>8.879000</haccuracy>
<vaccuracy>8.879000</vaccuracy>
<internetconnect>0</internetconnect>
</trkpt>
<trkpt lat="35.851671" lon="139.023546">
<ele>751.333333</ele>
<time>2026-07-04T07:36:47Z</time>
<speed>1.466755</speed>
<trueHeading>0.000000</trueHeading>
<magneticHeading>0.000000</magneticHeading>
<gpsHeading>98.564362</gpsHeading>
<haccuracy>6.460000</haccuracy>
<vaccuracy>6.460000</vaccuracy>
<internetconnect>0</internetconnect>
</trkpt>
<trkpt lat="35.851749" lon="139.024443">
<ele>736.333333</ele>
<time>2026-07-04T07:37:37Z</time>
<speed>1.337083</speed>
<trueHeading>0.000000</trueHeading>
<magneticHeading>0.000000</magneticHeading>
<gpsHeading>83.868782</gpsHeading>
<haccuracy>7.636000</haccuracy>
<vaccuracy>7.636000</vaccuracy>
<internetconnect>0</internetconnect>
</trkpt>
<trkpt lat="35.851970" lon="139.025344">
<ele>713.333333</ele>
<time>2026-07-04T07:38:27Z</time>
<speed>1.287163</speed>
<trueHeading>0.000000</trueHeading>
<magneticHeading>0.000000</magneticHeading>
<gpsHeading>73.125252</gpsHeading>
<haccuracy>7.627000</haccuracy>
<vaccuracy>7.627000</vaccuracy>
<internetconnect>0</internetconnect>
</trkpt>
<trkpt lat="35.851675" lon="139.025958">
<ele>679.000000</ele>
<time>2026-07-04T07:39:16Z</time>
<speed>1.243728</speed>
<trueHeading>0.000000</trueHeading>
<magneticHeading>0.000000</magneticHeading>
<gpsHeading>120.754776</gpsHeading>
<haccuracy>7.402000</haccuracy>
<vaccuracy>7.402000</vaccuracy>
<internetconnect>0</internetconnect>
</trkpt>
<trkpt lat="35.851465" lon="139.026879">
<ele>671.000000</ele>
<time>2026-07-04T07:40:06Z</time>
<speed>0.915797</speed>
<trueHeading>0.000000</trueHeading>
<magneticHeading>0.000000</magneticHeading>
<gpsHeading>105.683426</gpsHeading>
<haccuracy>6.015000</haccuracy>
<vaccuracy>6.015000</vaccuracy>
<internetconnect>0</internetconnect>
</trkpt>
<trkpt lat="35.850827" lon="139.026983">
<ele>667.000000</ele>
<time>2026-07-04T07:40:56Z</time>
<speed>1.015012</speed>
<trueHeading>0.000000</trueHeading>
<magneticHeading>0.000000</magneticHeading>
<gpsHeading>172.474670</gpsHeading>
<haccuracy>7.362000</haccuracy>
<vaccuracy>7.362000</vaccuracy>
<internetconnect>0</internetconnect>
</trkpt>
<trkpt lat="35.850511" lon="139.027749">
<ele>670.000000</ele>
<time>2026-07-04T07:41:45Z</time>
<speed>1.635689</speed>
<trueHeading>0.000000</trueHeading>
<magneticHeading>0.000000</magneticHeading>
<gpsHeading>117.002937</gpsHeading>
<haccuracy>6.114000</haccuracy>
<vaccuracy>6.114000</vaccuracy>
<internetconnect>0</internetconnect>
</trkpt>
<trkpt lat="35.850621" lon="139.028412">
<ele>661.000000</ele>
<time>2026-07-04T07:42:34Z</time>
<speed>0.311561</speed>
<trueHeading>0.000000</trueHeading>
<magneticHeading>0.000000</magneticHeading>
<gpsHeading>78.378952</gpsHeading>
<haccuracy>6.663000</haccuracy>
<vaccuracy>6.663000</vaccuracy>
<internetconnect>0</internetconnect>
</trkpt>
<trkpt lat="35.850786" lon="139.029090">
<ele>657.333333</ele>
<time>2026-07-04T07:43:24Z</time>
<speed>1.281288</speed>
<trueHeading>0.000000</trueHeading>
<magneticHeading>0.000000</magneticHeading>
<gpsHeading>73.333359</gpsHeading>
<haccuracy>8.340000</haccuracy>
<vaccuracy>8.340000</vaccuracy>
<internetconnect>0</internetconnect>
</trkpt>
<trkpt lat="35.850305" lon="139.029203">
<ele>639.666667</ele>
<time>2026-07-04T07:44:14Z</time>
<speed>0.306431</speed>
<trueHeading>0.000000</trueHeading>
<magneticHeading>0.000000</magneticHeading>
<gpsHeading>169.159042</gpsHeading>
<haccuracy>4.073000</haccuracy>
<vaccuracy>4.073000</vaccuracy>
<internetconnect>0</internetconnect>
</trkpt>
<trkpt lat="35.850074" lon="139.030127">
<ele>629.333333</ele>
<time>2026-07-04T07:45:02Z</time>
<speed>0.677995</speed>
<trueHeading>0.000000</trueHeading>
<magneticHeading>0.000000</magneticHeading>
<gpsHeading>107.197357</gpsHeading>
<haccuracy>5.949000</haccuracy>
<vaccuracy>5.949000</vaccuracy>
<internetconnect>0</internetconnect>
</trkpt>
<trkpt lat="35.849063" lon="139.035487">
<ele>617.666667</ele>
<time>2026-07-04T07:51:55Z</time>
<speed>0.489585</speed>
<trueHeading>0.000000</trueHeading>
<magneticHeading>0.000000</magneticHeading>
<gpsHeading>0.000000</gpsHeading>
<haccuracy>10.804000</haccuracy>
<vaccuracy>10.804000</vaccuracy>
<internetconnect>0</internetconnect>
</trkpt>
<trkpt lat="35.849063" lon="139.035487">
<ele>618.666667</ele>
<time>2026-07-04T07:51:55Z</time>
<speed>0.489585</speed>
<trueHeading>0.000000</trueHeading>
<magneticHeading>0.000000</magneticHeading>
<gpsHeading>0.000000</gpsHeading>
<haccuracy>10.804000</haccuracy>
<vaccuracy>10.804000</vaccuracy>
<internetconnect>0</internetconnect>
</trkpt>
<trkpt lat="35.849014" lon="139.035839">
<ele>618.333333</ele>
<time>2026-07-04T07:52:53Z</time>
<speed>1.150267</speed>
<trueHeading>0.000000</trueHeading>
<magneticHeading>0.000000</magneticHeading>
<gpsHeading>99.703087</gpsHeading>
<haccuracy>6.795000</haccuracy>
<vaccuracy>6.795000</vaccuracy>
<internetconnect>0</internetconnect>
</trkpt>
<trkpt lat="35.849014" lon="139.035839">
<ele>617.666667</ele>
<time>2026-07-04T07:52:53Z</time>
<speed>1.150267</speed>
<trueHeading>0.000000</trueHeading>
<magneticHeading>0.000000</magneticHeading>
<gpsHeading>99.703087</gpsHeading>
<haccuracy>6.795000</haccuracy>
<vaccuracy>6.795000</vaccuracy>
<internetconnect>2</internetconnect>
</trkpt>
<trkpt lat="35.848927" lon="139.036312">
<ele>617.333333</ele>
<time>2026-07-04T07:53:40Z</time>
<speed>1.473150</speed>
<trueHeading>0.000000</trueHeading>
<magneticHeading>0.000000</magneticHeading>
<gpsHeading>102.739746</gpsHeading>
<haccuracy>6.223000</haccuracy>
<vaccuracy>6.223000</vaccuracy>
<internetconnect>0</internetconnect>
</trkpt>
<trkpt lat="35.848927" lon="139.036312">
<ele>616.333333</ele>
<time>2026-07-04T07:53:40Z</time>
<speed>1.473150</speed>
<trueHeading>0.000000</trueHeading>
<magneticHeading>0.000000</magneticHeading>
<gpsHeading>102.739746</gpsHeading>
<haccuracy>6.223000</haccuracy>
<vaccuracy>6.223000</vaccuracy>
<internetconnect>2</internetconnect>
</trkpt>
<trkpt lat="35.848864" lon="139.037026">
<ele>615.666667</ele>
<time>2026-07-04T07:54:28Z</time>
<speed>1.373029</speed>
<trueHeading>0.000000</trueHeading>
<magneticHeading>0.000000</magneticHeading>
<gpsHeading>96.275620</gpsHeading>
<haccuracy>6.428000</haccuracy>
<vaccuracy>6.428000</vaccuracy>
<internetconnect>0</internetconnect>
</trkpt>
<trkpt lat="35.848864" lon="139.037026">
<ele>605.666667</ele>
<time>2026-07-04T07:54:28Z</time>
<speed>1.373029</speed>
<trueHeading>0.000000</trueHeading>
<magneticHeading>0.000000</magneticHeading>
<gpsHeading>96.275620</gpsHeading>
<haccuracy>6.428000</haccuracy>
<vaccuracy>6.428000</vaccuracy>
<internetconnect>2</internetconnect>
</trkpt>
<trkpt lat="35.848611" lon="139.037494">
<ele>596.333333</ele>
<time>2026-07-04T07:55:15Z</time>
<speed>1.553399</speed>
<trueHeading>0.000000</trueHeading>
<magneticHeading>0.000000</magneticHeading>
<gpsHeading>123.655724</gpsHeading>
<haccuracy>3.039000</haccuracy>
<vaccuracy>3.039000</vaccuracy>
<internetconnect>0</internetconnect>
</trkpt>
<trkpt lat="35.848611" lon="139.037494">
<ele>593.333333</ele>
<time>2026-07-04T07:55:15Z</time>
<speed>1.553399</speed>
<trueHeading>0.000000</trueHeading>
<magneticHeading>0.000000</magneticHeading>
<gpsHeading>123.655724</gpsHeading>
<haccuracy>3.039000</haccuracy>
<vaccuracy>3.039000</vaccuracy>
<internetconnect>2</internetconnect>
</trkpt>
<trkpt lat="35.847911" lon="139.037680">
<ele>599.666667</ele>
<time>2026-07-04T07:56:02Z</time>
<speed>1.533351</speed>
<trueHeading>0.000000</trueHeading>
<magneticHeading>0.000000</magneticHeading>
<gpsHeading>167.882965</gpsHeading>
<haccuracy>5.089000</haccuracy>
<vaccuracy>5.089000</vaccuracy>
<internetconnect>0</internetconnect>
</trkpt>
<trkpt lat="35.847911" lon="139.037680">
<ele>608.666667</ele>
<time>2026-07-04T07:56:02Z</time>
<speed>1.533351</speed>
<trueHeading>0.000000</trueHeading>
<magneticHeading>0.000000</magneticHeading>
<gpsHeading>167.882965</gpsHeading>
<haccuracy>5.089000</haccuracy>
<vaccuracy>5.089000</vaccuracy>
<internetconnect>2</internetconnect>
</trkpt>
<trkpt lat="35.847589" lon="139.038221">
<ele>611.333333</ele>
<time>2026-07-04T07:56:49Z</time>
<speed>1.617473</speed>
<trueHeading>0.000000</trueHeading>
<magneticHeading>0.000000</magneticHeading>
<gpsHeading>126.251877</gpsHeading>
<haccuracy>3.678000</haccuracy>
<vaccuracy>3.678000</vaccuracy>
<internetconnect>0</internetconnect>
</trkpt>
<trkpt lat="35.847589" lon="139.038221">
<ele>616.000000</ele>
<time>2026-07-04T07:56:49Z</time>
<speed>1.617473</speed>
<trueHeading>0.000000</trueHeading>
<magneticHeading>0.000000</magneticHeading>
<gpsHeading>126.251877</gpsHeading>
<haccuracy>3.678000</haccuracy>
<vaccuracy>3.678000</vaccuracy>
<internetconnect>2</internetconnect>
</trkpt>
<trkpt lat="35.847225" lon="139.038770">
<ele>618.000000</ele>
<time>2026-07-04T07:57:37Z</time>
<speed>1.302917</speed>
<trueHeading>0.000000</trueHeading>
<magneticHeading>0.000000</magneticHeading>
<gpsHeading>129.251205</gpsHeading>
<haccuracy>7.855000</haccuracy>
<vaccuracy>7.855000</vaccuracy>
<internetconnect>0</internetconnect>
</trkpt>
<trkpt lat="35.847225" lon="139.038770">
<ele>614.666667</ele>
<time>2026-07-04T07:57:37Z</time>
<speed>1.302917</speed>
<trueHeading>0.000000</trueHeading>
<magneticHeading>0.000000</magneticHeading>
<gpsHeading>129.251205</gpsHeading>
<haccuracy>7.855000</haccuracy>
<vaccuracy>7.855000</vaccuracy>
<internetconnect>2</internetconnect>
</trkpt>
<trkpt lat="35.846614" lon="139.038545">
<ele>609.333333</ele>
<time>2026-07-04T07:58:25Z</time>
<speed>1.519416</speed>
<trueHeading>0.000000</trueHeading>
<magneticHeading>0.000000</magneticHeading>
<gpsHeading>196.627533</gpsHeading>
<haccuracy>7.488000</haccuracy>
<vaccuracy>7.488000</vaccuracy>
<internetconnect>0</internetconnect>
</trkpt>
<trkpt lat="35.846614" lon="139.038545">
<ele>607.000000</ele>
<time>2026-07-04T07:58:25Z</time>
<speed>1.519416</speed>
<trueHeading>0.000000</trueHeading>
<magneticHeading>0.000000</magneticHeading>
<gpsHeading>196.627533</gpsHeading>
<haccuracy>7.488000</haccuracy>
<vaccuracy>7.488000</vaccuracy>
<internetconnect>2</internetconnect>
</trkpt>
<trkpt lat="35.846097" lon="139.038771">
<ele>610.000000</ele>
<time>2026-07-04T07:59:13Z</time>
<speed>1.499665</speed>
<trueHeading>0.000000</trueHeading>
<magneticHeading>0.000000</magneticHeading>
<gpsHeading>160.433899</gpsHeading>
<haccuracy>3.029000</haccuracy>
<vaccuracy>3.029000</vaccuracy>
<internetconnect>0</internetconnect>
</trkpt>
<trkpt lat="35.846097" lon="139.038771">
<ele>618.666667</ele>
<time>2026-07-04T07:59:13Z</time>
<speed>1.499665</speed>
<trueHeading>0.000000</trueHeading>
<magneticHeading>0.000000</magneticHeading>
<gpsHeading>160.433899</gpsHeading>
<haccuracy>3.029000</haccuracy>
<vaccuracy>3.029000</vaccuracy>
<internetconnect>2</internetconnect>
</trkpt>
<trkpt lat="35.845560" lon="139.039206">
<ele>624.333333</ele>
<time>2026-07-04T08:00:00Z</time>
<speed>1.563138</speed>
<trueHeading>0.000000</trueHeading>
<magneticHeading>0.000000</magneticHeading>
<gpsHeading>146.742523</gpsHeading>
<haccuracy>3.365000</haccuracy>
<vaccuracy>3.365000</vaccuracy>
<internetconnect>0</internetconnect>
</trkpt>
<trkpt lat="35.845560" lon="139.039206">
<ele>636.666667</ele>
<time>2026-07-04T08:00:00Z</time>
<speed>1.563138</speed>
<trueHeading>0.000000</trueHeading>
<magneticHeading>0.000000</magneticHeading>
<gpsHeading>146.742523</gpsHeading>
<haccuracy>3.365000</haccuracy>
<vaccuracy>3.365000</vaccuracy>
<internetconnect>2</internetconnect>
</trkpt>
<trkpt lat="35.844962" lon="139.039388">
<ele>643.333333</ele>
<time>2026-07-04T08:00:47Z</time>
<speed>1.450831</speed>
<trueHeading>0.000000</trueHeading>
<magneticHeading>0.000000</magneticHeading>
<gpsHeading>166.104370</gpsHeading>
<haccuracy>5.613000</haccuracy>
<vaccuracy>5.613000</vaccuracy>
<internetconnect>0</internetconnect>
</trkpt>
<trkpt lat="35.844962" lon="139.039388">
<ele>651.000000</ele>
<time>2026-07-04T08:00:47Z</time>
<speed>1.450831</speed>
<trueHeading>0.000000</trueHeading>
<magneticHeading>0.000000</magneticHeading>
<gpsHeading>166.104370</gpsHeading>
<haccuracy>5.613000</haccuracy>
<vaccuracy>5.613000</vaccuracy>
<internetconnect>2</internetconnect>
</trkpt>
<trkpt lat="35.844353" lon="139.039139">
<ele>652.000000</ele>
<time>2026-07-04T08:01:35Z</time>
<speed>1.459287</speed>
<trueHeading>0.000000</trueHeading>
<magneticHeading>0.000000</magneticHeading>
<gpsHeading>198.333969</gpsHeading>
<haccuracy>6.033000</haccuracy>
<vaccuracy>6.033000</vaccuracy>
<internetconnect>0</internetconnect>
</trkpt>
<trkpt lat="35.844353" lon="139.039139">
<ele>648.000000</ele>
<time>2026-07-04T08:01:35Z</time>
<speed>1.459287</speed>
<trueHeading>0.000000</trueHeading>
<magneticHeading>0.000000</magneticHeading>
<gpsHeading>198.333969</gpsHeading>
<haccuracy>6.033000</haccuracy>
<vaccuracy>6.033000</vaccuracy>
<internetconnect>2</internetconnect>
</trkpt>
<trkpt lat="35.843975" lon="139.038801">
<ele>643.000000</ele>
<time>2026-07-04T08:02:25Z</time>
<speed>1.436043</speed>
<trueHeading>0.000000</trueHeading>
<magneticHeading>0.000000</magneticHeading>
<gpsHeading>216.050766</gpsHeading>
<haccuracy>7.857000</haccuracy>
<vaccuracy>7.857000</vaccuracy>
<internetconnect>0</internetconnect>
</trkpt>
<trkpt lat="35.843975" lon="139.038801">
<ele>626.666667</ele>
<time>2026-07-04T08:02:25Z</time>
<speed>1.436043</speed>
<trueHeading>0.000000</trueHeading>
<magneticHeading>0.000000</magneticHeading>
<gpsHeading>216.050766</gpsHeading>
<haccuracy>7.857000</haccuracy>
<vaccuracy>7.857000</vaccuracy>
<internetconnect>2</internetconnect>
</trkpt>
<trkpt lat="35.843460" lon="139.038573">
<ele>615.333333</ele>
<time>2026-07-04T08:03:13Z</time>
<speed>1.638919</speed>
<trueHeading>0.000000</trueHeading>
<magneticHeading>0.000000</magneticHeading>
<gpsHeading>199.655777</gpsHeading>
<haccuracy>4.544000</haccuracy>
<vaccuracy>4.544000</vaccuracy>
<internetconnect>0</internetconnect>
</trkpt>
<trkpt lat="35.843460" lon="139.038573">
<ele>610.000000</ele>
<time>2026-07-04T08:03:13Z</time>
<speed>1.638919</speed>
<trueHeading>0.000000</trueHeading>
<magneticHeading>0.000000</magneticHeading>
<gpsHeading>199.655777</gpsHeading>
<haccuracy>4.544000</haccuracy>
<vaccuracy>4.544000</vaccuracy>
<internetconnect>2</internetconnect>
</trkpt>
<trkpt lat="35.842843" lon="139.038336">
<ele>616.000000</ele>
<time>2026-07-04T08:04:02Z</time>
<speed>1.324518</speed>
<trueHeading>0.000000</trueHeading>
<magneticHeading>0.000000</magneticHeading>
<gpsHeading>197.316864</gpsHeading>
<haccuracy>4.396000</haccuracy>
<vaccuracy>4.396000</vaccuracy>
<internetconnect>0</internetconnect>
</trkpt>
<trkpt lat="35.842843" lon="139.038336">
<ele>621.333333</ele>
<time>2026-07-04T08:04:02Z</time>
<speed>1.324518</speed>
<trueHeading>0.000000</trueHeading>
<magneticHeading>0.000000</magneticHeading>
<gpsHeading>197.316864</gpsHeading>
<haccuracy>4.396000</haccuracy>
<vaccuracy>4.396000</vaccuracy>
<internetconnect>2</internetconnect>
</trkpt>
<trkpt lat="35.842330" lon="139.038354">
<ele>620.666667</ele>
<time>2026-07-04T08:04:50Z</time>
<speed>1.346808</speed>
<trueHeading>0.000000</trueHeading>
<magneticHeading>0.000000</magneticHeading>
<gpsHeading>178.362991</gpsHeading>
<haccuracy>5.036000</haccuracy>
<vaccuracy>5.036000</vaccuracy>
<internetconnect>0</internetconnect>
</trkpt>
<trkpt lat="35.842330" lon="139.038354">
<ele>619.333333</ele>
<time>2026-07-04T08:04:50Z</time>
<speed>1.346808</speed>
<trueHeading>0.000000</trueHeading>
<magneticHeading>0.000000</magneticHeading>
<gpsHeading>178.362991</gpsHeading>
<haccuracy>5.036000</haccuracy>
<vaccuracy>5.036000</vaccuracy>
<internetconnect>2</internetconnect>
</trkpt>
<trkpt lat="35.841929" lon="139.038946">
<ele>618.666667</ele>
<time>2026-07-04T08:05:38Z</time>
<speed>1.469458</speed>
<trueHeading>0.000000</trueHeading>
<magneticHeading>0.000000</magneticHeading>
<gpsHeading>129.901398</gpsHeading>
<haccuracy>21.690001</haccuracy>
<vaccuracy>21.690001</vaccuracy>
<internetconnect>0</internetconnect>
</trkpt>
<trkpt lat="35.841929" lon="139.038946">
<ele>617.666667</ele>
<time>2026-07-04T08:05:38Z</time>
<speed>1.469458</speed>
<trueHeading>0.000000</trueHeading>
<magneticHeading>0.000000</magneticHeading>
<gpsHeading>129.901398</gpsHeading>
<haccuracy>21.690001</haccuracy>
<vaccuracy>21.690001</vaccuracy>
<internetconnect>2</internetconnect>
</trkpt>
<trkpt lat="35.841467" lon="139.039561">
<ele>617.333333</ele>
<time>2026-07-04T08:06:27Z</time>
<speed>1.522296</speed>
<trueHeading>0.000000</trueHeading>
<magneticHeading>0.000000</magneticHeading>
<gpsHeading>132.825943</gpsHeading>
<haccuracy>5.939000</haccuracy>
<vaccuracy>5.939000</vaccuracy>
<internetconnect>0</internetconnect>
</trkpt>
<trkpt lat="35.841467" lon="139.039561">
<ele>616.666667</ele>
<time>2026-07-04T08:06:27Z</time>
<speed>1.522296</speed>
<trueHeading>0.000000</trueHeading>
<magneticHeading>0.000000</magneticHeading>
<gpsHeading>132.825943</gpsHeading>
<haccuracy>5.939000</haccuracy>
<vaccuracy>5.939000</vaccuracy>
<internetconnect>2</internetconnect>
</trkpt>
<trkpt lat="35.841190" lon="139.040258">
<ele>616.333333</ele>
<time>2026-07-04T08:07:15Z</time>
<speed>1.348259</speed>
<trueHeading>0.000000</trueHeading>
<magneticHeading>0.000000</magneticHeading>
<gpsHeading>116.108360</gpsHeading>
<haccuracy>5.748000</haccuracy>
<vaccuracy>5.748000</vaccuracy>
<internetconnect>0</internetconnect>
</trkpt>
<trkpt lat="35.841190" lon="139.040258">
<ele>616.666667</ele>
<time>2026-07-04T08:07:15Z</time>
<speed>1.348259</speed>
<trueHeading>0.000000</trueHeading>
<magneticHeading>0.000000</magneticHeading>
<gpsHeading>116.108360</gpsHeading>
<haccuracy>5.748000</haccuracy>
<vaccuracy>5.748000</vaccuracy>
<internetconnect>2</internetconnect>
</trkpt>
<trkpt lat="35.841128" lon="139.040958">
<ele>617.333333</ele>
<time>2026-07-04T08:08:02Z</time>
<speed>0.913266</speed>
<trueHeading>0.000000</trueHeading>
<magneticHeading>0.000000</magneticHeading>
<gpsHeading>96.203438</gpsHeading>
<haccuracy>5.635000</haccuracy>
<vaccuracy>5.635000</vaccuracy>
<internetconnect>0</internetconnect>
</trkpt>
<trkpt lat="35.841128" lon="139.040958">
<ele>616.666667</ele>
<time>2026-07-04T08:08:02Z</time>
<speed>0.913266</speed>
<trueHeading>0.000000</trueHeading>
<magneticHeading>0.000000</magneticHeading>
<gpsHeading>96.203438</gpsHeading>
<haccuracy>5.635000</haccuracy>
<vaccuracy>5.635000</vaccuracy>
<internetconnect>2</internetconnect>
</trkpt>
<trkpt lat="35.841053" lon="139.041834">
<ele>615.333333</ele>
<time>2026-07-04T08:08:49Z</time>
<speed>1.461225</speed>
<trueHeading>0.000000</trueHeading>
<magneticHeading>0.000000</magneticHeading>
<gpsHeading>96.041496</gpsHeading>
<haccuracy>8.262000</haccuracy>
<vaccuracy>8.262000</vaccuracy>
<internetconnect>0</internetconnect>
</trkpt>
<trkpt lat="35.841053" lon="139.041834">
<ele>616.333333</ele>
<time>2026-07-04T08:08:49Z</time>
<speed>1.461225</speed>
<trueHeading>0.000000</trueHeading>
<magneticHeading>0.000000</magneticHeading>
<gpsHeading>96.041496</gpsHeading>
<haccuracy>8.262000</haccuracy>
<vaccuracy>8.262000</vaccuracy>
<internetconnect>2</internetconnect>
</trkpt>
<trkpt lat="35.841485" lon="139.042422">
<ele>618.666667</ele>
<time>2026-07-04T08:09:39Z</time>
<speed>1.452491</speed>
<trueHeading>0.000000</trueHeading>
<magneticHeading>0.000000</magneticHeading>
<gpsHeading>47.834785</gpsHeading>
<haccuracy>10.392000</haccuracy>
<vaccuracy>10.392000</vaccuracy>
<internetconnect>0</internetconnect>
</trkpt>
<trkpt lat="35.841485" lon="139.042422">
<ele>619.000000</ele>
<time>2026-07-04T08:09:39Z</time>
<speed>1.452491</speed>
<trueHeading>0.000000</trueHeading>
<magneticHeading>0.000000</magneticHeading>
<gpsHeading>47.834785</gpsHeading>
<haccuracy>10.392000</haccuracy>
<vaccuracy>10.392000</vaccuracy>
<internetconnect>2</internetconnect>
</trkpt>
<trkpt lat="35.841239" lon="139.043216">
<ele>617.000000</ele>
<time>2026-07-04T08:10:27Z</time>
<speed>1.595028</speed>
<trueHeading>0.000000</trueHeading>
<magneticHeading>0.000000</magneticHeading>
<gpsHeading>110.932175</gpsHeading>
<haccuracy>5.554000</haccuracy>
<vaccuracy>5.554000</vaccuracy>
<internetconnect>0</internetconnect>
</trkpt>
<trkpt lat="35.841239" lon="139.043216">
<ele>614.000000</ele>
<time>2026-07-04T08:10:27Z</time>
<speed>1.595028</speed>
<trueHeading>0.000000</trueHeading>
<magneticHeading>0.000000</magneticHeading>
<gpsHeading>110.932175</gpsHeading>
<haccuracy>5.554000</haccuracy>
<vaccuracy>5.554000</vaccuracy>
<internetconnect>2</internetconnect>
</trkpt>
<trkpt lat="35.841140" lon="139.043541">
<ele>613.500000</ele>
<time>2026-07-04T08:10:50Z</time>
<speed>1.353507</speed>
<trueHeading>-999.000000</trueHeading>
<magneticHeading>-999.000000</magneticHeading>
<gpsHeading>110.503426</gpsHeading>
<haccuracy>6.341000</haccuracy>
<vaccuracy>6.341000</vaccuracy>
<internetconnect>2</internetconnect>
</trkpt>
</trkseg></trk>
<trk>
<name>20260704</name>
<trkseg>
<trkpt lat="35.841170" lon="139.043793">
<ele>613.000000</ele>
<time>2026-07-04T08:11:16Z</time>
<speed>0.045246</speed>
<trueHeading>0.000000</trueHeading>
<magneticHeading>0.000000</magneticHeading>
<gpsHeading>98.314774</gpsHeading>
<haccuracy>5.076000</haccuracy>
<vaccuracy>5.076000</vaccuracy>
<internetconnect>0</internetconnect>
</trkpt>
</trkseg></trk></gpx>
