<?xml version="1.0" encoding="UTF-8"?>
<gpx xmlns:xsi="http://www.w3.org/2001/XMLSchema-instance" xmlns="http://www.topografix.com/GPX/1/0" xsi:schemaLocation="http://www.topografix.com/GPX/1/1 http://www.topografix.com/GPX/1/1/gpx.xsd" creator="Geographica - http://geographica.biz/" appVersion="Ver 2.1.48:383" device="google sunfish" android="13" carrier="povo">
<trk>
<name>20260530</name>
<trkseg>
<trkpt lat="35.841616" lon="139.044479">
<ele>634.500000</ele>
<time>2026-05-29T23:17:43Z</time>
<speed>0.000000</speed>
<trueHeading>0.000000</trueHeading>
<magneticHeading>0.000000</magneticHeading>
<gpsHeading>0.000000</gpsHeading>
<haccuracy>4.994235</haccuracy>
<vaccuracy>4.994235</vaccuracy>
<internetconnect>2</internetconnect>
</trkpt>
<trkpt lat="35.841640" lon="139.044476">
<ele>629.666667</ele>
<time>2026-05-29T23:17:44Z</time>
<speed>0.110247</speed>
<trueHeading>0.000000</trueHeading>
<magneticHeading>0.000000</magneticHeading>
<gpsHeading>0.000000</gpsHeading>
<haccuracy>3.560000</haccuracy>
<vaccuracy>3.560000</vaccuracy>
<internetconnect>2</internetconnect>
</trkpt>
<trkpt lat="35.841767" lon="139.044559">
<ele>617.333333</ele>
<time>2026-05-29T23:19:46Z</time>
<speed>0.175149</speed>
<trueHeading>0.000000</trueHeading>
<magneticHeading>0.000000</magneticHeading>
<gpsHeading>27.858171</gpsHeading>
<haccuracy>14.220000</haccuracy>
<vaccuracy>14.220000</vaccuracy>
<internetconnect>2</internetconnect>
</trkpt>
<trkpt lat="35.841607" lon="139.044214">
<ele>617.000000</ele>
<time>2026-05-29T23:21:32Z</time>
<speed>1.381532</speed>
<trueHeading>0.000000</trueHeading>
<magneticHeading>0.000000</magneticHeading>
<gpsHeading>240.179733</gpsHeading>
<haccuracy>3.070000</haccuracy>
<vaccuracy>3.070000</vaccuracy>
<internetconnect>2</internetconnect>
</trkpt>
<trkpt lat="35.841247" lon="139.043687">
<ele>615.333333</ele>
<time>2026-05-29T23:22:18Z</time>
<speed>1.303645</speed>
<trueHeading>0.000000</trueHeading>
<magneticHeading>0.000000</magneticHeading>
<gpsHeading>229.889343</gpsHeading>
<haccuracy>8.269000</haccuracy>
<vaccuracy>8.269000</vaccuracy>
<internetconnect>2</internetconnect>
</trkpt>
<trkpt lat="35.841265" lon="139.042929">
<ele>615.333333</ele>
<time>2026-05-29T23:23:06Z</time>
<speed>1.600792</speed>
<trueHeading>0.000000</trueHeading>
<magneticHeading>0.000000</magneticHeading>
<gpsHeading>271.650421</gpsHeading>
<haccuracy>5.469000</haccuracy>
<vaccuracy>5.469000</vaccuracy>
<internetconnect>0</internetconnect>
</trkpt>
<trkpt lat="35.841305" lon="139.042131">
<ele>616.000000</ele>
<time>2026-05-29T23:23:56Z</time>
<speed>1.566499</speed>
<trueHeading>0.000000</trueHeading>
<magneticHeading>0.000000</magneticHeading>
<gpsHeading>273.563904</gpsHeading>
<haccuracy>5.607000</haccuracy>
<vaccuracy>5.607000</vaccuracy>
<internetconnect>0</internetconnect>
</trkpt>
<trkpt lat="35.841052" lon="139.041438">
<ele>617.000000</ele>
<time>2026-05-29T23:24:43Z</time>
<speed>1.590644</speed>
<trueHeading>0.000000</trueHeading>
<magneticHeading>0.000000</magneticHeading>
<gpsHeading>245.711380</gpsHeading>
<haccuracy>5.733000</haccuracy>
<vaccuracy>5.733000</vaccuracy>
<internetconnect>0</internetconnect>
</trkpt>
<trkpt lat="35.841138" lon="139.040644">
<ele>616.333333</ele>
<time>2026-05-29T23:25:30Z</time>
<speed>1.545707</speed>
<trueHeading>0.000000</trueHeading>
<magneticHeading>0.000000</magneticHeading>
<gpsHeading>277.643433</gpsHeading>
<haccuracy>5.313000</haccuracy>
<vaccuracy>5.313000</vaccuracy>
<internetconnect>0</internetconnect>
</trkpt>
<trkpt lat="35.841216" lon="139.039859">
<ele>617.000000</ele>
<time>2026-05-29T23:26:17Z</time>
<speed>1.580844</speed>
<trueHeading>0.000000</trueHeading>
<magneticHeading>0.000000</magneticHeading>
<gpsHeading>276.948090</gpsHeading>
<haccuracy>5.033000</haccuracy>
<vaccuracy>5.033000</vaccuracy>
<internetconnect>0</internetconnect>
</trkpt>
<trkpt lat="35.841673" lon="139.039276">
<ele>616.666667</ele>
<time>2026-05-29T23:27:03Z</time>
<speed>1.568628</speed>
<trueHeading>0.000000</trueHeading>
<magneticHeading>0.000000</magneticHeading>
<gpsHeading>314.028564</gpsHeading>
<haccuracy>5.450000</haccuracy>
<vaccuracy>5.450000</vaccuracy>
<internetconnect>0</internetconnect>
</trkpt>
<trkpt lat="35.842100" lon="139.038648">
<ele>615.666667</ele>
<time>2026-05-29T23:27:50Z</time>
<speed>1.599730</speed>
<trueHeading>0.000000</trueHeading>
<magneticHeading>0.000000</magneticHeading>
<gpsHeading>309.986511</gpsHeading>
<haccuracy>5.222000</haccuracy>
<vaccuracy>5.222000</vaccuracy>
<internetconnect>0</internetconnect>
</trkpt>
<trkpt lat="35.842523" lon="139.038076">
<ele>610.666667</ele>
<time>2026-05-29T23:28:36Z</time>
<speed>1.595758</speed>
<trueHeading>0.000000</trueHeading>
<magneticHeading>0.000000</magneticHeading>
<gpsHeading>312.400055</gpsHeading>
<haccuracy>5.698000</haccuracy>
<vaccuracy>5.698000</vaccuracy>
<internetconnect>0</internetconnect>
</trkpt>
<trkpt lat="35.843125" lon="139.038383">
<ele>597.333333</ele>
<time>2026-05-29T23:29:22Z</time>
<speed>1.613410</speed>
<trueHeading>0.000000</trueHeading>
<magneticHeading>0.000000</magneticHeading>
<gpsHeading>22.472878</gpsHeading>
<haccuracy>5.939000</haccuracy>
<vaccuracy>5.939000</vaccuracy>
<internetconnect>0</internetconnect>
</trkpt>
<trkpt lat="35.843652" lon="139.038286">
<ele>597.666667</ele>
<time>2026-05-29T23:30:09Z</time>
<speed>1.591360</speed>
<trueHeading>0.000000</trueHeading>
<magneticHeading>0.000000</magneticHeading>
<gpsHeading>351.526367</gpsHeading>
<haccuracy>5.087000</haccuracy>
<vaccuracy>5.087000</vaccuracy>
<internetconnect>0</internetconnect>
</trkpt>
<trkpt lat="35.844220" lon="139.038769">
<ele>601.333333</ele>
<time>2026-05-29T23:31:00Z</time>
<speed>1.630986</speed>
<trueHeading>0.000000</trueHeading>
<magneticHeading>0.000000</magneticHeading>
<gpsHeading>34.578815</gpsHeading>
<haccuracy>5.722000</haccuracy>
<vaccuracy>5.722000</vaccuracy>
<internetconnect>0</internetconnect>
</trkpt>
<trkpt lat="35.844793" lon="139.039132">
<ele>610.000000</ele>
<time>2026-05-29T23:31:46Z</time>
<speed>1.605999</speed>
<trueHeading>0.000000</trueHeading>
<magneticHeading>0.000000</magneticHeading>
<gpsHeading>27.189865</gpsHeading>
<haccuracy>5.280000</haccuracy>
<vaccuracy>5.280000</vaccuracy>
<internetconnect>0</internetconnect>
</trkpt>
<trkpt lat="35.845425" lon="139.038986">
<ele>607.000000</ele>
<time>2026-05-29T23:32:32Z</time>
<speed>1.621258</speed>
<trueHeading>0.000000</trueHeading>
<magneticHeading>0.000000</magneticHeading>
<gpsHeading>349.363617</gpsHeading>
<haccuracy>5.974000</haccuracy>
<vaccuracy>5.974000</vaccuracy>
<internetconnect>0</internetconnect>
</trkpt>
<trkpt lat="35.846007" lon="139.038646">
<ele>603.666667</ele>
<time>2026-05-29T23:33:18Z</time>
<speed>1.603274</speed>
<trueHeading>0.000000</trueHeading>
<magneticHeading>0.000000</magneticHeading>
<gpsHeading>334.677216</gpsHeading>
<haccuracy>5.781000</haccuracy>
<vaccuracy>5.781000</vaccuracy>
<internetconnect>0</internetconnect>
</trkpt>
<trkpt lat="35.846645" lon="139.038572">
<ele>604.666667</ele>
<time>2026-05-29T23:34:05Z</time>
<speed>1.613325</speed>
<trueHeading>0.000000</trueHeading>
<magneticHeading>0.000000</magneticHeading>
<gpsHeading>354.636139</gpsHeading>
<haccuracy>5.340000</haccuracy>
<vaccuracy>5.340000</vaccuracy>
<internetconnect>0</internetconnect>
</trkpt>
<trkpt lat="35.847212" lon="139.038580">
<ele>605.333333</ele>
<time>2026-05-29T23:34:52Z</time>
<speed>0.344880</speed>
<trueHeading>0.000000</trueHeading>
<magneticHeading>0.000000</magneticHeading>
<gpsHeading>0.679463</gpsHeading>
<haccuracy>5.615000</haccuracy>
<vaccuracy>5.615000</vaccuracy>
<internetconnect>0</internetconnect>
</trkpt>
<trkpt lat="35.847705" lon="139.037902">
<ele>604.000000</ele>
<time>2026-05-29T23:35:39Z</time>
<speed>1.460692</speed>
<trueHeading>0.000000</trueHeading>
<magneticHeading>0.000000</magneticHeading>
<gpsHeading>311.870422</gpsHeading>
<haccuracy>5.577000</haccuracy>
<vaccuracy>5.577000</vaccuracy>
<internetconnect>0</internetconnect>
</trkpt>
<trkpt lat="35.848120" lon="139.037415">
<ele>602.333333</ele>
<time>2026-05-29T23:36:27Z</time>
<speed>0.186076</speed>
<trueHeading>0.000000</trueHeading>
<magneticHeading>0.000000</magneticHeading>
<gpsHeading>316.487488</gpsHeading>
<haccuracy>4.146000</haccuracy>
<vaccuracy>4.146000</vaccuracy>
<internetconnect>0</internetconnect>
</trkpt>
<trkpt lat="35.848901" lon="139.037420">
<ele>613.333333</ele>
<time>2026-05-29T23:37:15Z</time>
<speed>1.529614</speed>
<trueHeading>0.000000</trueHeading>
<magneticHeading>0.000000</magneticHeading>
<gpsHeading>0.261812</gpsHeading>
<haccuracy>5.076000</haccuracy>
<vaccuracy>5.076000</vaccuracy>
<internetconnect>0</internetconnect>
</trkpt>
<trkpt lat="35.849438" lon="139.037601">
<ele>621.000000</ele>
<time>2026-05-29T23:38:03Z</time>
<speed>0.588929</speed>
<trueHeading>0.000000</trueHeading>
<magneticHeading>0.000000</magneticHeading>
<gpsHeading>15.269973</gpsHeading>
<haccuracy>7.157000</haccuracy>
<vaccuracy>7.157000</vaccuracy>
<internetconnect>0</internetconnect>
</trkpt>
<trkpt lat="35.849691" lon="139.038328">
<ele>630.000000</ele>
<time>2026-05-29T23:38:51Z</time>
<speed>0.112415</speed>
<trueHeading>0.000000</trueHeading>
<magneticHeading>0.000000</magneticHeading>
<gpsHeading>66.726753</gpsHeading>
<haccuracy>4.780000</haccuracy>
<vaccuracy>4.780000</vaccuracy>
<internetconnect>0</internetconnect>
</trkpt>
<trkpt lat="35.850076" lon="139.038846">
<ele>625.333333</ele>
<time>2026-05-29T23:39:38Z</time>
<speed>0.572689</speed>
<trueHeading>0.000000</trueHeading>
<magneticHeading>0.000000</magneticHeading>
<gpsHeading>47.480518</gpsHeading>
<haccuracy>3.800000</haccuracy>
<vaccuracy>3.800000</vaccuracy>
<internetconnect>0</internetconnect>
</trkpt>
<trkpt lat="35.850504" lon="139.039444">
<ele>623.666667</ele>
<time>2026-05-29T23:40:27Z</time>
<speed>0.158031</speed>
<trueHeading>0.000000</trueHeading>
<magneticHeading>0.000000</magneticHeading>
<gpsHeading>48.581905</gpsHeading>
<haccuracy>3.983000</haccuracy>
<vaccuracy>3.983000</vaccuracy>
<internetconnect>0</internetconnect>
</trkpt>
<trkpt lat="35.851009" lon="139.040191">
<ele>626.000000</ele>
<time>2026-05-29T23:41:14Z</time>
<speed>0.236907</speed>
<trueHeading>0.000000</trueHeading>
<magneticHeading>0.000000</magneticHeading>
<gpsHeading>50.181431</gpsHeading>
<haccuracy>4.404000</haccuracy>
<vaccuracy>4.404000</vaccuracy>
<internetconnect>0</internetconnect>
</trkpt>
<trkpt lat="35.851597" lon="139.040783">
<ele>632.333333</ele>
<time>2026-05-29T23:42:02Z</time>
<speed>1.569704</speed>
<trueHeading>0.000000</trueHeading>
<magneticHeading>0.000000</magneticHeading>
<gpsHeading>39.182926</gpsHeading>
<haccuracy>6.089000</haccuracy>
<vaccuracy>6.089000</vaccuracy>
<internetconnect>0</internetconnect>
</trkpt>
<trkpt lat="35.852018" lon="139.040970">
<ele>660.000000</ele>
<time>2026-05-29T23:42:48Z</time>
<speed>1.590817</speed>
<trueHeading>0.000000</trueHeading>
<magneticHeading>0.000000</magneticHeading>
<gpsHeading>19.829367</gpsHeading>
<haccuracy>3.747000</haccuracy>
<vaccuracy>3.747000</vaccuracy>
<internetconnect>0</internetconnect>
</trkpt>
<trkpt lat="35.852424" lon="139.041257">
<ele>713.666667</ele>
<time>2026-05-29T23:43:35Z</time>
<speed>1.720479</speed>
<trueHeading>0.000000</trueHeading>
<magneticHeading>0.000000</magneticHeading>
<gpsHeading>29.875952</gpsHeading>
<haccuracy>4.641000</haccuracy>
<vaccuracy>4.641000</vaccuracy>
<internetconnect>0</internetconnect>
</trkpt>
<trkpt lat="35.852665" lon="139.042379">
<ele>748.666667</ele>
<time>2026-05-29T23:44:22Z</time>
<speed>1.603476</speed>
<trueHeading>0.000000</trueHeading>
<magneticHeading>0.000000</magneticHeading>
<gpsHeading>75.128807</gpsHeading>
<haccuracy>11.966000</haccuracy>
<vaccuracy>11.966000</vaccuracy>
<internetconnect>0</internetconnect>
</trkpt>
<trkpt lat="35.853295" lon="139.042153">
<ele>746.000000</ele>
<time>2026-05-29T23:45:09Z</time>
<speed>1.615205</speed>
<trueHeading>0.000000</trueHeading>
<magneticHeading>0.000000</magneticHeading>
<gpsHeading>343.774139</gpsHeading>
<haccuracy>6.335000</haccuracy>
<vaccuracy>6.335000</vaccuracy>
<internetconnect>0</internetconnect>
</trkpt>
<trkpt lat="35.854131" lon="139.042097">
<ele>720.666667</ele>
<time>2026-05-29T23:45:56Z</time>
<speed>1.600911</speed>
<trueHeading>0.000000</trueHeading>
<magneticHeading>0.000000</magneticHeading>
<gpsHeading>356.876068</gpsHeading>
<haccuracy>6.027000</haccuracy>
<vaccuracy>6.027000</vaccuracy>
<internetconnect>0</internetconnect>
</trkpt>
<trkpt lat="35.855090" lon="139.042236">
<ele>727.000000</ele>
<time>2026-05-29T23:46:43Z</time>
<speed>1.648483</speed>
<trueHeading>0.000000</trueHeading>
<magneticHeading>0.000000</magneticHeading>
<gpsHeading>6.739820</gpsHeading>
<haccuracy>5.821000</haccuracy>
<vaccuracy>5.821000</vaccuracy>
<internetconnect>0</internetconnect>
</trkpt>
<trkpt lat="35.855603" lon="139.042603">
<ele>732.666667</ele>
<time>2026-05-29T23:47:30Z</time>
<speed>1.530742</speed>
<trueHeading>0.000000</trueHeading>
<magneticHeading>0.000000</magneticHeading>
<gpsHeading>30.132627</gpsHeading>
<haccuracy>5.961000</haccuracy>
<vaccuracy>5.961000</vaccuracy>
<internetconnect>0</internetconnect>
</trkpt>
<trkpt lat="35.856203" lon="139.042184">
<ele>730.333333</ele>
<time>2026-05-29T23:48:17Z</time>
<speed>1.572448</speed>
<trueHeading>0.000000</trueHeading>
<magneticHeading>0.000000</magneticHeading>
<gpsHeading>330.476257</gpsHeading>
<haccuracy>4.542000</haccuracy>
<vaccuracy>4.542000</vaccuracy>
<internetconnect>0</internetconnect>
</trkpt>
<trkpt lat="35.856697" lon="139.042423">
<ele>693.333333</ele>
<time>2026-05-29T23:49:05Z</time>
<speed>1.214032</speed>
<trueHeading>0.000000</trueHeading>
<magneticHeading>0.000000</magneticHeading>
<gpsHeading>21.443636</gpsHeading>
<haccuracy>4.557000</haccuracy>
<vaccuracy>4.557000</vaccuracy>
<internetconnect>0</internetconnect>
</trkpt>
<trkpt lat="35.857331" lon="139.041946">
<ele>677.666667</ele>
<time>2026-05-29T23:49:53Z</time>
<speed>1.543203</speed>
<trueHeading>0.000000</trueHeading>
<magneticHeading>0.000000</magneticHeading>
<gpsHeading>328.620667</gpsHeading>
<haccuracy>5.107000</haccuracy>
<vaccuracy>5.107000</vaccuracy>
<internetconnect>0</internetconnect>
</trkpt>
<trkpt lat="35.857617" lon="139.042601">
<ele>660.000000</ele>
<time>2026-05-29T23:50:40Z</time>
<speed>1.567195</speed>
<trueHeading>0.000000</trueHeading>
<magneticHeading>0.000000</magneticHeading>
<gpsHeading>61.699680</gpsHeading>
<haccuracy>5.804000</haccuracy>
<vaccuracy>5.804000</vaccuracy>
<internetconnect>0</internetconnect>
</trkpt>
<trkpt lat="35.857528" lon="139.043100">
<ele>664.333333</ele>
<time>2026-05-29T23:51:27Z</time>
<speed>1.554324</speed>
<trueHeading>0.000000</trueHeading>
<magneticHeading>0.000000</magneticHeading>
<gpsHeading>102.445198</gpsHeading>
<haccuracy>4.213000</haccuracy>
<vaccuracy>4.213000</vaccuracy>
<internetconnect>0</internetconnect>
</trkpt>
<trkpt lat="35.857751" lon="139.043667">
<ele>666.000000</ele>
<time>2026-05-29T23:52:14Z</time>
<speed>1.582033</speed>
<trueHeading>0.000000</trueHeading>
<magneticHeading>0.000000</magneticHeading>
<gpsHeading>64.047256</gpsHeading>
<haccuracy>5.324000</haccuracy>
<vaccuracy>5.324000</vaccuracy>
<internetconnect>0</internetconnect>
</trkpt>
<trkpt lat="35.858214" lon="139.043086">
<ele>671.666667</ele>
<time>2026-05-29T23:53:02Z</time>
<speed>1.606501</speed>
<trueHeading>0.000000</trueHeading>
<magneticHeading>0.000000</magneticHeading>
<gpsHeading>314.486755</gpsHeading>
<haccuracy>5.719000</haccuracy>
<vaccuracy>5.719000</vaccuracy>
<internetconnect>0</internetconnect>
</trkpt>
<trkpt lat="35.858647" lon="139.042456">
<ele>684.000000</ele>
<time>2026-05-29T23:53:49Z</time>
<speed>1.570771</speed>
<trueHeading>0.000000</trueHeading>
<magneticHeading>0.000000</magneticHeading>
<gpsHeading>310.303894</gpsHeading>
<haccuracy>4.994000</haccuracy>
<vaccuracy>4.994000</vaccuracy>
<internetconnect>0</internetconnect>
</trkpt>
<trkpt lat="35.859228" lon="139.042282">
<ele>696.666667</ele>
<time>2026-05-29T23:54:37Z</time>
<speed>1.582279</speed>
<trueHeading>0.000000</trueHeading>
<magneticHeading>0.000000</magneticHeading>
<gpsHeading>346.302643</gpsHeading>
<haccuracy>5.654000</haccuracy>
<vaccuracy>5.654000</vaccuracy>
<internetconnect>0</internetconnect>
</trkpt>
<trkpt lat="35.859246" lon="139.043052">
<ele>702.000000</ele>
<time>2026-05-29T23:55:24Z</time>
<speed>1.573323</speed>
<trueHeading>0.000000</trueHeading>
<magneticHeading>0.000000</magneticHeading>
<gpsHeading>88.329491</gpsHeading>
<haccuracy>5.355000</haccuracy>
<vaccuracy>5.355000</vaccuracy>
<internetconnect>0</internetconnect>
</trkpt>
<trkpt lat="35.859279" lon="139.043826">
<ele>695.666667</ele>
<time>2026-05-29T23:56:11Z</time>
<speed>1.613054</speed>
<trueHeading>0.000000</trueHeading>
<magneticHeading>0.000000</magneticHeading>
<gpsHeading>87.017876</gpsHeading>
<haccuracy>5.663000</haccuracy>
<vaccuracy>5.663000</vaccuracy>
<internetconnect>0</internetconnect>
</trkpt>
<trkpt lat="35.859545" lon="139.044383">
<ele>691.333333</ele>
<time>2026-05-29T23:56:58Z</time>
<speed>1.581959</speed>
<trueHeading>0.000000</trueHeading>
<magneticHeading>0.000000</magneticHeading>
<gpsHeading>59.421444</gpsHeading>
<haccuracy>5.730000</haccuracy>
<vaccuracy>5.730000</vaccuracy>
<internetconnect>0</internetconnect>
</trkpt>
<trkpt lat="35.860129" lon="139.044200">
<ele>692.666667</ele>
<time>2026-05-29T23:57:45Z</time>
<speed>1.565898</speed>
<trueHeading>0.000000</trueHeading>
<magneticHeading>0.000000</magneticHeading>
<gpsHeading>345.726501</gpsHeading>
<haccuracy>5.754000</haccuracy>
<vaccuracy>5.754000</vaccuracy>
<internetconnect>0</internetconnect>
</trkpt>
<trkpt lat="35.860526" lon="139.043606">
<ele>697.333333</ele>
<time>2026-05-29T23:58:32Z</time>
<speed>1.553164</speed>
<trueHeading>0.000000</trueHeading>
<magneticHeading>0.000000</magneticHeading>
<gpsHeading>309.523163</gpsHeading>
<haccuracy>5.585000</haccuracy>
<vaccuracy>5.585000</vaccuracy>
<internetconnect>0</internetconnect>
</trkpt>
<trkpt lat="35.860439" lon="139.042900">
<ele>701.333333</ele>
<time>2026-05-29T23:59:20Z</time>
<speed>0.944638</speed>
<trueHeading>0.000000</trueHeading>
<magneticHeading>0.000000</magneticHeading>
<gpsHeading>261.376312</gpsHeading>
<haccuracy>5.160000</haccuracy>
<vaccuracy>5.160000</vaccuracy>
<internetconnect>0</internetconnect>
</trkpt>
<trkpt lat="35.861020" lon="139.042567">
<ele>708.000000</ele>
<time>2026-05-30T00:00:07Z</time>
<speed>1.536260</speed>
<trueHeading>0.000000</trueHeading>
<magneticHeading>0.000000</magneticHeading>
<gpsHeading>335.126221</gpsHeading>
<haccuracy>5.390000</haccuracy>
<vaccuracy>5.390000</vaccuracy>
<internetconnect>0</internetconnect>
</trkpt>
<trkpt lat="35.861680" lon="139.042395">
<ele>713.000000</ele>
<time>2026-05-30T00:00:55Z</time>
<speed>1.545394</speed>
<trueHeading>0.000000</trueHeading>
<magneticHeading>0.000000</magneticHeading>
<gpsHeading>348.077637</gpsHeading>
<haccuracy>5.616000</haccuracy>
<vaccuracy>5.616000</vaccuracy>
<internetconnect>0</internetconnect>
</trkpt>
<trkpt lat="35.862216" lon="139.042229">
<ele>725.333333</ele>
<time>2026-05-30T00:01:42Z</time>
<speed>1.559304</speed>
<trueHeading>0.000000</trueHeading>
<magneticHeading>0.000000</magneticHeading>
<gpsHeading>345.904663</gpsHeading>
<haccuracy>5.747000</haccuracy>
<vaccuracy>5.747000</vaccuracy>
<internetconnect>0</internetconnect>
</trkpt>
<trkpt lat="35.862654" lon="139.041975">
<ele>727.000000</ele>
<time>2026-05-30T00:02:30Z</time>
<speed>0.735146</speed>
<trueHeading>0.000000</trueHeading>
<magneticHeading>0.000000</magneticHeading>
<gpsHeading>334.748993</gpsHeading>
<haccuracy>6.287000</haccuracy>
<vaccuracy>6.287000</vaccuracy>
<internetconnect>0</internetconnect>
</trkpt>
<trkpt lat="35.862421" lon="139.041725">
<ele>727.000000</ele>
<time>2026-05-30T00:04:32Z</time>
<speed>1.442499</speed>
<trueHeading>0.000000</trueHeading>
<magneticHeading>0.000000</magneticHeading>
<gpsHeading>220.916245</gpsHeading>
<haccuracy>9.354000</haccuracy>
<vaccuracy>9.354000</vaccuracy>
<internetconnect>0</internetconnect>
</trkpt>
<trkpt lat="35.861965" lon="139.041108">
<ele>725.666667</ele>
<time>2026-05-30T00:05:21Z</time>
<speed>0.338774</speed>
<trueHeading>0.000000</trueHeading>
<magneticHeading>0.000000</magneticHeading>
<gpsHeading>227.686920</gpsHeading>
<haccuracy>4.007000</haccuracy>
<vaccuracy>4.007000</vaccuracy>
<internetconnect>0</internetconnect>
</trkpt>
<trkpt lat="35.862221" lon="139.040276">
<ele>731.333333</ele>
<time>2026-05-30T00:06:11Z</time>
<speed>1.203638</speed>
<trueHeading>0.000000</trueHeading>
<magneticHeading>0.000000</magneticHeading>
<gpsHeading>290.762054</gpsHeading>
<haccuracy>5.290000</haccuracy>
<vaccuracy>5.290000</vaccuracy>
<internetconnect>0</internetconnect>
</trkpt>
<trkpt lat="35.862785" lon="139.040112">
<ele>753.000000</ele>
<time>2026-05-30T00:07:01Z</time>
<speed>0.401624</speed>
<trueHeading>0.000000</trueHeading>
<magneticHeading>0.000000</magneticHeading>
<gpsHeading>346.730072</gpsHeading>
<haccuracy>3.545000</haccuracy>
<vaccuracy>3.545000</vaccuracy>
<internetconnect>0</internetconnect>
</trkpt>
<trkpt lat="35.863114" lon="139.039514">
<ele>761.000000</ele>
<time>2026-05-30T00:07:50Z</time>
<speed>0.467209</speed>
<trueHeading>0.000000</trueHeading>
<magneticHeading>0.000000</magneticHeading>
<gpsHeading>304.144135</gpsHeading>
<haccuracy>5.736000</haccuracy>
<vaccuracy>5.736000</vaccuracy>
<internetconnect>0</internetconnect>
</trkpt>
<trkpt lat="35.862790" lon="139.038887">
<ele>761.666667</ele>
<time>2026-05-30T00:08:39Z</time>
<speed>0.428557</speed>
<trueHeading>0.000000</trueHeading>
<magneticHeading>0.000000</magneticHeading>
<gpsHeading>237.537842</gpsHeading>
<haccuracy>4.315000</haccuracy>
<vaccuracy>4.315000</vaccuracy>
<internetconnect>0</internetconnect>
</trkpt>
<trkpt lat="35.862885" lon="139.038342">
<ele>748.333333</ele>
<time>2026-05-30T00:09:29Z</time>
<speed>0.738630</speed>
<trueHeading>0.000000</trueHeading>
<magneticHeading>0.000000</magneticHeading>
<gpsHeading>282.140869</gpsHeading>
<haccuracy>4.251000</haccuracy>
<vaccuracy>4.251000</vaccuracy>
<internetconnect>0</internetconnect>
</trkpt>
<trkpt lat="35.863501" lon="139.038346">
<ele>742.333333</ele>
<time>2026-05-30T00:10:18Z</time>
<speed>0.629178</speed>
<trueHeading>0.000000</trueHeading>
<magneticHeading>0.000000</magneticHeading>
<gpsHeading>0.324496</gpsHeading>
<haccuracy>5.373000</haccuracy>
<vaccuracy>5.373000</vaccuracy>
<internetconnect>0</internetconnect>
</trkpt>
<trkpt lat="35.863827" lon="139.038231">
<ele>755.666667</ele>
<time>2026-05-30T00:11:08Z</time>
<speed>1.569453</speed>
<trueHeading>0.000000</trueHeading>
<magneticHeading>0.000000</magneticHeading>
<gpsHeading>343.967590</gpsHeading>
<haccuracy>4.404000</haccuracy>
<vaccuracy>4.404000</vaccuracy>
<internetconnect>0</internetconnect>
</trkpt>
<trkpt lat="35.864440" lon="139.038259">
<ele>784.000000</ele>
<time>2026-05-30T00:11:58Z</time>
<speed>0.570215</speed>
<trueHeading>0.000000</trueHeading>
<magneticHeading>0.000000</magneticHeading>
<gpsHeading>2.173963</gpsHeading>
<haccuracy>3.000000</haccuracy>
<vaccuracy>3.000000</vaccuracy>
<internetconnect>0</internetconnect>
</trkpt>
<trkpt lat="35.864787" lon="139.037791">
<ele>809.666667</ele>
<time>2026-05-30T00:12:47Z</time>
<speed>1.474778</speed>
<trueHeading>0.000000</trueHeading>
<magneticHeading>0.000000</magneticHeading>
<gpsHeading>312.448029</gpsHeading>
<haccuracy>4.195000</haccuracy>
<vaccuracy>4.195000</vaccuracy>
<internetconnect>0</internetconnect>
</trkpt>
<trkpt lat="35.864846" lon="139.037435">
<ele>818.333333</ele>
<time>2026-05-30T00:13:36Z</time>
<speed>0.174838</speed>
<trueHeading>0.000000</trueHeading>
<magneticHeading>0.000000</magneticHeading>
<gpsHeading>281.618195</gpsHeading>
<haccuracy>4.679000</haccuracy>
<vaccuracy>4.679000</vaccuracy>
<internetconnect>0</internetconnect>
</trkpt>
<trkpt lat="35.864994" lon="139.036671">
<ele>798.333333</ele>
<time>2026-05-30T00:14:26Z</time>
<speed>0.793313</speed>
<trueHeading>0.000000</trueHeading>
<magneticHeading>0.000000</magneticHeading>
<gpsHeading>283.408936</gpsHeading>
<haccuracy>5.653000</haccuracy>
<vaccuracy>5.653000</vaccuracy>
<internetconnect>0</internetconnect>
</trkpt>
<trkpt lat="35.865253" lon="139.035812">
<ele>786.666667</ele>
<time>2026-05-30T00:15:15Z</time>
<speed>0.670679</speed>
<trueHeading>0.000000</trueHeading>
<magneticHeading>0.000000</magneticHeading>
<gpsHeading>290.413849</gpsHeading>
<haccuracy>4.965000</haccuracy>
<vaccuracy>4.965000</vaccuracy>
<internetconnect>0</internetconnect>
</trkpt>
<trkpt lat="35.865610" lon="139.036011">
<ele>774.333333</ele>
<time>2026-05-30T00:16:04Z</time>
<speed>0.469523</speed>
<trueHeading>0.000000</trueHeading>
<magneticHeading>0.000000</magneticHeading>
<gpsHeading>24.315041</gpsHeading>
<haccuracy>5.011000</haccuracy>
<vaccuracy>5.011000</vaccuracy>
<internetconnect>0</internetconnect>
</trkpt>
<trkpt lat="35.866070" lon="139.036182">
<ele>781.666667</ele>
<time>2026-05-30T00:16:53Z</time>
<speed>0.395573</speed>
<trueHeading>0.000000</trueHeading>
<magneticHeading>0.000000</magneticHeading>
<gpsHeading>16.777838</gpsHeading>
<haccuracy>4.830000</haccuracy>
<vaccuracy>4.830000</vaccuracy>
<internetconnect>0</internetconnect>
</trkpt>
<trkpt lat="35.866295" lon="139.036835">
<ele>778.333333</ele>
<time>2026-05-30T00:17:41Z</time>
<speed>0.846456</speed>
<trueHeading>0.000000</trueHeading>
<magneticHeading>0.000000</magneticHeading>
<gpsHeading>66.903595</gpsHeading>
<haccuracy>4.576000</haccuracy>
<vaccuracy>4.576000</vaccuracy>
<internetconnect>0</internetconnect>
</trkpt>
<trkpt lat="35.866901" lon="139.036874">
<ele>784.333333</ele>
<time>2026-05-30T00:18:31Z</time>
<speed>0.277335</speed>
<trueHeading>0.000000</trueHeading>
<magneticHeading>0.000000</magneticHeading>
<gpsHeading>2.999264</gpsHeading>
<haccuracy>4.270000</haccuracy>
<vaccuracy>4.270000</vaccuracy>
<internetconnect>0</internetconnect>
</trkpt>
<trkpt lat="35.867107" lon="139.037534">
<ele>783.333333</ele>
<time>2026-05-30T00:19:20Z</time>
<speed>0.306356</speed>
<trueHeading>0.000000</trueHeading>
<magneticHeading>0.000000</magneticHeading>
<gpsHeading>68.972908</gpsHeading>
<haccuracy>4.907000</haccuracy>
<vaccuracy>4.907000</vaccuracy>
<internetconnect>0</internetconnect>
</trkpt>
<trkpt lat="35.867636" lon="139.037159">
<ele>790.000000</ele>
<time>2026-05-30T00:20:09Z</time>
<speed>1.076604</speed>
<trueHeading>0.000000</trueHeading>
<magneticHeading>0.000000</magneticHeading>
<gpsHeading>330.126984</gpsHeading>
<haccuracy>5.686000</haccuracy>
<vaccuracy>5.686000</vaccuracy>
<internetconnect>0</internetconnect>
</trkpt>
<trkpt lat="35.868102" lon="139.037044">
<ele>794.666667</ele>
<time>2026-05-30T00:20:57Z</time>
<speed>0.544703</speed>
<trueHeading>0.000000</trueHeading>
<magneticHeading>0.000000</magneticHeading>
<gpsHeading>348.750977</gpsHeading>
<haccuracy>5.248000</haccuracy>
<vaccuracy>5.248000</vaccuracy>
<internetconnect>0</internetconnect>
</trkpt>
<trkpt lat="35.868350" lon="139.036868">
<ele>804.333333</ele>
<time>2026-05-30T00:21:47Z</time>
<speed>0.685247</speed>
<trueHeading>0.000000</trueHeading>
<magneticHeading>0.000000</magneticHeading>
<gpsHeading>330.100464</gpsHeading>
<haccuracy>4.143000</haccuracy>
<vaccuracy>4.143000</vaccuracy>
<internetconnect>0</internetconnect>
</trkpt>
<trkpt lat="35.868756" lon="139.036703">
<ele>815.666667</ele>
<time>2026-05-30T00:22:35Z</time>
<speed>0.941325</speed>
<trueHeading>0.000000</trueHeading>
<magneticHeading>0.000000</magneticHeading>
<gpsHeading>341.769226</gpsHeading>
<haccuracy>4.285000</haccuracy>
<vaccuracy>4.285000</vaccuracy>
<internetconnect>0</internetconnect>
</trkpt>
<trkpt lat="35.869402" lon="139.036811">
<ele>820.666667</ele>
<time>2026-05-30T00:23:24Z</time>
<speed>0.460449</speed>
<trueHeading>0.000000</trueHeading>
<magneticHeading>0.000000</magneticHeading>
<gpsHeading>7.721236</gpsHeading>
<haccuracy>5.788000</haccuracy>
<vaccuracy>5.788000</vaccuracy>
<internetconnect>0</internetconnect>
</trkpt>
<trkpt lat="35.869990" lon="139.036568">
<ele>820.333333</ele>
<time>2026-05-30T00:24:13Z</time>
<speed>0.113697</speed>
<trueHeading>0.000000</trueHeading>
<magneticHeading>0.000000</magneticHeading>
<gpsHeading>341.449310</gpsHeading>
<haccuracy>4.675000</haccuracy>
<vaccuracy>4.675000</vaccuracy>
<internetconnect>0</internetconnect>
</trkpt>
<trkpt lat="35.869441" lon="139.036162">
<ele>814.666667</ele>
<time>2026-05-30T00:25:02Z</time>
<speed>1.468495</speed>
<trueHeading>0.000000</trueHeading>
<magneticHeading>0.000000</magneticHeading>
<gpsHeading>210.891312</gpsHeading>
<haccuracy>5.780000</haccuracy>
<vaccuracy>5.780000</vaccuracy>
<internetconnect>0</internetconnect>
</trkpt>
<trkpt lat="35.868891" lon="139.035923">
<ele>814.000000</ele>
<time>2026-05-30T00:25:52Z</time>
<speed>0.617405</speed>
<trueHeading>0.000000</trueHeading>
<magneticHeading>0.000000</magneticHeading>
<gpsHeading>199.443512</gpsHeading>
<haccuracy>6.243000</haccuracy>
<vaccuracy>6.243000</vaccuracy>
<internetconnect>0</internetconnect>
</trkpt>
<trkpt lat="35.868395" lon="139.035554">
<ele>816.666667</ele>
<time>2026-05-30T00:26:41Z</time>
<speed>0.407078</speed>
<trueHeading>0.000000</trueHeading>
<magneticHeading>0.000000</magneticHeading>
<gpsHeading>211.093155</gpsHeading>
<haccuracy>4.667000</haccuracy>
<vaccuracy>4.667000</vaccuracy>
<internetconnect>0</internetconnect>
</trkpt>
<trkpt lat="35.868223" lon="139.035013">
<ele>831.000000</ele>
<time>2026-05-30T00:27:30Z</time>
<speed>0.241725</speed>
<trueHeading>0.000000</trueHeading>
<magneticHeading>0.000000</magneticHeading>
<gpsHeading>248.567169</gpsHeading>
<haccuracy>4.871000</haccuracy>
<vaccuracy>4.871000</vaccuracy>
<internetconnect>0</internetconnect>
</trkpt>
<trkpt lat="35.868722" lon="139.035205">
<ele>851.666667</ele>
<time>2026-05-30T00:28:19Z</time>
<speed>0.404965</speed>
<trueHeading>0.000000</trueHeading>
<magneticHeading>0.000000</magneticHeading>
<gpsHeading>17.301996</gpsHeading>
<haccuracy>5.363000</haccuracy>
<vaccuracy>5.363000</vaccuracy>
<internetconnect>0</internetconnect>
</trkpt>
<trkpt lat="35.869330" lon="139.035226">
<ele>862.000000</ele>
<time>2026-05-30T00:29:09Z</time>
<speed>0.656456</speed>
<trueHeading>0.000000</trueHeading>
<magneticHeading>0.000000</magneticHeading>
<gpsHeading>1.633507</gpsHeading>
<haccuracy>6.710000</haccuracy>
<vaccuracy>6.710000</vaccuracy>
<internetconnect>0</internetconnect>
</trkpt>
<trkpt lat="35.869827" lon="139.034763">
<ele>862.666667</ele>
<time>2026-05-30T00:29:59Z</time>
<speed>0.575310</speed>
<trueHeading>0.000000</trueHeading>
<magneticHeading>0.000000</magneticHeading>
<gpsHeading>322.984741</gpsHeading>
<haccuracy>5.270000</haccuracy>
<vaccuracy>5.270000</vaccuracy>
<internetconnect>0</internetconnect>
</trkpt>
<trkpt lat="35.870296" lon="139.034940">
<ele>877.666667</ele>
<time>2026-05-30T00:30:47Z</time>
<speed>0.285778</speed>
<trueHeading>0.000000</trueHeading>
<magneticHeading>0.000000</magneticHeading>
<gpsHeading>16.975508</gpsHeading>
<haccuracy>5.787000</haccuracy>
<vaccuracy>5.787000</vaccuracy>
<internetconnect>0</internetconnect>
</trkpt>
<trkpt lat="35.870830" lon="139.035243">
<ele>897.000000</ele>
<time>2026-05-30T00:31:37Z</time>
<speed>0.583358</speed>
<trueHeading>0.000000</trueHeading>
<magneticHeading>0.000000</magneticHeading>
<gpsHeading>24.673643</gpsHeading>
<haccuracy>4.967000</haccuracy>
<vaccuracy>4.967000</vaccuracy>
<internetconnect>0</internetconnect>
</trkpt>
<trkpt lat="35.871492" lon="139.035286">
<ele>912.333333</ele>
<time>2026-05-30T00:32:25Z</time>
<speed>0.917195</speed>
<trueHeading>0.000000</trueHeading>
<magneticHeading>0.000000</magneticHeading>
<gpsHeading>3.031093</gpsHeading>
<haccuracy>7.336000</haccuracy>
<vaccuracy>7.336000</vaccuracy>
<internetconnect>0</internetconnect>
</trkpt>
<trkpt lat="35.872097" lon="139.035075">
<ele>910.000000</ele>
<time>2026-05-30T00:33:15Z</time>
<speed>0.777327</speed>
<trueHeading>0.000000</trueHeading>
<magneticHeading>0.000000</magneticHeading>
<gpsHeading>344.262085</gpsHeading>
<haccuracy>5.051000</haccuracy>
<vaccuracy>5.051000</vaccuracy>
<internetconnect>0</internetconnect>
</trkpt>
<trkpt lat="35.872616" lon="139.035151">
<ele>909.333333</ele>
<time>2026-05-30T00:34:05Z</time>
<speed>0.293353</speed>
<trueHeading>0.000000</trueHeading>
<magneticHeading>0.000000</magneticHeading>
<gpsHeading>6.736764</gpsHeading>
<haccuracy>4.865000</haccuracy>
<vaccuracy>4.865000</vaccuracy>
<internetconnect>0</internetconnect>
</trkpt>
<trkpt lat="35.873243" lon="139.034967">
<ele>913.000000</ele>
<time>2026-05-30T00:34:54Z</time>
<speed>0.784763</speed>
<trueHeading>0.000000</trueHeading>
<magneticHeading>0.000000</magneticHeading>
<gpsHeading>346.573395</gpsHeading>
<haccuracy>5.258000</haccuracy>
<vaccuracy>5.258000</vaccuracy>
<internetconnect>0</internetconnect>
</trkpt>
<trkpt lat="35.873761" lon="139.034734">
<ele>910.666667</ele>
<time>2026-05-30T00:35:43Z</time>
<speed>0.961579</speed>
<trueHeading>0.000000</trueHeading>
<magneticHeading>0.000000</magneticHeading>
<gpsHeading>339.966888</gpsHeading>
<haccuracy>6.330000</haccuracy>
<vaccuracy>6.330000</vaccuracy>
<internetconnect>0</internetconnect>
</trkpt>
<trkpt lat="35.874095" lon="139.033939">
<ele>907.000000</ele>
<time>2026-05-30T00:36:33Z</time>
<speed>1.121695</speed>
<trueHeading>0.000000</trueHeading>
<magneticHeading>0.000000</magneticHeading>
<gpsHeading>297.476471</gpsHeading>
<haccuracy>4.988000</haccuracy>
<vaccuracy>4.988000</vaccuracy>
<internetconnect>0</internetconnect>
</trkpt>
<trkpt lat="35.874352" lon="139.033278">
<ele>907.666667</ele>
<time>2026-05-30T00:37:21Z</time>
<speed>0.329606</speed>
<trueHeading>0.000000</trueHeading>
<magneticHeading>0.000000</magneticHeading>
<gpsHeading>295.549774</gpsHeading>
<haccuracy>3.926000</haccuracy>
<vaccuracy>3.926000</vaccuracy>
<internetconnect>0</internetconnect>
</trkpt>
<trkpt lat="35.874806" lon="139.033609">
<ele>919.000000</ele>
<time>2026-05-30T00:38:11Z</time>
<speed>0.396895</speed>
<trueHeading>0.000000</trueHeading>
<magneticHeading>0.000000</magneticHeading>
<gpsHeading>30.611235</gpsHeading>
<haccuracy>5.995000</haccuracy>
<vaccuracy>5.995000</vaccuracy>
<internetconnect>0</internetconnect>
</trkpt>
<trkpt lat="35.875145" lon="139.034046">
<ele>925.333333</ele>
<time>2026-05-30T00:39:01Z</time>
<speed>0.527294</speed>
<trueHeading>0.000000</trueHeading>
<magneticHeading>0.000000</magneticHeading>
<gpsHeading>46.193695</gpsHeading>
<haccuracy>3.631000</haccuracy>
<vaccuracy>3.631000</vaccuracy>
<internetconnect>0</internetconnect>
</trkpt>
<trkpt lat="35.875768" lon="139.034193">
<ele>927.333333</ele>
<time>2026-05-30T00:39:51Z</time>
<speed>0.817890</speed>
<trueHeading>0.000000</trueHeading>
<magneticHeading>0.000000</magneticHeading>
<gpsHeading>10.823907</gpsHeading>
<haccuracy>5.157000</haccuracy>
<vaccuracy>5.157000</vaccuracy>
<internetconnect>0</internetconnect>
</trkpt>
<trkpt lat="35.876292" lon="139.034204">
<ele>923.000000</ele>
<time>2026-05-30T00:40:40Z</time>
<speed>0.246909</speed>
<trueHeading>0.000000</trueHeading>
<magneticHeading>0.000000</magneticHeading>
<gpsHeading>0.949012</gpsHeading>
<haccuracy>4.642000</haccuracy>
<vaccuracy>4.642000</vaccuracy>
<internetconnect>0</internetconnect>
</trkpt>
<trkpt lat="35.876949" lon="139.034165">
<ele>931.000000</ele>
<time>2026-05-30T00:41:30Z</time>
<speed>0.698576</speed>
<trueHeading>0.000000</trueHeading>
<magneticHeading>0.000000</magneticHeading>
<gpsHeading>357.249176</gpsHeading>
<haccuracy>6.467000</haccuracy>
<vaccuracy>6.467000</vaccuracy>
<internetconnect>0</internetconnect>
</trkpt>
<trkpt lat="35.877387" lon="139.034651">
<ele>941.333333</ele>
<time>2026-05-30T00:42:20Z</time>
<speed>0.798863</speed>
<trueHeading>0.000000</trueHeading>
<magneticHeading>0.000000</magneticHeading>
<gpsHeading>41.995590</gpsHeading>
<haccuracy>4.989000</haccuracy>
<vaccuracy>4.989000</vaccuracy>
<internetconnect>0</internetconnect>
</trkpt>
<trkpt lat="35.877903" lon="139.034948">
<ele>952.000000</ele>
<time>2026-05-30T00:43:10Z</time>
<speed>0.632882</speed>
<trueHeading>0.000000</trueHeading>
<magneticHeading>0.000000</magneticHeading>
<gpsHeading>25.035051</gpsHeading>
<haccuracy>5.606000</haccuracy>
<vaccuracy>5.606000</vaccuracy>
<internetconnect>0</internetconnect>
</trkpt>
<trkpt lat="35.878383" lon="139.034945">
<ele>959.000000</ele>
<time>2026-05-30T00:43:59Z</time>
<speed>0.232046</speed>
<trueHeading>0.000000</trueHeading>
<magneticHeading>0.000000</magneticHeading>
<gpsHeading>359.680756</gpsHeading>
<haccuracy>5.258000</haccuracy>
<vaccuracy>5.258000</vaccuracy>
<internetconnect>0</internetconnect>
</trkpt>
<trkpt lat="35.878023" lon="139.034417">
<ele>959.000000</ele>
<time>2026-05-30T00:44:49Z</time>
<speed>0.267663</speed>
<trueHeading>0.000000</trueHeading>
<magneticHeading>0.000000</magneticHeading>
<gpsHeading>229.996490</gpsHeading>
<haccuracy>5.794000</haccuracy>
<vaccuracy>5.794000</vaccuracy>
<internetconnect>0</internetconnect>
</trkpt>
<trkpt lat="35.877615" lon="139.033772">
<ele>955.333333</ele>
<time>2026-05-30T00:45:39Z</time>
<speed>0.934535</speed>
<trueHeading>0.000000</trueHeading>
<magneticHeading>0.000000</magneticHeading>
<gpsHeading>232.021652</gpsHeading>
<haccuracy>5.723000</haccuracy>
<vaccuracy>5.723000</vaccuracy>
<internetconnect>0</internetconnect>
</trkpt>
<trkpt lat="35.877182" lon="139.033260">
<ele>953.666667</ele>
<time>2026-05-30T00:46:29Z</time>
<speed>0.675869</speed>
<trueHeading>0.000000</trueHeading>
<magneticHeading>0.000000</magneticHeading>
<gpsHeading>223.785507</gpsHeading>
<haccuracy>4.726000</haccuracy>
<vaccuracy>4.726000</vaccuracy>
<internetconnect>0</internetconnect>
</trkpt>
<trkpt lat="35.876750" lon="139.032904">
<ele>957.000000</ele>
<time>2026-05-30T00:47:17Z</time>
<speed>0.670728</speed>
<trueHeading>0.000000</trueHeading>
<magneticHeading>0.000000</magneticHeading>
<gpsHeading>213.664398</gpsHeading>
<haccuracy>4.800000</haccuracy>
<vaccuracy>4.800000</vaccuracy>
<internetconnect>0</internetconnect>
</trkpt>
<trkpt lat="35.877084" lon="139.032266">
<ele>967.333333</ele>
<time>2026-05-30T00:48:06Z</time>
<speed>0.464250</speed>
<trueHeading>0.000000</trueHeading>
<magneticHeading>0.000000</magneticHeading>
<gpsHeading>302.937134</gpsHeading>
<haccuracy>4.295000</haccuracy>
<vaccuracy>4.295000</vaccuracy>
<internetconnect>0</internetconnect>
</trkpt>
<trkpt lat="35.877388" lon="139.032147">
<ele>975.666667</ele>
<time>2026-05-30T00:48:55Z</time>
<speed>0.006353</speed>
<trueHeading>0.000000</trueHeading>
<magneticHeading>0.000000</magneticHeading>
<gpsHeading>342.360931</gpsHeading>
<haccuracy>5.582000</haccuracy>
<vaccuracy>5.582000</vaccuracy>
<internetconnect>0</internetconnect>
</trkpt>
<trkpt lat="35.877530" lon="139.031586">
<ele>978.333333</ele>
<time>2026-05-30T00:49:46Z</time>
<speed>1.393671</speed>
<trueHeading>0.000000</trueHeading>
<magneticHeading>0.000000</magneticHeading>
<gpsHeading>287.316376</gpsHeading>
<haccuracy>5.178000</haccuracy>
<vaccuracy>5.178000</vaccuracy>
<internetconnect>0</internetconnect>
</trkpt>
<trkpt lat="35.877031" lon="139.031076">
<ele>975.000000</ele>
<time>2026-05-30T00:50:35Z</time>
<speed>0.764939</speed>
<trueHeading>0.000000</trueHeading>
<magneticHeading>0.000000</magneticHeading>
<gpsHeading>219.584854</gpsHeading>
<haccuracy>6.298000</haccuracy>
<vaccuracy>6.298000</vaccuracy>
<internetconnect>0</internetconnect>
</trkpt>
<trkpt lat="35.876602" lon="139.030576">
<ele>977.000000</ele>
<time>2026-05-30T00:51:23Z</time>
<speed>1.393280</speed>
<trueHeading>0.000000</trueHeading>
<magneticHeading>0.000000</magneticHeading>
<gpsHeading>223.344330</gpsHeading>
<haccuracy>5.158000</haccuracy>
<vaccuracy>5.158000</vaccuracy>
<internetconnect>0</internetconnect>
</trkpt>
<trkpt lat="35.876805" lon="139.029935">
<ele>984.666667</ele>
<time>2026-05-30T00:52:12Z</time>
<speed>1.496302</speed>
<trueHeading>0.000000</trueHeading>
<magneticHeading>0.000000</magneticHeading>
<gpsHeading>291.374329</gpsHeading>
<haccuracy>5.197000</haccuracy>
<vaccuracy>5.197000</vaccuracy>
<internetconnect>0</internetconnect>
</trkpt>
<trkpt lat="35.877077" lon="139.029349">
<ele>992.333333</ele>
<time>2026-05-30T00:53:02Z</time>
<speed>1.499791</speed>
<trueHeading>0.000000</trueHeading>
<magneticHeading>0.000000</magneticHeading>
<gpsHeading>299.799225</gpsHeading>
<haccuracy>4.874000</haccuracy>
<vaccuracy>4.874000</vaccuracy>
<internetconnect>0</internetconnect>
</trkpt>
<trkpt lat="35.876658" lon="139.029004">
<ele>990.333333</ele>
<time>2026-05-30T00:53:50Z</time>
<speed>1.527343</speed>
<trueHeading>0.000000</trueHeading>
<magneticHeading>0.000000</magneticHeading>
<gpsHeading>213.736816</gpsHeading>
<haccuracy>5.265000</haccuracy>
<vaccuracy>5.265000</vaccuracy>
<internetconnect>0</internetconnect>
</trkpt>
<trkpt lat="35.876232" lon="139.029317">
<ele>990.000000</ele>
<time>2026-05-30T00:54:39Z</time>
<speed>0.427766</speed>
<trueHeading>0.000000</trueHeading>
<magneticHeading>0.000000</magneticHeading>
<gpsHeading>149.244431</gpsHeading>
<haccuracy>6.460000</haccuracy>
<vaccuracy>6.460000</vaccuracy>
<internetconnect>0</internetconnect>
</trkpt>
<trkpt lat="35.875827" lon="139.029014">
<ele>993.333333</ele>
<time>2026-05-30T00:55:28Z</time>
<speed>0.622589</speed>
<trueHeading>0.000000</trueHeading>
<magneticHeading>0.000000</magneticHeading>
<gpsHeading>211.270935</gpsHeading>
<haccuracy>5.505000</haccuracy>
<vaccuracy>5.505000</vaccuracy>
<internetconnect>0</internetconnect>
</trkpt>
<trkpt lat="35.876301" lon="139.028592">
<ele>1010.666667</ele>
<time>2026-05-30T00:56:17Z</time>
<speed>0.931712</speed>
<trueHeading>0.000000</trueHeading>
<magneticHeading>0.000000</magneticHeading>
<gpsHeading>324.225037</gpsHeading>
<haccuracy>4.700000</haccuracy>
<vaccuracy>4.700000</vaccuracy>
<internetconnect>0</internetconnect>
</trkpt>
<trkpt lat="35.876830" lon="139.028136">
<ele>1017.000000</ele>
<time>2026-05-30T00:57:07Z</time>
<speed>1.538142</speed>
<trueHeading>0.000000</trueHeading>
<magneticHeading>0.000000</magneticHeading>
<gpsHeading>325.018005</gpsHeading>
<haccuracy>5.469000</haccuracy>
<vaccuracy>5.469000</vaccuracy>
<internetconnect>0</internetconnect>
</trkpt>
<trkpt lat="35.876694" lon="139.027499">
<ele>1022.666667</ele>
<time>2026-05-30T00:57:56Z</time>
<speed>1.523455</speed>
<trueHeading>0.000000</trueHeading>
<magneticHeading>0.000000</magneticHeading>
<gpsHeading>255.288330</gpsHeading>
<haccuracy>5.697000</haccuracy>
<vaccuracy>5.697000</vaccuracy>
<internetconnect>0</internetconnect>
</trkpt>
<trkpt lat="35.877066" lon="139.027240">
<ele>1022.666667</ele>
<time>2026-05-30T00:58:43Z</time>
<speed>0.410253</speed>
<trueHeading>0.000000</trueHeading>
<magneticHeading>0.000000</magneticHeading>
<gpsHeading>330.577271</gpsHeading>
<haccuracy>4.975000</haccuracy>
<vaccuracy>4.975000</vaccuracy>
<internetconnect>0</internetconnect>
</trkpt>
<trkpt lat="35.877496" lon="139.027522">
<ele>1032.000000</ele>
<time>2026-05-30T00:59:33Z</time>
<speed>0.368546</speed>
<trueHeading>0.000000</trueHeading>
<magneticHeading>0.000000</magneticHeading>
<gpsHeading>27.988585</gpsHeading>
<haccuracy>4.592000</haccuracy>
<vaccuracy>4.592000</vaccuracy>
<internetconnect>0</internetconnect>
</trkpt>
<trkpt lat="35.878091" lon="139.027857">
<ele>1039.333333</ele>
<time>2026-05-30T01:00:21Z</time>
<speed>1.569373</speed>
<trueHeading>0.000000</trueHeading>
<magneticHeading>0.000000</magneticHeading>
<gpsHeading>24.509243</gpsHeading>
<haccuracy>5.418000</haccuracy>
<vaccuracy>5.418000</vaccuracy>
<internetconnect>0</internetconnect>
</trkpt>
<trkpt lat="35.878407" lon="139.028154">
<ele>1046.000000</ele>
<time>2026-05-30T01:01:11Z</time>
<speed>0.135069</speed>
<trueHeading>0.000000</trueHeading>
<magneticHeading>0.000000</magneticHeading>
<gpsHeading>37.230419</gpsHeading>
<haccuracy>3.808000</haccuracy>
<vaccuracy>3.808000</vaccuracy>
<internetconnect>0</internetconnect>
</trkpt>
<trkpt lat="35.878928" lon="139.028392">
<ele>1047.333333</ele>
<time>2026-05-30T01:02:01Z</time>
<speed>1.011762</speed>
<trueHeading>0.000000</trueHeading>
<magneticHeading>0.000000</magneticHeading>
<gpsHeading>20.376381</gpsHeading>
<haccuracy>3.052000</haccuracy>
<vaccuracy>3.052000</vaccuracy>
<internetconnect>0</internetconnect>
</trkpt>
<trkpt lat="35.879345" lon="139.028367">
<ele>1053.666667</ele>
<time>2026-05-30T01:02:51Z</time>
<speed>0.348691</speed>
<trueHeading>0.000000</trueHeading>
<magneticHeading>0.000000</magneticHeading>
<gpsHeading>357.166138</gpsHeading>
<haccuracy>4.625000</haccuracy>
<vaccuracy>4.625000</vaccuracy>
<internetconnect>0</internetconnect>
</trkpt>
<trkpt lat="35.879569" lon="139.028572">
<ele>1054.000000</ele>
<time>2026-05-30T01:04:56Z</time>
<speed>0.222605</speed>
<trueHeading>0.000000</trueHeading>
<magneticHeading>0.000000</magneticHeading>
<gpsHeading>36.520031</gpsHeading>
<haccuracy>4.538000</haccuracy>
<vaccuracy>4.538000</vaccuracy>
<internetconnect>0</internetconnect>
</trkpt>
<trkpt lat="35.879849" lon="139.028419">
<ele>1056.666667</ele>
<time>2026-05-30T01:05:46Z</time>
<speed>1.240000</speed>
<trueHeading>0.000000</trueHeading>
<magneticHeading>0.000000</magneticHeading>
<gpsHeading>336.078400</gpsHeading>
<haccuracy>10.470000</haccuracy>
<vaccuracy>10.470000</vaccuracy>
<internetconnect>0</internetconnect>
</trkpt>
<trkpt lat="35.879999" lon="139.028292">
<ele>1053.666667</ele>
<time>2026-05-30T01:07:57Z</time>
<speed>0.030733</speed>
<trueHeading>0.000000</trueHeading>
<magneticHeading>0.000000</magneticHeading>
<gpsHeading>325.602905</gpsHeading>
<haccuracy>5.521000</haccuracy>
<vaccuracy>5.521000</vaccuracy>
<internetconnect>0</internetconnect>
</trkpt>
<trkpt lat="35.880001" lon="139.028290">
<ele>1053.000000</ele>
<time>2026-05-30T01:11:49Z</time>
<speed>0.851075</speed>
<trueHeading>0.000000</trueHeading>
<magneticHeading>0.000000</magneticHeading>
<gpsHeading>323.298187</gpsHeading>
<haccuracy>5.079000</haccuracy>
<vaccuracy>5.079000</vaccuracy>
<internetconnect>0</internetconnect>
</trkpt>
<trkpt lat="35.879998" lon="139.028300">
<ele>1052.000000</ele>
<time>2026-05-30T01:15:47Z</time>
<speed>0.493773</speed>
<trueHeading>0.000000</trueHeading>
<magneticHeading>0.000000</magneticHeading>
<gpsHeading>111.386246</gpsHeading>
<haccuracy>5.349000</haccuracy>
<vaccuracy>5.349000</vaccuracy>
<internetconnect>0</internetconnect>
</trkpt>
<trkpt lat="35.879929" lon="139.028276">
<ele>1052.666667</ele>
<time>2026-05-30T01:17:49Z</time>
<speed>0.115112</speed>
<trueHeading>0.000000</trueHeading>
<magneticHeading>0.000000</magneticHeading>
<gpsHeading>195.904099</gpsHeading>
<haccuracy>3.007000</haccuracy>
<vaccuracy>3.007000</vaccuracy>
<internetconnect>0</internetconnect>
</trkpt>
<trkpt lat="35.880209" lon="139.028237">
<ele>1054.333333</ele>
<time>2026-05-30T01:19:07Z</time>
<speed>0.000000</speed>
<trueHeading>0.000000</trueHeading>
<magneticHeading>0.000000</magneticHeading>
<gpsHeading>353.685394</gpsHeading>
<haccuracy>3.492000</haccuracy>
<vaccuracy>3.492000</vaccuracy>
<internetconnect>0</internetconnect>
</trkpt>
<trkpt lat="35.880535" lon="139.028221">
<ele>1058.666667</ele>
<time>2026-05-30T01:20:25Z</time>
<speed>0.200000</speed>
<trueHeading>0.000000</trueHeading>
<magneticHeading>0.000000</magneticHeading>
<gpsHeading>357.671600</gpsHeading>
<haccuracy>11.860000</haccuracy>
<vaccuracy>11.860000</vaccuracy>
<internetconnect>0</internetconnect>
</trkpt>
<trkpt lat="35.880830" lon="139.028139">
<ele>1054.000000</ele>
<time>2026-05-30T01:22:27Z</time>
<speed>0.820000</speed>
<trueHeading>0.000000</trueHeading>
<magneticHeading>0.000000</magneticHeading>
<gpsHeading>347.289307</gpsHeading>
<haccuracy>11.115000</haccuracy>
<vaccuracy>11.115000</vaccuracy>
<internetconnect>0</internetconnect>
</trkpt>
<trkpt lat="35.880845" lon="139.027765">
<ele>1053.666667</ele>
<time>2026-05-30T01:23:24Z</time>
<speed>1.230000</speed>
<trueHeading>0.000000</trueHeading>
<magneticHeading>0.000000</magneticHeading>
<gpsHeading>272.983124</gpsHeading>
<haccuracy>10.979000</haccuracy>
<vaccuracy>10.979000</vaccuracy>
<internetconnect>0</internetconnect>
</trkpt>
<trkpt lat="35.881133" lon="139.027613">
<ele>1052.333333</ele>
<time>2026-05-30T01:24:19Z</time>
<speed>0.257707</speed>
<trueHeading>0.000000</trueHeading>
<magneticHeading>0.000000</magneticHeading>
<gpsHeading>336.851440</gpsHeading>
<haccuracy>4.774000</haccuracy>
<vaccuracy>4.774000</vaccuracy>
<internetconnect>0</internetconnect>
</trkpt>
<trkpt lat="35.881392" lon="139.027451">
<ele>1057.333333</ele>
<time>2026-05-30T01:25:09Z</time>
<speed>0.960000</speed>
<trueHeading>0.000000</trueHeading>
<magneticHeading>0.000000</magneticHeading>
<gpsHeading>333.128296</gpsHeading>
<haccuracy>11.081000</haccuracy>
<vaccuracy>11.081000</vaccuracy>
<internetconnect>0</internetconnect>
</trkpt>
<trkpt lat="35.881351" lon="139.027160">
<ele>1054.000000</ele>
<time>2026-05-30T01:27:12Z</time>
<speed>0.310000</speed>
<trueHeading>0.000000</trueHeading>
<magneticHeading>0.000000</magneticHeading>
<gpsHeading>260.138641</gpsHeading>
<haccuracy>10.450000</haccuracy>
<vaccuracy>10.450000</vaccuracy>
<internetconnect>0</internetconnect>
</trkpt>
<trkpt lat="35.881211" lon="139.026836">
<ele>1043.000000</ele>
<time>2026-05-30T01:28:09Z</time>
<speed>0.990000</speed>
<trueHeading>0.000000</trueHeading>
<magneticHeading>0.000000</magneticHeading>
<gpsHeading>241.872879</gpsHeading>
<haccuracy>10.601000</haccuracy>
<vaccuracy>10.601000</vaccuracy>
<internetconnect>0</internetconnect>
</trkpt>
<trkpt lat="35.881008" lon="139.026537">
<ele>1028.666667</ele>
<time>2026-05-30T01:29:03Z</time>
<speed>0.884892</speed>
<trueHeading>0.000000</trueHeading>
<magneticHeading>0.000000</magneticHeading>
<gpsHeading>230.077133</gpsHeading>
<haccuracy>6.284000</haccuracy>
<vaccuracy>6.284000</vaccuracy>
<internetconnect>0</internetconnect>
</trkpt>
<trkpt lat="35.880995" lon="139.026095">
<ele>1021.333333</ele>
<time>2026-05-30T01:29:52Z</time>
<speed>1.282727</speed>
<trueHeading>0.000000</trueHeading>
<magneticHeading>0.000000</magneticHeading>
<gpsHeading>268.029785</gpsHeading>
<haccuracy>6.261000</haccuracy>
<vaccuracy>6.261000</vaccuracy>
<internetconnect>0</internetconnect>
</trkpt>
<trkpt lat="35.881399" lon="139.025820">
<ele>1019.000000</ele>
<time>2026-05-30T01:30:43Z</time>
<speed>0.436117</speed>
<trueHeading>0.000000</trueHeading>
<magneticHeading>0.000000</magneticHeading>
<gpsHeading>331.080322</gpsHeading>
<haccuracy>4.829000</haccuracy>
<vaccuracy>4.829000</vaccuracy>
<internetconnect>0</internetconnect>
</trkpt>
<trkpt lat="35.881383" lon="139.025707">
<ele>1025.666667</ele>
<time>2026-05-30T01:32:46Z</time>
<speed>0.340000</speed>
<trueHeading>0.000000</trueHeading>
<magneticHeading>0.000000</magneticHeading>
<gpsHeading>260.468628</gpsHeading>
<haccuracy>12.124000</haccuracy>
<vaccuracy>12.124000</vaccuracy>
<internetconnect>0</internetconnect>
</trkpt>
<trkpt lat="35.881424" lon="139.025411">
<ele>1027.666667</ele>
<time>2026-05-30T01:34:51Z</time>
<speed>0.356088</speed>
<trueHeading>0.000000</trueHeading>
<magneticHeading>0.000000</magneticHeading>
<gpsHeading>279.751465</gpsHeading>
<haccuracy>4.267000</haccuracy>
<vaccuracy>4.267000</vaccuracy>
<internetconnect>0</internetconnect>
</trkpt>
<trkpt lat="35.881374" lon="139.024872">
<ele>1038.333333</ele>
<time>2026-05-30T01:35:41Z</time>
<speed>0.658642</speed>
<trueHeading>0.000000</trueHeading>
<magneticHeading>0.000000</magneticHeading>
<gpsHeading>263.402618</gpsHeading>
<haccuracy>5.685000</haccuracy>
<vaccuracy>5.685000</vaccuracy>
<internetconnect>0</internetconnect>
</trkpt>
<trkpt lat="35.881639" lon="139.024515">
<ele>1043.666667</ele>
<time>2026-05-30T01:36:31Z</time>
<speed>0.384582</speed>
<trueHeading>0.000000</trueHeading>
<magneticHeading>0.000000</magneticHeading>
<gpsHeading>312.553284</gpsHeading>
<haccuracy>4.233000</haccuracy>
<vaccuracy>4.233000</vaccuracy>
<internetconnect>0</internetconnect>
</trkpt>
<trkpt lat="35.881738" lon="139.024181">
<ele>1049.000000</ele>
<time>2026-05-30T01:37:27Z</time>
<speed>0.900000</speed>
<trueHeading>0.000000</trueHeading>
<magneticHeading>0.000000</magneticHeading>
<gpsHeading>290.071991</gpsHeading>
<haccuracy>10.745000</haccuracy>
<vaccuracy>10.745000</vaccuracy>
<internetconnect>0</internetconnect>
</trkpt>
<trkpt lat="35.881772" lon="139.023791">
<ele>1047.666667</ele>
<time>2026-05-30T01:38:17Z</time>
<speed>0.372574</speed>
<trueHeading>0.000000</trueHeading>
<magneticHeading>0.000000</magneticHeading>
<gpsHeading>276.213013</gpsHeading>
<haccuracy>5.085000</haccuracy>
<vaccuracy>5.085000</vaccuracy>
<internetconnect>0</internetconnect>
</trkpt>
<trkpt lat="35.881719" lon="139.023429">
<ele>1037.000000</ele>
<time>2026-05-30T01:39:05Z</time>
<speed>0.263438</speed>
<trueHeading>0.000000</trueHeading>
<magneticHeading>0.000000</magneticHeading>
<gpsHeading>259.724884</gpsHeading>
<haccuracy>4.696000</haccuracy>
<vaccuracy>4.696000</vaccuracy>
<internetconnect>0</internetconnect>
</trkpt>
<trkpt lat="35.881535" lon="139.023119">
<ele>1027.666667</ele>
<time>2026-05-30T01:39:56Z</time>
<speed>0.285236</speed>
<trueHeading>0.000000</trueHeading>
<magneticHeading>0.000000</magneticHeading>
<gpsHeading>233.668381</gpsHeading>
<haccuracy>5.714000</haccuracy>
<vaccuracy>5.714000</vaccuracy>
<internetconnect>0</internetconnect>
</trkpt>
<trkpt lat="35.881527" lon="139.022739">
<ele>1016.333333</ele>
<time>2026-05-30T01:40:51Z</time>
<speed>0.379074</speed>
<trueHeading>0.000000</trueHeading>
<magneticHeading>0.000000</magneticHeading>
<gpsHeading>268.474396</gpsHeading>
<haccuracy>3.905000</haccuracy>
<vaccuracy>3.905000</vaccuracy>
<internetconnect>0</internetconnect>
</trkpt>
<trkpt lat="35.881391" lon="139.022365">
<ele>1016.666667</ele>
<time>2026-05-30T01:41:40Z</time>
<speed>0.819339</speed>
<trueHeading>0.000000</trueHeading>
<magneticHeading>0.000000</magneticHeading>
<gpsHeading>245.907928</gpsHeading>
<haccuracy>4.593000</haccuracy>
<vaccuracy>4.593000</vaccuracy>
<internetconnect>0</internetconnect>
</trkpt>
<trkpt lat="35.881469" lon="139.022026">
<ele>1022.333333</ele>
<time>2026-05-30T01:42:44Z</time>
<speed>0.293614</speed>
<trueHeading>0.000000</trueHeading>
<magneticHeading>0.000000</magneticHeading>
<gpsHeading>285.797089</gpsHeading>
<haccuracy>4.330000</haccuracy>
<vaccuracy>4.330000</vaccuracy>
<internetconnect>0</internetconnect>
</trkpt>
<trkpt lat="35.881701" lon="139.021789">
<ele>1026.000000</ele>
<time>2026-05-30T01:43:33Z</time>
<speed>5.210000</speed>
<trueHeading>0.000000</trueHeading>
<magneticHeading>0.000000</magneticHeading>
<gpsHeading>320.313965</gpsHeading>
<haccuracy>10.403000</haccuracy>
<vaccuracy>10.403000</vaccuracy>
<internetconnect>0</internetconnect>
</trkpt>
<trkpt lat="35.881812" lon="139.021437">
<ele>1029.666667</ele>
<time>2026-05-30T01:44:40Z</time>
<speed>1.300000</speed>
<trueHeading>0.000000</trueHeading>
<magneticHeading>0.000000</magneticHeading>
<gpsHeading>291.369751</gpsHeading>
<haccuracy>10.460000</haccuracy>
<vaccuracy>10.460000</vaccuracy>
<internetconnect>0</internetconnect>
</trkpt>
<trkpt lat="35.882054" lon="139.021402">
<ele>1028.333333</ele>
<time>2026-05-30T01:46:45Z</time>
<speed>0.878264</speed>
<trueHeading>0.000000</trueHeading>
<magneticHeading>0.000000</magneticHeading>
<gpsHeading>353.384064</gpsHeading>
<haccuracy>5.429000</haccuracy>
<vaccuracy>5.429000</vaccuracy>
<internetconnect>0</internetconnect>
</trkpt>
<trkpt lat="35.882315" lon="139.021555">
<ele>1032.333333</ele>
<time>2026-05-30T01:47:32Z</time>
<speed>0.667901</speed>
<trueHeading>0.000000</trueHeading>
<magneticHeading>0.000000</magneticHeading>
<gpsHeading>25.381733</gpsHeading>
<haccuracy>5.647000</haccuracy>
<vaccuracy>5.647000</vaccuracy>
<internetconnect>0</internetconnect>
</trkpt>
<trkpt lat="35.882465" lon="139.021558">
<ele>1037.333333</ele>
<time>2026-05-30T01:49:41Z</time>
<speed>0.484875</speed>
<trueHeading>0.000000</trueHeading>
<magneticHeading>0.000000</magneticHeading>
<gpsHeading>0.923440</gpsHeading>
<haccuracy>4.158000</haccuracy>
<vaccuracy>4.158000</vaccuracy>
<internetconnect>0</internetconnect>
</trkpt>
<trkpt lat="35.882527" lon="139.021920">
<ele>1054.333333</ele>
<time>2026-05-30T01:51:15Z</time>
<speed>0.000000</speed>
<trueHeading>0.000000</trueHeading>
<magneticHeading>0.000000</magneticHeading>
<gpsHeading>78.054474</gpsHeading>
<haccuracy>11.242000</haccuracy>
<vaccuracy>11.242000</vaccuracy>
<internetconnect>0</internetconnect>
</trkpt>
<trkpt lat="35.882431" lon="139.022150">
<ele>1062.333333</ele>
<time>2026-05-30T01:53:34Z</time>
<speed>0.000000</speed>
<trueHeading>0.000000</trueHeading>
<magneticHeading>0.000000</magneticHeading>
<gpsHeading>117.368340</gpsHeading>
<haccuracy>11.181000</haccuracy>
<vaccuracy>11.181000</vaccuracy>
<internetconnect>0</internetconnect>
</trkpt>
<trkpt lat="35.882537" lon="139.022043">
<ele>1071.666667</ele>
<time>2026-05-30T01:56:18Z</time>
<speed>0.640000</speed>
<trueHeading>0.000000</trueHeading>
<magneticHeading>0.000000</magneticHeading>
<gpsHeading>320.749512</gpsHeading>
<haccuracy>11.883000</haccuracy>
<vaccuracy>11.883000</vaccuracy>
<internetconnect>0</internetconnect>
</trkpt>
<trkpt lat="35.882694" lon="139.022314">
<ele>1067.000000</ele>
<time>2026-05-30T01:58:33Z</time>
<speed>0.000000</speed>
<trueHeading>0.000000</trueHeading>
<magneticHeading>0.000000</magneticHeading>
<gpsHeading>54.612160</gpsHeading>
<haccuracy>10.578000</haccuracy>
<vaccuracy>10.578000</vaccuracy>
<internetconnect>0</internetconnect>
</trkpt>
<trkpt lat="35.882904" lon="139.022485">
<ele>1070.000000</ele>
<time>2026-05-30T02:01:17Z</time>
<speed>0.000000</speed>
<trueHeading>0.000000</trueHeading>
<magneticHeading>0.000000</magneticHeading>
<gpsHeading>33.308899</gpsHeading>
<haccuracy>10.628000</haccuracy>
<vaccuracy>10.628000</vaccuracy>
<internetconnect>0</internetconnect>
</trkpt>
<trkpt lat="35.882890" lon="139.022513">
<ele>1069.000000</ele>
<time>2026-05-30T02:08:15Z</time>
<speed>0.000000</speed>
<trueHeading>0.000000</trueHeading>
<magneticHeading>0.000000</magneticHeading>
<gpsHeading>121.312271</gpsHeading>
<haccuracy>12.143000</haccuracy>
<vaccuracy>12.143000</vaccuracy>
<internetconnect>0</internetconnect>
</trkpt>
<trkpt lat="35.882985" lon="139.022478">
<ele>1069.000000</ele>
<time>2026-05-30T02:10:21Z</time>
<speed>0.000000</speed>
<trueHeading>0.000000</trueHeading>
<magneticHeading>0.000000</magneticHeading>
<gpsHeading>343.273285</gpsHeading>
<haccuracy>13.115000</haccuracy>
<vaccuracy>13.115000</vaccuracy>
<internetconnect>0</internetconnect>
</trkpt>
<trkpt lat="35.882991" lon="139.022464">
<ele>1071.666667</ele>
<time>2026-05-30T02:12:35Z</time>
<speed>1.600000</speed>
<trueHeading>0.000000</trueHeading>
<magneticHeading>0.000000</magneticHeading>
<gpsHeading>294.941986</gpsHeading>
<haccuracy>12.886000</haccuracy>
<vaccuracy>12.886000</vaccuracy>
<internetconnect>0</internetconnect>
</trkpt>
<trkpt lat="35.882963" lon="139.022761">
<ele>1074.333333</ele>
<time>2026-05-30T02:14:42Z</time>
<speed>0.590000</speed>
<trueHeading>0.000000</trueHeading>
<magneticHeading>0.000000</magneticHeading>
<gpsHeading>96.540878</gpsHeading>
<haccuracy>12.013000</haccuracy>
<vaccuracy>12.013000</vaccuracy>
<internetconnect>0</internetconnect>
</trkpt>
<trkpt lat="35.882898" lon="139.022633">
<ele>1075.000000</ele>
<time>2026-05-30T02:16:46Z</time>
<speed>0.560000</speed>
<trueHeading>0.000000</trueHeading>
<magneticHeading>0.000000</magneticHeading>
<gpsHeading>238.002487</gpsHeading>
<haccuracy>13.862000</haccuracy>
<vaccuracy>13.862000</vaccuracy>
<internetconnect>0</internetconnect>
</trkpt>
<trkpt lat="35.882986" lon="139.022592">
<ele>1075.000000</ele>
<time>2026-05-30T02:18:47Z</time>
<speed>0.190000</speed>
<trueHeading>0.000000</trueHeading>
<magneticHeading>0.000000</magneticHeading>
<gpsHeading>339.408173</gpsHeading>
<haccuracy>9.486000</haccuracy>
<vaccuracy>9.486000</vaccuracy>
<internetconnect>0</internetconnect>
</trkpt>
<trkpt lat="35.882992" lon="139.022748">
<ele>1077.333333</ele>
<time>2026-05-30T02:20:50Z</time>
<speed>0.000000</speed>
<trueHeading>0.000000</trueHeading>
<magneticHeading>0.000000</magneticHeading>
<gpsHeading>87.379341</gpsHeading>
<haccuracy>12.759000</haccuracy>
<vaccuracy>12.759000</vaccuracy>
<internetconnect>0</internetconnect>
</trkpt>
<trkpt lat="35.883060" lon="139.023104">
<ele>1080.000000</ele>
<time>2026-05-30T02:22:21Z</time>
<speed>9.920000</speed>
<trueHeading>0.000000</trueHeading>
<magneticHeading>0.000000</magneticHeading>
<gpsHeading>76.799095</gpsHeading>
<haccuracy>8.699000</haccuracy>
<vaccuracy>8.699000</vaccuracy>
<internetconnect>0</internetconnect>
</trkpt>
<trkpt lat="35.883019" lon="139.022940">
<ele>1082.333333</ele>
<time>2026-05-30T02:27:47Z</time>
<speed>0.000000</speed>
<trueHeading>0.000000</trueHeading>
<magneticHeading>0.000000</magneticHeading>
<gpsHeading>253.196365</gpsHeading>
<haccuracy>12.109000</haccuracy>
<vaccuracy>12.109000</vaccuracy>
<internetconnect>0</internetconnect>
</trkpt>
<trkpt lat="35.882993" lon="139.023024">
<ele>1082.333333</ele>
<time>2026-05-30T02:33:14Z</time>
<speed>1.290000</speed>
<trueHeading>0.000000</trueHeading>
<magneticHeading>0.000000</magneticHeading>
<gpsHeading>111.155563</gpsHeading>
<haccuracy>8.891000</haccuracy>
<vaccuracy>8.891000</vaccuracy>
<internetconnect>0</internetconnect>
</trkpt>
<trkpt lat="35.883032" lon="139.023067">
<ele>1084.000000</ele>
<time>2026-05-30T02:35:18Z</time>
<speed>0.000000</speed>
<trueHeading>0.000000</trueHeading>
<magneticHeading>0.000000</magneticHeading>
<gpsHeading>42.389858</gpsHeading>
<haccuracy>11.237000</haccuracy>
<vaccuracy>11.237000</vaccuracy>
<internetconnect>0</internetconnect>
</trkpt>
<trkpt lat="35.882988" lon="139.023006">
<ele>1084.000000</ele>
<time>2026-05-30T02:38:35Z</time>
<speed>0.000000</speed>
<trueHeading>0.000000</trueHeading>
<magneticHeading>0.000000</magneticHeading>
<gpsHeading>229.075424</gpsHeading>
<haccuracy>11.006000</haccuracy>
<vaccuracy>11.006000</vaccuracy>
<internetconnect>0</internetconnect>
</trkpt>
<trkpt lat="35.882998" lon="139.023007">
<ele>1083.333333</ele>
<time>2026-05-30T02:40:54Z</time>
<speed>0.000000</speed>
<trueHeading>0.000000</trueHeading>
<magneticHeading>0.000000</magneticHeading>
<gpsHeading>4.212569</gpsHeading>
<haccuracy>10.268000</haccuracy>
<vaccuracy>10.268000</vaccuracy>
<internetconnect>0</internetconnect>
</trkpt>
<trkpt lat="35.883007" lon="139.023001">
<ele>1082.666667</ele>
<time>2026-05-30T02:43:30Z</time>
<speed>0.000000</speed>
<trueHeading>0.000000</trueHeading>
<magneticHeading>0.000000</magneticHeading>
<gpsHeading>329.227905</gpsHeading>
<haccuracy>10.302000</haccuracy>
<vaccuracy>10.302000</vaccuracy>
<internetconnect>0</internetconnect>
</trkpt>
<trkpt lat="35.883014" lon="139.023007">
<ele>1082.000000</ele>
<time>2026-05-30T02:46:47Z</time>
<speed>0.000000</speed>
<trueHeading>0.000000</trueHeading>
<magneticHeading>0.000000</magneticHeading>
<gpsHeading>34.836155</gpsHeading>
<haccuracy>9.935000</haccuracy>
<vaccuracy>9.935000</vaccuracy>
<internetconnect>0</internetconnect>
</trkpt>
<trkpt lat="35.883024" lon="139.023033">
<ele>1084.666667</ele>
<time>2026-05-30T02:48:50Z</time>
<speed>0.000000</speed>
<trueHeading>0.000000</trueHeading>
<magneticHeading>0.000000</magneticHeading>
<gpsHeading>66.097916</gpsHeading>
<haccuracy>7.891000</haccuracy>
<vaccuracy>7.891000</vaccuracy>
<internetconnect>0</internetconnect>
</trkpt>
<trkpt lat="35.882984" lon="139.023156">
<ele>1087.666667</ele>
<time>2026-05-30T02:52:07Z</time>
<speed>0.330000</speed>
<trueHeading>0.000000</trueHeading>
<magneticHeading>0.000000</magneticHeading>
<gpsHeading>111.621468</gpsHeading>
<haccuracy>14.329000</haccuracy>
<vaccuracy>14.329000</vaccuracy>
<internetconnect>0</internetconnect>
</trkpt>
<trkpt lat="35.882902" lon="139.023116">
<ele>1090.666667</ele>
<time>2026-05-30T02:54:29Z</time>
<speed>0.520000</speed>
<trueHeading>0.000000</trueHeading>
<magneticHeading>0.000000</magneticHeading>
<gpsHeading>201.495224</gpsHeading>
<haccuracy>10.643000</haccuracy>
<vaccuracy>10.643000</vaccuracy>
<internetconnect>0</internetconnect>
</trkpt>
<trkpt lat="35.882885" lon="139.023113">
<ele>1092.000000</ele>
<time>2026-05-30T02:56:32Z</time>
<speed>0.000000</speed>
<trueHeading>0.000000</trueHeading>
<magneticHeading>0.000000</magneticHeading>
<gpsHeading>189.965698</gpsHeading>
<haccuracy>5.167000</haccuracy>
<vaccuracy>5.167000</vaccuracy>
<internetconnect>0</internetconnect>
</trkpt>
<trkpt lat="35.882925" lon="139.023178">
<ele>1091.666667</ele>
<time>2026-05-30T02:58:41Z</time>
<speed>0.000000</speed>
<trueHeading>0.000000</trueHeading>
<magneticHeading>0.000000</magneticHeading>
<gpsHeading>52.962799</gpsHeading>
<haccuracy>6.304000</haccuracy>
<vaccuracy>6.304000</vaccuracy>
<internetconnect>0</internetconnect>
</trkpt>
<trkpt lat="35.883251" lon="139.023272">
<ele>1093.666667</ele>
<time>2026-05-30T02:59:31Z</time>
<speed>0.270000</speed>
<trueHeading>0.000000</trueHeading>
<magneticHeading>0.000000</magneticHeading>
<gpsHeading>13.240173</gpsHeading>
<haccuracy>11.182000</haccuracy>
<vaccuracy>11.182000</vaccuracy>
<internetconnect>0</internetconnect>
</trkpt>
<trkpt lat="35.883182" lon="139.023305">
<ele>1091.333333</ele>
<time>2026-05-30T03:01:35Z</time>
<speed>0.000000</speed>
<trueHeading>0.000000</trueHeading>
<magneticHeading>0.000000</magneticHeading>
<gpsHeading>158.938965</gpsHeading>
<haccuracy>11.894000</haccuracy>
<vaccuracy>11.894000</vaccuracy>
<internetconnect>0</internetconnect>
</trkpt>
<trkpt lat="35.883162" lon="139.023176">
<ele>1092.666667</ele>
<time>2026-05-30T03:03:44Z</time>
<speed>0.000000</speed>
<trueHeading>0.000000</trueHeading>
<magneticHeading>0.000000</magneticHeading>
<gpsHeading>259.061371</gpsHeading>
<haccuracy>9.360000</haccuracy>
<vaccuracy>9.360000</vaccuracy>
<internetconnect>0</internetconnect>
</trkpt>
<trkpt lat="35.883014" lon="139.023288">
<ele>1089.333333</ele>
<time>2026-05-30T03:05:50Z</time>
<speed>0.220000</speed>
<trueHeading>0.000000</trueHeading>
<magneticHeading>0.000000</magneticHeading>
<gpsHeading>148.481155</gpsHeading>
<haccuracy>13.217000</haccuracy>
<vaccuracy>13.217000</vaccuracy>
<internetconnect>0</internetconnect>
</trkpt>
<trkpt lat="35.883255" lon="139.023025">
<ele>1089.666667</ele>
<time>2026-05-30T03:06:40Z</time>
<speed>0.000000</speed>
<trueHeading>0.000000</trueHeading>
<magneticHeading>0.000000</magneticHeading>
<gpsHeading>318.510803</gpsHeading>
<haccuracy>6.965000</haccuracy>
<vaccuracy>6.965000</vaccuracy>
<internetconnect>0</internetconnect>
</trkpt>
<trkpt lat="35.883293" lon="139.023187">
<ele>1093.333333</ele>
<time>2026-05-30T03:09:00Z</time>
<speed>0.690000</speed>
<trueHeading>0.000000</trueHeading>
<magneticHeading>0.000000</magneticHeading>
<gpsHeading>73.810883</gpsHeading>
<haccuracy>6.561000</haccuracy>
<vaccuracy>6.561000</vaccuracy>
<internetconnect>0</internetconnect>
</trkpt>
<trkpt lat="35.883269" lon="139.023407">
<ele>1097.333333</ele>
<time>2026-05-30T03:12:13Z</time>
<speed>0.000000</speed>
<trueHeading>0.000000</trueHeading>
<magneticHeading>0.000000</magneticHeading>
<gpsHeading>97.577126</gpsHeading>
<haccuracy>7.134000</haccuracy>
<vaccuracy>7.134000</vaccuracy>
<internetconnect>0</internetconnect>
</trkpt>
<trkpt lat="35.883521" lon="139.023236">
<ele>1104.000000</ele>
<time>2026-05-30T03:13:04Z</time>
<speed>0.000000</speed>
<trueHeading>0.000000</trueHeading>
<magneticHeading>0.000000</magneticHeading>
<gpsHeading>331.145996</gpsHeading>
<haccuracy>12.074000</haccuracy>
<vaccuracy>12.074000</vaccuracy>
<internetconnect>0</internetconnect>
</trkpt>
<trkpt lat="35.883531" lon="139.023582">
<ele>1104.333333</ele>
<time>2026-05-30T03:15:07Z</time>
<speed>1.850000</speed>
<trueHeading>0.000000</trueHeading>
<magneticHeading>0.000000</magneticHeading>
<gpsHeading>88.019974</gpsHeading>
<haccuracy>6.986000</haccuracy>
<vaccuracy>6.986000</vaccuracy>
<internetconnect>0</internetconnect>
</trkpt>
<trkpt lat="35.883602" lon="139.023601">
<ele>1111.666667</ele>
<time>2026-05-30T03:17:12Z</time>
<speed>0.440000</speed>
<trueHeading>0.000000</trueHeading>
<magneticHeading>0.000000</magneticHeading>
<gpsHeading>11.702189</gpsHeading>
<haccuracy>8.220000</haccuracy>
<vaccuracy>8.220000</vaccuracy>
<internetconnect>0</internetconnect>
</trkpt>
<trkpt lat="35.883641" lon="139.023747">
<ele>1113.333333</ele>
<time>2026-05-30T03:19:15Z</time>
<speed>0.000000</speed>
<trueHeading>0.000000</trueHeading>
<magneticHeading>0.000000</magneticHeading>
<gpsHeading>71.640144</gpsHeading>
<haccuracy>10.826000</haccuracy>
<vaccuracy>10.826000</vaccuracy>
<internetconnect>0</internetconnect>
</trkpt>
<trkpt lat="35.883602" lon="139.023717">
<ele>1115.666667</ele>
<time>2026-05-30T03:21:29Z</time>
<speed>0.000000</speed>
<trueHeading>0.000000</trueHeading>
<magneticHeading>0.000000</magneticHeading>
<gpsHeading>211.735977</gpsHeading>
<haccuracy>6.197000</haccuracy>
<vaccuracy>6.197000</vaccuracy>
<internetconnect>0</internetconnect>
</trkpt>
<trkpt lat="35.883746" lon="139.023707">
<ele>1113.000000</ele>
<time>2026-05-30T03:23:45Z</time>
<speed>0.000000</speed>
<trueHeading>0.000000</trueHeading>
<magneticHeading>0.000000</magneticHeading>
<gpsHeading>356.497833</gpsHeading>
<haccuracy>10.348000</haccuracy>
<vaccuracy>10.348000</vaccuracy>
<internetconnect>0</internetconnect>
</trkpt>
<trkpt lat="35.883763" lon="139.023711">
<ele>1120.666667</ele>
<time>2026-05-30T03:26:21Z</time>
<speed>0.710000</speed>
<trueHeading>0.000000</trueHeading>
<magneticHeading>0.000000</magneticHeading>
<gpsHeading>12.508080</gpsHeading>
<haccuracy>10.154000</haccuracy>
<vaccuracy>10.154000</vaccuracy>
<internetconnect>0</internetconnect>
</trkpt>
<trkpt lat="35.883992" lon="139.023970">
<ele>1130.666667</ele>
<time>2026-05-30T03:27:55Z</time>
<speed>0.000000</speed>
<trueHeading>0.000000</trueHeading>
<magneticHeading>0.000000</magneticHeading>
<gpsHeading>42.461712</gpsHeading>
<haccuracy>6.391000</haccuracy>
<vaccuracy>6.391000</vaccuracy>
<internetconnect>0</internetconnect>
</trkpt>
<trkpt lat="35.884060" lon="139.024049">
<ele>1136.000000</ele>
<time>2026-05-30T03:31:30Z</time>
<speed>0.000000</speed>
<trueHeading>0.000000</trueHeading>
<magneticHeading>0.000000</magneticHeading>
<gpsHeading>43.110626</gpsHeading>
<haccuracy>10.737000</haccuracy>
<vaccuracy>10.737000</vaccuracy>
<internetconnect>0</internetconnect>
</trkpt>
<trkpt lat="35.884102" lon="139.023896">
<ele>1132.333333</ele>
<time>2026-05-30T03:33:50Z</time>
<speed>0.242467</speed>
<trueHeading>0.000000</trueHeading>
<magneticHeading>0.000000</magneticHeading>
<gpsHeading>288.340118</gpsHeading>
<haccuracy>4.772000</haccuracy>
<vaccuracy>4.772000</vaccuracy>
<internetconnect>0</internetconnect>
</trkpt>
<trkpt lat="35.884224" lon="139.023576">
<ele>1127.666667</ele>
<time>2026-05-30T03:35:33Z</time>
<speed>0.000000</speed>
<trueHeading>0.000000</trueHeading>
<magneticHeading>0.000000</magneticHeading>
<gpsHeading>295.361023</gpsHeading>
<haccuracy>11.052000</haccuracy>
<vaccuracy>11.052000</vaccuracy>
<internetconnect>0</internetconnect>
</trkpt>
<trkpt lat="35.884287" lon="139.023592">
<ele>1131.666667</ele>
<time>2026-05-30T03:37:37Z</time>
<speed>0.236451</speed>
<trueHeading>0.000000</trueHeading>
<magneticHeading>0.000000</magneticHeading>
<gpsHeading>11.611340</gpsHeading>
<haccuracy>3.826000</haccuracy>
<vaccuracy>3.826000</vaccuracy>
<internetconnect>0</internetconnect>
</trkpt>
<trkpt lat="35.884229" lon="139.023931">
<ele>1133.000000</ele>
<time>2026-05-30T03:38:47Z</time>
<speed>0.390000</speed>
<trueHeading>0.000000</trueHeading>
<magneticHeading>0.000000</magneticHeading>
<gpsHeading>101.910889</gpsHeading>
<haccuracy>11.285000</haccuracy>
<vaccuracy>11.285000</vaccuracy>
<internetconnect>0</internetconnect>
</trkpt>
<trkpt lat="35.884264" lon="139.023638">
<ele>1134.666667</ele>
<time>2026-05-30T03:40:58Z</time>
<speed>0.000000</speed>
<trueHeading>0.000000</trueHeading>
<magneticHeading>0.000000</magneticHeading>
<gpsHeading>278.540253</gpsHeading>
<haccuracy>4.702000</haccuracy>
<vaccuracy>4.702000</vaccuracy>
<internetconnect>0</internetconnect>
</trkpt>
<trkpt lat="35.884314" lon="139.023712">
<ele>1130.333333</ele>
<time>2026-05-30T03:43:06Z</time>
<speed>0.000000</speed>
<trueHeading>0.000000</trueHeading>
<magneticHeading>0.000000</magneticHeading>
<gpsHeading>50.665096</gpsHeading>
<haccuracy>11.192000</haccuracy>
<vaccuracy>11.192000</vaccuracy>
<internetconnect>0</internetconnect>
</trkpt>
<trkpt lat="35.884369" lon="139.023486">
<ele>1134.666667</ele>
<time>2026-05-30T03:45:11Z</time>
<speed>0.000000</speed>
<trueHeading>0.000000</trueHeading>
<magneticHeading>0.000000</magneticHeading>
<gpsHeading>286.790894</gpsHeading>
<haccuracy>10.430000</haccuracy>
<vaccuracy>10.430000</vaccuracy>
<internetconnect>0</internetconnect>
</trkpt>
<trkpt lat="35.884390" lon="139.023739">
<ele>1135.666667</ele>
<time>2026-05-30T03:47:13Z</time>
<speed>0.000000</speed>
<trueHeading>0.000000</trueHeading>
<magneticHeading>0.000000</magneticHeading>
<gpsHeading>84.016960</gpsHeading>
<haccuracy>11.255000</haccuracy>
<vaccuracy>11.255000</vaccuracy>
<internetconnect>0</internetconnect>
</trkpt>
<trkpt lat="35.884377" lon="139.023702">
<ele>1138.000000</ele>
<time>2026-05-30T03:49:16Z</time>
<speed>0.141330</speed>
<trueHeading>0.000000</trueHeading>
<magneticHeading>0.000000</magneticHeading>
<gpsHeading>246.994614</gpsHeading>
<haccuracy>3.221000</haccuracy>
<vaccuracy>3.221000</vaccuracy>
<internetconnect>0</internetconnect>
</trkpt>
<trkpt lat="35.884437" lon="139.023644">
<ele>1137.333333</ele>
<time>2026-05-30T03:51:29Z</time>
<speed>0.000000</speed>
<trueHeading>0.000000</trueHeading>
<magneticHeading>0.000000</magneticHeading>
<gpsHeading>321.697968</gpsHeading>
<haccuracy>10.674000</haccuracy>
<vaccuracy>10.674000</vaccuracy>
<internetconnect>0</internetconnect>
</trkpt>
<trkpt lat="35.884460" lon="139.023707">
<ele>1139.000000</ele>
<time>2026-05-30T03:53:38Z</time>
<speed>0.000000</speed>
<trueHeading>0.000000</trueHeading>
<magneticHeading>0.000000</magneticHeading>
<gpsHeading>65.870796</gpsHeading>
<haccuracy>11.183000</haccuracy>
<vaccuracy>11.183000</vaccuracy>
<internetconnect>0</internetconnect>
</trkpt>
<trkpt lat="35.884470" lon="139.023688">
<ele>1142.000000</ele>
<time>2026-05-30T03:56:59Z</time>
<speed>0.000000</speed>
<trueHeading>0.000000</trueHeading>
<magneticHeading>0.000000</magneticHeading>
<gpsHeading>303.853485</gpsHeading>
<haccuracy>11.460000</haccuracy>
<vaccuracy>11.460000</vaccuracy>
<internetconnect>0</internetconnect>
</trkpt>
<trkpt lat="35.884547" lon="139.023657">
<ele>1143.333333</ele>
<time>2026-05-30T03:59:02Z</time>
<speed>0.000000</speed>
<trueHeading>0.000000</trueHeading>
<magneticHeading>0.000000</magneticHeading>
<gpsHeading>341.945129</gpsHeading>
<haccuracy>11.708000</haccuracy>
<vaccuracy>11.708000</vaccuracy>
<internetconnect>0</internetconnect>
</trkpt>
<trkpt lat="35.884594" lon="139.023654">
<ele>1145.000000</ele>
<time>2026-05-30T04:01:22Z</time>
<speed>0.280000</speed>
<trueHeading>0.000000</trueHeading>
<magneticHeading>0.000000</magneticHeading>
<gpsHeading>356.252167</gpsHeading>
<haccuracy>10.552000</haccuracy>
<vaccuracy>10.552000</vaccuracy>
<internetconnect>0</internetconnect>
</trkpt>
<trkpt lat="35.884707" lon="139.023722">
<ele>1150.000000</ele>
<time>2026-05-30T04:03:37Z</time>
<speed>0.570000</speed>
<trueHeading>0.000000</trueHeading>
<magneticHeading>0.000000</magneticHeading>
<gpsHeading>26.064302</gpsHeading>
<haccuracy>9.011000</haccuracy>
<vaccuracy>9.011000</vaccuracy>
<internetconnect>0</internetconnect>
</trkpt>
<trkpt lat="35.884789" lon="139.023878">
<ele>1155.000000</ele>
<time>2026-05-30T04:05:38Z</time>
<speed>0.000000</speed>
<trueHeading>0.000000</trueHeading>
<magneticHeading>0.000000</magneticHeading>
<gpsHeading>57.043625</gpsHeading>
<haccuracy>10.313000</haccuracy>
<vaccuracy>10.313000</vaccuracy>
<internetconnect>0</internetconnect>
</trkpt>
<trkpt lat="35.884788" lon="139.023885">
<ele>1162.333333</ele>
<time>2026-05-30T04:08:35Z</time>
<speed>0.000000</speed>
<trueHeading>0.000000</trueHeading>
<magneticHeading>0.000000</magneticHeading>
<gpsHeading>97.036247</gpsHeading>
<haccuracy>10.363000</haccuracy>
<vaccuracy>10.363000</vaccuracy>
<internetconnect>0</internetconnect>
</trkpt>
<trkpt lat="35.884873" lon="139.024055">
<ele>1167.000000</ele>
<time>2026-05-30T04:10:39Z</time>
<speed>0.000000</speed>
<trueHeading>0.000000</trueHeading>
<magneticHeading>0.000000</magneticHeading>
<gpsHeading>58.576782</gpsHeading>
<haccuracy>10.746000</haccuracy>
<vaccuracy>10.746000</vaccuracy>
<internetconnect>0</internetconnect>
</trkpt>
<trkpt lat="35.884928" lon="139.024097">
<ele>1171.666667</ele>
<time>2026-05-30T04:12:49Z</time>
<speed>0.154591</speed>
<trueHeading>0.000000</trueHeading>
<magneticHeading>0.000000</magneticHeading>
<gpsHeading>31.117157</gpsHeading>
<haccuracy>3.376000</haccuracy>
<vaccuracy>3.376000</vaccuracy>
<internetconnect>0</internetconnect>
</trkpt>
<trkpt lat="35.885022" lon="139.024081">
<ele>1173.333333</ele>
<time>2026-05-30T04:17:41Z</time>
<speed>0.000000</speed>
<trueHeading>0.000000</trueHeading>
<magneticHeading>0.000000</magneticHeading>
<gpsHeading>352.487640</gpsHeading>
<haccuracy>10.376000</haccuracy>
<vaccuracy>10.376000</vaccuracy>
<internetconnect>0</internetconnect>
</trkpt>
<trkpt lat="35.885174" lon="139.024043">
<ele>1171.666667</ele>
<time>2026-05-30T04:19:47Z</time>
<speed>0.000000</speed>
<trueHeading>0.000000</trueHeading>
<magneticHeading>0.000000</magneticHeading>
<gpsHeading>348.425018</gpsHeading>
<haccuracy>10.750000</haccuracy>
<vaccuracy>10.750000</vaccuracy>
<internetconnect>0</internetconnect>
</trkpt>
<trkpt lat="35.885190" lon="139.023877">
<ele>1172.000000</ele>
<time>2026-05-30T04:21:50Z</time>
<speed>0.570000</speed>
<trueHeading>0.000000</trueHeading>
<magneticHeading>0.000000</magneticHeading>
<gpsHeading>276.838623</gpsHeading>
<haccuracy>11.386000</haccuracy>
<vaccuracy>11.386000</vaccuracy>
<internetconnect>0</internetconnect>
</trkpt>
<trkpt lat="35.885340" lon="139.023829">
<ele>1171.666667</ele>
<time>2026-05-30T04:23:55Z</time>
<speed>0.000000</speed>
<trueHeading>0.000000</trueHeading>
<magneticHeading>0.000000</magneticHeading>
<gpsHeading>345.206024</gpsHeading>
<haccuracy>11.028000</haccuracy>
<vaccuracy>11.028000</vaccuracy>
<internetconnect>0</internetconnect>
</trkpt>
<trkpt lat="35.885380" lon="139.023799">
<ele>1172.000000</ele>
<time>2026-05-30T04:26:35Z</time>
<speed>0.000000</speed>
<trueHeading>0.000000</trueHeading>
<magneticHeading>0.000000</magneticHeading>
<gpsHeading>329.368530</gpsHeading>
<haccuracy>11.058000</haccuracy>
<vaccuracy>11.058000</vaccuracy>
<internetconnect>0</internetconnect>
</trkpt>
<trkpt lat="35.885608" lon="139.023623">
<ele>1167.666667</ele>
<time>2026-05-30T04:28:54Z</time>
<speed>0.000000</speed>
<trueHeading>0.000000</trueHeading>
<magneticHeading>0.000000</magneticHeading>
<gpsHeading>327.921143</gpsHeading>
<haccuracy>11.393000</haccuracy>
<vaccuracy>11.393000</vaccuracy>
<internetconnect>0</internetconnect>
</trkpt>
<trkpt lat="35.885543" lon="139.023481">
<ele>1164.333333</ele>
<time>2026-05-30T04:31:00Z</time>
<speed>0.000000</speed>
<trueHeading>0.000000</trueHeading>
<magneticHeading>0.000000</magneticHeading>
<gpsHeading>240.482193</gpsHeading>
<haccuracy>11.668000</haccuracy>
<vaccuracy>11.668000</vaccuracy>
<internetconnect>0</internetconnect>
</trkpt>
<trkpt lat="35.885609" lon="139.023494">
<ele>1161.000000</ele>
<time>2026-05-30T04:33:11Z</time>
<speed>0.000000</speed>
<trueHeading>0.000000</trueHeading>
<magneticHeading>0.000000</magneticHeading>
<gpsHeading>8.552865</gpsHeading>
<haccuracy>10.868000</haccuracy>
<vaccuracy>10.868000</vaccuracy>
<internetconnect>0</internetconnect>
</trkpt>
<trkpt lat="35.885687" lon="139.023415">
<ele>1157.666667</ele>
<time>2026-05-30T04:35:14Z</time>
<speed>0.610000</speed>
<trueHeading>0.000000</trueHeading>
<magneticHeading>0.000000</magneticHeading>
<gpsHeading>320.734741</gpsHeading>
<haccuracy>10.733000</haccuracy>
<vaccuracy>10.733000</vaccuracy>
<internetconnect>0</internetconnect>
</trkpt>
<trkpt lat="35.885820" lon="139.023299">
<ele>1154.666667</ele>
<time>2026-05-30T04:37:20Z</time>
<speed>0.219661</speed>
<trueHeading>0.000000</trueHeading>
<magneticHeading>0.000000</magneticHeading>
<gpsHeading>324.628754</gpsHeading>
<haccuracy>5.796000</haccuracy>
<vaccuracy>5.796000</vaccuracy>
<internetconnect>0</internetconnect>
</trkpt>
<trkpt lat="35.885978" lon="139.023373">
<ele>1153.000000</ele>
<time>2026-05-30T04:39:32Z</time>
<speed>0.810000</speed>
<trueHeading>0.000000</trueHeading>
<magneticHeading>0.000000</magneticHeading>
<gpsHeading>20.745100</gpsHeading>
<haccuracy>10.525000</haccuracy>
<vaccuracy>10.525000</vaccuracy>
<internetconnect>0</internetconnect>
</trkpt>
<trkpt lat="35.885987" lon="139.023377">
<ele>1152.333333</ele>
<time>2026-05-30T04:41:36Z</time>
<speed>0.000000</speed>
<trueHeading>0.000000</trueHeading>
<magneticHeading>0.000000</magneticHeading>
<gpsHeading>18.862440</gpsHeading>
<haccuracy>3.308000</haccuracy>
<vaccuracy>3.308000</vaccuracy>
<internetconnect>0</internetconnect>
</trkpt>
<trkpt lat="35.886234" lon="139.023417">
<ele>1150.000000</ele>
<time>2026-05-30T04:43:42Z</time>
<speed>0.170000</speed>
<trueHeading>0.000000</trueHeading>
<magneticHeading>0.000000</magneticHeading>
<gpsHeading>7.466309</gpsHeading>
<haccuracy>10.555000</haccuracy>
<vaccuracy>10.555000</vaccuracy>
<internetconnect>0</internetconnect>
</trkpt>
<trkpt lat="35.886194" lon="139.023334">
<ele>1148.666667</ele>
<time>2026-05-30T04:48:52Z</time>
<speed>0.210000</speed>
<trueHeading>0.000000</trueHeading>
<magneticHeading>0.000000</magneticHeading>
<gpsHeading>238.506241</gpsHeading>
<haccuracy>12.565000</haccuracy>
<vaccuracy>12.565000</vaccuracy>
<internetconnect>0</internetconnect>
</trkpt>
<trkpt lat="35.886147" lon="139.023456">
<ele>1149.000000</ele>
<time>2026-05-30T04:51:26Z</time>
<speed>0.257155</speed>
<trueHeading>0.000000</trueHeading>
<magneticHeading>0.000000</magneticHeading>
<gpsHeading>115.351028</gpsHeading>
<haccuracy>4.331000</haccuracy>
<vaccuracy>4.331000</vaccuracy>
<internetconnect>0</internetconnect>
</trkpt>
<trkpt lat="35.886152" lon="139.023456">
<ele>1150.000000</ele>
<time>2026-05-30T04:53:48Z</time>
<speed>0.540000</speed>
<trueHeading>0.000000</trueHeading>
<magneticHeading>0.000000</magneticHeading>
<gpsHeading>0.000000</gpsHeading>
<haccuracy>5.803000</haccuracy>
<vaccuracy>5.803000</vaccuracy>
<internetconnect>0</internetconnect>
</trkpt>
<trkpt lat="35.886383" lon="139.023599">
<ele>1155.000000</ele>
<time>2026-05-30T04:56:08Z</time>
<speed>0.180013</speed>
<trueHeading>0.000000</trueHeading>
<magneticHeading>0.000000</magneticHeading>
<gpsHeading>26.765770</gpsHeading>
<haccuracy>3.060000</haccuracy>
<vaccuracy>3.060000</vaccuracy>
<internetconnect>0</internetconnect>
</trkpt>
<trkpt lat="35.886488" lon="139.024005">
<ele>1160.000000</ele>
<time>2026-05-30T04:57:57Z</time>
<speed>0.000000</speed>
<trueHeading>0.000000</trueHeading>
<magneticHeading>0.000000</magneticHeading>
<gpsHeading>72.196655</gpsHeading>
<haccuracy>12.448000</haccuracy>
<vaccuracy>12.448000</vaccuracy>
<internetconnect>0</internetconnect>
</trkpt>
<trkpt lat="35.886550" lon="139.024055">
<ele>1169.000000</ele>
<time>2026-05-30T05:00:41Z</time>
<speed>0.180000</speed>
<trueHeading>0.000000</trueHeading>
<magneticHeading>0.000000</magneticHeading>
<gpsHeading>33.548874</gpsHeading>
<haccuracy>9.153000</haccuracy>
<vaccuracy>9.153000</vaccuracy>
<internetconnect>0</internetconnect>
</trkpt>
<trkpt lat="35.886793" lon="139.024307">
<ele>1175.666667</ele>
<time>2026-05-30T05:02:15Z</time>
<speed>0.220000</speed>
<trueHeading>0.000000</trueHeading>
<magneticHeading>0.000000</magneticHeading>
<gpsHeading>39.956070</gpsHeading>
<haccuracy>13.669000</haccuracy>
<vaccuracy>13.669000</vaccuracy>
<internetconnect>0</internetconnect>
</trkpt>
<trkpt lat="35.886911" lon="139.024505">
<ele>1184.000000</ele>
<time>2026-05-30T05:04:17Z</time>
<speed>0.000000</speed>
<trueHeading>0.000000</trueHeading>
<magneticHeading>0.000000</magneticHeading>
<gpsHeading>53.722878</gpsHeading>
<haccuracy>11.674000</haccuracy>
<vaccuracy>11.674000</vaccuracy>
<internetconnect>0</internetconnect>
</trkpt>
<trkpt lat="35.887022" lon="139.024780">
<ele>1192.666667</ele>
<time>2026-05-30T05:06:22Z</time>
<speed>0.216463</speed>
<trueHeading>0.000000</trueHeading>
<magneticHeading>0.000000</magneticHeading>
<gpsHeading>63.418633</gpsHeading>
<haccuracy>5.984000</haccuracy>
<vaccuracy>5.984000</vaccuracy>
<internetconnect>0</internetconnect>
</trkpt>
<trkpt lat="35.887032" lon="139.025138">
<ele>1201.333333</ele>
<time>2026-05-30T05:08:18Z</time>
<speed>0.066717</speed>
<trueHeading>0.000000</trueHeading>
<magneticHeading>0.000000</magneticHeading>
<gpsHeading>88.082405</gpsHeading>
<haccuracy>4.726000</haccuracy>
<vaccuracy>4.726000</vaccuracy>
<internetconnect>0</internetconnect>
</trkpt>
<trkpt lat="35.887143" lon="139.025479">
<ele>1211.333333</ele>
<time>2026-05-30T05:09:51Z</time>
<speed>1.500000</speed>
<trueHeading>0.000000</trueHeading>
<magneticHeading>0.000000</magneticHeading>
<gpsHeading>68.164215</gpsHeading>
<haccuracy>11.956000</haccuracy>
<vaccuracy>11.956000</vaccuracy>
<internetconnect>0</internetconnect>
</trkpt>
<trkpt lat="35.887234" lon="139.025803">
<ele>1218.000000</ele>
<time>2026-05-30T05:11:35Z</time>
<speed>0.180000</speed>
<trueHeading>0.000000</trueHeading>
<magneticHeading>0.000000</magneticHeading>
<gpsHeading>70.868416</gpsHeading>
<haccuracy>11.753000</haccuracy>
<vaccuracy>11.753000</vaccuracy>
<internetconnect>0</internetconnect>
</trkpt>
<trkpt lat="35.887288" lon="139.025942">
<ele>1220.333333</ele>
<time>2026-05-30T05:14:07Z</time>
<speed>0.000000</speed>
<trueHeading>0.000000</trueHeading>
<magneticHeading>0.000000</magneticHeading>
<gpsHeading>64.331108</gpsHeading>
<haccuracy>6.475000</haccuracy>
<vaccuracy>6.475000</vaccuracy>
<internetconnect>0</internetconnect>
</trkpt>
<trkpt lat="35.887228" lon="139.025778">
<ele>1219.666667</ele>
<time>2026-05-30T05:16:12Z</time>
<speed>0.480000</speed>
<trueHeading>0.000000</trueHeading>
<magneticHeading>0.000000</magneticHeading>
<gpsHeading>245.759216</gpsHeading>
<haccuracy>11.877000</haccuracy>
<vaccuracy>11.877000</vaccuracy>
<internetconnect>0</internetconnect>
</trkpt>
<trkpt lat="35.887242" lon="139.025772">
<ele>1218.000000</ele>
<time>2026-05-30T05:22:03Z</time>
<speed>0.340000</speed>
<trueHeading>0.000000</trueHeading>
<magneticHeading>0.000000</magneticHeading>
<gpsHeading>340.675690</gpsHeading>
<haccuracy>10.297000</haccuracy>
<vaccuracy>10.297000</vaccuracy>
<internetconnect>0</internetconnect>
</trkpt>
<trkpt lat="35.887229" lon="139.025781">
<ele>1218.333333</ele>
<time>2026-05-30T05:24:18Z</time>
<speed>0.270000</speed>
<trueHeading>0.000000</trueHeading>
<magneticHeading>0.000000</magneticHeading>
<gpsHeading>151.717377</gpsHeading>
<haccuracy>12.457000</haccuracy>
<vaccuracy>12.457000</vaccuracy>
<internetconnect>0</internetconnect>
</trkpt>
<trkpt lat="35.887252" lon="139.025754">
<ele>1218.666667</ele>
<time>2026-05-30T05:26:48Z</time>
<speed>0.134231</speed>
<trueHeading>0.000000</trueHeading>
<magneticHeading>0.000000</magneticHeading>
<gpsHeading>316.454895</gpsHeading>
<haccuracy>5.908000</haccuracy>
<vaccuracy>5.908000</vaccuracy>
<internetconnect>0</internetconnect>
</trkpt>
<trkpt lat="35.887250" lon="139.025765">
<ele>1219.000000</ele>
<time>2026-05-30T05:29:37Z</time>
<speed>0.134591</speed>
<trueHeading>0.000000</trueHeading>
<magneticHeading>0.000000</magneticHeading>
<gpsHeading>103.512383</gpsHeading>
<haccuracy>5.629000</haccuracy>
<vaccuracy>5.629000</vaccuracy>
<internetconnect>0</internetconnect>
</trkpt>
<trkpt lat="35.887251" lon="139.025768">
<ele>1219.000000</ele>
<time>2026-05-30T05:31:39Z</time>
<speed>0.212298</speed>
<trueHeading>0.000000</trueHeading>
<magneticHeading>0.000000</magneticHeading>
<gpsHeading>63.723423</gpsHeading>
<haccuracy>7.138000</haccuracy>
<vaccuracy>7.138000</vaccuracy>
<internetconnect>0</internetconnect>
</trkpt>
<trkpt lat="35.887254" lon="139.025771">
<ele>1219.000000</ele>
<time>2026-05-30T05:34:11Z</time>
<speed>0.294799</speed>
<trueHeading>0.000000</trueHeading>
<magneticHeading>0.000000</magneticHeading>
<gpsHeading>39.013428</gpsHeading>
<haccuracy>8.855000</haccuracy>
<vaccuracy>8.855000</vaccuracy>
<internetconnect>0</internetconnect>
</trkpt>
<trkpt lat="35.887264" lon="139.025759">
<ele>1218.666667</ele>
<time>2026-05-30T05:36:28Z</time>
<speed>0.105099</speed>
<trueHeading>0.000000</trueHeading>
<magneticHeading>0.000000</magneticHeading>
<gpsHeading>314.868134</gpsHeading>
<haccuracy>5.170000</haccuracy>
<vaccuracy>5.170000</vaccuracy>
<internetconnect>0</internetconnect>
</trkpt>
<trkpt lat="35.887232" lon="139.025784">
<ele>1222.666667</ele>
<time>2026-05-30T05:38:34Z</time>
<speed>1.750000</speed>
<trueHeading>0.000000</trueHeading>
<magneticHeading>0.000000</magneticHeading>
<gpsHeading>147.818420</gpsHeading>
<haccuracy>11.570000</haccuracy>
<vaccuracy>11.570000</vaccuracy>
<internetconnect>0</internetconnect>
</trkpt>
<trkpt lat="35.886933" lon="139.025759">
<ele>1225.333333</ele>
<time>2026-05-30T05:39:45Z</time>
<speed>0.860000</speed>
<trueHeading>0.000000</trueHeading>
<magneticHeading>0.000000</magneticHeading>
<gpsHeading>183.778793</gpsHeading>
<haccuracy>8.481000</haccuracy>
<vaccuracy>8.481000</vaccuracy>
<internetconnect>0</internetconnect>
</trkpt>
<trkpt lat="35.887102" lon="139.025831">
<ele>1232.666667</ele>
<time>2026-05-30T05:41:51Z</time>
<speed>0.870000</speed>
<trueHeading>0.000000</trueHeading>
<magneticHeading>0.000000</magneticHeading>
<gpsHeading>18.895395</gpsHeading>
<haccuracy>8.736000</haccuracy>
<vaccuracy>8.736000</vaccuracy>
<internetconnect>0</internetconnect>
</trkpt>
<trkpt lat="35.886928" lon="139.025993">
<ele>1244.333333</ele>
<time>2026-05-30T05:43:55Z</time>
<speed>0.000000</speed>
<trueHeading>0.000000</trueHeading>
<magneticHeading>0.000000</magneticHeading>
<gpsHeading>142.941055</gpsHeading>
<haccuracy>10.817000</haccuracy>
<vaccuracy>10.817000</vaccuracy>
<internetconnect>0</internetconnect>
</trkpt>
<trkpt lat="35.886668" lon="139.026127">
<ele>1257.333333</ele>
<time>2026-05-30T05:45:54Z</time>
<speed>0.000000</speed>
<trueHeading>0.000000</trueHeading>
<magneticHeading>0.000000</magneticHeading>
<gpsHeading>157.330002</gpsHeading>
<haccuracy>10.975000</haccuracy>
<vaccuracy>10.975000</vaccuracy>
<internetconnect>0</internetconnect>
</trkpt>
<trkpt lat="35.886483" lon="139.025826">
<ele>1266.000000</ele>
<time>2026-05-30T05:46:44Z</time>
<speed>0.000000</speed>
<trueHeading>0.000000</trueHeading>
<magneticHeading>0.000000</magneticHeading>
<gpsHeading>232.825745</gpsHeading>
<haccuracy>10.752000</haccuracy>
<vaccuracy>10.752000</vaccuracy>
<internetconnect>0</internetconnect>
</trkpt>
<trkpt lat="35.886548" lon="139.025839">
<ele>1267.666667</ele>
<time>2026-05-30T05:48:49Z</time>
<speed>0.300000</speed>
<trueHeading>0.000000</trueHeading>
<magneticHeading>0.000000</magneticHeading>
<gpsHeading>8.712416</gpsHeading>
<haccuracy>12.460000</haccuracy>
<vaccuracy>12.460000</vaccuracy>
<internetconnect>0</internetconnect>
</trkpt>
<trkpt lat="35.886501" lon="139.025924">
<ele>1272.666667</ele>
<time>2026-05-30T05:50:52Z</time>
<speed>1.050000</speed>
<trueHeading>0.000000</trueHeading>
<magneticHeading>0.000000</magneticHeading>
<gpsHeading>123.960831</gpsHeading>
<haccuracy>11.044000</haccuracy>
<vaccuracy>11.044000</vaccuracy>
<internetconnect>0</internetconnect>
</trkpt>
<trkpt lat="35.886425" lon="139.025965">
<ele>1278.666667</ele>
<time>2026-05-30T05:53:13Z</time>
<speed>0.340000</speed>
<trueHeading>0.000000</trueHeading>
<magneticHeading>0.000000</magneticHeading>
<gpsHeading>156.265366</gpsHeading>
<haccuracy>11.533000</haccuracy>
<vaccuracy>11.533000</vaccuracy>
<internetconnect>0</internetconnect>
</trkpt>
<trkpt lat="35.886398" lon="139.025912">
<ele>1284.333333</ele>
<time>2026-05-30T05:55:16Z</time>
<speed>0.000000</speed>
<trueHeading>0.000000</trueHeading>
<magneticHeading>0.000000</magneticHeading>
<gpsHeading>238.174347</gpsHeading>
<haccuracy>11.784000</haccuracy>
<vaccuracy>11.784000</vaccuracy>
<internetconnect>0</internetconnect>
</trkpt>
<trkpt lat="35.886407" lon="139.025983">
<ele>1286.000000</ele>
<time>2026-05-30T05:57:18Z</time>
<speed>0.000000</speed>
<trueHeading>0.000000</trueHeading>
<magneticHeading>0.000000</magneticHeading>
<gpsHeading>81.594376</gpsHeading>
<haccuracy>12.297000</haccuracy>
<vaccuracy>12.297000</vaccuracy>
<internetconnect>0</internetconnect>
</trkpt>
<trkpt lat="35.886474" lon="139.026145">
<ele>1292.666667</ele>
<time>2026-05-30T05:59:20Z</time>
<speed>0.000000</speed>
<trueHeading>0.000000</trueHeading>
<magneticHeading>0.000000</magneticHeading>
<gpsHeading>62.682713</gpsHeading>
<haccuracy>13.122000</haccuracy>
<vaccuracy>13.122000</vaccuracy>
<internetconnect>0</internetconnect>
</trkpt>
<trkpt lat="35.886284" lon="139.026246">
<ele>1305.666667</ele>
<time>2026-05-30T06:01:22Z</time>
<speed>0.240000</speed>
<trueHeading>0.000000</trueHeading>
<magneticHeading>0.000000</magneticHeading>
<gpsHeading>156.615875</gpsHeading>
<haccuracy>11.716000</haccuracy>
<vaccuracy>11.716000</vaccuracy>
<internetconnect>0</internetconnect>
</trkpt>
<trkpt lat="35.886048" lon="139.026208">
<ele>1321.333333</ele>
<time>2026-05-30T06:03:27Z</time>
<speed>0.355751</speed>
<trueHeading>0.000000</trueHeading>
<magneticHeading>0.000000</magneticHeading>
<gpsHeading>187.458618</gpsHeading>
<haccuracy>5.283000</haccuracy>
<vaccuracy>5.283000</vaccuracy>
<internetconnect>0</internetconnect>
</trkpt>
<trkpt lat="35.886011" lon="139.026455">
<ele>1337.333333</ele>
<time>2026-05-30T06:05:31Z</time>
<speed>0.610000</speed>
<trueHeading>0.000000</trueHeading>
<magneticHeading>0.000000</magneticHeading>
<gpsHeading>100.383995</gpsHeading>
<haccuracy>10.348000</haccuracy>
<vaccuracy>10.348000</vaccuracy>
<internetconnect>0</internetconnect>
</trkpt>
<trkpt lat="35.885967" lon="139.026825">
<ele>1348.333333</ele>
<time>2026-05-30T06:07:07Z</time>
<speed>0.922187</speed>
<trueHeading>0.000000</trueHeading>
<magneticHeading>0.000000</magneticHeading>
<gpsHeading>98.375648</gpsHeading>
<haccuracy>7.464000</haccuracy>
<vaccuracy>7.464000</vaccuracy>
<internetconnect>0</internetconnect>
</trkpt>
<trkpt lat="35.885772" lon="139.027064">
<ele>1360.333333</ele>
<time>2026-05-30T06:09:16Z</time>
<speed>0.570741</speed>
<trueHeading>0.000000</trueHeading>
<magneticHeading>0.000000</magneticHeading>
<gpsHeading>135.221390</gpsHeading>
<haccuracy>7.270000</haccuracy>
<vaccuracy>7.270000</vaccuracy>
<internetconnect>0</internetconnect>
</trkpt>
<trkpt lat="35.885925" lon="139.027358">
<ele>1371.000000</ele>
<time>2026-05-30T06:10:31Z</time>
<speed>0.391528</speed>
<trueHeading>0.000000</trueHeading>
<magneticHeading>0.000000</magneticHeading>
<gpsHeading>57.218773</gpsHeading>
<haccuracy>3.000000</haccuracy>
<vaccuracy>3.000000</vaccuracy>
<internetconnect>0</internetconnect>
</trkpt>
<trkpt lat="35.886016" lon="139.027705">
<ele>1383.333333</ele>
<time>2026-05-30T06:11:38Z</time>
<speed>0.457985</speed>
<trueHeading>0.000000</trueHeading>
<magneticHeading>0.000000</magneticHeading>
<gpsHeading>72.210785</gpsHeading>
<haccuracy>6.115000</haccuracy>
<vaccuracy>6.115000</vaccuracy>
<internetconnect>0</internetconnect>
</trkpt>
<trkpt lat="35.886096" lon="139.028057">
<ele>1396.666667</ele>
<time>2026-05-30T06:13:16Z</time>
<speed>0.405253</speed>
<trueHeading>0.000000</trueHeading>
<magneticHeading>0.000000</magneticHeading>
<gpsHeading>74.336906</gpsHeading>
<haccuracy>6.145000</haccuracy>
<vaccuracy>6.145000</vaccuracy>
<internetconnect>0</internetconnect>
</trkpt>
<trkpt lat="35.886243" lon="139.028385">
<ele>1410.333333</ele>
<time>2026-05-30T06:14:07Z</time>
<speed>0.360693</speed>
<trueHeading>0.000000</trueHeading>
<magneticHeading>0.000000</magneticHeading>
<gpsHeading>61.029343</gpsHeading>
<haccuracy>4.724000</haccuracy>
<vaccuracy>4.724000</vaccuracy>
<internetconnect>0</internetconnect>
</trkpt>
<trkpt lat="35.886292" lon="139.028739">
<ele>1425.333333</ele>
<time>2026-05-30T06:15:49Z</time>
<speed>0.345389</speed>
<trueHeading>0.000000</trueHeading>
<magneticHeading>0.000000</magneticHeading>
<gpsHeading>80.215843</gpsHeading>
<haccuracy>4.537000</haccuracy>
<vaccuracy>4.537000</vaccuracy>
<internetconnect>0</internetconnect>
</trkpt>
<trkpt lat="35.886273" lon="139.029164">
<ele>1438.333333</ele>
<time>2026-05-30T06:16:39Z</time>
<speed>0.365153</speed>
<trueHeading>0.000000</trueHeading>
<magneticHeading>0.000000</magneticHeading>
<gpsHeading>93.108612</gpsHeading>
<haccuracy>4.256000</haccuracy>
<vaccuracy>4.256000</vaccuracy>
<internetconnect>0</internetconnect>
</trkpt>
<trkpt lat="35.886448" lon="139.029466">
<ele>1449.666667</ele>
<time>2026-05-30T06:17:32Z</time>
<speed>0.458487</speed>
<trueHeading>0.000000</trueHeading>
<magneticHeading>0.000000</magneticHeading>
<gpsHeading>54.499008</gpsHeading>
<haccuracy>4.445000</haccuracy>
<vaccuracy>4.445000</vaccuracy>
<internetconnect>0</internetconnect>
</trkpt>
<trkpt lat="35.886609" lon="139.029787">
<ele>1459.333333</ele>
<time>2026-05-30T06:18:24Z</time>
<speed>0.272255</speed>
<trueHeading>0.000000</trueHeading>
<magneticHeading>0.000000</magneticHeading>
<gpsHeading>58.223618</gpsHeading>
<haccuracy>4.074000</haccuracy>
<vaccuracy>4.074000</vaccuracy>
<internetconnect>0</internetconnect>
</trkpt>
<trkpt lat="35.886712" lon="139.030215">
<ele>1469.333333</ele>
<time>2026-05-30T06:19:14Z</time>
<speed>0.310434</speed>
<trueHeading>0.000000</trueHeading>
<magneticHeading>0.000000</magneticHeading>
<gpsHeading>73.409958</gpsHeading>
<haccuracy>4.674000</haccuracy>
<vaccuracy>4.674000</vaccuracy>
<internetconnect>0</internetconnect>
</trkpt>
<trkpt lat="35.886961" lon="139.030390">
<ele>1477.666667</ele>
<time>2026-05-30T06:20:21Z</time>
<speed>0.473471</speed>
<trueHeading>0.000000</trueHeading>
<magneticHeading>0.000000</magneticHeading>
<gpsHeading>29.581135</gpsHeading>
<haccuracy>4.641000</haccuracy>
<vaccuracy>4.641000</vaccuracy>
<internetconnect>0</internetconnect>
</trkpt>
<trkpt lat="35.887141" lon="139.030654">
<ele>1485.000000</ele>
<time>2026-05-30T06:21:12Z</time>
<speed>0.237703</speed>
<trueHeading>0.000000</trueHeading>
<magneticHeading>0.000000</magneticHeading>
<gpsHeading>49.895649</gpsHeading>
<haccuracy>4.888000</haccuracy>
<vaccuracy>4.888000</vaccuracy>
<internetconnect>0</internetconnect>
</trkpt>
<trkpt lat="35.887256" lon="139.031208">
<ele>1493.666667</ele>
<time>2026-05-30T06:22:01Z</time>
<speed>0.635159</speed>
<trueHeading>0.000000</trueHeading>
<magneticHeading>0.000000</magneticHeading>
<gpsHeading>75.659897</gpsHeading>
<haccuracy>5.525000</haccuracy>
<vaccuracy>5.525000</vaccuracy>
<internetconnect>0</internetconnect>
</trkpt>
<trkpt lat="35.887440" lon="139.031492">
<ele>1505.666667</ele>
<time>2026-05-30T06:22:58Z</time>
<speed>0.281030</speed>
<trueHeading>0.000000</trueHeading>
<magneticHeading>0.000000</magneticHeading>
<gpsHeading>51.419735</gpsHeading>
<haccuracy>4.159000</haccuracy>
<vaccuracy>4.159000</vaccuracy>
<internetconnect>0</internetconnect>
</trkpt>
<trkpt lat="35.887663" lon="139.031721">
<ele>1519.333333</ele>
<time>2026-05-30T06:24:19Z</time>
<speed>0.356796</speed>
<trueHeading>0.000000</trueHeading>
<magneticHeading>0.000000</magneticHeading>
<gpsHeading>39.708874</gpsHeading>
<haccuracy>4.850000</haccuracy>
<vaccuracy>4.850000</vaccuracy>
<internetconnect>0</internetconnect>
</trkpt>
<trkpt lat="35.887893" lon="139.031934">
<ele>1533.666667</ele>
<time>2026-05-30T06:25:14Z</time>
<speed>0.288068</speed>
<trueHeading>0.000000</trueHeading>
<magneticHeading>0.000000</magneticHeading>
<gpsHeading>36.891354</gpsHeading>
<haccuracy>4.769000</haccuracy>
<vaccuracy>4.769000</vaccuracy>
<internetconnect>0</internetconnect>
</trkpt>
<trkpt lat="35.888094" lon="139.032114">
<ele>1548.666667</ele>
<time>2026-05-30T06:27:17Z</time>
<speed>0.853367</speed>
<trueHeading>0.000000</trueHeading>
<magneticHeading>0.000000</magneticHeading>
<gpsHeading>35.901085</gpsHeading>
<haccuracy>3.672000</haccuracy>
<vaccuracy>3.672000</vaccuracy>
<internetconnect>0</internetconnect>
</trkpt>
<trkpt lat="35.888183" lon="139.032454">
<ele>1566.333333</ele>
<time>2026-05-30T06:28:32Z</time>
<speed>0.448461</speed>
<trueHeading>0.000000</trueHeading>
<magneticHeading>0.000000</magneticHeading>
<gpsHeading>72.150810</gpsHeading>
<haccuracy>4.569000</haccuracy>
<vaccuracy>4.569000</vaccuracy>
<internetconnect>0</internetconnect>
</trkpt>
<trkpt lat="35.888408" lon="139.032680">
<ele>1583.000000</ele>
<time>2026-05-30T06:29:38Z</time>
<speed>0.282696</speed>
<trueHeading>0.000000</trueHeading>
<magneticHeading>0.000000</magneticHeading>
<gpsHeading>39.124729</gpsHeading>
<haccuracy>3.196000</haccuracy>
<vaccuracy>3.196000</vaccuracy>
<internetconnect>0</internetconnect>
</trkpt>
<trkpt lat="35.888523" lon="139.032994">
<ele>1595.000000</ele>
<time>2026-05-30T06:31:11Z</time>
<speed>0.149963</speed>
<trueHeading>0.000000</trueHeading>
<magneticHeading>0.000000</magneticHeading>
<gpsHeading>65.721588</gpsHeading>
<haccuracy>3.585000</haccuracy>
<vaccuracy>3.585000</vaccuracy>
<internetconnect>0</internetconnect>
</trkpt>
<trkpt lat="35.888705" lon="139.033315">
<ele>1600.000000</ele>
<time>2026-05-30T06:32:22Z</time>
<speed>0.684953</speed>
<trueHeading>0.000000</trueHeading>
<magneticHeading>0.000000</magneticHeading>
<gpsHeading>55.033001</gpsHeading>
<haccuracy>5.584000</haccuracy>
<vaccuracy>5.584000</vaccuracy>
<internetconnect>0</internetconnect>
</trkpt>
<trkpt lat="35.888855" lon="139.033952">
<ele>1601.666667</ele>
<time>2026-05-30T06:33:11Z</time>
<speed>1.128078</speed>
<trueHeading>0.000000</trueHeading>
<magneticHeading>0.000000</magneticHeading>
<gpsHeading>73.826172</gpsHeading>
<haccuracy>6.200000</haccuracy>
<vaccuracy>6.200000</vaccuracy>
<internetconnect>0</internetconnect>
</trkpt>
<trkpt lat="35.889047" lon="139.034405">
<ele>1605.666667</ele>
<time>2026-05-30T06:33:59Z</time>
<speed>0.249323</speed>
<trueHeading>0.000000</trueHeading>
<magneticHeading>0.000000</magneticHeading>
<gpsHeading>62.308170</gpsHeading>
<haccuracy>4.847000</haccuracy>
<vaccuracy>4.847000</vaccuracy>
<internetconnect>0</internetconnect>
</trkpt>
<trkpt lat="35.889256" lon="139.034663">
<ele>1608.333333</ele>
<time>2026-05-30T06:35:57Z</time>
<speed>0.000000</speed>
<trueHeading>0.000000</trueHeading>
<magneticHeading>0.000000</magneticHeading>
<gpsHeading>45.022243</gpsHeading>
<haccuracy>10.785000</haccuracy>
<vaccuracy>10.785000</vaccuracy>
<internetconnect>0</internetconnect>
</trkpt>
<trkpt lat="35.889315" lon="139.035416">
<ele>1606.333333</ele>
<time>2026-05-30T06:36:44Z</time>
<speed>1.623947</speed>
<trueHeading>0.000000</trueHeading>
<magneticHeading>0.000000</magneticHeading>
<gpsHeading>84.550308</gpsHeading>
<haccuracy>6.981000</haccuracy>
<vaccuracy>6.981000</vaccuracy>
<internetconnect>0</internetconnect>
</trkpt>
<trkpt lat="35.889235" lon="139.036315">
<ele>1597.333333</ele>
<time>2026-05-30T06:37:31Z</time>
<speed>1.598962</speed>
<trueHeading>0.000000</trueHeading>
<magneticHeading>0.000000</magneticHeading>
<gpsHeading>96.261902</gpsHeading>
<haccuracy>6.162000</haccuracy>
<vaccuracy>6.162000</vaccuracy>
<internetconnect>0</internetconnect>
</trkpt>
<trkpt lat="35.888927" lon="139.036988">
<ele>1589.666667</ele>
<time>2026-05-30T06:38:19Z</time>
<speed>1.493276</speed>
<trueHeading>0.000000</trueHeading>
<magneticHeading>0.000000</magneticHeading>
<gpsHeading>119.417747</gpsHeading>
<haccuracy>6.060000</haccuracy>
<vaccuracy>6.060000</vaccuracy>
<internetconnect>0</internetconnect>
</trkpt>
<trkpt lat="35.888675" lon="139.037783">
<ele>1584.000000</ele>
<time>2026-05-30T06:39:05Z</time>
<speed>1.758585</speed>
<trueHeading>0.000000</trueHeading>
<magneticHeading>0.000000</magneticHeading>
<gpsHeading>111.396790</gpsHeading>
<haccuracy>5.747000</haccuracy>
<vaccuracy>5.747000</vaccuracy>
<internetconnect>0</internetconnect>
</trkpt>
<trkpt lat="35.888099" lon="139.038259">
<ele>1580.333333</ele>
<time>2026-05-30T06:39:52Z</time>
<speed>1.627476</speed>
<trueHeading>0.000000</trueHeading>
<magneticHeading>0.000000</magneticHeading>
<gpsHeading>146.173218</gpsHeading>
<haccuracy>6.254000</haccuracy>
<vaccuracy>6.254000</vaccuracy>
<internetconnect>0</internetconnect>
</trkpt>
<trkpt lat="35.887487" lon="139.038422">
<ele>1570.333333</ele>
<time>2026-05-30T06:40:39Z</time>
<speed>1.646107</speed>
<trueHeading>0.000000</trueHeading>
<magneticHeading>0.000000</magneticHeading>
<gpsHeading>167.882904</gpsHeading>
<haccuracy>6.191000</haccuracy>
<vaccuracy>6.191000</vaccuracy>
<internetconnect>0</internetconnect>
</trkpt>
<trkpt lat="35.886842" lon="139.038733">
<ele>1559.000000</ele>
<time>2026-05-30T06:41:27Z</time>
<speed>1.710317</speed>
<trueHeading>0.000000</trueHeading>
<magneticHeading>0.000000</magneticHeading>
<gpsHeading>158.665329</gpsHeading>
<haccuracy>5.745000</haccuracy>
<vaccuracy>5.745000</vaccuracy>
<internetconnect>0</internetconnect>
</trkpt>
<trkpt lat="35.886682" lon="139.039281">
<ele>1547.666667</ele>
<time>2026-05-30T06:42:14Z</time>
<speed>1.612087</speed>
<trueHeading>0.000000</trueHeading>
<magneticHeading>0.000000</magneticHeading>
<gpsHeading>109.810936</gpsHeading>
<haccuracy>6.396000</haccuracy>
<vaccuracy>6.396000</vaccuracy>
<internetconnect>0</internetconnect>
</trkpt>
<trkpt lat="35.886472" lon="139.039852">
<ele>1543.333333</ele>
<time>2026-05-30T06:43:02Z</time>
<speed>0.970668</speed>
<trueHeading>0.000000</trueHeading>
<magneticHeading>0.000000</magneticHeading>
<gpsHeading>114.375336</gpsHeading>
<haccuracy>5.629000</haccuracy>
<vaccuracy>5.629000</vaccuracy>
<internetconnect>0</internetconnect>
</trkpt>
<trkpt lat="35.886106" lon="139.040209">
<ele>1543.333333</ele>
<time>2026-05-30T06:43:48Z</time>
<speed>1.039494</speed>
<trueHeading>0.000000</trueHeading>
<magneticHeading>0.000000</magneticHeading>
<gpsHeading>141.690109</gpsHeading>
<haccuracy>5.987000</haccuracy>
<vaccuracy>5.987000</vaccuracy>
<internetconnect>0</internetconnect>
</trkpt>
<trkpt lat="35.885865" lon="139.040616">
<ele>1544.666667</ele>
<time>2026-05-30T06:44:36Z</time>
<speed>1.191819</speed>
<trueHeading>0.000000</trueHeading>
<magneticHeading>0.000000</magneticHeading>
<gpsHeading>126.254471</gpsHeading>
<haccuracy>5.421000</haccuracy>
<vaccuracy>5.421000</vaccuracy>
<internetconnect>0</internetconnect>
</trkpt>
<trkpt lat="35.886063" lon="139.041116">
<ele>1546.333333</ele>
<time>2026-05-30T06:45:26Z</time>
<speed>1.290704</speed>
<trueHeading>0.000000</trueHeading>
<magneticHeading>0.000000</magneticHeading>
<gpsHeading>63.917240</gpsHeading>
<haccuracy>4.726000</haccuracy>
<vaccuracy>4.726000</vaccuracy>
<internetconnect>0</internetconnect>
</trkpt>
<trkpt lat="35.885940" lon="139.041719">
<ele>1545.333333</ele>
<time>2026-05-30T06:46:14Z</time>
<speed>1.412774</speed>
<trueHeading>0.000000</trueHeading>
<magneticHeading>0.000000</magneticHeading>
<gpsHeading>104.109581</gpsHeading>
<haccuracy>6.661000</haccuracy>
<vaccuracy>6.661000</vaccuracy>
<internetconnect>0</internetconnect>
</trkpt>
<trkpt lat="35.885547" lon="139.042331">
<ele>1546.000000</ele>
<time>2026-05-30T06:47:02Z</time>
<speed>1.511075</speed>
<trueHeading>0.000000</trueHeading>
<magneticHeading>0.000000</magneticHeading>
<gpsHeading>128.458710</gpsHeading>
<haccuracy>5.981000</haccuracy>
<vaccuracy>5.981000</vaccuracy>
<internetconnect>0</internetconnect>
</trkpt>
<trkpt lat="35.885247" lon="139.042850">
<ele>1546.666667</ele>
<time>2026-05-30T06:47:50Z</time>
<speed>1.502783</speed>
<trueHeading>0.000000</trueHeading>
<magneticHeading>0.000000</magneticHeading>
<gpsHeading>125.416824</gpsHeading>
<haccuracy>5.332000</haccuracy>
<vaccuracy>5.332000</vaccuracy>
<internetconnect>0</internetconnect>
</trkpt>
<trkpt lat="35.884806" lon="139.043049">
<ele>1551.666667</ele>
<time>2026-05-30T06:48:38Z</time>
<speed>1.175125</speed>
<trueHeading>0.000000</trueHeading>
<magneticHeading>0.000000</magneticHeading>
<gpsHeading>159.973862</gpsHeading>
<haccuracy>6.082000</haccuracy>
<vaccuracy>6.082000</vaccuracy>
<internetconnect>0</internetconnect>
</trkpt>
<trkpt lat="35.884483" lon="139.043503">
<ele>1554.000000</ele>
<time>2026-05-30T06:49:25Z</time>
<speed>0.718939</speed>
<trueHeading>0.000000</trueHeading>
<magneticHeading>0.000000</magneticHeading>
<gpsHeading>131.234283</gpsHeading>
<haccuracy>5.138000</haccuracy>
<vaccuracy>5.138000</vaccuracy>
<internetconnect>0</internetconnect>
</trkpt>
<trkpt lat="35.883979" lon="139.043635">
<ele>1558.000000</ele>
<time>2026-05-30T06:50:15Z</time>
<speed>1.186984</speed>
<trueHeading>0.000000</trueHeading>
<magneticHeading>0.000000</magneticHeading>
<gpsHeading>167.997513</gpsHeading>
<haccuracy>5.347000</haccuracy>
<vaccuracy>5.347000</vaccuracy>
<internetconnect>0</internetconnect>
</trkpt>
<trkpt lat="35.883642" lon="139.043977">
<ele>1560.000000</ele>
<time>2026-05-30T06:51:05Z</time>
<speed>0.934322</speed>
<trueHeading>0.000000</trueHeading>
<magneticHeading>0.000000</magneticHeading>
<gpsHeading>140.613770</gpsHeading>
<haccuracy>5.549000</haccuracy>
<vaccuracy>5.549000</vaccuracy>
<internetconnect>0</internetconnect>
</trkpt>
<trkpt lat="35.883336" lon="139.044387">
<ele>1563.666667</ele>
<time>2026-05-30T06:51:51Z</time>
<speed>1.591916</speed>
<trueHeading>0.000000</trueHeading>
<magneticHeading>0.000000</magneticHeading>
<gpsHeading>132.657166</gpsHeading>
<haccuracy>5.430000</haccuracy>
<vaccuracy>5.430000</vaccuracy>
<internetconnect>0</internetconnect>
</trkpt>
<trkpt lat="35.883264" lon="139.045157">
<ele>1564.000000</ele>
<time>2026-05-30T06:52:40Z</time>
<speed>1.709677</speed>
<trueHeading>0.000000</trueHeading>
<magneticHeading>0.000000</magneticHeading>
<gpsHeading>96.599800</gpsHeading>
<haccuracy>6.233000</haccuracy>
<vaccuracy>6.233000</vaccuracy>
<internetconnect>0</internetconnect>
</trkpt>
<trkpt lat="35.882895" lon="139.045791">
<ele>1564.666667</ele>
<time>2026-05-30T06:53:28Z</time>
<speed>1.635531</speed>
<trueHeading>0.000000</trueHeading>
<magneticHeading>0.000000</magneticHeading>
<gpsHeading>125.667671</gpsHeading>
<haccuracy>5.395000</haccuracy>
<vaccuracy>5.395000</vaccuracy>
<internetconnect>0</internetconnect>
</trkpt>
<trkpt lat="35.882456" lon="139.046187">
<ele>1564.000000</ele>
<time>2026-05-30T06:54:16Z</time>
<speed>1.577922</speed>
<trueHeading>0.000000</trueHeading>
<magneticHeading>0.000000</magneticHeading>
<gpsHeading>143.803375</gpsHeading>
<haccuracy>5.101000</haccuracy>
<vaccuracy>5.101000</vaccuracy>
<internetconnect>0</internetconnect>
</trkpt>
<trkpt lat="35.881982" lon="139.046583">
<ele>1563.333333</ele>
<time>2026-05-30T06:55:06Z</time>
<speed>0.950416</speed>
<trueHeading>0.000000</trueHeading>
<magneticHeading>0.000000</magneticHeading>
<gpsHeading>145.963242</gpsHeading>
<haccuracy>5.382000</haccuracy>
<vaccuracy>5.382000</vaccuracy>
<internetconnect>0</internetconnect>
</trkpt>
<trkpt lat="35.881359" lon="139.047042">
<ele>1562.000000</ele>
<time>2026-05-30T06:55:55Z</time>
<speed>1.697362</speed>
<trueHeading>0.000000</trueHeading>
<magneticHeading>0.000000</magneticHeading>
<gpsHeading>149.133987</gpsHeading>
<haccuracy>5.475000</haccuracy>
<vaccuracy>5.475000</vaccuracy>
<internetconnect>0</internetconnect>
</trkpt>
<trkpt lat="35.881245" lon="139.047670">
<ele>1557.000000</ele>
<time>2026-05-30T06:56:41Z</time>
<speed>1.744357</speed>
<trueHeading>0.000000</trueHeading>
<magneticHeading>0.000000</magneticHeading>
<gpsHeading>102.672127</gpsHeading>
<haccuracy>5.765000</haccuracy>
<vaccuracy>5.765000</vaccuracy>
<internetconnect>0</internetconnect>
</trkpt>
<trkpt lat="35.880681" lon="139.048139">
<ele>1550.000000</ele>
<time>2026-05-30T06:57:28Z</time>
<speed>1.652272</speed>
<trueHeading>0.000000</trueHeading>
<magneticHeading>0.000000</magneticHeading>
<gpsHeading>146.033279</gpsHeading>
<haccuracy>5.348000</haccuracy>
<vaccuracy>5.348000</vaccuracy>
<internetconnect>0</internetconnect>
</trkpt>
<trkpt lat="35.880204" lon="139.048588">
<ele>1539.666667</ele>
<time>2026-05-30T06:58:15Z</time>
<speed>0.932308</speed>
<trueHeading>0.000000</trueHeading>
<magneticHeading>0.000000</magneticHeading>
<gpsHeading>142.680618</gpsHeading>
<haccuracy>5.871000</haccuracy>
<vaccuracy>5.871000</vaccuracy>
<internetconnect>0</internetconnect>
</trkpt>
<trkpt lat="35.879547" lon="139.048955">
<ele>1536.000000</ele>
<time>2026-05-30T06:59:03Z</time>
<speed>1.659592</speed>
<trueHeading>0.000000</trueHeading>
<magneticHeading>0.000000</magneticHeading>
<gpsHeading>155.658127</gpsHeading>
<haccuracy>5.778000</haccuracy>
<vaccuracy>5.778000</vaccuracy>
<internetconnect>0</internetconnect>
</trkpt>
<trkpt lat="35.879140" lon="139.049499">
<ele>1536.000000</ele>
<time>2026-05-30T06:59:52Z</time>
<speed>0.733459</speed>
<trueHeading>0.000000</trueHeading>
<magneticHeading>0.000000</magneticHeading>
<gpsHeading>132.753464</gpsHeading>
<haccuracy>5.347000</haccuracy>
<vaccuracy>5.347000</vaccuracy>
<internetconnect>0</internetconnect>
</trkpt>
<trkpt lat="35.878586" lon="139.049616">
<ele>1539.333333</ele>
<time>2026-05-30T07:00:41Z</time>
<speed>0.963787</speed>
<trueHeading>0.000000</trueHeading>
<magneticHeading>0.000000</magneticHeading>
<gpsHeading>170.264725</gpsHeading>
<haccuracy>6.630000</haccuracy>
<vaccuracy>6.630000</vaccuracy>
<internetconnect>0</internetconnect>
</trkpt>
<trkpt lat="35.878388" lon="139.050426">
<ele>1543.333333</ele>
<time>2026-05-30T07:01:29Z</time>
<speed>1.509036</speed>
<trueHeading>0.000000</trueHeading>
<magneticHeading>0.000000</magneticHeading>
<gpsHeading>106.773766</gpsHeading>
<haccuracy>5.714000</haccuracy>
<vaccuracy>5.714000</vaccuracy>
<internetconnect>0</internetconnect>
</trkpt>
<trkpt lat="35.877984" lon="139.050861">
<ele>1544.000000</ele>
<time>2026-05-30T07:02:19Z</time>
<speed>1.798530</speed>
<trueHeading>0.000000</trueHeading>
<magneticHeading>0.000000</magneticHeading>
<gpsHeading>138.917877</gpsHeading>
<haccuracy>7.823000</haccuracy>
<vaccuracy>7.823000</vaccuracy>
<internetconnect>0</internetconnect>
</trkpt>
<trkpt lat="35.878019" lon="139.051684">
<ele>1538.666667</ele>
<time>2026-05-30T07:03:07Z</time>
<speed>1.348418</speed>
<trueHeading>0.000000</trueHeading>
<magneticHeading>0.000000</magneticHeading>
<gpsHeading>86.970215</gpsHeading>
<haccuracy>5.993000</haccuracy>
<vaccuracy>5.993000</vaccuracy>
<internetconnect>0</internetconnect>
</trkpt>
<trkpt lat="35.877978" lon="139.052521">
<ele>1527.666667</ele>
<time>2026-05-30T07:03:54Z</time>
<speed>1.607625</speed>
<trueHeading>0.000000</trueHeading>
<magneticHeading>0.000000</magneticHeading>
<gpsHeading>93.484009</gpsHeading>
<haccuracy>5.237000</haccuracy>
<vaccuracy>5.237000</vaccuracy>
<internetconnect>0</internetconnect>
</trkpt>
<trkpt lat="35.877942" lon="139.053264">
<ele>1519.666667</ele>
<time>2026-05-30T07:04:41Z</time>
<speed>2.014308</speed>
<trueHeading>0.000000</trueHeading>
<magneticHeading>0.000000</magneticHeading>
<gpsHeading>93.395920</gpsHeading>
<haccuracy>6.163000</haccuracy>
<vaccuracy>6.163000</vaccuracy>
<internetconnect>0</internetconnect>
</trkpt>
<trkpt lat="35.877645" lon="139.054061">
<ele>1519.333333</ele>
<time>2026-05-30T07:05:28Z</time>
<speed>1.541754</speed>
<trueHeading>0.000000</trueHeading>
<magneticHeading>0.000000</magneticHeading>
<gpsHeading>114.714485</gpsHeading>
<haccuracy>5.437000</haccuracy>
<vaccuracy>5.437000</vaccuracy>
<internetconnect>0</internetconnect>
</trkpt>
<trkpt lat="35.877409" lon="139.054766">
<ele>1521.666667</ele>
<time>2026-05-30T07:06:15Z</time>
<speed>1.604312</speed>
<trueHeading>0.000000</trueHeading>
<magneticHeading>0.000000</magneticHeading>
<gpsHeading>112.441513</gpsHeading>
<haccuracy>5.425000</haccuracy>
<vaccuracy>5.425000</vaccuracy>
<internetconnect>0</internetconnect>
</trkpt>
<trkpt lat="35.877135" lon="139.055467">
<ele>1521.000000</ele>
<time>2026-05-30T07:07:02Z</time>
<speed>1.733869</speed>
<trueHeading>0.000000</trueHeading>
<magneticHeading>0.000000</magneticHeading>
<gpsHeading>115.791443</gpsHeading>
<haccuracy>5.780000</haccuracy>
<vaccuracy>5.780000</vaccuracy>
<internetconnect>0</internetconnect>
</trkpt>
<trkpt lat="35.876982" lon="139.056234">
<ele>1515.666667</ele>
<time>2026-05-30T07:07:50Z</time>
<speed>1.674108</speed>
<trueHeading>0.000000</trueHeading>
<magneticHeading>0.000000</magneticHeading>
<gpsHeading>103.774750</gpsHeading>
<haccuracy>6.045000</haccuracy>
<vaccuracy>6.045000</vaccuracy>
<internetconnect>0</internetconnect>
</trkpt>
<trkpt lat="35.877020" lon="139.056931">
<ele>1508.333333</ele>
<time>2026-05-30T07:08:37Z</time>
<speed>1.605271</speed>
<trueHeading>0.000000</trueHeading>
<magneticHeading>0.000000</magneticHeading>
<gpsHeading>86.222984</gpsHeading>
<haccuracy>5.945000</haccuracy>
<vaccuracy>5.945000</vaccuracy>
<internetconnect>0</internetconnect>
</trkpt>
<trkpt lat="35.876563" lon="139.057328">
<ele>1502.666667</ele>
<time>2026-05-30T07:09:24Z</time>
<speed>1.543326</speed>
<trueHeading>0.000000</trueHeading>
<magneticHeading>0.000000</magneticHeading>
<gpsHeading>144.831543</gpsHeading>
<haccuracy>5.730000</haccuracy>
<vaccuracy>5.730000</vaccuracy>
<internetconnect>0</internetconnect>
</trkpt>
<trkpt lat="35.876079" lon="139.057777">
<ele>1495.666667</ele>
<time>2026-05-30T07:10:11Z</time>
<speed>1.469169</speed>
<trueHeading>0.000000</trueHeading>
<magneticHeading>0.000000</magneticHeading>
<gpsHeading>143.079147</gpsHeading>
<haccuracy>5.075000</haccuracy>
<vaccuracy>5.075000</vaccuracy>
<internetconnect>0</internetconnect>
</trkpt>
<trkpt lat="35.875712" lon="139.058212">
<ele>1489.666667</ele>
<time>2026-05-30T07:10:58Z</time>
<speed>1.526538</speed>
<trueHeading>0.000000</trueHeading>
<magneticHeading>0.000000</magneticHeading>
<gpsHeading>136.178696</gpsHeading>
<haccuracy>5.708000</haccuracy>
<vaccuracy>5.708000</vaccuracy>
<internetconnect>0</internetconnect>
</trkpt>
<trkpt lat="35.875264" lon="139.058083">
<ele>1486.333333</ele>
<time>2026-05-30T07:11:46Z</time>
<speed>1.508239</speed>
<trueHeading>0.000000</trueHeading>
<magneticHeading>0.000000</magneticHeading>
<gpsHeading>193.186859</gpsHeading>
<haccuracy>5.063000</haccuracy>
<vaccuracy>5.063000</vaccuracy>
<internetconnect>0</internetconnect>
</trkpt>
<trkpt lat="35.874819" lon="139.058278">
<ele>1483.666667</ele>
<time>2026-05-30T07:12:34Z</time>
<speed>1.482413</speed>
<trueHeading>0.000000</trueHeading>
<magneticHeading>0.000000</magneticHeading>
<gpsHeading>160.436905</gpsHeading>
<haccuracy>5.810000</haccuracy>
<vaccuracy>5.810000</vaccuracy>
<internetconnect>0</internetconnect>
</trkpt>
<trkpt lat="35.874291" lon="139.058370">
<ele>1477.333333</ele>
<time>2026-05-30T07:13:20Z</time>
<speed>1.574254</speed>
<trueHeading>0.000000</trueHeading>
<magneticHeading>0.000000</magneticHeading>
<gpsHeading>171.925018</gpsHeading>
<haccuracy>5.335000</haccuracy>
<vaccuracy>5.335000</vaccuracy>
<internetconnect>0</internetconnect>
</trkpt>
<trkpt lat="35.873892" lon="139.058156">
<ele>1467.000000</ele>
<time>2026-05-30T07:14:08Z</time>
<speed>1.323037</speed>
<trueHeading>0.000000</trueHeading>
<magneticHeading>0.000000</magneticHeading>
<gpsHeading>203.494324</gpsHeading>
<haccuracy>5.909000</haccuracy>
<vaccuracy>5.909000</vaccuracy>
<internetconnect>0</internetconnect>
</trkpt>
<trkpt lat="35.873406" lon="139.057961">
<ele>1458.666667</ele>
<time>2026-05-30T07:14:55Z</time>
<speed>1.594058</speed>
<trueHeading>0.000000</trueHeading>
<magneticHeading>0.000000</magneticHeading>
<gpsHeading>197.998535</gpsHeading>
<haccuracy>5.440000</haccuracy>
<vaccuracy>5.440000</vaccuracy>
<internetconnect>0</internetconnect>
</trkpt>
<trkpt lat="35.872858" lon="139.057718">
<ele>1454.000000</ele>
<time>2026-05-30T07:15:43Z</time>
<speed>1.729769</speed>
<trueHeading>0.000000</trueHeading>
<magneticHeading>0.000000</magneticHeading>
<gpsHeading>199.819351</gpsHeading>
<haccuracy>6.050000</haccuracy>
<vaccuracy>6.050000</vaccuracy>
<internetconnect>0</internetconnect>
</trkpt>
<trkpt lat="35.872363" lon="139.057988">
<ele>1447.666667</ele>
<time>2026-05-30T07:16:30Z</time>
<speed>1.634812</speed>
<trueHeading>0.000000</trueHeading>
<magneticHeading>0.000000</magneticHeading>
<gpsHeading>156.147736</gpsHeading>
<haccuracy>5.682000</haccuracy>
<vaccuracy>5.682000</vaccuracy>
<internetconnect>0</internetconnect>
</trkpt>
<trkpt lat="35.872078" lon="139.058121">
<ele>1437.333333</ele>
<time>2026-05-30T07:17:27Z</time>
<speed>1.414201</speed>
<trueHeading>0.000000</trueHeading>
<magneticHeading>0.000000</magneticHeading>
<gpsHeading>159.220322</gpsHeading>
<haccuracy>3.047000</haccuracy>
<vaccuracy>3.047000</vaccuracy>
<internetconnect>0</internetconnect>
</trkpt>
<trkpt lat="35.871587" lon="139.058382">
<ele>1425.666667</ele>
<time>2026-05-30T07:18:15Z</time>
<speed>1.500863</speed>
<trueHeading>0.000000</trueHeading>
<magneticHeading>0.000000</magneticHeading>
<gpsHeading>156.714951</gpsHeading>
<haccuracy>5.829000</haccuracy>
<vaccuracy>5.829000</vaccuracy>
<internetconnect>0</internetconnect>
</trkpt>
<trkpt lat="35.871085" lon="139.058401">
<ele>1413.333333</ele>
<time>2026-05-30T07:19:03Z</time>
<speed>0.443055</speed>
<trueHeading>0.000000</trueHeading>
<magneticHeading>0.000000</magneticHeading>
<gpsHeading>178.262451</gpsHeading>
<haccuracy>4.026000</haccuracy>
<vaccuracy>4.026000</vaccuracy>
<internetconnect>0</internetconnect>
</trkpt>
<trkpt lat="35.870378" lon="139.058438">
<ele>1406.666667</ele>
<time>2026-05-30T07:19:50Z</time>
<speed>1.317869</speed>
<trueHeading>0.000000</trueHeading>
<magneticHeading>0.000000</magneticHeading>
<gpsHeading>177.526459</gpsHeading>
<haccuracy>5.407000</haccuracy>
<vaccuracy>5.407000</vaccuracy>
<internetconnect>0</internetconnect>
</trkpt>
<trkpt lat="35.869864" lon="139.058754">
<ele>1403.000000</ele>
<time>2026-05-30T07:20:38Z</time>
<speed>1.362362</speed>
<trueHeading>0.000000</trueHeading>
<magneticHeading>0.000000</magneticHeading>
<gpsHeading>153.542480</gpsHeading>
<haccuracy>3.912000</haccuracy>
<vaccuracy>3.912000</vaccuracy>
<internetconnect>0</internetconnect>
</trkpt>
<trkpt lat="35.869309" lon="139.058934">
<ele>1400.000000</ele>
<time>2026-05-30T07:21:27Z</time>
<speed>0.476485</speed>
<trueHeading>0.000000</trueHeading>
<magneticHeading>0.000000</magneticHeading>
<gpsHeading>165.300705</gpsHeading>
<haccuracy>3.267000</haccuracy>
<vaccuracy>3.267000</vaccuracy>
<internetconnect>0</internetconnect>
</trkpt>
<trkpt lat="35.868609" lon="139.059122">
<ele>1392.666667</ele>
<time>2026-05-30T07:22:16Z</time>
<speed>1.755702</speed>
<trueHeading>0.000000</trueHeading>
<magneticHeading>0.000000</magneticHeading>
<gpsHeading>167.684387</gpsHeading>
<haccuracy>6.044000</haccuracy>
<vaccuracy>6.044000</vaccuracy>
<internetconnect>0</internetconnect>
</trkpt>
<trkpt lat="35.868012" lon="139.058967">
<ele>1382.333333</ele>
<time>2026-05-30T07:23:04Z</time>
<speed>1.316032</speed>
<trueHeading>0.000000</trueHeading>
<magneticHeading>0.000000</magneticHeading>
<gpsHeading>191.914886</gpsHeading>
<haccuracy>5.078000</haccuracy>
<vaccuracy>5.078000</vaccuracy>
<internetconnect>0</internetconnect>
</trkpt>
<trkpt lat="35.867390" lon="139.058840">
<ele>1375.333333</ele>
<time>2026-05-30T07:23:53Z</time>
<speed>1.438535</speed>
<trueHeading>0.000000</trueHeading>
<magneticHeading>0.000000</magneticHeading>
<gpsHeading>189.393661</gpsHeading>
<haccuracy>5.380000</haccuracy>
<vaccuracy>5.380000</vaccuracy>
<internetconnect>0</internetconnect>
</trkpt>
<trkpt lat="35.866769" lon="139.058757">
<ele>1368.000000</ele>
<time>2026-05-30T07:24:41Z</time>
<speed>1.718071</speed>
<trueHeading>0.000000</trueHeading>
<magneticHeading>0.000000</magneticHeading>
<gpsHeading>186.152130</gpsHeading>
<haccuracy>5.256000</haccuracy>
<vaccuracy>5.256000</vaccuracy>
<internetconnect>0</internetconnect>
</trkpt>
<trkpt lat="35.866172" lon="139.058937">
<ele>1359.333333</ele>
<time>2026-05-30T07:25:30Z</time>
<speed>1.057074</speed>
<trueHeading>0.000000</trueHeading>
<magneticHeading>0.000000</magneticHeading>
<gpsHeading>166.240189</gpsHeading>
<haccuracy>5.278000</haccuracy>
<vaccuracy>5.278000</vaccuracy>
<internetconnect>0</internetconnect>
</trkpt>
<trkpt lat="35.865549" lon="139.059119">
<ele>1347.000000</ele>
<time>2026-05-30T07:26:18Z</time>
<speed>0.437213</speed>
<trueHeading>0.000000</trueHeading>
<magneticHeading>0.000000</magneticHeading>
<gpsHeading>166.687881</gpsHeading>
<haccuracy>3.722000</haccuracy>
<vaccuracy>3.722000</vaccuracy>
<internetconnect>0</internetconnect>
</trkpt>
<trkpt lat="35.864829" lon="139.058963">
<ele>1334.666667</ele>
<time>2026-05-30T07:27:07Z</time>
<speed>1.178372</speed>
<trueHeading>0.000000</trueHeading>
<magneticHeading>0.000000</magneticHeading>
<gpsHeading>189.972168</gpsHeading>
<haccuracy>6.450000</haccuracy>
<vaccuracy>6.450000</vaccuracy>
<internetconnect>0</internetconnect>
</trkpt>
<trkpt lat="35.864348" lon="139.058614">
<ele>1324.000000</ele>
<time>2026-05-30T07:27:55Z</time>
<speed>1.678474</speed>
<trueHeading>0.000000</trueHeading>
<magneticHeading>0.000000</magneticHeading>
<gpsHeading>210.492264</gpsHeading>
<haccuracy>4.598000</haccuracy>
<vaccuracy>4.598000</vaccuracy>
<internetconnect>0</internetconnect>
</trkpt>
<trkpt lat="35.863781" lon="139.058466">
<ele>1316.333333</ele>
<time>2026-05-30T07:28:44Z</time>
<speed>0.378231</speed>
<trueHeading>0.000000</trueHeading>
<magneticHeading>0.000000</magneticHeading>
<gpsHeading>191.953537</gpsHeading>
<haccuracy>4.624000</haccuracy>
<vaccuracy>4.624000</vaccuracy>
<internetconnect>0</internetconnect>
</trkpt>
<trkpt lat="35.863119" lon="139.058248">
<ele>1312.666667</ele>
<time>2026-05-30T07:29:34Z</time>
<speed>1.213769</speed>
<trueHeading>0.000000</trueHeading>
<magneticHeading>0.000000</magneticHeading>
<gpsHeading>194.957825</gpsHeading>
<haccuracy>6.649000</haccuracy>
<vaccuracy>6.649000</vaccuracy>
<internetconnect>0</internetconnect>
</trkpt>
<trkpt lat="35.862609" lon="139.058212">
<ele>1308.000000</ele>
<time>2026-05-30T07:30:24Z</time>
<speed>0.814257</speed>
<trueHeading>0.000000</trueHeading>
<magneticHeading>0.000000</magneticHeading>
<gpsHeading>183.194931</gpsHeading>
<haccuracy>4.498000</haccuracy>
<vaccuracy>4.498000</vaccuracy>
<internetconnect>0</internetconnect>
</trkpt>
<trkpt lat="35.861901" lon="139.057948">
<ele>1298.333333</ele>
<time>2026-05-30T07:31:13Z</time>
<speed>1.613976</speed>
<trueHeading>0.000000</trueHeading>
<magneticHeading>0.000000</magneticHeading>
<gpsHeading>196.838577</gpsHeading>
<haccuracy>5.116000</haccuracy>
<vaccuracy>5.116000</vaccuracy>
<internetconnect>0</internetconnect>
</trkpt>
<trkpt lat="35.861430" lon="139.058185">
<ele>1285.666667</ele>
<time>2026-05-30T07:32:02Z</time>
<speed>0.373771</speed>
<trueHeading>0.000000</trueHeading>
<magneticHeading>0.000000</magneticHeading>
<gpsHeading>157.793121</gpsHeading>
<haccuracy>4.033000</haccuracy>
<vaccuracy>4.033000</vaccuracy>
<internetconnect>0</internetconnect>
</trkpt>
<trkpt lat="35.860848" lon="139.057836">
<ele>1276.333333</ele>
<time>2026-05-30T07:32:51Z</time>
<speed>1.706471</speed>
<trueHeading>0.000000</trueHeading>
<magneticHeading>0.000000</magneticHeading>
<gpsHeading>205.885544</gpsHeading>
<haccuracy>3.737000</haccuracy>
<vaccuracy>3.737000</vaccuracy>
<internetconnect>0</internetconnect>
</trkpt>
<trkpt lat="35.860201" lon="139.057830">
<ele>1272.333333</ele>
<time>2026-05-30T07:33:38Z</time>
<speed>0.243011</speed>
<trueHeading>0.000000</trueHeading>
<magneticHeading>0.000000</magneticHeading>
<gpsHeading>180.401962</gpsHeading>
<haccuracy>4.593000</haccuracy>
<vaccuracy>4.593000</vaccuracy>
<internetconnect>0</internetconnect>
</trkpt>
<trkpt lat="35.859584" lon="139.057535">
<ele>1272.333333</ele>
<time>2026-05-30T07:34:28Z</time>
<speed>1.447736</speed>
<trueHeading>0.000000</trueHeading>
<magneticHeading>0.000000</magneticHeading>
<gpsHeading>201.164505</gpsHeading>
<haccuracy>5.524000</haccuracy>
<vaccuracy>5.524000</vaccuracy>
<internetconnect>0</internetconnect>
</trkpt>
<trkpt lat="35.859056" lon="139.057096">
<ele>1269.333333</ele>
<time>2026-05-30T07:35:17Z</time>
<speed>1.423273</speed>
<trueHeading>0.000000</trueHeading>
<magneticHeading>0.000000</magneticHeading>
<gpsHeading>213.986023</gpsHeading>
<haccuracy>5.352000</haccuracy>
<vaccuracy>5.352000</vaccuracy>
<internetconnect>0</internetconnect>
</trkpt>
<trkpt lat="35.858774" lon="139.056783">
<ele>1263.000000</ele>
<time>2026-05-30T07:36:04Z</time>
<speed>0.277421</speed>
<trueHeading>0.000000</trueHeading>
<magneticHeading>0.000000</magneticHeading>
<gpsHeading>221.973129</gpsHeading>
<haccuracy>4.104000</haccuracy>
<vaccuracy>4.104000</vaccuracy>
<internetconnect>0</internetconnect>
</trkpt>
<trkpt lat="35.858409" lon="139.056264">
<ele>1259.000000</ele>
<time>2026-05-30T07:36:52Z</time>
<speed>1.368123</speed>
<trueHeading>0.000000</trueHeading>
<magneticHeading>0.000000</magneticHeading>
<gpsHeading>229.106506</gpsHeading>
<haccuracy>5.303000</haccuracy>
<vaccuracy>5.303000</vaccuracy>
<internetconnect>0</internetconnect>
</trkpt>
<trkpt lat="35.858129" lon="139.055876">
<ele>1254.333333</ele>
<time>2026-05-30T07:37:40Z</time>
<speed>0.313801</speed>
<trueHeading>0.000000</trueHeading>
<magneticHeading>0.000000</magneticHeading>
<gpsHeading>228.289566</gpsHeading>
<haccuracy>4.691000</haccuracy>
<vaccuracy>4.691000</vaccuracy>
<internetconnect>0</internetconnect>
</trkpt>
<trkpt lat="35.857813" lon="139.055412">
<ele>1262.333333</ele>
<time>2026-05-30T07:38:29Z</time>
<speed>0.488070</speed>
<trueHeading>0.000000</trueHeading>
<magneticHeading>0.000000</magneticHeading>
<gpsHeading>229.990616</gpsHeading>
<haccuracy>4.013000</haccuracy>
<vaccuracy>4.013000</vaccuracy>
<internetconnect>0</internetconnect>
</trkpt>
<trkpt lat="35.857346" lon="139.055029">
<ele>1269.333333</ele>
<time>2026-05-30T07:39:16Z</time>
<speed>0.339652</speed>
<trueHeading>0.000000</trueHeading>
<magneticHeading>0.000000</magneticHeading>
<gpsHeading>213.599197</gpsHeading>
<haccuracy>4.142000</haccuracy>
<vaccuracy>4.142000</vaccuracy>
<internetconnect>0</internetconnect>
</trkpt>
<trkpt lat="35.857127" lon="139.054504">
<ele>1282.666667</ele>
<time>2026-05-30T07:40:05Z</time>
<speed>0.845732</speed>
<trueHeading>0.000000</trueHeading>
<magneticHeading>0.000000</magneticHeading>
<gpsHeading>242.741745</gpsHeading>
<haccuracy>5.293000</haccuracy>
<vaccuracy>5.293000</vaccuracy>
<internetconnect>0</internetconnect>
</trkpt>
<trkpt lat="35.856659" lon="139.054356">
<ele>1284.333333</ele>
<time>2026-05-30T07:40:54Z</time>
<speed>0.919521</speed>
<trueHeading>0.000000</trueHeading>
<magneticHeading>0.000000</magneticHeading>
<gpsHeading>194.404205</gpsHeading>
<haccuracy>4.572000</haccuracy>
<vaccuracy>4.572000</vaccuracy>
<internetconnect>0</internetconnect>
</trkpt>
<trkpt lat="35.856219" lon="139.054237">
<ele>1280.666667</ele>
<time>2026-05-30T07:41:43Z</time>
<speed>0.992772</speed>
<trueHeading>0.000000</trueHeading>
<magneticHeading>0.000000</magneticHeading>
<gpsHeading>192.301315</gpsHeading>
<haccuracy>9.236000</haccuracy>
<vaccuracy>9.236000</vaccuracy>
<internetconnect>0</internetconnect>
</trkpt>
<trkpt lat="35.855671" lon="139.054265">
<ele>1272.666667</ele>
<time>2026-05-30T07:42:32Z</time>
<speed>0.527196</speed>
<trueHeading>0.000000</trueHeading>
<magneticHeading>0.000000</magneticHeading>
<gpsHeading>177.681076</gpsHeading>
<haccuracy>5.808000</haccuracy>
<vaccuracy>5.808000</vaccuracy>
<internetconnect>0</internetconnect>
</trkpt>
<trkpt lat="35.855246" lon="139.053848">
<ele>1262.666667</ele>
<time>2026-05-30T07:43:21Z</time>
<speed>1.542862</speed>
<trueHeading>0.000000</trueHeading>
<magneticHeading>0.000000</magneticHeading>
<gpsHeading>218.498978</gpsHeading>
<haccuracy>4.090000</haccuracy>
<vaccuracy>4.090000</vaccuracy>
<internetconnect>0</internetconnect>
</trkpt>
<trkpt lat="35.854630" lon="139.053797">
<ele>1251.666667</ele>
<time>2026-05-30T07:44:11Z</time>
<speed>0.402843</speed>
<trueHeading>0.000000</trueHeading>
<magneticHeading>0.000000</magneticHeading>
<gpsHeading>183.835876</gpsHeading>
<haccuracy>3.443000</haccuracy>
<vaccuracy>3.443000</vaccuracy>
<internetconnect>0</internetconnect>
</trkpt>
<trkpt lat="35.854041" lon="139.053571">
<ele>1237.666667</ele>
<time>2026-05-30T07:44:59Z</time>
<speed>0.993494</speed>
<trueHeading>0.000000</trueHeading>
<magneticHeading>0.000000</magneticHeading>
<gpsHeading>197.332291</gpsHeading>
<haccuracy>4.715000</haccuracy>
<vaccuracy>4.715000</vaccuracy>
<internetconnect>0</internetconnect>
</trkpt>
<trkpt lat="35.853786" lon="139.052824">
<ele>1225.333333</ele>
<time>2026-05-30T07:45:47Z</time>
<speed>1.680285</speed>
<trueHeading>0.000000</trueHeading>
<magneticHeading>0.000000</magneticHeading>
<gpsHeading>247.096039</gpsHeading>
<haccuracy>4.618000</haccuracy>
<vaccuracy>4.618000</vaccuracy>
<internetconnect>0</internetconnect>
</trkpt>
<trkpt lat="35.853532" lon="139.052248">
<ele>1214.000000</ele>
<time>2026-05-30T07:46:37Z</time>
<speed>0.548319</speed>
<trueHeading>0.000000</trueHeading>
<magneticHeading>0.000000</magneticHeading>
<gpsHeading>241.480530</gpsHeading>
<haccuracy>4.897000</haccuracy>
<vaccuracy>4.897000</vaccuracy>
<internetconnect>0</internetconnect>
</trkpt>
<trkpt lat="35.853077" lon="139.051703">
<ele>1201.666667</ele>
<time>2026-05-30T07:47:26Z</time>
<speed>0.365540</speed>
<trueHeading>0.000000</trueHeading>
<magneticHeading>0.000000</magneticHeading>
<gpsHeading>224.175476</gpsHeading>
<haccuracy>4.620000</haccuracy>
<vaccuracy>4.620000</vaccuracy>
<internetconnect>0</internetconnect>
</trkpt>
<trkpt lat="35.852841" lon="139.051043">
<ele>1188.000000</ele>
<time>2026-05-30T07:48:16Z</time>
<speed>1.498399</speed>
<trueHeading>0.000000</trueHeading>
<magneticHeading>0.000000</magneticHeading>
<gpsHeading>246.143280</gpsHeading>
<haccuracy>5.739000</haccuracy>
<vaccuracy>5.739000</vaccuracy>
<internetconnect>0</internetconnect>
</trkpt>
<trkpt lat="35.852632" lon="139.050573">
<ele>1174.000000</ele>
<time>2026-05-30T07:49:06Z</time>
<speed>0.391197</speed>
<trueHeading>0.000000</trueHeading>
<magneticHeading>0.000000</magneticHeading>
<gpsHeading>241.309723</gpsHeading>
<haccuracy>4.366000</haccuracy>
<vaccuracy>4.366000</vaccuracy>
<internetconnect>0</internetconnect>
</trkpt>
<trkpt lat="35.852263" lon="139.049757">
<ele>1159.000000</ele>
<time>2026-05-30T07:53:17Z</time>
<speed>0.013907</speed>
<trueHeading>0.000000</trueHeading>
<magneticHeading>0.000000</magneticHeading>
<gpsHeading>240.878220</gpsHeading>
<haccuracy>3.945000</haccuracy>
<vaccuracy>3.945000</vaccuracy>
<internetconnect>0</internetconnect>
</trkpt>
<trkpt lat="35.851912" lon="139.049480">
<ele>1148.333333</ele>
<time>2026-05-30T07:54:05Z</time>
<speed>1.754056</speed>
<trueHeading>0.000000</trueHeading>
<magneticHeading>0.000000</magneticHeading>
<gpsHeading>212.567459</gpsHeading>
<haccuracy>5.763000</haccuracy>
<vaccuracy>5.763000</vaccuracy>
<internetconnect>0</internetconnect>
</trkpt>
<trkpt lat="35.851387" lon="139.049019">
<ele>1136.666667</ele>
<time>2026-05-30T07:54:52Z</time>
<speed>1.639063</speed>
<trueHeading>0.000000</trueHeading>
<magneticHeading>0.000000</magneticHeading>
<gpsHeading>215.421341</gpsHeading>
<haccuracy>6.448000</haccuracy>
<vaccuracy>6.448000</vaccuracy>
<internetconnect>0</internetconnect>
</trkpt>
<trkpt lat="35.850875" lon="139.048674">
<ele>1127.000000</ele>
<time>2026-05-30T07:55:39Z</time>
<speed>1.723840</speed>
<trueHeading>0.000000</trueHeading>
<magneticHeading>0.000000</magneticHeading>
<gpsHeading>208.637146</gpsHeading>
<haccuracy>7.315000</haccuracy>
<vaccuracy>7.315000</vaccuracy>
<internetconnect>0</internetconnect>
</trkpt>
<trkpt lat="35.850472" lon="139.047941">
<ele>1115.000000</ele>
<time>2026-05-30T07:56:29Z</time>
<speed>1.750430</speed>
<trueHeading>0.000000</trueHeading>
<magneticHeading>0.000000</magneticHeading>
<gpsHeading>235.880264</gpsHeading>
<haccuracy>6.347000</haccuracy>
<vaccuracy>6.347000</vaccuracy>
<internetconnect>0</internetconnect>
</trkpt>
<trkpt lat="35.849911" lon="139.047458">
<ele>1107.666667</ele>
<time>2026-05-30T07:57:16Z</time>
<speed>1.738451</speed>
<trueHeading>0.000000</trueHeading>
<magneticHeading>0.000000</magneticHeading>
<gpsHeading>214.883133</gpsHeading>
<haccuracy>7.117000</haccuracy>
<vaccuracy>7.117000</vaccuracy>
<internetconnect>0</internetconnect>
</trkpt>
<trkpt lat="35.849304" lon="139.047055">
<ele>1096.333333</ele>
<time>2026-05-30T07:58:02Z</time>
<speed>2.009714</speed>
<trueHeading>0.000000</trueHeading>
<magneticHeading>0.000000</magneticHeading>
<gpsHeading>208.328217</gpsHeading>
<haccuracy>6.882000</haccuracy>
<vaccuracy>6.882000</vaccuracy>
<internetconnect>0</internetconnect>
</trkpt>
<trkpt lat="35.848565" lon="139.047343">
<ele>1085.666667</ele>
<time>2026-05-30T07:58:49Z</time>
<speed>1.526947</speed>
<trueHeading>0.000000</trueHeading>
<magneticHeading>0.000000</magneticHeading>
<gpsHeading>162.479080</gpsHeading>
<haccuracy>5.873000</haccuracy>
<vaccuracy>5.873000</vaccuracy>
<internetconnect>0</internetconnect>
</trkpt>
<trkpt lat="35.848051" lon="139.047423">
<ele>1069.666667</ele>
<time>2026-05-30T07:59:36Z</time>
<speed>1.767278</speed>
<trueHeading>0.000000</trueHeading>
<magneticHeading>0.000000</magneticHeading>
<gpsHeading>172.773209</gpsHeading>
<haccuracy>10.632000</haccuracy>
<vaccuracy>10.632000</vaccuracy>
<internetconnect>0</internetconnect>
</trkpt>
<trkpt lat="35.847513" lon="139.047150">
<ele>1058.333333</ele>
<time>2026-05-30T08:00:23Z</time>
<speed>1.720518</speed>
<trueHeading>0.000000</trueHeading>
<magneticHeading>0.000000</magneticHeading>
<gpsHeading>202.372498</gpsHeading>
<haccuracy>6.785000</haccuracy>
<vaccuracy>6.785000</vaccuracy>
<internetconnect>0</internetconnect>
</trkpt>
<trkpt lat="35.847454" lon="139.046385">
<ele>1039.666667</ele>
<time>2026-05-30T08:01:10Z</time>
<speed>1.628466</speed>
<trueHeading>0.000000</trueHeading>
<magneticHeading>0.000000</magneticHeading>
<gpsHeading>264.550018</gpsHeading>
<haccuracy>5.634000</haccuracy>
<vaccuracy>5.634000</vaccuracy>
<internetconnect>0</internetconnect>
</trkpt>
<trkpt lat="35.847112" lon="139.045647">
<ele>1024.000000</ele>
<time>2026-05-30T08:01:57Z</time>
<speed>1.826710</speed>
<trueHeading>0.000000</trueHeading>
<magneticHeading>0.000000</magneticHeading>
<gpsHeading>240.313141</gpsHeading>
<haccuracy>7.664000</haccuracy>
<vaccuracy>7.664000</vaccuracy>
<internetconnect>0</internetconnect>
</trkpt>
<trkpt lat="35.847006" lon="139.044881">
<ele>1005.666667</ele>
<time>2026-05-30T08:02:43Z</time>
<speed>1.750506</speed>
<trueHeading>0.000000</trueHeading>
<magneticHeading>0.000000</magneticHeading>
<gpsHeading>260.255676</gpsHeading>
<haccuracy>6.690000</haccuracy>
<vaccuracy>6.690000</vaccuracy>
<internetconnect>0</internetconnect>
</trkpt>
<trkpt lat="35.846854" lon="139.044217">
<ele>990.666667</ele>
<time>2026-05-30T08:03:30Z</time>
<speed>1.629160</speed>
<trueHeading>0.000000</trueHeading>
<magneticHeading>0.000000</magneticHeading>
<gpsHeading>254.240585</gpsHeading>
<haccuracy>6.555000</haccuracy>
<vaccuracy>6.555000</vaccuracy>
<internetconnect>0</internetconnect>
</trkpt>
<trkpt lat="35.846307" lon="139.044368">
<ele>973.333333</ele>
<time>2026-05-30T08:04:17Z</time>
<speed>1.701962</speed>
<trueHeading>0.000000</trueHeading>
<magneticHeading>0.000000</magneticHeading>
<gpsHeading>167.439224</gpsHeading>
<haccuracy>5.926000</haccuracy>
<vaccuracy>5.926000</vaccuracy>
<internetconnect>0</internetconnect>
</trkpt>
<trkpt lat="35.845866" lon="139.044054">
<ele>958.666667</ele>
<time>2026-05-30T08:05:03Z</time>
<speed>1.555216</speed>
<trueHeading>0.000000</trueHeading>
<magneticHeading>0.000000</magneticHeading>
<gpsHeading>209.900391</gpsHeading>
<haccuracy>6.286000</haccuracy>
<vaccuracy>6.286000</vaccuracy>
<internetconnect>0</internetconnect>
</trkpt>
<trkpt lat="35.845951" lon="139.044713">
<ele>949.000000</ele>
<time>2026-05-30T08:05:50Z</time>
<speed>1.559855</speed>
<trueHeading>0.000000</trueHeading>
<magneticHeading>0.000000</magneticHeading>
<gpsHeading>80.912888</gpsHeading>
<haccuracy>5.915000</haccuracy>
<vaccuracy>5.915000</vaccuracy>
<internetconnect>0</internetconnect>
</trkpt>
<trkpt lat="35.846256" lon="139.045316">
<ele>934.666667</ele>
<time>2026-05-30T08:06:37Z</time>
<speed>1.614509</speed>
<trueHeading>0.000000</trueHeading>
<magneticHeading>0.000000</magneticHeading>
<gpsHeading>58.031857</gpsHeading>
<haccuracy>5.408000</haccuracy>
<vaccuracy>5.408000</vaccuracy>
<internetconnect>0</internetconnect>
</trkpt>
<trkpt lat="35.845867" lon="139.045755">
<ele>920.666667</ele>
<time>2026-05-30T08:07:24Z</time>
<speed>1.579050</speed>
<trueHeading>0.000000</trueHeading>
<magneticHeading>0.000000</magneticHeading>
<gpsHeading>137.492920</gpsHeading>
<haccuracy>7.720000</haccuracy>
<vaccuracy>7.720000</vaccuracy>
<internetconnect>0</internetconnect>
</trkpt>
<trkpt lat="35.845805" lon="139.046206">
<ele>896.666667</ele>
<time>2026-05-30T08:08:11Z</time>
<speed>1.567926</speed>
<trueHeading>0.000000</trueHeading>
<magneticHeading>0.000000</magneticHeading>
<gpsHeading>99.669037</gpsHeading>
<haccuracy>5.659000</haccuracy>
<vaccuracy>5.659000</vaccuracy>
<internetconnect>0</internetconnect>
</trkpt>
<trkpt lat="35.845367" lon="139.046480">
<ele>875.666667</ele>
<time>2026-05-30T08:08:59Z</time>
<speed>1.437406</speed>
<trueHeading>0.000000</trueHeading>
<magneticHeading>0.000000</magneticHeading>
<gpsHeading>153.178574</gpsHeading>
<haccuracy>5.838000</haccuracy>
<vaccuracy>5.838000</vaccuracy>
<internetconnect>0</internetconnect>
</trkpt>
<trkpt lat="35.845130" lon="139.046279">
<ele>854.333333</ele>
<time>2026-05-30T08:09:55Z</time>
<speed>1.696577</speed>
<trueHeading>0.000000</trueHeading>
<magneticHeading>0.000000</magneticHeading>
<gpsHeading>214.552643</gpsHeading>
<haccuracy>5.385000</haccuracy>
<vaccuracy>5.385000</vaccuracy>
<internetconnect>0</internetconnect>
</trkpt>
<trkpt lat="35.844950" lon="139.046547">
<ele>834.666667</ele>
<time>2026-05-30T08:10:42Z</time>
<speed>1.716219</speed>
<trueHeading>0.000000</trueHeading>
<magneticHeading>0.000000</magneticHeading>
<gpsHeading>129.685333</gpsHeading>
<haccuracy>4.633000</haccuracy>
<vaccuracy>4.633000</vaccuracy>
<internetconnect>0</internetconnect>
</trkpt>
<trkpt lat="35.844660" lon="139.046804">
<ele>815.000000</ele>
<time>2026-05-30T08:11:29Z</time>
<speed>1.879782</speed>
<trueHeading>0.000000</trueHeading>
<magneticHeading>0.000000</magneticHeading>
<gpsHeading>144.280960</gpsHeading>
<haccuracy>4.130000</haccuracy>
<vaccuracy>4.130000</vaccuracy>
<internetconnect>0</internetconnect>
</trkpt>
<trkpt lat="35.844514" lon="139.047224">
<ele>790.666667</ele>
<time>2026-05-30T08:12:16Z</time>
<speed>1.820970</speed>
<trueHeading>0.000000</trueHeading>
<magneticHeading>0.000000</magneticHeading>
<gpsHeading>113.320808</gpsHeading>
<haccuracy>7.919000</haccuracy>
<vaccuracy>7.919000</vaccuracy>
<internetconnect>0</internetconnect>
</trkpt>
<trkpt lat="35.844103" lon="139.046828">
<ele>774.333333</ele>
<time>2026-05-30T08:13:03Z</time>
<speed>1.600661</speed>
<trueHeading>0.000000</trueHeading>
<magneticHeading>0.000000</magneticHeading>
<gpsHeading>218.045685</gpsHeading>
<haccuracy>5.827000</haccuracy>
<vaccuracy>5.827000</vaccuracy>
<internetconnect>0</internetconnect>
</trkpt>
<trkpt lat="35.844216" lon="139.047399">
<ele>757.666667</ele>
<time>2026-05-30T08:13:50Z</time>
<speed>1.657939</speed>
<trueHeading>0.000000</trueHeading>
<magneticHeading>0.000000</magneticHeading>
<gpsHeading>76.240730</gpsHeading>
<haccuracy>5.746000</haccuracy>
<vaccuracy>5.746000</vaccuracy>
<internetconnect>0</internetconnect>
</trkpt>
<trkpt lat="35.843859" lon="139.047276">
<ele>743.000000</ele>
<time>2026-05-30T08:14:47Z</time>
<speed>1.752444</speed>
<trueHeading>0.000000</trueHeading>
<magneticHeading>0.000000</magneticHeading>
<gpsHeading>195.571548</gpsHeading>
<haccuracy>7.130000</haccuracy>
<vaccuracy>7.130000</vaccuracy>
<internetconnect>0</internetconnect>
</trkpt>
<trkpt lat="35.843475" lon="139.047164">
<ele>729.000000</ele>
<time>2026-05-30T08:15:33Z</time>
<speed>1.666613</speed>
<trueHeading>0.000000</trueHeading>
<magneticHeading>0.000000</magneticHeading>
<gpsHeading>193.311722</gpsHeading>
<haccuracy>5.794000</haccuracy>
<vaccuracy>5.794000</vaccuracy>
<internetconnect>0</internetconnect>
</trkpt>
<trkpt lat="35.843365" lon="139.046617">
<ele>718.333333</ele>
<time>2026-05-30T08:16:19Z</time>
<speed>1.716227</speed>
<trueHeading>0.000000</trueHeading>
<magneticHeading>0.000000</magneticHeading>
<gpsHeading>256.084473</gpsHeading>
<haccuracy>6.320000</haccuracy>
<vaccuracy>6.320000</vaccuracy>
<internetconnect>0</internetconnect>
</trkpt>
<trkpt lat="35.842828" lon="139.046334">
<ele>705.666667</ele>
<time>2026-05-30T08:17:07Z</time>
<speed>1.660890</speed>
<trueHeading>0.000000</trueHeading>
<magneticHeading>0.000000</magneticHeading>
<gpsHeading>203.122192</gpsHeading>
<haccuracy>6.119000</haccuracy>
<vaccuracy>6.119000</vaccuracy>
<internetconnect>0</internetconnect>
</trkpt>
<trkpt lat="35.842458" lon="139.045872">
<ele>687.000000</ele>
<time>2026-05-30T08:17:54Z</time>
<speed>1.566635</speed>
<trueHeading>0.000000</trueHeading>
<magneticHeading>0.000000</magneticHeading>
<gpsHeading>225.344055</gpsHeading>
<haccuracy>5.943000</haccuracy>
<vaccuracy>5.943000</vaccuracy>
<internetconnect>0</internetconnect>
</trkpt>
<trkpt lat="35.842352" lon="139.045275">
<ele>669.000000</ele>
<time>2026-05-30T08:18:40Z</time>
<speed>1.639818</speed>
<trueHeading>0.000000</trueHeading>
<magneticHeading>0.000000</magneticHeading>
<gpsHeading>257.712585</gpsHeading>
<haccuracy>5.773000</haccuracy>
<vaccuracy>5.773000</vaccuracy>
<internetconnect>0</internetconnect>
</trkpt>
<trkpt lat="35.842269" lon="139.044587">
<ele>654.000000</ele>
<time>2026-05-30T08:19:28Z</time>
<speed>1.480753</speed>
<trueHeading>0.000000</trueHeading>
<magneticHeading>0.000000</magneticHeading>
<gpsHeading>261.504822</gpsHeading>
<haccuracy>6.749000</haccuracy>
<vaccuracy>6.749000</vaccuracy>
<internetconnect>0</internetconnect>
</trkpt>
<trkpt lat="35.842087" lon="139.044050">
<ele>643.333333</ele>
<time>2026-05-30T08:20:14Z</time>
<speed>1.614178</speed>
<trueHeading>0.000000</trueHeading>
<magneticHeading>0.000000</magneticHeading>
<gpsHeading>247.299332</gpsHeading>
<haccuracy>5.384000</haccuracy>
<vaccuracy>5.384000</vaccuracy>
<internetconnect>0</internetconnect>
</trkpt>
<trkpt lat="35.841831" lon="139.043794">
<ele>636.666667</ele>
<time>2026-05-30T08:21:01Z</time>
<speed>1.674813</speed>
<trueHeading>0.000000</trueHeading>
<magneticHeading>0.000000</magneticHeading>
<gpsHeading>219.007507</gpsHeading>
<haccuracy>6.260000</haccuracy>
<vaccuracy>6.260000</vaccuracy>
<internetconnect>0</internetconnect>
</trkpt>
<trkpt lat="35.841991" lon="139.044472">
<ele>629.666667</ele>
<time>2026-05-30T08:21:50Z</time>
<speed>1.297176</speed>
<trueHeading>0.000000</trueHeading>
<magneticHeading>0.000000</magneticHeading>
<gpsHeading>73.751984</gpsHeading>
<haccuracy>7.514000</haccuracy>
<vaccuracy>7.514000</vaccuracy>
<internetconnect>2</internetconnect>
</trkpt>
<trkpt lat="35.841762" lon="139.044774">
<ele>625.000000</ele>
<time>2026-05-30T08:22:36Z</time>
<speed>1.419056</speed>
<trueHeading>0.000000</trueHeading>
<magneticHeading>0.000000</magneticHeading>
<gpsHeading>133.172897</gpsHeading>
<haccuracy>3.013000</haccuracy>
<vaccuracy>3.013000</vaccuracy>
<internetconnect>2</internetconnect>
</trkpt>
<trkpt lat="35.841779" lon="139.044633">
<ele>619.500000</ele>
<time>2026-05-30T08:22:48Z</time>
<speed>1.096151</speed>
<trueHeading>-999.000000</trueHeading>
<magneticHeading>-999.000000</magneticHeading>
<gpsHeading>278.674438</gpsHeading>
<haccuracy>3.030000</haccuracy>
<vaccuracy>3.030000</vaccuracy>
<internetconnect>2</internetconnect>
</trkpt>
</trkseg></trk>
</gpx>
