<?xml version="1.0" encoding="UTF-8"?>
<gpx xmlns:xsi="http://www.w3.org/2001/XMLSchema-instance" xmlns="http://www.topografix.com/GPX/1/0" xsi:schemaLocation="http://www.topografix.com/GPX/1/1 http://www.topografix.com/GPX/1/1/gpx.xsd" creator="Geographica - http://geographica.biz/" appVersion="Ver 2.1.61:4412" device="google sunfish" android="13" carrier="povo">
<trk>
<name>20260919</name>
<trkseg>
<trkpt lat="35.841593" lon="139.044492">
<ele>614.000000</ele>
<time>2026-09-18T23:24:13Z</time>
<speed>0.273753</speed>
<trueHeading>0.000000</trueHeading>
<magneticHeading>0.000000</magneticHeading>
<gpsHeading>0.000000</gpsHeading>
<haccuracy>5.718000</haccuracy>
<vaccuracy>5.718000</vaccuracy>
<internetconnect>2</internetconnect>
</trkpt>
<trkpt lat="35.841590" lon="139.044485">
<ele>614.000000</ele>
<time>2026-09-18T23:24:13Z</time>
<speed>0.183301</speed>
<trueHeading>0.000000</trueHeading>
<magneticHeading>0.000000</magneticHeading>
<gpsHeading>0.000000</gpsHeading>
<haccuracy>5.537000</haccuracy>
<vaccuracy>5.537000</vaccuracy>
<internetconnect>2</internetconnect>
</trkpt>
<trkpt lat="35.841379" lon="139.044204">
<ele>614.000000</ele>
<time>2026-09-18T23:25:23Z</time>
<speed>1.456906</speed>
<trueHeading>0.000000</trueHeading>
<magneticHeading>0.000000</magneticHeading>
<gpsHeading>227.106842</gpsHeading>
<haccuracy>5.298000</haccuracy>
<vaccuracy>5.298000</vaccuracy>
<internetconnect>2</internetconnect>
</trkpt>
<trkpt lat="35.841238" lon="139.043898">
<ele>613.666667</ele>
<time>2026-09-18T23:26:27Z</time>
<speed>0.872644</speed>
<trueHeading>0.000000</trueHeading>
<magneticHeading>0.000000</magneticHeading>
<gpsHeading>240.414932</gpsHeading>
<haccuracy>9.197000</haccuracy>
<vaccuracy>9.197000</vaccuracy>
<internetconnect>2</internetconnect>
</trkpt>
<trkpt lat="35.841199" lon="139.043222">
<ele>615.000000</ele>
<time>2026-09-18T23:27:15Z</time>
<speed>1.216539</speed>
<trueHeading>0.000000</trueHeading>
<magneticHeading>0.000000</magneticHeading>
<gpsHeading>265.921814</gpsHeading>
<haccuracy>5.467000</haccuracy>
<vaccuracy>5.467000</vaccuracy>
<internetconnect>2</internetconnect>
</trkpt>
<trkpt lat="35.841453" lon="139.042428">
<ele>614.333333</ele>
<time>2026-09-18T23:28:01Z</time>
<speed>1.499696</speed>
<trueHeading>0.000000</trueHeading>
<magneticHeading>0.000000</magneticHeading>
<gpsHeading>291.519684</gpsHeading>
<haccuracy>9.333000</haccuracy>
<vaccuracy>9.333000</vaccuracy>
<internetconnect>2</internetconnect>
</trkpt>
<trkpt lat="35.841052" lon="139.041953">
<ele>615.333333</ele>
<time>2026-09-18T23:28:49Z</time>
<speed>1.506237</speed>
<trueHeading>0.000000</trueHeading>
<magneticHeading>0.000000</magneticHeading>
<gpsHeading>223.857132</gpsHeading>
<haccuracy>5.593000</haccuracy>
<vaccuracy>5.593000</vaccuracy>
<internetconnect>2</internetconnect>
</trkpt>
<trkpt lat="35.841056" lon="139.041255">
<ele>615.000000</ele>
<time>2026-09-18T23:29:36Z</time>
<speed>1.458885</speed>
<trueHeading>0.000000</trueHeading>
<magneticHeading>0.000000</magneticHeading>
<gpsHeading>270.415283</gpsHeading>
<haccuracy>5.241000</haccuracy>
<vaccuracy>5.241000</vaccuracy>
<internetconnect>2</internetconnect>
</trkpt>
<trkpt lat="35.841157" lon="139.040523">
<ele>616.666667</ele>
<time>2026-09-18T23:30:23Z</time>
<speed>1.442710</speed>
<trueHeading>0.000000</trueHeading>
<magneticHeading>0.000000</magneticHeading>
<gpsHeading>279.717224</gpsHeading>
<haccuracy>5.133000</haccuracy>
<vaccuracy>5.133000</vaccuracy>
<internetconnect>2</internetconnect>
</trkpt>
<trkpt lat="35.841282" lon="139.039784">
<ele>617.333333</ele>
<time>2026-09-18T23:31:10Z</time>
<speed>1.412919</speed>
<trueHeading>0.000000</trueHeading>
<magneticHeading>0.000000</magneticHeading>
<gpsHeading>281.764709</gpsHeading>
<haccuracy>8.894000</haccuracy>
<vaccuracy>8.894000</vaccuracy>
<internetconnect>2</internetconnect>
</trkpt>
<trkpt lat="35.841703" lon="139.039261">
<ele>617.666667</ele>
<time>2026-09-18T23:31:58Z</time>
<speed>1.482882</speed>
<trueHeading>0.000000</trueHeading>
<magneticHeading>0.000000</magneticHeading>
<gpsHeading>314.801636</gpsHeading>
<haccuracy>7.808000</haccuracy>
<vaccuracy>7.808000</vaccuracy>
<internetconnect>2</internetconnect>
</trkpt>
<trkpt lat="35.842068" lon="139.038677">
<ele>618.000000</ele>
<time>2026-09-18T23:32:46Z</time>
<speed>0.184949</speed>
<trueHeading>0.000000</trueHeading>
<magneticHeading>0.000000</magneticHeading>
<gpsHeading>307.622711</gpsHeading>
<haccuracy>8.638000</haccuracy>
<vaccuracy>8.638000</vaccuracy>
<internetconnect>2</internetconnect>
</trkpt>
<trkpt lat="35.842282" lon="139.038393">
<ele>614.666667</ele>
<time>2026-09-18T23:34:22Z</time>
<speed>1.426081</speed>
<trueHeading>0.000000</trueHeading>
<magneticHeading>0.000000</magneticHeading>
<gpsHeading>312.918762</gpsHeading>
<haccuracy>3.246000</haccuracy>
<vaccuracy>3.246000</vaccuracy>
<internetconnect>2</internetconnect>
</trkpt>
<trkpt lat="35.842807" lon="139.038112">
<ele>613.333333</ele>
<time>2026-09-18T23:35:09Z</time>
<speed>1.475497</speed>
<trueHeading>0.000000</trueHeading>
<magneticHeading>0.000000</magneticHeading>
<gpsHeading>336.494690</gpsHeading>
<haccuracy>4.730000</haccuracy>
<vaccuracy>4.730000</vaccuracy>
<internetconnect>2</internetconnect>
</trkpt>
<trkpt lat="35.843372" lon="139.038592">
<ele>599.000000</ele>
<time>2026-09-18T23:35:56Z</time>
<speed>1.458796</speed>
<trueHeading>0.000000</trueHeading>
<magneticHeading>0.000000</magneticHeading>
<gpsHeading>34.520100</gpsHeading>
<haccuracy>6.408000</haccuracy>
<vaccuracy>6.408000</vaccuracy>
<internetconnect>2</internetconnect>
</trkpt>
<trkpt lat="35.843833" lon="139.038247">
<ele>600.666667</ele>
<time>2026-09-18T23:36:42Z</time>
<speed>1.476830</speed>
<trueHeading>0.000000</trueHeading>
<magneticHeading>0.000000</magneticHeading>
<gpsHeading>328.810547</gpsHeading>
<haccuracy>5.980000</haccuracy>
<vaccuracy>5.980000</vaccuracy>
<internetconnect>2</internetconnect>
</trkpt>
<trkpt lat="35.844203" lon="139.038758">
<ele>600.000000</ele>
<time>2026-09-18T23:37:29Z</time>
<speed>1.491197</speed>
<trueHeading>0.000000</trueHeading>
<magneticHeading>0.000000</magneticHeading>
<gpsHeading>48.202408</gpsHeading>
<haccuracy>5.817000</haccuracy>
<vaccuracy>5.817000</vaccuracy>
<internetconnect>2</internetconnect>
</trkpt>
<trkpt lat="35.844668" lon="139.039029">
<ele>609.000000</ele>
<time>2026-09-18T23:38:16Z</time>
<speed>1.484419</speed>
<trueHeading>0.000000</trueHeading>
<magneticHeading>0.000000</magneticHeading>
<gpsHeading>25.320339</gpsHeading>
<haccuracy>5.502000</haccuracy>
<vaccuracy>5.502000</vaccuracy>
<internetconnect>2</internetconnect>
</trkpt>
<trkpt lat="35.845367" lon="139.039006">
<ele>607.000000</ele>
<time>2026-09-18T23:39:03Z</time>
<speed>1.434101</speed>
<trueHeading>0.000000</trueHeading>
<magneticHeading>0.000000</magneticHeading>
<gpsHeading>358.439178</gpsHeading>
<haccuracy>6.169000</haccuracy>
<vaccuracy>6.169000</vaccuracy>
<internetconnect>2</internetconnect>
</trkpt>
<trkpt lat="35.845824" lon="139.038922">
<ele>605.333333</ele>
<time>2026-09-18T23:39:51Z</time>
<speed>1.379942</speed>
<trueHeading>0.000000</trueHeading>
<magneticHeading>0.000000</magneticHeading>
<gpsHeading>351.547333</gpsHeading>
<haccuracy>5.729000</haccuracy>
<vaccuracy>5.729000</vaccuracy>
<internetconnect>2</internetconnect>
</trkpt>
<trkpt lat="35.846386" lon="139.038647">
<ele>607.000000</ele>
<time>2026-09-18T23:40:39Z</time>
<speed>1.431180</speed>
<trueHeading>0.000000</trueHeading>
<magneticHeading>0.000000</magneticHeading>
<gpsHeading>338.329071</gpsHeading>
<haccuracy>5.374000</haccuracy>
<vaccuracy>5.374000</vaccuracy>
<internetconnect>2</internetconnect>
</trkpt>
<trkpt lat="35.846897" lon="139.038665">
<ele>611.333333</ele>
<time>2026-09-18T23:41:26Z</time>
<speed>1.374265</speed>
<trueHeading>0.000000</trueHeading>
<magneticHeading>0.000000</magneticHeading>
<gpsHeading>1.698756</gpsHeading>
<haccuracy>5.321000</haccuracy>
<vaccuracy>5.321000</vaccuracy>
<internetconnect>2</internetconnect>
</trkpt>
<trkpt lat="35.847448" lon="139.038494">
<ele>613.000000</ele>
<time>2026-09-18T23:42:13Z</time>
<speed>1.452927</speed>
<trueHeading>0.000000</trueHeading>
<magneticHeading>0.000000</magneticHeading>
<gpsHeading>345.878571</gpsHeading>
<haccuracy>5.923000</haccuracy>
<vaccuracy>5.923000</vaccuracy>
<internetconnect>2</internetconnect>
</trkpt>
<trkpt lat="35.847801" lon="139.037924">
<ele>610.333333</ele>
<time>2026-09-18T23:43:00Z</time>
<speed>1.499736</speed>
<trueHeading>0.000000</trueHeading>
<magneticHeading>0.000000</magneticHeading>
<gpsHeading>307.326874</gpsHeading>
<haccuracy>5.355000</haccuracy>
<vaccuracy>5.355000</vaccuracy>
<internetconnect>2</internetconnect>
</trkpt>
<trkpt lat="35.848311" lon="139.037580">
<ele>605.666667</ele>
<time>2026-09-18T23:43:47Z</time>
<speed>1.436280</speed>
<trueHeading>0.000000</trueHeading>
<magneticHeading>0.000000</magneticHeading>
<gpsHeading>331.313904</gpsHeading>
<haccuracy>5.954000</haccuracy>
<vaccuracy>5.954000</vaccuracy>
<internetconnect>2</internetconnect>
</trkpt>
<trkpt lat="35.848861" lon="139.037366">
<ele>598.333333</ele>
<time>2026-09-18T23:44:34Z</time>
<speed>1.292236</speed>
<trueHeading>0.000000</trueHeading>
<magneticHeading>0.000000</magneticHeading>
<gpsHeading>342.481476</gpsHeading>
<haccuracy>5.406000</haccuracy>
<vaccuracy>5.406000</vaccuracy>
<internetconnect>2</internetconnect>
</trkpt>
<trkpt lat="35.849034" lon="139.038074">
<ele>600.666667</ele>
<time>2026-09-18T23:45:22Z</time>
<speed>1.487535</speed>
<trueHeading>0.000000</trueHeading>
<magneticHeading>0.000000</magneticHeading>
<gpsHeading>73.194496</gpsHeading>
<haccuracy>7.602000</haccuracy>
<vaccuracy>7.602000</vaccuracy>
<internetconnect>2</internetconnect>
</trkpt>
<trkpt lat="35.849523" lon="139.038520">
<ele>603.333333</ele>
<time>2026-09-18T23:46:09Z</time>
<speed>1.451302</speed>
<trueHeading>0.000000</trueHeading>
<magneticHeading>0.000000</magneticHeading>
<gpsHeading>36.486671</gpsHeading>
<haccuracy>6.371000</haccuracy>
<vaccuracy>6.371000</vaccuracy>
<internetconnect>2</internetconnect>
</trkpt>
<trkpt lat="35.849829" lon="139.039014">
<ele>612.333333</ele>
<time>2026-09-18T23:46:58Z</time>
<speed>1.524769</speed>
<trueHeading>0.000000</trueHeading>
<magneticHeading>0.000000</magneticHeading>
<gpsHeading>52.678902</gpsHeading>
<haccuracy>4.989000</haccuracy>
<vaccuracy>4.989000</vaccuracy>
<internetconnect>2</internetconnect>
</trkpt>
<trkpt lat="35.850233" lon="139.039486">
<ele>617.000000</ele>
<time>2026-09-18T23:47:45Z</time>
<speed>1.458038</speed>
<trueHeading>0.000000</trueHeading>
<magneticHeading>0.000000</magneticHeading>
<gpsHeading>43.410881</gpsHeading>
<haccuracy>6.808000</haccuracy>
<vaccuracy>6.808000</vaccuracy>
<internetconnect>2</internetconnect>
</trkpt>
<trkpt lat="35.850614" lon="139.039777">
<ele>623.333333</ele>
<time>2026-09-18T23:48:34Z</time>
<speed>0.161502</speed>
<trueHeading>0.000000</trueHeading>
<magneticHeading>0.000000</magneticHeading>
<gpsHeading>31.766590</gpsHeading>
<haccuracy>4.470000</haccuracy>
<vaccuracy>4.470000</vaccuracy>
<internetconnect>2</internetconnect>
</trkpt>
<trkpt lat="35.850893" lon="139.039745">
<ele>628.666667</ele>
<time>2026-09-18T23:49:42Z</time>
<speed>1.379159</speed>
<trueHeading>0.000000</trueHeading>
<magneticHeading>0.000000</magneticHeading>
<gpsHeading>354.624634</gpsHeading>
<haccuracy>4.816000</haccuracy>
<vaccuracy>4.816000</vaccuracy>
<internetconnect>2</internetconnect>
</trkpt>
<trkpt lat="35.851445" lon="139.040132">
<ele>630.666667</ele>
<time>2026-09-18T23:50:29Z</time>
<speed>1.476835</speed>
<trueHeading>0.000000</trueHeading>
<magneticHeading>0.000000</magneticHeading>
<gpsHeading>29.620544</gpsHeading>
<haccuracy>5.836000</haccuracy>
<vaccuracy>5.836000</vaccuracy>
<internetconnect>2</internetconnect>
</trkpt>
<trkpt lat="35.851776" lon="139.040675">
<ele>631.666667</ele>
<time>2026-09-18T23:51:16Z</time>
<speed>1.099689</speed>
<trueHeading>0.000000</trueHeading>
<magneticHeading>0.000000</magneticHeading>
<gpsHeading>53.054443</gpsHeading>
<haccuracy>7.074000</haccuracy>
<vaccuracy>7.074000</vaccuracy>
<internetconnect>2</internetconnect>
</trkpt>
<trkpt lat="35.851835" lon="139.040278">
<ele>637.333333</ele>
<time>2026-09-18T23:52:07Z</time>
<speed>1.102157</speed>
<trueHeading>0.000000</trueHeading>
<magneticHeading>0.000000</magneticHeading>
<gpsHeading>280.375336</gpsHeading>
<haccuracy>4.298000</haccuracy>
<vaccuracy>4.298000</vaccuracy>
<internetconnect>2</internetconnect>
</trkpt>
<trkpt lat="35.852108" lon="139.040172">
<ele>651.333333</ele>
<time>2026-09-18T23:53:16Z</time>
<speed>1.195387</speed>
<trueHeading>0.000000</trueHeading>
<magneticHeading>0.000000</magneticHeading>
<gpsHeading>342.432434</gpsHeading>
<haccuracy>5.392000</haccuracy>
<vaccuracy>5.392000</vaccuracy>
<internetconnect>2</internetconnect>
</trkpt>
<trkpt lat="35.851900" lon="139.039941">
<ele>671.333333</ele>
<time>2026-09-18T23:54:32Z</time>
<speed>1.106987</speed>
<trueHeading>0.000000</trueHeading>
<magneticHeading>0.000000</magneticHeading>
<gpsHeading>221.955215</gpsHeading>
<haccuracy>6.773000</haccuracy>
<vaccuracy>6.773000</vaccuracy>
<internetconnect>2</internetconnect>
</trkpt>
<trkpt lat="35.851757" lon="139.039599">
<ele>685.000000</ele>
<time>2026-09-18T23:55:28Z</time>
<speed>1.195835</speed>
<trueHeading>0.000000</trueHeading>
<magneticHeading>0.000000</magneticHeading>
<gpsHeading>242.789841</gpsHeading>
<haccuracy>6.719000</haccuracy>
<vaccuracy>6.719000</vaccuracy>
<internetconnect>2</internetconnect>
</trkpt>
<trkpt lat="35.852015" lon="139.039762">
<ele>700.666667</ele>
<time>2026-09-18T23:56:25Z</time>
<speed>1.061203</speed>
<trueHeading>0.000000</trueHeading>
<magneticHeading>0.000000</magneticHeading>
<gpsHeading>27.043215</gpsHeading>
<haccuracy>5.665000</haccuracy>
<vaccuracy>5.665000</vaccuracy>
<internetconnect>2</internetconnect>
</trkpt>
<trkpt lat="35.852098" lon="139.039399">
<ele>714.000000</ele>
<time>2026-09-18T23:57:22Z</time>
<speed>0.845698</speed>
<trueHeading>0.000000</trueHeading>
<magneticHeading>0.000000</magneticHeading>
<gpsHeading>285.659363</gpsHeading>
<haccuracy>5.711000</haccuracy>
<vaccuracy>5.711000</vaccuracy>
<internetconnect>2</internetconnect>
</trkpt>
<trkpt lat="35.852253" lon="139.039071">
<ele>732.666667</ele>
<time>2026-09-18T23:58:55Z</time>
<speed>1.101081</speed>
<trueHeading>0.000000</trueHeading>
<magneticHeading>0.000000</magneticHeading>
<gpsHeading>300.347351</gpsHeading>
<haccuracy>5.503000</haccuracy>
<vaccuracy>5.503000</vaccuracy>
<internetconnect>2</internetconnect>
</trkpt>
<trkpt lat="35.852349" lon="139.038983">
<ele>747.000000</ele>
<time>2026-09-19T00:00:59Z</time>
<speed>1.208995</speed>
<trueHeading>0.000000</trueHeading>
<magneticHeading>0.000000</magneticHeading>
<gpsHeading>323.393402</gpsHeading>
<haccuracy>4.984000</haccuracy>
<vaccuracy>4.984000</vaccuracy>
<internetconnect>2</internetconnect>
</trkpt>
<trkpt lat="35.852332" lon="139.038775">
<ele>762.000000</ele>
<time>2026-09-19T00:03:03Z</time>
<speed>1.130666</speed>
<trueHeading>0.000000</trueHeading>
<magneticHeading>0.000000</magneticHeading>
<gpsHeading>264.298370</gpsHeading>
<haccuracy>6.679000</haccuracy>
<vaccuracy>6.679000</vaccuracy>
<internetconnect>2</internetconnect>
</trkpt>
<trkpt lat="35.852211" lon="139.038459">
<ele>775.333333</ele>
<time>2026-09-19T00:04:21Z</time>
<speed>1.153931</speed>
<trueHeading>0.000000</trueHeading>
<magneticHeading>0.000000</magneticHeading>
<gpsHeading>244.656647</gpsHeading>
<haccuracy>7.423000</haccuracy>
<vaccuracy>7.423000</vaccuracy>
<internetconnect>2</internetconnect>
</trkpt>
<trkpt lat="35.851939" lon="139.038312">
<ele>788.666667</ele>
<time>2026-09-19T00:05:08Z</time>
<speed>0.834939</speed>
<trueHeading>0.000000</trueHeading>
<magneticHeading>0.000000</magneticHeading>
<gpsHeading>203.599365</gpsHeading>
<haccuracy>5.830000</haccuracy>
<vaccuracy>5.830000</vaccuracy>
<internetconnect>2</internetconnect>
</trkpt>
<trkpt lat="35.851829" lon="139.038054">
<ele>798.000000</ele>
<time>2026-09-19T00:07:12Z</time>
<speed>0.558994</speed>
<trueHeading>0.000000</trueHeading>
<magneticHeading>0.000000</magneticHeading>
<gpsHeading>242.319168</gpsHeading>
<haccuracy>5.278000</haccuracy>
<vaccuracy>5.278000</vaccuracy>
<internetconnect>2</internetconnect>
</trkpt>
<trkpt lat="35.851950" lon="139.037973">
<ele>813.333333</ele>
<time>2026-09-19T00:09:18Z</time>
<speed>0.280000</speed>
<trueHeading>0.000000</trueHeading>
<magneticHeading>0.000000</magneticHeading>
<gpsHeading>331.159393</gpsHeading>
<haccuracy>11.197000</haccuracy>
<vaccuracy>11.197000</vaccuracy>
<internetconnect>2</internetconnect>
</trkpt>
<trkpt lat="35.852230" lon="139.037792">
<ele>833.333333</ele>
<time>2026-09-19T00:10:46Z</time>
<speed>0.998527</speed>
<trueHeading>0.000000</trueHeading>
<magneticHeading>0.000000</magneticHeading>
<gpsHeading>332.501190</gpsHeading>
<haccuracy>5.346000</haccuracy>
<vaccuracy>5.346000</vaccuracy>
<internetconnect>2</internetconnect>
</trkpt>
<trkpt lat="35.852292" lon="139.037434">
<ele>850.333333</ele>
<time>2026-09-19T00:12:18Z</time>
<speed>0.821863</speed>
<trueHeading>0.000000</trueHeading>
<magneticHeading>0.000000</magneticHeading>
<gpsHeading>281.925446</gpsHeading>
<haccuracy>5.774000</haccuracy>
<vaccuracy>5.774000</vaccuracy>
<internetconnect>2</internetconnect>
</trkpt>
<trkpt lat="35.852208" lon="139.037097">
<ele>860.333333</ele>
<time>2026-09-19T00:13:27Z</time>
<speed>0.619663</speed>
<trueHeading>0.000000</trueHeading>
<magneticHeading>0.000000</magneticHeading>
<gpsHeading>252.982727</gpsHeading>
<haccuracy>6.678000</haccuracy>
<vaccuracy>6.678000</vaccuracy>
<internetconnect>2</internetconnect>
</trkpt>
<trkpt lat="35.852252" lon="139.037157">
<ele>862.000000</ele>
<time>2026-09-19T00:15:42Z</time>
<speed>0.271041</speed>
<trueHeading>0.000000</trueHeading>
<magneticHeading>0.000000</magneticHeading>
<gpsHeading>48.395565</gpsHeading>
<haccuracy>7.003000</haccuracy>
<vaccuracy>7.003000</vaccuracy>
<internetconnect>2</internetconnect>
</trkpt>
<trkpt lat="35.852261" lon="139.037151">
<ele>863.000000</ele>
<time>2026-09-19T00:17:52Z</time>
<speed>0.540468</speed>
<trueHeading>0.000000</trueHeading>
<magneticHeading>0.000000</magneticHeading>
<gpsHeading>333.607422</gpsHeading>
<haccuracy>11.496000</haccuracy>
<vaccuracy>11.496000</vaccuracy>
<internetconnect>2</internetconnect>
</trkpt>
<trkpt lat="35.852245" lon="139.037167">
<ele>863.000000</ele>
<time>2026-09-19T00:20:19Z</time>
<speed>0.000000</speed>
<trueHeading>0.000000</trueHeading>
<magneticHeading>0.000000</magneticHeading>
<gpsHeading>142.014557</gpsHeading>
<haccuracy>10.446000</haccuracy>
<vaccuracy>10.446000</vaccuracy>
<internetconnect>2</internetconnect>
</trkpt>
<trkpt lat="35.852248" lon="139.037167">
<ele>863.000000</ele>
<time>2026-09-19T00:23:01Z</time>
<speed>0.000000</speed>
<trueHeading>0.000000</trueHeading>
<magneticHeading>0.000000</magneticHeading>
<gpsHeading>1.406988</gpsHeading>
<haccuracy>9.939000</haccuracy>
<vaccuracy>9.939000</vaccuracy>
<internetconnect>2</internetconnect>
</trkpt>
<trkpt lat="35.852246" lon="139.037178">
<ele>863.000000</ele>
<time>2026-09-19T00:26:13Z</time>
<speed>0.000000</speed>
<trueHeading>0.000000</trueHeading>
<magneticHeading>0.000000</magneticHeading>
<gpsHeading>103.490204</gpsHeading>
<haccuracy>9.935000</haccuracy>
<vaccuracy>9.935000</vaccuracy>
<internetconnect>2</internetconnect>
</trkpt>
<trkpt lat="35.852255" lon="139.037179">
<ele>864.000000</ele>
<time>2026-09-19T00:32:55Z</time>
<speed>0.256815</speed>
<trueHeading>0.000000</trueHeading>
<magneticHeading>0.000000</magneticHeading>
<gpsHeading>2.993399</gpsHeading>
<haccuracy>5.430000</haccuracy>
<vaccuracy>5.430000</vaccuracy>
<internetconnect>2</internetconnect>
</trkpt>
<trkpt lat="35.852303" lon="139.037232">
<ele>868.666667</ele>
<time>2026-09-19T00:35:01Z</time>
<speed>0.275657</speed>
<trueHeading>0.000000</trueHeading>
<magneticHeading>0.000000</magneticHeading>
<gpsHeading>42.254166</gpsHeading>
<haccuracy>4.240000</haccuracy>
<vaccuracy>4.240000</vaccuracy>
<internetconnect>2</internetconnect>
</trkpt>
<trkpt lat="35.852571" lon="139.037086">
<ele>876.666667</ele>
<time>2026-09-19T00:35:48Z</time>
<speed>0.735403</speed>
<trueHeading>0.000000</trueHeading>
<magneticHeading>0.000000</magneticHeading>
<gpsHeading>336.049225</gpsHeading>
<haccuracy>4.899000</haccuracy>
<vaccuracy>4.899000</vaccuracy>
<internetconnect>2</internetconnect>
</trkpt>
<trkpt lat="35.852834" lon="139.036919">
<ele>887.000000</ele>
<time>2026-09-19T00:36:36Z</time>
<speed>0.908610</speed>
<trueHeading>0.000000</trueHeading>
<magneticHeading>0.000000</magneticHeading>
<gpsHeading>332.854095</gpsHeading>
<haccuracy>8.242000</haccuracy>
<vaccuracy>8.242000</vaccuracy>
<internetconnect>2</internetconnect>
</trkpt>
<trkpt lat="35.853111" lon="139.036972">
<ele>900.666667</ele>
<time>2026-09-19T00:37:23Z</time>
<speed>1.051793</speed>
<trueHeading>0.000000</trueHeading>
<magneticHeading>0.000000</magneticHeading>
<gpsHeading>8.847407</gpsHeading>
<haccuracy>5.923000</haccuracy>
<vaccuracy>5.923000</vaccuracy>
<internetconnect>2</internetconnect>
</trkpt>
<trkpt lat="35.853376" lon="139.036780">
<ele>909.000000</ele>
<time>2026-09-19T00:38:16Z</time>
<speed>1.092362</speed>
<trueHeading>0.000000</trueHeading>
<magneticHeading>0.000000</magneticHeading>
<gpsHeading>329.574005</gpsHeading>
<haccuracy>10.440000</haccuracy>
<vaccuracy>10.440000</vaccuracy>
<internetconnect>2</internetconnect>
</trkpt>
<trkpt lat="35.853264" lon="139.036461">
<ele>920.000000</ele>
<time>2026-09-19T00:39:10Z</time>
<speed>1.135566</speed>
<trueHeading>0.000000</trueHeading>
<magneticHeading>0.000000</magneticHeading>
<gpsHeading>246.423218</gpsHeading>
<haccuracy>3.589000</haccuracy>
<vaccuracy>3.589000</vaccuracy>
<internetconnect>2</internetconnect>
</trkpt>
<trkpt lat="35.853556" lon="139.036325">
<ele>931.333333</ele>
<time>2026-09-19T00:40:27Z</time>
<speed>1.053673</speed>
<trueHeading>0.000000</trueHeading>
<magneticHeading>0.000000</magneticHeading>
<gpsHeading>339.388031</gpsHeading>
<haccuracy>9.234000</haccuracy>
<vaccuracy>9.234000</vaccuracy>
<internetconnect>2</internetconnect>
</trkpt>
<trkpt lat="35.853805" lon="139.036338">
<ele>954.000000</ele>
<time>2026-09-19T00:42:28Z</time>
<speed>0.156976</speed>
<trueHeading>0.000000</trueHeading>
<magneticHeading>0.000000</magneticHeading>
<gpsHeading>2.303982</gpsHeading>
<haccuracy>6.091000</haccuracy>
<vaccuracy>6.091000</vaccuracy>
<internetconnect>2</internetconnect>
</trkpt>
<trkpt lat="35.854031" lon="139.036518">
<ele>974.666667</ele>
<time>2026-09-19T00:44:32Z</time>
<speed>1.000174</speed>
<trueHeading>0.000000</trueHeading>
<magneticHeading>0.000000</magneticHeading>
<gpsHeading>32.838005</gpsHeading>
<haccuracy>4.253000</haccuracy>
<vaccuracy>4.253000</vaccuracy>
<internetconnect>2</internetconnect>
</trkpt>
<trkpt lat="35.854258" lon="139.036360">
<ele>989.666667</ele>
<time>2026-09-19T00:46:38Z</time>
<speed>0.912844</speed>
<trueHeading>0.000000</trueHeading>
<magneticHeading>0.000000</magneticHeading>
<gpsHeading>330.479401</gpsHeading>
<haccuracy>3.000000</haccuracy>
<vaccuracy>3.000000</vaccuracy>
<internetconnect>2</internetconnect>
</trkpt>
<trkpt lat="35.854471" lon="139.036090">
<ele>997.000000</ele>
<time>2026-09-19T00:47:55Z</time>
<speed>1.152551</speed>
<trueHeading>0.000000</trueHeading>
<magneticHeading>0.000000</magneticHeading>
<gpsHeading>314.372620</gpsHeading>
<haccuracy>3.005000</haccuracy>
<vaccuracy>3.005000</vaccuracy>
<internetconnect>2</internetconnect>
</trkpt>
<trkpt lat="35.854588" lon="139.035770">
<ele>1000.000000</ele>
<time>2026-09-19T00:48:51Z</time>
<speed>0.256138</speed>
<trueHeading>0.000000</trueHeading>
<magneticHeading>0.000000</magneticHeading>
<gpsHeading>294.180237</gpsHeading>
<haccuracy>3.000000</haccuracy>
<vaccuracy>3.000000</vaccuracy>
<internetconnect>2</internetconnect>
</trkpt>
<trkpt lat="35.854672" lon="139.035117">
<ele>1004.666667</ele>
<time>2026-09-19T00:49:39Z</time>
<speed>0.200166</speed>
<trueHeading>0.000000</trueHeading>
<magneticHeading>0.000000</magneticHeading>
<gpsHeading>279.059540</gpsHeading>
<haccuracy>3.301000</haccuracy>
<vaccuracy>3.301000</vaccuracy>
<internetconnect>2</internetconnect>
</trkpt>
<trkpt lat="35.854881" lon="139.034618">
<ele>1008.333333</ele>
<time>2026-09-19T00:50:28Z</time>
<speed>1.205552</speed>
<trueHeading>0.000000</trueHeading>
<magneticHeading>0.000000</magneticHeading>
<gpsHeading>297.330017</gpsHeading>
<haccuracy>5.673000</haccuracy>
<vaccuracy>5.673000</vaccuracy>
<internetconnect>2</internetconnect>
</trkpt>
<trkpt lat="35.855104" lon="139.034277">
<ele>1015.333333</ele>
<time>2026-09-19T00:51:16Z</time>
<speed>1.274878</speed>
<trueHeading>0.000000</trueHeading>
<magneticHeading>0.000000</magneticHeading>
<gpsHeading>308.848816</gpsHeading>
<haccuracy>4.934000</haccuracy>
<vaccuracy>4.934000</vaccuracy>
<internetconnect>0</internetconnect>
</trkpt>
<trkpt lat="35.855566" lon="139.034196">
<ele>1021.666667</ele>
<time>2026-09-19T00:52:03Z</time>
<speed>1.309140</speed>
<trueHeading>0.000000</trueHeading>
<magneticHeading>0.000000</magneticHeading>
<gpsHeading>351.906006</gpsHeading>
<haccuracy>5.962000</haccuracy>
<vaccuracy>5.962000</vaccuracy>
<internetconnect>0</internetconnect>
</trkpt>
<trkpt lat="35.855935" lon="139.033963">
<ele>1030.333333</ele>
<time>2026-09-19T00:52:52Z</time>
<speed>1.148192</speed>
<trueHeading>0.000000</trueHeading>
<magneticHeading>0.000000</magneticHeading>
<gpsHeading>332.862549</gpsHeading>
<haccuracy>5.554000</haccuracy>
<vaccuracy>5.554000</vaccuracy>
<internetconnect>0</internetconnect>
</trkpt>
<trkpt lat="35.856225" lon="139.033691">
<ele>1041.000000</ele>
<time>2026-09-19T00:53:39Z</time>
<speed>1.092719</speed>
<trueHeading>0.000000</trueHeading>
<magneticHeading>0.000000</magneticHeading>
<gpsHeading>322.847931</gpsHeading>
<haccuracy>7.499000</haccuracy>
<vaccuracy>7.499000</vaccuracy>
<internetconnect>0</internetconnect>
</trkpt>
<trkpt lat="35.856556" lon="139.033444">
<ele>1052.333333</ele>
<time>2026-09-19T00:54:26Z</time>
<speed>1.289158</speed>
<trueHeading>0.000000</trueHeading>
<magneticHeading>0.000000</magneticHeading>
<gpsHeading>328.836853</gpsHeading>
<haccuracy>4.967000</haccuracy>
<vaccuracy>4.967000</vaccuracy>
<internetconnect>0</internetconnect>
</trkpt>
<trkpt lat="35.856841" lon="139.033178">
<ele>1064.666667</ele>
<time>2026-09-19T00:55:13Z</time>
<speed>1.230676</speed>
<trueHeading>0.000000</trueHeading>
<magneticHeading>0.000000</magneticHeading>
<gpsHeading>322.801727</gpsHeading>
<haccuracy>5.087000</haccuracy>
<vaccuracy>5.087000</vaccuracy>
<internetconnect>0</internetconnect>
</trkpt>
<trkpt lat="35.857191" lon="139.032966">
<ele>1076.666667</ele>
<time>2026-09-19T00:56:04Z</time>
<speed>1.257711</speed>
<trueHeading>0.000000</trueHeading>
<magneticHeading>0.000000</magneticHeading>
<gpsHeading>333.846161</gpsHeading>
<haccuracy>5.548000</haccuracy>
<vaccuracy>5.548000</vaccuracy>
<internetconnect>0</internetconnect>
</trkpt>
<trkpt lat="35.857536" lon="139.032847">
<ele>1088.333333</ele>
<time>2026-09-19T00:56:51Z</time>
<speed>1.139121</speed>
<trueHeading>0.000000</trueHeading>
<magneticHeading>0.000000</magneticHeading>
<gpsHeading>344.460938</gpsHeading>
<haccuracy>4.724000</haccuracy>
<vaccuracy>4.724000</vaccuracy>
<internetconnect>0</internetconnect>
</trkpt>
<trkpt lat="35.857805" lon="139.033086">
<ele>1100.000000</ele>
<time>2026-09-19T00:57:39Z</time>
<speed>0.868077</speed>
<trueHeading>0.000000</trueHeading>
<magneticHeading>0.000000</magneticHeading>
<gpsHeading>35.863342</gpsHeading>
<haccuracy>6.664000</haccuracy>
<vaccuracy>6.664000</vaccuracy>
<internetconnect>0</internetconnect>
</trkpt>
<trkpt lat="35.858114" lon="139.033105">
<ele>1108.666667</ele>
<time>2026-09-19T00:59:01Z</time>
<speed>0.956686</speed>
<trueHeading>0.000000</trueHeading>
<magneticHeading>0.000000</magneticHeading>
<gpsHeading>2.715400</gpsHeading>
<haccuracy>4.398000</haccuracy>
<vaccuracy>4.398000</vaccuracy>
<internetconnect>0</internetconnect>
</trkpt>
<trkpt lat="35.858419" lon="139.033461">
<ele>1119.333333</ele>
<time>2026-09-19T00:59:48Z</time>
<speed>1.047695</speed>
<trueHeading>0.000000</trueHeading>
<magneticHeading>0.000000</magneticHeading>
<gpsHeading>43.502541</gpsHeading>
<haccuracy>5.366000</haccuracy>
<vaccuracy>5.366000</vaccuracy>
<internetconnect>0</internetconnect>
</trkpt>
<trkpt lat="35.858719" lon="139.033466">
<ele>1127.333333</ele>
<time>2026-09-19T01:00:57Z</time>
<speed>1.095411</speed>
<trueHeading>0.000000</trueHeading>
<magneticHeading>0.000000</magneticHeading>
<gpsHeading>0.694657</gpsHeading>
<haccuracy>5.042000</haccuracy>
<vaccuracy>5.042000</vaccuracy>
<internetconnect>0</internetconnect>
</trkpt>
<trkpt lat="35.858799" lon="139.033295">
<ele>1135.666667</ele>
<time>2026-09-19T01:02:59Z</time>
<speed>0.954284</speed>
<trueHeading>0.000000</trueHeading>
<magneticHeading>0.000000</magneticHeading>
<gpsHeading>299.921021</gpsHeading>
<haccuracy>3.446000</haccuracy>
<vaccuracy>3.446000</vaccuracy>
<internetconnect>0</internetconnect>
</trkpt>
<trkpt lat="35.859099" lon="139.033377">
<ele>1142.000000</ele>
<time>2026-09-19T01:03:55Z</time>
<speed>0.781179</speed>
<trueHeading>0.000000</trueHeading>
<magneticHeading>0.000000</magneticHeading>
<gpsHeading>12.521721</gpsHeading>
<haccuracy>4.826000</haccuracy>
<vaccuracy>4.826000</vaccuracy>
<internetconnect>0</internetconnect>
</trkpt>
<trkpt lat="35.859165" lon="139.032956">
<ele>1148.666667</ele>
<time>2026-09-19T01:04:44Z</time>
<speed>0.976658</speed>
<trueHeading>0.000000</trueHeading>
<magneticHeading>0.000000</magneticHeading>
<gpsHeading>280.993683</gpsHeading>
<haccuracy>3.333000</haccuracy>
<vaccuracy>3.333000</vaccuracy>
<internetconnect>0</internetconnect>
</trkpt>
<trkpt lat="35.859353" lon="139.032441">
<ele>1155.666667</ele>
<time>2026-09-19T01:05:31Z</time>
<speed>1.268178</speed>
<trueHeading>0.000000</trueHeading>
<magneticHeading>0.000000</magneticHeading>
<gpsHeading>294.212646</gpsHeading>
<haccuracy>3.008000</haccuracy>
<vaccuracy>3.008000</vaccuracy>
<internetconnect>0</internetconnect>
</trkpt>
<trkpt lat="35.859354" lon="139.032039">
<ele>1161.333333</ele>
<time>2026-09-19T01:06:19Z</time>
<speed>1.201112</speed>
<trueHeading>0.000000</trueHeading>
<magneticHeading>0.000000</magneticHeading>
<gpsHeading>270.158264</gpsHeading>
<haccuracy>4.731000</haccuracy>
<vaccuracy>4.731000</vaccuracy>
<internetconnect>0</internetconnect>
</trkpt>
<trkpt lat="35.859423" lon="139.031672">
<ele>1167.000000</ele>
<time>2026-09-19T01:07:33Z</time>
<speed>1.145972</speed>
<trueHeading>0.000000</trueHeading>
<magneticHeading>0.000000</magneticHeading>
<gpsHeading>283.051331</gpsHeading>
<haccuracy>3.107000</haccuracy>
<vaccuracy>3.107000</vaccuracy>
<internetconnect>0</internetconnect>
</trkpt>
<trkpt lat="35.859399" lon="139.031270">
<ele>1171.000000</ele>
<time>2026-09-19T01:08:39Z</time>
<speed>1.169303</speed>
<trueHeading>0.000000</trueHeading>
<magneticHeading>0.000000</magneticHeading>
<gpsHeading>265.785919</gpsHeading>
<haccuracy>3.007000</haccuracy>
<vaccuracy>3.007000</vaccuracy>
<internetconnect>0</internetconnect>
</trkpt>
<trkpt lat="35.859281" lon="139.030757">
<ele>1175.666667</ele>
<time>2026-09-19T01:09:28Z</time>
<speed>1.175684</speed>
<trueHeading>0.000000</trueHeading>
<magneticHeading>0.000000</magneticHeading>
<gpsHeading>254.149429</gpsHeading>
<haccuracy>4.477000</haccuracy>
<vaccuracy>4.477000</vaccuracy>
<internetconnect>0</internetconnect>
</trkpt>
<trkpt lat="35.859599" lon="139.030459">
<ele>1176.666667</ele>
<time>2026-09-19T01:10:14Z</time>
<speed>1.150337</speed>
<trueHeading>0.000000</trueHeading>
<magneticHeading>0.000000</magneticHeading>
<gpsHeading>322.809906</gpsHeading>
<haccuracy>5.040000</haccuracy>
<vaccuracy>5.040000</vaccuracy>
<internetconnect>0</internetconnect>
</trkpt>
<trkpt lat="35.859869" lon="139.030235">
<ele>1183.666667</ele>
<time>2026-09-19T01:11:02Z</time>
<speed>0.787123</speed>
<trueHeading>0.000000</trueHeading>
<magneticHeading>0.000000</magneticHeading>
<gpsHeading>326.088104</gpsHeading>
<haccuracy>4.455000</haccuracy>
<vaccuracy>4.455000</vaccuracy>
<internetconnect>0</internetconnect>
</trkpt>
<trkpt lat="35.859736" lon="139.029693">
<ele>1192.333333</ele>
<time>2026-09-19T01:11:50Z</time>
<speed>1.131850</speed>
<trueHeading>0.000000</trueHeading>
<magneticHeading>0.000000</magneticHeading>
<gpsHeading>253.178497</gpsHeading>
<haccuracy>6.122000</haccuracy>
<vaccuracy>6.122000</vaccuracy>
<internetconnect>0</internetconnect>
</trkpt>
<trkpt lat="35.859789" lon="139.029085">
<ele>1205.333333</ele>
<time>2026-09-19T01:12:39Z</time>
<speed>1.268811</speed>
<trueHeading>0.000000</trueHeading>
<magneticHeading>0.000000</magneticHeading>
<gpsHeading>276.189056</gpsHeading>
<haccuracy>4.975000</haccuracy>
<vaccuracy>4.975000</vaccuracy>
<internetconnect>0</internetconnect>
</trkpt>
<trkpt lat="35.859899" lon="139.028741">
<ele>1213.666667</ele>
<time>2026-09-19T01:13:26Z</time>
<speed>0.368685</speed>
<trueHeading>0.000000</trueHeading>
<magneticHeading>0.000000</magneticHeading>
<gpsHeading>291.536896</gpsHeading>
<haccuracy>4.367000</haccuracy>
<vaccuracy>4.367000</vaccuracy>
<internetconnect>0</internetconnect>
</trkpt>
<trkpt lat="35.860191" lon="139.028833">
<ele>1222.333333</ele>
<time>2026-09-19T01:14:14Z</time>
<speed>0.925210</speed>
<trueHeading>0.000000</trueHeading>
<magneticHeading>0.000000</magneticHeading>
<gpsHeading>14.209411</gpsHeading>
<haccuracy>5.215000</haccuracy>
<vaccuracy>5.215000</vaccuracy>
<internetconnect>0</internetconnect>
</trkpt>
<trkpt lat="35.860427" lon="139.028594">
<ele>1232.333333</ele>
<time>2026-09-19T01:15:07Z</time>
<speed>1.040521</speed>
<trueHeading>0.000000</trueHeading>
<magneticHeading>0.000000</magneticHeading>
<gpsHeading>320.669495</gpsHeading>
<haccuracy>4.926000</haccuracy>
<vaccuracy>4.926000</vaccuracy>
<internetconnect>0</internetconnect>
</trkpt>
<trkpt lat="35.860643" lon="139.028318">
<ele>1244.666667</ele>
<time>2026-09-19T01:16:15Z</time>
<speed>0.949165</speed>
<trueHeading>0.000000</trueHeading>
<magneticHeading>0.000000</magneticHeading>
<gpsHeading>313.933868</gpsHeading>
<haccuracy>6.431000</haccuracy>
<vaccuracy>6.431000</vaccuracy>
<internetconnect>0</internetconnect>
</trkpt>
<trkpt lat="35.860788" lon="139.027985">
<ele>1255.333333</ele>
<time>2026-09-19T01:17:13Z</time>
<speed>1.211107</speed>
<trueHeading>0.000000</trueHeading>
<magneticHeading>0.000000</magneticHeading>
<gpsHeading>298.229645</gpsHeading>
<haccuracy>4.814000</haccuracy>
<vaccuracy>4.814000</vaccuracy>
<internetconnect>0</internetconnect>
</trkpt>
<trkpt lat="35.860940" lon="139.027647">
<ele>1264.666667</ele>
<time>2026-09-19T01:18:02Z</time>
<speed>0.629858</speed>
<trueHeading>0.000000</trueHeading>
<magneticHeading>0.000000</magneticHeading>
<gpsHeading>298.994995</gpsHeading>
<haccuracy>4.964000</haccuracy>
<vaccuracy>4.964000</vaccuracy>
<internetconnect>0</internetconnect>
</trkpt>
<trkpt lat="35.861221" lon="139.027439">
<ele>1273.000000</ele>
<time>2026-09-19T01:18:52Z</time>
<speed>1.102354</speed>
<trueHeading>0.000000</trueHeading>
<magneticHeading>0.000000</magneticHeading>
<gpsHeading>329.155792</gpsHeading>
<haccuracy>5.941000</haccuracy>
<vaccuracy>5.941000</vaccuracy>
<internetconnect>0</internetconnect>
</trkpt>
<trkpt lat="35.861385" lon="139.027161">
<ele>1282.000000</ele>
<time>2026-09-19T01:19:39Z</time>
<speed>0.915972</speed>
<trueHeading>0.000000</trueHeading>
<magneticHeading>0.000000</magneticHeading>
<gpsHeading>306.075592</gpsHeading>
<haccuracy>5.050000</haccuracy>
<vaccuracy>5.050000</vaccuracy>
<internetconnect>0</internetconnect>
</trkpt>
<trkpt lat="35.861603" lon="139.026903">
<ele>1291.666667</ele>
<time>2026-09-19T01:20:37Z</time>
<speed>1.081861</speed>
<trueHeading>0.000000</trueHeading>
<magneticHeading>0.000000</magneticHeading>
<gpsHeading>316.080566</gpsHeading>
<haccuracy>4.978000</haccuracy>
<vaccuracy>4.978000</vaccuracy>
<internetconnect>0</internetconnect>
</trkpt>
<trkpt lat="35.861824" lon="139.026657">
<ele>1301.333333</ele>
<time>2026-09-19T01:22:18Z</time>
<speed>1.026347</speed>
<trueHeading>0.000000</trueHeading>
<magneticHeading>0.000000</magneticHeading>
<gpsHeading>317.992401</gpsHeading>
<haccuracy>3.000000</haccuracy>
<vaccuracy>3.000000</vaccuracy>
<internetconnect>0</internetconnect>
</trkpt>
<trkpt lat="35.862179" lon="139.026431">
<ele>1309.666667</ele>
<time>2026-09-19T01:23:05Z</time>
<speed>1.106401</speed>
<trueHeading>0.000000</trueHeading>
<magneticHeading>0.000000</magneticHeading>
<gpsHeading>332.670715</gpsHeading>
<haccuracy>4.743000</haccuracy>
<vaccuracy>4.743000</vaccuracy>
<internetconnect>0</internetconnect>
</trkpt>
<trkpt lat="35.862524" lon="139.026218">
<ele>1316.666667</ele>
<time>2026-09-19T01:23:52Z</time>
<speed>1.284303</speed>
<trueHeading>0.000000</trueHeading>
<magneticHeading>0.000000</magneticHeading>
<gpsHeading>333.499268</gpsHeading>
<haccuracy>5.533000</haccuracy>
<vaccuracy>5.533000</vaccuracy>
<internetconnect>0</internetconnect>
</trkpt>
<trkpt lat="35.862568" lon="139.025789">
<ele>1320.666667</ele>
<time>2026-09-19T01:24:39Z</time>
<speed>1.131476</speed>
<trueHeading>0.000000</trueHeading>
<magneticHeading>0.000000</magneticHeading>
<gpsHeading>277.136597</gpsHeading>
<haccuracy>5.813000</haccuracy>
<vaccuracy>5.813000</vaccuracy>
<internetconnect>0</internetconnect>
</trkpt>
<trkpt lat="35.862683" lon="139.025442">
<ele>1323.333333</ele>
<time>2026-09-19T01:25:41Z</time>
<speed>1.307286</speed>
<trueHeading>0.000000</trueHeading>
<magneticHeading>0.000000</magneticHeading>
<gpsHeading>292.340332</gpsHeading>
<haccuracy>3.136000</haccuracy>
<vaccuracy>3.136000</vaccuracy>
<internetconnect>0</internetconnect>
</trkpt>
<trkpt lat="35.862722" lon="139.025083">
<ele>1326.000000</ele>
<time>2026-09-19T01:26:28Z</time>
<speed>1.125177</speed>
<trueHeading>0.000000</trueHeading>
<magneticHeading>0.000000</magneticHeading>
<gpsHeading>277.580963</gpsHeading>
<haccuracy>4.764000</haccuracy>
<vaccuracy>4.764000</vaccuracy>
<internetconnect>0</internetconnect>
</trkpt>
<trkpt lat="35.862572" lon="139.024603">
<ele>1329.666667</ele>
<time>2026-09-19T01:27:15Z</time>
<speed>0.137970</speed>
<trueHeading>0.000000</trueHeading>
<magneticHeading>0.000000</magneticHeading>
<gpsHeading>248.926147</gpsHeading>
<haccuracy>4.754000</haccuracy>
<vaccuracy>4.754000</vaccuracy>
<internetconnect>0</internetconnect>
</trkpt>
<trkpt lat="35.862535" lon="139.024209">
<ele>1332.666667</ele>
<time>2026-09-19T01:28:08Z</time>
<speed>1.270975</speed>
<trueHeading>0.000000</trueHeading>
<magneticHeading>0.000000</magneticHeading>
<gpsHeading>263.296722</gpsHeading>
<haccuracy>5.163000</haccuracy>
<vaccuracy>5.163000</vaccuracy>
<internetconnect>0</internetconnect>
</trkpt>
<trkpt lat="35.862412" lon="139.023844">
<ele>1335.000000</ele>
<time>2026-09-19T01:29:44Z</time>
<speed>0.780041</speed>
<trueHeading>0.000000</trueHeading>
<magneticHeading>0.000000</magneticHeading>
<gpsHeading>247.421951</gpsHeading>
<haccuracy>5.213000</haccuracy>
<vaccuracy>5.213000</vaccuracy>
<internetconnect>0</internetconnect>
</trkpt>
<trkpt lat="35.862480" lon="139.023766">
<ele>1336.000000</ele>
<time>2026-09-19T01:31:50Z</time>
<speed>0.233988</speed>
<trueHeading>0.000000</trueHeading>
<magneticHeading>0.000000</magneticHeading>
<gpsHeading>317.047241</gpsHeading>
<haccuracy>5.439000</haccuracy>
<vaccuracy>5.439000</vaccuracy>
<internetconnect>0</internetconnect>
</trkpt>
<trkpt lat="35.862475" lon="139.023791">
<ele>1337.000000</ele>
<time>2026-09-19T01:33:54Z</time>
<speed>0.242815</speed>
<trueHeading>0.000000</trueHeading>
<magneticHeading>0.000000</magneticHeading>
<gpsHeading>101.621040</gpsHeading>
<haccuracy>4.003000</haccuracy>
<vaccuracy>4.003000</vaccuracy>
<internetconnect>0</internetconnect>
</trkpt>
<trkpt lat="35.862486" lon="139.023793">
<ele>1337.000000</ele>
<time>2026-09-19T01:36:52Z</time>
<speed>0.120807</speed>
<trueHeading>0.000000</trueHeading>
<magneticHeading>0.000000</magneticHeading>
<gpsHeading>7.175295</gpsHeading>
<haccuracy>4.780000</haccuracy>
<vaccuracy>4.780000</vaccuracy>
<internetconnect>0</internetconnect>
</trkpt>
<trkpt lat="35.862464" lon="139.023849">
<ele>1337.000000</ele>
<time>2026-09-19T01:41:15Z</time>
<speed>0.266594</speed>
<trueHeading>0.000000</trueHeading>
<magneticHeading>0.000000</magneticHeading>
<gpsHeading>115.702263</gpsHeading>
<haccuracy>5.787000</haccuracy>
<vaccuracy>5.787000</vaccuracy>
<internetconnect>0</internetconnect>
</trkpt>
<trkpt lat="35.862486" lon="139.023900">
<ele>1337.666667</ele>
<time>2026-09-19T01:43:26Z</time>
<speed>0.184106</speed>
<trueHeading>0.000000</trueHeading>
<magneticHeading>0.000000</magneticHeading>
<gpsHeading>61.306267</gpsHeading>
<haccuracy>5.929000</haccuracy>
<vaccuracy>5.929000</vaccuracy>
<internetconnect>0</internetconnect>
</trkpt>
<trkpt lat="35.862491" lon="139.023887">
<ele>1335.000000</ele>
<time>2026-09-19T01:50:32Z</time>
<speed>0.205096</speed>
<trueHeading>0.000000</trueHeading>
<magneticHeading>0.000000</magneticHeading>
<gpsHeading>291.115997</gpsHeading>
<haccuracy>3.005000</haccuracy>
<vaccuracy>3.005000</vaccuracy>
<internetconnect>0</internetconnect>
</trkpt>
<trkpt lat="35.862215" lon="139.023627">
<ele>1333.000000</ele>
<time>2026-09-19T01:51:20Z</time>
<speed>0.594638</speed>
<trueHeading>0.000000</trueHeading>
<magneticHeading>0.000000</magneticHeading>
<gpsHeading>217.474777</gpsHeading>
<haccuracy>3.037000</haccuracy>
<vaccuracy>3.037000</vaccuracy>
<internetconnect>0</internetconnect>
</trkpt>
<trkpt lat="35.862292" lon="139.023967">
<ele>1328.000000</ele>
<time>2026-09-19T01:52:42Z</time>
<speed>0.610931</speed>
<trueHeading>0.000000</trueHeading>
<magneticHeading>0.000000</magneticHeading>
<gpsHeading>74.314468</gpsHeading>
<haccuracy>5.359000</haccuracy>
<vaccuracy>5.359000</vaccuracy>
<internetconnect>0</internetconnect>
</trkpt>
<trkpt lat="35.862184" lon="139.023875">
<ele>1327.666667</ele>
<time>2026-09-19T01:54:45Z</time>
<speed>0.730000</speed>
<trueHeading>0.000000</trueHeading>
<magneticHeading>0.000000</magneticHeading>
<gpsHeading>214.698624</gpsHeading>
<haccuracy>10.027000</haccuracy>
<vaccuracy>10.027000</vaccuracy>
<internetconnect>0</internetconnect>
</trkpt>
<trkpt lat="35.862287" lon="139.024194">
<ele>1328.000000</ele>
<time>2026-09-19T01:55:43Z</time>
<speed>0.629628</speed>
<trueHeading>0.000000</trueHeading>
<magneticHeading>0.000000</magneticHeading>
<gpsHeading>68.352287</gpsHeading>
<haccuracy>4.636000</haccuracy>
<vaccuracy>4.636000</vaccuracy>
<internetconnect>0</internetconnect>
</trkpt>
<trkpt lat="35.862435" lon="139.024523">
<ele>1329.000000</ele>
<time>2026-09-19T01:56:41Z</time>
<speed>0.904275</speed>
<trueHeading>0.000000</trueHeading>
<magneticHeading>0.000000</magneticHeading>
<gpsHeading>60.918774</gpsHeading>
<haccuracy>4.422000</haccuracy>
<vaccuracy>4.422000</vaccuracy>
<internetconnect>0</internetconnect>
</trkpt>
<trkpt lat="35.862414" lon="139.024883">
<ele>1324.666667</ele>
<time>2026-09-19T01:58:31Z</time>
<speed>0.151117</speed>
<trueHeading>0.000000</trueHeading>
<magneticHeading>0.000000</magneticHeading>
<gpsHeading>94.273239</gpsHeading>
<haccuracy>3.004000</haccuracy>
<vaccuracy>3.004000</vaccuracy>
<internetconnect>0</internetconnect>
</trkpt>
<trkpt lat="35.862238" lon="139.024957">
<ele>1314.333333</ele>
<time>2026-09-19T02:00:35Z</time>
<speed>0.650000</speed>
<trueHeading>0.000000</trueHeading>
<magneticHeading>0.000000</magneticHeading>
<gpsHeading>160.995270</gpsHeading>
<haccuracy>11.031000</haccuracy>
<vaccuracy>11.031000</vaccuracy>
<internetconnect>0</internetconnect>
</trkpt>
<trkpt lat="35.862075" lon="139.024947">
<ele>1304.000000</ele>
<time>2026-09-19T02:02:39Z</time>
<speed>0.260000</speed>
<trueHeading>0.000000</trueHeading>
<magneticHeading>0.000000</magneticHeading>
<gpsHeading>182.945602</gpsHeading>
<haccuracy>10.267000</haccuracy>
<vaccuracy>10.267000</vaccuracy>
<internetconnect>0</internetconnect>
</trkpt>
<trkpt lat="35.862018" lon="139.024829">
<ele>1294.666667</ele>
<time>2026-09-19T02:04:47Z</time>
<speed>0.000000</speed>
<trueHeading>0.000000</trueHeading>
<magneticHeading>0.000000</magneticHeading>
<gpsHeading>239.334335</gpsHeading>
<haccuracy>4.078000</haccuracy>
<vaccuracy>4.078000</vaccuracy>
<internetconnect>0</internetconnect>
</trkpt>
<trkpt lat="35.861959" lon="139.025121">
<ele>1286.666667</ele>
<time>2026-09-19T02:06:51Z</time>
<speed>0.230000</speed>
<trueHeading>0.000000</trueHeading>
<magneticHeading>0.000000</magneticHeading>
<gpsHeading>103.953857</gpsHeading>
<haccuracy>10.323000</haccuracy>
<vaccuracy>10.323000</vaccuracy>
<internetconnect>0</internetconnect>
</trkpt>
<trkpt lat="35.861832" lon="139.025235">
<ele>1273.000000</ele>
<time>2026-09-19T02:08:54Z</time>
<speed>0.590000</speed>
<trueHeading>0.000000</trueHeading>
<magneticHeading>0.000000</magneticHeading>
<gpsHeading>143.879059</gpsHeading>
<haccuracy>10.308000</haccuracy>
<vaccuracy>10.308000</vaccuracy>
<internetconnect>0</internetconnect>
</trkpt>
<trkpt lat="35.861614" lon="139.025014">
<ele>1260.666667</ele>
<time>2026-09-19T02:09:55Z</time>
<speed>0.440000</speed>
<trueHeading>0.000000</trueHeading>
<magneticHeading>0.000000</magneticHeading>
<gpsHeading>219.303528</gpsHeading>
<haccuracy>11.028000</haccuracy>
<vaccuracy>11.028000</vaccuracy>
<internetconnect>0</internetconnect>
</trkpt>
<trkpt lat="35.861563" lon="139.025157">
<ele>1252.000000</ele>
<time>2026-09-19T02:12:00Z</time>
<speed>0.880000</speed>
<trueHeading>0.000000</trueHeading>
<magneticHeading>0.000000</magneticHeading>
<gpsHeading>113.459717</gpsHeading>
<haccuracy>10.461000</haccuracy>
<vaccuracy>10.461000</vaccuracy>
<internetconnect>0</internetconnect>
</trkpt>
<trkpt lat="35.861531" lon="139.025234">
<ele>1246.000000</ele>
<time>2026-09-19T02:14:13Z</time>
<speed>0.000000</speed>
<trueHeading>0.000000</trueHeading>
<magneticHeading>0.000000</magneticHeading>
<gpsHeading>117.445976</gpsHeading>
<haccuracy>4.259000</haccuracy>
<vaccuracy>4.259000</vaccuracy>
<internetconnect>0</internetconnect>
</trkpt>
<trkpt lat="35.861353" lon="139.025439">
<ele>1240.000000</ele>
<time>2026-09-19T02:16:16Z</time>
<speed>0.000000</speed>
<trueHeading>0.000000</trueHeading>
<magneticHeading>0.000000</magneticHeading>
<gpsHeading>136.941757</gpsHeading>
<haccuracy>10.784000</haccuracy>
<vaccuracy>10.784000</vaccuracy>
<internetconnect>0</internetconnect>
</trkpt>
<trkpt lat="35.861255" lon="139.025435">
<ele>1228.333333</ele>
<time>2026-09-19T02:18:20Z</time>
<speed>0.790000</speed>
<trueHeading>0.000000</trueHeading>
<magneticHeading>0.000000</magneticHeading>
<gpsHeading>181.787170</gpsHeading>
<haccuracy>11.243000</haccuracy>
<vaccuracy>11.243000</vaccuracy>
<internetconnect>0</internetconnect>
</trkpt>
<trkpt lat="35.860974" lon="139.025449">
<ele>1214.666667</ele>
<time>2026-09-19T02:19:49Z</time>
<speed>0.280000</speed>
<trueHeading>0.000000</trueHeading>
<magneticHeading>0.000000</magneticHeading>
<gpsHeading>177.736465</gpsHeading>
<haccuracy>10.240000</haccuracy>
<vaccuracy>10.240000</vaccuracy>
<internetconnect>2</internetconnect>
</trkpt>
<trkpt lat="35.860687" lon="139.025484">
<ele>1206.666667</ele>
<time>2026-09-19T02:21:48Z</time>
<speed>0.730000</speed>
<trueHeading>0.000000</trueHeading>
<magneticHeading>0.000000</magneticHeading>
<gpsHeading>174.325455</gpsHeading>
<haccuracy>10.633000</haccuracy>
<vaccuracy>10.633000</vaccuracy>
<internetconnect>2</internetconnect>
</trkpt>
<trkpt lat="35.860911" lon="139.025387">
<ele>1199.666667</ele>
<time>2026-09-19T02:23:49Z</time>
<speed>0.000000</speed>
<trueHeading>0.000000</trueHeading>
<magneticHeading>0.000000</magneticHeading>
<gpsHeading>340.671906</gpsHeading>
<haccuracy>10.432000</haccuracy>
<vaccuracy>10.432000</vaccuracy>
<internetconnect>2</internetconnect>
</trkpt>
<trkpt lat="35.860738" lon="139.025313">
<ele>1202.666667</ele>
<time>2026-09-19T02:25:51Z</time>
<speed>0.390000</speed>
<trueHeading>0.000000</trueHeading>
<magneticHeading>0.000000</magneticHeading>
<gpsHeading>199.304535</gpsHeading>
<haccuracy>10.264000</haccuracy>
<vaccuracy>10.264000</vaccuracy>
<internetconnect>2</internetconnect>
</trkpt>
<trkpt lat="35.860713" lon="139.025177">
<ele>1198.000000</ele>
<time>2026-09-19T02:27:54Z</time>
<speed>0.890000</speed>
<trueHeading>0.000000</trueHeading>
<magneticHeading>0.000000</magneticHeading>
<gpsHeading>257.355377</gpsHeading>
<haccuracy>10.085000</haccuracy>
<vaccuracy>10.085000</vaccuracy>
<internetconnect>2</internetconnect>
</trkpt>
<trkpt lat="35.860553" lon="139.025131">
<ele>1196.333333</ele>
<time>2026-09-19T02:29:56Z</time>
<speed>1.040000</speed>
<trueHeading>0.000000</trueHeading>
<magneticHeading>0.000000</magneticHeading>
<gpsHeading>193.084473</gpsHeading>
<haccuracy>10.186000</haccuracy>
<vaccuracy>10.186000</vaccuracy>
<internetconnect>2</internetconnect>
</trkpt>
<trkpt lat="35.860619" lon="139.025362">
<ele>1187.666667</ele>
<time>2026-09-19T02:32:25Z</time>
<speed>0.000000</speed>
<trueHeading>0.000000</trueHeading>
<magneticHeading>0.000000</magneticHeading>
<gpsHeading>70.642624</gpsHeading>
<haccuracy>3.806000</haccuracy>
<vaccuracy>3.806000</vaccuracy>
<internetconnect>2</internetconnect>
</trkpt>
<trkpt lat="35.860452" lon="139.025228">
<ele>1178.666667</ele>
<time>2026-09-19T02:34:27Z</time>
<speed>0.000000</speed>
<trueHeading>0.000000</trueHeading>
<magneticHeading>0.000000</magneticHeading>
<gpsHeading>213.055389</gpsHeading>
<haccuracy>10.984000</haccuracy>
<vaccuracy>10.984000</vaccuracy>
<internetconnect>2</internetconnect>
</trkpt>
<trkpt lat="35.860365" lon="139.025404">
<ele>1168.666667</ele>
<time>2026-09-19T02:36:37Z</time>
<speed>0.000000</speed>
<trueHeading>0.000000</trueHeading>
<magneticHeading>0.000000</magneticHeading>
<gpsHeading>121.291176</gpsHeading>
<haccuracy>6.993000</haccuracy>
<vaccuracy>6.993000</vaccuracy>
<internetconnect>2</internetconnect>
</trkpt>
<trkpt lat="35.860307" lon="139.025459">
<ele>1157.666667</ele>
<time>2026-09-19T02:38:55Z</time>
<speed>1.540000</speed>
<trueHeading>0.000000</trueHeading>
<magneticHeading>0.000000</magneticHeading>
<gpsHeading>142.441269</gpsHeading>
<haccuracy>8.102000</haccuracy>
<vaccuracy>8.102000</vaccuracy>
<internetconnect>2</internetconnect>
</trkpt>
<trkpt lat="35.860060" lon="139.025608">
<ele>1145.333333</ele>
<time>2026-09-19T02:41:10Z</time>
<speed>0.320000</speed>
<trueHeading>0.000000</trueHeading>
<magneticHeading>0.000000</magneticHeading>
<gpsHeading>154.000793</gpsHeading>
<haccuracy>5.903000</haccuracy>
<vaccuracy>5.903000</vaccuracy>
<internetconnect>2</internetconnect>
</trkpt>
<trkpt lat="35.859805" lon="139.025466">
<ele>1131.000000</ele>
<time>2026-09-19T02:42:55Z</time>
<speed>0.000000</speed>
<trueHeading>0.000000</trueHeading>
<magneticHeading>0.000000</magneticHeading>
<gpsHeading>204.273300</gpsHeading>
<haccuracy>10.414000</haccuracy>
<vaccuracy>10.414000</vaccuracy>
<internetconnect>2</internetconnect>
</trkpt>
<trkpt lat="35.859666" lon="139.025615">
<ele>1119.666667</ele>
<time>2026-09-19T02:44:57Z</time>
<speed>0.000000</speed>
<trueHeading>0.000000</trueHeading>
<magneticHeading>0.000000</magneticHeading>
<gpsHeading>138.897369</gpsHeading>
<haccuracy>10.055000</haccuracy>
<vaccuracy>10.055000</vaccuracy>
<internetconnect>2</internetconnect>
</trkpt>
<trkpt lat="35.859495" lon="139.025382">
<ele>1110.333333</ele>
<time>2026-09-19T02:47:00Z</time>
<speed>0.000000</speed>
<trueHeading>0.000000</trueHeading>
<magneticHeading>0.000000</magneticHeading>
<gpsHeading>227.717682</gpsHeading>
<haccuracy>10.444000</haccuracy>
<vaccuracy>10.444000</vaccuracy>
<internetconnect>2</internetconnect>
</trkpt>
<trkpt lat="35.859360" lon="139.025576">
<ele>1106.666667</ele>
<time>2026-09-19T02:49:06Z</time>
<speed>0.000000</speed>
<trueHeading>0.000000</trueHeading>
<magneticHeading>0.000000</magneticHeading>
<gpsHeading>130.624542</gpsHeading>
<haccuracy>5.304000</haccuracy>
<vaccuracy>5.304000</vaccuracy>
<internetconnect>2</internetconnect>
</trkpt>
<trkpt lat="35.859413" lon="139.025521">
<ele>1101.333333</ele>
<time>2026-09-19T02:51:19Z</time>
<speed>0.290000</speed>
<trueHeading>0.000000</trueHeading>
<magneticHeading>0.000000</magneticHeading>
<gpsHeading>319.932861</gpsHeading>
<haccuracy>4.473000</haccuracy>
<vaccuracy>4.473000</vaccuracy>
<internetconnect>2</internetconnect>
</trkpt>
<trkpt lat="35.859115" lon="139.025474">
<ele>1100.000000</ele>
<time>2026-09-19T02:52:25Z</time>
<speed>0.838816</speed>
<trueHeading>0.000000</trueHeading>
<magneticHeading>0.000000</magneticHeading>
<gpsHeading>187.325394</gpsHeading>
<haccuracy>7.873000</haccuracy>
<vaccuracy>7.873000</vaccuracy>
<internetconnect>2</internetconnect>
</trkpt>
<trkpt lat="35.858945" lon="139.025331">
<ele>1096.666667</ele>
<time>2026-09-19T02:54:28Z</time>
<speed>0.000000</speed>
<trueHeading>0.000000</trueHeading>
<magneticHeading>0.000000</magneticHeading>
<gpsHeading>214.224854</gpsHeading>
<haccuracy>9.757000</haccuracy>
<vaccuracy>9.757000</vaccuracy>
<internetconnect>2</internetconnect>
</trkpt>
<trkpt lat="35.858935" lon="139.025356">
<ele>1093.333333</ele>
<time>2026-09-19T02:56:32Z</time>
<speed>0.211370</speed>
<trueHeading>0.000000</trueHeading>
<magneticHeading>0.000000</magneticHeading>
<gpsHeading>116.177788</gpsHeading>
<haccuracy>5.614000</haccuracy>
<vaccuracy>5.614000</vaccuracy>
<internetconnect>2</internetconnect>
</trkpt>
<trkpt lat="35.858832" lon="139.025390">
<ele>1089.333333</ele>
<time>2026-09-19T02:59:15Z</time>
<speed>0.360000</speed>
<trueHeading>0.000000</trueHeading>
<magneticHeading>0.000000</magneticHeading>
<gpsHeading>165.035782</gpsHeading>
<haccuracy>10.783000</haccuracy>
<vaccuracy>10.783000</vaccuracy>
<internetconnect>2</internetconnect>
</trkpt>
<trkpt lat="35.858842" lon="139.025438">
<ele>1083.333333</ele>
<time>2026-09-19T03:01:18Z</time>
<speed>0.000000</speed>
<trueHeading>0.000000</trueHeading>
<magneticHeading>0.000000</magneticHeading>
<gpsHeading>75.607178</gpsHeading>
<haccuracy>6.379000</haccuracy>
<vaccuracy>6.379000</vaccuracy>
<internetconnect>2</internetconnect>
</trkpt>
<trkpt lat="35.858788" lon="139.025498">
<ele>1076.000000</ele>
<time>2026-09-19T03:04:04Z</time>
<speed>0.000000</speed>
<trueHeading>0.000000</trueHeading>
<magneticHeading>0.000000</magneticHeading>
<gpsHeading>137.901672</gpsHeading>
<haccuracy>12.549000</haccuracy>
<vaccuracy>12.549000</vaccuracy>
<internetconnect>2</internetconnect>
</trkpt>
<trkpt lat="35.858896" lon="139.025713">
<ele>1067.000000</ele>
<time>2026-09-19T03:06:09Z</time>
<speed>1.190000</speed>
<trueHeading>0.000000</trueHeading>
<magneticHeading>0.000000</magneticHeading>
<gpsHeading>58.078968</gpsHeading>
<haccuracy>16.364000</haccuracy>
<vaccuracy>16.364000</vaccuracy>
<internetconnect>2</internetconnect>
</trkpt>
<trkpt lat="35.858877" lon="139.025884">
<ele>1060.666667</ele>
<time>2026-09-19T03:08:24Z</time>
<speed>0.000000</speed>
<trueHeading>0.000000</trueHeading>
<magneticHeading>0.000000</magneticHeading>
<gpsHeading>97.801849</gpsHeading>
<haccuracy>10.621000</haccuracy>
<vaccuracy>10.621000</vaccuracy>
<internetconnect>2</internetconnect>
</trkpt>
<trkpt lat="35.858883" lon="139.025895">
<ele>1059.000000</ele>
<time>2026-09-19T03:10:29Z</time>
<speed>0.000000</speed>
<trueHeading>0.000000</trueHeading>
<magneticHeading>0.000000</magneticHeading>
<gpsHeading>59.012947</gpsHeading>
<haccuracy>8.654000</haccuracy>
<vaccuracy>8.654000</vaccuracy>
<internetconnect>2</internetconnect>
</trkpt>
<trkpt lat="35.858921" lon="139.025941">
<ele>1055.666667</ele>
<time>2026-09-19T03:12:42Z</time>
<speed>0.410000</speed>
<trueHeading>0.000000</trueHeading>
<magneticHeading>0.000000</magneticHeading>
<gpsHeading>44.101669</gpsHeading>
<haccuracy>10.688000</haccuracy>
<vaccuracy>10.688000</vaccuracy>
<internetconnect>2</internetconnect>
</trkpt>
<trkpt lat="35.858782" lon="139.025982">
<ele>1052.333333</ele>
<time>2026-09-19T03:14:47Z</time>
<speed>0.000000</speed>
<trueHeading>0.000000</trueHeading>
<magneticHeading>0.000000</magneticHeading>
<gpsHeading>166.407394</gpsHeading>
<haccuracy>10.332000</haccuracy>
<vaccuracy>10.332000</vaccuracy>
<internetconnect>2</internetconnect>
</trkpt>
<trkpt lat="35.858732" lon="139.026017">
<ele>1047.000000</ele>
<time>2026-09-19T03:16:50Z</time>
<speed>0.000000</speed>
<trueHeading>0.000000</trueHeading>
<magneticHeading>0.000000</magneticHeading>
<gpsHeading>150.460693</gpsHeading>
<haccuracy>10.457000</haccuracy>
<vaccuracy>10.457000</vaccuracy>
<internetconnect>2</internetconnect>
</trkpt>
<trkpt lat="35.858723" lon="139.026020">
<ele>1045.000000</ele>
<time>2026-09-19T03:19:03Z</time>
<speed>0.500000</speed>
<trueHeading>0.000000</trueHeading>
<magneticHeading>0.000000</magneticHeading>
<gpsHeading>163.955612</gpsHeading>
<haccuracy>10.216000</haccuracy>
<vaccuracy>10.216000</vaccuracy>
<internetconnect>2</internetconnect>
</trkpt>
<trkpt lat="35.858730" lon="139.025968">
<ele>1043.000000</ele>
<time>2026-09-19T03:21:36Z</time>
<speed>0.000000</speed>
<trueHeading>0.000000</trueHeading>
<magneticHeading>0.000000</magneticHeading>
<gpsHeading>279.448395</gpsHeading>
<haccuracy>10.823000</haccuracy>
<vaccuracy>10.823000</vaccuracy>
<internetconnect>2</internetconnect>
</trkpt>
<trkpt lat="35.858720" lon="139.025972">
<ele>1043.000000</ele>
<time>2026-09-19T03:23:43Z</time>
<speed>0.000000</speed>
<trueHeading>0.000000</trueHeading>
<magneticHeading>0.000000</magneticHeading>
<gpsHeading>161.775818</gpsHeading>
<haccuracy>5.885000</haccuracy>
<vaccuracy>5.885000</vaccuracy>
<internetconnect>2</internetconnect>
</trkpt>
<trkpt lat="35.858709" lon="139.025974">
<ele>1043.000000</ele>
<time>2026-09-19T03:26:19Z</time>
<speed>0.222261</speed>
<trueHeading>0.000000</trueHeading>
<magneticHeading>0.000000</magneticHeading>
<gpsHeading>174.266068</gpsHeading>
<haccuracy>7.516000</haccuracy>
<vaccuracy>7.516000</vaccuracy>
<internetconnect>2</internetconnect>
</trkpt>
<trkpt lat="35.858726" lon="139.025982">
<ele>1043.000000</ele>
<time>2026-09-19T03:28:30Z</time>
<speed>0.170470</speed>
<trueHeading>0.000000</trueHeading>
<magneticHeading>0.000000</magneticHeading>
<gpsHeading>20.764944</gpsHeading>
<haccuracy>6.452000</haccuracy>
<vaccuracy>6.452000</vaccuracy>
<internetconnect>2</internetconnect>
</trkpt>
<trkpt lat="35.858725" lon="139.025989">
<ele>1045.333333</ele>
<time>2026-09-19T03:36:14Z</time>
<speed>0.340000</speed>
<trueHeading>0.000000</trueHeading>
<magneticHeading>0.000000</magneticHeading>
<gpsHeading>104.380135</gpsHeading>
<haccuracy>10.396000</haccuracy>
<vaccuracy>10.396000</vaccuracy>
<internetconnect>2</internetconnect>
</trkpt>
<trkpt lat="35.858718" lon="139.025805">
<ele>1053.000000</ele>
<time>2026-09-19T03:38:56Z</time>
<speed>2.740000</speed>
<trueHeading>0.000000</trueHeading>
<magneticHeading>0.000000</magneticHeading>
<gpsHeading>267.660156</gpsHeading>
<haccuracy>10.746000</haccuracy>
<vaccuracy>10.746000</vaccuracy>
<internetconnect>2</internetconnect>
</trkpt>
<trkpt lat="35.858857" lon="139.025623">
<ele>1060.666667</ele>
<time>2026-09-19T03:41:25Z</time>
<speed>0.000000</speed>
<trueHeading>0.000000</trueHeading>
<magneticHeading>0.000000</magneticHeading>
<gpsHeading>313.082001</gpsHeading>
<haccuracy>11.016000</haccuracy>
<vaccuracy>11.016000</vaccuracy>
<internetconnect>2</internetconnect>
</trkpt>
<trkpt lat="35.858834" lon="139.025627">
<ele>1062.666667</ele>
<time>2026-09-19T03:43:38Z</time>
<speed>0.360000</speed>
<trueHeading>0.000000</trueHeading>
<magneticHeading>0.000000</magneticHeading>
<gpsHeading>170.190613</gpsHeading>
<haccuracy>10.854000</haccuracy>
<vaccuracy>10.854000</vaccuracy>
<internetconnect>2</internetconnect>
</trkpt>
<trkpt lat="35.858682" lon="139.025784">
<ele>1053.333333</ele>
<time>2026-09-19T03:45:48Z</time>
<speed>2.780000</speed>
<trueHeading>0.000000</trueHeading>
<magneticHeading>0.000000</magneticHeading>
<gpsHeading>140.249451</gpsHeading>
<haccuracy>8.196000</haccuracy>
<vaccuracy>8.196000</vaccuracy>
<internetconnect>2</internetconnect>
</trkpt>
<trkpt lat="35.858591" lon="139.025885">
<ele>1044.000000</ele>
<time>2026-09-19T03:47:56Z</time>
<speed>0.390000</speed>
<trueHeading>0.000000</trueHeading>
<magneticHeading>0.000000</magneticHeading>
<gpsHeading>138.087265</gpsHeading>
<haccuracy>10.996000</haccuracy>
<vaccuracy>10.996000</vaccuracy>
<internetconnect>2</internetconnect>
</trkpt>
<trkpt lat="35.858588" lon="139.025927">
<ele>1042.000000</ele>
<time>2026-09-19T03:51:53Z</time>
<speed>0.000000</speed>
<trueHeading>0.000000</trueHeading>
<magneticHeading>0.000000</magneticHeading>
<gpsHeading>93.865517</gpsHeading>
<haccuracy>10.854000</haccuracy>
<vaccuracy>10.854000</vaccuracy>
<internetconnect>2</internetconnect>
</trkpt>
<trkpt lat="35.858544" lon="139.025783">
<ele>1042.666667</ele>
<time>2026-09-19T03:54:01Z</time>
<speed>0.075448</speed>
<trueHeading>0.000000</trueHeading>
<magneticHeading>0.000000</magneticHeading>
<gpsHeading>249.214096</gpsHeading>
<haccuracy>4.406000</haccuracy>
<vaccuracy>4.406000</vaccuracy>
<internetconnect>2</internetconnect>
</trkpt>
<trkpt lat="35.858513" lon="139.025794">
<ele>1045.333333</ele>
<time>2026-09-19T03:56:13Z</time>
<speed>0.000000</speed>
<trueHeading>0.000000</trueHeading>
<magneticHeading>0.000000</magneticHeading>
<gpsHeading>163.266251</gpsHeading>
<haccuracy>8.789000</haccuracy>
<vaccuracy>8.789000</vaccuracy>
<internetconnect>2</internetconnect>
</trkpt>
<trkpt lat="35.858501" lon="139.025774">
<ele>1038.333333</ele>
<time>2026-09-19T04:00:04Z</time>
<speed>1.270000</speed>
<trueHeading>0.000000</trueHeading>
<magneticHeading>0.000000</magneticHeading>
<gpsHeading>233.852127</gpsHeading>
<haccuracy>12.584000</haccuracy>
<vaccuracy>12.584000</vaccuracy>
<internetconnect>2</internetconnect>
</trkpt>
<trkpt lat="35.858239" lon="139.025639">
<ele>1036.666667</ele>
<time>2026-09-19T04:01:55Z</time>
<speed>0.000000</speed>
<trueHeading>0.000000</trueHeading>
<magneticHeading>0.000000</magneticHeading>
<gpsHeading>202.619202</gpsHeading>
<haccuracy>10.486000</haccuracy>
<vaccuracy>10.486000</vaccuracy>
<internetconnect>2</internetconnect>
</trkpt>
<trkpt lat="35.858232" lon="139.025615">
<ele>1032.666667</ele>
<time>2026-09-19T04:03:58Z</time>
<speed>0.200000</speed>
<trueHeading>0.000000</trueHeading>
<magneticHeading>0.000000</magneticHeading>
<gpsHeading>251.449951</gpsHeading>
<haccuracy>10.477000</haccuracy>
<vaccuracy>10.477000</vaccuracy>
<internetconnect>2</internetconnect>
</trkpt>
<trkpt lat="35.858258" lon="139.025673">
<ele>1030.000000</ele>
<time>2026-09-19T04:06:07Z</time>
<speed>0.000000</speed>
<trueHeading>0.000000</trueHeading>
<magneticHeading>0.000000</magneticHeading>
<gpsHeading>61.072163</gpsHeading>
<haccuracy>10.448000</haccuracy>
<vaccuracy>10.448000</vaccuracy>
<internetconnect>2</internetconnect>
</trkpt>
<trkpt lat="35.858218" lon="139.025874">
<ele>1020.000000</ele>
<time>2026-09-19T04:08:11Z</time>
<speed>0.960000</speed>
<trueHeading>0.000000</trueHeading>
<magneticHeading>0.000000</magneticHeading>
<gpsHeading>103.915085</gpsHeading>
<haccuracy>18.917000</haccuracy>
<vaccuracy>18.917000</vaccuracy>
<internetconnect>2</internetconnect>
</trkpt>
<trkpt lat="35.858154" lon="139.026068">
<ele>1010.333333</ele>
<time>2026-09-19T04:10:16Z</time>
<speed>0.000000</speed>
<trueHeading>0.000000</trueHeading>
<magneticHeading>0.000000</magneticHeading>
<gpsHeading>111.856384</gpsHeading>
<haccuracy>10.342000</haccuracy>
<vaccuracy>10.342000</vaccuracy>
<internetconnect>2</internetconnect>
</trkpt>
<trkpt lat="35.858128" lon="139.026060">
<ele>1009.000000</ele>
<time>2026-09-19T04:12:20Z</time>
<speed>2.910000</speed>
<trueHeading>0.000000</trueHeading>
<magneticHeading>0.000000</magneticHeading>
<gpsHeading>193.181335</gpsHeading>
<haccuracy>5.101000</haccuracy>
<vaccuracy>5.101000</vaccuracy>
<internetconnect>2</internetconnect>
</trkpt>
<trkpt lat="35.858220" lon="139.025943">
<ele>1011.333333</ele>
<time>2026-09-19T04:14:30Z</time>
<speed>0.000000</speed>
<trueHeading>0.000000</trueHeading>
<magneticHeading>0.000000</magneticHeading>
<gpsHeading>313.935638</gpsHeading>
<haccuracy>10.591000</haccuracy>
<vaccuracy>10.591000</vaccuracy>
<internetconnect>2</internetconnect>
</trkpt>
<trkpt lat="35.858191" lon="139.025998">
<ele>1013.666667</ele>
<time>2026-09-19T04:17:58Z</time>
<speed>0.000000</speed>
<trueHeading>0.000000</trueHeading>
<magneticHeading>0.000000</magneticHeading>
<gpsHeading>122.220833</gpsHeading>
<haccuracy>9.935000</haccuracy>
<vaccuracy>9.935000</vaccuracy>
<internetconnect>2</internetconnect>
</trkpt>
<trkpt lat="35.858186" lon="139.026008">
<ele>1008.333333</ele>
<time>2026-09-19T04:20:08Z</time>
<speed>0.137827</speed>
<trueHeading>0.000000</trueHeading>
<magneticHeading>0.000000</magneticHeading>
<gpsHeading>122.473015</gpsHeading>
<haccuracy>5.017000</haccuracy>
<vaccuracy>5.017000</vaccuracy>
<internetconnect>2</internetconnect>
</trkpt>
<trkpt lat="35.858043" lon="139.025988">
<ele>1002.333333</ele>
<time>2026-09-19T04:22:09Z</time>
<speed>0.255949</speed>
<trueHeading>0.000000</trueHeading>
<magneticHeading>0.000000</magneticHeading>
<gpsHeading>186.490631</gpsHeading>
<haccuracy>5.293000</haccuracy>
<vaccuracy>5.293000</vaccuracy>
<internetconnect>2</internetconnect>
</trkpt>
<trkpt lat="35.858003" lon="139.026070">
<ele>1001.000000</ele>
<time>2026-09-19T04:24:38Z</time>
<speed>0.308494</speed>
<trueHeading>0.000000</trueHeading>
<magneticHeading>0.000000</magneticHeading>
<gpsHeading>120.638596</gpsHeading>
<haccuracy>5.850000</haccuracy>
<vaccuracy>5.850000</vaccuracy>
<internetconnect>2</internetconnect>
</trkpt>
<trkpt lat="35.858133" lon="139.026039">
<ele>999.666667</ele>
<time>2026-09-19T04:26:46Z</time>
<speed>1.324421</speed>
<trueHeading>0.000000</trueHeading>
<magneticHeading>0.000000</magneticHeading>
<gpsHeading>349.110565</gpsHeading>
<haccuracy>5.791000</haccuracy>
<vaccuracy>5.791000</vaccuracy>
<internetconnect>2</internetconnect>
</trkpt>
<trkpt lat="35.857916" lon="139.026029">
<ele>999.666667</ele>
<time>2026-09-19T04:28:50Z</time>
<speed>0.450000</speed>
<trueHeading>0.000000</trueHeading>
<magneticHeading>0.000000</magneticHeading>
<gpsHeading>182.180679</gpsHeading>
<haccuracy>10.488000</haccuracy>
<vaccuracy>10.488000</vaccuracy>
<internetconnect>2</internetconnect>
</trkpt>
<trkpt lat="35.858014" lon="139.026113">
<ele>995.000000</ele>
<time>2026-09-19T04:30:58Z</time>
<speed>0.000000</speed>
<trueHeading>0.000000</trueHeading>
<magneticHeading>0.000000</magneticHeading>
<gpsHeading>34.755119</gpsHeading>
<haccuracy>14.323000</haccuracy>
<vaccuracy>14.323000</vaccuracy>
<internetconnect>2</internetconnect>
</trkpt>
<trkpt lat="35.857975" lon="139.026121">
<ele>989.666667</ele>
<time>2026-09-19T04:33:03Z</time>
<speed>0.410000</speed>
<trueHeading>0.000000</trueHeading>
<magneticHeading>0.000000</magneticHeading>
<gpsHeading>169.636520</gpsHeading>
<haccuracy>6.471000</haccuracy>
<vaccuracy>6.471000</vaccuracy>
<internetconnect>2</internetconnect>
</trkpt>
<trkpt lat="35.857688" lon="139.026101">
<ele>984.666667</ele>
<time>2026-09-19T04:34:35Z</time>
<speed>0.180000</speed>
<trueHeading>0.000000</trueHeading>
<magneticHeading>0.000000</magneticHeading>
<gpsHeading>183.219803</gpsHeading>
<haccuracy>12.114000</haccuracy>
<vaccuracy>12.114000</vaccuracy>
<internetconnect>2</internetconnect>
</trkpt>
<trkpt lat="35.857523" lon="139.026406">
<ele>975.666667</ele>
<time>2026-09-19T04:35:40Z</time>
<speed>0.970000</speed>
<trueHeading>0.000000</trueHeading>
<magneticHeading>0.000000</magneticHeading>
<gpsHeading>123.683228</gpsHeading>
<haccuracy>10.978000</haccuracy>
<vaccuracy>10.978000</vaccuracy>
<internetconnect>2</internetconnect>
</trkpt>
<trkpt lat="35.857308" lon="139.026428">
<ele>972.000000</ele>
<time>2026-09-19T04:37:42Z</time>
<speed>0.000000</speed>
<trueHeading>0.000000</trueHeading>
<magneticHeading>0.000000</magneticHeading>
<gpsHeading>175.338638</gpsHeading>
<haccuracy>12.038000</haccuracy>
<vaccuracy>12.038000</vaccuracy>
<internetconnect>2</internetconnect>
</trkpt>
<trkpt lat="35.857385" lon="139.026453">
<ele>966.666667</ele>
<time>2026-09-19T04:39:47Z</time>
<speed>0.300000</speed>
<trueHeading>0.000000</trueHeading>
<magneticHeading>0.000000</magneticHeading>
<gpsHeading>14.597632</gpsHeading>
<haccuracy>6.106000</haccuracy>
<vaccuracy>6.106000</vaccuracy>
<internetconnect>2</internetconnect>
</trkpt>
<trkpt lat="35.857238" lon="139.026409">
<ele>964.000000</ele>
<time>2026-09-19T04:42:04Z</time>
<speed>0.400000</speed>
<trueHeading>0.000000</trueHeading>
<magneticHeading>0.000000</magneticHeading>
<gpsHeading>193.493500</gpsHeading>
<haccuracy>10.741000</haccuracy>
<vaccuracy>10.741000</vaccuracy>
<internetconnect>2</internetconnect>
</trkpt>
<trkpt lat="35.857144" lon="139.026409">
<ele>957.000000</ele>
<time>2026-09-19T04:44:10Z</time>
<speed>0.000000</speed>
<trueHeading>0.000000</trueHeading>
<magneticHeading>0.000000</magneticHeading>
<gpsHeading>180.395203</gpsHeading>
<haccuracy>7.365000</haccuracy>
<vaccuracy>7.365000</vaccuracy>
<internetconnect>2</internetconnect>
</trkpt>
<trkpt lat="35.856938" lon="139.026458">
<ele>950.666667</ele>
<time>2026-09-19T04:46:15Z</time>
<speed>0.430000</speed>
<trueHeading>0.000000</trueHeading>
<magneticHeading>0.000000</magneticHeading>
<gpsHeading>168.985580</gpsHeading>
<haccuracy>10.214000</haccuracy>
<vaccuracy>10.214000</vaccuracy>
<internetconnect>2</internetconnect>
</trkpt>
<trkpt lat="35.856890" lon="139.026459">
<ele>943.666667</ele>
<time>2026-09-19T04:48:37Z</time>
<speed>0.620000</speed>
<trueHeading>0.000000</trueHeading>
<magneticHeading>0.000000</magneticHeading>
<gpsHeading>178.752914</gpsHeading>
<haccuracy>10.594000</haccuracy>
<vaccuracy>10.594000</vaccuracy>
<internetconnect>2</internetconnect>
</trkpt>
<trkpt lat="35.856909" lon="139.026345">
<ele>940.666667</ele>
<time>2026-09-19T04:50:42Z</time>
<speed>0.000000</speed>
<trueHeading>0.000000</trueHeading>
<magneticHeading>0.000000</magneticHeading>
<gpsHeading>282.015625</gpsHeading>
<haccuracy>12.662000</haccuracy>
<vaccuracy>12.662000</vaccuracy>
<internetconnect>2</internetconnect>
</trkpt>
<trkpt lat="35.856813" lon="139.026420">
<ele>933.333333</ele>
<time>2026-09-19T04:52:54Z</time>
<speed>2.410000</speed>
<trueHeading>0.000000</trueHeading>
<magneticHeading>0.000000</magneticHeading>
<gpsHeading>147.628357</gpsHeading>
<haccuracy>10.920000</haccuracy>
<vaccuracy>10.920000</vaccuracy>
<internetconnect>2</internetconnect>
</trkpt>
<trkpt lat="35.856672" lon="139.026084">
<ele>926.666667</ele>
<time>2026-09-19T04:53:50Z</time>
<speed>0.300000</speed>
<trueHeading>0.000000</trueHeading>
<magneticHeading>0.000000</magneticHeading>
<gpsHeading>242.590500</gpsHeading>
<haccuracy>11.299000</haccuracy>
<vaccuracy>11.299000</vaccuracy>
<internetconnect>2</internetconnect>
</trkpt>
<trkpt lat="35.856659" lon="139.026269">
<ele>914.666667</ele>
<time>2026-09-19T04:55:52Z</time>
<speed>0.360000</speed>
<trueHeading>0.000000</trueHeading>
<magneticHeading>0.000000</magneticHeading>
<gpsHeading>94.949913</gpsHeading>
<haccuracy>4.377000</haccuracy>
<vaccuracy>4.377000</vaccuracy>
<internetconnect>2</internetconnect>
</trkpt>
<trkpt lat="35.856434" lon="139.026269">
<ele>907.000000</ele>
<time>2026-09-19T04:57:57Z</time>
<speed>0.640000</speed>
<trueHeading>0.000000</trueHeading>
<magneticHeading>0.000000</magneticHeading>
<gpsHeading>180.144669</gpsHeading>
<haccuracy>10.364000</haccuracy>
<vaccuracy>10.364000</vaccuracy>
<internetconnect>2</internetconnect>
</trkpt>
<trkpt lat="35.856354" lon="139.026247">
<ele>896.000000</ele>
<time>2026-09-19T05:00:03Z</time>
<speed>0.200000</speed>
<trueHeading>0.000000</trueHeading>
<magneticHeading>0.000000</magneticHeading>
<gpsHeading>192.595428</gpsHeading>
<haccuracy>10.097000</haccuracy>
<vaccuracy>10.097000</vaccuracy>
<internetconnect>2</internetconnect>
</trkpt>
<trkpt lat="35.856148" lon="139.026227">
<ele>889.333333</ele>
<time>2026-09-19T05:02:08Z</time>
<speed>0.105470</speed>
<trueHeading>0.000000</trueHeading>
<magneticHeading>0.000000</magneticHeading>
<gpsHeading>184.346573</gpsHeading>
<haccuracy>4.510000</haccuracy>
<vaccuracy>4.510000</vaccuracy>
<internetconnect>2</internetconnect>
</trkpt>
<trkpt lat="35.856059" lon="139.026207">
<ele>883.666667</ele>
<time>2026-09-19T05:04:12Z</time>
<speed>0.380000</speed>
<trueHeading>0.000000</trueHeading>
<magneticHeading>0.000000</magneticHeading>
<gpsHeading>190.528336</gpsHeading>
<haccuracy>10.345000</haccuracy>
<vaccuracy>10.345000</vaccuracy>
<internetconnect>2</internetconnect>
</trkpt>
<trkpt lat="35.856075" lon="139.026241">
<ele>883.333333</ele>
<time>2026-09-19T05:09:24Z</time>
<speed>0.108983</speed>
<trueHeading>0.000000</trueHeading>
<magneticHeading>0.000000</magneticHeading>
<gpsHeading>59.542400</gpsHeading>
<haccuracy>4.810000</haccuracy>
<vaccuracy>4.810000</vaccuracy>
<internetconnect>2</internetconnect>
</trkpt>
<trkpt lat="35.856077" lon="139.026200">
<ele>882.666667</ele>
<time>2026-09-19T05:12:22Z</time>
<speed>0.124235</speed>
<trueHeading>0.000000</trueHeading>
<magneticHeading>0.000000</magneticHeading>
<gpsHeading>272.406616</gpsHeading>
<haccuracy>5.122000</haccuracy>
<vaccuracy>5.122000</vaccuracy>
<internetconnect>2</internetconnect>
</trkpt>
<trkpt lat="35.856047" lon="139.026236">
<ele>882.666667</ele>
<time>2026-09-19T05:14:34Z</time>
<speed>0.119131</speed>
<trueHeading>0.000000</trueHeading>
<magneticHeading>0.000000</magneticHeading>
<gpsHeading>135.270554</gpsHeading>
<haccuracy>4.430000</haccuracy>
<vaccuracy>4.430000</vaccuracy>
<internetconnect>2</internetconnect>
</trkpt>
<trkpt lat="35.856067" lon="139.026225">
<ele>883.000000</ele>
<time>2026-09-19T05:16:53Z</time>
<speed>0.237787</speed>
<trueHeading>0.000000</trueHeading>
<magneticHeading>0.000000</magneticHeading>
<gpsHeading>335.149353</gpsHeading>
<haccuracy>5.484000</haccuracy>
<vaccuracy>5.484000</vaccuracy>
<internetconnect>2</internetconnect>
</trkpt>
<trkpt lat="35.856093" lon="139.026245">
<ele>883.000000</ele>
<time>2026-09-19T05:19:05Z</time>
<speed>0.486308</speed>
<trueHeading>0.000000</trueHeading>
<magneticHeading>0.000000</magneticHeading>
<gpsHeading>33.318008</gpsHeading>
<haccuracy>4.907000</haccuracy>
<vaccuracy>4.907000</vaccuracy>
<internetconnect>2</internetconnect>
</trkpt>
<trkpt lat="35.856055" lon="139.026261">
<ele>883.666667</ele>
<time>2026-09-19T05:21:12Z</time>
<speed>0.236391</speed>
<trueHeading>0.000000</trueHeading>
<magneticHeading>0.000000</magneticHeading>
<gpsHeading>160.860901</gpsHeading>
<haccuracy>5.406000</haccuracy>
<vaccuracy>5.406000</vaccuracy>
<internetconnect>2</internetconnect>
</trkpt>
<trkpt lat="35.856047" lon="139.026180">
<ele>882.333333</ele>
<time>2026-09-19T05:23:33Z</time>
<speed>0.181735</speed>
<trueHeading>0.000000</trueHeading>
<magneticHeading>0.000000</magneticHeading>
<gpsHeading>263.334869</gpsHeading>
<haccuracy>5.253000</haccuracy>
<vaccuracy>5.253000</vaccuracy>
<internetconnect>2</internetconnect>
</trkpt>
<trkpt lat="35.855996" lon="139.026206">
<ele>883.000000</ele>
<time>2026-09-19T05:25:37Z</time>
<speed>0.256589</speed>
<trueHeading>0.000000</trueHeading>
<magneticHeading>0.000000</magneticHeading>
<gpsHeading>157.553024</gpsHeading>
<haccuracy>7.293000</haccuracy>
<vaccuracy>7.293000</vaccuracy>
<internetconnect>2</internetconnect>
</trkpt>
<trkpt lat="35.856039" lon="139.026168">
<ele>883.000000</ele>
<time>2026-09-19T05:27:39Z</time>
<speed>0.255820</speed>
<trueHeading>0.000000</trueHeading>
<magneticHeading>0.000000</magneticHeading>
<gpsHeading>324.709930</gpsHeading>
<haccuracy>7.239000</haccuracy>
<vaccuracy>7.239000</vaccuracy>
<internetconnect>2</internetconnect>
</trkpt>
<trkpt lat="35.856029" lon="139.026206">
<ele>885.000000</ele>
<time>2026-09-19T05:29:43Z</time>
<speed>0.063304</speed>
<trueHeading>0.000000</trueHeading>
<magneticHeading>0.000000</magneticHeading>
<gpsHeading>108.825462</gpsHeading>
<haccuracy>3.926000</haccuracy>
<vaccuracy>3.926000</vaccuracy>
<internetconnect>2</internetconnect>
</trkpt>
<trkpt lat="35.856119" lon="139.026197">
<ele>888.333333</ele>
<time>2026-09-19T05:31:52Z</time>
<speed>0.165874</speed>
<trueHeading>0.000000</trueHeading>
<magneticHeading>0.000000</magneticHeading>
<gpsHeading>354.938873</gpsHeading>
<haccuracy>3.630000</haccuracy>
<vaccuracy>3.630000</vaccuracy>
<internetconnect>2</internetconnect>
</trkpt>
<trkpt lat="35.856271" lon="139.026136">
<ele>896.333333</ele>
<time>2026-09-19T05:33:57Z</time>
<speed>0.000000</speed>
<trueHeading>0.000000</trueHeading>
<magneticHeading>0.000000</magneticHeading>
<gpsHeading>342.015289</gpsHeading>
<haccuracy>9.935000</haccuracy>
<vaccuracy>9.935000</vaccuracy>
<internetconnect>2</internetconnect>
</trkpt>
<trkpt lat="35.856354" lon="139.025974">
<ele>904.333333</ele>
<time>2026-09-19T05:35:58Z</time>
<speed>0.076868</speed>
<trueHeading>0.000000</trueHeading>
<magneticHeading>0.000000</magneticHeading>
<gpsHeading>302.346771</gpsHeading>
<haccuracy>4.871000</haccuracy>
<vaccuracy>4.871000</vaccuracy>
<internetconnect>2</internetconnect>
</trkpt>
<trkpt lat="35.856262" lon="139.025959">
<ele>904.333333</ele>
<time>2026-09-19T05:38:06Z</time>
<speed>0.000000</speed>
<trueHeading>0.000000</trueHeading>
<magneticHeading>0.000000</magneticHeading>
<gpsHeading>187.783997</gpsHeading>
<haccuracy>10.962000</haccuracy>
<vaccuracy>10.962000</vaccuracy>
<internetconnect>2</internetconnect>
</trkpt>
<trkpt lat="35.856290" lon="139.026189">
<ele>899.666667</ele>
<time>2026-09-19T05:40:38Z</time>
<speed>0.760000</speed>
<trueHeading>0.000000</trueHeading>
<magneticHeading>0.000000</magneticHeading>
<gpsHeading>81.296143</gpsHeading>
<haccuracy>10.380000</haccuracy>
<vaccuracy>10.380000</vaccuracy>
<internetconnect>2</internetconnect>
</trkpt>
<trkpt lat="35.856289" lon="139.026143">
<ele>895.333333</ele>
<time>2026-09-19T05:42:50Z</time>
<speed>0.770000</speed>
<trueHeading>0.000000</trueHeading>
<magneticHeading>0.000000</magneticHeading>
<gpsHeading>267.259705</gpsHeading>
<haccuracy>11.034000</haccuracy>
<vaccuracy>11.034000</vaccuracy>
<internetconnect>2</internetconnect>
</trkpt>
<trkpt lat="35.856230" lon="139.026086">
<ele>902.666667</ele>
<time>2026-09-19T05:46:47Z</time>
<speed>0.300000</speed>
<trueHeading>0.000000</trueHeading>
<magneticHeading>0.000000</magneticHeading>
<gpsHeading>217.720581</gpsHeading>
<haccuracy>10.319000</haccuracy>
<vaccuracy>10.319000</vaccuracy>
<internetconnect>2</internetconnect>
</trkpt>
<trkpt lat="35.856091" lon="139.025868">
<ele>909.000000</ele>
<time>2026-09-19T05:48:55Z</time>
<speed>0.000000</speed>
<trueHeading>0.000000</trueHeading>
<magneticHeading>0.000000</magneticHeading>
<gpsHeading>231.871552</gpsHeading>
<haccuracy>10.734000</haccuracy>
<vaccuracy>10.734000</vaccuracy>
<internetconnect>2</internetconnect>
</trkpt>
<trkpt lat="35.855919" lon="139.025868">
<ele>911.000000</ele>
<time>2026-09-19T05:50:59Z</time>
<speed>0.000000</speed>
<trueHeading>0.000000</trueHeading>
<magneticHeading>0.000000</magneticHeading>
<gpsHeading>180.081329</gpsHeading>
<haccuracy>4.790000</haccuracy>
<vaccuracy>4.790000</vaccuracy>
<internetconnect>2</internetconnect>
</trkpt>
<trkpt lat="35.855755" lon="139.025830">
<ele>907.000000</ele>
<time>2026-09-19T05:53:00Z</time>
<speed>0.000000</speed>
<trueHeading>0.000000</trueHeading>
<magneticHeading>0.000000</magneticHeading>
<gpsHeading>190.619171</gpsHeading>
<haccuracy>10.259000</haccuracy>
<vaccuracy>10.259000</vaccuracy>
<internetconnect>2</internetconnect>
</trkpt>
<trkpt lat="35.855619" lon="139.025590">
<ele>903.333333</ele>
<time>2026-09-19T05:55:08Z</time>
<speed>0.650000</speed>
<trueHeading>0.000000</trueHeading>
<magneticHeading>0.000000</magneticHeading>
<gpsHeading>235.029022</gpsHeading>
<haccuracy>5.194000</haccuracy>
<vaccuracy>5.194000</vaccuracy>
<internetconnect>2</internetconnect>
</trkpt>
<trkpt lat="35.855627" lon="139.025391">
<ele>904.000000</ele>
<time>2026-09-19T05:57:42Z</time>
<speed>1.550000</speed>
<trueHeading>0.000000</trueHeading>
<magneticHeading>0.000000</magneticHeading>
<gpsHeading>273.018250</gpsHeading>
<haccuracy>10.367000</haccuracy>
<vaccuracy>10.367000</vaccuracy>
<internetconnect>2</internetconnect>
</trkpt>
<trkpt lat="35.855684" lon="139.025202">
<ele>902.666667</ele>
<time>2026-09-19T06:00:38Z</time>
<speed>0.550000</speed>
<trueHeading>0.000000</trueHeading>
<magneticHeading>0.000000</magneticHeading>
<gpsHeading>290.417145</gpsHeading>
<haccuracy>10.633000</haccuracy>
<vaccuracy>10.633000</vaccuracy>
<internetconnect>2</internetconnect>
</trkpt>
<trkpt lat="35.855461" lon="139.025084">
<ele>907.666667</ele>
<time>2026-09-19T06:02:43Z</time>
<speed>0.000000</speed>
<trueHeading>0.000000</trueHeading>
<magneticHeading>0.000000</magneticHeading>
<gpsHeading>203.177963</gpsHeading>
<haccuracy>10.450000</haccuracy>
<vaccuracy>10.450000</vaccuracy>
<internetconnect>2</internetconnect>
</trkpt>
<trkpt lat="35.855292" lon="139.024807">
<ele>910.000000</ele>
<time>2026-09-19T06:03:55Z</time>
<speed>0.000000</speed>
<trueHeading>0.000000</trueHeading>
<magneticHeading>0.000000</magneticHeading>
<gpsHeading>233.111343</gpsHeading>
<haccuracy>10.410000</haccuracy>
<vaccuracy>10.410000</vaccuracy>
<internetconnect>2</internetconnect>
</trkpt>
<trkpt lat="35.855016" lon="139.024724">
<ele>916.333333</ele>
<time>2026-09-19T06:05:10Z</time>
<speed>0.109828</speed>
<trueHeading>0.000000</trueHeading>
<magneticHeading>0.000000</magneticHeading>
<gpsHeading>193.655151</gpsHeading>
<haccuracy>5.200000</haccuracy>
<vaccuracy>5.200000</vaccuracy>
<internetconnect>2</internetconnect>
</trkpt>
<trkpt lat="35.854776" lon="139.024489">
<ele>914.333333</ele>
<time>2026-09-19T06:06:01Z</time>
<speed>0.123334</speed>
<trueHeading>0.000000</trueHeading>
<magneticHeading>0.000000</magneticHeading>
<gpsHeading>218.423752</gpsHeading>
<haccuracy>3.890000</haccuracy>
<vaccuracy>3.890000</vaccuracy>
<internetconnect>2</internetconnect>
</trkpt>
<trkpt lat="35.854631" lon="139.024390">
<ele>916.666667</ele>
<time>2026-09-19T06:08:13Z</time>
<speed>0.034122</speed>
<trueHeading>0.000000</trueHeading>
<magneticHeading>0.000000</magneticHeading>
<gpsHeading>209.013382</gpsHeading>
<haccuracy>4.373000</haccuracy>
<vaccuracy>4.373000</vaccuracy>
<internetconnect>2</internetconnect>
</trkpt>
<trkpt lat="35.854938" lon="139.024299">
<ele>922.333333</ele>
<time>2026-09-19T06:09:38Z</time>
<speed>0.801599</speed>
<trueHeading>0.000000</trueHeading>
<magneticHeading>0.000000</magneticHeading>
<gpsHeading>346.575043</gpsHeading>
<haccuracy>4.704000</haccuracy>
<vaccuracy>4.704000</vaccuracy>
<internetconnect>2</internetconnect>
</trkpt>
<trkpt lat="35.855241" lon="139.024219">
<ele>933.000000</ele>
<time>2026-09-19T06:10:49Z</time>
<speed>0.839966</speed>
<trueHeading>0.000000</trueHeading>
<magneticHeading>0.000000</magneticHeading>
<gpsHeading>347.884186</gpsHeading>
<haccuracy>6.207000</haccuracy>
<vaccuracy>6.207000</vaccuracy>
<internetconnect>2</internetconnect>
</trkpt>
<trkpt lat="35.855456" lon="139.024045">
<ele>946.000000</ele>
<time>2026-09-19T06:12:53Z</time>
<speed>0.200181</speed>
<trueHeading>0.000000</trueHeading>
<magneticHeading>0.000000</magneticHeading>
<gpsHeading>326.674377</gpsHeading>
<haccuracy>5.099000</haccuracy>
<vaccuracy>5.099000</vaccuracy>
<internetconnect>2</internetconnect>
</trkpt>
<trkpt lat="35.855583" lon="139.024158">
<ele>953.666667</ele>
<time>2026-09-19T06:14:56Z</time>
<speed>0.127810</speed>
<trueHeading>0.000000</trueHeading>
<magneticHeading>0.000000</magneticHeading>
<gpsHeading>35.933743</gpsHeading>
<haccuracy>4.628000</haccuracy>
<vaccuracy>4.628000</vaccuracy>
<internetconnect>2</internetconnect>
</trkpt>
<trkpt lat="35.855590" lon="139.024091">
<ele>954.666667</ele>
<time>2026-09-19T06:17:19Z</time>
<speed>0.101268</speed>
<trueHeading>0.000000</trueHeading>
<magneticHeading>0.000000</magneticHeading>
<gpsHeading>277.575073</gpsHeading>
<haccuracy>3.551000</haccuracy>
<vaccuracy>3.551000</vaccuracy>
<internetconnect>2</internetconnect>
</trkpt>
<trkpt lat="35.855639" lon="139.023690">
<ele>954.000000</ele>
<time>2026-09-19T06:18:09Z</time>
<speed>0.152337</speed>
<trueHeading>0.000000</trueHeading>
<magneticHeading>0.000000</magneticHeading>
<gpsHeading>278.623230</gpsHeading>
<haccuracy>4.603000</haccuracy>
<vaccuracy>4.603000</vaccuracy>
<internetconnect>2</internetconnect>
</trkpt>
<trkpt lat="35.855813" lon="139.023536">
<ele>956.333333</ele>
<time>2026-09-19T06:20:32Z</time>
<speed>3.210000</speed>
<trueHeading>0.000000</trueHeading>
<magneticHeading>0.000000</magneticHeading>
<gpsHeading>324.356995</gpsHeading>
<haccuracy>10.469000</haccuracy>
<vaccuracy>10.469000</vaccuracy>
<internetconnect>2</internetconnect>
</trkpt>
<trkpt lat="35.855879" lon="139.023568">
<ele>965.666667</ele>
<time>2026-09-19T06:23:00Z</time>
<speed>0.092951</speed>
<trueHeading>0.000000</trueHeading>
<magneticHeading>0.000000</magneticHeading>
<gpsHeading>20.938404</gpsHeading>
<haccuracy>3.000000</haccuracy>
<vaccuracy>3.000000</vaccuracy>
<internetconnect>2</internetconnect>
</trkpt>
<trkpt lat="35.856130" lon="139.023430">
<ele>973.666667</ele>
<time>2026-09-19T06:25:02Z</time>
<speed>0.000000</speed>
<trueHeading>0.000000</trueHeading>
<magneticHeading>0.000000</magneticHeading>
<gpsHeading>336.035126</gpsHeading>
<haccuracy>10.697000</haccuracy>
<vaccuracy>10.697000</vaccuracy>
<internetconnect>2</internetconnect>
</trkpt>
<trkpt lat="35.856252" lon="139.023178">
<ele>979.333333</ele>
<time>2026-09-19T06:27:06Z</time>
<speed>0.000000</speed>
<trueHeading>0.000000</trueHeading>
<magneticHeading>0.000000</magneticHeading>
<gpsHeading>300.963715</gpsHeading>
<haccuracy>10.480000</haccuracy>
<vaccuracy>10.480000</vaccuracy>
<internetconnect>2</internetconnect>
</trkpt>
<trkpt lat="35.856196" lon="139.022829">
<ele>983.000000</ele>
<time>2026-09-19T06:29:05Z</time>
<speed>0.000000</speed>
<trueHeading>0.000000</trueHeading>
<magneticHeading>0.000000</magneticHeading>
<gpsHeading>258.755646</gpsHeading>
<haccuracy>10.608000</haccuracy>
<vaccuracy>10.608000</vaccuracy>
<internetconnect>2</internetconnect>
</trkpt>
<trkpt lat="35.856263" lon="139.022677">
<ele>983.333333</ele>
<time>2026-09-19T06:32:47Z</time>
<speed>0.194533</speed>
<trueHeading>0.000000</trueHeading>
<magneticHeading>0.000000</magneticHeading>
<gpsHeading>298.579895</gpsHeading>
<haccuracy>6.712000</haccuracy>
<vaccuracy>6.712000</vaccuracy>
<internetconnect>2</internetconnect>
</trkpt>
<trkpt lat="35.856179" lon="139.022634">
<ele>987.000000</ele>
<time>2026-09-19T06:34:51Z</time>
<speed>1.490000</speed>
<trueHeading>0.000000</trueHeading>
<magneticHeading>0.000000</magneticHeading>
<gpsHeading>202.273605</gpsHeading>
<haccuracy>6.163000</haccuracy>
<vaccuracy>6.163000</vaccuracy>
<internetconnect>2</internetconnect>
</trkpt>
<trkpt lat="35.856467" lon="139.022656">
<ele>992.666667</ele>
<time>2026-09-19T06:36:37Z</time>
<speed>0.551690</speed>
<trueHeading>0.000000</trueHeading>
<magneticHeading>0.000000</magneticHeading>
<gpsHeading>3.451188</gpsHeading>
<haccuracy>3.488000</haccuracy>
<vaccuracy>3.488000</vaccuracy>
<internetconnect>2</internetconnect>
</trkpt>
<trkpt lat="35.856773" lon="139.022629">
<ele>1002.666667</ele>
<time>2026-09-19T06:37:37Z</time>
<speed>0.643165</speed>
<trueHeading>0.000000</trueHeading>
<magneticHeading>0.000000</magneticHeading>
<gpsHeading>355.883362</gpsHeading>
<haccuracy>4.389000</haccuracy>
<vaccuracy>4.389000</vaccuracy>
<internetconnect>0</internetconnect>
</trkpt>
<trkpt lat="35.857040" lon="139.022741">
<ele>1011.000000</ele>
<time>2026-09-19T06:38:28Z</time>
<speed>0.180000</speed>
<trueHeading>0.000000</trueHeading>
<magneticHeading>0.000000</magneticHeading>
<gpsHeading>18.825251</gpsHeading>
<haccuracy>11.009000</haccuracy>
<vaccuracy>11.009000</vaccuracy>
<internetconnect>0</internetconnect>
</trkpt>
<trkpt lat="35.857207" lon="139.022761">
<ele>1015.000000</ele>
<time>2026-09-19T06:40:30Z</time>
<speed>0.290000</speed>
<trueHeading>0.000000</trueHeading>
<magneticHeading>0.000000</magneticHeading>
<gpsHeading>5.634018</gpsHeading>
<haccuracy>10.941000</haccuracy>
<vaccuracy>10.941000</vaccuracy>
<internetconnect>0</internetconnect>
</trkpt>
<trkpt lat="35.857495" lon="139.022691">
<ele>1016.666667</ele>
<time>2026-09-19T06:42:27Z</time>
<speed>1.230000</speed>
<trueHeading>0.000000</trueHeading>
<magneticHeading>0.000000</magneticHeading>
<gpsHeading>348.766632</gpsHeading>
<haccuracy>11.374000</haccuracy>
<vaccuracy>11.374000</vaccuracy>
<internetconnect>0</internetconnect>
</trkpt>
<trkpt lat="35.857741" lon="139.022646">
<ele>1017.000000</ele>
<time>2026-09-19T06:44:32Z</time>
<speed>0.000000</speed>
<trueHeading>0.000000</trueHeading>
<magneticHeading>0.000000</magneticHeading>
<gpsHeading>351.561707</gpsHeading>
<haccuracy>8.090000</haccuracy>
<vaccuracy>8.090000</vaccuracy>
<internetconnect>0</internetconnect>
</trkpt>
<trkpt lat="35.857850" lon="139.022642">
<ele>1022.333333</ele>
<time>2026-09-19T06:46:43Z</time>
<speed>0.000000</speed>
<trueHeading>0.000000</trueHeading>
<magneticHeading>0.000000</magneticHeading>
<gpsHeading>358.554474</gpsHeading>
<haccuracy>11.001000</haccuracy>
<vaccuracy>11.001000</vaccuracy>
<internetconnect>0</internetconnect>
</trkpt>
<trkpt lat="35.857986" lon="139.022711">
<ele>1027.000000</ele>
<time>2026-09-19T06:48:46Z</time>
<speed>0.000000</speed>
<trueHeading>0.000000</trueHeading>
<magneticHeading>0.000000</magneticHeading>
<gpsHeading>22.235058</gpsHeading>
<haccuracy>11.343000</haccuracy>
<vaccuracy>11.343000</vaccuracy>
<internetconnect>0</internetconnect>
</trkpt>
<trkpt lat="35.858187" lon="139.022742">
<ele>1032.666667</ele>
<time>2026-09-19T06:50:54Z</time>
<speed>0.000000</speed>
<trueHeading>0.000000</trueHeading>
<magneticHeading>0.000000</magneticHeading>
<gpsHeading>7.131922</gpsHeading>
<haccuracy>12.217000</haccuracy>
<vaccuracy>12.217000</vaccuracy>
<internetconnect>0</internetconnect>
</trkpt>
<trkpt lat="35.858061" lon="139.022823">
<ele>1032.666667</ele>
<time>2026-09-19T06:53:08Z</time>
<speed>0.085810</speed>
<trueHeading>0.000000</trueHeading>
<magneticHeading>0.000000</magneticHeading>
<gpsHeading>152.459076</gpsHeading>
<haccuracy>4.292000</haccuracy>
<vaccuracy>4.292000</vaccuracy>
<internetconnect>0</internetconnect>
</trkpt>
<trkpt lat="35.858007" lon="139.022741">
<ele>1032.333333</ele>
<time>2026-09-19T06:55:11Z</time>
<speed>0.215174</speed>
<trueHeading>0.000000</trueHeading>
<magneticHeading>0.000000</magneticHeading>
<gpsHeading>230.853012</gpsHeading>
<haccuracy>5.532000</haccuracy>
<vaccuracy>5.532000</vaccuracy>
<internetconnect>0</internetconnect>
</trkpt>
<trkpt lat="35.858028" lon="139.022704">
<ele>1030.000000</ele>
<time>2026-09-19T06:57:14Z</time>
<speed>0.090359</speed>
<trueHeading>0.000000</trueHeading>
<magneticHeading>0.000000</magneticHeading>
<gpsHeading>305.479065</gpsHeading>
<haccuracy>3.000000</haccuracy>
<vaccuracy>3.000000</vaccuracy>
<internetconnect>0</internetconnect>
</trkpt>
<trkpt lat="35.858017" lon="139.022772">
<ele>1027.333333</ele>
<time>2026-09-19T06:59:37Z</time>
<speed>0.000000</speed>
<trueHeading>0.000000</trueHeading>
<magneticHeading>0.000000</magneticHeading>
<gpsHeading>101.520332</gpsHeading>
<haccuracy>9.935000</haccuracy>
<vaccuracy>9.935000</vaccuracy>
<internetconnect>0</internetconnect>
</trkpt>
<trkpt lat="35.857994" lon="139.022695">
<ele>1027.333333</ele>
<time>2026-09-19T07:02:05Z</time>
<speed>0.000000</speed>
<trueHeading>0.000000</trueHeading>
<magneticHeading>0.000000</magneticHeading>
<gpsHeading>250.615768</gpsHeading>
<haccuracy>10.935000</haccuracy>
<vaccuracy>10.935000</vaccuracy>
<internetconnect>0</internetconnect>
</trkpt>
<trkpt lat="35.857987" lon="139.022725">
<ele>1031.333333</ele>
<time>2026-09-19T07:04:31Z</time>
<speed>0.000000</speed>
<trueHeading>0.000000</trueHeading>
<magneticHeading>0.000000</magneticHeading>
<gpsHeading>107.355133</gpsHeading>
<haccuracy>10.016000</haccuracy>
<vaccuracy>10.016000</vaccuracy>
<internetconnect>0</internetconnect>
</trkpt>
<trkpt lat="35.858034" lon="139.022905">
<ele>1044.666667</ele>
<time>2026-09-19T07:06:35Z</time>
<speed>0.000000</speed>
<trueHeading>0.000000</trueHeading>
<magneticHeading>0.000000</magneticHeading>
<gpsHeading>72.105278</gpsHeading>
<haccuracy>9.281000</haccuracy>
<vaccuracy>9.281000</vaccuracy>
<internetconnect>0</internetconnect>
</trkpt>
<trkpt lat="35.858135" lon="139.023183">
<ele>1059.666667</ele>
<time>2026-09-19T07:08:50Z</time>
<speed>0.000000</speed>
<trueHeading>0.000000</trueHeading>
<magneticHeading>0.000000</magneticHeading>
<gpsHeading>65.820114</gpsHeading>
<haccuracy>9.935000</haccuracy>
<vaccuracy>9.935000</vaccuracy>
<internetconnect>0</internetconnect>
</trkpt>
<trkpt lat="35.858255" lon="139.023330">
<ele>1070.333333</ele>
<time>2026-09-19T07:10:53Z</time>
<speed>0.612485</speed>
<trueHeading>0.000000</trueHeading>
<magneticHeading>0.000000</magneticHeading>
<gpsHeading>44.752438</gpsHeading>
<haccuracy>3.026000</haccuracy>
<vaccuracy>3.026000</vaccuracy>
<internetconnect>0</internetconnect>
</trkpt>
<trkpt lat="35.858180" lon="139.023334">
<ele>1077.333333</ele>
<time>2026-09-19T07:12:56Z</time>
<speed>0.000000</speed>
<trueHeading>0.000000</trueHeading>
<magneticHeading>0.000000</magneticHeading>
<gpsHeading>177.772171</gpsHeading>
<haccuracy>10.089000</haccuracy>
<vaccuracy>10.089000</vaccuracy>
<internetconnect>0</internetconnect>
</trkpt>
<trkpt lat="35.858121" lon="139.023503">
<ele>1085.333333</ele>
<time>2026-09-19T07:15:02Z</time>
<speed>0.300000</speed>
<trueHeading>0.000000</trueHeading>
<magneticHeading>0.000000</magneticHeading>
<gpsHeading>113.372856</gpsHeading>
<haccuracy>6.202000</haccuracy>
<vaccuracy>6.202000</vaccuracy>
<internetconnect>0</internetconnect>
</trkpt>
<trkpt lat="35.857886" lon="139.023694">
<ele>1095.333333</ele>
<time>2026-09-19T07:15:59Z</time>
<speed>0.574139</speed>
<trueHeading>0.000000</trueHeading>
<magneticHeading>0.000000</magneticHeading>
<gpsHeading>146.626175</gpsHeading>
<haccuracy>3.012000</haccuracy>
<vaccuracy>3.012000</vaccuracy>
<internetconnect>0</internetconnect>
</trkpt>
<trkpt lat="35.857646" lon="139.023913">
<ele>1100.666667</ele>
<time>2026-09-19T07:16:48Z</time>
<speed>0.745889</speed>
<trueHeading>0.000000</trueHeading>
<magneticHeading>0.000000</magneticHeading>
<gpsHeading>143.505722</gpsHeading>
<haccuracy>4.926000</haccuracy>
<vaccuracy>4.926000</vaccuracy>
<internetconnect>2</internetconnect>
</trkpt>
<trkpt lat="35.857832" lon="139.023699">
<ele>1105.666667</ele>
<time>2026-09-19T07:18:51Z</time>
<speed>0.878645</speed>
<trueHeading>0.000000</trueHeading>
<magneticHeading>0.000000</magneticHeading>
<gpsHeading>316.901550</gpsHeading>
<haccuracy>6.497000</haccuracy>
<vaccuracy>6.497000</vaccuracy>
<internetconnect>0</internetconnect>
</trkpt>
<trkpt lat="35.858050" lon="139.024011">
<ele>1111.333333</ele>
<time>2026-09-19T07:20:06Z</time>
<speed>1.034131</speed>
<trueHeading>0.000000</trueHeading>
<magneticHeading>0.000000</magneticHeading>
<gpsHeading>49.296074</gpsHeading>
<haccuracy>3.005000</haccuracy>
<vaccuracy>3.005000</vaccuracy>
<internetconnect>0</internetconnect>
</trkpt>
<trkpt lat="35.858314" lon="139.024183">
<ele>1118.000000</ele>
<time>2026-09-19T07:20:58Z</time>
<speed>0.439026</speed>
<trueHeading>0.000000</trueHeading>
<magneticHeading>0.000000</magneticHeading>
<gpsHeading>27.840946</gpsHeading>
<haccuracy>3.712000</haccuracy>
<vaccuracy>3.712000</vaccuracy>
<internetconnect>0</internetconnect>
</trkpt>
<trkpt lat="35.858570" lon="139.024421">
<ele>1125.666667</ele>
<time>2026-09-19T07:22:21Z</time>
<speed>0.872652</speed>
<trueHeading>0.000000</trueHeading>
<magneticHeading>0.000000</magneticHeading>
<gpsHeading>37.063538</gpsHeading>
<haccuracy>3.000000</haccuracy>
<vaccuracy>3.000000</vaccuracy>
<internetconnect>2</internetconnect>
</trkpt>
<trkpt lat="35.858838" lon="139.024378">
<ele>1134.666667</ele>
<time>2026-09-19T07:24:36Z</time>
<speed>0.000000</speed>
<trueHeading>0.000000</trueHeading>
<magneticHeading>0.000000</magneticHeading>
<gpsHeading>352.486023</gpsHeading>
<haccuracy>3.790000</haccuracy>
<vaccuracy>3.790000</vaccuracy>
<internetconnect>2</internetconnect>
</trkpt>
<trkpt lat="35.859118" lon="139.024199">
<ele>1150.000000</ele>
<time>2026-09-19T07:26:13Z</time>
<speed>1.043677</speed>
<trueHeading>0.000000</trueHeading>
<magneticHeading>0.000000</magneticHeading>
<gpsHeading>332.735504</gpsHeading>
<haccuracy>4.721000</haccuracy>
<vaccuracy>4.721000</vaccuracy>
<internetconnect>2</internetconnect>
</trkpt>
<trkpt lat="35.859444" lon="139.024209">
<ele>1164.000000</ele>
<time>2026-09-19T07:27:02Z</time>
<speed>0.554489</speed>
<trueHeading>0.000000</trueHeading>
<magneticHeading>0.000000</magneticHeading>
<gpsHeading>1.454373</gpsHeading>
<haccuracy>4.574000</haccuracy>
<vaccuracy>4.574000</vaccuracy>
<internetconnect>2</internetconnect>
</trkpt>
<trkpt lat="35.859715" lon="139.024115">
<ele>1178.000000</ele>
<time>2026-09-19T07:27:56Z</time>
<speed>1.008946</speed>
<trueHeading>0.000000</trueHeading>
<magneticHeading>0.000000</magneticHeading>
<gpsHeading>344.241150</gpsHeading>
<haccuracy>4.594000</haccuracy>
<vaccuracy>4.594000</vaccuracy>
<internetconnect>0</internetconnect>
</trkpt>
<trkpt lat="35.859945" lon="139.023906">
<ele>1192.000000</ele>
<time>2026-09-19T07:29:54Z</time>
<speed>0.964981</speed>
<trueHeading>0.000000</trueHeading>
<magneticHeading>0.000000</magneticHeading>
<gpsHeading>323.678772</gpsHeading>
<haccuracy>5.257000</haccuracy>
<vaccuracy>5.257000</vaccuracy>
<internetconnect>0</internetconnect>
</trkpt>
<trkpt lat="35.860168" lon="139.024138">
<ele>1207.333333</ele>
<time>2026-09-19T07:30:48Z</time>
<speed>0.911251</speed>
<trueHeading>0.000000</trueHeading>
<magneticHeading>0.000000</magneticHeading>
<gpsHeading>40.249897</gpsHeading>
<haccuracy>5.260000</haccuracy>
<vaccuracy>5.260000</vaccuracy>
<internetconnect>0</internetconnect>
</trkpt>
<trkpt lat="35.860434" lon="139.024219">
<ele>1227.000000</ele>
<time>2026-09-19T07:32:49Z</time>
<speed>0.397831</speed>
<trueHeading>0.000000</trueHeading>
<magneticHeading>0.000000</magneticHeading>
<gpsHeading>13.777274</gpsHeading>
<haccuracy>4.829000</haccuracy>
<vaccuracy>4.829000</vaccuracy>
<internetconnect>0</internetconnect>
</trkpt>
<trkpt lat="35.860731" lon="139.024177">
<ele>1246.000000</ele>
<time>2026-09-19T07:34:07Z</time>
<speed>0.665769</speed>
<trueHeading>0.000000</trueHeading>
<magneticHeading>0.000000</magneticHeading>
<gpsHeading>353.565704</gpsHeading>
<haccuracy>4.696000</haccuracy>
<vaccuracy>4.696000</vaccuracy>
<internetconnect>0</internetconnect>
</trkpt>
<trkpt lat="35.860968" lon="139.024167">
<ele>1264.000000</ele>
<time>2026-09-19T07:36:08Z</time>
<speed>0.447715</speed>
<trueHeading>0.000000</trueHeading>
<magneticHeading>0.000000</magneticHeading>
<gpsHeading>358.023590</gpsHeading>
<haccuracy>5.305000</haccuracy>
<vaccuracy>5.305000</vaccuracy>
<internetconnect>0</internetconnect>
</trkpt>
<trkpt lat="35.861247" lon="139.024305">
<ele>1275.666667</ele>
<time>2026-09-19T07:37:36Z</time>
<speed>0.488754</speed>
<trueHeading>0.000000</trueHeading>
<magneticHeading>0.000000</magneticHeading>
<gpsHeading>21.851095</gpsHeading>
<haccuracy>4.170000</haccuracy>
<vaccuracy>4.170000</vaccuracy>
<internetconnect>0</internetconnect>
</trkpt>
<trkpt lat="35.861535" lon="139.024424">
<ele>1287.000000</ele>
<time>2026-09-19T07:38:46Z</time>
<speed>0.987373</speed>
<trueHeading>0.000000</trueHeading>
<magneticHeading>0.000000</magneticHeading>
<gpsHeading>18.423632</gpsHeading>
<haccuracy>5.169000</haccuracy>
<vaccuracy>5.169000</vaccuracy>
<internetconnect>0</internetconnect>
</trkpt>
<trkpt lat="35.861701" lon="139.024141">
<ele>1297.666667</ele>
<time>2026-09-19T07:39:49Z</time>
<speed>0.674688</speed>
<trueHeading>0.000000</trueHeading>
<magneticHeading>0.000000</magneticHeading>
<gpsHeading>305.846893</gpsHeading>
<haccuracy>5.146000</haccuracy>
<vaccuracy>5.146000</vaccuracy>
<internetconnect>0</internetconnect>
</trkpt>
<trkpt lat="35.861959" lon="139.023942">
<ele>1308.666667</ele>
<time>2026-09-19T07:41:23Z</time>
<speed>0.779508</speed>
<trueHeading>0.000000</trueHeading>
<magneticHeading>0.000000</magneticHeading>
<gpsHeading>327.991577</gpsHeading>
<haccuracy>3.011000</haccuracy>
<vaccuracy>3.011000</vaccuracy>
<internetconnect>0</internetconnect>
</trkpt>
<trkpt lat="35.861968" lon="139.023562">
<ele>1319.000000</ele>
<time>2026-09-19T07:42:16Z</time>
<speed>0.909171</speed>
<trueHeading>0.000000</trueHeading>
<magneticHeading>0.000000</magneticHeading>
<gpsHeading>271.674835</gpsHeading>
<haccuracy>4.575000</haccuracy>
<vaccuracy>4.575000</vaccuracy>
<internetconnect>0</internetconnect>
</trkpt>
<trkpt lat="35.862265" lon="139.023615">
<ele>1328.333333</ele>
<time>2026-09-19T07:43:25Z</time>
<speed>0.924554</speed>
<trueHeading>0.000000</trueHeading>
<magneticHeading>0.000000</magneticHeading>
<gpsHeading>8.212183</gpsHeading>
<haccuracy>5.544000</haccuracy>
<vaccuracy>5.544000</vaccuracy>
<internetconnect>0</internetconnect>
</trkpt>
<trkpt lat="35.862512" lon="139.023845">
<ele>1333.666667</ele>
<time>2026-09-19T07:44:18Z</time>
<speed>1.079236</speed>
<trueHeading>0.000000</trueHeading>
<magneticHeading>0.000000</magneticHeading>
<gpsHeading>37.112553</gpsHeading>
<haccuracy>5.018000</haccuracy>
<vaccuracy>5.018000</vaccuracy>
<internetconnect>0</internetconnect>
</trkpt>
<trkpt lat="35.862448" lon="139.024267">
<ele>1334.000000</ele>
<time>2026-09-19T07:45:47Z</time>
<speed>0.977889</speed>
<trueHeading>0.000000</trueHeading>
<magneticHeading>0.000000</magneticHeading>
<gpsHeading>100.509590</gpsHeading>
<haccuracy>3.029000</haccuracy>
<vaccuracy>3.029000</vaccuracy>
<internetconnect>0</internetconnect>
</trkpt>
<trkpt lat="35.862424" lon="139.024768">
<ele>1329.333333</ele>
<time>2026-09-19T07:46:36Z</time>
<speed>1.009413</speed>
<trueHeading>0.000000</trueHeading>
<magneticHeading>0.000000</magneticHeading>
<gpsHeading>93.440430</gpsHeading>
<haccuracy>3.096000</haccuracy>
<vaccuracy>3.096000</vaccuracy>
<internetconnect>0</internetconnect>
</trkpt>
<trkpt lat="35.862739" lon="139.025103">
<ele>1325.666667</ele>
<time>2026-09-19T07:47:23Z</time>
<speed>1.204820</speed>
<trueHeading>0.000000</trueHeading>
<magneticHeading>0.000000</magneticHeading>
<gpsHeading>40.773220</gpsHeading>
<haccuracy>3.024000</haccuracy>
<vaccuracy>3.024000</vaccuracy>
<internetconnect>0</internetconnect>
</trkpt>
<trkpt lat="35.862630" lon="139.025695">
<ele>1320.333333</ele>
<time>2026-09-19T07:48:11Z</time>
<speed>1.273575</speed>
<trueHeading>0.000000</trueHeading>
<magneticHeading>0.000000</magneticHeading>
<gpsHeading>102.883537</gpsHeading>
<haccuracy>3.102000</haccuracy>
<vaccuracy>3.102000</vaccuracy>
<internetconnect>0</internetconnect>
</trkpt>
<trkpt lat="35.862464" lon="139.026278">
<ele>1314.000000</ele>
<time>2026-09-19T07:48:58Z</time>
<speed>1.241836</speed>
<trueHeading>0.000000</trueHeading>
<magneticHeading>0.000000</magneticHeading>
<gpsHeading>109.349167</gpsHeading>
<haccuracy>3.010000</haccuracy>
<vaccuracy>3.010000</vaccuracy>
<internetconnect>0</internetconnect>
</trkpt>
<trkpt lat="35.862060" lon="139.026581">
<ele>1304.333333</ele>
<time>2026-09-19T07:49:46Z</time>
<speed>1.295989</speed>
<trueHeading>0.000000</trueHeading>
<magneticHeading>0.000000</magneticHeading>
<gpsHeading>148.693207</gpsHeading>
<haccuracy>3.053000</haccuracy>
<vaccuracy>3.053000</vaccuracy>
<internetconnect>0</internetconnect>
</trkpt>
<trkpt lat="35.861706" lon="139.026880">
<ele>1294.666667</ele>
<time>2026-09-19T07:50:33Z</time>
<speed>1.181633</speed>
<trueHeading>0.000000</trueHeading>
<magneticHeading>0.000000</magneticHeading>
<gpsHeading>145.576111</gpsHeading>
<haccuracy>3.047000</haccuracy>
<vaccuracy>3.047000</vaccuracy>
<internetconnect>0</internetconnect>
</trkpt>
<trkpt lat="35.861469" lon="139.027065">
<ele>1284.666667</ele>
<time>2026-09-19T07:51:21Z</time>
<speed>1.067682</speed>
<trueHeading>0.000000</trueHeading>
<magneticHeading>0.000000</magneticHeading>
<gpsHeading>147.720734</gpsHeading>
<haccuracy>3.000000</haccuracy>
<vaccuracy>3.000000</vaccuracy>
<internetconnect>0</internetconnect>
</trkpt>
<trkpt lat="35.861256" lon="139.027335">
<ele>1276.000000</ele>
<time>2026-09-19T07:52:31Z</time>
<speed>0.891720</speed>
<trueHeading>0.000000</trueHeading>
<magneticHeading>0.000000</magneticHeading>
<gpsHeading>134.177124</gpsHeading>
<haccuracy>3.012000</haccuracy>
<vaccuracy>3.012000</vaccuracy>
<internetconnect>0</internetconnect>
</trkpt>
<trkpt lat="35.861132" lon="139.027653">
<ele>1267.000000</ele>
<time>2026-09-19T07:53:19Z</time>
<speed>1.257686</speed>
<trueHeading>0.000000</trueHeading>
<magneticHeading>0.000000</magneticHeading>
<gpsHeading>115.719315</gpsHeading>
<haccuracy>3.009000</haccuracy>
<vaccuracy>3.009000</vaccuracy>
<internetconnect>0</internetconnect>
</trkpt>
<trkpt lat="35.860841" lon="139.027969">
<ele>1256.333333</ele>
<time>2026-09-19T07:54:07Z</time>
<speed>1.349487</speed>
<trueHeading>0.000000</trueHeading>
<magneticHeading>0.000000</magneticHeading>
<gpsHeading>138.689865</gpsHeading>
<haccuracy>3.006000</haccuracy>
<vaccuracy>3.006000</vaccuracy>
<internetconnect>0</internetconnect>
</trkpt>
<trkpt lat="35.860620" lon="139.028325">
<ele>1244.333333</ele>
<time>2026-09-19T07:54:55Z</time>
<speed>1.017492</speed>
<trueHeading>0.000000</trueHeading>
<magneticHeading>0.000000</magneticHeading>
<gpsHeading>127.467079</gpsHeading>
<haccuracy>3.003000</haccuracy>
<vaccuracy>3.003000</vaccuracy>
<internetconnect>0</internetconnect>
</trkpt>
<trkpt lat="35.860497" lon="139.028688">
<ele>1232.000000</ele>
<time>2026-09-19T07:55:42Z</time>
<speed>0.889554</speed>
<trueHeading>0.000000</trueHeading>
<magneticHeading>0.000000</magneticHeading>
<gpsHeading>112.579193</gpsHeading>
<haccuracy>3.012000</haccuracy>
<vaccuracy>3.012000</vaccuracy>
<internetconnect>0</internetconnect>
</trkpt>
<trkpt lat="35.860247" lon="139.028854">
<ele>1222.000000</ele>
<time>2026-09-19T07:56:35Z</time>
<speed>1.122771</speed>
<trueHeading>0.000000</trueHeading>
<magneticHeading>0.000000</magneticHeading>
<gpsHeading>151.742477</gpsHeading>
<haccuracy>3.016000</haccuracy>
<vaccuracy>3.016000</vaccuracy>
<internetconnect>0</internetconnect>
</trkpt>
<trkpt lat="35.859949" lon="139.028922">
<ele>1212.666667</ele>
<time>2026-09-19T07:57:22Z</time>
<speed>0.972773</speed>
<trueHeading>0.000000</trueHeading>
<magneticHeading>0.000000</magneticHeading>
<gpsHeading>169.502594</gpsHeading>
<haccuracy>5.311000</haccuracy>
<vaccuracy>5.311000</vaccuracy>
<internetconnect>0</internetconnect>
</trkpt>
<trkpt lat="35.859783" lon="139.029249">
<ele>1203.333333</ele>
<time>2026-09-19T07:58:15Z</time>
<speed>1.340389</speed>
<trueHeading>0.000000</trueHeading>
<magneticHeading>0.000000</magneticHeading>
<gpsHeading>121.952576</gpsHeading>
<haccuracy>3.018000</haccuracy>
<vaccuracy>3.018000</vaccuracy>
<internetconnect>0</internetconnect>
</trkpt>
<trkpt lat="35.859741" lon="139.029834">
<ele>1191.333333</ele>
<time>2026-09-19T07:59:04Z</time>
<speed>1.312371</speed>
<trueHeading>0.000000</trueHeading>
<magneticHeading>0.000000</magneticHeading>
<gpsHeading>95.113831</gpsHeading>
<haccuracy>3.054000</haccuracy>
<vaccuracy>3.054000</vaccuracy>
<internetconnect>0</internetconnect>
</trkpt>
<trkpt lat="35.859705" lon="139.030362">
<ele>1182.333333</ele>
<time>2026-09-19T07:59:52Z</time>
<speed>1.385981</speed>
<trueHeading>0.000000</trueHeading>
<magneticHeading>0.000000</magneticHeading>
<gpsHeading>94.751190</gpsHeading>
<haccuracy>3.000000</haccuracy>
<vaccuracy>3.000000</vaccuracy>
<internetconnect>0</internetconnect>
</trkpt>
<trkpt lat="35.859336" lon="139.030744">
<ele>1175.333333</ele>
<time>2026-09-19T08:00:40Z</time>
<speed>1.370465</speed>
<trueHeading>0.000000</trueHeading>
<magneticHeading>0.000000</magneticHeading>
<gpsHeading>140.032883</gpsHeading>
<haccuracy>4.870000</haccuracy>
<vaccuracy>4.870000</vaccuracy>
<internetconnect>0</internetconnect>
</trkpt>
<trkpt lat="35.859157" lon="139.031177">
<ele>1169.333333</ele>
<time>2026-09-19T08:01:28Z</time>
<speed>1.326141</speed>
<trueHeading>0.000000</trueHeading>
<magneticHeading>0.000000</magneticHeading>
<gpsHeading>117.047791</gpsHeading>
<haccuracy>3.165000</haccuracy>
<vaccuracy>3.165000</vaccuracy>
<internetconnect>0</internetconnect>
</trkpt>
<trkpt lat="35.858881" lon="139.031663">
<ele>1159.666667</ele>
<time>2026-09-19T08:02:16Z</time>
<speed>1.215219</speed>
<trueHeading>0.000000</trueHeading>
<magneticHeading>0.000000</magneticHeading>
<gpsHeading>125.076454</gpsHeading>
<haccuracy>3.033000</haccuracy>
<vaccuracy>3.033000</vaccuracy>
<internetconnect>0</internetconnect>
</trkpt>
<trkpt lat="35.858468" lon="139.031852">
<ele>1147.000000</ele>
<time>2026-09-19T08:03:04Z</time>
<speed>1.227404</speed>
<trueHeading>0.000000</trueHeading>
<magneticHeading>0.000000</magneticHeading>
<gpsHeading>159.583115</gpsHeading>
<haccuracy>3.149000</haccuracy>
<vaccuracy>3.149000</vaccuracy>
<internetconnect>0</internetconnect>
</trkpt>
<trkpt lat="35.858129" lon="139.032095">
<ele>1135.000000</ele>
<time>2026-09-19T08:03:51Z</time>
<speed>1.337271</speed>
<trueHeading>0.000000</trueHeading>
<magneticHeading>0.000000</magneticHeading>
<gpsHeading>149.963943</gpsHeading>
<haccuracy>5.478000</haccuracy>
<vaccuracy>5.478000</vaccuracy>
<internetconnect>0</internetconnect>
</trkpt>
<trkpt lat="35.858045" lon="139.032477">
<ele>1121.000000</ele>
<time>2026-09-19T08:04:39Z</time>
<speed>1.369313</speed>
<trueHeading>0.000000</trueHeading>
<magneticHeading>0.000000</magneticHeading>
<gpsHeading>105.067368</gpsHeading>
<haccuracy>5.670000</haccuracy>
<vaccuracy>5.670000</vaccuracy>
<internetconnect>0</internetconnect>
</trkpt>
<trkpt lat="35.857755" lon="139.032704">
<ele>1106.333333</ele>
<time>2026-09-19T08:05:27Z</time>
<speed>0.961269</speed>
<trueHeading>0.000000</trueHeading>
<magneticHeading>0.000000</magneticHeading>
<gpsHeading>147.683762</gpsHeading>
<haccuracy>6.061000</haccuracy>
<vaccuracy>6.061000</vaccuracy>
<internetconnect>0</internetconnect>
</trkpt>
<trkpt lat="35.857476" lon="139.032745">
<ele>1091.000000</ele>
<time>2026-09-19T08:06:15Z</time>
<speed>1.343684</speed>
<trueHeading>0.000000</trueHeading>
<magneticHeading>0.000000</magneticHeading>
<gpsHeading>173.172699</gpsHeading>
<haccuracy>5.289000</haccuracy>
<vaccuracy>5.289000</vaccuracy>
<internetconnect>0</internetconnect>
</trkpt>
<trkpt lat="35.857147" lon="139.032878">
<ele>1078.333333</ele>
<time>2026-09-19T08:07:02Z</time>
<speed>1.408209</speed>
<trueHeading>0.000000</trueHeading>
<magneticHeading>0.000000</magneticHeading>
<gpsHeading>161.856415</gpsHeading>
<haccuracy>6.366000</haccuracy>
<vaccuracy>6.366000</vaccuracy>
<internetconnect>0</internetconnect>
</trkpt>
<trkpt lat="35.856753" lon="139.032973">
<ele>1067.000000</ele>
<time>2026-09-19T08:07:50Z</time>
<speed>1.406263</speed>
<trueHeading>0.000000</trueHeading>
<magneticHeading>0.000000</magneticHeading>
<gpsHeading>168.933960</gpsHeading>
<haccuracy>4.584000</haccuracy>
<vaccuracy>4.584000</vaccuracy>
<internetconnect>0</internetconnect>
</trkpt>
<trkpt lat="35.856461" lon="139.033381">
<ele>1053.666667</ele>
<time>2026-09-19T08:08:37Z</time>
<speed>1.296288</speed>
<trueHeading>0.000000</trueHeading>
<magneticHeading>0.000000</magneticHeading>
<gpsHeading>131.424698</gpsHeading>
<haccuracy>7.079000</haccuracy>
<vaccuracy>7.079000</vaccuracy>
<internetconnect>0</internetconnect>
</trkpt>
<trkpt lat="35.856080" lon="139.033640">
<ele>1040.666667</ele>
<time>2026-09-19T08:09:24Z</time>
<speed>1.420079</speed>
<trueHeading>0.000000</trueHeading>
<magneticHeading>0.000000</magneticHeading>
<gpsHeading>151.137543</gpsHeading>
<haccuracy>5.799000</haccuracy>
<vaccuracy>5.799000</vaccuracy>
<internetconnect>0</internetconnect>
</trkpt>
<trkpt lat="35.855749" lon="139.033954">
<ele>1028.333333</ele>
<time>2026-09-19T08:10:11Z</time>
<speed>1.511060</speed>
<trueHeading>0.000000</trueHeading>
<magneticHeading>0.000000</magneticHeading>
<gpsHeading>142.486786</gpsHeading>
<haccuracy>5.963000</haccuracy>
<vaccuracy>5.963000</vaccuracy>
<internetconnect>0</internetconnect>
</trkpt>
<trkpt lat="35.855345" lon="139.034212">
<ele>1020.000000</ele>
<time>2026-09-19T08:11:00Z</time>
<speed>1.482170</speed>
<trueHeading>0.000000</trueHeading>
<magneticHeading>0.000000</magneticHeading>
<gpsHeading>152.605209</gpsHeading>
<haccuracy>5.148000</haccuracy>
<vaccuracy>5.148000</vaccuracy>
<internetconnect>0</internetconnect>
</trkpt>
<trkpt lat="35.854962" lon="139.034546">
<ele>1011.333333</ele>
<time>2026-09-19T08:11:47Z</time>
<speed>1.367659</speed>
<trueHeading>0.000000</trueHeading>
<magneticHeading>0.000000</magneticHeading>
<gpsHeading>144.801590</gpsHeading>
<haccuracy>4.930000</haccuracy>
<vaccuracy>4.930000</vaccuracy>
<internetconnect>0</internetconnect>
</trkpt>
<trkpt lat="35.854728" lon="139.035080">
<ele>1006.000000</ele>
<time>2026-09-19T08:12:35Z</time>
<speed>1.400792</speed>
<trueHeading>0.000000</trueHeading>
<magneticHeading>0.000000</magneticHeading>
<gpsHeading>118.396111</gpsHeading>
<haccuracy>3.053000</haccuracy>
<vaccuracy>3.053000</vaccuracy>
<internetconnect>0</internetconnect>
</trkpt>
<trkpt lat="35.854667" lon="139.035504">
<ele>1001.666667</ele>
<time>2026-09-19T08:13:22Z</time>
<speed>0.076374</speed>
<trueHeading>0.000000</trueHeading>
<magneticHeading>0.000000</magneticHeading>
<gpsHeading>100.000725</gpsHeading>
<haccuracy>3.000000</haccuracy>
<vaccuracy>3.000000</vaccuracy>
<internetconnect>2</internetconnect>
</trkpt>
<trkpt lat="35.854517" lon="139.036016">
<ele>998.333333</ele>
<time>2026-09-19T08:14:10Z</time>
<speed>1.277125</speed>
<trueHeading>0.000000</trueHeading>
<magneticHeading>0.000000</magneticHeading>
<gpsHeading>109.864464</gpsHeading>
<haccuracy>3.010000</haccuracy>
<vaccuracy>3.010000</vaccuracy>
<internetconnect>2</internetconnect>
</trkpt>
<trkpt lat="35.854214" lon="139.036434">
<ele>988.333333</ele>
<time>2026-09-19T08:14:57Z</time>
<speed>1.394401</speed>
<trueHeading>0.000000</trueHeading>
<magneticHeading>0.000000</magneticHeading>
<gpsHeading>131.882156</gpsHeading>
<haccuracy>3.022000</haccuracy>
<vaccuracy>3.022000</vaccuracy>
<internetconnect>2</internetconnect>
</trkpt>
<trkpt lat="35.853950" lon="139.036831">
<ele>978.333333</ele>
<time>2026-09-19T08:15:44Z</time>
<speed>1.217341</speed>
<trueHeading>0.000000</trueHeading>
<magneticHeading>0.000000</magneticHeading>
<gpsHeading>129.377991</gpsHeading>
<haccuracy>3.003000</haccuracy>
<vaccuracy>3.003000</vaccuracy>
<internetconnect>2</internetconnect>
</trkpt>
<trkpt lat="35.853947" lon="139.036428">
<ele>965.000000</ele>
<time>2026-09-19T08:16:46Z</time>
<speed>1.141022</speed>
<trueHeading>0.000000</trueHeading>
<magneticHeading>0.000000</magneticHeading>
<gpsHeading>269.614380</gpsHeading>
<haccuracy>4.957000</haccuracy>
<vaccuracy>4.957000</vaccuracy>
<internetconnect>2</internetconnect>
</trkpt>
<trkpt lat="35.853768" lon="139.036448">
<ele>950.666667</ele>
<time>2026-09-19T08:18:51Z</time>
<speed>0.370000</speed>
<trueHeading>0.000000</trueHeading>
<magneticHeading>0.000000</magneticHeading>
<gpsHeading>174.682861</gpsHeading>
<haccuracy>10.121000</haccuracy>
<vaccuracy>10.121000</vaccuracy>
<internetconnect>2</internetconnect>
</trkpt>
<trkpt lat="35.853538" lon="139.036288">
<ele>931.333333</ele>
<time>2026-09-19T08:20:54Z</time>
<speed>0.930000</speed>
<trueHeading>0.000000</trueHeading>
<magneticHeading>0.000000</magneticHeading>
<gpsHeading>209.539825</gpsHeading>
<haccuracy>9.935000</haccuracy>
<vaccuracy>9.935000</vaccuracy>
<internetconnect>2</internetconnect>
</trkpt>
<trkpt lat="35.853273" lon="139.036472">
<ele>916.333333</ele>
<time>2026-09-19T08:22:05Z</time>
<speed>1.241891</speed>
<trueHeading>0.000000</trueHeading>
<magneticHeading>0.000000</magneticHeading>
<gpsHeading>150.628433</gpsHeading>
<haccuracy>5.030000</haccuracy>
<vaccuracy>5.030000</vaccuracy>
<internetconnect>2</internetconnect>
</trkpt>
<trkpt lat="35.853338" lon="139.036951">
<ele>900.666667</ele>
<time>2026-09-19T08:22:52Z</time>
<speed>1.065299</speed>
<trueHeading>0.000000</trueHeading>
<magneticHeading>0.000000</magneticHeading>
<gpsHeading>80.444641</gpsHeading>
<haccuracy>5.186000</haccuracy>
<vaccuracy>5.186000</vaccuracy>
<internetconnect>2</internetconnect>
</trkpt>
<trkpt lat="35.853010" lon="139.037132">
<ele>890.333333</ele>
<time>2026-09-19T08:23:40Z</time>
<speed>1.243543</speed>
<trueHeading>0.000000</trueHeading>
<magneticHeading>0.000000</magneticHeading>
<gpsHeading>155.940323</gpsHeading>
<haccuracy>4.600000</haccuracy>
<vaccuracy>4.600000</vaccuracy>
<internetconnect>2</internetconnect>
</trkpt>
<trkpt lat="35.852707" lon="139.037111">
<ele>878.333333</ele>
<time>2026-09-19T08:24:38Z</time>
<speed>1.259873</speed>
<trueHeading>0.000000</trueHeading>
<magneticHeading>0.000000</magneticHeading>
<gpsHeading>183.223694</gpsHeading>
<haccuracy>4.976000</haccuracy>
<vaccuracy>4.976000</vaccuracy>
<internetconnect>2</internetconnect>
</trkpt>
<trkpt lat="35.852437" lon="139.037287">
<ele>865.333333</ele>
<time>2026-09-19T08:25:26Z</time>
<speed>1.259321</speed>
<trueHeading>0.000000</trueHeading>
<magneticHeading>0.000000</magneticHeading>
<gpsHeading>152.225220</gpsHeading>
<haccuracy>4.617000</haccuracy>
<vaccuracy>4.617000</vaccuracy>
<internetconnect>2</internetconnect>
</trkpt>
<trkpt lat="35.852328" lon="139.037675">
<ele>846.666667</ele>
<time>2026-09-19T08:26:57Z</time>
<speed>1.290612</speed>
<trueHeading>0.000000</trueHeading>
<magneticHeading>0.000000</magneticHeading>
<gpsHeading>109.070015</gpsHeading>
<haccuracy>5.079000</haccuracy>
<vaccuracy>5.079000</vaccuracy>
<internetconnect>2</internetconnect>
</trkpt>
<trkpt lat="35.852054" lon="139.037788">
<ele>822.333333</ele>
<time>2026-09-19T08:27:55Z</time>
<speed>1.141935</speed>
<trueHeading>0.000000</trueHeading>
<magneticHeading>0.000000</magneticHeading>
<gpsHeading>161.568787</gpsHeading>
<haccuracy>4.709000</haccuracy>
<vaccuracy>4.709000</vaccuracy>
<internetconnect>2</internetconnect>
</trkpt>
<trkpt lat="35.851828" lon="139.037991">
<ele>810.000000</ele>
<time>2026-09-19T08:29:08Z</time>
<speed>0.392570</speed>
<trueHeading>0.000000</trueHeading>
<magneticHeading>0.000000</magneticHeading>
<gpsHeading>143.898071</gpsHeading>
<haccuracy>5.275000</haccuracy>
<vaccuracy>5.275000</vaccuracy>
<internetconnect>2</internetconnect>
</trkpt>
<trkpt lat="35.852159" lon="139.038136">
<ele>801.000000</ele>
<time>2026-09-19T08:29:55Z</time>
<speed>0.783661</speed>
<trueHeading>0.000000</trueHeading>
<magneticHeading>0.000000</magneticHeading>
<gpsHeading>19.635448</gpsHeading>
<haccuracy>4.865000</haccuracy>
<vaccuracy>4.865000</vaccuracy>
<internetconnect>2</internetconnect>
</trkpt>
<trkpt lat="35.852452" lon="139.038274">
<ele>792.333333</ele>
<time>2026-09-19T08:31:03Z</time>
<speed>1.247548</speed>
<trueHeading>0.000000</trueHeading>
<magneticHeading>0.000000</magneticHeading>
<gpsHeading>20.935125</gpsHeading>
<haccuracy>5.135000</haccuracy>
<vaccuracy>5.135000</vaccuracy>
<internetconnect>2</internetconnect>
</trkpt>
<trkpt lat="35.852087" lon="139.038569">
<ele>782.333333</ele>
<time>2026-09-19T08:31:52Z</time>
<speed>1.053574</speed>
<trueHeading>0.000000</trueHeading>
<magneticHeading>0.000000</magneticHeading>
<gpsHeading>146.830383</gpsHeading>
<haccuracy>4.658000</haccuracy>
<vaccuracy>4.658000</vaccuracy>
<internetconnect>2</internetconnect>
</trkpt>
<trkpt lat="35.852367" lon="139.038563">
<ele>765.666667</ele>
<time>2026-09-19T08:33:09Z</time>
<speed>0.159990</speed>
<trueHeading>0.000000</trueHeading>
<magneticHeading>0.000000</magneticHeading>
<gpsHeading>359.037079</gpsHeading>
<haccuracy>4.941000</haccuracy>
<vaccuracy>4.941000</vaccuracy>
<internetconnect>2</internetconnect>
</trkpt>
<trkpt lat="35.852424" lon="139.038934">
<ele>757.333333</ele>
<time>2026-09-19T08:34:09Z</time>
<speed>1.500000</speed>
<trueHeading>0.000000</trueHeading>
<magneticHeading>0.000000</magneticHeading>
<gpsHeading>79.214378</gpsHeading>
<haccuracy>10.965000</haccuracy>
<vaccuracy>10.965000</vaccuracy>
<internetconnect>2</internetconnect>
</trkpt>
<trkpt lat="35.852142" lon="139.038866">
<ele>740.666667</ele>
<time>2026-09-19T08:35:09Z</time>
<speed>2.500000</speed>
<trueHeading>0.000000</trueHeading>
<magneticHeading>0.000000</magneticHeading>
<gpsHeading>191.012543</gpsHeading>
<haccuracy>10.730000</haccuracy>
<vaccuracy>10.730000</vaccuracy>
<internetconnect>2</internetconnect>
</trkpt>
<trkpt lat="35.852301" lon="139.039230">
<ele>729.333333</ele>
<time>2026-09-19T08:35:59Z</time>
<speed>1.060000</speed>
<trueHeading>0.000000</trueHeading>
<magneticHeading>0.000000</magneticHeading>
<gpsHeading>61.698475</gpsHeading>
<haccuracy>10.504000</haccuracy>
<vaccuracy>10.504000</vaccuracy>
<internetconnect>2</internetconnect>
</trkpt>
<trkpt lat="35.852000" lon="139.039397">
<ele>710.000000</ele>
<time>2026-09-19T08:36:46Z</time>
<speed>1.363246</speed>
<trueHeading>0.000000</trueHeading>
<magneticHeading>0.000000</magneticHeading>
<gpsHeading>155.729630</gpsHeading>
<haccuracy>6.173000</haccuracy>
<vaccuracy>6.173000</vaccuracy>
<internetconnect>2</internetconnect>
</trkpt>
<trkpt lat="35.851771" lon="139.039677">
<ele>696.000000</ele>
<time>2026-09-19T08:38:07Z</time>
<speed>1.296777</speed>
<trueHeading>0.000000</trueHeading>
<magneticHeading>0.000000</magneticHeading>
<gpsHeading>135.284943</gpsHeading>
<haccuracy>7.016000</haccuracy>
<vaccuracy>7.016000</vaccuracy>
<internetconnect>2</internetconnect>
</trkpt>
<trkpt lat="35.851568" lon="139.039581">
<ele>673.666667</ele>
<time>2026-09-19T08:40:11Z</time>
<speed>0.540085</speed>
<trueHeading>0.000000</trueHeading>
<magneticHeading>0.000000</magneticHeading>
<gpsHeading>201.102219</gpsHeading>
<haccuracy>7.089000</haccuracy>
<vaccuracy>7.089000</vaccuracy>
<internetconnect>2</internetconnect>
</trkpt>
<trkpt lat="35.851802" lon="139.040041">
<ele>655.666667</ele>
<time>2026-09-19T08:41:00Z</time>
<speed>0.126780</speed>
<trueHeading>0.000000</trueHeading>
<magneticHeading>0.000000</magneticHeading>
<gpsHeading>57.899033</gpsHeading>
<haccuracy>4.155000</haccuracy>
<vaccuracy>4.155000</vaccuracy>
<internetconnect>2</internetconnect>
</trkpt>
<trkpt lat="35.851943" lon="139.040371">
<ele>641.000000</ele>
<time>2026-09-19T08:41:47Z</time>
<speed>1.430000</speed>
<trueHeading>0.000000</trueHeading>
<magneticHeading>0.000000</magneticHeading>
<gpsHeading>62.321522</gpsHeading>
<haccuracy>13.832000</haccuracy>
<vaccuracy>13.832000</vaccuracy>
<internetconnect>2</internetconnect>
</trkpt>
<trkpt lat="35.852325" lon="139.040233">
<ele>638.000000</ele>
<time>2026-09-19T08:42:37Z</time>
<speed>0.620000</speed>
<trueHeading>0.000000</trueHeading>
<magneticHeading>0.000000</magneticHeading>
<gpsHeading>343.673248</gpsHeading>
<haccuracy>11.557000</haccuracy>
<vaccuracy>11.557000</vaccuracy>
<internetconnect>2</internetconnect>
</trkpt>
<trkpt lat="35.851970" lon="139.040261">
<ele>637.000000</ele>
<time>2026-09-19T08:43:27Z</time>
<speed>1.030000</speed>
<trueHeading>0.000000</trueHeading>
<magneticHeading>0.000000</magneticHeading>
<gpsHeading>176.319153</gpsHeading>
<haccuracy>11.773000</haccuracy>
<vaccuracy>11.773000</vaccuracy>
<internetconnect>2</internetconnect>
</trkpt>
<trkpt lat="35.851704" lon="139.040382">
<ele>634.000000</ele>
<time>2026-09-19T08:44:35Z</time>
<speed>0.964885</speed>
<trueHeading>0.000000</trueHeading>
<magneticHeading>0.000000</magneticHeading>
<gpsHeading>159.797394</gpsHeading>
<haccuracy>5.840000</haccuracy>
<vaccuracy>5.840000</vaccuracy>
<internetconnect>2</internetconnect>
</trkpt>
<trkpt lat="35.851787" lon="139.040444">
<ele>629.000000</ele>
<time>2026-09-19T08:46:41Z</time>
<speed>0.689953</speed>
<trueHeading>0.000000</trueHeading>
<magneticHeading>0.000000</magneticHeading>
<gpsHeading>31.336611</gpsHeading>
<haccuracy>5.527000</haccuracy>
<vaccuracy>5.527000</vaccuracy>
<internetconnect>2</internetconnect>
</trkpt>
<trkpt lat="35.851298" lon="139.040400">
<ele>631.000000</ele>
<time>2026-09-19T08:47:27Z</time>
<speed>1.532541</speed>
<trueHeading>0.000000</trueHeading>
<magneticHeading>0.000000</magneticHeading>
<gpsHeading>184.175552</gpsHeading>
<haccuracy>3.518000</haccuracy>
<vaccuracy>3.518000</vaccuracy>
<internetconnect>2</internetconnect>
</trkpt>
<trkpt lat="35.850690" lon="139.040301">
<ele>628.000000</ele>
<time>2026-09-19T08:48:15Z</time>
<speed>0.985074</speed>
<trueHeading>0.000000</trueHeading>
<magneticHeading>0.000000</magneticHeading>
<gpsHeading>187.442383</gpsHeading>
<haccuracy>6.339000</haccuracy>
<vaccuracy>6.339000</vaccuracy>
<internetconnect>2</internetconnect>
</trkpt>
<trkpt lat="35.851118" lon="139.040054">
<ele>628.666667</ele>
<time>2026-09-19T08:49:29Z</time>
<speed>0.108830</speed>
<trueHeading>0.000000</trueHeading>
<magneticHeading>0.000000</magneticHeading>
<gpsHeading>334.913940</gpsHeading>
<haccuracy>3.801000</haccuracy>
<vaccuracy>3.801000</vaccuracy>
<internetconnect>2</internetconnect>
</trkpt>
<trkpt lat="35.851131" lon="139.040018">
<ele>622.333333</ele>
<time>2026-09-19T08:51:52Z</time>
<speed>0.105271</speed>
<trueHeading>0.000000</trueHeading>
<magneticHeading>0.000000</magneticHeading>
<gpsHeading>293.791077</gpsHeading>
<haccuracy>4.969000</haccuracy>
<vaccuracy>4.969000</vaccuracy>
<internetconnect>2</internetconnect>
</trkpt>
<trkpt lat="35.850890" lon="139.039993">
<ele>621.000000</ele>
<time>2026-09-19T08:53:54Z</time>
<speed>1.347907</speed>
<trueHeading>0.000000</trueHeading>
<magneticHeading>0.000000</magneticHeading>
<gpsHeading>184.771866</gpsHeading>
<haccuracy>5.687000</haccuracy>
<vaccuracy>5.687000</vaccuracy>
<internetconnect>2</internetconnect>
</trkpt>
<trkpt lat="35.850460" lon="139.039661">
<ele>620.000000</ele>
<time>2026-09-19T08:54:41Z</time>
<speed>1.399852</speed>
<trueHeading>0.000000</trueHeading>
<magneticHeading>0.000000</magneticHeading>
<gpsHeading>212.026382</gpsHeading>
<haccuracy>5.390000</haccuracy>
<vaccuracy>5.390000</vaccuracy>
<internetconnect>2</internetconnect>
</trkpt>
<trkpt lat="35.850053" lon="139.039121">
<ele>621.000000</ele>
<time>2026-09-19T08:55:29Z</time>
<speed>1.401232</speed>
<trueHeading>0.000000</trueHeading>
<magneticHeading>0.000000</magneticHeading>
<gpsHeading>227.084732</gpsHeading>
<haccuracy>5.240000</haccuracy>
<vaccuracy>5.240000</vaccuracy>
<internetconnect>2</internetconnect>
</trkpt>
<trkpt lat="35.849788" lon="139.038544">
<ele>620.666667</ele>
<time>2026-09-19T08:56:16Z</time>
<speed>1.427680</speed>
<trueHeading>0.000000</trueHeading>
<magneticHeading>0.000000</magneticHeading>
<gpsHeading>240.421371</gpsHeading>
<haccuracy>5.699000</haccuracy>
<vaccuracy>5.699000</vaccuracy>
<internetconnect>2</internetconnect>
</trkpt>
<trkpt lat="35.849503" lon="139.038094">
<ele>618.000000</ele>
<time>2026-09-19T08:57:04Z</time>
<speed>1.277233</speed>
<trueHeading>0.000000</trueHeading>
<magneticHeading>0.000000</magneticHeading>
<gpsHeading>231.991318</gpsHeading>
<haccuracy>5.038000</haccuracy>
<vaccuracy>5.038000</vaccuracy>
<internetconnect>2</internetconnect>
</trkpt>
<trkpt lat="35.849255" lon="139.037563">
<ele>606.666667</ele>
<time>2026-09-19T08:57:52Z</time>
<speed>1.411450</speed>
<trueHeading>0.000000</trueHeading>
<magneticHeading>0.000000</magneticHeading>
<gpsHeading>240.080841</gpsHeading>
<haccuracy>5.310000</haccuracy>
<vaccuracy>5.310000</vaccuracy>
<internetconnect>2</internetconnect>
</trkpt>
<trkpt lat="35.848588" lon="139.037574">
<ele>603.000000</ele>
<time>2026-09-19T08:58:39Z</time>
<speed>1.397982</speed>
<trueHeading>0.000000</trueHeading>
<magneticHeading>0.000000</magneticHeading>
<gpsHeading>179.282867</gpsHeading>
<haccuracy>5.156000</haccuracy>
<vaccuracy>5.156000</vaccuracy>
<internetconnect>2</internetconnect>
</trkpt>
<trkpt lat="35.848027" lon="139.037626">
<ele>605.666667</ele>
<time>2026-09-19T08:59:26Z</time>
<speed>1.449315</speed>
<trueHeading>0.000000</trueHeading>
<magneticHeading>0.000000</magneticHeading>
<gpsHeading>175.675491</gpsHeading>
<haccuracy>5.589000</haccuracy>
<vaccuracy>5.589000</vaccuracy>
<internetconnect>2</internetconnect>
</trkpt>
<trkpt lat="35.847631" lon="139.038158">
<ele>616.333333</ele>
<time>2026-09-19T09:00:14Z</time>
<speed>1.437705</speed>
<trueHeading>0.000000</trueHeading>
<magneticHeading>0.000000</magneticHeading>
<gpsHeading>132.565308</gpsHeading>
<haccuracy>4.755000</haccuracy>
<vaccuracy>4.755000</vaccuracy>
<internetconnect>2</internetconnect>
</trkpt>
<trkpt lat="35.847249" lon="139.038773">
<ele>627.666667</ele>
<time>2026-09-19T09:01:02Z</time>
<speed>1.436602</speed>
<trueHeading>0.000000</trueHeading>
<magneticHeading>0.000000</magneticHeading>
<gpsHeading>127.496986</gpsHeading>
<haccuracy>5.309000</haccuracy>
<vaccuracy>5.309000</vaccuracy>
<internetconnect>2</internetconnect>
</trkpt>
<trkpt lat="35.846688" lon="139.038955">
<ele>623.333333</ele>
<time>2026-09-19T09:01:49Z</time>
<speed>1.387897</speed>
<trueHeading>0.000000</trueHeading>
<magneticHeading>0.000000</magneticHeading>
<gpsHeading>165.245972</gpsHeading>
<haccuracy>5.332000</haccuracy>
<vaccuracy>5.332000</vaccuracy>
<internetconnect>2</internetconnect>
</trkpt>
<trkpt lat="35.846041" lon="139.038812">
<ele>620.333333</ele>
<time>2026-09-19T09:02:36Z</time>
<speed>1.474018</speed>
<trueHeading>0.000000</trueHeading>
<magneticHeading>0.000000</magneticHeading>
<gpsHeading>190.215881</gpsHeading>
<haccuracy>4.841000</haccuracy>
<vaccuracy>4.841000</vaccuracy>
<internetconnect>2</internetconnect>
</trkpt>
<trkpt lat="35.845541" lon="139.039145">
<ele>612.333333</ele>
<time>2026-09-19T09:03:24Z</time>
<speed>1.436959</speed>
<trueHeading>0.000000</trueHeading>
<magneticHeading>0.000000</magneticHeading>
<gpsHeading>151.632492</gpsHeading>
<haccuracy>5.105000</haccuracy>
<vaccuracy>5.105000</vaccuracy>
<internetconnect>2</internetconnect>
</trkpt>
<trkpt lat="35.844945" lon="139.039233">
<ele>619.000000</ele>
<time>2026-09-19T09:04:11Z</time>
<speed>1.466063</speed>
<trueHeading>0.000000</trueHeading>
<magneticHeading>0.000000</magneticHeading>
<gpsHeading>173.157318</gpsHeading>
<haccuracy>5.328000</haccuracy>
<vaccuracy>5.328000</vaccuracy>
<internetconnect>2</internetconnect>
</trkpt>
<trkpt lat="35.844391" lon="139.038942">
<ele>617.000000</ele>
<time>2026-09-19T09:04:58Z</time>
<speed>1.442798</speed>
<trueHeading>0.000000</trueHeading>
<magneticHeading>0.000000</magneticHeading>
<gpsHeading>203.117523</gpsHeading>
<haccuracy>4.940000</haccuracy>
<vaccuracy>4.940000</vaccuracy>
<internetconnect>2</internetconnect>
</trkpt>
<trkpt lat="35.843853" lon="139.038566">
<ele>612.666667</ele>
<time>2026-09-19T09:05:46Z</time>
<speed>1.500573</speed>
<trueHeading>0.000000</trueHeading>
<magneticHeading>0.000000</magneticHeading>
<gpsHeading>209.514999</gpsHeading>
<haccuracy>5.909000</haccuracy>
<vaccuracy>5.909000</vaccuracy>
<internetconnect>2</internetconnect>
</trkpt>
<trkpt lat="35.843440" lon="139.038579">
<ele>613.000000</ele>
<time>2026-09-19T09:06:33Z</time>
<speed>1.502656</speed>
<trueHeading>0.000000</trueHeading>
<magneticHeading>0.000000</magneticHeading>
<gpsHeading>178.570694</gpsHeading>
<haccuracy>5.056000</haccuracy>
<vaccuracy>5.056000</vaccuracy>
<internetconnect>2</internetconnect>
</trkpt>
<trkpt lat="35.842921" lon="139.038436">
<ele>616.000000</ele>
<time>2026-09-19T09:07:21Z</time>
<speed>1.526049</speed>
<trueHeading>0.000000</trueHeading>
<magneticHeading>0.000000</magneticHeading>
<gpsHeading>192.533066</gpsHeading>
<haccuracy>4.983000</haccuracy>
<vaccuracy>4.983000</vaccuracy>
<internetconnect>2</internetconnect>
</trkpt>
<trkpt lat="35.842387" lon="139.038201">
<ele>621.000000</ele>
<time>2026-09-19T09:08:08Z</time>
<speed>1.439133</speed>
<trueHeading>0.000000</trueHeading>
<magneticHeading>0.000000</magneticHeading>
<gpsHeading>199.611923</gpsHeading>
<haccuracy>5.442000</haccuracy>
<vaccuracy>5.442000</vaccuracy>
<internetconnect>2</internetconnect>
</trkpt>
<trkpt lat="35.842092" lon="139.038788">
<ele>617.666667</ele>
<time>2026-09-19T09:08:55Z</time>
<speed>1.399618</speed>
<trueHeading>0.000000</trueHeading>
<magneticHeading>0.000000</magneticHeading>
<gpsHeading>121.823235</gpsHeading>
<haccuracy>6.263000</haccuracy>
<vaccuracy>6.263000</vaccuracy>
<internetconnect>2</internetconnect>
</trkpt>
<trkpt lat="35.841821" lon="139.039208">
<ele>620.000000</ele>
<time>2026-09-19T09:09:45Z</time>
<speed>1.431675</speed>
<trueHeading>0.000000</trueHeading>
<magneticHeading>0.000000</magneticHeading>
<gpsHeading>128.505310</gpsHeading>
<haccuracy>5.322000</haccuracy>
<vaccuracy>5.322000</vaccuracy>
<internetconnect>2</internetconnect>
</trkpt>
<trkpt lat="35.841417" lon="139.039709">
<ele>619.000000</ele>
<time>2026-09-19T09:10:31Z</time>
<speed>1.439915</speed>
<trueHeading>0.000000</trueHeading>
<magneticHeading>0.000000</magneticHeading>
<gpsHeading>134.808167</gpsHeading>
<haccuracy>4.856000</haccuracy>
<vaccuracy>4.856000</vaccuracy>
<internetconnect>2</internetconnect>
</trkpt>
<trkpt lat="35.841186" lon="139.040364">
<ele>618.333333</ele>
<time>2026-09-19T09:11:19Z</time>
<speed>1.532382</speed>
<trueHeading>0.000000</trueHeading>
<magneticHeading>0.000000</magneticHeading>
<gpsHeading>113.578255</gpsHeading>
<haccuracy>8.895000</haccuracy>
<vaccuracy>8.895000</vaccuracy>
<internetconnect>2</internetconnect>
</trkpt>
<trkpt lat="35.841063" lon="139.040944">
<ele>616.666667</ele>
<time>2026-09-19T09:12:05Z</time>
<speed>0.279746</speed>
<trueHeading>0.000000</trueHeading>
<magneticHeading>0.000000</magneticHeading>
<gpsHeading>104.675896</gpsHeading>
<haccuracy>5.113000</haccuracy>
<vaccuracy>5.113000</vaccuracy>
<internetconnect>2</internetconnect>
</trkpt>
<trkpt lat="35.841056" lon="139.040963">
<ele>617.000000</ele>
<time>2026-09-19T09:12:47Z</time>
<speed>0.503349</speed>
<trueHeading>-999.000000</trueHeading>
<magneticHeading>-999.000000</magneticHeading>
<gpsHeading>112.031631</gpsHeading>
<haccuracy>3.186000</haccuracy>
<vaccuracy>3.186000</vaccuracy>
<internetconnect>2</internetconnect>
</trkpt>
</trkseg></trk>
</gpx>
