<?xml version="1.0" encoding="UTF-8"?>
<gpx xmlns:xsi="http://www.w3.org/2001/XMLSchema-instance" xmlns="http://www.topografix.com/GPX/1/0" xsi:schemaLocation="http://www.topografix.com/GPX/1/1 http://www.topografix.com/GPX/1/1/gpx.xsd" creator="Geographica - http://geographica.biz/" appVersion="Ver 2.1.56:4401" device="google sunfish" android="13" carrier="povo">
<trk>
<name>20260726</name>
<trkseg>
<trkpt lat="36.248412" lon="137.635474">
<ele>1506.000000</ele>
<time>2026-07-25T16:26:01Z</time>
<speed>0.679182</speed>
<trueHeading>0.000000</trueHeading>
<magneticHeading>0.000000</magneticHeading>
<gpsHeading>0.000000</gpsHeading>
<haccuracy>19.309000</haccuracy>
<vaccuracy>19.309000</vaccuracy>
<internetconnect>1</internetconnect>
</trkpt>
<trkpt lat="36.248345" lon="137.635447">
<ele>1505.000000</ele>
<time>2026-07-25T16:26:10Z</time>
<speed>1.156979</speed>
<trueHeading>0.000000</trueHeading>
<magneticHeading>0.000000</magneticHeading>
<gpsHeading>0.000000</gpsHeading>
<haccuracy>14.706000</haccuracy>
<vaccuracy>14.706000</vaccuracy>
<internetconnect>1</internetconnect>
</trkpt>
<trkpt lat="36.248339" lon="137.635481">
<ele>1505.000000</ele>
<time>2026-07-25T16:28:16Z</time>
<speed>0.080941</speed>
<trueHeading>0.000000</trueHeading>
<magneticHeading>0.000000</magneticHeading>
<gpsHeading>101.181992</gpsHeading>
<haccuracy>9.217000</haccuracy>
<vaccuracy>9.217000</vaccuracy>
<internetconnect>1</internetconnect>
</trkpt>
<trkpt lat="36.248424" lon="137.635474">
<ele>1506.000000</ele>
<time>2026-07-25T16:30:19Z</time>
<speed>0.113132</speed>
<trueHeading>0.000000</trueHeading>
<magneticHeading>0.000000</magneticHeading>
<gpsHeading>356.263214</gpsHeading>
<haccuracy>8.650000</haccuracy>
<vaccuracy>8.650000</vaccuracy>
<internetconnect>1</internetconnect>
</trkpt>
<trkpt lat="36.248417" lon="137.635478">
<ele>1548.500000</ele>
<time>2026-07-25T16:31:13Z</time>
<speed>0.074850</speed>
<trueHeading>0.000000</trueHeading>
<magneticHeading>0.000000</magneticHeading>
<gpsHeading>0.000000</gpsHeading>
<haccuracy>8.216000</haccuracy>
<vaccuracy>8.216000</vaccuracy>
<internetconnect>1</internetconnect>
</trkpt>
<trkpt lat="36.248413" lon="137.635483">
<ele>1506.000000</ele>
<time>2026-07-25T16:32:27Z</time>
<speed>0.082339</speed>
<trueHeading>0.000000</trueHeading>
<magneticHeading>0.000000</magneticHeading>
<gpsHeading>149.279770</gpsHeading>
<haccuracy>7.127000</haccuracy>
<vaccuracy>7.127000</vaccuracy>
<internetconnect>1</internetconnect>
</trkpt>
<trkpt lat="36.248346" lon="137.635522">
<ele>1534.512817</ele>
<time>2026-07-25T16:33:23Z</time>
<speed>1.400000</speed>
<trueHeading>0.000000</trueHeading>
<magneticHeading>0.000000</magneticHeading>
<gpsHeading>0.000000</gpsHeading>
<haccuracy>10.765456</haccuracy>
<vaccuracy>10.765456</vaccuracy>
<internetconnect>1</internetconnect>
</trkpt>
<trkpt lat="36.248333" lon="137.635492">
<ele>1549.300049</ele>
<time>2026-07-25T16:34:19Z</time>
<speed>0.164036</speed>
<trueHeading>0.000000</trueHeading>
<magneticHeading>0.000000</magneticHeading>
<gpsHeading>0.000000</gpsHeading>
<haccuracy>7.119000</haccuracy>
<vaccuracy>7.119000</vaccuracy>
<internetconnect>1</internetconnect>
</trkpt>
<trkpt lat="36.248304" lon="137.635514">
<ele>1505.000000</ele>
<time>2026-07-25T16:34:40Z</time>
<speed>0.639403</speed>
<trueHeading>0.000000</trueHeading>
<magneticHeading>0.000000</magneticHeading>
<gpsHeading>167.047577</gpsHeading>
<haccuracy>7.656000</haccuracy>
<vaccuracy>7.656000</vaccuracy>
<internetconnect>1</internetconnect>
</trkpt>
<trkpt lat="36.248061" lon="137.635066">
<ele>1505.000000</ele>
<time>2026-07-25T16:35:28Z</time>
<speed>1.206299</speed>
<trueHeading>0.000000</trueHeading>
<magneticHeading>0.000000</magneticHeading>
<gpsHeading>236.016495</gpsHeading>
<haccuracy>5.229000</haccuracy>
<vaccuracy>5.229000</vaccuracy>
<internetconnect>2</internetconnect>
</trkpt>
<trkpt lat="36.247966" lon="137.634166">
<ele>1506.000000</ele>
<time>2026-07-25T16:36:15Z</time>
<speed>1.245436</speed>
<trueHeading>0.000000</trueHeading>
<magneticHeading>0.000000</magneticHeading>
<gpsHeading>262.586456</gpsHeading>
<haccuracy>4.428000</haccuracy>
<vaccuracy>4.428000</vaccuracy>
<internetconnect>2</internetconnect>
</trkpt>
<trkpt lat="36.247560" lon="137.633619">
<ele>1504.000000</ele>
<time>2026-07-25T16:37:02Z</time>
<speed>1.457719</speed>
<trueHeading>0.000000</trueHeading>
<magneticHeading>0.000000</magneticHeading>
<gpsHeading>227.413498</gpsHeading>
<haccuracy>4.358000</haccuracy>
<vaccuracy>4.358000</vaccuracy>
<internetconnect>2</internetconnect>
</trkpt>
<trkpt lat="36.247221" lon="137.632901">
<ele>1503.000000</ele>
<time>2026-07-25T16:37:49Z</time>
<speed>1.187597</speed>
<trueHeading>0.000000</trueHeading>
<magneticHeading>0.000000</magneticHeading>
<gpsHeading>239.576630</gpsHeading>
<haccuracy>5.347000</haccuracy>
<vaccuracy>5.347000</vaccuracy>
<internetconnect>2</internetconnect>
</trkpt>
<trkpt lat="36.246969" lon="137.632164">
<ele>1503.000000</ele>
<time>2026-07-25T16:38:40Z</time>
<speed>1.319667</speed>
<trueHeading>0.000000</trueHeading>
<magneticHeading>0.000000</magneticHeading>
<gpsHeading>247.067444</gpsHeading>
<haccuracy>4.804000</haccuracy>
<vaccuracy>4.804000</vaccuracy>
<internetconnect>2</internetconnect>
</trkpt>
<trkpt lat="36.246783" lon="137.631409">
<ele>1503.000000</ele>
<time>2026-07-25T16:39:26Z</time>
<speed>0.944795</speed>
<trueHeading>0.000000</trueHeading>
<magneticHeading>0.000000</magneticHeading>
<gpsHeading>252.987640</gpsHeading>
<haccuracy>6.017000</haccuracy>
<vaccuracy>6.017000</vaccuracy>
<internetconnect>2</internetconnect>
</trkpt>
<trkpt lat="36.246699" lon="137.631010">
<ele>1503.000000</ele>
<time>2026-07-25T16:40:14Z</time>
<speed>0.298310</speed>
<trueHeading>0.000000</trueHeading>
<magneticHeading>0.000000</magneticHeading>
<gpsHeading>255.419785</gpsHeading>
<haccuracy>4.297000</haccuracy>
<vaccuracy>4.297000</vaccuracy>
<internetconnect>2</internetconnect>
</trkpt>
<trkpt lat="36.246686" lon="137.630356">
<ele>1505.000000</ele>
<time>2026-07-25T16:41:00Z</time>
<speed>1.495933</speed>
<trueHeading>0.000000</trueHeading>
<magneticHeading>0.000000</magneticHeading>
<gpsHeading>268.524292</gpsHeading>
<haccuracy>3.093000</haccuracy>
<vaccuracy>3.093000</vaccuracy>
<internetconnect>2</internetconnect>
</trkpt>
<trkpt lat="36.246506" lon="137.629558">
<ele>1504.000000</ele>
<time>2026-07-25T16:41:48Z</time>
<speed>1.576556</speed>
<trueHeading>0.000000</trueHeading>
<magneticHeading>0.000000</magneticHeading>
<gpsHeading>254.361206</gpsHeading>
<haccuracy>4.623000</haccuracy>
<vaccuracy>4.623000</vaccuracy>
<internetconnect>2</internetconnect>
</trkpt>
<trkpt lat="36.246600" lon="137.628722">
<ele>1499.000000</ele>
<time>2026-07-25T16:42:36Z</time>
<speed>1.010886</speed>
<trueHeading>0.000000</trueHeading>
<magneticHeading>0.000000</magneticHeading>
<gpsHeading>277.984253</gpsHeading>
<haccuracy>5.183000</haccuracy>
<vaccuracy>5.183000</vaccuracy>
<internetconnect>2</internetconnect>
</trkpt>
<trkpt lat="36.246919" lon="137.628227">
<ele>1499.000000</ele>
<time>2026-07-25T16:43:22Z</time>
<speed>0.541682</speed>
<trueHeading>0.000000</trueHeading>
<magneticHeading>0.000000</magneticHeading>
<gpsHeading>308.610291</gpsHeading>
<haccuracy>5.710000</haccuracy>
<vaccuracy>5.710000</vaccuracy>
<internetconnect>2</internetconnect>
</trkpt>
<trkpt lat="36.247174" lon="137.627399">
<ele>1499.000000</ele>
<time>2026-07-25T16:44:09Z</time>
<speed>1.258564</speed>
<trueHeading>0.000000</trueHeading>
<magneticHeading>0.000000</magneticHeading>
<gpsHeading>290.906250</gpsHeading>
<haccuracy>5.202000</haccuracy>
<vaccuracy>5.202000</vaccuracy>
<internetconnect>2</internetconnect>
</trkpt>
<trkpt lat="36.246905" lon="137.626680">
<ele>1499.000000</ele>
<time>2026-07-25T16:44:55Z</time>
<speed>1.439753</speed>
<trueHeading>0.000000</trueHeading>
<magneticHeading>0.000000</magneticHeading>
<gpsHeading>245.115051</gpsHeading>
<haccuracy>4.887000</haccuracy>
<vaccuracy>4.887000</vaccuracy>
<internetconnect>2</internetconnect>
</trkpt>
<trkpt lat="36.246388" lon="137.625834">
<ele>1499.000000</ele>
<time>2026-07-25T16:45:46Z</time>
<speed>1.500613</speed>
<trueHeading>0.000000</trueHeading>
<magneticHeading>0.000000</magneticHeading>
<gpsHeading>232.807510</gpsHeading>
<haccuracy>5.516000</haccuracy>
<vaccuracy>5.516000</vaccuracy>
<internetconnect>2</internetconnect>
</trkpt>
<trkpt lat="36.246013" lon="137.625307">
<ele>1499.000000</ele>
<time>2026-07-25T16:46:36Z</time>
<speed>1.006935</speed>
<trueHeading>0.000000</trueHeading>
<magneticHeading>0.000000</magneticHeading>
<gpsHeading>228.651154</gpsHeading>
<haccuracy>5.978000</haccuracy>
<vaccuracy>5.978000</vaccuracy>
<internetconnect>2</internetconnect>
</trkpt>
<trkpt lat="36.245500" lon="137.624699">
<ele>1499.000000</ele>
<time>2026-07-25T16:47:22Z</time>
<speed>1.508068</speed>
<trueHeading>0.000000</trueHeading>
<magneticHeading>0.000000</magneticHeading>
<gpsHeading>223.688034</gpsHeading>
<haccuracy>5.298000</haccuracy>
<vaccuracy>5.298000</vaccuracy>
<internetconnect>2</internetconnect>
</trkpt>
<trkpt lat="36.245063" lon="137.624063">
<ele>1499.000000</ele>
<time>2026-07-25T16:48:09Z</time>
<speed>1.415315</speed>
<trueHeading>0.000000</trueHeading>
<magneticHeading>0.000000</magneticHeading>
<gpsHeading>229.569260</gpsHeading>
<haccuracy>5.123000</haccuracy>
<vaccuracy>5.123000</vaccuracy>
<internetconnect>2</internetconnect>
</trkpt>
<trkpt lat="36.244623" lon="137.623965">
<ele>1503.000000</ele>
<time>2026-07-25T16:49:01Z</time>
<speed>0.075445</speed>
<trueHeading>0.000000</trueHeading>
<magneticHeading>0.000000</magneticHeading>
<gpsHeading>190.163040</gpsHeading>
<haccuracy>4.433000</haccuracy>
<vaccuracy>4.433000</vaccuracy>
<internetconnect>2</internetconnect>
</trkpt>
<trkpt lat="36.244541" lon="137.624357">
<ele>1499.000000</ele>
<time>2026-07-25T16:49:56Z</time>
<speed>1.987434</speed>
<trueHeading>0.000000</trueHeading>
<magneticHeading>0.000000</magneticHeading>
<gpsHeading>104.643257</gpsHeading>
<haccuracy>24.636000</haccuracy>
<vaccuracy>24.636000</vaccuracy>
<internetconnect>2</internetconnect>
</trkpt>
<trkpt lat="36.244455" lon="137.623991">
<ele>1502.000000</ele>
<time>2026-07-25T16:50:47Z</time>
<speed>1.581476</speed>
<trueHeading>0.000000</trueHeading>
<magneticHeading>0.000000</magneticHeading>
<gpsHeading>253.855667</gpsHeading>
<haccuracy>22.228001</haccuracy>
<vaccuracy>22.228001</vaccuracy>
<internetconnect>2</internetconnect>
</trkpt>
<trkpt lat="36.244678" lon="137.623723">
<ele>1504.000000</ele>
<time>2026-07-25T16:52:41Z</time>
<speed>1.058662</speed>
<trueHeading>0.000000</trueHeading>
<magneticHeading>0.000000</magneticHeading>
<gpsHeading>315.890350</gpsHeading>
<haccuracy>3.314000</haccuracy>
<vaccuracy>3.314000</vaccuracy>
<internetconnect>2</internetconnect>
</trkpt>
<trkpt lat="36.244699" lon="137.623113">
<ele>1509.000000</ele>
<time>2026-07-25T16:53:29Z</time>
<speed>0.760978</speed>
<trueHeading>0.000000</trueHeading>
<magneticHeading>0.000000</magneticHeading>
<gpsHeading>272.372559</gpsHeading>
<haccuracy>5.561000</haccuracy>
<vaccuracy>5.561000</vaccuracy>
<internetconnect>2</internetconnect>
</trkpt>
<trkpt lat="36.244703" lon="137.622729">
<ele>1511.000000</ele>
<time>2026-07-25T16:54:22Z</time>
<speed>1.050475</speed>
<trueHeading>0.000000</trueHeading>
<magneticHeading>0.000000</magneticHeading>
<gpsHeading>270.721863</gpsHeading>
<haccuracy>3.973000</haccuracy>
<vaccuracy>3.973000</vaccuracy>
<internetconnect>2</internetconnect>
</trkpt>
<trkpt lat="36.244869" lon="137.622059">
<ele>1521.000000</ele>
<time>2026-07-25T16:55:10Z</time>
<speed>0.835249</speed>
<trueHeading>0.000000</trueHeading>
<magneticHeading>0.000000</magneticHeading>
<gpsHeading>287.070068</gpsHeading>
<haccuracy>6.157000</haccuracy>
<vaccuracy>6.157000</vaccuracy>
<internetconnect>2</internetconnect>
</trkpt>
<trkpt lat="36.244970" lon="137.621665">
<ele>1525.000000</ele>
<time>2026-07-25T16:55:57Z</time>
<speed>0.737992</speed>
<trueHeading>0.000000</trueHeading>
<magneticHeading>0.000000</magneticHeading>
<gpsHeading>287.801300</gpsHeading>
<haccuracy>5.062000</haccuracy>
<vaccuracy>5.062000</vaccuracy>
<internetconnect>2</internetconnect>
</trkpt>
<trkpt lat="36.245293" lon="137.621225">
<ele>1529.000000</ele>
<time>2026-07-25T16:56:44Z</time>
<speed>0.894827</speed>
<trueHeading>0.000000</trueHeading>
<magneticHeading>0.000000</magneticHeading>
<gpsHeading>312.261505</gpsHeading>
<haccuracy>6.843000</haccuracy>
<vaccuracy>6.843000</vaccuracy>
<internetconnect>2</internetconnect>
</trkpt>
<trkpt lat="36.245452" lon="137.620687">
<ele>1538.000000</ele>
<time>2026-07-25T16:57:31Z</time>
<speed>0.501445</speed>
<trueHeading>0.000000</trueHeading>
<magneticHeading>0.000000</magneticHeading>
<gpsHeading>290.137817</gpsHeading>
<haccuracy>6.027000</haccuracy>
<vaccuracy>6.027000</vaccuracy>
<internetconnect>2</internetconnect>
</trkpt>
<trkpt lat="36.245650" lon="137.620438">
<ele>1552.000000</ele>
<time>2026-07-25T16:58:51Z</time>
<speed>1.324228</speed>
<trueHeading>0.000000</trueHeading>
<magneticHeading>0.000000</magneticHeading>
<gpsHeading>314.471588</gpsHeading>
<haccuracy>9.858000</haccuracy>
<vaccuracy>9.858000</vaccuracy>
<internetconnect>2</internetconnect>
</trkpt>
<trkpt lat="36.246093" lon="137.619885">
<ele>1569.000000</ele>
<time>2026-07-25T16:59:37Z</time>
<speed>0.858714</speed>
<trueHeading>0.000000</trueHeading>
<magneticHeading>0.000000</magneticHeading>
<gpsHeading>314.833374</gpsHeading>
<haccuracy>4.978000</haccuracy>
<vaccuracy>4.978000</vaccuracy>
<internetconnect>2</internetconnect>
</trkpt>
<trkpt lat="36.246293" lon="137.619598">
<ele>1575.000000</ele>
<time>2026-07-25T17:00:31Z</time>
<speed>1.038130</speed>
<trueHeading>0.000000</trueHeading>
<magneticHeading>0.000000</magneticHeading>
<gpsHeading>310.880585</gpsHeading>
<haccuracy>4.712000</haccuracy>
<vaccuracy>4.712000</vaccuracy>
<internetconnect>2</internetconnect>
</trkpt>
<trkpt lat="36.246555" lon="137.619036">
<ele>1578.000000</ele>
<time>2026-07-25T17:01:18Z</time>
<speed>1.259629</speed>
<trueHeading>0.000000</trueHeading>
<magneticHeading>0.000000</magneticHeading>
<gpsHeading>299.972809</gpsHeading>
<haccuracy>5.410000</haccuracy>
<vaccuracy>5.410000</vaccuracy>
<internetconnect>2</internetconnect>
</trkpt>
<trkpt lat="36.246928" lon="137.619153">
<ele>1592.000000</ele>
<time>2026-07-25T17:02:05Z</time>
<speed>1.052752</speed>
<trueHeading>0.000000</trueHeading>
<magneticHeading>0.000000</magneticHeading>
<gpsHeading>14.201329</gpsHeading>
<haccuracy>5.261000</haccuracy>
<vaccuracy>5.261000</vaccuracy>
<internetconnect>2</internetconnect>
</trkpt>
<trkpt lat="36.247222" lon="137.618762">
<ele>1591.000000</ele>
<time>2026-07-25T17:02:52Z</time>
<speed>0.282994</speed>
<trueHeading>0.000000</trueHeading>
<magneticHeading>0.000000</magneticHeading>
<gpsHeading>312.919556</gpsHeading>
<haccuracy>6.198000</haccuracy>
<vaccuracy>6.198000</vaccuracy>
<internetconnect>2</internetconnect>
</trkpt>
<trkpt lat="36.247613" lon="137.618650">
<ele>1605.000000</ele>
<time>2026-07-25T17:03:40Z</time>
<speed>0.679568</speed>
<trueHeading>0.000000</trueHeading>
<magneticHeading>0.000000</magneticHeading>
<gpsHeading>347.008362</gpsHeading>
<haccuracy>6.077000</haccuracy>
<vaccuracy>6.077000</vaccuracy>
<internetconnect>2</internetconnect>
</trkpt>
<trkpt lat="36.247995" lon="137.618542">
<ele>1612.000000</ele>
<time>2026-07-25T17:04:27Z</time>
<speed>0.667208</speed>
<trueHeading>0.000000</trueHeading>
<magneticHeading>0.000000</magneticHeading>
<gpsHeading>347.104828</gpsHeading>
<haccuracy>5.006000</haccuracy>
<vaccuracy>5.006000</vaccuracy>
<internetconnect>2</internetconnect>
</trkpt>
<trkpt lat="36.248289" lon="137.618605">
<ele>1624.000000</ele>
<time>2026-07-25T17:05:24Z</time>
<speed>0.684864</speed>
<trueHeading>0.000000</trueHeading>
<magneticHeading>0.000000</magneticHeading>
<gpsHeading>9.838455</gpsHeading>
<haccuracy>6.232000</haccuracy>
<vaccuracy>6.232000</vaccuracy>
<internetconnect>2</internetconnect>
</trkpt>
<trkpt lat="36.248555" lon="137.618453">
<ele>1642.000000</ele>
<time>2026-07-25T17:06:15Z</time>
<speed>0.430296</speed>
<trueHeading>0.000000</trueHeading>
<magneticHeading>0.000000</magneticHeading>
<gpsHeading>335.188416</gpsHeading>
<haccuracy>5.766000</haccuracy>
<vaccuracy>5.766000</vaccuracy>
<internetconnect>2</internetconnect>
</trkpt>
<trkpt lat="36.248801" lon="137.618640">
<ele>1656.000000</ele>
<time>2026-07-25T17:07:07Z</time>
<speed>0.489690</speed>
<trueHeading>0.000000</trueHeading>
<magneticHeading>0.000000</magneticHeading>
<gpsHeading>31.499025</gpsHeading>
<haccuracy>6.148000</haccuracy>
<vaccuracy>6.148000</vaccuracy>
<internetconnect>2</internetconnect>
</trkpt>
<trkpt lat="36.249082" lon="137.618684">
<ele>1671.000000</ele>
<time>2026-07-25T17:08:29Z</time>
<speed>0.630142</speed>
<trueHeading>0.000000</trueHeading>
<magneticHeading>0.000000</magneticHeading>
<gpsHeading>7.240540</gpsHeading>
<haccuracy>3.951000</haccuracy>
<vaccuracy>3.951000</vaccuracy>
<internetconnect>2</internetconnect>
</trkpt>
<trkpt lat="36.249284" lon="137.618937">
<ele>1684.000000</ele>
<time>2026-07-25T17:09:33Z</time>
<speed>1.004239</speed>
<trueHeading>0.000000</trueHeading>
<magneticHeading>0.000000</magneticHeading>
<gpsHeading>45.326710</gpsHeading>
<haccuracy>4.131000</haccuracy>
<vaccuracy>4.131000</vaccuracy>
<internetconnect>2</internetconnect>
</trkpt>
<trkpt lat="36.249497" lon="137.619065">
<ele>1698.000000</ele>
<time>2026-07-25T17:11:34Z</time>
<speed>0.831975</speed>
<trueHeading>0.000000</trueHeading>
<magneticHeading>0.000000</magneticHeading>
<gpsHeading>25.761290</gpsHeading>
<haccuracy>4.753000</haccuracy>
<vaccuracy>4.753000</vaccuracy>
<internetconnect>2</internetconnect>
</trkpt>
<trkpt lat="36.249687" lon="137.619323">
<ele>1715.000000</ele>
<time>2026-07-25T17:13:14Z</time>
<speed>1.185598</speed>
<trueHeading>0.000000</trueHeading>
<magneticHeading>0.000000</magneticHeading>
<gpsHeading>47.645535</gpsHeading>
<haccuracy>4.591000</haccuracy>
<vaccuracy>4.591000</vaccuracy>
<internetconnect>2</internetconnect>
</trkpt>
<trkpt lat="36.249964" lon="137.619278">
<ele>1744.000000</ele>
<time>2026-07-25T17:14:59Z</time>
<speed>0.478339</speed>
<trueHeading>0.000000</trueHeading>
<magneticHeading>0.000000</magneticHeading>
<gpsHeading>352.407806</gpsHeading>
<haccuracy>3.431000</haccuracy>
<vaccuracy>3.431000</vaccuracy>
<internetconnect>2</internetconnect>
</trkpt>
<trkpt lat="36.250254" lon="137.619218">
<ele>1766.000000</ele>
<time>2026-07-25T17:15:48Z</time>
<speed>0.860597</speed>
<trueHeading>0.000000</trueHeading>
<magneticHeading>0.000000</magneticHeading>
<gpsHeading>350.676483</gpsHeading>
<haccuracy>4.582000</haccuracy>
<vaccuracy>4.582000</vaccuracy>
<internetconnect>2</internetconnect>
</trkpt>
<trkpt lat="36.250536" lon="137.619320">
<ele>1785.000000</ele>
<time>2026-07-25T17:17:04Z</time>
<speed>0.416616</speed>
<trueHeading>0.000000</trueHeading>
<magneticHeading>0.000000</magneticHeading>
<gpsHeading>16.253138</gpsHeading>
<haccuracy>4.973000</haccuracy>
<vaccuracy>4.973000</vaccuracy>
<internetconnect>2</internetconnect>
</trkpt>
<trkpt lat="36.250701" lon="137.619599">
<ele>1793.000000</ele>
<time>2026-07-25T17:18:40Z</time>
<speed>0.725910</speed>
<trueHeading>0.000000</trueHeading>
<magneticHeading>0.000000</magneticHeading>
<gpsHeading>53.640289</gpsHeading>
<haccuracy>5.137000</haccuracy>
<vaccuracy>5.137000</vaccuracy>
<internetconnect>2</internetconnect>
</trkpt>
<trkpt lat="36.251000" lon="137.619503">
<ele>1816.000000</ele>
<time>2026-07-25T17:19:38Z</time>
<speed>0.745454</speed>
<trueHeading>0.000000</trueHeading>
<magneticHeading>0.000000</magneticHeading>
<gpsHeading>345.536346</gpsHeading>
<haccuracy>5.579000</haccuracy>
<vaccuracy>5.579000</vaccuracy>
<internetconnect>2</internetconnect>
</trkpt>
<trkpt lat="36.251276" lon="137.619407">
<ele>1827.000000</ele>
<time>2026-07-25T17:20:26Z</time>
<speed>0.695407</speed>
<trueHeading>0.000000</trueHeading>
<magneticHeading>0.000000</magneticHeading>
<gpsHeading>344.329926</gpsHeading>
<haccuracy>5.010000</haccuracy>
<vaccuracy>5.010000</vaccuracy>
<internetconnect>2</internetconnect>
</trkpt>
<trkpt lat="36.251577" lon="137.619430">
<ele>1841.000000</ele>
<time>2026-07-25T17:21:32Z</time>
<speed>0.884428</speed>
<trueHeading>0.000000</trueHeading>
<magneticHeading>0.000000</magneticHeading>
<gpsHeading>3.406061</gpsHeading>
<haccuracy>5.113000</haccuracy>
<vaccuracy>5.113000</vaccuracy>
<internetconnect>2</internetconnect>
</trkpt>
<trkpt lat="36.251667" lon="137.619508">
<ele>1849.000000</ele>
<time>2026-07-25T17:23:36Z</time>
<speed>0.545126</speed>
<trueHeading>0.000000</trueHeading>
<magneticHeading>0.000000</magneticHeading>
<gpsHeading>34.682625</gpsHeading>
<haccuracy>6.266000</haccuracy>
<vaccuracy>6.266000</vaccuracy>
<internetconnect>2</internetconnect>
</trkpt>
<trkpt lat="36.251649" lon="137.619906">
<ele>1862.000000</ele>
<time>2026-07-25T17:24:24Z</time>
<speed>0.685891</speed>
<trueHeading>0.000000</trueHeading>
<magneticHeading>0.000000</magneticHeading>
<gpsHeading>93.263290</gpsHeading>
<haccuracy>4.740000</haccuracy>
<vaccuracy>4.740000</vaccuracy>
<internetconnect>2</internetconnect>
</trkpt>
<trkpt lat="36.251898" lon="137.620107">
<ele>1881.000000</ele>
<time>2026-07-25T17:25:11Z</time>
<speed>0.912889</speed>
<trueHeading>0.000000</trueHeading>
<magneticHeading>0.000000</magneticHeading>
<gpsHeading>33.183258</gpsHeading>
<haccuracy>5.201000</haccuracy>
<vaccuracy>5.201000</vaccuracy>
<internetconnect>2</internetconnect>
</trkpt>
<trkpt lat="36.252185" lon="137.620200">
<ele>1897.000000</ele>
<time>2026-07-25T17:26:32Z</time>
<speed>0.931822</speed>
<trueHeading>0.000000</trueHeading>
<magneticHeading>0.000000</magneticHeading>
<gpsHeading>14.669615</gpsHeading>
<haccuracy>5.140000</haccuracy>
<vaccuracy>5.140000</vaccuracy>
<internetconnect>2</internetconnect>
</trkpt>
<trkpt lat="36.252488" lon="137.620137">
<ele>1910.000000</ele>
<time>2026-07-25T17:28:05Z</time>
<speed>0.786526</speed>
<trueHeading>0.000000</trueHeading>
<magneticHeading>0.000000</magneticHeading>
<gpsHeading>350.447113</gpsHeading>
<haccuracy>4.929000</haccuracy>
<vaccuracy>4.929000</vaccuracy>
<internetconnect>2</internetconnect>
</trkpt>
<trkpt lat="36.252772" lon="137.620261">
<ele>1927.000000</ele>
<time>2026-07-25T17:29:36Z</time>
<speed>0.969504</speed>
<trueHeading>0.000000</trueHeading>
<magneticHeading>0.000000</magneticHeading>
<gpsHeading>19.469393</gpsHeading>
<haccuracy>4.583000</haccuracy>
<vaccuracy>4.583000</vaccuracy>
<internetconnect>2</internetconnect>
</trkpt>
<trkpt lat="36.253064" lon="137.620296">
<ele>1941.000000</ele>
<time>2026-07-25T17:30:49Z</time>
<speed>0.620018</speed>
<trueHeading>0.000000</trueHeading>
<magneticHeading>0.000000</magneticHeading>
<gpsHeading>5.499020</gpsHeading>
<haccuracy>4.362000</haccuracy>
<vaccuracy>4.362000</vaccuracy>
<internetconnect>2</internetconnect>
</trkpt>
<trkpt lat="36.253358" lon="137.620251">
<ele>1949.000000</ele>
<time>2026-07-25T17:31:51Z</time>
<speed>0.542787</speed>
<trueHeading>0.000000</trueHeading>
<magneticHeading>0.000000</magneticHeading>
<gpsHeading>353.005280</gpsHeading>
<haccuracy>5.173000</haccuracy>
<vaccuracy>5.173000</vaccuracy>
<internetconnect>2</internetconnect>
</trkpt>
<trkpt lat="36.253775" lon="137.619964">
<ele>1938.000000</ele>
<time>2026-07-25T17:32:39Z</time>
<speed>0.458327</speed>
<trueHeading>0.000000</trueHeading>
<magneticHeading>0.000000</magneticHeading>
<gpsHeading>330.990479</gpsHeading>
<haccuracy>5.421000</haccuracy>
<vaccuracy>5.421000</vaccuracy>
<internetconnect>2</internetconnect>
</trkpt>
<trkpt lat="36.254109" lon="137.619815">
<ele>1942.000000</ele>
<time>2026-07-25T17:33:28Z</time>
<speed>0.367878</speed>
<trueHeading>0.000000</trueHeading>
<magneticHeading>0.000000</magneticHeading>
<gpsHeading>340.223602</gpsHeading>
<haccuracy>4.119000</haccuracy>
<vaccuracy>4.119000</vaccuracy>
<internetconnect>2</internetconnect>
</trkpt>
<trkpt lat="36.254402" lon="137.619749">
<ele>1943.000000</ele>
<time>2026-07-25T17:34:16Z</time>
<speed>0.321690</speed>
<trueHeading>0.000000</trueHeading>
<magneticHeading>0.000000</magneticHeading>
<gpsHeading>349.651978</gpsHeading>
<haccuracy>4.532000</haccuracy>
<vaccuracy>4.532000</vaccuracy>
<internetconnect>2</internetconnect>
</trkpt>
<trkpt lat="36.254795" lon="137.619657">
<ele>1948.000000</ele>
<time>2026-07-25T17:35:03Z</time>
<speed>0.420664</speed>
<trueHeading>0.000000</trueHeading>
<magneticHeading>0.000000</magneticHeading>
<gpsHeading>349.263733</gpsHeading>
<haccuracy>5.840000</haccuracy>
<vaccuracy>5.840000</vaccuracy>
<internetconnect>2</internetconnect>
</trkpt>
<trkpt lat="36.255080" lon="137.619500">
<ele>1952.000000</ele>
<time>2026-07-25T17:35:53Z</time>
<speed>0.660182</speed>
<trueHeading>0.000000</trueHeading>
<magneticHeading>0.000000</magneticHeading>
<gpsHeading>336.046692</gpsHeading>
<haccuracy>4.090000</haccuracy>
<vaccuracy>4.090000</vaccuracy>
<internetconnect>2</internetconnect>
</trkpt>
<trkpt lat="36.255427" lon="137.619384">
<ele>1957.000000</ele>
<time>2026-07-25T17:36:41Z</time>
<speed>1.066002</speed>
<trueHeading>0.000000</trueHeading>
<magneticHeading>0.000000</magneticHeading>
<gpsHeading>344.888428</gpsHeading>
<haccuracy>5.171000</haccuracy>
<vaccuracy>5.171000</vaccuracy>
<internetconnect>2</internetconnect>
</trkpt>
<trkpt lat="36.255506" lon="137.619028">
<ele>1974.000000</ele>
<time>2026-07-25T17:37:45Z</time>
<speed>0.810063</speed>
<trueHeading>0.000000</trueHeading>
<magneticHeading>0.000000</magneticHeading>
<gpsHeading>285.528625</gpsHeading>
<haccuracy>4.050000</haccuracy>
<vaccuracy>4.050000</vaccuracy>
<internetconnect>2</internetconnect>
</trkpt>
<trkpt lat="36.255790" lon="137.619024">
<ele>1981.000000</ele>
<time>2026-07-25T17:39:03Z</time>
<speed>0.859876</speed>
<trueHeading>0.000000</trueHeading>
<magneticHeading>0.000000</magneticHeading>
<gpsHeading>359.332306</gpsHeading>
<haccuracy>4.689000</haccuracy>
<vaccuracy>4.689000</vaccuracy>
<internetconnect>2</internetconnect>
</trkpt>
<trkpt lat="36.256084" lon="137.619116">
<ele>1975.000000</ele>
<time>2026-07-25T17:40:31Z</time>
<speed>0.766767</speed>
<trueHeading>0.000000</trueHeading>
<magneticHeading>0.000000</magneticHeading>
<gpsHeading>14.191777</gpsHeading>
<haccuracy>18.274000</haccuracy>
<vaccuracy>18.274000</vaccuracy>
<internetconnect>2</internetconnect>
</trkpt>
<trkpt lat="36.256312" lon="137.618468">
<ele>2008.000000</ele>
<time>2026-07-25T17:41:20Z</time>
<speed>0.295270</speed>
<trueHeading>0.000000</trueHeading>
<magneticHeading>0.000000</magneticHeading>
<gpsHeading>293.588501</gpsHeading>
<haccuracy>4.745000</haccuracy>
<vaccuracy>4.745000</vaccuracy>
<internetconnect>2</internetconnect>
</trkpt>
<trkpt lat="36.256596" lon="137.618523">
<ele>2011.000000</ele>
<time>2026-07-25T17:42:08Z</time>
<speed>0.302863</speed>
<trueHeading>0.000000</trueHeading>
<magneticHeading>0.000000</magneticHeading>
<gpsHeading>8.869744</gpsHeading>
<haccuracy>3.983000</haccuracy>
<vaccuracy>3.983000</vaccuracy>
<internetconnect>2</internetconnect>
</trkpt>
<trkpt lat="36.256785" lon="137.618243">
<ele>2042.000000</ele>
<time>2026-07-25T17:44:08Z</time>
<speed>0.887139</speed>
<trueHeading>0.000000</trueHeading>
<magneticHeading>0.000000</magneticHeading>
<gpsHeading>309.802124</gpsHeading>
<haccuracy>5.149000</haccuracy>
<vaccuracy>5.149000</vaccuracy>
<internetconnect>2</internetconnect>
</trkpt>
<trkpt lat="36.257066" lon="137.618314">
<ele>2049.000000</ele>
<time>2026-07-25T17:46:00Z</time>
<speed>0.262112</speed>
<trueHeading>0.000000</trueHeading>
<magneticHeading>0.000000</magneticHeading>
<gpsHeading>11.587288</gpsHeading>
<haccuracy>4.408000</haccuracy>
<vaccuracy>4.408000</vaccuracy>
<internetconnect>2</internetconnect>
</trkpt>
<trkpt lat="36.257299" lon="137.618118">
<ele>2070.000000</ele>
<time>2026-07-25T17:46:57Z</time>
<speed>0.678979</speed>
<trueHeading>0.000000</trueHeading>
<magneticHeading>0.000000</magneticHeading>
<gpsHeading>325.959320</gpsHeading>
<haccuracy>4.738000</haccuracy>
<vaccuracy>4.738000</vaccuracy>
<internetconnect>2</internetconnect>
</trkpt>
<trkpt lat="36.257333" lon="137.617764">
<ele>2090.000000</ele>
<time>2026-07-25T17:48:45Z</time>
<speed>0.516811</speed>
<trueHeading>0.000000</trueHeading>
<magneticHeading>0.000000</magneticHeading>
<gpsHeading>276.684082</gpsHeading>
<haccuracy>4.713000</haccuracy>
<vaccuracy>4.713000</vaccuracy>
<internetconnect>2</internetconnect>
</trkpt>
<trkpt lat="36.257615" lon="137.617824">
<ele>2100.000000</ele>
<time>2026-07-25T17:49:38Z</time>
<speed>1.000194</speed>
<trueHeading>0.000000</trueHeading>
<magneticHeading>0.000000</magneticHeading>
<gpsHeading>9.725165</gpsHeading>
<haccuracy>5.266000</haccuracy>
<vaccuracy>5.266000</vaccuracy>
<internetconnect>2</internetconnect>
</trkpt>
<trkpt lat="36.257932" lon="137.617836">
<ele>2111.000000</ele>
<time>2026-07-25T17:50:25Z</time>
<speed>0.759470</speed>
<trueHeading>0.000000</trueHeading>
<magneticHeading>0.000000</magneticHeading>
<gpsHeading>1.794346</gpsHeading>
<haccuracy>5.685000</haccuracy>
<vaccuracy>5.685000</vaccuracy>
<internetconnect>2</internetconnect>
</trkpt>
<trkpt lat="36.258183" lon="137.618023">
<ele>2118.000000</ele>
<time>2026-07-25T17:51:28Z</time>
<speed>0.941418</speed>
<trueHeading>0.000000</trueHeading>
<magneticHeading>0.000000</magneticHeading>
<gpsHeading>30.887684</gpsHeading>
<haccuracy>4.762000</haccuracy>
<vaccuracy>4.762000</vaccuracy>
<internetconnect>2</internetconnect>
</trkpt>
<trkpt lat="36.258463" lon="137.617995">
<ele>2132.000000</ele>
<time>2026-07-25T17:52:45Z</time>
<speed>0.575342</speed>
<trueHeading>0.000000</trueHeading>
<magneticHeading>0.000000</magneticHeading>
<gpsHeading>355.534271</gpsHeading>
<haccuracy>4.823000</haccuracy>
<vaccuracy>4.823000</vaccuracy>
<internetconnect>2</internetconnect>
</trkpt>
<trkpt lat="36.258739" lon="137.618091">
<ele>2137.000000</ele>
<time>2026-07-25T17:53:43Z</time>
<speed>0.939226</speed>
<trueHeading>0.000000</trueHeading>
<magneticHeading>0.000000</magneticHeading>
<gpsHeading>15.631507</gpsHeading>
<haccuracy>5.369000</haccuracy>
<vaccuracy>5.369000</vaccuracy>
<internetconnect>2</internetconnect>
</trkpt>
<trkpt lat="36.259009" lon="137.617972">
<ele>2148.000000</ele>
<time>2026-07-25T17:54:48Z</time>
<speed>0.564348</speed>
<trueHeading>0.000000</trueHeading>
<magneticHeading>0.000000</magneticHeading>
<gpsHeading>340.398071</gpsHeading>
<haccuracy>5.050000</haccuracy>
<vaccuracy>5.050000</vaccuracy>
<internetconnect>2</internetconnect>
</trkpt>
<trkpt lat="36.259285" lon="137.617915">
<ele>2155.000000</ele>
<time>2026-07-25T17:55:37Z</time>
<speed>0.680077</speed>
<trueHeading>0.000000</trueHeading>
<magneticHeading>0.000000</magneticHeading>
<gpsHeading>350.483612</gpsHeading>
<haccuracy>5.027000</haccuracy>
<vaccuracy>5.027000</vaccuracy>
<internetconnect>2</internetconnect>
</trkpt>
<trkpt lat="36.259470" lon="137.617656">
<ele>2166.000000</ele>
<time>2026-07-25T17:56:25Z</time>
<speed>0.636822</speed>
<trueHeading>0.000000</trueHeading>
<magneticHeading>0.000000</magneticHeading>
<gpsHeading>311.579376</gpsHeading>
<haccuracy>4.184000</haccuracy>
<vaccuracy>4.184000</vaccuracy>
<internetconnect>2</internetconnect>
</trkpt>
<trkpt lat="36.259746" lon="137.617539">
<ele>2177.000000</ele>
<time>2026-07-25T17:57:13Z</time>
<speed>0.671059</speed>
<trueHeading>0.000000</trueHeading>
<magneticHeading>0.000000</magneticHeading>
<gpsHeading>341.179230</gpsHeading>
<haccuracy>4.870000</haccuracy>
<vaccuracy>4.870000</vaccuracy>
<internetconnect>2</internetconnect>
</trkpt>
<trkpt lat="36.260028" lon="137.617412">
<ele>2198.000000</ele>
<time>2026-07-25T17:58:47Z</time>
<speed>0.777256</speed>
<trueHeading>0.000000</trueHeading>
<magneticHeading>0.000000</magneticHeading>
<gpsHeading>340.038361</gpsHeading>
<haccuracy>4.591000</haccuracy>
<vaccuracy>4.591000</vaccuracy>
<internetconnect>2</internetconnect>
</trkpt>
<trkpt lat="36.260232" lon="137.617679">
<ele>2205.000000</ele>
<time>2026-07-25T17:59:59Z</time>
<speed>0.842061</speed>
<trueHeading>0.000000</trueHeading>
<magneticHeading>0.000000</magneticHeading>
<gpsHeading>46.567509</gpsHeading>
<haccuracy>4.612000</haccuracy>
<vaccuracy>4.612000</vaccuracy>
<internetconnect>2</internetconnect>
</trkpt>
<trkpt lat="36.260315" lon="137.617327">
<ele>2216.000000</ele>
<time>2026-07-25T18:01:00Z</time>
<speed>0.689250</speed>
<trueHeading>0.000000</trueHeading>
<magneticHeading>0.000000</magneticHeading>
<gpsHeading>286.231445</gpsHeading>
<haccuracy>5.208000</haccuracy>
<vaccuracy>5.208000</vaccuracy>
<internetconnect>2</internetconnect>
</trkpt>
<trkpt lat="36.260416" lon="137.616980">
<ele>2225.000000</ele>
<time>2026-07-25T18:02:13Z</time>
<speed>0.503991</speed>
<trueHeading>0.000000</trueHeading>
<magneticHeading>0.000000</magneticHeading>
<gpsHeading>289.977112</gpsHeading>
<haccuracy>4.707000</haccuracy>
<vaccuracy>4.707000</vaccuracy>
<internetconnect>2</internetconnect>
</trkpt>
<trkpt lat="36.260684" lon="137.616833">
<ele>2231.000000</ele>
<time>2026-07-25T18:03:49Z</time>
<speed>0.858222</speed>
<trueHeading>0.000000</trueHeading>
<magneticHeading>0.000000</magneticHeading>
<gpsHeading>336.189545</gpsHeading>
<haccuracy>5.073000</haccuracy>
<vaccuracy>5.073000</vaccuracy>
<internetconnect>2</internetconnect>
</trkpt>
<trkpt lat="36.261010" lon="137.617078">
<ele>2237.000000</ele>
<time>2026-07-25T18:04:37Z</time>
<speed>1.187541</speed>
<trueHeading>0.000000</trueHeading>
<magneticHeading>0.000000</magneticHeading>
<gpsHeading>31.176411</gpsHeading>
<haccuracy>5.385000</haccuracy>
<vaccuracy>5.385000</vaccuracy>
<internetconnect>2</internetconnect>
</trkpt>
<trkpt lat="36.261509" lon="137.617132">
<ele>2243.000000</ele>
<time>2026-07-25T18:05:24Z</time>
<speed>1.188726</speed>
<trueHeading>0.000000</trueHeading>
<magneticHeading>0.000000</magneticHeading>
<gpsHeading>5.030816</gpsHeading>
<haccuracy>5.280000</haccuracy>
<vaccuracy>5.280000</vaccuracy>
<internetconnect>2</internetconnect>
</trkpt>
<trkpt lat="36.261926" lon="137.617164">
<ele>2249.000000</ele>
<time>2026-07-25T18:06:12Z</time>
<speed>1.179498</speed>
<trueHeading>0.000000</trueHeading>
<magneticHeading>0.000000</magneticHeading>
<gpsHeading>3.499929</gpsHeading>
<haccuracy>5.026000</haccuracy>
<vaccuracy>5.026000</vaccuracy>
<internetconnect>2</internetconnect>
</trkpt>
<trkpt lat="36.262249" lon="137.617394">
<ele>2256.000000</ele>
<time>2026-07-25T18:07:00Z</time>
<speed>1.142567</speed>
<trueHeading>0.000000</trueHeading>
<magneticHeading>0.000000</magneticHeading>
<gpsHeading>29.841398</gpsHeading>
<haccuracy>5.115000</haccuracy>
<vaccuracy>5.115000</vaccuracy>
<internetconnect>2</internetconnect>
</trkpt>
<trkpt lat="36.262655" lon="137.617454">
<ele>2258.000000</ele>
<time>2026-07-25T18:07:49Z</time>
<speed>1.422021</speed>
<trueHeading>0.000000</trueHeading>
<magneticHeading>0.000000</magneticHeading>
<gpsHeading>6.824422</gpsHeading>
<haccuracy>5.602000</haccuracy>
<vaccuracy>5.602000</vaccuracy>
<internetconnect>2</internetconnect>
</trkpt>
<trkpt lat="36.263035" lon="137.617432">
<ele>2271.000000</ele>
<time>2026-07-25T18:08:36Z</time>
<speed>1.029901</speed>
<trueHeading>0.000000</trueHeading>
<magneticHeading>0.000000</magneticHeading>
<gpsHeading>357.269531</gpsHeading>
<haccuracy>4.727000</haccuracy>
<vaccuracy>4.727000</vaccuracy>
<internetconnect>2</internetconnect>
</trkpt>
<trkpt lat="36.263256" lon="137.617211">
<ele>2292.000000</ele>
<time>2026-07-25T18:10:41Z</time>
<speed>0.774764</speed>
<trueHeading>0.000000</trueHeading>
<magneticHeading>0.000000</magneticHeading>
<gpsHeading>321.183807</gpsHeading>
<haccuracy>5.005000</haccuracy>
<vaccuracy>5.005000</vaccuracy>
<internetconnect>2</internetconnect>
</trkpt>
<trkpt lat="36.263485" lon="137.616997">
<ele>2304.000000</ele>
<time>2026-07-25T18:12:07Z</time>
<speed>1.153515</speed>
<trueHeading>0.000000</trueHeading>
<magneticHeading>0.000000</magneticHeading>
<gpsHeading>322.927582</gpsHeading>
<haccuracy>5.451000</haccuracy>
<vaccuracy>5.451000</vaccuracy>
<internetconnect>2</internetconnect>
</trkpt>
<trkpt lat="36.263750" lon="137.616827">
<ele>2312.000000</ele>
<time>2026-07-25T18:12:55Z</time>
<speed>1.010637</speed>
<trueHeading>0.000000</trueHeading>
<magneticHeading>0.000000</magneticHeading>
<gpsHeading>332.635895</gpsHeading>
<haccuracy>5.423000</haccuracy>
<vaccuracy>5.423000</vaccuracy>
<internetconnect>2</internetconnect>
</trkpt>
<trkpt lat="36.263979" lon="137.617041">
<ele>2328.000000</ele>
<time>2026-07-25T18:14:42Z</time>
<speed>0.583577</speed>
<trueHeading>0.000000</trueHeading>
<magneticHeading>0.000000</magneticHeading>
<gpsHeading>37.073872</gpsHeading>
<haccuracy>4.978000</haccuracy>
<vaccuracy>4.978000</vaccuracy>
<internetconnect>2</internetconnect>
</trkpt>
<trkpt lat="36.264097" lon="137.617357">
<ele>2335.000000</ele>
<time>2026-07-25T18:15:55Z</time>
<speed>0.660372</speed>
<trueHeading>0.000000</trueHeading>
<magneticHeading>0.000000</magneticHeading>
<gpsHeading>65.119858</gpsHeading>
<haccuracy>4.473000</haccuracy>
<vaccuracy>4.473000</vaccuracy>
<internetconnect>2</internetconnect>
</trkpt>
<trkpt lat="36.264374" lon="137.617193">
<ele>2348.000000</ele>
<time>2026-07-25T18:16:54Z</time>
<speed>0.688404</speed>
<trueHeading>0.000000</trueHeading>
<magneticHeading>0.000000</magneticHeading>
<gpsHeading>334.470306</gpsHeading>
<haccuracy>5.048000</haccuracy>
<vaccuracy>5.048000</vaccuracy>
<internetconnect>2</internetconnect>
</trkpt>
<trkpt lat="36.264644" lon="137.617387">
<ele>2352.000000</ele>
<time>2026-07-25T18:18:01Z</time>
<speed>0.801677</speed>
<trueHeading>0.000000</trueHeading>
<magneticHeading>0.000000</magneticHeading>
<gpsHeading>30.083717</gpsHeading>
<haccuracy>4.177000</haccuracy>
<vaccuracy>4.177000</vaccuracy>
<internetconnect>2</internetconnect>
</trkpt>
<trkpt lat="36.265045" lon="137.617667">
<ele>2357.000000</ele>
<time>2026-07-25T18:18:48Z</time>
<speed>1.087538</speed>
<trueHeading>0.000000</trueHeading>
<magneticHeading>0.000000</magneticHeading>
<gpsHeading>29.378529</gpsHeading>
<haccuracy>4.664000</haccuracy>
<vaccuracy>4.664000</vaccuracy>
<internetconnect>2</internetconnect>
</trkpt>
<trkpt lat="36.265341" lon="137.617822">
<ele>2363.000000</ele>
<time>2026-07-25T18:19:36Z</time>
<speed>0.707886</speed>
<trueHeading>0.000000</trueHeading>
<magneticHeading>0.000000</magneticHeading>
<gpsHeading>22.938021</gpsHeading>
<haccuracy>4.909000</haccuracy>
<vaccuracy>4.909000</vaccuracy>
<internetconnect>2</internetconnect>
</trkpt>
<trkpt lat="36.265441" lon="137.617847">
<ele>2365.000000</ele>
<time>2026-07-25T18:21:52Z</time>
<speed>0.097015</speed>
<trueHeading>0.000000</trueHeading>
<magneticHeading>0.000000</magneticHeading>
<gpsHeading>11.484884</gpsHeading>
<haccuracy>4.544000</haccuracy>
<vaccuracy>4.544000</vaccuracy>
<internetconnect>2</internetconnect>
</trkpt>
<trkpt lat="36.265446" lon="137.617843">
<ele>2365.000000</ele>
<time>2026-07-25T18:24:08Z</time>
<speed>0.513166</speed>
<trueHeading>0.000000</trueHeading>
<magneticHeading>0.000000</magneticHeading>
<gpsHeading>323.917023</gpsHeading>
<haccuracy>3.161000</haccuracy>
<vaccuracy>3.161000</vaccuracy>
<internetconnect>2</internetconnect>
</trkpt>
<trkpt lat="36.265712" lon="137.617968">
<ele>2374.000000</ele>
<time>2026-07-25T18:25:01Z</time>
<speed>0.920391</speed>
<trueHeading>0.000000</trueHeading>
<magneticHeading>0.000000</magneticHeading>
<gpsHeading>20.787964</gpsHeading>
<haccuracy>3.053000</haccuracy>
<vaccuracy>3.053000</vaccuracy>
<internetconnect>2</internetconnect>
</trkpt>
<trkpt lat="36.265939" lon="137.618178">
<ele>2391.000000</ele>
<time>2026-07-25T18:26:25Z</time>
<speed>0.165916</speed>
<trueHeading>0.000000</trueHeading>
<magneticHeading>0.000000</magneticHeading>
<gpsHeading>36.778835</gpsHeading>
<haccuracy>4.083000</haccuracy>
<vaccuracy>4.083000</vaccuracy>
<internetconnect>2</internetconnect>
</trkpt>
<trkpt lat="36.266035" lon="137.618481">
<ele>2402.000000</ele>
<time>2026-07-25T18:28:28Z</time>
<speed>0.156558</speed>
<trueHeading>0.000000</trueHeading>
<magneticHeading>0.000000</magneticHeading>
<gpsHeading>68.385056</gpsHeading>
<haccuracy>4.174000</haccuracy>
<vaccuracy>4.174000</vaccuracy>
<internetconnect>2</internetconnect>
</trkpt>
<trkpt lat="36.266142" lon="137.618806">
<ele>2411.000000</ele>
<time>2026-07-25T18:30:08Z</time>
<speed>0.695125</speed>
<trueHeading>0.000000</trueHeading>
<magneticHeading>0.000000</magneticHeading>
<gpsHeading>67.981110</gpsHeading>
<haccuracy>4.279000</haccuracy>
<vaccuracy>4.279000</vaccuracy>
<internetconnect>2</internetconnect>
</trkpt>
<trkpt lat="36.266416" lon="137.619244">
<ele>2421.000000</ele>
<time>2026-07-25T18:30:55Z</time>
<speed>0.541326</speed>
<trueHeading>0.000000</trueHeading>
<magneticHeading>0.000000</magneticHeading>
<gpsHeading>52.112034</gpsHeading>
<haccuracy>4.425000</haccuracy>
<vaccuracy>4.425000</vaccuracy>
<internetconnect>2</internetconnect>
</trkpt>
<trkpt lat="36.266488" lon="137.619634">
<ele>2426.000000</ele>
<time>2026-07-25T18:31:53Z</time>
<speed>1.134165</speed>
<trueHeading>0.000000</trueHeading>
<magneticHeading>0.000000</magneticHeading>
<gpsHeading>77.087120</gpsHeading>
<haccuracy>4.321000</haccuracy>
<vaccuracy>4.321000</vaccuracy>
<internetconnect>2</internetconnect>
</trkpt>
<trkpt lat="36.266484" lon="137.620112">
<ele>2432.000000</ele>
<time>2026-07-25T18:32:42Z</time>
<speed>0.938164</speed>
<trueHeading>0.000000</trueHeading>
<magneticHeading>0.000000</magneticHeading>
<gpsHeading>90.594521</gpsHeading>
<haccuracy>5.319000</haccuracy>
<vaccuracy>5.319000</vaccuracy>
<internetconnect>2</internetconnect>
</trkpt>
<trkpt lat="36.266558" lon="137.620525">
<ele>2436.000000</ele>
<time>2026-07-25T18:33:30Z</time>
<speed>0.607543</speed>
<trueHeading>0.000000</trueHeading>
<magneticHeading>0.000000</magneticHeading>
<gpsHeading>77.548157</gpsHeading>
<haccuracy>4.941000</haccuracy>
<vaccuracy>4.941000</vaccuracy>
<internetconnect>2</internetconnect>
</trkpt>
<trkpt lat="36.266869" lon="137.620874">
<ele>2442.000000</ele>
<time>2026-07-25T18:34:18Z</time>
<speed>0.811402</speed>
<trueHeading>0.000000</trueHeading>
<magneticHeading>0.000000</magneticHeading>
<gpsHeading>42.140404</gpsHeading>
<haccuracy>4.893000</haccuracy>
<vaccuracy>4.893000</vaccuracy>
<internetconnect>2</internetconnect>
</trkpt>
<trkpt lat="36.267234" lon="137.620862">
<ele>2444.000000</ele>
<time>2026-07-25T18:35:06Z</time>
<speed>1.173287</speed>
<trueHeading>0.000000</trueHeading>
<magneticHeading>0.000000</magneticHeading>
<gpsHeading>358.534180</gpsHeading>
<haccuracy>5.466000</haccuracy>
<vaccuracy>5.466000</vaccuracy>
<internetconnect>2</internetconnect>
</trkpt>
<trkpt lat="36.267639" lon="137.620952">
<ele>2449.000000</ele>
<time>2026-07-25T18:35:54Z</time>
<speed>0.891613</speed>
<trueHeading>0.000000</trueHeading>
<magneticHeading>0.000000</magneticHeading>
<gpsHeading>10.101348</gpsHeading>
<haccuracy>3.012000</haccuracy>
<vaccuracy>3.012000</vaccuracy>
<internetconnect>2</internetconnect>
</trkpt>
<trkpt lat="36.267897" lon="137.621211">
<ele>2442.000000</ele>
<time>2026-07-25T18:36:42Z</time>
<speed>1.029473</speed>
<trueHeading>0.000000</trueHeading>
<magneticHeading>0.000000</magneticHeading>
<gpsHeading>38.986317</gpsHeading>
<haccuracy>3.140000</haccuracy>
<vaccuracy>3.140000</vaccuracy>
<internetconnect>2</internetconnect>
</trkpt>
<trkpt lat="36.268309" lon="137.621535">
<ele>2453.000000</ele>
<time>2026-07-25T18:37:29Z</time>
<speed>0.969790</speed>
<trueHeading>0.000000</trueHeading>
<magneticHeading>0.000000</magneticHeading>
<gpsHeading>32.383457</gpsHeading>
<haccuracy>5.165000</haccuracy>
<vaccuracy>5.165000</vaccuracy>
<internetconnect>2</internetconnect>
</trkpt>
<trkpt lat="36.268562" lon="137.621724">
<ele>2460.000000</ele>
<time>2026-07-25T18:38:22Z</time>
<speed>0.706034</speed>
<trueHeading>0.000000</trueHeading>
<magneticHeading>0.000000</magneticHeading>
<gpsHeading>30.963579</gpsHeading>
<haccuracy>3.006000</haccuracy>
<vaccuracy>3.006000</vaccuracy>
<internetconnect>2</internetconnect>
</trkpt>
<trkpt lat="36.268713" lon="137.622053">
<ele>2461.000000</ele>
<time>2026-07-25T18:39:19Z</time>
<speed>0.868272</speed>
<trueHeading>0.000000</trueHeading>
<magneticHeading>0.000000</magneticHeading>
<gpsHeading>60.363869</gpsHeading>
<haccuracy>3.075000</haccuracy>
<vaccuracy>3.075000</vaccuracy>
<internetconnect>2</internetconnect>
</trkpt>
<trkpt lat="36.268962" lon="137.622290">
<ele>2469.000000</ele>
<time>2026-07-25T18:40:06Z</time>
<speed>0.948378</speed>
<trueHeading>0.000000</trueHeading>
<magneticHeading>0.000000</magneticHeading>
<gpsHeading>37.559700</gpsHeading>
<haccuracy>5.066000</haccuracy>
<vaccuracy>5.066000</vaccuracy>
<internetconnect>2</internetconnect>
</trkpt>
<trkpt lat="36.269196" lon="137.622524">
<ele>2489.000000</ele>
<time>2026-07-25T18:41:33Z</time>
<speed>0.524021</speed>
<trueHeading>0.000000</trueHeading>
<magneticHeading>0.000000</magneticHeading>
<gpsHeading>38.961243</gpsHeading>
<haccuracy>3.000000</haccuracy>
<vaccuracy>3.000000</vaccuracy>
<internetconnect>2</internetconnect>
</trkpt>
<trkpt lat="36.269394" lon="137.622776">
<ele>2503.000000</ele>
<time>2026-07-25T18:43:13Z</time>
<speed>0.643447</speed>
<trueHeading>0.000000</trueHeading>
<magneticHeading>0.000000</magneticHeading>
<gpsHeading>45.718250</gpsHeading>
<haccuracy>3.000000</haccuracy>
<vaccuracy>3.000000</vaccuracy>
<internetconnect>2</internetconnect>
</trkpt>
<trkpt lat="36.269627" lon="137.622980">
<ele>2523.000000</ele>
<time>2026-07-25T18:44:54Z</time>
<speed>0.279545</speed>
<trueHeading>0.000000</trueHeading>
<magneticHeading>0.000000</magneticHeading>
<gpsHeading>35.103924</gpsHeading>
<haccuracy>3.000000</haccuracy>
<vaccuracy>3.000000</vaccuracy>
<internetconnect>2</internetconnect>
</trkpt>
<trkpt lat="36.269890" lon="137.623101">
<ele>2539.000000</ele>
<time>2026-07-25T18:46:31Z</time>
<speed>0.763281</speed>
<trueHeading>0.000000</trueHeading>
<magneticHeading>0.000000</magneticHeading>
<gpsHeading>20.463131</gpsHeading>
<haccuracy>3.000000</haccuracy>
<vaccuracy>3.000000</vaccuracy>
<internetconnect>2</internetconnect>
</trkpt>
<trkpt lat="36.270138" lon="137.623219">
<ele>2551.000000</ele>
<time>2026-07-25T18:48:36Z</time>
<speed>0.511596</speed>
<trueHeading>0.000000</trueHeading>
<magneticHeading>0.000000</magneticHeading>
<gpsHeading>20.859245</gpsHeading>
<haccuracy>3.000000</haccuracy>
<vaccuracy>3.000000</vaccuracy>
<internetconnect>2</internetconnect>
</trkpt>
<trkpt lat="36.270398" lon="137.623354">
<ele>2560.000000</ele>
<time>2026-07-25T18:49:59Z</time>
<speed>0.358482</speed>
<trueHeading>0.000000</trueHeading>
<magneticHeading>0.000000</magneticHeading>
<gpsHeading>22.767229</gpsHeading>
<haccuracy>3.002000</haccuracy>
<vaccuracy>3.002000</vaccuracy>
<internetconnect>2</internetconnect>
</trkpt>
<trkpt lat="36.270619" lon="137.623582">
<ele>2573.000000</ele>
<time>2026-07-25T18:51:29Z</time>
<speed>0.651224</speed>
<trueHeading>0.000000</trueHeading>
<magneticHeading>0.000000</magneticHeading>
<gpsHeading>39.742233</gpsHeading>
<haccuracy>3.000000</haccuracy>
<vaccuracy>3.000000</vaccuracy>
<internetconnect>2</internetconnect>
</trkpt>
<trkpt lat="36.270651" lon="137.623925">
<ele>2584.000000</ele>
<time>2026-07-25T18:53:07Z</time>
<speed>0.557980</speed>
<trueHeading>0.000000</trueHeading>
<magneticHeading>0.000000</magneticHeading>
<gpsHeading>83.414505</gpsHeading>
<haccuracy>4.261000</haccuracy>
<vaccuracy>4.261000</vaccuracy>
<internetconnect>2</internetconnect>
</trkpt>
<trkpt lat="36.270745" lon="137.624316">
<ele>2593.000000</ele>
<time>2026-07-25T18:54:31Z</time>
<speed>0.822239</speed>
<trueHeading>0.000000</trueHeading>
<magneticHeading>0.000000</magneticHeading>
<gpsHeading>73.413345</gpsHeading>
<haccuracy>3.052000</haccuracy>
<vaccuracy>3.052000</vaccuracy>
<internetconnect>2</internetconnect>
</trkpt>
<trkpt lat="36.270931" lon="137.624592">
<ele>2595.000000</ele>
<time>2026-07-25T18:55:24Z</time>
<speed>0.746720</speed>
<trueHeading>0.000000</trueHeading>
<magneticHeading>0.000000</magneticHeading>
<gpsHeading>49.941502</gpsHeading>
<haccuracy>3.000000</haccuracy>
<vaccuracy>3.000000</vaccuracy>
<internetconnect>2</internetconnect>
</trkpt>
<trkpt lat="36.271044" lon="137.624916">
<ele>2614.000000</ele>
<time>2026-07-25T18:57:18Z</time>
<speed>0.581705</speed>
<trueHeading>0.000000</trueHeading>
<magneticHeading>0.000000</magneticHeading>
<gpsHeading>66.738152</gpsHeading>
<haccuracy>3.000000</haccuracy>
<vaccuracy>3.000000</vaccuracy>
<internetconnect>2</internetconnect>
</trkpt>
<trkpt lat="36.271224" lon="137.625189">
<ele>2627.000000</ele>
<time>2026-07-25T18:58:50Z</time>
<speed>0.455174</speed>
<trueHeading>0.000000</trueHeading>
<magneticHeading>0.000000</magneticHeading>
<gpsHeading>50.718018</gpsHeading>
<haccuracy>4.699000</haccuracy>
<vaccuracy>4.699000</vaccuracy>
<internetconnect>2</internetconnect>
</trkpt>
<trkpt lat="36.271406" lon="137.625478">
<ele>2645.000000</ele>
<time>2026-07-25T19:00:00Z</time>
<speed>0.838532</speed>
<trueHeading>0.000000</trueHeading>
<magneticHeading>0.000000</magneticHeading>
<gpsHeading>51.938484</gpsHeading>
<haccuracy>3.000000</haccuracy>
<vaccuracy>3.000000</vaccuracy>
<internetconnect>2</internetconnect>
</trkpt>
<trkpt lat="36.271702" lon="137.625445">
<ele>2640.000000</ele>
<time>2026-07-25T19:01:14Z</time>
<speed>0.647626</speed>
<trueHeading>0.000000</trueHeading>
<magneticHeading>0.000000</magneticHeading>
<gpsHeading>354.877655</gpsHeading>
<haccuracy>3.418000</haccuracy>
<vaccuracy>3.418000</vaccuracy>
<internetconnect>2</internetconnect>
</trkpt>
<trkpt lat="36.271810" lon="137.625775">
<ele>2653.000000</ele>
<time>2026-07-25T19:02:37Z</time>
<speed>0.235243</speed>
<trueHeading>0.000000</trueHeading>
<magneticHeading>0.000000</magneticHeading>
<gpsHeading>67.960770</gpsHeading>
<haccuracy>4.142000</haccuracy>
<vaccuracy>4.142000</vaccuracy>
<internetconnect>2</internetconnect>
</trkpt>
<trkpt lat="36.272027" lon="137.626002">
<ele>2661.000000</ele>
<time>2026-07-25T19:03:47Z</time>
<speed>0.511695</speed>
<trueHeading>0.000000</trueHeading>
<magneticHeading>0.000000</magneticHeading>
<gpsHeading>40.118435</gpsHeading>
<haccuracy>3.012000</haccuracy>
<vaccuracy>3.012000</vaccuracy>
<internetconnect>2</internetconnect>
</trkpt>
<trkpt lat="36.272301" lon="137.626097">
<ele>2668.000000</ele>
<time>2026-07-25T19:05:21Z</time>
<speed>0.235818</speed>
<trueHeading>0.000000</trueHeading>
<magneticHeading>0.000000</magneticHeading>
<gpsHeading>15.632124</gpsHeading>
<haccuracy>3.000000</haccuracy>
<vaccuracy>3.000000</vaccuracy>
<internetconnect>2</internetconnect>
</trkpt>
<trkpt lat="36.272526" lon="137.626118">
<ele>2679.000000</ele>
<time>2026-07-25T19:07:25Z</time>
<speed>0.830000</speed>
<trueHeading>0.000000</trueHeading>
<magneticHeading>0.000000</magneticHeading>
<gpsHeading>4.139851</gpsHeading>
<haccuracy>3.790000</haccuracy>
<vaccuracy>3.790000</vaccuracy>
<internetconnect>2</internetconnect>
</trkpt>
<trkpt lat="36.272563" lon="137.626304">
<ele>2697.000000</ele>
<time>2026-07-25T19:09:42Z</time>
<speed>0.410000</speed>
<trueHeading>0.000000</trueHeading>
<magneticHeading>0.000000</magneticHeading>
<gpsHeading>76.225990</gpsHeading>
<haccuracy>5.838000</haccuracy>
<vaccuracy>5.838000</vaccuracy>
<internetconnect>2</internetconnect>
</trkpt>
<trkpt lat="36.272659" lon="137.626239">
<ele>2688.000000</ele>
<time>2026-07-25T19:11:52Z</time>
<speed>0.042528</speed>
<trueHeading>0.000000</trueHeading>
<magneticHeading>0.000000</magneticHeading>
<gpsHeading>331.543976</gpsHeading>
<haccuracy>3.761000</haccuracy>
<vaccuracy>3.761000</vaccuracy>
<internetconnect>2</internetconnect>
</trkpt>
<trkpt lat="36.272765" lon="137.626263">
<ele>2684.000000</ele>
<time>2026-07-25T19:13:54Z</time>
<speed>0.000000</speed>
<trueHeading>0.000000</trueHeading>
<magneticHeading>0.000000</magneticHeading>
<gpsHeading>10.035892</gpsHeading>
<haccuracy>6.862000</haccuracy>
<vaccuracy>6.862000</vaccuracy>
<internetconnect>2</internetconnect>
</trkpt>
<trkpt lat="36.272874" lon="137.626313">
<ele>2686.000000</ele>
<time>2026-07-25T19:15:57Z</time>
<speed>0.590000</speed>
<trueHeading>0.000000</trueHeading>
<magneticHeading>0.000000</magneticHeading>
<gpsHeading>20.513451</gpsHeading>
<haccuracy>3.790000</haccuracy>
<vaccuracy>3.790000</vaccuracy>
<internetconnect>2</internetconnect>
</trkpt>
<trkpt lat="36.273095" lon="137.626401">
<ele>2698.000000</ele>
<time>2026-07-25T19:18:03Z</time>
<speed>0.000000</speed>
<trueHeading>0.000000</trueHeading>
<magneticHeading>0.000000</magneticHeading>
<gpsHeading>17.763847</gpsHeading>
<haccuracy>3.790000</haccuracy>
<vaccuracy>3.790000</vaccuracy>
<internetconnect>2</internetconnect>
</trkpt>
<trkpt lat="36.273269" lon="137.626355">
<ele>2696.000000</ele>
<time>2026-07-25T19:20:47Z</time>
<speed>0.590000</speed>
<trueHeading>0.000000</trueHeading>
<magneticHeading>0.000000</magneticHeading>
<gpsHeading>347.866760</gpsHeading>
<haccuracy>9.935000</haccuracy>
<vaccuracy>9.935000</vaccuracy>
<internetconnect>2</internetconnect>
</trkpt>
<trkpt lat="36.273532" lon="137.626399">
<ele>2705.000000</ele>
<time>2026-07-25T19:22:52Z</time>
<speed>0.240000</speed>
<trueHeading>0.000000</trueHeading>
<magneticHeading>0.000000</magneticHeading>
<gpsHeading>7.785060</gpsHeading>
<haccuracy>3.790000</haccuracy>
<vaccuracy>3.790000</vaccuracy>
<internetconnect>2</internetconnect>
</trkpt>
<trkpt lat="36.273737" lon="137.626382">
<ele>2705.000000</ele>
<time>2026-07-25T19:24:56Z</time>
<speed>0.320000</speed>
<trueHeading>0.000000</trueHeading>
<magneticHeading>0.000000</magneticHeading>
<gpsHeading>356.220001</gpsHeading>
<haccuracy>3.790000</haccuracy>
<vaccuracy>3.790000</vaccuracy>
<internetconnect>2</internetconnect>
</trkpt>
<trkpt lat="36.273947" lon="137.626317">
<ele>2709.000000</ele>
<time>2026-07-25T19:26:58Z</time>
<speed>0.586902</speed>
<trueHeading>0.000000</trueHeading>
<magneticHeading>0.000000</magneticHeading>
<gpsHeading>345.974396</gpsHeading>
<haccuracy>3.000000</haccuracy>
<vaccuracy>3.000000</vaccuracy>
<internetconnect>2</internetconnect>
</trkpt>
<trkpt lat="36.274220" lon="137.626352">
<ele>2737.000000</ele>
<time>2026-07-25T19:29:05Z</time>
<speed>0.014937</speed>
<trueHeading>0.000000</trueHeading>
<magneticHeading>0.000000</magneticHeading>
<gpsHeading>5.779705</gpsHeading>
<haccuracy>3.000000</haccuracy>
<vaccuracy>3.000000</vaccuracy>
<internetconnect>2</internetconnect>
</trkpt>
<trkpt lat="36.274376" lon="137.626327">
<ele>2741.000000</ele>
<time>2026-07-25T19:31:08Z</time>
<speed>0.640000</speed>
<trueHeading>0.000000</trueHeading>
<magneticHeading>0.000000</magneticHeading>
<gpsHeading>352.779388</gpsHeading>
<haccuracy>3.790000</haccuracy>
<vaccuracy>3.790000</vaccuracy>
<internetconnect>2</internetconnect>
</trkpt>
<trkpt lat="36.274581" lon="137.626535">
<ele>2754.000000</ele>
<time>2026-07-25T19:33:14Z</time>
<speed>0.280000</speed>
<trueHeading>0.000000</trueHeading>
<magneticHeading>0.000000</magneticHeading>
<gpsHeading>39.242294</gpsHeading>
<haccuracy>3.790000</haccuracy>
<vaccuracy>3.790000</vaccuracy>
<internetconnect>2</internetconnect>
</trkpt>
<trkpt lat="36.274729" lon="137.626679">
<ele>2766.000000</ele>
<time>2026-07-25T19:35:18Z</time>
<speed>0.510000</speed>
<trueHeading>0.000000</trueHeading>
<magneticHeading>0.000000</magneticHeading>
<gpsHeading>38.111202</gpsHeading>
<haccuracy>3.854000</haccuracy>
<vaccuracy>3.854000</vaccuracy>
<internetconnect>2</internetconnect>
</trkpt>
<trkpt lat="36.274982" lon="137.626825">
<ele>2756.000000</ele>
<time>2026-07-25T19:36:41Z</time>
<speed>0.900000</speed>
<trueHeading>0.000000</trueHeading>
<magneticHeading>0.000000</magneticHeading>
<gpsHeading>24.949310</gpsHeading>
<haccuracy>3.810000</haccuracy>
<vaccuracy>3.810000</vaccuracy>
<internetconnect>2</internetconnect>
</trkpt>
<trkpt lat="36.275262" lon="137.626866">
<ele>2770.000000</ele>
<time>2026-07-25T19:38:02Z</time>
<speed>0.000000</speed>
<trueHeading>0.000000</trueHeading>
<magneticHeading>0.000000</magneticHeading>
<gpsHeading>6.783198</gpsHeading>
<haccuracy>3.790000</haccuracy>
<vaccuracy>3.790000</vaccuracy>
<internetconnect>2</internetconnect>
</trkpt>
<trkpt lat="36.275479" lon="137.626669">
<ele>2774.000000</ele>
<time>2026-07-25T19:40:07Z</time>
<speed>0.300000</speed>
<trueHeading>0.000000</trueHeading>
<magneticHeading>0.000000</magneticHeading>
<gpsHeading>323.708374</gpsHeading>
<haccuracy>3.790000</haccuracy>
<vaccuracy>3.790000</vaccuracy>
<internetconnect>2</internetconnect>
</trkpt>
<trkpt lat="36.275764" lon="137.626765">
<ele>2765.000000</ele>
<time>2026-07-25T19:41:53Z</time>
<speed>0.000000</speed>
<trueHeading>0.000000</trueHeading>
<magneticHeading>0.000000</magneticHeading>
<gpsHeading>15.252965</gpsHeading>
<haccuracy>7.122000</haccuracy>
<vaccuracy>7.122000</vaccuracy>
<internetconnect>2</internetconnect>
</trkpt>
<trkpt lat="36.276030" lon="137.626943">
<ele>2769.000000</ele>
<time>2026-07-25T19:43:55Z</time>
<speed>0.200000</speed>
<trueHeading>0.000000</trueHeading>
<magneticHeading>0.000000</magneticHeading>
<gpsHeading>28.327709</gpsHeading>
<haccuracy>3.945000</haccuracy>
<vaccuracy>3.945000</vaccuracy>
<internetconnect>2</internetconnect>
</trkpt>
<trkpt lat="36.276319" lon="137.627001">
<ele>2767.000000</ele>
<time>2026-07-25T19:45:06Z</time>
<speed>0.390000</speed>
<trueHeading>0.000000</trueHeading>
<magneticHeading>0.000000</magneticHeading>
<gpsHeading>9.237123</gpsHeading>
<haccuracy>3.790000</haccuracy>
<vaccuracy>3.790000</vaccuracy>
<internetconnect>2</internetconnect>
</trkpt>
<trkpt lat="36.276504" lon="137.627302">
<ele>2778.000000</ele>
<time>2026-07-25T19:46:54Z</time>
<speed>1.220000</speed>
<trueHeading>0.000000</trueHeading>
<magneticHeading>0.000000</magneticHeading>
<gpsHeading>52.647446</gpsHeading>
<haccuracy>5.542000</haccuracy>
<vaccuracy>5.542000</vaccuracy>
<internetconnect>2</internetconnect>
</trkpt>
<trkpt lat="36.276524" lon="137.627649">
<ele>2793.000000</ele>
<time>2026-07-25T19:47:48Z</time>
<speed>0.738922</speed>
<trueHeading>0.000000</trueHeading>
<magneticHeading>0.000000</magneticHeading>
<gpsHeading>85.868675</gpsHeading>
<haccuracy>4.739000</haccuracy>
<vaccuracy>4.739000</vaccuracy>
<internetconnect>2</internetconnect>
</trkpt>
<trkpt lat="36.276476" lon="137.627702">
<ele>2799.000000</ele>
<time>2026-07-25T19:49:51Z</time>
<speed>0.260397</speed>
<trueHeading>0.000000</trueHeading>
<magneticHeading>0.000000</magneticHeading>
<gpsHeading>138.189743</gpsHeading>
<haccuracy>3.000000</haccuracy>
<vaccuracy>3.000000</vaccuracy>
<internetconnect>2</internetconnect>
</trkpt>
<trkpt lat="36.276671" lon="137.627897">
<ele>2812.000000</ele>
<time>2026-07-25T19:51:52Z</time>
<speed>0.103256</speed>
<trueHeading>0.000000</trueHeading>
<magneticHeading>0.000000</magneticHeading>
<gpsHeading>38.975033</gpsHeading>
<haccuracy>3.000000</haccuracy>
<vaccuracy>3.000000</vaccuracy>
<internetconnect>2</internetconnect>
</trkpt>
<trkpt lat="36.276882" lon="137.628152">
<ele>2818.000000</ele>
<time>2026-07-25T19:53:18Z</time>
<speed>0.877193</speed>
<trueHeading>0.000000</trueHeading>
<magneticHeading>0.000000</magneticHeading>
<gpsHeading>44.299065</gpsHeading>
<haccuracy>5.361000</haccuracy>
<vaccuracy>5.361000</vaccuracy>
<internetconnect>2</internetconnect>
</trkpt>
<trkpt lat="36.277128" lon="137.628195">
<ele>2812.000000</ele>
<time>2026-07-25T19:55:22Z</time>
<speed>0.230000</speed>
<trueHeading>0.000000</trueHeading>
<magneticHeading>0.000000</magneticHeading>
<gpsHeading>8.023346</gpsHeading>
<haccuracy>10.180000</haccuracy>
<vaccuracy>10.180000</vaccuracy>
<internetconnect>2</internetconnect>
</trkpt>
<trkpt lat="36.277414" lon="137.628276">
<ele>2822.000000</ele>
<time>2026-07-25T19:57:05Z</time>
<speed>0.855281</speed>
<trueHeading>0.000000</trueHeading>
<magneticHeading>0.000000</magneticHeading>
<gpsHeading>12.839229</gpsHeading>
<haccuracy>4.950000</haccuracy>
<vaccuracy>4.950000</vaccuracy>
<internetconnect>2</internetconnect>
</trkpt>
<trkpt lat="36.277692" lon="137.628301">
<ele>2832.000000</ele>
<time>2026-07-25T19:58:33Z</time>
<speed>0.442973</speed>
<trueHeading>0.000000</trueHeading>
<magneticHeading>0.000000</magneticHeading>
<gpsHeading>4.211082</gpsHeading>
<haccuracy>3.000000</haccuracy>
<vaccuracy>3.000000</vaccuracy>
<internetconnect>2</internetconnect>
</trkpt>
<trkpt lat="36.278003" lon="137.628302">
<ele>2839.000000</ele>
<time>2026-07-25T19:59:27Z</time>
<speed>0.849591</speed>
<trueHeading>0.000000</trueHeading>
<magneticHeading>0.000000</magneticHeading>
<gpsHeading>0.029704</gpsHeading>
<haccuracy>3.079000</haccuracy>
<vaccuracy>3.079000</vaccuracy>
<internetconnect>2</internetconnect>
</trkpt>
<trkpt lat="36.278245" lon="137.628304">
<ele>2850.000000</ele>
<time>2026-07-25T20:01:32Z</time>
<speed>0.292093</speed>
<trueHeading>0.000000</trueHeading>
<magneticHeading>0.000000</magneticHeading>
<gpsHeading>0.459394</gpsHeading>
<haccuracy>3.000000</haccuracy>
<vaccuracy>3.000000</vaccuracy>
<internetconnect>2</internetconnect>
</trkpt>
<trkpt lat="36.278457" lon="137.628483">
<ele>2857.000000</ele>
<time>2026-07-25T20:03:35Z</time>
<speed>2.030000</speed>
<trueHeading>0.000000</trueHeading>
<magneticHeading>0.000000</magneticHeading>
<gpsHeading>34.214333</gpsHeading>
<haccuracy>3.790000</haccuracy>
<vaccuracy>3.790000</vaccuracy>
<internetconnect>2</internetconnect>
</trkpt>
<trkpt lat="36.278687" lon="137.628715">
<ele>2874.000000</ele>
<time>2026-07-25T20:05:04Z</time>
<speed>0.504068</speed>
<trueHeading>0.000000</trueHeading>
<magneticHeading>0.000000</magneticHeading>
<gpsHeading>39.055729</gpsHeading>
<haccuracy>3.000000</haccuracy>
<vaccuracy>3.000000</vaccuracy>
<internetconnect>2</internetconnect>
</trkpt>
<trkpt lat="36.278833" lon="137.628821">
<ele>2895.000000</ele>
<time>2026-07-25T20:07:17Z</time>
<speed>0.390000</speed>
<trueHeading>0.000000</trueHeading>
<magneticHeading>0.000000</magneticHeading>
<gpsHeading>30.380495</gpsHeading>
<haccuracy>3.790000</haccuracy>
<vaccuracy>3.790000</vaccuracy>
<internetconnect>2</internetconnect>
</trkpt>
<trkpt lat="36.278931" lon="137.628982">
<ele>2902.000000</ele>
<time>2026-07-25T20:09:19Z</time>
<speed>0.000000</speed>
<trueHeading>0.000000</trueHeading>
<magneticHeading>0.000000</magneticHeading>
<gpsHeading>52.910446</gpsHeading>
<haccuracy>3.790000</haccuracy>
<vaccuracy>3.790000</vaccuracy>
<internetconnect>2</internetconnect>
</trkpt>
<trkpt lat="36.278987" lon="137.629019">
<ele>2904.000000</ele>
<time>2026-07-25T20:11:30Z</time>
<speed>0.105853</speed>
<trueHeading>0.000000</trueHeading>
<magneticHeading>0.000000</magneticHeading>
<gpsHeading>28.383924</gpsHeading>
<haccuracy>4.420000</haccuracy>
<vaccuracy>4.420000</vaccuracy>
<internetconnect>2</internetconnect>
</trkpt>
<trkpt lat="36.279033" lon="137.629336">
<ele>2882.000000</ele>
<time>2026-07-25T20:13:44Z</time>
<speed>0.120283</speed>
<trueHeading>0.000000</trueHeading>
<magneticHeading>0.000000</magneticHeading>
<gpsHeading>79.808006</gpsHeading>
<haccuracy>4.006000</haccuracy>
<vaccuracy>4.006000</vaccuracy>
<internetconnect>2</internetconnect>
</trkpt>
<trkpt lat="36.279123" lon="137.629623">
<ele>2883.000000</ele>
<time>2026-07-25T20:15:49Z</time>
<speed>1.320000</speed>
<trueHeading>0.000000</trueHeading>
<magneticHeading>0.000000</magneticHeading>
<gpsHeading>68.557510</gpsHeading>
<haccuracy>3.790000</haccuracy>
<vaccuracy>3.790000</vaccuracy>
<internetconnect>2</internetconnect>
</trkpt>
<trkpt lat="36.279186" lon="137.629964">
<ele>2888.000000</ele>
<time>2026-07-25T20:17:33Z</time>
<speed>0.676427</speed>
<trueHeading>0.000000</trueHeading>
<magneticHeading>0.000000</magneticHeading>
<gpsHeading>77.288330</gpsHeading>
<haccuracy>3.010000</haccuracy>
<vaccuracy>3.010000</vaccuracy>
<internetconnect>2</internetconnect>
</trkpt>
<trkpt lat="36.279239" lon="137.630115">
<ele>2878.000000</ele>
<time>2026-07-25T20:19:37Z</time>
<speed>0.100030</speed>
<trueHeading>0.000000</trueHeading>
<magneticHeading>0.000000</magneticHeading>
<gpsHeading>66.170013</gpsHeading>
<haccuracy>3.000000</haccuracy>
<vaccuracy>3.000000</vaccuracy>
<internetconnect>2</internetconnect>
</trkpt>
<trkpt lat="36.279249" lon="137.630101">
<ele>2878.000000</ele>
<time>2026-07-25T20:21:40Z</time>
<speed>0.096240</speed>
<trueHeading>0.000000</trueHeading>
<magneticHeading>0.000000</magneticHeading>
<gpsHeading>308.013641</gpsHeading>
<haccuracy>3.006000</haccuracy>
<vaccuracy>3.006000</vaccuracy>
<internetconnect>2</internetconnect>
</trkpt>
<trkpt lat="36.279247" lon="137.630102">
<ele>2878.000000</ele>
<time>2026-07-25T20:26:30Z</time>
<speed>0.097371</speed>
<trueHeading>0.000000</trueHeading>
<magneticHeading>0.000000</magneticHeading>
<gpsHeading>151.745148</gpsHeading>
<haccuracy>5.559000</haccuracy>
<vaccuracy>5.559000</vaccuracy>
<internetconnect>2</internetconnect>
</trkpt>
<trkpt lat="36.279239" lon="137.630105">
<ele>2878.000000</ele>
<time>2026-07-25T20:28:53Z</time>
<speed>0.148457</speed>
<trueHeading>0.000000</trueHeading>
<magneticHeading>0.000000</magneticHeading>
<gpsHeading>162.513260</gpsHeading>
<haccuracy>5.102000</haccuracy>
<vaccuracy>5.102000</vaccuracy>
<internetconnect>2</internetconnect>
</trkpt>
<trkpt lat="36.279235" lon="137.630139">
<ele>2878.000000</ele>
<time>2026-07-25T20:30:55Z</time>
<speed>0.000000</speed>
<trueHeading>0.000000</trueHeading>
<magneticHeading>0.000000</magneticHeading>
<gpsHeading>97.621597</gpsHeading>
<haccuracy>8.452000</haccuracy>
<vaccuracy>8.452000</vaccuracy>
<internetconnect>2</internetconnect>
</trkpt>
<trkpt lat="36.279217" lon="137.630149">
<ele>2889.000000</ele>
<time>2026-07-25T20:34:09Z</time>
<speed>0.960000</speed>
<trueHeading>0.000000</trueHeading>
<magneticHeading>0.000000</magneticHeading>
<gpsHeading>155.049347</gpsHeading>
<haccuracy>9.935000</haccuracy>
<vaccuracy>9.935000</vaccuracy>
<internetconnect>2</internetconnect>
</trkpt>
<trkpt lat="36.279379" lon="137.630281">
<ele>2859.000000</ele>
<time>2026-07-25T20:36:14Z</time>
<speed>0.550000</speed>
<trueHeading>0.000000</trueHeading>
<magneticHeading>0.000000</magneticHeading>
<gpsHeading>33.208172</gpsHeading>
<haccuracy>11.137000</haccuracy>
<vaccuracy>11.137000</vaccuracy>
<internetconnect>2</internetconnect>
</trkpt>
<trkpt lat="36.279426" lon="137.630417">
<ele>2861.000000</ele>
<time>2026-07-25T20:38:21Z</time>
<speed>1.700000</speed>
<trueHeading>0.000000</trueHeading>
<magneticHeading>0.000000</magneticHeading>
<gpsHeading>66.739525</gpsHeading>
<haccuracy>10.135000</haccuracy>
<vaccuracy>10.135000</vaccuracy>
<internetconnect>2</internetconnect>
</trkpt>
<trkpt lat="36.279476" lon="137.630759">
<ele>2855.000000</ele>
<time>2026-07-25T20:39:51Z</time>
<speed>0.370000</speed>
<trueHeading>0.000000</trueHeading>
<magneticHeading>0.000000</magneticHeading>
<gpsHeading>79.821396</gpsHeading>
<haccuracy>10.170000</haccuracy>
<vaccuracy>10.170000</vaccuracy>
<internetconnect>2</internetconnect>
</trkpt>
<trkpt lat="36.279492" lon="137.630817">
<ele>2857.000000</ele>
<time>2026-07-25T20:41:58Z</time>
<speed>0.000000</speed>
<trueHeading>0.000000</trueHeading>
<magneticHeading>0.000000</magneticHeading>
<gpsHeading>71.388412</gpsHeading>
<haccuracy>6.493000</haccuracy>
<vaccuracy>6.493000</vaccuracy>
<internetconnect>2</internetconnect>
</trkpt>
<trkpt lat="36.279507" lon="137.630814">
<ele>2849.000000</ele>
<time>2026-07-25T20:44:10Z</time>
<speed>0.000000</speed>
<trueHeading>0.000000</trueHeading>
<magneticHeading>0.000000</magneticHeading>
<gpsHeading>349.527222</gpsHeading>
<haccuracy>5.176000</haccuracy>
<vaccuracy>5.176000</vaccuracy>
<internetconnect>2</internetconnect>
</trkpt>
<trkpt lat="36.279610" lon="137.630891">
<ele>2840.000000</ele>
<time>2026-07-25T20:46:39Z</time>
<speed>0.000000</speed>
<trueHeading>0.000000</trueHeading>
<magneticHeading>0.000000</magneticHeading>
<gpsHeading>31.240019</gpsHeading>
<haccuracy>5.331000</haccuracy>
<vaccuracy>5.331000</vaccuracy>
<internetconnect>2</internetconnect>
</trkpt>
<trkpt lat="36.279600" lon="137.631004">
<ele>2841.000000</ele>
<time>2026-07-25T20:48:52Z</time>
<speed>0.000000</speed>
<trueHeading>0.000000</trueHeading>
<magneticHeading>0.000000</magneticHeading>
<gpsHeading>96.253700</gpsHeading>
<haccuracy>10.687000</haccuracy>
<vaccuracy>10.687000</vaccuracy>
<internetconnect>2</internetconnect>
</trkpt>
<trkpt lat="36.279626" lon="137.631162">
<ele>2842.000000</ele>
<time>2026-07-25T20:50:56Z</time>
<speed>0.000000</speed>
<trueHeading>0.000000</trueHeading>
<magneticHeading>0.000000</magneticHeading>
<gpsHeading>78.347694</gpsHeading>
<haccuracy>8.628000</haccuracy>
<vaccuracy>8.628000</vaccuracy>
<internetconnect>2</internetconnect>
</trkpt>
<trkpt lat="36.279717" lon="137.631327">
<ele>2857.000000</ele>
<time>2026-07-25T20:53:06Z</time>
<speed>0.000000</speed>
<trueHeading>0.000000</trueHeading>
<magneticHeading>0.000000</magneticHeading>
<gpsHeading>55.823162</gpsHeading>
<haccuracy>6.615000</haccuracy>
<vaccuracy>6.615000</vaccuracy>
<internetconnect>2</internetconnect>
</trkpt>
<trkpt lat="36.279997" lon="137.631353">
<ele>2855.000000</ele>
<time>2026-07-25T20:54:23Z</time>
<speed>0.740000</speed>
<trueHeading>0.000000</trueHeading>
<magneticHeading>0.000000</magneticHeading>
<gpsHeading>4.169132</gpsHeading>
<haccuracy>8.144000</haccuracy>
<vaccuracy>8.144000</vaccuracy>
<internetconnect>2</internetconnect>
</trkpt>
<trkpt lat="36.280125" lon="137.631326">
<ele>2852.000000</ele>
<time>2026-07-25T20:56:25Z</time>
<speed>0.000000</speed>
<trueHeading>0.000000</trueHeading>
<magneticHeading>0.000000</magneticHeading>
<gpsHeading>350.544403</gpsHeading>
<haccuracy>4.830000</haccuracy>
<vaccuracy>4.830000</vaccuracy>
<internetconnect>2</internetconnect>
</trkpt>
<trkpt lat="36.280198" lon="137.631503">
<ele>2868.000000</ele>
<time>2026-07-25T20:58:31Z</time>
<speed>0.000000</speed>
<trueHeading>0.000000</trueHeading>
<magneticHeading>0.000000</magneticHeading>
<gpsHeading>62.698689</gpsHeading>
<haccuracy>6.952000</haccuracy>
<vaccuracy>6.952000</vaccuracy>
<internetconnect>2</internetconnect>
</trkpt>
<trkpt lat="36.280305" lon="137.631515">
<ele>2867.000000</ele>
<time>2026-07-25T21:00:53Z</time>
<speed>0.000000</speed>
<trueHeading>0.000000</trueHeading>
<magneticHeading>0.000000</magneticHeading>
<gpsHeading>5.213575</gpsHeading>
<haccuracy>8.795000</haccuracy>
<vaccuracy>8.795000</vaccuracy>
<internetconnect>2</internetconnect>
</trkpt>
<trkpt lat="36.280266" lon="137.631512">
<ele>2867.000000</ele>
<time>2026-07-25T21:07:06Z</time>
<speed>0.086745</speed>
<trueHeading>0.000000</trueHeading>
<magneticHeading>0.000000</magneticHeading>
<gpsHeading>183.227341</gpsHeading>
<haccuracy>6.629000</haccuracy>
<vaccuracy>6.629000</vaccuracy>
<internetconnect>2</internetconnect>
</trkpt>
<trkpt lat="36.280261" lon="137.631503">
<ele>2868.000000</ele>
<time>2026-07-25T21:09:21Z</time>
<speed>0.105126</speed>
<trueHeading>0.000000</trueHeading>
<magneticHeading>0.000000</magneticHeading>
<gpsHeading>235.773743</gpsHeading>
<haccuracy>5.817000</haccuracy>
<vaccuracy>5.817000</vaccuracy>
<internetconnect>2</internetconnect>
</trkpt>
<trkpt lat="36.280326" lon="137.631742">
<ele>2861.000000</ele>
<time>2026-07-25T21:11:28Z</time>
<speed>0.000000</speed>
<trueHeading>0.000000</trueHeading>
<magneticHeading>0.000000</magneticHeading>
<gpsHeading>71.507156</gpsHeading>
<haccuracy>8.953000</haccuracy>
<vaccuracy>8.953000</vaccuracy>
<internetconnect>2</internetconnect>
</trkpt>
<trkpt lat="36.280449" lon="137.632074">
<ele>2839.000000</ele>
<time>2026-07-25T21:12:46Z</time>
<speed>0.460000</speed>
<trueHeading>0.000000</trueHeading>
<magneticHeading>0.000000</magneticHeading>
<gpsHeading>65.280075</gpsHeading>
<haccuracy>8.327000</haccuracy>
<vaccuracy>8.327000</vaccuracy>
<internetconnect>2</internetconnect>
</trkpt>
<trkpt lat="36.280525" lon="137.632208">
<ele>2829.000000</ele>
<time>2026-07-25T21:14:49Z</time>
<speed>0.000000</speed>
<trueHeading>0.000000</trueHeading>
<magneticHeading>0.000000</magneticHeading>
<gpsHeading>54.946831</gpsHeading>
<haccuracy>6.684000</haccuracy>
<vaccuracy>6.684000</vaccuracy>
<internetconnect>2</internetconnect>
</trkpt>
<trkpt lat="36.280714" lon="137.632446">
<ele>2823.000000</ele>
<time>2026-07-25T21:16:53Z</time>
<speed>0.710000</speed>
<trueHeading>0.000000</trueHeading>
<magneticHeading>0.000000</magneticHeading>
<gpsHeading>45.442539</gpsHeading>
<haccuracy>7.491000</haccuracy>
<vaccuracy>7.491000</vaccuracy>
<internetconnect>2</internetconnect>
</trkpt>
<trkpt lat="36.280746" lon="137.632528">
<ele>2832.000000</ele>
<time>2026-07-25T21:19:24Z</time>
<speed>0.750000</speed>
<trueHeading>0.000000</trueHeading>
<magneticHeading>0.000000</magneticHeading>
<gpsHeading>64.110519</gpsHeading>
<haccuracy>4.359000</haccuracy>
<vaccuracy>4.359000</vaccuracy>
<internetconnect>2</internetconnect>
</trkpt>
<trkpt lat="36.280976" lon="137.632776">
<ele>2838.000000</ele>
<time>2026-07-25T21:20:16Z</time>
<speed>0.259446</speed>
<trueHeading>0.000000</trueHeading>
<magneticHeading>0.000000</magneticHeading>
<gpsHeading>40.996735</gpsHeading>
<haccuracy>4.313000</haccuracy>
<vaccuracy>4.313000</vaccuracy>
<internetconnect>2</internetconnect>
</trkpt>
<trkpt lat="36.281198" lon="137.632967">
<ele>2858.000000</ele>
<time>2026-07-25T21:22:32Z</time>
<speed>0.320000</speed>
<trueHeading>0.000000</trueHeading>
<magneticHeading>0.000000</magneticHeading>
<gpsHeading>34.687279</gpsHeading>
<haccuracy>6.725000</haccuracy>
<vaccuracy>6.725000</vaccuracy>
<internetconnect>2</internetconnect>
</trkpt>
<trkpt lat="36.281193" lon="137.633209">
<ele>2878.000000</ele>
<time>2026-07-25T21:24:56Z</time>
<speed>0.000000</speed>
<trueHeading>0.000000</trueHeading>
<magneticHeading>0.000000</magneticHeading>
<gpsHeading>91.558167</gpsHeading>
<haccuracy>7.384000</haccuracy>
<vaccuracy>7.384000</vaccuracy>
<internetconnect>2</internetconnect>
</trkpt>
<trkpt lat="36.281383" lon="137.633249">
<ele>2885.000000</ele>
<time>2026-07-25T21:26:58Z</time>
<speed>0.000000</speed>
<trueHeading>0.000000</trueHeading>
<magneticHeading>0.000000</magneticHeading>
<gpsHeading>9.630645</gpsHeading>
<haccuracy>6.360000</haccuracy>
<vaccuracy>6.360000</vaccuracy>
<internetconnect>2</internetconnect>
</trkpt>
<trkpt lat="36.281365" lon="137.633301">
<ele>2887.000000</ele>
<time>2026-07-25T21:29:00Z</time>
<speed>0.320000</speed>
<trueHeading>0.000000</trueHeading>
<magneticHeading>0.000000</magneticHeading>
<gpsHeading>112.815201</gpsHeading>
<haccuracy>4.469000</haccuracy>
<vaccuracy>4.469000</vaccuracy>
<internetconnect>2</internetconnect>
</trkpt>
<trkpt lat="36.281479" lon="137.633428">
<ele>2893.000000</ele>
<time>2026-07-25T21:31:03Z</time>
<speed>0.000000</speed>
<trueHeading>0.000000</trueHeading>
<magneticHeading>0.000000</magneticHeading>
<gpsHeading>41.925304</gpsHeading>
<haccuracy>10.100000</haccuracy>
<vaccuracy>10.100000</vaccuracy>
<internetconnect>2</internetconnect>
</trkpt>
<trkpt lat="36.281497" lon="137.633500">
<ele>2894.000000</ele>
<time>2026-07-25T21:33:05Z</time>
<speed>0.830000</speed>
<trueHeading>0.000000</trueHeading>
<magneticHeading>0.000000</magneticHeading>
<gpsHeading>73.424164</gpsHeading>
<haccuracy>9.935000</haccuracy>
<vaccuracy>9.935000</vaccuracy>
<internetconnect>2</internetconnect>
</trkpt>
<trkpt lat="36.281589" lon="137.633783">
<ele>2880.000000</ele>
<time>2026-07-25T21:35:09Z</time>
<speed>0.240000</speed>
<trueHeading>0.000000</trueHeading>
<magneticHeading>0.000000</magneticHeading>
<gpsHeading>68.044533</gpsHeading>
<haccuracy>10.461000</haccuracy>
<vaccuracy>10.461000</vaccuracy>
<internetconnect>2</internetconnect>
</trkpt>
<trkpt lat="36.281653" lon="137.633931">
<ele>2868.000000</ele>
<time>2026-07-25T21:37:17Z</time>
<speed>0.480000</speed>
<trueHeading>0.000000</trueHeading>
<magneticHeading>0.000000</magneticHeading>
<gpsHeading>61.874767</gpsHeading>
<haccuracy>10.457000</haccuracy>
<vaccuracy>10.457000</vaccuracy>
<internetconnect>2</internetconnect>
</trkpt>
<trkpt lat="36.281773" lon="137.634043">
<ele>2857.000000</ele>
<time>2026-07-25T21:39:18Z</time>
<speed>0.000000</speed>
<trueHeading>0.000000</trueHeading>
<magneticHeading>0.000000</magneticHeading>
<gpsHeading>37.012409</gpsHeading>
<haccuracy>12.076000</haccuracy>
<vaccuracy>12.076000</vaccuracy>
<internetconnect>2</internetconnect>
</trkpt>
<trkpt lat="36.281780" lon="137.634215">
<ele>2859.000000</ele>
<time>2026-07-25T21:41:23Z</time>
<speed>0.220000</speed>
<trueHeading>0.000000</trueHeading>
<magneticHeading>0.000000</magneticHeading>
<gpsHeading>87.109818</gpsHeading>
<haccuracy>10.654000</haccuracy>
<vaccuracy>10.654000</vaccuracy>
<internetconnect>2</internetconnect>
</trkpt>
<trkpt lat="36.281813" lon="137.634340">
<ele>2850.000000</ele>
<time>2026-07-25T21:43:28Z</time>
<speed>0.000000</speed>
<trueHeading>0.000000</trueHeading>
<magneticHeading>0.000000</magneticHeading>
<gpsHeading>71.709282</gpsHeading>
<haccuracy>10.464000</haccuracy>
<vaccuracy>10.464000</vaccuracy>
<internetconnect>2</internetconnect>
</trkpt>
<trkpt lat="36.281791" lon="137.634343">
<ele>2850.000000</ele>
<time>2026-07-25T21:45:33Z</time>
<speed>0.540000</speed>
<trueHeading>0.000000</trueHeading>
<magneticHeading>0.000000</magneticHeading>
<gpsHeading>173.166931</gpsHeading>
<haccuracy>3.830000</haccuracy>
<vaccuracy>3.830000</vaccuracy>
<internetconnect>2</internetconnect>
</trkpt>
<trkpt lat="36.281895" lon="137.634599">
<ele>2850.000000</ele>
<time>2026-07-25T21:47:37Z</time>
<speed>0.600000</speed>
<trueHeading>0.000000</trueHeading>
<magneticHeading>0.000000</magneticHeading>
<gpsHeading>63.212811</gpsHeading>
<haccuracy>4.566000</haccuracy>
<vaccuracy>4.566000</vaccuracy>
<internetconnect>2</internetconnect>
</trkpt>
<trkpt lat="36.282062" lon="137.634891">
<ele>2849.000000</ele>
<time>2026-07-25T21:48:42Z</time>
<speed>0.760000</speed>
<trueHeading>0.000000</trueHeading>
<magneticHeading>0.000000</magneticHeading>
<gpsHeading>54.555119</gpsHeading>
<haccuracy>5.204000</haccuracy>
<vaccuracy>5.204000</vaccuracy>
<internetconnect>2</internetconnect>
</trkpt>
<trkpt lat="36.282224" lon="137.634995">
<ele>2827.000000</ele>
<time>2026-07-25T21:50:45Z</time>
<speed>0.225757</speed>
<trueHeading>0.000000</trueHeading>
<magneticHeading>0.000000</magneticHeading>
<gpsHeading>27.612858</gpsHeading>
<haccuracy>3.275000</haccuracy>
<vaccuracy>3.275000</vaccuracy>
<internetconnect>2</internetconnect>
</trkpt>
<trkpt lat="36.282263" lon="137.635020">
<ele>2827.000000</ele>
<time>2026-07-25T21:52:54Z</time>
<speed>0.162410</speed>
<trueHeading>0.000000</trueHeading>
<magneticHeading>0.000000</magneticHeading>
<gpsHeading>27.156925</gpsHeading>
<haccuracy>8.621000</haccuracy>
<vaccuracy>8.621000</vaccuracy>
<internetconnect>2</internetconnect>
</trkpt>
<trkpt lat="36.282325" lon="137.635113">
<ele>2823.000000</ele>
<time>2026-07-25T21:54:58Z</time>
<speed>0.130445</speed>
<trueHeading>0.000000</trueHeading>
<magneticHeading>0.000000</magneticHeading>
<gpsHeading>50.271946</gpsHeading>
<haccuracy>11.257000</haccuracy>
<vaccuracy>11.257000</vaccuracy>
<internetconnect>2</internetconnect>
</trkpt>
<trkpt lat="36.282590" lon="137.635240">
<ele>2819.000000</ele>
<time>2026-07-25T21:56:47Z</time>
<speed>0.000000</speed>
<trueHeading>0.000000</trueHeading>
<magneticHeading>0.000000</magneticHeading>
<gpsHeading>21.168829</gpsHeading>
<haccuracy>11.078000</haccuracy>
<vaccuracy>11.078000</vaccuracy>
<internetconnect>2</internetconnect>
</trkpt>
<trkpt lat="36.282525" lon="137.635324">
<ele>2825.000000</ele>
<time>2026-07-25T21:58:49Z</time>
<speed>0.073990</speed>
<trueHeading>0.000000</trueHeading>
<magneticHeading>0.000000</magneticHeading>
<gpsHeading>133.931259</gpsHeading>
<haccuracy>4.965000</haccuracy>
<vaccuracy>4.965000</vaccuracy>
<internetconnect>2</internetconnect>
</trkpt>
<trkpt lat="36.282756" lon="137.635338">
<ele>2838.000000</ele>
<time>2026-07-25T22:00:51Z</time>
<speed>0.270000</speed>
<trueHeading>0.000000</trueHeading>
<magneticHeading>0.000000</magneticHeading>
<gpsHeading>2.779418</gpsHeading>
<haccuracy>9.935000</haccuracy>
<vaccuracy>9.935000</vaccuracy>
<internetconnect>2</internetconnect>
</trkpt>
<trkpt lat="36.282828" lon="137.635444">
<ele>2844.000000</ele>
<time>2026-07-25T22:03:00Z</time>
<speed>0.500000</speed>
<trueHeading>0.000000</trueHeading>
<magneticHeading>0.000000</magneticHeading>
<gpsHeading>49.829964</gpsHeading>
<haccuracy>9.935000</haccuracy>
<vaccuracy>9.935000</vaccuracy>
<internetconnect>2</internetconnect>
</trkpt>
<trkpt lat="36.282889" lon="137.635742">
<ele>2860.000000</ele>
<time>2026-07-25T22:05:04Z</time>
<speed>0.000000</speed>
<trueHeading>0.000000</trueHeading>
<magneticHeading>0.000000</magneticHeading>
<gpsHeading>75.702377</gpsHeading>
<haccuracy>9.935000</haccuracy>
<vaccuracy>9.935000</vaccuracy>
<internetconnect>2</internetconnect>
</trkpt>
<trkpt lat="36.283033" lon="137.635930">
<ele>2879.000000</ele>
<time>2026-07-25T22:07:07Z</time>
<speed>0.000000</speed>
<trueHeading>0.000000</trueHeading>
<magneticHeading>0.000000</magneticHeading>
<gpsHeading>46.554043</gpsHeading>
<haccuracy>10.687000</haccuracy>
<vaccuracy>10.687000</vaccuracy>
<internetconnect>2</internetconnect>
</trkpt>
<trkpt lat="36.283173" lon="137.636020">
<ele>2889.000000</ele>
<time>2026-07-25T22:09:16Z</time>
<speed>0.310000</speed>
<trueHeading>0.000000</trueHeading>
<magneticHeading>0.000000</magneticHeading>
<gpsHeading>27.537163</gpsHeading>
<haccuracy>9.935000</haccuracy>
<vaccuracy>9.935000</vaccuracy>
<internetconnect>2</internetconnect>
</trkpt>
<trkpt lat="36.283373" lon="137.636190">
<ele>2894.000000</ele>
<time>2026-07-25T22:11:20Z</time>
<speed>0.810000</speed>
<trueHeading>0.000000</trueHeading>
<magneticHeading>0.000000</magneticHeading>
<gpsHeading>34.389324</gpsHeading>
<haccuracy>9.935000</haccuracy>
<vaccuracy>9.935000</vaccuracy>
<internetconnect>2</internetconnect>
</trkpt>
<trkpt lat="36.283385" lon="137.636333">
<ele>2894.000000</ele>
<time>2026-07-25T22:13:23Z</time>
<speed>0.000000</speed>
<trueHeading>0.000000</trueHeading>
<magneticHeading>0.000000</magneticHeading>
<gpsHeading>84.036140</gpsHeading>
<haccuracy>6.543000</haccuracy>
<vaccuracy>6.543000</vaccuracy>
<internetconnect>2</internetconnect>
</trkpt>
<trkpt lat="36.283395" lon="137.636328">
<ele>2894.000000</ele>
<time>2026-07-25T22:15:29Z</time>
<speed>0.070077</speed>
<trueHeading>0.000000</trueHeading>
<magneticHeading>0.000000</magneticHeading>
<gpsHeading>340.422974</gpsHeading>
<haccuracy>3.680000</haccuracy>
<vaccuracy>3.680000</vaccuracy>
<internetconnect>2</internetconnect>
</trkpt>
<trkpt lat="36.283391" lon="137.636354">
<ele>2894.000000</ele>
<time>2026-07-25T22:17:58Z</time>
<speed>0.408150</speed>
<trueHeading>0.000000</trueHeading>
<magneticHeading>0.000000</magneticHeading>
<gpsHeading>100.501617</gpsHeading>
<haccuracy>4.261000</haccuracy>
<vaccuracy>4.261000</vaccuracy>
<internetconnect>2</internetconnect>
</trkpt>
<trkpt lat="36.283487" lon="137.636709">
<ele>2896.000000</ele>
<time>2026-07-25T22:19:56Z</time>
<speed>0.892174</speed>
<trueHeading>0.000000</trueHeading>
<magneticHeading>0.000000</magneticHeading>
<gpsHeading>71.443695</gpsHeading>
<haccuracy>5.282000</haccuracy>
<vaccuracy>5.282000</vaccuracy>
<internetconnect>2</internetconnect>
</trkpt>
<trkpt lat="36.283603" lon="137.636908">
<ele>2885.000000</ele>
<time>2026-07-25T22:21:57Z</time>
<speed>0.270000</speed>
<trueHeading>0.000000</trueHeading>
<magneticHeading>0.000000</magneticHeading>
<gpsHeading>54.184902</gpsHeading>
<haccuracy>10.058000</haccuracy>
<vaccuracy>10.058000</vaccuracy>
<internetconnect>2</internetconnect>
</trkpt>
<trkpt lat="36.283684" lon="137.637253">
<ele>2891.000000</ele>
<time>2026-07-25T22:23:17Z</time>
<speed>0.680000</speed>
<trueHeading>0.000000</trueHeading>
<magneticHeading>0.000000</magneticHeading>
<gpsHeading>73.650932</gpsHeading>
<haccuracy>10.128000</haccuracy>
<vaccuracy>10.128000</vaccuracy>
<internetconnect>2</internetconnect>
</trkpt>
<trkpt lat="36.283932" lon="137.637497">
<ele>2869.000000</ele>
<time>2026-07-25T22:25:15Z</time>
<speed>0.750000</speed>
<trueHeading>0.000000</trueHeading>
<magneticHeading>0.000000</magneticHeading>
<gpsHeading>38.349064</gpsHeading>
<haccuracy>13.176000</haccuracy>
<vaccuracy>13.176000</vaccuracy>
<internetconnect>2</internetconnect>
</trkpt>
<trkpt lat="36.283971" lon="137.637402">
<ele>2867.000000</ele>
<time>2026-07-25T22:27:21Z</time>
<speed>0.740000</speed>
<trueHeading>0.000000</trueHeading>
<magneticHeading>0.000000</magneticHeading>
<gpsHeading>296.739410</gpsHeading>
<haccuracy>10.759000</haccuracy>
<vaccuracy>10.759000</vaccuracy>
<internetconnect>2</internetconnect>
</trkpt>
<trkpt lat="36.284136" lon="137.637352">
<ele>2852.000000</ele>
<time>2026-07-25T22:29:23Z</time>
<speed>0.780000</speed>
<trueHeading>0.000000</trueHeading>
<magneticHeading>0.000000</magneticHeading>
<gpsHeading>346.328461</gpsHeading>
<haccuracy>10.704000</haccuracy>
<vaccuracy>10.704000</vaccuracy>
<internetconnect>2</internetconnect>
</trkpt>
<trkpt lat="36.284331" lon="137.637486">
<ele>2844.000000</ele>
<time>2026-07-25T22:31:26Z</time>
<speed>0.880000</speed>
<trueHeading>0.000000</trueHeading>
<magneticHeading>0.000000</magneticHeading>
<gpsHeading>29.013939</gpsHeading>
<haccuracy>10.566000</haccuracy>
<vaccuracy>10.566000</vaccuracy>
<internetconnect>2</internetconnect>
</trkpt>
<trkpt lat="36.284623" lon="137.637560">
<ele>2820.000000</ele>
<time>2026-07-25T22:33:11Z</time>
<speed>0.382371</speed>
<trueHeading>0.000000</trueHeading>
<magneticHeading>0.000000</magneticHeading>
<gpsHeading>11.435546</gpsHeading>
<haccuracy>5.430000</haccuracy>
<vaccuracy>5.430000</vaccuracy>
<internetconnect>2</internetconnect>
</trkpt>
<trkpt lat="36.284594" lon="137.637615">
<ele>2825.000000</ele>
<time>2026-07-25T22:35:15Z</time>
<speed>0.290000</speed>
<trueHeading>0.000000</trueHeading>
<magneticHeading>0.000000</magneticHeading>
<gpsHeading>122.459183</gpsHeading>
<haccuracy>10.718000</haccuracy>
<vaccuracy>10.718000</vaccuracy>
<internetconnect>2</internetconnect>
</trkpt>
<trkpt lat="36.284650" lon="137.637650">
<ele>2826.000000</ele>
<time>2026-07-25T22:37:21Z</time>
<speed>2.760000</speed>
<trueHeading>0.000000</trueHeading>
<magneticHeading>0.000000</magneticHeading>
<gpsHeading>27.174051</gpsHeading>
<haccuracy>10.853000</haccuracy>
<vaccuracy>10.853000</vaccuracy>
<internetconnect>2</internetconnect>
</trkpt>
<trkpt lat="36.284835" lon="137.637811">
<ele>2836.000000</ele>
<time>2026-07-25T22:39:23Z</time>
<speed>0.938690</speed>
<trueHeading>0.000000</trueHeading>
<magneticHeading>0.000000</magneticHeading>
<gpsHeading>35.037075</gpsHeading>
<haccuracy>4.627000</haccuracy>
<vaccuracy>4.627000</vaccuracy>
<internetconnect>2</internetconnect>
</trkpt>
<trkpt lat="36.284856" lon="137.637974">
<ele>2847.000000</ele>
<time>2026-07-25T22:41:24Z</time>
<speed>0.980000</speed>
<trueHeading>0.000000</trueHeading>
<magneticHeading>0.000000</magneticHeading>
<gpsHeading>80.834351</gpsHeading>
<haccuracy>9.935000</haccuracy>
<vaccuracy>9.935000</vaccuracy>
<internetconnect>2</internetconnect>
</trkpt>
<trkpt lat="36.285046" lon="137.638238">
<ele>2865.000000</ele>
<time>2026-07-25T22:42:34Z</time>
<speed>0.640000</speed>
<trueHeading>0.000000</trueHeading>
<magneticHeading>0.000000</magneticHeading>
<gpsHeading>48.330860</gpsHeading>
<haccuracy>9.935000</haccuracy>
<vaccuracy>9.935000</vaccuracy>
<internetconnect>2</internetconnect>
</trkpt>
<trkpt lat="36.285233" lon="137.638514">
<ele>2892.000000</ele>
<time>2026-07-25T22:44:01Z</time>
<speed>0.802100</speed>
<trueHeading>0.000000</trueHeading>
<magneticHeading>0.000000</magneticHeading>
<gpsHeading>49.880249</gpsHeading>
<haccuracy>5.466000</haccuracy>
<vaccuracy>5.466000</vaccuracy>
<internetconnect>2</internetconnect>
</trkpt>
<trkpt lat="36.285200" lon="137.638641">
<ele>2898.000000</ele>
<time>2026-07-25T22:46:04Z</time>
<speed>1.300000</speed>
<trueHeading>0.000000</trueHeading>
<magneticHeading>0.000000</magneticHeading>
<gpsHeading>107.711624</gpsHeading>
<haccuracy>9.935000</haccuracy>
<vaccuracy>9.935000</vaccuracy>
<internetconnect>2</internetconnect>
</trkpt>
<trkpt lat="36.285274" lon="137.638836">
<ele>2905.000000</ele>
<time>2026-07-25T22:48:07Z</time>
<speed>0.720000</speed>
<trueHeading>0.000000</trueHeading>
<magneticHeading>0.000000</magneticHeading>
<gpsHeading>64.849564</gpsHeading>
<haccuracy>9.935000</haccuracy>
<vaccuracy>9.935000</vaccuracy>
<internetconnect>2</internetconnect>
</trkpt>
<trkpt lat="36.285369" lon="137.639167">
<ele>2921.000000</ele>
<time>2026-07-25T22:50:03Z</time>
<speed>0.990000</speed>
<trueHeading>0.000000</trueHeading>
<magneticHeading>0.000000</magneticHeading>
<gpsHeading>70.428658</gpsHeading>
<haccuracy>9.935000</haccuracy>
<vaccuracy>9.935000</vaccuracy>
<internetconnect>2</internetconnect>
</trkpt>
<trkpt lat="36.285427" lon="137.639377">
<ele>2926.000000</ele>
<time>2026-07-25T22:52:04Z</time>
<speed>0.450000</speed>
<trueHeading>0.000000</trueHeading>
<magneticHeading>0.000000</magneticHeading>
<gpsHeading>70.900307</gpsHeading>
<haccuracy>9.935000</haccuracy>
<vaccuracy>9.935000</vaccuracy>
<internetconnect>2</internetconnect>
</trkpt>
<trkpt lat="36.285398" lon="137.639730">
<ele>2951.000000</ele>
<time>2026-07-25T22:54:06Z</time>
<speed>1.580000</speed>
<trueHeading>0.000000</trueHeading>
<magneticHeading>0.000000</magneticHeading>
<gpsHeading>95.963806</gpsHeading>
<haccuracy>11.055000</haccuracy>
<vaccuracy>11.055000</vaccuracy>
<internetconnect>2</internetconnect>
</trkpt>
<trkpt lat="36.285403" lon="137.639835">
<ele>2957.000000</ele>
<time>2026-07-25T22:56:08Z</time>
<speed>0.000000</speed>
<trueHeading>0.000000</trueHeading>
<magneticHeading>0.000000</magneticHeading>
<gpsHeading>86.410034</gpsHeading>
<haccuracy>9.935000</haccuracy>
<vaccuracy>9.935000</vaccuracy>
<internetconnect>2</internetconnect>
</trkpt>
<trkpt lat="36.285591" lon="137.640046">
<ele>2965.000000</ele>
<time>2026-07-25T22:58:10Z</time>
<speed>0.240000</speed>
<trueHeading>0.000000</trueHeading>
<magneticHeading>0.000000</magneticHeading>
<gpsHeading>42.121944</gpsHeading>
<haccuracy>10.660000</haccuracy>
<vaccuracy>10.660000</vaccuracy>
<internetconnect>2</internetconnect>
</trkpt>
<trkpt lat="36.285635" lon="137.640335">
<ele>2984.000000</ele>
<time>2026-07-25T23:00:12Z</time>
<speed>0.960000</speed>
<trueHeading>0.000000</trueHeading>
<magneticHeading>0.000000</magneticHeading>
<gpsHeading>79.294891</gpsHeading>
<haccuracy>9.968000</haccuracy>
<vaccuracy>9.968000</vaccuracy>
<internetconnect>2</internetconnect>
</trkpt>
<trkpt lat="36.285693" lon="137.640552">
<ele>2989.000000</ele>
<time>2026-07-25T23:02:15Z</time>
<speed>1.060000</speed>
<trueHeading>0.000000</trueHeading>
<magneticHeading>0.000000</magneticHeading>
<gpsHeading>71.540833</gpsHeading>
<haccuracy>11.272000</haccuracy>
<vaccuracy>11.272000</vaccuracy>
<internetconnect>2</internetconnect>
</trkpt>
<trkpt lat="36.285905" lon="137.640833">
<ele>3005.000000</ele>
<time>2026-07-25T23:04:03Z</time>
<speed>0.890000</speed>
<trueHeading>0.000000</trueHeading>
<magneticHeading>0.000000</magneticHeading>
<gpsHeading>46.935478</gpsHeading>
<haccuracy>10.132000</haccuracy>
<vaccuracy>10.132000</vaccuracy>
<internetconnect>2</internetconnect>
</trkpt>
<trkpt lat="36.285824" lon="137.641083">
<ele>3010.000000</ele>
<time>2026-07-25T23:06:07Z</time>
<speed>0.206711</speed>
<trueHeading>0.000000</trueHeading>
<magneticHeading>0.000000</magneticHeading>
<gpsHeading>111.986877</gpsHeading>
<haccuracy>4.382000</haccuracy>
<vaccuracy>4.382000</vaccuracy>
<internetconnect>2</internetconnect>
</trkpt>
<trkpt lat="36.285940" lon="137.641330">
<ele>3033.000000</ele>
<time>2026-07-25T23:08:12Z</time>
<speed>0.298792</speed>
<trueHeading>0.000000</trueHeading>
<magneticHeading>0.000000</magneticHeading>
<gpsHeading>59.898876</gpsHeading>
<haccuracy>4.713000</haccuracy>
<vaccuracy>4.713000</vaccuracy>
<internetconnect>2</internetconnect>
</trkpt>
<trkpt lat="36.286113" lon="137.641547">
<ele>3053.000000</ele>
<time>2026-07-25T23:10:17Z</time>
<speed>0.089925</speed>
<trueHeading>0.000000</trueHeading>
<magneticHeading>0.000000</magneticHeading>
<gpsHeading>45.229836</gpsHeading>
<haccuracy>4.454000</haccuracy>
<vaccuracy>4.454000</vaccuracy>
<internetconnect>2</internetconnect>
</trkpt>
<trkpt lat="36.286267" lon="137.641721">
<ele>3069.000000</ele>
<time>2026-07-25T23:12:21Z</time>
<speed>0.000000</speed>
<trueHeading>0.000000</trueHeading>
<magneticHeading>0.000000</magneticHeading>
<gpsHeading>42.315838</gpsHeading>
<haccuracy>9.935000</haccuracy>
<vaccuracy>9.935000</vaccuracy>
<internetconnect>2</internetconnect>
</trkpt>
<trkpt lat="36.286333" lon="137.642070">
<ele>3080.000000</ele>
<time>2026-07-25T23:13:46Z</time>
<speed>0.870000</speed>
<trueHeading>0.000000</trueHeading>
<magneticHeading>0.000000</magneticHeading>
<gpsHeading>76.758041</gpsHeading>
<haccuracy>9.935000</haccuracy>
<vaccuracy>9.935000</vaccuracy>
<internetconnect>2</internetconnect>
</trkpt>
<trkpt lat="36.286494" lon="137.642313">
<ele>3101.000000</ele>
<time>2026-07-25T23:15:48Z</time>
<speed>0.260776</speed>
<trueHeading>0.000000</trueHeading>
<magneticHeading>0.000000</magneticHeading>
<gpsHeading>50.500145</gpsHeading>
<haccuracy>4.497000</haccuracy>
<vaccuracy>4.497000</vaccuracy>
<internetconnect>2</internetconnect>
</trkpt>
<trkpt lat="36.286678" lon="137.642453">
<ele>3107.000000</ele>
<time>2026-07-25T23:17:52Z</time>
<speed>1.910000</speed>
<trueHeading>0.000000</trueHeading>
<magneticHeading>0.000000</magneticHeading>
<gpsHeading>31.704504</gpsHeading>
<haccuracy>5.416000</haccuracy>
<vaccuracy>5.416000</vaccuracy>
<internetconnect>2</internetconnect>
</trkpt>
<trkpt lat="36.286926" lon="137.642558">
<ele>3109.000000</ele>
<time>2026-07-25T23:19:59Z</time>
<speed>0.000000</speed>
<trueHeading>0.000000</trueHeading>
<magneticHeading>0.000000</magneticHeading>
<gpsHeading>18.691711</gpsHeading>
<haccuracy>3.790000</haccuracy>
<vaccuracy>3.790000</vaccuracy>
<internetconnect>2</internetconnect>
</trkpt>
<trkpt lat="36.287059" lon="137.642729">
<ele>3117.000000</ele>
<time>2026-07-25T23:22:08Z</time>
<speed>0.520000</speed>
<trueHeading>0.000000</trueHeading>
<magneticHeading>0.000000</magneticHeading>
<gpsHeading>46.133072</gpsHeading>
<haccuracy>10.079000</haccuracy>
<vaccuracy>10.079000</vaccuracy>
<internetconnect>2</internetconnect>
</trkpt>
<trkpt lat="36.287069" lon="137.642841">
<ele>3122.000000</ele>
<time>2026-07-25T23:24:12Z</time>
<speed>0.640000</speed>
<trueHeading>0.000000</trueHeading>
<magneticHeading>0.000000</magneticHeading>
<gpsHeading>83.525215</gpsHeading>
<haccuracy>9.947000</haccuracy>
<vaccuracy>9.947000</vaccuracy>
<internetconnect>2</internetconnect>
</trkpt>
<trkpt lat="36.287187" lon="137.642890">
<ele>3125.000000</ele>
<time>2026-07-25T23:26:21Z</time>
<speed>0.950000</speed>
<trueHeading>0.000000</trueHeading>
<magneticHeading>0.000000</magneticHeading>
<gpsHeading>18.752457</gpsHeading>
<haccuracy>10.096000</haccuracy>
<vaccuracy>10.096000</vaccuracy>
<internetconnect>2</internetconnect>
</trkpt>
<trkpt lat="36.287268" lon="137.643097">
<ele>3129.000000</ele>
<time>2026-07-25T23:28:24Z</time>
<speed>0.150000</speed>
<trueHeading>0.000000</trueHeading>
<magneticHeading>0.000000</magneticHeading>
<gpsHeading>64.246269</gpsHeading>
<haccuracy>3.941000</haccuracy>
<vaccuracy>3.941000</vaccuracy>
<internetconnect>2</internetconnect>
</trkpt>
<trkpt lat="36.287467" lon="137.643365">
<ele>3132.000000</ele>
<time>2026-07-25T23:30:04Z</time>
<speed>0.610000</speed>
<trueHeading>0.000000</trueHeading>
<magneticHeading>0.000000</magneticHeading>
<gpsHeading>47.348457</gpsHeading>
<haccuracy>9.935000</haccuracy>
<vaccuracy>9.935000</vaccuracy>
<internetconnect>2</internetconnect>
</trkpt>
<trkpt lat="36.287537" lon="137.643299">
<ele>3129.000000</ele>
<time>2026-07-25T23:32:07Z</time>
<speed>0.760000</speed>
<trueHeading>0.000000</trueHeading>
<magneticHeading>0.000000</magneticHeading>
<gpsHeading>322.637817</gpsHeading>
<haccuracy>9.935000</haccuracy>
<vaccuracy>9.935000</vaccuracy>
<internetconnect>2</internetconnect>
</trkpt>
<trkpt lat="36.287579" lon="137.643366">
<ele>3135.000000</ele>
<time>2026-07-25T23:34:15Z</time>
<speed>0.430000</speed>
<trueHeading>0.000000</trueHeading>
<magneticHeading>0.000000</magneticHeading>
<gpsHeading>52.243973</gpsHeading>
<haccuracy>9.935000</haccuracy>
<vaccuracy>9.935000</vaccuracy>
<internetconnect>2</internetconnect>
</trkpt>
<trkpt lat="36.287766" lon="137.643277">
<ele>3142.000000</ele>
<time>2026-07-25T23:36:16Z</time>
<speed>0.520000</speed>
<trueHeading>0.000000</trueHeading>
<magneticHeading>0.000000</magneticHeading>
<gpsHeading>339.205658</gpsHeading>
<haccuracy>9.935000</haccuracy>
<vaccuracy>9.935000</vaccuracy>
<internetconnect>2</internetconnect>
</trkpt>
<trkpt lat="36.287812" lon="137.643360">
<ele>3147.000000</ele>
<time>2026-07-25T23:38:21Z</time>
<speed>0.180000</speed>
<trueHeading>0.000000</trueHeading>
<magneticHeading>0.000000</magneticHeading>
<gpsHeading>55.398460</gpsHeading>
<haccuracy>10.128000</haccuracy>
<vaccuracy>10.128000</vaccuracy>
<internetconnect>2</internetconnect>
</trkpt>
<trkpt lat="36.287831" lon="137.643548">
<ele>3147.000000</ele>
<time>2026-07-25T23:40:37Z</time>
<speed>0.247547</speed>
<trueHeading>0.000000</trueHeading>
<magneticHeading>0.000000</magneticHeading>
<gpsHeading>82.886978</gpsHeading>
<haccuracy>3.000000</haccuracy>
<vaccuracy>3.000000</vaccuracy>
<internetconnect>2</internetconnect>
</trkpt>
<trkpt lat="36.287809" lon="137.643494">
<ele>3147.000000</ele>
<time>2026-07-25T23:42:42Z</time>
<speed>0.101262</speed>
<trueHeading>0.000000</trueHeading>
<magneticHeading>0.000000</magneticHeading>
<gpsHeading>243.818970</gpsHeading>
<haccuracy>3.000000</haccuracy>
<vaccuracy>3.000000</vaccuracy>
<internetconnect>2</internetconnect>
</trkpt>
<trkpt lat="36.287778" lon="137.643394">
<ele>3148.000000</ele>
<time>2026-07-25T23:44:53Z</time>
<speed>0.000000</speed>
<trueHeading>0.000000</trueHeading>
<magneticHeading>0.000000</magneticHeading>
<gpsHeading>248.959457</gpsHeading>
<haccuracy>10.239000</haccuracy>
<vaccuracy>10.239000</vaccuracy>
<internetconnect>2</internetconnect>
</trkpt>
<trkpt lat="36.287767" lon="137.643312">
<ele>3142.000000</ele>
<time>2026-07-25T23:48:32Z</time>
<speed>0.420000</speed>
<trueHeading>0.000000</trueHeading>
<magneticHeading>0.000000</magneticHeading>
<gpsHeading>260.382629</gpsHeading>
<haccuracy>9.935000</haccuracy>
<vaccuracy>9.935000</vaccuracy>
<internetconnect>2</internetconnect>
</trkpt>
<trkpt lat="36.287674" lon="137.643356">
<ele>3146.000000</ele>
<time>2026-07-25T23:51:51Z</time>
<speed>0.200000</speed>
<trueHeading>0.000000</trueHeading>
<magneticHeading>0.000000</magneticHeading>
<gpsHeading>158.955887</gpsHeading>
<haccuracy>9.935000</haccuracy>
<vaccuracy>9.935000</vaccuracy>
<internetconnect>2</internetconnect>
</trkpt>
<trkpt lat="36.287703" lon="137.643524">
<ele>3155.000000</ele>
<time>2026-07-25T23:54:08Z</time>
<speed>0.710000</speed>
<trueHeading>0.000000</trueHeading>
<magneticHeading>0.000000</magneticHeading>
<gpsHeading>78.047760</gpsHeading>
<haccuracy>10.753000</haccuracy>
<vaccuracy>10.753000</vaccuracy>
<internetconnect>2</internetconnect>
</trkpt>
<trkpt lat="36.287779" lon="137.643861">
<ele>3140.000000</ele>
<time>2026-07-25T23:55:04Z</time>
<speed>0.000000</speed>
<trueHeading>0.000000</trueHeading>
<magneticHeading>0.000000</magneticHeading>
<gpsHeading>74.419266</gpsHeading>
<haccuracy>10.556000</haccuracy>
<vaccuracy>10.556000</vaccuracy>
<internetconnect>2</internetconnect>
</trkpt>
<trkpt lat="36.287762" lon="137.643836">
<ele>3140.000000</ele>
<time>2026-07-25T23:57:06Z</time>
<speed>0.000000</speed>
<trueHeading>0.000000</trueHeading>
<magneticHeading>0.000000</magneticHeading>
<gpsHeading>230.127594</gpsHeading>
<haccuracy>9.937000</haccuracy>
<vaccuracy>9.937000</vaccuracy>
<internetconnect>2</internetconnect>
</trkpt>
<trkpt lat="36.287767" lon="137.643850">
<ele>3140.000000</ele>
<time>2026-07-25T23:59:20Z</time>
<speed>0.480000</speed>
<trueHeading>0.000000</trueHeading>
<magneticHeading>0.000000</magneticHeading>
<gpsHeading>68.105400</gpsHeading>
<haccuracy>10.419000</haccuracy>
<vaccuracy>10.419000</vaccuracy>
<internetconnect>2</internetconnect>
</trkpt>
<trkpt lat="36.287722" lon="137.644206">
<ele>3127.000000</ele>
<time>2026-07-26T00:00:10Z</time>
<speed>0.700000</speed>
<trueHeading>0.000000</trueHeading>
<magneticHeading>0.000000</magneticHeading>
<gpsHeading>98.890518</gpsHeading>
<haccuracy>10.927000</haccuracy>
<vaccuracy>10.927000</vaccuracy>
<internetconnect>2</internetconnect>
</trkpt>
<trkpt lat="36.287855" lon="137.644440">
<ele>3129.000000</ele>
<time>2026-07-26T00:02:16Z</time>
<speed>0.240000</speed>
<trueHeading>0.000000</trueHeading>
<magneticHeading>0.000000</magneticHeading>
<gpsHeading>54.591206</gpsHeading>
<haccuracy>10.179000</haccuracy>
<vaccuracy>10.179000</vaccuracy>
<internetconnect>2</internetconnect>
</trkpt>
<trkpt lat="36.287868" lon="137.644493">
<ele>3129.000000</ele>
<time>2026-07-26T00:04:20Z</time>
<speed>0.000000</speed>
<trueHeading>0.000000</trueHeading>
<magneticHeading>0.000000</magneticHeading>
<gpsHeading>73.590271</gpsHeading>
<haccuracy>3.790000</haccuracy>
<vaccuracy>3.790000</vaccuracy>
<internetconnect>2</internetconnect>
</trkpt>
<trkpt lat="36.287966" lon="137.644481">
<ele>3109.000000</ele>
<time>2026-07-26T00:06:22Z</time>
<speed>0.240000</speed>
<trueHeading>0.000000</trueHeading>
<magneticHeading>0.000000</magneticHeading>
<gpsHeading>354.099976</gpsHeading>
<haccuracy>10.257000</haccuracy>
<vaccuracy>10.257000</vaccuracy>
<internetconnect>2</internetconnect>
</trkpt>
<trkpt lat="36.287976" lon="137.644456">
<ele>3109.000000</ele>
<time>2026-07-26T00:08:23Z</time>
<speed>0.310000</speed>
<trueHeading>0.000000</trueHeading>
<magneticHeading>0.000000</magneticHeading>
<gpsHeading>296.950989</gpsHeading>
<haccuracy>10.154000</haccuracy>
<vaccuracy>10.154000</vaccuracy>
<internetconnect>2</internetconnect>
</trkpt>
<trkpt lat="36.288043" lon="137.644630">
<ele>3095.000000</ele>
<time>2026-07-26T00:10:24Z</time>
<speed>0.380000</speed>
<trueHeading>0.000000</trueHeading>
<magneticHeading>0.000000</magneticHeading>
<gpsHeading>64.453011</gpsHeading>
<haccuracy>13.131000</haccuracy>
<vaccuracy>13.131000</vaccuracy>
<internetconnect>2</internetconnect>
</trkpt>
<trkpt lat="36.288062" lon="137.644730">
<ele>3094.000000</ele>
<time>2026-07-26T00:12:27Z</time>
<speed>0.000000</speed>
<trueHeading>0.000000</trueHeading>
<magneticHeading>0.000000</magneticHeading>
<gpsHeading>76.443245</gpsHeading>
<haccuracy>10.301000</haccuracy>
<vaccuracy>10.301000</vaccuracy>
<internetconnect>2</internetconnect>
</trkpt>
<trkpt lat="36.288094" lon="137.644782">
<ele>3085.000000</ele>
<time>2026-07-26T00:14:32Z</time>
<speed>0.000000</speed>
<trueHeading>0.000000</trueHeading>
<magneticHeading>0.000000</magneticHeading>
<gpsHeading>52.759865</gpsHeading>
<haccuracy>11.331000</haccuracy>
<vaccuracy>11.331000</vaccuracy>
<internetconnect>2</internetconnect>
</trkpt>
<trkpt lat="36.288154" lon="137.644855">
<ele>3080.000000</ele>
<time>2026-07-26T00:19:07Z</time>
<speed>0.650000</speed>
<trueHeading>0.000000</trueHeading>
<magneticHeading>0.000000</magneticHeading>
<gpsHeading>44.226849</gpsHeading>
<haccuracy>9.992000</haccuracy>
<vaccuracy>9.992000</vaccuracy>
<internetconnect>2</internetconnect>
</trkpt>
<trkpt lat="36.288280" lon="137.644929">
<ele>3082.000000</ele>
<time>2026-07-26T00:21:20Z</time>
<speed>0.260000</speed>
<trueHeading>0.000000</trueHeading>
<magneticHeading>0.000000</magneticHeading>
<gpsHeading>25.551941</gpsHeading>
<haccuracy>10.281000</haccuracy>
<vaccuracy>10.281000</vaccuracy>
<internetconnect>2</internetconnect>
</trkpt>
<trkpt lat="36.288189" lon="137.645082">
<ele>3094.000000</ele>
<time>2026-07-26T00:23:24Z</time>
<speed>0.930000</speed>
<trueHeading>0.000000</trueHeading>
<magneticHeading>0.000000</magneticHeading>
<gpsHeading>126.356186</gpsHeading>
<haccuracy>9.984000</haccuracy>
<vaccuracy>9.984000</vaccuracy>
<internetconnect>2</internetconnect>
</trkpt>
<trkpt lat="36.288221" lon="137.645163">
<ele>3100.000000</ele>
<time>2026-07-26T00:25:29Z</time>
<speed>0.370000</speed>
<trueHeading>0.000000</trueHeading>
<magneticHeading>0.000000</magneticHeading>
<gpsHeading>63.958206</gpsHeading>
<haccuracy>10.102000</haccuracy>
<vaccuracy>10.102000</vaccuracy>
<internetconnect>2</internetconnect>
</trkpt>
<trkpt lat="36.288319" lon="137.645390">
<ele>3128.000000</ele>
<time>2026-07-26T00:27:37Z</time>
<speed>0.640000</speed>
<trueHeading>0.000000</trueHeading>
<magneticHeading>0.000000</magneticHeading>
<gpsHeading>61.777966</gpsHeading>
<haccuracy>9.935000</haccuracy>
<vaccuracy>9.935000</vaccuracy>
<internetconnect>2</internetconnect>
</trkpt>
<trkpt lat="36.288321" lon="137.645580">
<ele>3138.000000</ele>
<time>2026-07-26T00:29:43Z</time>
<speed>0.260000</speed>
<trueHeading>0.000000</trueHeading>
<magneticHeading>0.000000</magneticHeading>
<gpsHeading>89.214401</gpsHeading>
<haccuracy>9.935000</haccuracy>
<vaccuracy>9.935000</vaccuracy>
<internetconnect>2</internetconnect>
</trkpt>
<trkpt lat="36.288429" lon="137.645845">
<ele>3138.000000</ele>
<time>2026-07-26T00:31:57Z</time>
<speed>0.000000</speed>
<trueHeading>0.000000</trueHeading>
<magneticHeading>0.000000</magneticHeading>
<gpsHeading>63.241760</gpsHeading>
<haccuracy>4.576000</haccuracy>
<vaccuracy>4.576000</vaccuracy>
<internetconnect>2</internetconnect>
</trkpt>
<trkpt lat="36.288545" lon="137.646106">
<ele>3132.000000</ele>
<time>2026-07-26T00:34:03Z</time>
<speed>0.000000</speed>
<trueHeading>0.000000</trueHeading>
<magneticHeading>0.000000</magneticHeading>
<gpsHeading>61.118919</gpsHeading>
<haccuracy>3.790000</haccuracy>
<vaccuracy>3.790000</vaccuracy>
<internetconnect>2</internetconnect>
</trkpt>
<trkpt lat="36.288600" lon="137.646290">
<ele>3133.000000</ele>
<time>2026-07-26T00:36:06Z</time>
<speed>0.000000</speed>
<trueHeading>0.000000</trueHeading>
<magneticHeading>0.000000</magneticHeading>
<gpsHeading>69.697380</gpsHeading>
<haccuracy>3.790000</haccuracy>
<vaccuracy>3.790000</vaccuracy>
<internetconnect>2</internetconnect>
</trkpt>
<trkpt lat="36.288598" lon="137.646443">
<ele>3138.000000</ele>
<time>2026-07-26T00:38:13Z</time>
<speed>0.310000</speed>
<trueHeading>0.000000</trueHeading>
<magneticHeading>0.000000</magneticHeading>
<gpsHeading>90.973007</gpsHeading>
<haccuracy>9.935000</haccuracy>
<vaccuracy>9.935000</vaccuracy>
<internetconnect>2</internetconnect>
</trkpt>
<trkpt lat="36.288584" lon="137.646532">
<ele>3141.000000</ele>
<time>2026-07-26T00:40:18Z</time>
<speed>0.000000</speed>
<trueHeading>0.000000</trueHeading>
<magneticHeading>0.000000</magneticHeading>
<gpsHeading>101.018570</gpsHeading>
<haccuracy>9.935000</haccuracy>
<vaccuracy>9.935000</vaccuracy>
<internetconnect>2</internetconnect>
</trkpt>
<trkpt lat="36.288713" lon="137.646751">
<ele>3145.000000</ele>
<time>2026-07-26T00:42:21Z</time>
<speed>0.170000</speed>
<trueHeading>0.000000</trueHeading>
<magneticHeading>0.000000</magneticHeading>
<gpsHeading>53.816513</gpsHeading>
<haccuracy>10.624000</haccuracy>
<vaccuracy>10.624000</vaccuracy>
<internetconnect>2</internetconnect>
</trkpt>
<trkpt lat="36.288871" lon="137.646993">
<ele>3157.000000</ele>
<time>2026-07-26T00:44:25Z</time>
<speed>0.415404</speed>
<trueHeading>0.000000</trueHeading>
<magneticHeading>0.000000</magneticHeading>
<gpsHeading>50.816765</gpsHeading>
<haccuracy>4.647000</haccuracy>
<vaccuracy>4.647000</vaccuracy>
<internetconnect>2</internetconnect>
</trkpt>
<trkpt lat="36.289036" lon="137.647274">
<ele>3165.000000</ele>
<time>2026-07-26T00:46:28Z</time>
<speed>0.850000</speed>
<trueHeading>0.000000</trueHeading>
<magneticHeading>0.000000</magneticHeading>
<gpsHeading>53.960346</gpsHeading>
<haccuracy>10.074000</haccuracy>
<vaccuracy>10.074000</vaccuracy>
<internetconnect>2</internetconnect>
</trkpt>
<trkpt lat="36.289125" lon="137.647622">
<ele>3175.000000</ele>
<time>2026-07-26T00:48:18Z</time>
<speed>0.630000</speed>
<trueHeading>0.000000</trueHeading>
<magneticHeading>0.000000</magneticHeading>
<gpsHeading>72.405884</gpsHeading>
<haccuracy>9.935000</haccuracy>
<vaccuracy>9.935000</vaccuracy>
<internetconnect>2</internetconnect>
</trkpt>
<trkpt lat="36.289248" lon="137.647816">
<ele>3185.000000</ele>
<time>2026-07-26T00:50:21Z</time>
<speed>0.000000</speed>
<trueHeading>0.000000</trueHeading>
<magneticHeading>0.000000</magneticHeading>
<gpsHeading>51.928783</gpsHeading>
<haccuracy>5.878000</haccuracy>
<vaccuracy>5.878000</vaccuracy>
<internetconnect>2</internetconnect>
</trkpt>
<trkpt lat="36.289277" lon="137.647887">
<ele>3189.000000</ele>
<time>2026-07-26T00:52:28Z</time>
<speed>0.000000</speed>
<trueHeading>0.000000</trueHeading>
<magneticHeading>0.000000</magneticHeading>
<gpsHeading>63.366425</gpsHeading>
<haccuracy>10.343000</haccuracy>
<vaccuracy>10.343000</vaccuracy>
<internetconnect>2</internetconnect>
</trkpt>
<trkpt lat="36.289250" lon="137.647923">
<ele>3190.000000</ele>
<time>2026-07-26T00:54:30Z</time>
<speed>0.000000</speed>
<trueHeading>0.000000</trueHeading>
<magneticHeading>0.000000</magneticHeading>
<gpsHeading>133.044266</gpsHeading>
<haccuracy>7.707000</haccuracy>
<vaccuracy>7.707000</vaccuracy>
<internetconnect>2</internetconnect>
</trkpt>
<trkpt lat="36.289215" lon="137.648063">
<ele>3189.000000</ele>
<time>2026-07-26T00:56:32Z</time>
<speed>0.996866</speed>
<trueHeading>0.000000</trueHeading>
<magneticHeading>0.000000</magneticHeading>
<gpsHeading>107.080742</gpsHeading>
<haccuracy>3.571000</haccuracy>
<vaccuracy>3.571000</vaccuracy>
<internetconnect>2</internetconnect>
</trkpt>
<trkpt lat="36.289212" lon="137.648105">
<ele>3189.000000</ele>
<time>2026-07-26T00:59:05Z</time>
<speed>0.092078</speed>
<trueHeading>0.000000</trueHeading>
<magneticHeading>0.000000</magneticHeading>
<gpsHeading>95.793045</gpsHeading>
<haccuracy>6.538000</haccuracy>
<vaccuracy>6.538000</vaccuracy>
<internetconnect>2</internetconnect>
</trkpt>
<trkpt lat="36.289228" lon="137.648054">
<ele>3189.000000</ele>
<time>2026-07-26T01:02:41Z</time>
<speed>0.120267</speed>
<trueHeading>0.000000</trueHeading>
<magneticHeading>0.000000</magneticHeading>
<gpsHeading>291.876587</gpsHeading>
<haccuracy>4.500000</haccuracy>
<vaccuracy>4.500000</vaccuracy>
<internetconnect>2</internetconnect>
</trkpt>
<trkpt lat="36.289267" lon="137.648034">
<ele>3189.000000</ele>
<time>2026-07-26T01:06:49Z</time>
<speed>0.072049</speed>
<trueHeading>0.000000</trueHeading>
<magneticHeading>0.000000</magneticHeading>
<gpsHeading>337.022552</gpsHeading>
<haccuracy>4.666000</haccuracy>
<vaccuracy>4.666000</vaccuracy>
<internetconnect>2</internetconnect>
</trkpt>
<trkpt lat="36.289254" lon="137.648053">
<ele>3189.000000</ele>
<time>2026-07-26T01:08:54Z</time>
<speed>0.238383</speed>
<trueHeading>0.000000</trueHeading>
<magneticHeading>0.000000</magneticHeading>
<gpsHeading>127.761696</gpsHeading>
<haccuracy>8.140000</haccuracy>
<vaccuracy>8.140000</vaccuracy>
<internetconnect>2</internetconnect>
</trkpt>
<trkpt lat="36.289152" lon="137.648384">
<ele>3184.000000</ele>
<time>2026-07-26T01:10:00Z</time>
<speed>0.184267</speed>
<trueHeading>0.000000</trueHeading>
<magneticHeading>0.000000</magneticHeading>
<gpsHeading>111.046295</gpsHeading>
<haccuracy>5.186000</haccuracy>
<vaccuracy>5.186000</vaccuracy>
<internetconnect>2</internetconnect>
</trkpt>
<trkpt lat="36.288934" lon="137.648695">
<ele>3173.000000</ele>
<time>2026-07-26T01:10:51Z</time>
<speed>0.129403</speed>
<trueHeading>0.000000</trueHeading>
<magneticHeading>0.000000</magneticHeading>
<gpsHeading>130.915070</gpsHeading>
<haccuracy>13.424000</haccuracy>
<vaccuracy>13.424000</vaccuracy>
<internetconnect>2</internetconnect>
</trkpt>
<trkpt lat="36.288748" lon="137.648895">
<ele>3162.000000</ele>
<time>2026-07-26T01:12:55Z</time>
<speed>0.123661</speed>
<trueHeading>0.000000</trueHeading>
<magneticHeading>0.000000</magneticHeading>
<gpsHeading>139.126648</gpsHeading>
<haccuracy>3.746000</haccuracy>
<vaccuracy>3.746000</vaccuracy>
<internetconnect>2</internetconnect>
</trkpt>
<trkpt lat="36.288727" lon="137.648940">
<ele>3161.000000</ele>
<time>2026-07-26T01:15:51Z</time>
<speed>0.085540</speed>
<trueHeading>0.000000</trueHeading>
<magneticHeading>0.000000</magneticHeading>
<gpsHeading>120.435135</gpsHeading>
<haccuracy>8.372000</haccuracy>
<vaccuracy>8.372000</vaccuracy>
<internetconnect>2</internetconnect>
</trkpt>
<trkpt lat="36.288747" lon="137.648937">
<ele>3161.000000</ele>
<time>2026-07-26T01:18:23Z</time>
<speed>0.072801</speed>
<trueHeading>0.000000</trueHeading>
<magneticHeading>0.000000</magneticHeading>
<gpsHeading>352.385529</gpsHeading>
<haccuracy>4.399000</haccuracy>
<vaccuracy>4.399000</vaccuracy>
<internetconnect>2</internetconnect>
</trkpt>
<trkpt lat="36.288741" lon="137.649009">
<ele>3157.000000</ele>
<time>2026-07-26T01:20:27Z</time>
<speed>0.080118</speed>
<trueHeading>0.000000</trueHeading>
<magneticHeading>0.000000</magneticHeading>
<gpsHeading>96.364250</gpsHeading>
<haccuracy>5.583000</haccuracy>
<vaccuracy>5.583000</vaccuracy>
<internetconnect>2</internetconnect>
</trkpt>
<trkpt lat="36.288725" lon="137.648968">
<ele>3161.000000</ele>
<time>2026-07-26T01:22:34Z</time>
<speed>0.108558</speed>
<trueHeading>0.000000</trueHeading>
<magneticHeading>0.000000</magneticHeading>
<gpsHeading>244.630554</gpsHeading>
<haccuracy>4.225000</haccuracy>
<vaccuracy>4.225000</vaccuracy>
<internetconnect>2</internetconnect>
</trkpt>
<trkpt lat="36.288700" lon="137.648964">
<ele>3200.104312</ele>
<time>2026-07-26T01:22:52Z</time>
<speed>0.103798</speed>
<trueHeading>0.000000</trueHeading>
<magneticHeading>0.000000</magneticHeading>
<gpsHeading>0.000000</gpsHeading>
<haccuracy>4.009000</haccuracy>
<vaccuracy>4.009000</vaccuracy>
<internetconnect>2</internetconnect>
</trkpt>
<trkpt lat="36.288537" lon="137.649256">
<ele>3150.000000</ele>
<time>2026-07-26T01:24:30Z</time>
<speed>0.592635</speed>
<trueHeading>0.000000</trueHeading>
<magneticHeading>0.000000</magneticHeading>
<gpsHeading>129.056778</gpsHeading>
<haccuracy>3.000000</haccuracy>
<vaccuracy>3.000000</vaccuracy>
<internetconnect>2</internetconnect>
</trkpt>
<trkpt lat="36.288345" lon="137.649569">
<ele>3144.000000</ele>
<time>2026-07-26T01:25:17Z</time>
<speed>1.268895</speed>
<trueHeading>0.000000</trueHeading>
<magneticHeading>0.000000</magneticHeading>
<gpsHeading>127.120697</gpsHeading>
<haccuracy>3.057000</haccuracy>
<vaccuracy>3.057000</vaccuracy>
<internetconnect>2</internetconnect>
</trkpt>
<trkpt lat="36.288216" lon="137.649921">
<ele>3140.000000</ele>
<time>2026-07-26T01:27:13Z</time>
<speed>1.600000</speed>
<trueHeading>0.000000</trueHeading>
<magneticHeading>0.000000</magneticHeading>
<gpsHeading>114.502930</gpsHeading>
<haccuracy>3.564000</haccuracy>
<vaccuracy>3.564000</vaccuracy>
<internetconnect>2</internetconnect>
</trkpt>
<trkpt lat="36.288239" lon="137.650093">
<ele>3130.000000</ele>
<time>2026-07-26T01:29:19Z</time>
<speed>0.000000</speed>
<trueHeading>0.000000</trueHeading>
<magneticHeading>0.000000</magneticHeading>
<gpsHeading>80.631538</gpsHeading>
<haccuracy>10.401000</haccuracy>
<vaccuracy>10.401000</vaccuracy>
<internetconnect>2</internetconnect>
</trkpt>
<trkpt lat="36.288115" lon="137.650410">
<ele>3121.000000</ele>
<time>2026-07-26T01:30:20Z</time>
<speed>0.620000</speed>
<trueHeading>0.000000</trueHeading>
<magneticHeading>0.000000</magneticHeading>
<gpsHeading>115.904922</gpsHeading>
<haccuracy>3.790000</haccuracy>
<vaccuracy>3.790000</vaccuracy>
<internetconnect>2</internetconnect>
</trkpt>
<trkpt lat="36.288050" lon="137.650485">
<ele>3119.000000</ele>
<time>2026-07-26T01:32:29Z</time>
<speed>0.230000</speed>
<trueHeading>0.000000</trueHeading>
<magneticHeading>0.000000</magneticHeading>
<gpsHeading>137.075348</gpsHeading>
<haccuracy>3.790000</haccuracy>
<vaccuracy>3.790000</vaccuracy>
<internetconnect>2</internetconnect>
</trkpt>
<trkpt lat="36.288013" lon="137.650520">
<ele>3114.000000</ele>
<time>2026-07-26T01:34:36Z</time>
<speed>0.000000</speed>
<trueHeading>0.000000</trueHeading>
<magneticHeading>0.000000</magneticHeading>
<gpsHeading>142.749680</gpsHeading>
<haccuracy>3.790000</haccuracy>
<vaccuracy>3.790000</vaccuracy>
<internetconnect>2</internetconnect>
</trkpt>
<trkpt lat="36.287904" lon="137.650575">
<ele>3108.000000</ele>
<time>2026-07-26T01:36:41Z</time>
<speed>0.220000</speed>
<trueHeading>0.000000</trueHeading>
<magneticHeading>0.000000</magneticHeading>
<gpsHeading>157.867249</gpsHeading>
<haccuracy>9.935000</haccuracy>
<vaccuracy>9.935000</vaccuracy>
<internetconnect>2</internetconnect>
</trkpt>
<trkpt lat="36.287853" lon="137.650611">
<ele>3101.000000</ele>
<time>2026-07-26T01:38:43Z</time>
<speed>0.000000</speed>
<trueHeading>0.000000</trueHeading>
<magneticHeading>0.000000</magneticHeading>
<gpsHeading>150.272751</gpsHeading>
<haccuracy>3.790000</haccuracy>
<vaccuracy>3.790000</vaccuracy>
<internetconnect>2</internetconnect>
</trkpt>
<trkpt lat="36.287611" lon="137.650811">
<ele>3082.000000</ele>
<time>2026-07-26T01:40:11Z</time>
<speed>1.050000</speed>
<trueHeading>0.000000</trueHeading>
<magneticHeading>0.000000</magneticHeading>
<gpsHeading>146.240128</gpsHeading>
<haccuracy>3.790000</haccuracy>
<vaccuracy>3.790000</vaccuracy>
<internetconnect>2</internetconnect>
</trkpt>
<trkpt lat="36.287575" lon="137.650808">
<ele>3077.000000</ele>
<time>2026-07-26T01:42:12Z</time>
<speed>0.390000</speed>
<trueHeading>0.000000</trueHeading>
<magneticHeading>0.000000</magneticHeading>
<gpsHeading>184.480911</gpsHeading>
<haccuracy>3.790000</haccuracy>
<vaccuracy>3.790000</vaccuracy>
<internetconnect>2</internetconnect>
</trkpt>
<trkpt lat="36.287432" lon="137.651138">
<ele>3061.000000</ele>
<time>2026-07-26T01:43:47Z</time>
<speed>0.942005</speed>
<trueHeading>0.000000</trueHeading>
<magneticHeading>0.000000</magneticHeading>
<gpsHeading>118.252296</gpsHeading>
<haccuracy>3.395000</haccuracy>
<vaccuracy>3.395000</vaccuracy>
<internetconnect>2</internetconnect>
</trkpt>
<trkpt lat="36.287398" lon="137.651338">
<ele>3061.000000</ele>
<time>2026-07-26T01:45:52Z</time>
<speed>0.000000</speed>
<trueHeading>0.000000</trueHeading>
<magneticHeading>0.000000</magneticHeading>
<gpsHeading>101.926697</gpsHeading>
<haccuracy>3.790000</haccuracy>
<vaccuracy>3.790000</vaccuracy>
<internetconnect>2</internetconnect>
</trkpt>
<trkpt lat="36.287186" lon="137.651620">
<ele>3055.000000</ele>
<time>2026-07-26T01:47:35Z</time>
<speed>1.220000</speed>
<trueHeading>0.000000</trueHeading>
<magneticHeading>0.000000</magneticHeading>
<gpsHeading>133.075027</gpsHeading>
<haccuracy>3.790000</haccuracy>
<vaccuracy>3.790000</vaccuracy>
<internetconnect>2</internetconnect>
</trkpt>
<trkpt lat="36.287004" lon="137.651757">
<ele>3050.000000</ele>
<time>2026-07-26T01:49:38Z</time>
<speed>0.190000</speed>
<trueHeading>0.000000</trueHeading>
<magneticHeading>0.000000</magneticHeading>
<gpsHeading>148.715195</gpsHeading>
<haccuracy>11.816000</haccuracy>
<vaccuracy>11.816000</vaccuracy>
<internetconnect>2</internetconnect>
</trkpt>
<trkpt lat="36.286870" lon="137.651884">
<ele>3042.000000</ele>
<time>2026-07-26T01:51:44Z</time>
<speed>0.000000</speed>
<trueHeading>0.000000</trueHeading>
<magneticHeading>0.000000</magneticHeading>
<gpsHeading>142.683578</gpsHeading>
<haccuracy>3.790000</haccuracy>
<vaccuracy>3.790000</vaccuracy>
<internetconnect>2</internetconnect>
</trkpt>
<trkpt lat="36.286821" lon="137.652069">
<ele>3045.000000</ele>
<time>2026-07-26T01:53:45Z</time>
<speed>0.660000</speed>
<trueHeading>0.000000</trueHeading>
<magneticHeading>0.000000</magneticHeading>
<gpsHeading>108.025574</gpsHeading>
<haccuracy>9.935000</haccuracy>
<vaccuracy>9.935000</vaccuracy>
<internetconnect>2</internetconnect>
</trkpt>
<trkpt lat="36.286734" lon="137.652361">
<ele>3037.000000</ele>
<time>2026-07-26T01:55:50Z</time>
<speed>0.260000</speed>
<trueHeading>0.000000</trueHeading>
<magneticHeading>0.000000</magneticHeading>
<gpsHeading>110.358612</gpsHeading>
<haccuracy>3.790000</haccuracy>
<vaccuracy>3.790000</vaccuracy>
<internetconnect>2</internetconnect>
</trkpt>
<trkpt lat="36.286483" lon="137.652519">
<ele>3017.000000</ele>
<time>2026-07-26T01:57:16Z</time>
<speed>0.704836</speed>
<trueHeading>0.000000</trueHeading>
<magneticHeading>0.000000</magneticHeading>
<gpsHeading>153.116623</gpsHeading>
<haccuracy>3.011000</haccuracy>
<vaccuracy>3.011000</vaccuracy>
<internetconnect>2</internetconnect>
</trkpt>
<trkpt lat="36.286156" lon="137.652525">
<ele>3005.000000</ele>
<time>2026-07-26T01:58:23Z</time>
<speed>1.043561</speed>
<trueHeading>0.000000</trueHeading>
<magneticHeading>0.000000</magneticHeading>
<gpsHeading>179.139053</gpsHeading>
<haccuracy>3.000000</haccuracy>
<vaccuracy>3.000000</vaccuracy>
<internetconnect>2</internetconnect>
</trkpt>
<trkpt lat="36.285997" lon="137.652846">
<ele>3004.000000</ele>
<time>2026-07-26T02:00:16Z</time>
<speed>0.485742</speed>
<trueHeading>0.000000</trueHeading>
<magneticHeading>0.000000</magneticHeading>
<gpsHeading>121.514305</gpsHeading>
<haccuracy>4.758000</haccuracy>
<vaccuracy>4.758000</vaccuracy>
<internetconnect>2</internetconnect>
</trkpt>
<trkpt lat="36.285833" lon="137.653130">
<ele>2994.000000</ele>
<time>2026-07-26T02:01:59Z</time>
<speed>0.407250</speed>
<trueHeading>0.000000</trueHeading>
<magneticHeading>0.000000</magneticHeading>
<gpsHeading>125.665321</gpsHeading>
<haccuracy>3.969000</haccuracy>
<vaccuracy>3.969000</vaccuracy>
<internetconnect>2</internetconnect>
</trkpt>
<trkpt lat="36.285753" lon="137.653464">
<ele>2971.000000</ele>
<time>2026-07-26T02:03:23Z</time>
<speed>0.362184</speed>
<trueHeading>0.000000</trueHeading>
<magneticHeading>0.000000</magneticHeading>
<gpsHeading>106.496796</gpsHeading>
<haccuracy>4.694000</haccuracy>
<vaccuracy>4.694000</vaccuracy>
<internetconnect>2</internetconnect>
</trkpt>
<trkpt lat="36.285550" lon="137.653703">
<ele>2962.000000</ele>
<time>2026-07-26T02:04:51Z</time>
<speed>0.661595</speed>
<trueHeading>0.000000</trueHeading>
<magneticHeading>0.000000</magneticHeading>
<gpsHeading>136.517868</gpsHeading>
<haccuracy>4.972000</haccuracy>
<vaccuracy>4.972000</vaccuracy>
<internetconnect>2</internetconnect>
</trkpt>
<trkpt lat="36.285478" lon="137.654037">
<ele>2962.000000</ele>
<time>2026-07-26T02:05:50Z</time>
<speed>0.248313</speed>
<trueHeading>0.000000</trueHeading>
<magneticHeading>0.000000</magneticHeading>
<gpsHeading>105.038727</gpsHeading>
<haccuracy>3.780000</haccuracy>
<vaccuracy>3.780000</vaccuracy>
<internetconnect>2</internetconnect>
</trkpt>
<trkpt lat="36.285311" lon="137.654317">
<ele>2955.000000</ele>
<time>2026-07-26T02:07:32Z</time>
<speed>0.810000</speed>
<trueHeading>0.000000</trueHeading>
<magneticHeading>0.000000</magneticHeading>
<gpsHeading>126.524414</gpsHeading>
<haccuracy>3.790000</haccuracy>
<vaccuracy>3.790000</vaccuracy>
<internetconnect>2</internetconnect>
</trkpt>
<trkpt lat="36.285103" lon="137.654561">
<ele>2955.000000</ele>
<time>2026-07-26T02:08:39Z</time>
<speed>1.070000</speed>
<trueHeading>0.000000</trueHeading>
<magneticHeading>0.000000</magneticHeading>
<gpsHeading>136.599716</gpsHeading>
<haccuracy>9.935000</haccuracy>
<vaccuracy>9.935000</vaccuracy>
<internetconnect>2</internetconnect>
</trkpt>
<trkpt lat="36.284940" lon="137.654865">
<ele>2948.000000</ele>
<time>2026-07-26T02:10:12Z</time>
<speed>1.030000</speed>
<trueHeading>0.000000</trueHeading>
<magneticHeading>0.000000</magneticHeading>
<gpsHeading>123.599480</gpsHeading>
<haccuracy>3.790000</haccuracy>
<vaccuracy>3.790000</vaccuracy>
<internetconnect>2</internetconnect>
</trkpt>
<trkpt lat="36.284821" lon="137.655180">
<ele>2947.000000</ele>
<time>2026-07-26T02:11:37Z</time>
<speed>1.131605</speed>
<trueHeading>0.000000</trueHeading>
<magneticHeading>0.000000</magneticHeading>
<gpsHeading>115.179993</gpsHeading>
<haccuracy>5.674000</haccuracy>
<vaccuracy>5.674000</vaccuracy>
<internetconnect>2</internetconnect>
</trkpt>
<trkpt lat="36.284518" lon="137.655201">
<ele>2929.000000</ele>
<time>2026-07-26T02:12:31Z</time>
<speed>0.658653</speed>
<trueHeading>0.000000</trueHeading>
<magneticHeading>0.000000</magneticHeading>
<gpsHeading>176.812302</gpsHeading>
<haccuracy>4.998000</haccuracy>
<vaccuracy>4.998000</vaccuracy>
<internetconnect>2</internetconnect>
</trkpt>
<trkpt lat="36.284570" lon="137.655569">
<ele>2938.000000</ele>
<time>2026-07-26T02:14:16Z</time>
<speed>1.237107</speed>
<trueHeading>0.000000</trueHeading>
<magneticHeading>0.000000</magneticHeading>
<gpsHeading>80.097397</gpsHeading>
<haccuracy>3.000000</haccuracy>
<vaccuracy>3.000000</vaccuracy>
<internetconnect>2</internetconnect>
</trkpt>
<trkpt lat="36.284339" lon="137.655827">
<ele>2923.000000</ele>
<time>2026-07-26T02:15:42Z</time>
<speed>0.840000</speed>
<trueHeading>0.000000</trueHeading>
<magneticHeading>0.000000</magneticHeading>
<gpsHeading>137.951828</gpsHeading>
<haccuracy>9.935000</haccuracy>
<vaccuracy>9.935000</vaccuracy>
<internetconnect>2</internetconnect>
</trkpt>
<trkpt lat="36.284142" lon="137.656106">
<ele>2928.000000</ele>
<time>2026-07-26T02:17:44Z</time>
<speed>0.186714</speed>
<trueHeading>0.000000</trueHeading>
<magneticHeading>0.000000</magneticHeading>
<gpsHeading>131.306625</gpsHeading>
<haccuracy>3.726000</haccuracy>
<vaccuracy>3.726000</vaccuracy>
<internetconnect>2</internetconnect>
</trkpt>
<trkpt lat="36.283896" lon="137.656335">
<ele>2911.000000</ele>
<time>2026-07-26T02:18:36Z</time>
<speed>0.723157</speed>
<trueHeading>0.000000</trueHeading>
<magneticHeading>0.000000</magneticHeading>
<gpsHeading>143.105530</gpsHeading>
<haccuracy>3.157000</haccuracy>
<vaccuracy>3.157000</vaccuracy>
<internetconnect>2</internetconnect>
</trkpt>
<trkpt lat="36.283603" lon="137.656292">
<ele>2905.000000</ele>
<time>2026-07-26T02:19:38Z</time>
<speed>0.861062</speed>
<trueHeading>0.000000</trueHeading>
<magneticHeading>0.000000</magneticHeading>
<gpsHeading>186.709213</gpsHeading>
<haccuracy>4.817000</haccuracy>
<vaccuracy>4.817000</vaccuracy>
<internetconnect>2</internetconnect>
</trkpt>
<trkpt lat="36.283466" lon="137.656635">
<ele>2933.000000</ele>
<time>2026-07-26T02:20:51Z</time>
<speed>0.690219</speed>
<trueHeading>0.000000</trueHeading>
<magneticHeading>0.000000</magneticHeading>
<gpsHeading>116.411369</gpsHeading>
<haccuracy>5.101000</haccuracy>
<vaccuracy>5.101000</vaccuracy>
<internetconnect>2</internetconnect>
</trkpt>
<trkpt lat="36.283404" lon="137.656976">
<ele>2937.000000</ele>
<time>2026-07-26T02:21:45Z</time>
<speed>0.692807</speed>
<trueHeading>0.000000</trueHeading>
<magneticHeading>0.000000</magneticHeading>
<gpsHeading>102.674461</gpsHeading>
<haccuracy>5.319000</haccuracy>
<vaccuracy>5.319000</vaccuracy>
<internetconnect>2</internetconnect>
</trkpt>
<trkpt lat="36.283119" lon="137.657058">
<ele>2920.000000</ele>
<time>2026-07-26T02:22:57Z</time>
<speed>0.342288</speed>
<trueHeading>0.000000</trueHeading>
<magneticHeading>0.000000</magneticHeading>
<gpsHeading>166.907318</gpsHeading>
<haccuracy>4.675000</haccuracy>
<vaccuracy>4.675000</vaccuracy>
<internetconnect>2</internetconnect>
</trkpt>
<trkpt lat="36.282942" lon="137.657329">
<ele>2920.000000</ele>
<time>2026-07-26T02:24:04Z</time>
<speed>0.665482</speed>
<trueHeading>0.000000</trueHeading>
<magneticHeading>0.000000</magneticHeading>
<gpsHeading>128.915070</gpsHeading>
<haccuracy>4.913000</haccuracy>
<vaccuracy>4.913000</vaccuracy>
<internetconnect>2</internetconnect>
</trkpt>
<trkpt lat="36.282668" lon="137.657572">
<ele>2915.000000</ele>
<time>2026-07-26T02:25:05Z</time>
<speed>0.960743</speed>
<trueHeading>0.000000</trueHeading>
<magneticHeading>0.000000</magneticHeading>
<gpsHeading>144.490829</gpsHeading>
<haccuracy>5.679000</haccuracy>
<vaccuracy>5.679000</vaccuracy>
<internetconnect>2</internetconnect>
</trkpt>
<trkpt lat="36.282470" lon="137.657828">
<ele>2913.000000</ele>
<time>2026-07-26T02:26:43Z</time>
<speed>0.160564</speed>
<trueHeading>0.000000</trueHeading>
<magneticHeading>0.000000</magneticHeading>
<gpsHeading>133.837448</gpsHeading>
<haccuracy>4.120000</haccuracy>
<vaccuracy>4.120000</vaccuracy>
<internetconnect>2</internetconnect>
</trkpt>
<trkpt lat="36.282203" lon="137.658080">
<ele>2912.000000</ele>
<time>2026-07-26T02:27:31Z</time>
<speed>0.990179</speed>
<trueHeading>0.000000</trueHeading>
<magneticHeading>0.000000</magneticHeading>
<gpsHeading>142.693268</gpsHeading>
<haccuracy>4.727000</haccuracy>
<vaccuracy>4.727000</vaccuracy>
<internetconnect>2</internetconnect>
</trkpt>
<trkpt lat="36.281954" lon="137.657886">
<ele>2895.000000</ele>
<time>2026-07-26T02:29:33Z</time>
<speed>0.510000</speed>
<trueHeading>0.000000</trueHeading>
<magneticHeading>0.000000</magneticHeading>
<gpsHeading>211.989258</gpsHeading>
<haccuracy>10.034000</haccuracy>
<vaccuracy>10.034000</vaccuracy>
<internetconnect>2</internetconnect>
</trkpt>
<trkpt lat="36.281777" lon="137.657871">
<ele>2898.000000</ele>
<time>2026-07-26T02:31:39Z</time>
<speed>0.310000</speed>
<trueHeading>0.000000</trueHeading>
<magneticHeading>0.000000</magneticHeading>
<gpsHeading>183.905884</gpsHeading>
<haccuracy>10.631000</haccuracy>
<vaccuracy>10.631000</vaccuracy>
<internetconnect>2</internetconnect>
</trkpt>
<trkpt lat="36.281788" lon="137.657867">
<ele>2897.000000</ele>
<time>2026-07-26T02:33:44Z</time>
<speed>0.000000</speed>
<trueHeading>0.000000</trueHeading>
<magneticHeading>0.000000</magneticHeading>
<gpsHeading>342.774231</gpsHeading>
<haccuracy>10.823000</haccuracy>
<vaccuracy>10.823000</vaccuracy>
<internetconnect>2</internetconnect>
</trkpt>
<trkpt lat="36.281798" lon="137.658031">
<ele>2906.000000</ele>
<time>2026-07-26T02:35:48Z</time>
<speed>0.510000</speed>
<trueHeading>0.000000</trueHeading>
<magneticHeading>0.000000</magneticHeading>
<gpsHeading>85.712204</gpsHeading>
<haccuracy>9.935000</haccuracy>
<vaccuracy>9.935000</vaccuracy>
<internetconnect>2</internetconnect>
</trkpt>
<trkpt lat="36.281509" lon="137.657973">
<ele>2897.000000</ele>
<time>2026-07-26T02:36:59Z</time>
<speed>0.847667</speed>
<trueHeading>0.000000</trueHeading>
<magneticHeading>0.000000</magneticHeading>
<gpsHeading>189.058975</gpsHeading>
<haccuracy>4.991000</haccuracy>
<vaccuracy>4.991000</vaccuracy>
<internetconnect>2</internetconnect>
</trkpt>
<trkpt lat="36.281223" lon="137.657984">
<ele>2900.000000</ele>
<time>2026-07-26T02:38:03Z</time>
<speed>0.751842</speed>
<trueHeading>0.000000</trueHeading>
<magneticHeading>0.000000</magneticHeading>
<gpsHeading>178.288666</gpsHeading>
<haccuracy>4.933000</haccuracy>
<vaccuracy>4.933000</vaccuracy>
<internetconnect>2</internetconnect>
</trkpt>
<trkpt lat="36.281016" lon="137.658233">
<ele>2915.000000</ele>
<time>2026-07-26T02:39:57Z</time>
<speed>0.000000</speed>
<trueHeading>0.000000</trueHeading>
<magneticHeading>0.000000</magneticHeading>
<gpsHeading>135.886429</gpsHeading>
<haccuracy>4.817000</haccuracy>
<vaccuracy>4.817000</vaccuracy>
<internetconnect>2</internetconnect>
</trkpt>
<trkpt lat="36.280926" lon="137.658040">
<ele>2902.000000</ele>
<time>2026-07-26T02:41:59Z</time>
<speed>0.270000</speed>
<trueHeading>0.000000</trueHeading>
<magneticHeading>0.000000</magneticHeading>
<gpsHeading>240.102768</gpsHeading>
<haccuracy>10.035000</haccuracy>
<vaccuracy>10.035000</vaccuracy>
<internetconnect>2</internetconnect>
</trkpt>
<trkpt lat="36.280869" lon="137.658012">
<ele>2901.000000</ele>
<time>2026-07-26T02:44:03Z</time>
<speed>0.290000</speed>
<trueHeading>0.000000</trueHeading>
<magneticHeading>0.000000</magneticHeading>
<gpsHeading>201.220734</gpsHeading>
<haccuracy>9.987000</haccuracy>
<vaccuracy>9.987000</vaccuracy>
<internetconnect>2</internetconnect>
</trkpt>
<trkpt lat="36.280728" lon="137.657910">
<ele>2888.000000</ele>
<time>2026-07-26T02:46:06Z</time>
<speed>0.000000</speed>
<trueHeading>0.000000</trueHeading>
<magneticHeading>0.000000</magneticHeading>
<gpsHeading>210.390823</gpsHeading>
<haccuracy>9.935000</haccuracy>
<vaccuracy>9.935000</vaccuracy>
<internetconnect>2</internetconnect>
</trkpt>
<trkpt lat="36.280729" lon="137.657777">
<ele>2877.000000</ele>
<time>2026-07-26T02:48:14Z</time>
<speed>0.370000</speed>
<trueHeading>0.000000</trueHeading>
<magneticHeading>0.000000</magneticHeading>
<gpsHeading>270.590027</gpsHeading>
<haccuracy>10.769000</haccuracy>
<vaccuracy>10.769000</vaccuracy>
<internetconnect>2</internetconnect>
</trkpt>
<trkpt lat="36.280721" lon="137.657556">
<ele>2862.000000</ele>
<time>2026-07-26T02:50:24Z</time>
<speed>0.000000</speed>
<trueHeading>0.000000</trueHeading>
<magneticHeading>0.000000</magneticHeading>
<gpsHeading>267.371796</gpsHeading>
<haccuracy>3.790000</haccuracy>
<vaccuracy>3.790000</vaccuracy>
<internetconnect>2</internetconnect>
</trkpt>
<trkpt lat="36.280627" lon="137.657406">
<ele>2856.000000</ele>
<time>2026-07-26T02:52:28Z</time>
<speed>0.000000</speed>
<trueHeading>0.000000</trueHeading>
<magneticHeading>0.000000</magneticHeading>
<gpsHeading>232.279907</gpsHeading>
<haccuracy>10.423000</haccuracy>
<vaccuracy>10.423000</vaccuracy>
<internetconnect>2</internetconnect>
</trkpt>
<trkpt lat="36.280518" lon="137.657137">
<ele>2843.000000</ele>
<time>2026-07-26T02:54:32Z</time>
<speed>0.366327</speed>
<trueHeading>0.000000</trueHeading>
<magneticHeading>0.000000</magneticHeading>
<gpsHeading>243.258057</gpsHeading>
<haccuracy>4.871000</haccuracy>
<vaccuracy>4.871000</vaccuracy>
<internetconnect>2</internetconnect>
</trkpt>
<trkpt lat="36.280570" lon="137.656795">
<ele>2826.000000</ele>
<time>2026-07-26T02:56:11Z</time>
<speed>0.125690</speed>
<trueHeading>0.000000</trueHeading>
<magneticHeading>0.000000</magneticHeading>
<gpsHeading>280.628967</gpsHeading>
<haccuracy>3.804000</haccuracy>
<vaccuracy>3.804000</vaccuracy>
<internetconnect>2</internetconnect>
</trkpt>
<trkpt lat="36.280391" lon="137.656700">
<ele>2813.000000</ele>
<time>2026-07-26T02:58:16Z</time>
<speed>0.334011</speed>
<trueHeading>0.000000</trueHeading>
<magneticHeading>0.000000</magneticHeading>
<gpsHeading>203.085892</gpsHeading>
<haccuracy>5.044000</haccuracy>
<vaccuracy>5.044000</vaccuracy>
<internetconnect>2</internetconnect>
</trkpt>
<trkpt lat="36.280138" lon="137.656670">
<ele>2799.000000</ele>
<time>2026-07-26T03:00:19Z</time>
<speed>0.423155</speed>
<trueHeading>0.000000</trueHeading>
<magneticHeading>0.000000</magneticHeading>
<gpsHeading>185.464539</gpsHeading>
<haccuracy>5.221000</haccuracy>
<vaccuracy>5.221000</vaccuracy>
<internetconnect>2</internetconnect>
</trkpt>
<trkpt lat="36.279855" lon="137.656806">
<ele>2786.000000</ele>
<time>2026-07-26T03:01:12Z</time>
<speed>1.168956</speed>
<trueHeading>0.000000</trueHeading>
<magneticHeading>0.000000</magneticHeading>
<gpsHeading>158.836670</gpsHeading>
<haccuracy>3.189000</haccuracy>
<vaccuracy>3.189000</vaccuracy>
<internetconnect>2</internetconnect>
</trkpt>
<trkpt lat="36.279590" lon="137.656642">
<ele>2764.000000</ele>
<time>2026-07-26T03:02:16Z</time>
<speed>0.864885</speed>
<trueHeading>0.000000</trueHeading>
<magneticHeading>0.000000</magneticHeading>
<gpsHeading>206.613388</gpsHeading>
<haccuracy>4.809000</haccuracy>
<vaccuracy>4.809000</vaccuracy>
<internetconnect>2</internetconnect>
</trkpt>
<trkpt lat="36.279723" lon="137.656336">
<ele>2754.000000</ele>
<time>2026-07-26T03:03:55Z</time>
<speed>0.632220</speed>
<trueHeading>0.000000</trueHeading>
<magneticHeading>0.000000</magneticHeading>
<gpsHeading>298.309204</gpsHeading>
<haccuracy>4.910000</haccuracy>
<vaccuracy>4.910000</vaccuracy>
<internetconnect>2</internetconnect>
</trkpt>
<trkpt lat="36.279713" lon="137.656215">
<ele>2753.000000</ele>
<time>2026-07-26T03:06:00Z</time>
<speed>0.330000</speed>
<trueHeading>0.000000</trueHeading>
<magneticHeading>0.000000</magneticHeading>
<gpsHeading>264.199890</gpsHeading>
<haccuracy>9.935000</haccuracy>
<vaccuracy>9.935000</vaccuracy>
<internetconnect>2</internetconnect>
</trkpt>
<trkpt lat="36.279582" lon="137.655883">
<ele>2730.000000</ele>
<time>2026-07-26T03:07:11Z</time>
<speed>0.810000</speed>
<trueHeading>0.000000</trueHeading>
<magneticHeading>0.000000</magneticHeading>
<gpsHeading>243.984650</gpsHeading>
<haccuracy>9.935000</haccuracy>
<vaccuracy>9.935000</vaccuracy>
<internetconnect>2</internetconnect>
</trkpt>
<trkpt lat="36.279402" lon="137.655644">
<ele>2712.000000</ele>
<time>2026-07-26T03:09:16Z</time>
<speed>1.030000</speed>
<trueHeading>0.000000</trueHeading>
<magneticHeading>0.000000</magneticHeading>
<gpsHeading>226.895035</gpsHeading>
<haccuracy>3.790000</haccuracy>
<vaccuracy>3.790000</vaccuracy>
<internetconnect>2</internetconnect>
</trkpt>
<trkpt lat="36.279351" lon="137.655251">
<ele>2696.000000</ele>
<time>2026-07-26T03:11:18Z</time>
<speed>2.680000</speed>
<trueHeading>0.000000</trueHeading>
<magneticHeading>0.000000</magneticHeading>
<gpsHeading>260.936462</gpsHeading>
<haccuracy>9.935000</haccuracy>
<vaccuracy>9.935000</vaccuracy>
<internetconnect>2</internetconnect>
</trkpt>
<trkpt lat="36.279221" lon="137.654938">
<ele>2682.000000</ele>
<time>2026-07-26T03:12:59Z</time>
<speed>0.101459</speed>
<trueHeading>0.000000</trueHeading>
<magneticHeading>0.000000</magneticHeading>
<gpsHeading>242.620911</gpsHeading>
<haccuracy>4.149000</haccuracy>
<vaccuracy>4.149000</vaccuracy>
<internetconnect>2</internetconnect>
</trkpt>
<trkpt lat="36.279048" lon="137.654653">
<ele>2669.000000</ele>
<time>2026-07-26T03:14:25Z</time>
<speed>0.250285</speed>
<trueHeading>0.000000</trueHeading>
<magneticHeading>0.000000</magneticHeading>
<gpsHeading>233.145187</gpsHeading>
<haccuracy>3.736000</haccuracy>
<vaccuracy>3.736000</vaccuracy>
<internetconnect>2</internetconnect>
</trkpt>
<trkpt lat="36.278868" lon="137.654640">
<ele>2650.000000</ele>
<time>2026-07-26T03:16:30Z</time>
<speed>0.141007</speed>
<trueHeading>0.000000</trueHeading>
<magneticHeading>0.000000</magneticHeading>
<gpsHeading>183.227997</gpsHeading>
<haccuracy>4.141000</haccuracy>
<vaccuracy>4.141000</vaccuracy>
<internetconnect>2</internetconnect>
</trkpt>
<trkpt lat="36.278831" lon="137.654659">
<ele>2656.000000</ele>
<time>2026-07-26T03:18:43Z</time>
<speed>0.290000</speed>
<trueHeading>0.000000</trueHeading>
<magneticHeading>0.000000</magneticHeading>
<gpsHeading>157.142487</gpsHeading>
<haccuracy>5.246000</haccuracy>
<vaccuracy>5.246000</vaccuracy>
<internetconnect>2</internetconnect>
</trkpt>
<trkpt lat="36.278756" lon="137.654671">
<ele>2651.000000</ele>
<time>2026-07-26T03:20:48Z</time>
<speed>0.000000</speed>
<trueHeading>0.000000</trueHeading>
<magneticHeading>0.000000</magneticHeading>
<gpsHeading>172.758713</gpsHeading>
<haccuracy>10.586000</haccuracy>
<vaccuracy>10.586000</vaccuracy>
<internetconnect>2</internetconnect>
</trkpt>
<trkpt lat="36.278642" lon="137.654551">
<ele>2627.000000</ele>
<time>2026-07-26T03:22:52Z</time>
<speed>0.690000</speed>
<trueHeading>0.000000</trueHeading>
<magneticHeading>0.000000</magneticHeading>
<gpsHeading>220.318420</gpsHeading>
<haccuracy>10.025000</haccuracy>
<vaccuracy>10.025000</vaccuracy>
<internetconnect>2</internetconnect>
</trkpt>
<trkpt lat="36.278497" lon="137.654589">
<ele>2617.000000</ele>
<time>2026-07-26T03:25:01Z</time>
<speed>0.230000</speed>
<trueHeading>0.000000</trueHeading>
<magneticHeading>0.000000</magneticHeading>
<gpsHeading>168.106445</gpsHeading>
<haccuracy>9.991000</haccuracy>
<vaccuracy>9.991000</vaccuracy>
<internetconnect>2</internetconnect>
</trkpt>
<trkpt lat="36.278480" lon="137.654429">
<ele>2606.000000</ele>
<time>2026-07-26T03:27:05Z</time>
<speed>0.240000</speed>
<trueHeading>0.000000</trueHeading>
<magneticHeading>0.000000</magneticHeading>
<gpsHeading>262.404419</gpsHeading>
<haccuracy>9.935000</haccuracy>
<vaccuracy>9.935000</vaccuracy>
<internetconnect>2</internetconnect>
</trkpt>
<trkpt lat="36.278404" lon="137.654360">
<ele>2593.000000</ele>
<time>2026-07-26T03:29:09Z</time>
<speed>0.350000</speed>
<trueHeading>0.000000</trueHeading>
<magneticHeading>0.000000</magneticHeading>
<gpsHeading>216.218506</gpsHeading>
<haccuracy>10.679000</haccuracy>
<vaccuracy>10.679000</vaccuracy>
<internetconnect>2</internetconnect>
</trkpt>
<trkpt lat="36.278481" lon="137.654271">
<ele>2592.000000</ele>
<time>2026-07-26T03:31:12Z</time>
<speed>0.530000</speed>
<trueHeading>0.000000</trueHeading>
<magneticHeading>0.000000</magneticHeading>
<gpsHeading>317.349731</gpsHeading>
<haccuracy>5.155000</haccuracy>
<vaccuracy>5.155000</vaccuracy>
<internetconnect>2</internetconnect>
</trkpt>
<trkpt lat="36.278421" lon="137.654192">
<ele>2578.000000</ele>
<time>2026-07-26T03:33:29Z</time>
<speed>0.000000</speed>
<trueHeading>0.000000</trueHeading>
<magneticHeading>0.000000</magneticHeading>
<gpsHeading>226.313446</gpsHeading>
<haccuracy>10.140000</haccuracy>
<vaccuracy>10.140000</vaccuracy>
<internetconnect>2</internetconnect>
</trkpt>
<trkpt lat="36.278323" lon="137.654030">
<ele>2551.000000</ele>
<time>2026-07-26T03:35:33Z</time>
<speed>1.020000</speed>
<trueHeading>0.000000</trueHeading>
<magneticHeading>0.000000</magneticHeading>
<gpsHeading>233.047318</gpsHeading>
<haccuracy>10.245000</haccuracy>
<vaccuracy>10.245000</vaccuracy>
<internetconnect>2</internetconnect>
</trkpt>
<trkpt lat="36.278269" lon="137.654034">
<ele>2551.000000</ele>
<time>2026-07-26T03:37:36Z</time>
<speed>0.000000</speed>
<trueHeading>0.000000</trueHeading>
<magneticHeading>0.000000</magneticHeading>
<gpsHeading>176.471344</gpsHeading>
<haccuracy>9.894000</haccuracy>
<vaccuracy>9.894000</vaccuracy>
<internetconnect>2</internetconnect>
</trkpt>
<trkpt lat="36.278247" lon="137.653772">
<ele>2523.000000</ele>
<time>2026-07-26T03:39:44Z</time>
<speed>0.000000</speed>
<trueHeading>0.000000</trueHeading>
<magneticHeading>0.000000</magneticHeading>
<gpsHeading>263.904053</gpsHeading>
<haccuracy>21.257000</haccuracy>
<vaccuracy>21.257000</vaccuracy>
<internetconnect>2</internetconnect>
</trkpt>
<trkpt lat="36.278377" lon="137.653421">
<ele>2515.000000</ele>
<time>2026-07-26T03:41:00Z</time>
<speed>0.452746</speed>
<trueHeading>0.000000</trueHeading>
<magneticHeading>0.000000</magneticHeading>
<gpsHeading>294.742310</gpsHeading>
<haccuracy>3.682000</haccuracy>
<vaccuracy>3.682000</vaccuracy>
<internetconnect>2</internetconnect>
</trkpt>
<trkpt lat="36.278413" lon="137.653074">
<ele>2499.000000</ele>
<time>2026-07-26T03:41:58Z</time>
<speed>0.604732</speed>
<trueHeading>0.000000</trueHeading>
<magneticHeading>0.000000</magneticHeading>
<gpsHeading>277.252686</gpsHeading>
<haccuracy>3.063000</haccuracy>
<vaccuracy>3.063000</vaccuracy>
<internetconnect>2</internetconnect>
</trkpt>
<trkpt lat="36.278302" lon="137.652742">
<ele>2490.000000</ele>
<time>2026-07-26T03:43:47Z</time>
<speed>0.710000</speed>
<trueHeading>0.000000</trueHeading>
<magneticHeading>0.000000</magneticHeading>
<gpsHeading>247.523346</gpsHeading>
<haccuracy>3.794000</haccuracy>
<vaccuracy>3.794000</vaccuracy>
<internetconnect>2</internetconnect>
</trkpt>
<trkpt lat="36.278271" lon="137.652559">
<ele>2484.000000</ele>
<time>2026-07-26T03:45:50Z</time>
<speed>0.330000</speed>
<trueHeading>0.000000</trueHeading>
<magneticHeading>0.000000</magneticHeading>
<gpsHeading>258.288147</gpsHeading>
<haccuracy>4.123000</haccuracy>
<vaccuracy>4.123000</vaccuracy>
<internetconnect>2</internetconnect>
</trkpt>
<trkpt lat="36.278167" lon="137.652445">
<ele>2470.000000</ele>
<time>2026-07-26T03:48:00Z</time>
<speed>0.134052</speed>
<trueHeading>0.000000</trueHeading>
<magneticHeading>0.000000</magneticHeading>
<gpsHeading>221.279800</gpsHeading>
<haccuracy>7.842000</haccuracy>
<vaccuracy>7.842000</vaccuracy>
<internetconnect>2</internetconnect>
</trkpt>
<trkpt lat="36.278087" lon="137.652326">
<ele>2457.000000</ele>
<time>2026-07-26T03:50:07Z</time>
<speed>0.239360</speed>
<trueHeading>0.000000</trueHeading>
<magneticHeading>0.000000</magneticHeading>
<gpsHeading>230.173965</gpsHeading>
<haccuracy>18.106001</haccuracy>
<vaccuracy>18.106001</vaccuracy>
<internetconnect>2</internetconnect>
</trkpt>
<trkpt lat="36.277924" lon="137.652286">
<ele>2442.000000</ele>
<time>2026-07-26T03:52:08Z</time>
<speed>0.286286</speed>
<trueHeading>0.000000</trueHeading>
<magneticHeading>0.000000</magneticHeading>
<gpsHeading>191.278839</gpsHeading>
<haccuracy>9.647000</haccuracy>
<vaccuracy>9.647000</vaccuracy>
<internetconnect>2</internetconnect>
</trkpt>
<trkpt lat="36.277643" lon="137.652276">
<ele>2413.000000</ele>
<time>2026-07-26T03:53:11Z</time>
<speed>0.000000</speed>
<trueHeading>0.000000</trueHeading>
<magneticHeading>0.000000</magneticHeading>
<gpsHeading>181.690765</gpsHeading>
<haccuracy>8.007000</haccuracy>
<vaccuracy>8.007000</vaccuracy>
<internetconnect>2</internetconnect>
</trkpt>
<trkpt lat="36.277703" lon="137.652150">
<ele>2400.000000</ele>
<time>2026-07-26T03:55:21Z</time>
<speed>0.780000</speed>
<trueHeading>0.000000</trueHeading>
<magneticHeading>0.000000</magneticHeading>
<gpsHeading>300.858734</gpsHeading>
<haccuracy>6.087000</haccuracy>
<vaccuracy>6.087000</vaccuracy>
<internetconnect>2</internetconnect>
</trkpt>
<trkpt lat="36.277605" lon="137.651881">
<ele>2376.000000</ele>
<time>2026-07-26T03:57:28Z</time>
<speed>0.480000</speed>
<trueHeading>0.000000</trueHeading>
<magneticHeading>0.000000</magneticHeading>
<gpsHeading>245.735123</gpsHeading>
<haccuracy>11.720000</haccuracy>
<vaccuracy>11.720000</vaccuracy>
<internetconnect>2</internetconnect>
</trkpt>
<trkpt lat="36.277689" lon="137.651695">
<ele>2374.000000</ele>
<time>2026-07-26T03:59:30Z</time>
<speed>0.610000</speed>
<trueHeading>0.000000</trueHeading>
<magneticHeading>0.000000</magneticHeading>
<gpsHeading>298.995270</gpsHeading>
<haccuracy>14.505000</haccuracy>
<vaccuracy>14.505000</vaccuracy>
<internetconnect>2</internetconnect>
</trkpt>
<trkpt lat="36.277604" lon="137.651636">
<ele>2363.000000</ele>
<time>2026-07-26T04:01:44Z</time>
<speed>0.293620</speed>
<trueHeading>0.000000</trueHeading>
<magneticHeading>0.000000</magneticHeading>
<gpsHeading>209.378250</gpsHeading>
<haccuracy>15.634000</haccuracy>
<vaccuracy>15.634000</vaccuracy>
<internetconnect>2</internetconnect>
</trkpt>
<trkpt lat="36.277521" lon="137.651594">
<ele>2357.000000</ele>
<time>2026-07-26T04:03:50Z</time>
<speed>0.481530</speed>
<trueHeading>0.000000</trueHeading>
<magneticHeading>0.000000</magneticHeading>
<gpsHeading>202.072815</gpsHeading>
<haccuracy>10.514000</haccuracy>
<vaccuracy>10.514000</vaccuracy>
<internetconnect>2</internetconnect>
</trkpt>
<trkpt lat="36.277451" lon="137.651258">
<ele>2333.000000</ele>
<time>2026-07-26T04:05:00Z</time>
<speed>1.110000</speed>
<trueHeading>0.000000</trueHeading>
<magneticHeading>0.000000</magneticHeading>
<gpsHeading>255.541687</gpsHeading>
<haccuracy>15.678000</haccuracy>
<vaccuracy>15.678000</vaccuracy>
<internetconnect>2</internetconnect>
</trkpt>
<trkpt lat="36.277582" lon="137.650922">
<ele>2315.000000</ele>
<time>2026-07-26T04:06:06Z</time>
<speed>0.550000</speed>
<trueHeading>0.000000</trueHeading>
<magneticHeading>0.000000</magneticHeading>
<gpsHeading>295.713379</gpsHeading>
<haccuracy>11.737000</haccuracy>
<vaccuracy>11.737000</vaccuracy>
<internetconnect>2</internetconnect>
</trkpt>
<trkpt lat="36.277709" lon="137.650816">
<ele>2318.000000</ele>
<time>2026-07-26T04:08:09Z</time>
<speed>0.739380</speed>
<trueHeading>0.000000</trueHeading>
<magneticHeading>0.000000</magneticHeading>
<gpsHeading>326.040039</gpsHeading>
<haccuracy>20.167999</haccuracy>
<vaccuracy>20.167999</vaccuracy>
<internetconnect>2</internetconnect>
</trkpt>
<trkpt lat="36.277529" lon="137.650607">
<ele>2292.000000</ele>
<time>2026-07-26T04:10:12Z</time>
<speed>0.000000</speed>
<trueHeading>0.000000</trueHeading>
<magneticHeading>0.000000</magneticHeading>
<gpsHeading>223.032898</gpsHeading>
<haccuracy>12.734000</haccuracy>
<vaccuracy>12.734000</vaccuracy>
<internetconnect>2</internetconnect>
</trkpt>
<trkpt lat="36.277432" lon="137.650273">
<ele>2276.000000</ele>
<time>2026-07-26T04:11:13Z</time>
<speed>0.944608</speed>
<trueHeading>0.000000</trueHeading>
<magneticHeading>0.000000</magneticHeading>
<gpsHeading>250.234589</gpsHeading>
<haccuracy>5.567000</haccuracy>
<vaccuracy>5.567000</vaccuracy>
<internetconnect>2</internetconnect>
</trkpt>
<trkpt lat="36.277148" lon="137.650163">
<ele>2258.000000</ele>
<time>2026-07-26T04:12:03Z</time>
<speed>1.122956</speed>
<trueHeading>0.000000</trueHeading>
<magneticHeading>0.000000</magneticHeading>
<gpsHeading>197.331696</gpsHeading>
<haccuracy>6.500000</haccuracy>
<vaccuracy>6.500000</vaccuracy>
<internetconnect>2</internetconnect>
</trkpt>
<trkpt lat="36.277439" lon="137.650093">
<ele>2263.000000</ele>
<time>2026-07-26T04:12:50Z</time>
<speed>1.099797</speed>
<trueHeading>0.000000</trueHeading>
<magneticHeading>0.000000</magneticHeading>
<gpsHeading>349.036896</gpsHeading>
<haccuracy>8.813000</haccuracy>
<vaccuracy>8.813000</vaccuracy>
<internetconnect>2</internetconnect>
</trkpt>
<trkpt lat="36.277209" lon="137.649750">
<ele>2240.000000</ele>
<time>2026-07-26T04:13:40Z</time>
<speed>0.442582</speed>
<trueHeading>0.000000</trueHeading>
<magneticHeading>0.000000</magneticHeading>
<gpsHeading>230.254898</gpsHeading>
<haccuracy>5.117000</haccuracy>
<vaccuracy>5.117000</vaccuracy>
<internetconnect>2</internetconnect>
</trkpt>
<trkpt lat="36.277527" lon="137.649626">
<ele>2246.000000</ele>
<time>2026-07-26T04:14:30Z</time>
<speed>0.745040</speed>
<trueHeading>0.000000</trueHeading>
<magneticHeading>0.000000</magneticHeading>
<gpsHeading>342.520020</gpsHeading>
<haccuracy>8.431000</haccuracy>
<vaccuracy>8.431000</vaccuracy>
<internetconnect>2</internetconnect>
</trkpt>
<trkpt lat="36.277437" lon="137.649316">
<ele>2234.000000</ele>
<time>2026-07-26T04:16:33Z</time>
<speed>1.027151</speed>
<trueHeading>0.000000</trueHeading>
<magneticHeading>0.000000</magneticHeading>
<gpsHeading>250.151382</gpsHeading>
<haccuracy>6.859000</haccuracy>
<vaccuracy>6.859000</vaccuracy>
<internetconnect>2</internetconnect>
</trkpt>
<trkpt lat="36.277229" lon="137.648990">
<ele>2219.000000</ele>
<time>2026-07-26T04:17:45Z</time>
<speed>1.060690</speed>
<trueHeading>0.000000</trueHeading>
<magneticHeading>0.000000</magneticHeading>
<gpsHeading>231.725571</gpsHeading>
<haccuracy>12.860000</haccuracy>
<vaccuracy>12.860000</vaccuracy>
<internetconnect>2</internetconnect>
</trkpt>
<trkpt lat="36.277042" lon="137.648654">
<ele>2202.000000</ele>
<time>2026-07-26T04:18:58Z</time>
<speed>0.715829</speed>
<trueHeading>0.000000</trueHeading>
<magneticHeading>0.000000</magneticHeading>
<gpsHeading>235.330887</gpsHeading>
<haccuracy>10.775000</haccuracy>
<vaccuracy>10.775000</vaccuracy>
<internetconnect>2</internetconnect>
</trkpt>
<trkpt lat="36.276838" lon="137.648326">
<ele>2192.000000</ele>
<time>2026-07-26T04:20:23Z</time>
<speed>0.192151</speed>
<trueHeading>0.000000</trueHeading>
<magneticHeading>0.000000</magneticHeading>
<gpsHeading>232.360367</gpsHeading>
<haccuracy>7.988000</haccuracy>
<vaccuracy>7.988000</vaccuracy>
<internetconnect>2</internetconnect>
</trkpt>
<trkpt lat="36.276583" lon="137.648068">
<ele>2177.000000</ele>
<time>2026-07-26T04:21:25Z</time>
<speed>0.945243</speed>
<trueHeading>0.000000</trueHeading>
<magneticHeading>0.000000</magneticHeading>
<gpsHeading>219.257156</gpsHeading>
<haccuracy>8.013000</haccuracy>
<vaccuracy>8.013000</vaccuracy>
<internetconnect>2</internetconnect>
</trkpt>
<trkpt lat="36.276529" lon="137.648005">
<ele>2178.000000</ele>
<time>2026-07-26T04:23:28Z</time>
<speed>0.367301</speed>
<trueHeading>0.000000</trueHeading>
<magneticHeading>0.000000</magneticHeading>
<gpsHeading>223.040924</gpsHeading>
<haccuracy>5.686000</haccuracy>
<vaccuracy>5.686000</vaccuracy>
<internetconnect>2</internetconnect>
</trkpt>
<trkpt lat="36.276306" lon="137.647868">
<ele>2167.000000</ele>
<time>2026-07-26T04:25:30Z</time>
<speed>0.015615</speed>
<trueHeading>0.000000</trueHeading>
<magneticHeading>0.000000</magneticHeading>
<gpsHeading>206.297989</gpsHeading>
<haccuracy>4.252000</haccuracy>
<vaccuracy>4.252000</vaccuracy>
<internetconnect>2</internetconnect>
</trkpt>
<trkpt lat="36.276260" lon="137.647713">
<ele>2165.000000</ele>
<time>2026-07-26T04:27:38Z</time>
<speed>0.000000</speed>
<trueHeading>0.000000</trueHeading>
<magneticHeading>0.000000</magneticHeading>
<gpsHeading>249.689407</gpsHeading>
<haccuracy>4.570000</haccuracy>
<vaccuracy>4.570000</vaccuracy>
<internetconnect>2</internetconnect>
</trkpt>
<trkpt lat="36.276068" lon="137.647598">
<ele>2156.000000</ele>
<time>2026-07-26T04:29:44Z</time>
<speed>0.000000</speed>
<trueHeading>0.000000</trueHeading>
<magneticHeading>0.000000</magneticHeading>
<gpsHeading>205.899170</gpsHeading>
<haccuracy>10.653000</haccuracy>
<vaccuracy>10.653000</vaccuracy>
<internetconnect>2</internetconnect>
</trkpt>
<trkpt lat="36.275817" lon="137.647444">
<ele>2146.000000</ele>
<time>2026-07-26T04:31:29Z</time>
<speed>0.000000</speed>
<trueHeading>0.000000</trueHeading>
<magneticHeading>0.000000</magneticHeading>
<gpsHeading>206.254852</gpsHeading>
<haccuracy>19.240999</haccuracy>
<vaccuracy>19.240999</vaccuracy>
<internetconnect>2</internetconnect>
</trkpt>
<trkpt lat="36.275513" lon="137.647374">
<ele>2135.000000</ele>
<time>2026-07-26T04:33:14Z</time>
<speed>0.687079</speed>
<trueHeading>0.000000</trueHeading>
<magneticHeading>0.000000</magneticHeading>
<gpsHeading>190.577377</gpsHeading>
<haccuracy>6.187000</haccuracy>
<vaccuracy>6.187000</vaccuracy>
<internetconnect>2</internetconnect>
</trkpt>
<trkpt lat="36.275236" lon="137.647501">
<ele>2125.000000</ele>
<time>2026-07-26T04:34:18Z</time>
<speed>1.152452</speed>
<trueHeading>0.000000</trueHeading>
<magneticHeading>0.000000</magneticHeading>
<gpsHeading>159.652420</gpsHeading>
<haccuracy>7.623000</haccuracy>
<vaccuracy>7.623000</vaccuracy>
<internetconnect>2</internetconnect>
</trkpt>
<trkpt lat="36.274762" lon="137.647539">
<ele>2125.000000</ele>
<time>2026-07-26T04:35:07Z</time>
<speed>1.062015</speed>
<trueHeading>0.000000</trueHeading>
<magneticHeading>0.000000</magneticHeading>
<gpsHeading>176.319916</gpsHeading>
<haccuracy>8.361000</haccuracy>
<vaccuracy>8.361000</vaccuracy>
<internetconnect>2</internetconnect>
</trkpt>
<trkpt lat="36.274524" lon="137.647339">
<ele>2106.000000</ele>
<time>2026-07-26T04:35:59Z</time>
<speed>0.840280</speed>
<trueHeading>0.000000</trueHeading>
<magneticHeading>0.000000</magneticHeading>
<gpsHeading>214.156387</gpsHeading>
<haccuracy>6.793000</haccuracy>
<vaccuracy>6.793000</vaccuracy>
<internetconnect>2</internetconnect>
</trkpt>
<trkpt lat="36.274262" lon="137.647193">
<ele>2108.000000</ele>
<time>2026-07-26T04:36:45Z</time>
<speed>0.606788</speed>
<trueHeading>0.000000</trueHeading>
<magneticHeading>0.000000</magneticHeading>
<gpsHeading>204.125259</gpsHeading>
<haccuracy>21.319000</haccuracy>
<vaccuracy>21.319000</vaccuracy>
<internetconnect>2</internetconnect>
</trkpt>
<trkpt lat="36.274023" lon="137.646937">
<ele>2096.000000</ele>
<time>2026-07-26T04:38:18Z</time>
<speed>1.105001</speed>
<trueHeading>0.000000</trueHeading>
<magneticHeading>0.000000</magneticHeading>
<gpsHeading>220.925766</gpsHeading>
<haccuracy>6.201000</haccuracy>
<vaccuracy>6.201000</vaccuracy>
<internetconnect>2</internetconnect>
</trkpt>
<trkpt lat="36.273801" lon="137.646553">
<ele>2076.000000</ele>
<time>2026-07-26T04:39:06Z</time>
<speed>0.935284</speed>
<trueHeading>0.000000</trueHeading>
<magneticHeading>0.000000</magneticHeading>
<gpsHeading>234.295853</gpsHeading>
<haccuracy>7.171000</haccuracy>
<vaccuracy>7.171000</vaccuracy>
<internetconnect>2</internetconnect>
</trkpt>
<trkpt lat="36.273664" lon="137.646184">
<ele>2065.000000</ele>
<time>2026-07-26T04:39:56Z</time>
<speed>0.972737</speed>
<trueHeading>0.000000</trueHeading>
<magneticHeading>0.000000</magneticHeading>
<gpsHeading>245.298187</gpsHeading>
<haccuracy>6.302000</haccuracy>
<vaccuracy>6.302000</vaccuracy>
<internetconnect>2</internetconnect>
</trkpt>
<trkpt lat="36.273392" lon="137.646447">
<ele>2074.000000</ele>
<time>2026-07-26T04:40:45Z</time>
<speed>0.984306</speed>
<trueHeading>0.000000</trueHeading>
<magneticHeading>0.000000</magneticHeading>
<gpsHeading>141.957489</gpsHeading>
<haccuracy>8.302000</haccuracy>
<vaccuracy>8.302000</vaccuracy>
<internetconnect>2</internetconnect>
</trkpt>
<trkpt lat="36.273141" lon="137.646138">
<ele>2057.000000</ele>
<time>2026-07-26T04:41:34Z</time>
<speed>0.895962</speed>
<trueHeading>0.000000</trueHeading>
<magneticHeading>0.000000</magneticHeading>
<gpsHeading>224.885559</gpsHeading>
<haccuracy>8.088000</haccuracy>
<vaccuracy>8.088000</vaccuracy>
<internetconnect>2</internetconnect>
</trkpt>
<trkpt lat="36.273219" lon="137.645803">
<ele>2048.000000</ele>
<time>2026-07-26T04:42:54Z</time>
<speed>1.150941</speed>
<trueHeading>0.000000</trueHeading>
<magneticHeading>0.000000</magneticHeading>
<gpsHeading>286.092560</gpsHeading>
<haccuracy>11.004000</haccuracy>
<vaccuracy>11.004000</vaccuracy>
<internetconnect>2</internetconnect>
</trkpt>
<trkpt lat="36.272858" lon="137.645509">
<ele>2034.000000</ele>
<time>2026-07-26T04:43:43Z</time>
<speed>1.172370</speed>
<trueHeading>0.000000</trueHeading>
<magneticHeading>0.000000</magneticHeading>
<gpsHeading>213.336014</gpsHeading>
<haccuracy>8.994000</haccuracy>
<vaccuracy>8.994000</vaccuracy>
<internetconnect>2</internetconnect>
</trkpt>
<trkpt lat="36.272812" lon="137.645028">
<ele>2018.000000</ele>
<time>2026-07-26T04:44:30Z</time>
<speed>1.043207</speed>
<trueHeading>0.000000</trueHeading>
<magneticHeading>0.000000</magneticHeading>
<gpsHeading>263.290588</gpsHeading>
<haccuracy>8.101000</haccuracy>
<vaccuracy>8.101000</vaccuracy>
<internetconnect>2</internetconnect>
</trkpt>
<trkpt lat="36.272607" lon="137.644742">
<ele>2005.000000</ele>
<time>2026-07-26T04:46:26Z</time>
<speed>1.263942</speed>
<trueHeading>0.000000</trueHeading>
<magneticHeading>0.000000</magneticHeading>
<gpsHeading>228.257355</gpsHeading>
<haccuracy>6.123000</haccuracy>
<vaccuracy>6.123000</vaccuracy>
<internetconnect>2</internetconnect>
</trkpt>
<trkpt lat="36.272245" lon="137.644555">
<ele>1994.000000</ele>
<time>2026-07-26T04:47:15Z</time>
<speed>1.012173</speed>
<trueHeading>0.000000</trueHeading>
<magneticHeading>0.000000</magneticHeading>
<gpsHeading>202.682266</gpsHeading>
<haccuracy>8.777000</haccuracy>
<vaccuracy>8.777000</vaccuracy>
<internetconnect>2</internetconnect>
</trkpt>
<trkpt lat="36.271964" lon="137.644523">
<ele>1986.000000</ele>
<time>2026-07-26T04:48:46Z</time>
<speed>0.658685</speed>
<trueHeading>0.000000</trueHeading>
<magneticHeading>0.000000</magneticHeading>
<gpsHeading>185.216461</gpsHeading>
<haccuracy>6.264000</haccuracy>
<vaccuracy>6.264000</vaccuracy>
<internetconnect>2</internetconnect>
</trkpt>
<trkpt lat="36.271528" lon="137.644515">
<ele>1971.000000</ele>
<time>2026-07-26T04:49:34Z</time>
<speed>1.075968</speed>
<trueHeading>0.000000</trueHeading>
<magneticHeading>0.000000</magneticHeading>
<gpsHeading>180.858109</gpsHeading>
<haccuracy>5.072000</haccuracy>
<vaccuracy>5.072000</vaccuracy>
<internetconnect>2</internetconnect>
</trkpt>
<trkpt lat="36.271114" lon="137.644414">
<ele>1957.000000</ele>
<time>2026-07-26T04:50:22Z</time>
<speed>1.127471</speed>
<trueHeading>0.000000</trueHeading>
<magneticHeading>0.000000</magneticHeading>
<gpsHeading>191.089584</gpsHeading>
<haccuracy>8.464000</haccuracy>
<vaccuracy>8.464000</vaccuracy>
<internetconnect>2</internetconnect>
</trkpt>
<trkpt lat="36.270856" lon="137.644696">
<ele>1960.000000</ele>
<time>2026-07-26T04:51:15Z</time>
<speed>1.239229</speed>
<trueHeading>0.000000</trueHeading>
<magneticHeading>0.000000</magneticHeading>
<gpsHeading>138.571426</gpsHeading>
<haccuracy>11.153000</haccuracy>
<vaccuracy>11.153000</vaccuracy>
<internetconnect>2</internetconnect>
</trkpt>
<trkpt lat="36.270544" lon="137.644749">
<ele>1949.000000</ele>
<time>2026-07-26T04:52:23Z</time>
<speed>0.889539</speed>
<trueHeading>0.000000</trueHeading>
<magneticHeading>0.000000</magneticHeading>
<gpsHeading>172.216049</gpsHeading>
<haccuracy>8.518000</haccuracy>
<vaccuracy>8.518000</vaccuracy>
<internetconnect>2</internetconnect>
</trkpt>
<trkpt lat="36.270257" lon="137.644816">
<ele>1942.000000</ele>
<time>2026-07-26T04:53:09Z</time>
<speed>0.950791</speed>
<trueHeading>0.000000</trueHeading>
<magneticHeading>0.000000</magneticHeading>
<gpsHeading>169.326248</gpsHeading>
<haccuracy>14.252000</haccuracy>
<vaccuracy>14.252000</vaccuracy>
<internetconnect>2</internetconnect>
</trkpt>
<trkpt lat="36.269836" lon="137.644467">
<ele>1919.000000</ele>
<time>2026-07-26T04:53:59Z</time>
<speed>1.124580</speed>
<trueHeading>0.000000</trueHeading>
<magneticHeading>0.000000</magneticHeading>
<gpsHeading>213.753448</gpsHeading>
<haccuracy>10.004000</haccuracy>
<vaccuracy>10.004000</vaccuracy>
<internetconnect>2</internetconnect>
</trkpt>
<trkpt lat="36.269637" lon="137.644208">
<ele>1910.000000</ele>
<time>2026-07-26T04:55:24Z</time>
<speed>0.300685</speed>
<trueHeading>0.000000</trueHeading>
<magneticHeading>0.000000</magneticHeading>
<gpsHeading>226.439804</gpsHeading>
<haccuracy>11.090000</haccuracy>
<vaccuracy>11.090000</vaccuracy>
<internetconnect>2</internetconnect>
</trkpt>
<trkpt lat="36.269274" lon="137.644326">
<ele>1905.000000</ele>
<time>2026-07-26T04:56:12Z</time>
<speed>1.066043</speed>
<trueHeading>0.000000</trueHeading>
<magneticHeading>0.000000</magneticHeading>
<gpsHeading>165.329422</gpsHeading>
<haccuracy>9.392000</haccuracy>
<vaccuracy>9.392000</vaccuracy>
<internetconnect>2</internetconnect>
</trkpt>
<trkpt lat="36.268980" lon="137.644428">
<ele>1897.000000</ele>
<time>2026-07-26T04:57:25Z</time>
<speed>0.862270</speed>
<trueHeading>0.000000</trueHeading>
<magneticHeading>0.000000</magneticHeading>
<gpsHeading>164.317566</gpsHeading>
<haccuracy>10.749000</haccuracy>
<vaccuracy>10.749000</vaccuracy>
<internetconnect>2</internetconnect>
</trkpt>
<trkpt lat="36.268635" lon="137.644443">
<ele>1893.000000</ele>
<time>2026-07-26T04:58:16Z</time>
<speed>1.090196</speed>
<trueHeading>0.000000</trueHeading>
<magneticHeading>0.000000</magneticHeading>
<gpsHeading>177.913925</gpsHeading>
<haccuracy>6.474000</haccuracy>
<vaccuracy>6.474000</vaccuracy>
<internetconnect>2</internetconnect>
</trkpt>
<trkpt lat="36.268138" lon="137.644299">
<ele>1877.000000</ele>
<time>2026-07-26T04:59:05Z</time>
<speed>0.899158</speed>
<trueHeading>0.000000</trueHeading>
<magneticHeading>0.000000</magneticHeading>
<gpsHeading>193.197861</gpsHeading>
<haccuracy>7.594000</haccuracy>
<vaccuracy>7.594000</vaccuracy>
<internetconnect>2</internetconnect>
</trkpt>
<trkpt lat="36.267897" lon="137.644507">
<ele>1873.000000</ele>
<time>2026-07-26T05:00:40Z</time>
<speed>0.846161</speed>
<trueHeading>0.000000</trueHeading>
<magneticHeading>0.000000</magneticHeading>
<gpsHeading>145.125336</gpsHeading>
<haccuracy>12.908000</haccuracy>
<vaccuracy>12.908000</vaccuracy>
<internetconnect>2</internetconnect>
</trkpt>
<trkpt lat="36.267607" lon="137.644531">
<ele>1873.000000</ele>
<time>2026-07-26T05:01:45Z</time>
<speed>1.100423</speed>
<trueHeading>0.000000</trueHeading>
<magneticHeading>0.000000</magneticHeading>
<gpsHeading>176.247330</gpsHeading>
<haccuracy>10.398000</haccuracy>
<vaccuracy>10.398000</vaccuracy>
<internetconnect>2</internetconnect>
</trkpt>
<trkpt lat="36.267209" lon="137.644363">
<ele>1855.000000</ele>
<time>2026-07-26T05:02:31Z</time>
<speed>1.023062</speed>
<trueHeading>0.000000</trueHeading>
<magneticHeading>0.000000</magneticHeading>
<gpsHeading>198.771057</gpsHeading>
<haccuracy>15.158000</haccuracy>
<vaccuracy>15.158000</vaccuracy>
<internetconnect>2</internetconnect>
</trkpt>
<trkpt lat="36.266771" lon="137.644338">
<ele>1845.000000</ele>
<time>2026-07-26T05:03:21Z</time>
<speed>1.204212</speed>
<trueHeading>0.000000</trueHeading>
<magneticHeading>0.000000</magneticHeading>
<gpsHeading>182.725250</gpsHeading>
<haccuracy>11.399000</haccuracy>
<vaccuracy>11.399000</vaccuracy>
<internetconnect>2</internetconnect>
</trkpt>
<trkpt lat="36.266605" lon="137.643968">
<ele>1829.000000</ele>
<time>2026-07-26T05:04:09Z</time>
<speed>1.107385</speed>
<trueHeading>0.000000</trueHeading>
<magneticHeading>0.000000</magneticHeading>
<gpsHeading>240.888077</gpsHeading>
<haccuracy>8.508000</haccuracy>
<vaccuracy>8.508000</vaccuracy>
<internetconnect>2</internetconnect>
</trkpt>
<trkpt lat="36.266385" lon="137.643732">
<ele>1815.000000</ele>
<time>2026-07-26T05:05:04Z</time>
<speed>0.875260</speed>
<trueHeading>0.000000</trueHeading>
<magneticHeading>0.000000</magneticHeading>
<gpsHeading>220.832901</gpsHeading>
<haccuracy>9.957000</haccuracy>
<vaccuracy>9.957000</vaccuracy>
<internetconnect>2</internetconnect>
</trkpt>
<trkpt lat="36.266146" lon="137.643412">
<ele>1804.000000</ele>
<time>2026-07-26T05:06:22Z</time>
<speed>0.637806</speed>
<trueHeading>0.000000</trueHeading>
<magneticHeading>0.000000</magneticHeading>
<gpsHeading>227.181335</gpsHeading>
<haccuracy>14.118000</haccuracy>
<vaccuracy>14.118000</vaccuracy>
<internetconnect>2</internetconnect>
</trkpt>
<trkpt lat="36.265846" lon="137.643280">
<ele>1792.000000</ele>
<time>2026-07-26T05:07:11Z</time>
<speed>0.943704</speed>
<trueHeading>0.000000</trueHeading>
<magneticHeading>0.000000</magneticHeading>
<gpsHeading>199.583069</gpsHeading>
<haccuracy>7.062000</haccuracy>
<vaccuracy>7.062000</vaccuracy>
<internetconnect>2</internetconnect>
</trkpt>
<trkpt lat="36.265553" lon="137.643221">
<ele>1780.000000</ele>
<time>2026-07-26T05:07:59Z</time>
<speed>0.483223</speed>
<trueHeading>0.000000</trueHeading>
<magneticHeading>0.000000</magneticHeading>
<gpsHeading>189.197357</gpsHeading>
<haccuracy>10.466000</haccuracy>
<vaccuracy>10.466000</vaccuracy>
<internetconnect>2</internetconnect>
</trkpt>
<trkpt lat="36.265255" lon="137.643031">
<ele>1765.000000</ele>
<time>2026-07-26T05:08:47Z</time>
<speed>0.982605</speed>
<trueHeading>0.000000</trueHeading>
<magneticHeading>0.000000</magneticHeading>
<gpsHeading>207.224533</gpsHeading>
<haccuracy>9.426000</haccuracy>
<vaccuracy>9.426000</vaccuracy>
<internetconnect>2</internetconnect>
</trkpt>
<trkpt lat="36.264994" lon="137.642838">
<ele>1752.000000</ele>
<time>2026-07-26T05:10:04Z</time>
<speed>0.837716</speed>
<trueHeading>0.000000</trueHeading>
<magneticHeading>0.000000</magneticHeading>
<gpsHeading>210.846832</gpsHeading>
<haccuracy>13.603000</haccuracy>
<vaccuracy>13.603000</vaccuracy>
<internetconnect>2</internetconnect>
</trkpt>
<trkpt lat="36.264661" lon="137.642964">
<ele>1747.000000</ele>
<time>2026-07-26T05:11:40Z</time>
<speed>1.191844</speed>
<trueHeading>0.000000</trueHeading>
<magneticHeading>0.000000</magneticHeading>
<gpsHeading>163.004150</gpsHeading>
<haccuracy>11.061000</haccuracy>
<vaccuracy>11.061000</vaccuracy>
<internetconnect>2</internetconnect>
</trkpt>
<trkpt lat="36.264478" lon="137.643347">
<ele>1742.000000</ele>
<time>2026-07-26T05:12:31Z</time>
<speed>0.249361</speed>
<trueHeading>0.000000</trueHeading>
<magneticHeading>0.000000</magneticHeading>
<gpsHeading>120.599869</gpsHeading>
<haccuracy>6.067000</haccuracy>
<vaccuracy>6.067000</vaccuracy>
<internetconnect>2</internetconnect>
</trkpt>
<trkpt lat="36.264294" lon="137.643606">
<ele>1744.000000</ele>
<time>2026-07-26T05:13:57Z</time>
<speed>1.234974</speed>
<trueHeading>0.000000</trueHeading>
<magneticHeading>0.000000</magneticHeading>
<gpsHeading>131.332855</gpsHeading>
<haccuracy>5.334000</haccuracy>
<vaccuracy>5.334000</vaccuracy>
<internetconnect>2</internetconnect>
</trkpt>
<trkpt lat="36.263753" lon="137.643244">
<ele>1716.000000</ele>
<time>2026-07-26T05:14:45Z</time>
<speed>0.966298</speed>
<trueHeading>0.000000</trueHeading>
<magneticHeading>0.000000</magneticHeading>
<gpsHeading>208.312408</gpsHeading>
<haccuracy>10.599000</haccuracy>
<vaccuracy>10.599000</vaccuracy>
<internetconnect>2</internetconnect>
</trkpt>
<trkpt lat="36.263364" lon="137.643519">
<ele>1702.000000</ele>
<time>2026-07-26T05:15:33Z</time>
<speed>0.449741</speed>
<trueHeading>0.000000</trueHeading>
<magneticHeading>0.000000</magneticHeading>
<gpsHeading>150.313187</gpsHeading>
<haccuracy>8.926000</haccuracy>
<vaccuracy>8.926000</vaccuracy>
<internetconnect>2</internetconnect>
</trkpt>
<trkpt lat="36.263083" lon="137.643650">
<ele>1696.000000</ele>
<time>2026-07-26T05:16:20Z</time>
<speed>0.680095</speed>
<trueHeading>0.000000</trueHeading>
<magneticHeading>0.000000</magneticHeading>
<gpsHeading>159.374084</gpsHeading>
<haccuracy>9.338000</haccuracy>
<vaccuracy>9.338000</vaccuracy>
<internetconnect>2</internetconnect>
</trkpt>
<trkpt lat="36.262847" lon="137.643320">
<ele>1692.000000</ele>
<time>2026-07-26T05:17:09Z</time>
<speed>1.228881</speed>
<trueHeading>0.000000</trueHeading>
<magneticHeading>0.000000</magneticHeading>
<gpsHeading>228.459808</gpsHeading>
<haccuracy>10.761000</haccuracy>
<vaccuracy>10.761000</vaccuracy>
<internetconnect>2</internetconnect>
</trkpt>
<trkpt lat="36.262620" lon="137.643073">
<ele>1685.000000</ele>
<time>2026-07-26T05:17:58Z</time>
<speed>0.909712</speed>
<trueHeading>0.000000</trueHeading>
<magneticHeading>0.000000</magneticHeading>
<gpsHeading>221.189224</gpsHeading>
<haccuracy>7.840000</haccuracy>
<vaccuracy>7.840000</vaccuracy>
<internetconnect>2</internetconnect>
</trkpt>
<trkpt lat="36.262471" lon="137.643484">
<ele>1681.000000</ele>
<time>2026-07-26T05:19:03Z</time>
<speed>1.258316</speed>
<trueHeading>0.000000</trueHeading>
<magneticHeading>0.000000</magneticHeading>
<gpsHeading>114.219772</gpsHeading>
<haccuracy>13.478000</haccuracy>
<vaccuracy>13.478000</vaccuracy>
<internetconnect>2</internetconnect>
</trkpt>
<trkpt lat="36.262211" lon="137.643215">
<ele>1663.000000</ele>
<time>2026-07-26T05:20:07Z</time>
<speed>1.292842</speed>
<trueHeading>0.000000</trueHeading>
<magneticHeading>0.000000</magneticHeading>
<gpsHeading>219.856400</gpsHeading>
<haccuracy>13.493000</haccuracy>
<vaccuracy>13.493000</vaccuracy>
<internetconnect>2</internetconnect>
</trkpt>
<trkpt lat="36.261831" lon="137.643147">
<ele>1657.000000</ele>
<time>2026-07-26T05:20:56Z</time>
<speed>1.196918</speed>
<trueHeading>0.000000</trueHeading>
<magneticHeading>0.000000</magneticHeading>
<gpsHeading>188.171326</gpsHeading>
<haccuracy>11.613000</haccuracy>
<vaccuracy>11.613000</vaccuracy>
<internetconnect>2</internetconnect>
</trkpt>
<trkpt lat="36.261456" lon="137.643084">
<ele>1653.000000</ele>
<time>2026-07-26T05:21:51Z</time>
<speed>0.935790</speed>
<trueHeading>0.000000</trueHeading>
<magneticHeading>0.000000</magneticHeading>
<gpsHeading>187.771042</gpsHeading>
<haccuracy>6.187000</haccuracy>
<vaccuracy>6.187000</vaccuracy>
<internetconnect>2</internetconnect>
</trkpt>
<trkpt lat="36.261357" lon="137.642734">
<ele>1642.000000</ele>
<time>2026-07-26T05:23:24Z</time>
<speed>0.668603</speed>
<trueHeading>0.000000</trueHeading>
<magneticHeading>0.000000</magneticHeading>
<gpsHeading>250.522171</gpsHeading>
<haccuracy>12.582000</haccuracy>
<vaccuracy>12.582000</vaccuracy>
<internetconnect>2</internetconnect>
</trkpt>
<trkpt lat="36.260990" lon="137.642557">
<ele>1627.000000</ele>
<time>2026-07-26T05:24:31Z</time>
<speed>0.794773</speed>
<trueHeading>0.000000</trueHeading>
<magneticHeading>0.000000</magneticHeading>
<gpsHeading>201.217438</gpsHeading>
<haccuracy>23.417999</haccuracy>
<vaccuracy>23.417999</vaccuracy>
<internetconnect>2</internetconnect>
</trkpt>
<trkpt lat="36.260525" lon="137.642766">
<ele>1618.000000</ele>
<time>2026-07-26T05:25:17Z</time>
<speed>0.477471</speed>
<trueHeading>0.000000</trueHeading>
<magneticHeading>0.000000</magneticHeading>
<gpsHeading>160.011856</gpsHeading>
<haccuracy>14.485000</haccuracy>
<vaccuracy>14.485000</vaccuracy>
<internetconnect>2</internetconnect>
</trkpt>
<trkpt lat="36.260310" lon="137.642377">
<ele>1614.000000</ele>
<time>2026-07-26T05:26:56Z</time>
<speed>1.078303</speed>
<trueHeading>0.000000</trueHeading>
<magneticHeading>0.000000</magneticHeading>
<gpsHeading>235.530045</gpsHeading>
<haccuracy>13.347000</haccuracy>
<vaccuracy>13.347000</vaccuracy>
<internetconnect>2</internetconnect>
</trkpt>
<trkpt lat="36.259960" lon="137.642243">
<ele>1599.000000</ele>
<time>2026-07-26T05:27:47Z</time>
<speed>1.051555</speed>
<trueHeading>0.000000</trueHeading>
<magneticHeading>0.000000</magneticHeading>
<gpsHeading>197.234909</gpsHeading>
<haccuracy>14.336000</haccuracy>
<vaccuracy>14.336000</vaccuracy>
<internetconnect>2</internetconnect>
</trkpt>
<trkpt lat="36.259546" lon="137.642028">
<ele>1589.000000</ele>
<time>2026-07-26T05:28:35Z</time>
<speed>0.428762</speed>
<trueHeading>0.000000</trueHeading>
<magneticHeading>0.000000</magneticHeading>
<gpsHeading>202.682632</gpsHeading>
<haccuracy>9.616000</haccuracy>
<vaccuracy>9.616000</vaccuracy>
<internetconnect>2</internetconnect>
</trkpt>
<trkpt lat="36.259249" lon="137.641527">
<ele>1583.000000</ele>
<time>2026-07-26T05:29:23Z</time>
<speed>0.942354</speed>
<trueHeading>0.000000</trueHeading>
<magneticHeading>0.000000</magneticHeading>
<gpsHeading>233.727066</gpsHeading>
<haccuracy>8.869000</haccuracy>
<vaccuracy>8.869000</vaccuracy>
<internetconnect>2</internetconnect>
</trkpt>
<trkpt lat="36.259290" lon="137.640978">
<ele>1590.000000</ele>
<time>2026-07-26T05:30:11Z</time>
<speed>0.465090</speed>
<trueHeading>0.000000</trueHeading>
<magneticHeading>0.000000</magneticHeading>
<gpsHeading>275.200653</gpsHeading>
<haccuracy>9.803000</haccuracy>
<vaccuracy>9.803000</vaccuracy>
<internetconnect>2</internetconnect>
</trkpt>
<trkpt lat="36.259030" lon="137.640818">
<ele>1584.000000</ele>
<time>2026-07-26T05:31:19Z</time>
<speed>0.707419</speed>
<trueHeading>0.000000</trueHeading>
<magneticHeading>0.000000</magneticHeading>
<gpsHeading>206.347290</gpsHeading>
<haccuracy>7.101000</haccuracy>
<vaccuracy>7.101000</vaccuracy>
<internetconnect>2</internetconnect>
</trkpt>
<trkpt lat="36.258743" lon="137.640726">
<ele>1579.000000</ele>
<time>2026-07-26T05:32:19Z</time>
<speed>0.900970</speed>
<trueHeading>0.000000</trueHeading>
<magneticHeading>0.000000</magneticHeading>
<gpsHeading>194.564316</gpsHeading>
<haccuracy>14.521000</haccuracy>
<vaccuracy>14.521000</vaccuracy>
<internetconnect>2</internetconnect>
</trkpt>
<trkpt lat="36.258270" lon="137.640265">
<ele>1574.000000</ele>
<time>2026-07-26T05:33:05Z</time>
<speed>0.222067</speed>
<trueHeading>0.000000</trueHeading>
<magneticHeading>0.000000</magneticHeading>
<gpsHeading>218.169678</gpsHeading>
<haccuracy>14.378000</haccuracy>
<vaccuracy>14.378000</vaccuracy>
<internetconnect>2</internetconnect>
</trkpt>
<trkpt lat="36.257990" lon="137.640267">
<ele>1570.000000</ele>
<time>2026-07-26T05:33:55Z</time>
<speed>0.218084</speed>
<trueHeading>0.000000</trueHeading>
<magneticHeading>0.000000</magneticHeading>
<gpsHeading>179.619675</gpsHeading>
<haccuracy>6.637000</haccuracy>
<vaccuracy>6.637000</vaccuracy>
<internetconnect>2</internetconnect>
</trkpt>
<trkpt lat="36.257758" lon="137.640046">
<ele>1565.000000</ele>
<time>2026-07-26T05:34:44Z</time>
<speed>1.062187</speed>
<trueHeading>0.000000</trueHeading>
<magneticHeading>0.000000</magneticHeading>
<gpsHeading>217.516449</gpsHeading>
<haccuracy>8.188000</haccuracy>
<vaccuracy>8.188000</vaccuracy>
<internetconnect>2</internetconnect>
</trkpt>
<trkpt lat="36.257477" lon="137.640031">
<ele>1562.000000</ele>
<time>2026-07-26T05:36:01Z</time>
<speed>0.793655</speed>
<trueHeading>0.000000</trueHeading>
<magneticHeading>0.000000</magneticHeading>
<gpsHeading>182.561386</gpsHeading>
<haccuracy>13.224000</haccuracy>
<vaccuracy>13.224000</vaccuracy>
<internetconnect>2</internetconnect>
</trkpt>
<trkpt lat="36.257007" lon="137.639556">
<ele>1553.000000</ele>
<time>2026-07-26T05:37:05Z</time>
<speed>0.369903</speed>
<trueHeading>0.000000</trueHeading>
<magneticHeading>0.000000</magneticHeading>
<gpsHeading>219.113068</gpsHeading>
<haccuracy>8.652000</haccuracy>
<vaccuracy>8.652000</vaccuracy>
<internetconnect>2</internetconnect>
</trkpt>
<trkpt lat="36.256714" lon="137.639388">
<ele>1545.000000</ele>
<time>2026-07-26T05:37:55Z</time>
<speed>0.401664</speed>
<trueHeading>0.000000</trueHeading>
<magneticHeading>0.000000</magneticHeading>
<gpsHeading>204.932617</gpsHeading>
<haccuracy>10.530000</haccuracy>
<vaccuracy>10.530000</vaccuracy>
<internetconnect>2</internetconnect>
</trkpt>
<trkpt lat="36.256132" lon="137.639517">
<ele>1528.000000</ele>
<time>2026-07-26T05:38:45Z</time>
<speed>1.155191</speed>
<trueHeading>0.000000</trueHeading>
<magneticHeading>0.000000</magneticHeading>
<gpsHeading>169.821060</gpsHeading>
<haccuracy>11.026000</haccuracy>
<vaccuracy>11.026000</vaccuracy>
<internetconnect>2</internetconnect>
</trkpt>
<trkpt lat="36.255902" lon="137.638994">
<ele>1530.000000</ele>
<time>2026-07-26T05:39:46Z</time>
<speed>0.592400</speed>
<trueHeading>0.000000</trueHeading>
<magneticHeading>0.000000</magneticHeading>
<gpsHeading>241.456482</gpsHeading>
<haccuracy>6.833000</haccuracy>
<vaccuracy>6.833000</vaccuracy>
<internetconnect>2</internetconnect>
</trkpt>
<trkpt lat="36.255575" lon="137.638871">
<ele>1520.000000</ele>
<time>2026-07-26T05:40:33Z</time>
<speed>0.069425</speed>
<trueHeading>0.000000</trueHeading>
<magneticHeading>0.000000</magneticHeading>
<gpsHeading>196.920425</gpsHeading>
<haccuracy>4.663000</haccuracy>
<vaccuracy>4.663000</vaccuracy>
<internetconnect>2</internetconnect>
</trkpt>
<trkpt lat="36.255311" lon="137.638527">
<ele>1512.000000</ele>
<time>2026-07-26T05:41:22Z</time>
<speed>0.309661</speed>
<trueHeading>0.000000</trueHeading>
<magneticHeading>0.000000</magneticHeading>
<gpsHeading>226.466736</gpsHeading>
<haccuracy>6.576000</haccuracy>
<vaccuracy>6.576000</vaccuracy>
<internetconnect>2</internetconnect>
</trkpt>
<trkpt lat="36.254775" lon="137.638245">
<ele>1511.000000</ele>
<time>2026-07-26T05:42:09Z</time>
<speed>1.391812</speed>
<trueHeading>0.000000</trueHeading>
<magneticHeading>0.000000</magneticHeading>
<gpsHeading>202.944199</gpsHeading>
<haccuracy>6.235000</haccuracy>
<vaccuracy>6.235000</vaccuracy>
<internetconnect>2</internetconnect>
</trkpt>
<trkpt lat="36.254478" lon="137.637859">
<ele>1513.000000</ele>
<time>2026-07-26T05:42:56Z</time>
<speed>1.215917</speed>
<trueHeading>0.000000</trueHeading>
<magneticHeading>0.000000</magneticHeading>
<gpsHeading>226.380173</gpsHeading>
<haccuracy>5.532000</haccuracy>
<vaccuracy>5.532000</vaccuracy>
<internetconnect>2</internetconnect>
</trkpt>
<trkpt lat="36.253974" lon="137.637696">
<ele>1510.000000</ele>
<time>2026-07-26T05:43:43Z</time>
<speed>1.424450</speed>
<trueHeading>0.000000</trueHeading>
<magneticHeading>0.000000</magneticHeading>
<gpsHeading>194.616898</gpsHeading>
<haccuracy>7.169000</haccuracy>
<vaccuracy>7.169000</vaccuracy>
<internetconnect>2</internetconnect>
</trkpt>
<trkpt lat="36.253496" lon="137.637438">
<ele>1509.000000</ele>
<time>2026-07-26T05:44:31Z</time>
<speed>1.441254</speed>
<trueHeading>0.000000</trueHeading>
<magneticHeading>0.000000</magneticHeading>
<gpsHeading>203.495758</gpsHeading>
<haccuracy>8.647000</haccuracy>
<vaccuracy>8.647000</vaccuracy>
<internetconnect>2</internetconnect>
</trkpt>
<trkpt lat="36.253153" lon="137.636945">
<ele>1509.000000</ele>
<time>2026-07-26T05:45:18Z</time>
<speed>1.483696</speed>
<trueHeading>0.000000</trueHeading>
<magneticHeading>0.000000</magneticHeading>
<gpsHeading>229.266449</gpsHeading>
<haccuracy>5.515000</haccuracy>
<vaccuracy>5.515000</vaccuracy>
<internetconnect>2</internetconnect>
</trkpt>
<trkpt lat="36.252553" lon="137.637019">
<ele>1509.000000</ele>
<time>2026-07-26T05:46:07Z</time>
<speed>1.479071</speed>
<trueHeading>0.000000</trueHeading>
<magneticHeading>0.000000</magneticHeading>
<gpsHeading>174.330597</gpsHeading>
<haccuracy>9.218000</haccuracy>
<vaccuracy>9.218000</vaccuracy>
<internetconnect>2</internetconnect>
</trkpt>
<trkpt lat="36.252050" lon="137.637107">
<ele>1509.000000</ele>
<time>2026-07-26T05:46:57Z</time>
<speed>1.509776</speed>
<trueHeading>0.000000</trueHeading>
<magneticHeading>0.000000</magneticHeading>
<gpsHeading>171.976944</gpsHeading>
<haccuracy>12.011000</haccuracy>
<vaccuracy>12.011000</vaccuracy>
<internetconnect>2</internetconnect>
</trkpt>
<trkpt lat="36.251693" lon="137.636854">
<ele>1509.000000</ele>
<time>2026-07-26T05:47:45Z</time>
<speed>1.198399</speed>
<trueHeading>0.000000</trueHeading>
<magneticHeading>0.000000</magneticHeading>
<gpsHeading>209.700363</gpsHeading>
<haccuracy>7.160000</haccuracy>
<vaccuracy>7.160000</vaccuracy>
<internetconnect>2</internetconnect>
</trkpt>
<trkpt lat="36.251225" lon="137.637020">
<ele>1509.000000</ele>
<time>2026-07-26T05:48:31Z</time>
<speed>1.306799</speed>
<trueHeading>0.000000</trueHeading>
<magneticHeading>0.000000</magneticHeading>
<gpsHeading>164.052307</gpsHeading>
<haccuracy>7.423000</haccuracy>
<vaccuracy>7.423000</vaccuracy>
<internetconnect>2</internetconnect>
</trkpt>
<trkpt lat="36.250727" lon="137.636993">
<ele>1509.000000</ele>
<time>2026-07-26T05:49:20Z</time>
<speed>1.436269</speed>
<trueHeading>0.000000</trueHeading>
<magneticHeading>0.000000</magneticHeading>
<gpsHeading>182.489761</gpsHeading>
<haccuracy>7.767000</haccuracy>
<vaccuracy>7.767000</vaccuracy>
<internetconnect>2</internetconnect>
</trkpt>
<trkpt lat="36.250162" lon="137.636675">
<ele>1509.000000</ele>
<time>2026-07-26T05:50:07Z</time>
<speed>1.589572</speed>
<trueHeading>0.000000</trueHeading>
<magneticHeading>0.000000</magneticHeading>
<gpsHeading>204.438705</gpsHeading>
<haccuracy>11.211000</haccuracy>
<vaccuracy>11.211000</vaccuracy>
<internetconnect>2</internetconnect>
</trkpt>
<trkpt lat="36.249778" lon="137.637005">
<ele>1508.000000</ele>
<time>2026-07-26T05:50:57Z</time>
<speed>1.589221</speed>
<trueHeading>0.000000</trueHeading>
<magneticHeading>0.000000</magneticHeading>
<gpsHeading>145.304474</gpsHeading>
<haccuracy>13.162000</haccuracy>
<vaccuracy>13.162000</vaccuracy>
<internetconnect>2</internetconnect>
</trkpt>
<trkpt lat="36.249455" lon="137.637600">
<ele>1507.000000</ele>
<time>2026-07-26T05:51:48Z</time>
<speed>0.048153</speed>
<trueHeading>0.000000</trueHeading>
<magneticHeading>0.000000</magneticHeading>
<gpsHeading>123.917862</gpsHeading>
<haccuracy>6.992000</haccuracy>
<vaccuracy>6.992000</vaccuracy>
<internetconnect>2</internetconnect>
</trkpt>
<trkpt lat="36.249157" lon="137.637632">
<ele>1551.500000</ele>
<time>2026-07-26T05:52:15Z</time>
<speed>0.071553</speed>
<trueHeading>0.000000</trueHeading>
<magneticHeading>0.000000</magneticHeading>
<gpsHeading>0.000000</gpsHeading>
<haccuracy>6.491000</haccuracy>
<vaccuracy>6.491000</vaccuracy>
<internetconnect>2</internetconnect>
</trkpt>
<trkpt lat="36.249157" lon="137.637632">
<ele>1506.000000</ele>
<time>2026-07-26T05:52:18Z</time>
<speed>0.071553</speed>
<trueHeading>-999.000000</trueHeading>
<magneticHeading>-999.000000</magneticHeading>
<gpsHeading>175.072571</gpsHeading>
<haccuracy>6.491000</haccuracy>
<vaccuracy>6.491000</vaccuracy>
<internetconnect>2</internetconnect>
</trkpt>
</trkseg></trk>
</gpx>
