<?xml version="1.0" encoding="UTF-8"?>
<gpx xmlns:xsi="http://www.w3.org/2001/XMLSchema-instance" xmlns="http://www.topografix.com/GPX/1/0" xsi:schemaLocation="http://www.topografix.com/GPX/1/1 http://www.topografix.com/GPX/1/1/gpx.xsd" creator="Geographica - http://geographica.biz/" appVersion="Ver 2.1.49:387" device="google sunfish" android="13" carrier="povo">
<trk>
<name>20260613</name>
<trkseg>
<trkpt lat="35.809020" lon="139.096659">
<ele>342.000000</ele>
<time>2026-06-12T22:31:21Z</time>
<speed>0.366498</speed>
<trueHeading>0.000000</trueHeading>
<magneticHeading>0.000000</magneticHeading>
<gpsHeading>0.000000</gpsHeading>
<haccuracy>7.058000</haccuracy>
<vaccuracy>7.058000</vaccuracy>
<internetconnect>2</internetconnect>
</trkpt>
<trkpt lat="35.809007" lon="139.096653">
<ele>341.333333</ele>
<time>2026-06-12T22:31:21Z</time>
<speed>0.414713</speed>
<trueHeading>0.000000</trueHeading>
<magneticHeading>0.000000</magneticHeading>
<gpsHeading>0.000000</gpsHeading>
<haccuracy>7.574000</haccuracy>
<vaccuracy>7.574000</vaccuracy>
<internetconnect>2</internetconnect>
</trkpt>
<trkpt lat="35.808686" lon="139.096387">
<ele>341.000000</ele>
<time>2026-06-12T22:32:09Z</time>
<speed>0.274634</speed>
<trueHeading>0.000000</trueHeading>
<magneticHeading>0.000000</magneticHeading>
<gpsHeading>213.953293</gpsHeading>
<haccuracy>3.000000</haccuracy>
<vaccuracy>3.000000</vaccuracy>
<internetconnect>2</internetconnect>
</trkpt>
<trkpt lat="35.808425" lon="139.096645">
<ele>340.333333</ele>
<time>2026-06-12T22:33:25Z</time>
<speed>0.796324</speed>
<trueHeading>0.000000</trueHeading>
<magneticHeading>0.000000</magneticHeading>
<gpsHeading>141.357147</gpsHeading>
<haccuracy>6.835000</haccuracy>
<vaccuracy>6.835000</vaccuracy>
<internetconnect>2</internetconnect>
</trkpt>
<trkpt lat="35.808009" lon="139.096647">
<ele>332.666667</ele>
<time>2026-06-12T22:34:13Z</time>
<speed>1.382460</speed>
<trueHeading>0.000000</trueHeading>
<magneticHeading>0.000000</magneticHeading>
<gpsHeading>179.742920</gpsHeading>
<haccuracy>4.063000</haccuracy>
<vaccuracy>4.063000</vaccuracy>
<internetconnect>2</internetconnect>
</trkpt>
<trkpt lat="35.807603" lon="139.096014">
<ele>331.666667</ele>
<time>2026-06-12T22:35:01Z</time>
<speed>1.250378</speed>
<trueHeading>0.000000</trueHeading>
<magneticHeading>0.000000</magneticHeading>
<gpsHeading>231.667664</gpsHeading>
<haccuracy>4.232000</haccuracy>
<vaccuracy>4.232000</vaccuracy>
<internetconnect>2</internetconnect>
</trkpt>
<trkpt lat="35.807133" lon="139.095586">
<ele>333.000000</ele>
<time>2026-06-12T22:35:49Z</time>
<speed>1.070252</speed>
<trueHeading>0.000000</trueHeading>
<magneticHeading>0.000000</magneticHeading>
<gpsHeading>216.465134</gpsHeading>
<haccuracy>4.116000</haccuracy>
<vaccuracy>4.116000</vaccuracy>
<internetconnect>2</internetconnect>
</trkpt>
<trkpt lat="35.807137" lon="139.095240">
<ele>346.333333</ele>
<time>2026-06-12T22:36:41Z</time>
<speed>1.223056</speed>
<trueHeading>0.000000</trueHeading>
<magneticHeading>0.000000</magneticHeading>
<gpsHeading>270.817413</gpsHeading>
<haccuracy>3.844000</haccuracy>
<vaccuracy>3.844000</vaccuracy>
<internetconnect>2</internetconnect>
</trkpt>
<trkpt lat="35.807186" lon="139.094674">
<ele>356.666667</ele>
<time>2026-06-12T22:37:29Z</time>
<speed>1.085353</speed>
<trueHeading>0.000000</trueHeading>
<magneticHeading>0.000000</magneticHeading>
<gpsHeading>276.092133</gpsHeading>
<haccuracy>5.239000</haccuracy>
<vaccuracy>5.239000</vaccuracy>
<internetconnect>2</internetconnect>
</trkpt>
<trkpt lat="35.807623" lon="139.094411">
<ele>364.333333</ele>
<time>2026-06-12T22:38:18Z</time>
<speed>0.782912</speed>
<trueHeading>0.000000</trueHeading>
<magneticHeading>0.000000</magneticHeading>
<gpsHeading>333.918610</gpsHeading>
<haccuracy>6.683000</haccuracy>
<vaccuracy>6.683000</vaccuracy>
<internetconnect>2</internetconnect>
</trkpt>
<trkpt lat="35.807898" lon="139.094474">
<ele>371.333333</ele>
<time>2026-06-12T22:39:04Z</time>
<speed>0.136557</speed>
<trueHeading>0.000000</trueHeading>
<magneticHeading>0.000000</magneticHeading>
<gpsHeading>10.441023</gpsHeading>
<haccuracy>4.128000</haccuracy>
<vaccuracy>4.128000</vaccuracy>
<internetconnect>2</internetconnect>
</trkpt>
<trkpt lat="35.807452" lon="139.094046">
<ele>376.000000</ele>
<time>2026-06-12T22:39:51Z</time>
<speed>1.220340</speed>
<trueHeading>0.000000</trueHeading>
<magneticHeading>0.000000</magneticHeading>
<gpsHeading>217.866867</gpsHeading>
<haccuracy>4.238000</haccuracy>
<vaccuracy>4.238000</vaccuracy>
<internetconnect>2</internetconnect>
</trkpt>
<trkpt lat="35.807044" lon="139.093522">
<ele>381.666667</ele>
<time>2026-06-12T22:40:42Z</time>
<speed>1.417934</speed>
<trueHeading>0.000000</trueHeading>
<magneticHeading>0.000000</magneticHeading>
<gpsHeading>226.190521</gpsHeading>
<haccuracy>4.386000</haccuracy>
<vaccuracy>4.386000</vaccuracy>
<internetconnect>2</internetconnect>
</trkpt>
<trkpt lat="35.806815" lon="139.092933">
<ele>388.666667</ele>
<time>2026-06-12T22:41:29Z</time>
<speed>0.985706</speed>
<trueHeading>0.000000</trueHeading>
<magneticHeading>0.000000</magneticHeading>
<gpsHeading>244.375305</gpsHeading>
<haccuracy>6.337000</haccuracy>
<vaccuracy>6.337000</vaccuracy>
<internetconnect>2</internetconnect>
</trkpt>
<trkpt lat="35.806506" lon="139.092362">
<ele>400.000000</ele>
<time>2026-06-12T22:42:17Z</time>
<speed>1.200862</speed>
<trueHeading>0.000000</trueHeading>
<magneticHeading>0.000000</magneticHeading>
<gpsHeading>236.260910</gpsHeading>
<haccuracy>4.140000</haccuracy>
<vaccuracy>4.140000</vaccuracy>
<internetconnect>2</internetconnect>
</trkpt>
<trkpt lat="35.806105" lon="139.091951">
<ele>409.666667</ele>
<time>2026-06-12T22:43:06Z</time>
<speed>0.970245</speed>
<trueHeading>0.000000</trueHeading>
<magneticHeading>0.000000</magneticHeading>
<gpsHeading>219.755417</gpsHeading>
<haccuracy>5.238000</haccuracy>
<vaccuracy>5.238000</vaccuracy>
<internetconnect>2</internetconnect>
</trkpt>
<trkpt lat="35.806021" lon="139.092543">
<ele>415.333333</ele>
<time>2026-06-12T22:43:55Z</time>
<speed>1.485554</speed>
<trueHeading>0.000000</trueHeading>
<magneticHeading>0.000000</magneticHeading>
<gpsHeading>99.955391</gpsHeading>
<haccuracy>4.814000</haccuracy>
<vaccuracy>4.814000</vaccuracy>
<internetconnect>2</internetconnect>
</trkpt>
<trkpt lat="35.805852" lon="139.092204">
<ele>420.666667</ele>
<time>2026-06-12T22:44:49Z</time>
<speed>1.438767</speed>
<trueHeading>0.000000</trueHeading>
<magneticHeading>0.000000</magneticHeading>
<gpsHeading>238.473816</gpsHeading>
<haccuracy>3.009000</haccuracy>
<vaccuracy>3.009000</vaccuracy>
<internetconnect>2</internetconnect>
</trkpt>
<trkpt lat="35.805844" lon="139.091583">
<ele>430.000000</ele>
<time>2026-06-12T22:45:38Z</time>
<speed>0.923822</speed>
<trueHeading>0.000000</trueHeading>
<magneticHeading>0.000000</magneticHeading>
<gpsHeading>268.999939</gpsHeading>
<haccuracy>4.113000</haccuracy>
<vaccuracy>4.113000</vaccuracy>
<internetconnect>2</internetconnect>
</trkpt>
<trkpt lat="35.805657" lon="139.091201">
<ele>445.666667</ele>
<time>2026-06-12T22:46:27Z</time>
<speed>0.890217</speed>
<trueHeading>0.000000</trueHeading>
<magneticHeading>0.000000</magneticHeading>
<gpsHeading>238.865128</gpsHeading>
<haccuracy>4.685000</haccuracy>
<vaccuracy>4.685000</vaccuracy>
<internetconnect>2</internetconnect>
</trkpt>
<trkpt lat="35.805702" lon="139.090827">
<ele>460.000000</ele>
<time>2026-06-12T22:47:13Z</time>
<speed>1.064843</speed>
<trueHeading>0.000000</trueHeading>
<magneticHeading>0.000000</magneticHeading>
<gpsHeading>278.528992</gpsHeading>
<haccuracy>4.694000</haccuracy>
<vaccuracy>4.694000</vaccuracy>
<internetconnect>2</internetconnect>
</trkpt>
<trkpt lat="35.805484" lon="139.090540">
<ele>473.333333</ele>
<time>2026-06-12T22:48:12Z</time>
<speed>0.702607</speed>
<trueHeading>0.000000</trueHeading>
<magneticHeading>0.000000</magneticHeading>
<gpsHeading>226.776825</gpsHeading>
<haccuracy>4.656000</haccuracy>
<vaccuracy>4.656000</vaccuracy>
<internetconnect>2</internetconnect>
</trkpt>
<trkpt lat="35.805675" lon="139.090209">
<ele>481.000000</ele>
<time>2026-06-12T22:49:08Z</time>
<speed>0.938075</speed>
<trueHeading>0.000000</trueHeading>
<magneticHeading>0.000000</magneticHeading>
<gpsHeading>305.490387</gpsHeading>
<haccuracy>3.012000</haccuracy>
<vaccuracy>3.012000</vaccuracy>
<internetconnect>2</internetconnect>
</trkpt>
<trkpt lat="35.805896" lon="139.089632">
<ele>488.000000</ele>
<time>2026-06-12T22:49:56Z</time>
<speed>1.345291</speed>
<trueHeading>0.000000</trueHeading>
<magneticHeading>0.000000</magneticHeading>
<gpsHeading>295.213806</gpsHeading>
<haccuracy>4.478000</haccuracy>
<vaccuracy>4.478000</vaccuracy>
<internetconnect>2</internetconnect>
</trkpt>
<trkpt lat="35.806333" lon="139.089374">
<ele>496.333333</ele>
<time>2026-06-12T22:50:44Z</time>
<speed>1.154076</speed>
<trueHeading>0.000000</trueHeading>
<magneticHeading>0.000000</magneticHeading>
<gpsHeading>334.405548</gpsHeading>
<haccuracy>5.225000</haccuracy>
<vaccuracy>5.225000</vaccuracy>
<internetconnect>2</internetconnect>
</trkpt>
<trkpt lat="35.806614" lon="139.089002">
<ele>508.000000</ele>
<time>2026-06-12T22:51:33Z</time>
<speed>0.949713</speed>
<trueHeading>0.000000</trueHeading>
<magneticHeading>0.000000</magneticHeading>
<gpsHeading>313.004730</gpsHeading>
<haccuracy>4.682000</haccuracy>
<vaccuracy>4.682000</vaccuracy>
<internetconnect>2</internetconnect>
</trkpt>
<trkpt lat="35.806855" lon="139.088488">
<ele>516.666667</ele>
<time>2026-06-12T22:52:23Z</time>
<speed>1.193201</speed>
<trueHeading>0.000000</trueHeading>
<magneticHeading>0.000000</magneticHeading>
<gpsHeading>300.018951</gpsHeading>
<haccuracy>5.519000</haccuracy>
<vaccuracy>5.519000</vaccuracy>
<internetconnect>2</internetconnect>
</trkpt>
<trkpt lat="35.806911" lon="139.087965">
<ele>532.000000</ele>
<time>2026-06-12T22:53:10Z</time>
<speed>1.416701</speed>
<trueHeading>0.000000</trueHeading>
<magneticHeading>0.000000</magneticHeading>
<gpsHeading>277.528778</gpsHeading>
<haccuracy>5.115000</haccuracy>
<vaccuracy>5.115000</vaccuracy>
<internetconnect>2</internetconnect>
</trkpt>
<trkpt lat="35.807275" lon="139.087659">
<ele>542.000000</ele>
<time>2026-06-12T22:53:58Z</time>
<speed>1.268710</speed>
<trueHeading>0.000000</trueHeading>
<magneticHeading>0.000000</magneticHeading>
<gpsHeading>325.726593</gpsHeading>
<haccuracy>5.335000</haccuracy>
<vaccuracy>5.335000</vaccuracy>
<internetconnect>2</internetconnect>
</trkpt>
<trkpt lat="35.807674" lon="139.088221">
<ele>553.333333</ele>
<time>2026-06-12T22:54:47Z</time>
<speed>1.423105</speed>
<trueHeading>0.000000</trueHeading>
<magneticHeading>0.000000</magneticHeading>
<gpsHeading>48.817280</gpsHeading>
<haccuracy>5.499000</haccuracy>
<vaccuracy>5.499000</vaccuracy>
<internetconnect>2</internetconnect>
</trkpt>
<trkpt lat="35.807930" lon="139.088908">
<ele>555.000000</ele>
<time>2026-06-12T22:55:34Z</time>
<speed>1.403377</speed>
<trueHeading>0.000000</trueHeading>
<magneticHeading>0.000000</magneticHeading>
<gpsHeading>65.343094</gpsHeading>
<haccuracy>5.425000</haccuracy>
<vaccuracy>5.425000</vaccuracy>
<internetconnect>2</internetconnect>
</trkpt>
<trkpt lat="35.807846" lon="139.089705">
<ele>559.666667</ele>
<time>2026-06-12T22:56:24Z</time>
<speed>1.454210</speed>
<trueHeading>0.000000</trueHeading>
<magneticHeading>0.000000</magneticHeading>
<gpsHeading>97.359642</gpsHeading>
<haccuracy>5.539000</haccuracy>
<vaccuracy>5.539000</vaccuracy>
<internetconnect>2</internetconnect>
</trkpt>
<trkpt lat="35.808025" lon="139.089243">
<ele>564.666667</ele>
<time>2026-06-12T22:57:11Z</time>
<speed>1.561494</speed>
<trueHeading>0.000000</trueHeading>
<magneticHeading>0.000000</magneticHeading>
<gpsHeading>295.493896</gpsHeading>
<haccuracy>5.896000</haccuracy>
<vaccuracy>5.896000</vaccuracy>
<internetconnect>2</internetconnect>
</trkpt>
<trkpt lat="35.808082" lon="139.088540">
<ele>573.000000</ele>
<time>2026-06-12T22:57:59Z</time>
<speed>1.377087</speed>
<trueHeading>0.000000</trueHeading>
<magneticHeading>0.000000</magneticHeading>
<gpsHeading>275.694336</gpsHeading>
<haccuracy>4.979000</haccuracy>
<vaccuracy>4.979000</vaccuracy>
<internetconnect>2</internetconnect>
</trkpt>
<trkpt lat="35.808174" lon="139.087927">
<ele>580.333333</ele>
<time>2026-06-12T22:58:48Z</time>
<speed>1.393237</speed>
<trueHeading>0.000000</trueHeading>
<magneticHeading>0.000000</magneticHeading>
<gpsHeading>280.511353</gpsHeading>
<haccuracy>5.536000</haccuracy>
<vaccuracy>5.536000</vaccuracy>
<internetconnect>2</internetconnect>
</trkpt>
<trkpt lat="35.808134" lon="139.087174">
<ele>588.000000</ele>
<time>2026-06-12T22:59:38Z</time>
<speed>1.457049</speed>
<trueHeading>0.000000</trueHeading>
<magneticHeading>0.000000</magneticHeading>
<gpsHeading>266.216003</gpsHeading>
<haccuracy>5.563000</haccuracy>
<vaccuracy>5.563000</vaccuracy>
<internetconnect>2</internetconnect>
</trkpt>
<trkpt lat="35.807630" lon="139.086965">
<ele>596.000000</ele>
<time>2026-06-12T23:00:26Z</time>
<speed>1.286925</speed>
<trueHeading>0.000000</trueHeading>
<magneticHeading>0.000000</magneticHeading>
<gpsHeading>198.587021</gpsHeading>
<haccuracy>5.663000</haccuracy>
<vaccuracy>5.663000</vaccuracy>
<internetconnect>2</internetconnect>
</trkpt>
<trkpt lat="35.807935" lon="139.086869">
<ele>599.000000</ele>
<time>2026-06-12T23:01:56Z</time>
<speed>1.335600</speed>
<trueHeading>0.000000</trueHeading>
<magneticHeading>0.000000</magneticHeading>
<gpsHeading>345.687347</gpsHeading>
<haccuracy>7.916000</haccuracy>
<vaccuracy>7.916000</vaccuracy>
<internetconnect>2</internetconnect>
</trkpt>
<trkpt lat="35.808417" lon="139.087381">
<ele>603.666667</ele>
<time>2026-06-12T23:02:45Z</time>
<speed>1.336488</speed>
<trueHeading>0.000000</trueHeading>
<magneticHeading>0.000000</magneticHeading>
<gpsHeading>40.709229</gpsHeading>
<haccuracy>3.437000</haccuracy>
<vaccuracy>3.437000</vaccuracy>
<internetconnect>2</internetconnect>
</trkpt>
<trkpt lat="35.808809" lon="139.087032">
<ele>610.333333</ele>
<time>2026-06-12T23:03:33Z</time>
<speed>0.758199</speed>
<trueHeading>0.000000</trueHeading>
<magneticHeading>0.000000</magneticHeading>
<gpsHeading>324.196045</gpsHeading>
<haccuracy>5.294000</haccuracy>
<vaccuracy>5.294000</vaccuracy>
<internetconnect>2</internetconnect>
</trkpt>
<trkpt lat="35.808970" lon="139.086201">
<ele>617.666667</ele>
<time>2026-06-12T23:04:21Z</time>
<speed>1.477133</speed>
<trueHeading>0.000000</trueHeading>
<magneticHeading>0.000000</magneticHeading>
<gpsHeading>283.500519</gpsHeading>
<haccuracy>5.233000</haccuracy>
<vaccuracy>5.233000</vaccuracy>
<internetconnect>2</internetconnect>
</trkpt>
<trkpt lat="35.809554" lon="139.086032">
<ele>623.333333</ele>
<time>2026-06-12T23:05:08Z</time>
<speed>1.365801</speed>
<trueHeading>0.000000</trueHeading>
<magneticHeading>0.000000</magneticHeading>
<gpsHeading>346.723663</gpsHeading>
<haccuracy>5.705000</haccuracy>
<vaccuracy>5.705000</vaccuracy>
<internetconnect>2</internetconnect>
</trkpt>
<trkpt lat="35.809914" lon="139.085475">
<ele>626.666667</ele>
<time>2026-06-12T23:05:57Z</time>
<speed>1.488724</speed>
<trueHeading>0.000000</trueHeading>
<magneticHeading>0.000000</magneticHeading>
<gpsHeading>308.554016</gpsHeading>
<haccuracy>5.492000</haccuracy>
<vaccuracy>5.492000</vaccuracy>
<internetconnect>2</internetconnect>
</trkpt>
<trkpt lat="35.810518" lon="139.085822">
<ele>635.333333</ele>
<time>2026-06-12T23:06:44Z</time>
<speed>1.486675</speed>
<trueHeading>0.000000</trueHeading>
<magneticHeading>0.000000</magneticHeading>
<gpsHeading>25.002405</gpsHeading>
<haccuracy>5.750000</haccuracy>
<vaccuracy>5.750000</vaccuracy>
<internetconnect>2</internetconnect>
</trkpt>
<trkpt lat="35.810983" lon="139.086234">
<ele>640.000000</ele>
<time>2026-06-12T23:07:34Z</time>
<speed>1.201861</speed>
<trueHeading>0.000000</trueHeading>
<magneticHeading>0.000000</magneticHeading>
<gpsHeading>35.698105</gpsHeading>
<haccuracy>5.596000</haccuracy>
<vaccuracy>5.596000</vaccuracy>
<internetconnect>2</internetconnect>
</trkpt>
<trkpt lat="35.810972" lon="139.086881">
<ele>642.666667</ele>
<time>2026-06-12T23:08:22Z</time>
<speed>1.257278</speed>
<trueHeading>0.000000</trueHeading>
<magneticHeading>0.000000</magneticHeading>
<gpsHeading>91.190666</gpsHeading>
<haccuracy>5.551000</haccuracy>
<vaccuracy>5.551000</vaccuracy>
<internetconnect>2</internetconnect>
</trkpt>
<trkpt lat="35.811449" lon="139.087299">
<ele>644.333333</ele>
<time>2026-06-12T23:09:09Z</time>
<speed>1.387605</speed>
<trueHeading>0.000000</trueHeading>
<magneticHeading>0.000000</magneticHeading>
<gpsHeading>35.421947</gpsHeading>
<haccuracy>5.079000</haccuracy>
<vaccuracy>5.079000</vaccuracy>
<internetconnect>2</internetconnect>
</trkpt>
<trkpt lat="35.811760" lon="139.087832">
<ele>648.333333</ele>
<time>2026-06-12T23:09:57Z</time>
<speed>1.264067</speed>
<trueHeading>0.000000</trueHeading>
<magneticHeading>0.000000</magneticHeading>
<gpsHeading>54.256325</gpsHeading>
<haccuracy>5.705000</haccuracy>
<vaccuracy>5.705000</vaccuracy>
<internetconnect>2</internetconnect>
</trkpt>
<trkpt lat="35.812340" lon="139.088070">
<ele>653.666667</ele>
<time>2026-06-12T23:10:46Z</time>
<speed>1.471457</speed>
<trueHeading>0.000000</trueHeading>
<magneticHeading>0.000000</magneticHeading>
<gpsHeading>18.392889</gpsHeading>
<haccuracy>5.020000</haccuracy>
<vaccuracy>5.020000</vaccuracy>
<internetconnect>2</internetconnect>
</trkpt>
<trkpt lat="35.812606" lon="139.087846">
<ele>657.000000</ele>
<time>2026-06-12T23:11:49Z</time>
<speed>1.513142</speed>
<trueHeading>0.000000</trueHeading>
<magneticHeading>0.000000</magneticHeading>
<gpsHeading>325.681091</gpsHeading>
<haccuracy>3.278000</haccuracy>
<vaccuracy>3.278000</vaccuracy>
<internetconnect>2</internetconnect>
</trkpt>
<trkpt lat="35.813156" lon="139.087312">
<ele>660.333333</ele>
<time>2026-06-12T23:12:38Z</time>
<speed>1.450842</speed>
<trueHeading>0.000000</trueHeading>
<magneticHeading>0.000000</magneticHeading>
<gpsHeading>321.795746</gpsHeading>
<haccuracy>3.173000</haccuracy>
<vaccuracy>3.173000</vaccuracy>
<internetconnect>2</internetconnect>
</trkpt>
<trkpt lat="35.813146" lon="139.086948">
<ele>660.333333</ele>
<time>2026-06-12T23:13:30Z</time>
<speed>0.022622</speed>
<trueHeading>0.000000</trueHeading>
<magneticHeading>0.000000</magneticHeading>
<gpsHeading>268.003174</gpsHeading>
<haccuracy>3.094000</haccuracy>
<vaccuracy>3.094000</vaccuracy>
<internetconnect>2</internetconnect>
</trkpt>
<trkpt lat="35.812911" lon="139.086343">
<ele>660.333333</ele>
<time>2026-06-12T23:14:19Z</time>
<speed>1.385154</speed>
<trueHeading>0.000000</trueHeading>
<magneticHeading>0.000000</magneticHeading>
<gpsHeading>244.451309</gpsHeading>
<haccuracy>3.080000</haccuracy>
<vaccuracy>3.080000</vaccuracy>
<internetconnect>2</internetconnect>
</trkpt>
<trkpt lat="35.812598" lon="139.085662">
<ele>659.666667</ele>
<time>2026-06-12T23:15:08Z</time>
<speed>0.925431</speed>
<trueHeading>0.000000</trueHeading>
<magneticHeading>0.000000</magneticHeading>
<gpsHeading>240.410599</gpsHeading>
<haccuracy>6.077000</haccuracy>
<vaccuracy>6.077000</vaccuracy>
<internetconnect>2</internetconnect>
</trkpt>
<trkpt lat="35.812435" lon="139.084870">
<ele>665.000000</ele>
<time>2026-06-12T23:15:56Z</time>
<speed>1.510357</speed>
<trueHeading>0.000000</trueHeading>
<magneticHeading>0.000000</magneticHeading>
<gpsHeading>255.806595</gpsHeading>
<haccuracy>5.713000</haccuracy>
<vaccuracy>5.713000</vaccuracy>
<internetconnect>2</internetconnect>
</trkpt>
<trkpt lat="35.812488" lon="139.084152">
<ele>662.333333</ele>
<time>2026-06-12T23:16:45Z</time>
<speed>1.365045</speed>
<trueHeading>0.000000</trueHeading>
<magneticHeading>0.000000</magneticHeading>
<gpsHeading>275.201050</gpsHeading>
<haccuracy>5.971000</haccuracy>
<vaccuracy>5.971000</vaccuracy>
<internetconnect>2</internetconnect>
</trkpt>
<trkpt lat="35.813103" lon="139.083993">
<ele>660.666667</ele>
<time>2026-06-12T23:17:34Z</time>
<speed>1.512686</speed>
<trueHeading>0.000000</trueHeading>
<magneticHeading>0.000000</magneticHeading>
<gpsHeading>348.135529</gpsHeading>
<haccuracy>5.671000</haccuracy>
<vaccuracy>5.671000</vaccuracy>
<internetconnect>2</internetconnect>
</trkpt>
<trkpt lat="35.813002" lon="139.083272">
<ele>653.333333</ele>
<time>2026-06-12T23:18:22Z</time>
<speed>1.485849</speed>
<trueHeading>0.000000</trueHeading>
<magneticHeading>0.000000</magneticHeading>
<gpsHeading>260.210266</gpsHeading>
<haccuracy>6.354000</haccuracy>
<vaccuracy>6.354000</vaccuracy>
<internetconnect>2</internetconnect>
</trkpt>
<trkpt lat="35.812501" lon="139.082776">
<ele>654.000000</ele>
<time>2026-06-12T23:19:10Z</time>
<speed>1.441861</speed>
<trueHeading>0.000000</trueHeading>
<magneticHeading>0.000000</magneticHeading>
<gpsHeading>218.747803</gpsHeading>
<haccuracy>7.947000</haccuracy>
<vaccuracy>7.947000</vaccuracy>
<internetconnect>2</internetconnect>
</trkpt>
<trkpt lat="35.812477" lon="139.082040">
<ele>653.000000</ele>
<time>2026-06-12T23:19:57Z</time>
<speed>1.453196</speed>
<trueHeading>0.000000</trueHeading>
<magneticHeading>0.000000</magneticHeading>
<gpsHeading>267.687103</gpsHeading>
<haccuracy>5.617000</haccuracy>
<vaccuracy>5.617000</vaccuracy>
<internetconnect>2</internetconnect>
</trkpt>
<trkpt lat="35.812851" lon="139.081369">
<ele>649.666667</ele>
<time>2026-06-12T23:20:46Z</time>
<speed>1.393825</speed>
<trueHeading>0.000000</trueHeading>
<magneticHeading>0.000000</magneticHeading>
<gpsHeading>304.476349</gpsHeading>
<haccuracy>5.339000</haccuracy>
<vaccuracy>5.339000</vaccuracy>
<internetconnect>2</internetconnect>
</trkpt>
<trkpt lat="35.812537" lon="139.080855">
<ele>654.666667</ele>
<time>2026-06-12T23:21:35Z</time>
<speed>0.255765</speed>
<trueHeading>0.000000</trueHeading>
<magneticHeading>0.000000</magneticHeading>
<gpsHeading>233.048920</gpsHeading>
<haccuracy>5.392000</haccuracy>
<vaccuracy>5.392000</vaccuracy>
<internetconnect>2</internetconnect>
</trkpt>
<trkpt lat="35.812354" lon="139.080184">
<ele>653.000000</ele>
<time>2026-06-12T23:22:22Z</time>
<speed>1.519295</speed>
<trueHeading>0.000000</trueHeading>
<magneticHeading>0.000000</magneticHeading>
<gpsHeading>251.400452</gpsHeading>
<haccuracy>5.327000</haccuracy>
<vaccuracy>5.327000</vaccuracy>
<internetconnect>2</internetconnect>
</trkpt>
<trkpt lat="35.812653" lon="139.079970">
<ele>654.666667</ele>
<time>2026-06-12T23:23:33Z</time>
<speed>1.228958</speed>
<trueHeading>0.000000</trueHeading>
<magneticHeading>0.000000</magneticHeading>
<gpsHeading>329.942078</gpsHeading>
<haccuracy>3.947000</haccuracy>
<vaccuracy>3.947000</vaccuracy>
<internetconnect>2</internetconnect>
</trkpt>
<trkpt lat="35.812468" lon="139.079652">
<ele>644.666667</ele>
<time>2026-06-12T23:25:00Z</time>
<speed>1.365742</speed>
<trueHeading>0.000000</trueHeading>
<magneticHeading>0.000000</magneticHeading>
<gpsHeading>234.329865</gpsHeading>
<haccuracy>5.336000</haccuracy>
<vaccuracy>5.336000</vaccuracy>
<internetconnect>2</internetconnect>
</trkpt>
<trkpt lat="35.812802" lon="139.079083">
<ele>638.333333</ele>
<time>2026-06-12T23:25:48Z</time>
<speed>1.405568</speed>
<trueHeading>0.000000</trueHeading>
<magneticHeading>0.000000</magneticHeading>
<gpsHeading>305.916595</gpsHeading>
<haccuracy>6.905000</haccuracy>
<vaccuracy>6.905000</vaccuracy>
<internetconnect>2</internetconnect>
</trkpt>
<trkpt lat="35.812843" lon="139.078524">
<ele>636.666667</ele>
<time>2026-06-12T23:26:36Z</time>
<speed>1.548397</speed>
<trueHeading>0.000000</trueHeading>
<magneticHeading>0.000000</magneticHeading>
<gpsHeading>275.111572</gpsHeading>
<haccuracy>3.650000</haccuracy>
<vaccuracy>3.650000</vaccuracy>
<internetconnect>2</internetconnect>
</trkpt>
<trkpt lat="35.812678" lon="139.078016">
<ele>641.000000</ele>
<time>2026-06-12T23:27:23Z</time>
<speed>0.025426</speed>
<trueHeading>0.000000</trueHeading>
<magneticHeading>0.000000</magneticHeading>
<gpsHeading>248.192825</gpsHeading>
<haccuracy>5.454000</haccuracy>
<vaccuracy>5.454000</vaccuracy>
<internetconnect>2</internetconnect>
</trkpt>
<trkpt lat="35.812886" lon="139.077749">
<ele>646.000000</ele>
<time>2026-06-12T23:28:24Z</time>
<speed>1.478414</speed>
<trueHeading>0.000000</trueHeading>
<magneticHeading>0.000000</magneticHeading>
<gpsHeading>313.741699</gpsHeading>
<haccuracy>6.682000</haccuracy>
<vaccuracy>6.682000</vaccuracy>
<internetconnect>2</internetconnect>
</trkpt>
<trkpt lat="35.813397" lon="139.078221">
<ele>647.333333</ele>
<time>2026-06-12T23:29:13Z</time>
<speed>1.350440</speed>
<trueHeading>0.000000</trueHeading>
<magneticHeading>0.000000</magneticHeading>
<gpsHeading>36.874512</gpsHeading>
<haccuracy>6.021000</haccuracy>
<vaccuracy>6.021000</vaccuracy>
<internetconnect>2</internetconnect>
</trkpt>
<trkpt lat="35.813879" lon="139.078494">
<ele>649.333333</ele>
<time>2026-06-12T23:30:01Z</time>
<speed>1.287044</speed>
<trueHeading>0.000000</trueHeading>
<magneticHeading>0.000000</magneticHeading>
<gpsHeading>24.651278</gpsHeading>
<haccuracy>5.382000</haccuracy>
<vaccuracy>5.382000</vaccuracy>
<internetconnect>2</internetconnect>
</trkpt>
<trkpt lat="35.814294" lon="139.078935">
<ele>656.333333</ele>
<time>2026-06-12T23:30:49Z</time>
<speed>1.454075</speed>
<trueHeading>0.000000</trueHeading>
<magneticHeading>0.000000</magneticHeading>
<gpsHeading>40.759113</gpsHeading>
<haccuracy>5.382000</haccuracy>
<vaccuracy>5.382000</vaccuracy>
<internetconnect>2</internetconnect>
</trkpt>
<trkpt lat="35.814668" lon="139.079316">
<ele>662.333333</ele>
<time>2026-06-12T23:31:37Z</time>
<speed>1.325365</speed>
<trueHeading>0.000000</trueHeading>
<magneticHeading>0.000000</magneticHeading>
<gpsHeading>39.522438</gpsHeading>
<haccuracy>5.234000</haccuracy>
<vaccuracy>5.234000</vaccuracy>
<internetconnect>2</internetconnect>
</trkpt>
<trkpt lat="35.815189" lon="139.079028">
<ele>665.333333</ele>
<time>2026-06-12T23:32:25Z</time>
<speed>1.321800</speed>
<trueHeading>0.000000</trueHeading>
<magneticHeading>0.000000</magneticHeading>
<gpsHeading>335.833038</gpsHeading>
<haccuracy>5.767000</haccuracy>
<vaccuracy>5.767000</vaccuracy>
<internetconnect>2</internetconnect>
</trkpt>
<trkpt lat="35.815814" lon="139.078663">
<ele>670.333333</ele>
<time>2026-06-12T23:33:14Z</time>
<speed>1.413636</speed>
<trueHeading>0.000000</trueHeading>
<magneticHeading>0.000000</magneticHeading>
<gpsHeading>334.664276</gpsHeading>
<haccuracy>5.758000</haccuracy>
<vaccuracy>5.758000</vaccuracy>
<internetconnect>2</internetconnect>
</trkpt>
<trkpt lat="35.816331" lon="139.078055">
<ele>676.000000</ele>
<time>2026-06-12T23:34:03Z</time>
<speed>1.515928</speed>
<trueHeading>0.000000</trueHeading>
<magneticHeading>0.000000</magneticHeading>
<gpsHeading>316.356598</gpsHeading>
<haccuracy>6.025000</haccuracy>
<vaccuracy>6.025000</vaccuracy>
<internetconnect>2</internetconnect>
</trkpt>
<trkpt lat="35.816782" lon="139.078043">
<ele>680.666667</ele>
<time>2026-06-12T23:34:52Z</time>
<speed>1.294775</speed>
<trueHeading>0.000000</trueHeading>
<magneticHeading>0.000000</magneticHeading>
<gpsHeading>358.835541</gpsHeading>
<haccuracy>5.019000</haccuracy>
<vaccuracy>5.019000</vaccuracy>
<internetconnect>2</internetconnect>
</trkpt>
<trkpt lat="35.817095" lon="139.078265">
<ele>681.000000</ele>
<time>2026-06-12T23:35:52Z</time>
<speed>1.438702</speed>
<trueHeading>0.000000</trueHeading>
<magneticHeading>0.000000</magneticHeading>
<gpsHeading>29.941154</gpsHeading>
<haccuracy>3.000000</haccuracy>
<vaccuracy>3.000000</vaccuracy>
<internetconnect>2</internetconnect>
</trkpt>
<trkpt lat="35.817039" lon="139.078267">
<ele>682.666667</ele>
<time>2026-06-12T23:38:27Z</time>
<speed>0.562008</speed>
<trueHeading>0.000000</trueHeading>
<magneticHeading>0.000000</magneticHeading>
<gpsHeading>178.739975</gpsHeading>
<haccuracy>6.146000</haccuracy>
<vaccuracy>6.146000</vaccuracy>
<internetconnect>2</internetconnect>
</trkpt>
<trkpt lat="35.816756" lon="139.077864">
<ele>684.000000</ele>
<time>2026-06-12T23:39:16Z</time>
<speed>1.398226</speed>
<trueHeading>0.000000</trueHeading>
<magneticHeading>0.000000</magneticHeading>
<gpsHeading>228.998001</gpsHeading>
<haccuracy>5.658000</haccuracy>
<vaccuracy>5.658000</vaccuracy>
<internetconnect>2</internetconnect>
</trkpt>
<trkpt lat="35.817039" lon="139.078078">
<ele>687.666667</ele>
<time>2026-06-12T23:40:04Z</time>
<speed>1.457694</speed>
<trueHeading>0.000000</trueHeading>
<magneticHeading>0.000000</magneticHeading>
<gpsHeading>31.399273</gpsHeading>
<haccuracy>5.720000</haccuracy>
<vaccuracy>5.720000</vaccuracy>
<internetconnect>2</internetconnect>
</trkpt>
<trkpt lat="35.817637" lon="139.078087">
<ele>693.000000</ele>
<time>2026-06-12T23:40:52Z</time>
<speed>1.404725</speed>
<trueHeading>0.000000</trueHeading>
<magneticHeading>0.000000</magneticHeading>
<gpsHeading>0.699670</gpsHeading>
<haccuracy>4.621000</haccuracy>
<vaccuracy>4.621000</vaccuracy>
<internetconnect>2</internetconnect>
</trkpt>
<trkpt lat="35.818202" lon="139.077801">
<ele>700.666667</ele>
<time>2026-06-12T23:41:42Z</time>
<speed>1.468411</speed>
<trueHeading>0.000000</trueHeading>
<magneticHeading>0.000000</magneticHeading>
<gpsHeading>337.690582</gpsHeading>
<haccuracy>6.194000</haccuracy>
<vaccuracy>6.194000</vaccuracy>
<internetconnect>2</internetconnect>
</trkpt>
<trkpt lat="35.818709" lon="139.077585">
<ele>708.666667</ele>
<time>2026-06-12T23:42:29Z</time>
<speed>1.441307</speed>
<trueHeading>0.000000</trueHeading>
<magneticHeading>0.000000</magneticHeading>
<gpsHeading>340.967529</gpsHeading>
<haccuracy>5.589000</haccuracy>
<vaccuracy>5.589000</vaccuracy>
<internetconnect>2</internetconnect>
</trkpt>
<trkpt lat="35.818635" lon="139.076993">
<ele>721.000000</ele>
<time>2026-06-12T23:43:16Z</time>
<speed>1.365997</speed>
<trueHeading>0.000000</trueHeading>
<magneticHeading>0.000000</magneticHeading>
<gpsHeading>261.201599</gpsHeading>
<haccuracy>5.850000</haccuracy>
<vaccuracy>5.850000</vaccuracy>
<internetconnect>2</internetconnect>
</trkpt>
<trkpt lat="35.818428" lon="139.076321">
<ele>727.666667</ele>
<time>2026-06-12T23:44:05Z</time>
<speed>1.068131</speed>
<trueHeading>0.000000</trueHeading>
<magneticHeading>0.000000</magneticHeading>
<gpsHeading>249.214722</gpsHeading>
<haccuracy>5.127000</haccuracy>
<vaccuracy>5.127000</vaccuracy>
<internetconnect>2</internetconnect>
</trkpt>
<trkpt lat="35.819029" lon="139.076672">
<ele>735.000000</ele>
<time>2026-06-12T23:44:55Z</time>
<speed>1.444073</speed>
<trueHeading>0.000000</trueHeading>
<magneticHeading>0.000000</magneticHeading>
<gpsHeading>25.311939</gpsHeading>
<haccuracy>6.400000</haccuracy>
<vaccuracy>6.400000</vaccuracy>
<internetconnect>2</internetconnect>
</trkpt>
<trkpt lat="35.819280" lon="139.076101">
<ele>737.000000</ele>
<time>2026-06-12T23:45:44Z</time>
<speed>1.370527</speed>
<trueHeading>0.000000</trueHeading>
<magneticHeading>0.000000</magneticHeading>
<gpsHeading>298.481689</gpsHeading>
<haccuracy>6.066000</haccuracy>
<vaccuracy>6.066000</vaccuracy>
<internetconnect>2</internetconnect>
</trkpt>
<trkpt lat="35.819072" lon="139.076336">
<ele>747.000000</ele>
<time>2026-06-12T23:46:47Z</time>
<speed>1.212923</speed>
<trueHeading>0.000000</trueHeading>
<magneticHeading>0.000000</magneticHeading>
<gpsHeading>137.585541</gpsHeading>
<haccuracy>5.899000</haccuracy>
<vaccuracy>5.899000</vaccuracy>
<internetconnect>2</internetconnect>
</trkpt>
<trkpt lat="35.819096" lon="139.075763">
<ele>752.000000</ele>
<time>2026-06-12T23:47:35Z</time>
<speed>1.267247</speed>
<trueHeading>0.000000</trueHeading>
<magneticHeading>0.000000</magneticHeading>
<gpsHeading>272.920044</gpsHeading>
<haccuracy>6.083000</haccuracy>
<vaccuracy>6.083000</vaccuracy>
<internetconnect>2</internetconnect>
</trkpt>
<trkpt lat="35.819613" lon="139.075367">
<ele>757.000000</ele>
<time>2026-06-12T23:48:25Z</time>
<speed>1.362436</speed>
<trueHeading>0.000000</trueHeading>
<magneticHeading>0.000000</magneticHeading>
<gpsHeading>328.175903</gpsHeading>
<haccuracy>5.686000</haccuracy>
<vaccuracy>5.686000</vaccuracy>
<internetconnect>2</internetconnect>
</trkpt>
<trkpt lat="35.819643" lon="139.074581">
<ele>756.666667</ele>
<time>2026-06-12T23:49:14Z</time>
<speed>1.394588</speed>
<trueHeading>0.000000</trueHeading>
<magneticHeading>0.000000</magneticHeading>
<gpsHeading>272.651794</gpsHeading>
<haccuracy>6.155000</haccuracy>
<vaccuracy>6.155000</vaccuracy>
<internetconnect>2</internetconnect>
</trkpt>
<trkpt lat="35.819594" lon="139.074242">
<ele>754.000000</ele>
<time>2026-06-12T23:50:45Z</time>
<speed>0.398503</speed>
<trueHeading>0.000000</trueHeading>
<magneticHeading>0.000000</magneticHeading>
<gpsHeading>259.901489</gpsHeading>
<haccuracy>3.404000</haccuracy>
<vaccuracy>3.404000</vaccuracy>
<internetconnect>2</internetconnect>
</trkpt>
<trkpt lat="35.819679" lon="139.074101">
<ele>747.666667</ele>
<time>2026-06-12T23:52:52Z</time>
<speed>0.136626</speed>
<trueHeading>0.000000</trueHeading>
<magneticHeading>0.000000</magneticHeading>
<gpsHeading>306.700195</gpsHeading>
<haccuracy>4.256000</haccuracy>
<vaccuracy>4.256000</vaccuracy>
<internetconnect>2</internetconnect>
</trkpt>
<trkpt lat="35.819761" lon="139.074102">
<ele>747.666667</ele>
<time>2026-06-12T23:54:57Z</time>
<speed>0.100067</speed>
<trueHeading>0.000000</trueHeading>
<magneticHeading>0.000000</magneticHeading>
<gpsHeading>0.793152</gpsHeading>
<haccuracy>3.000000</haccuracy>
<vaccuracy>3.000000</vaccuracy>
<internetconnect>2</internetconnect>
</trkpt>
<trkpt lat="35.819597" lon="139.074265">
<ele>754.666667</ele>
<time>2026-06-12T23:57:02Z</time>
<speed>0.061183</speed>
<trueHeading>0.000000</trueHeading>
<magneticHeading>0.000000</magneticHeading>
<gpsHeading>141.169006</gpsHeading>
<haccuracy>5.758000</haccuracy>
<vaccuracy>5.758000</vaccuracy>
<internetconnect>2</internetconnect>
</trkpt>
<trkpt lat="35.819387" lon="139.074412">
<ele>761.666667</ele>
<time>2026-06-12T23:59:07Z</time>
<speed>1.089774</speed>
<trueHeading>0.000000</trueHeading>
<magneticHeading>0.000000</magneticHeading>
<gpsHeading>150.405487</gpsHeading>
<haccuracy>3.012000</haccuracy>
<vaccuracy>3.012000</vaccuracy>
<internetconnect>2</internetconnect>
</trkpt>
<trkpt lat="35.818885" lon="139.074194">
<ele>771.666667</ele>
<time>2026-06-12T23:59:56Z</time>
<speed>0.118471</speed>
<trueHeading>0.000000</trueHeading>
<magneticHeading>0.000000</magneticHeading>
<gpsHeading>199.423401</gpsHeading>
<haccuracy>5.004000</haccuracy>
<vaccuracy>5.004000</vaccuracy>
<internetconnect>2</internetconnect>
</trkpt>
<trkpt lat="35.818439" lon="139.073945">
<ele>781.666667</ele>
<time>2026-06-13T00:00:43Z</time>
<speed>1.489189</speed>
<trueHeading>0.000000</trueHeading>
<magneticHeading>0.000000</magneticHeading>
<gpsHeading>204.368286</gpsHeading>
<haccuracy>5.730000</haccuracy>
<vaccuracy>5.730000</vaccuracy>
<internetconnect>2</internetconnect>
</trkpt>
<trkpt lat="35.818038" lon="139.073575">
<ele>792.333333</ele>
<time>2026-06-13T00:01:31Z</time>
<speed>1.341628</speed>
<trueHeading>0.000000</trueHeading>
<magneticHeading>0.000000</magneticHeading>
<gpsHeading>216.741333</gpsHeading>
<haccuracy>6.147000</haccuracy>
<vaccuracy>6.147000</vaccuracy>
<internetconnect>2</internetconnect>
</trkpt>
<trkpt lat="35.818037" lon="139.072996">
<ele>794.666667</ele>
<time>2026-06-13T00:02:20Z</time>
<speed>0.093118</speed>
<trueHeading>0.000000</trueHeading>
<magneticHeading>0.000000</magneticHeading>
<gpsHeading>269.951172</gpsHeading>
<haccuracy>3.896000</haccuracy>
<vaccuracy>3.896000</vaccuracy>
<internetconnect>2</internetconnect>
</trkpt>
<trkpt lat="35.818658" lon="139.072810">
<ele>796.000000</ele>
<time>2026-06-13T00:03:09Z</time>
<speed>1.184625</speed>
<trueHeading>0.000000</trueHeading>
<magneticHeading>0.000000</magneticHeading>
<gpsHeading>346.314911</gpsHeading>
<haccuracy>6.194000</haccuracy>
<vaccuracy>6.194000</vaccuracy>
<internetconnect>2</internetconnect>
</trkpt>
<trkpt lat="35.818976" lon="139.072122">
<ele>793.000000</ele>
<time>2026-06-13T00:03:57Z</time>
<speed>1.080073</speed>
<trueHeading>0.000000</trueHeading>
<magneticHeading>0.000000</magneticHeading>
<gpsHeading>299.701721</gpsHeading>
<haccuracy>5.955000</haccuracy>
<vaccuracy>5.955000</vaccuracy>
<internetconnect>2</internetconnect>
</trkpt>
<trkpt lat="35.819500" lon="139.071958">
<ele>801.000000</ele>
<time>2026-06-13T00:04:46Z</time>
<speed>1.437659</speed>
<trueHeading>0.000000</trueHeading>
<magneticHeading>0.000000</magneticHeading>
<gpsHeading>345.729248</gpsHeading>
<haccuracy>5.455000</haccuracy>
<vaccuracy>5.455000</vaccuracy>
<internetconnect>2</internetconnect>
</trkpt>
<trkpt lat="35.819474" lon="139.071091">
<ele>807.333333</ele>
<time>2026-06-13T00:05:34Z</time>
<speed>1.337758</speed>
<trueHeading>0.000000</trueHeading>
<magneticHeading>0.000000</magneticHeading>
<gpsHeading>267.906158</gpsHeading>
<haccuracy>5.473000</haccuracy>
<vaccuracy>5.473000</vaccuracy>
<internetconnect>2</internetconnect>
</trkpt>
<trkpt lat="35.819520" lon="139.070724">
<ele>817.000000</ele>
<time>2026-06-13T00:06:23Z</time>
<speed>0.163365</speed>
<trueHeading>0.000000</trueHeading>
<magneticHeading>0.000000</magneticHeading>
<gpsHeading>278.782318</gpsHeading>
<haccuracy>4.834000</haccuracy>
<vaccuracy>4.834000</vaccuracy>
<internetconnect>2</internetconnect>
</trkpt>
<trkpt lat="35.819614" lon="139.070623">
<ele>812.666667</ele>
<time>2026-06-13T00:08:26Z</time>
<speed>0.338510</speed>
<trueHeading>0.000000</trueHeading>
<magneticHeading>0.000000</magneticHeading>
<gpsHeading>319.018463</gpsHeading>
<haccuracy>5.048000</haccuracy>
<vaccuracy>5.048000</vaccuracy>
<internetconnect>2</internetconnect>
</trkpt>
<trkpt lat="35.819955" lon="139.070529">
<ele>807.000000</ele>
<time>2026-06-13T00:09:17Z</time>
<speed>0.115342</speed>
<trueHeading>0.000000</trueHeading>
<magneticHeading>0.000000</magneticHeading>
<gpsHeading>347.368500</gpsHeading>
<haccuracy>3.000000</haccuracy>
<vaccuracy>3.000000</vaccuracy>
<internetconnect>2</internetconnect>
</trkpt>
<trkpt lat="35.820252" lon="139.070457">
<ele>801.666667</ele>
<time>2026-06-13T00:10:21Z</time>
<speed>0.054883</speed>
<trueHeading>0.000000</trueHeading>
<magneticHeading>0.000000</magneticHeading>
<gpsHeading>348.954376</gpsHeading>
<haccuracy>3.000000</haccuracy>
<vaccuracy>3.000000</vaccuracy>
<internetconnect>2</internetconnect>
</trkpt>
<trkpt lat="35.820246" lon="139.070352">
<ele>801.666667</ele>
<time>2026-06-13T00:13:31Z</time>
<speed>0.217170</speed>
<trueHeading>0.000000</trueHeading>
<magneticHeading>0.000000</magneticHeading>
<gpsHeading>265.795990</gpsHeading>
<haccuracy>4.872000</haccuracy>
<vaccuracy>4.872000</vaccuracy>
<internetconnect>2</internetconnect>
</trkpt>
<trkpt lat="35.819984" lon="139.070499">
<ele>805.333333</ele>
<time>2026-06-13T00:14:34Z</time>
<speed>0.509803</speed>
<trueHeading>0.000000</trueHeading>
<magneticHeading>0.000000</magneticHeading>
<gpsHeading>155.489243</gpsHeading>
<haccuracy>5.583000</haccuracy>
<vaccuracy>5.583000</vaccuracy>
<internetconnect>2</internetconnect>
</trkpt>
<trkpt lat="35.819718" lon="139.070634">
<ele>811.666667</ele>
<time>2026-06-13T00:15:22Z</time>
<speed>0.778381</speed>
<trueHeading>0.000000</trueHeading>
<magneticHeading>0.000000</magneticHeading>
<gpsHeading>157.564178</gpsHeading>
<haccuracy>5.562000</haccuracy>
<vaccuracy>5.562000</vaccuracy>
<internetconnect>2</internetconnect>
</trkpt>
<trkpt lat="35.819549" lon="139.070656">
<ele>816.666667</ele>
<time>2026-06-13T00:18:17Z</time>
<speed>1.250000</speed>
<trueHeading>0.000000</trueHeading>
<magneticHeading>0.000000</magneticHeading>
<gpsHeading>173.944916</gpsHeading>
<haccuracy>9.007000</haccuracy>
<vaccuracy>9.007000</vaccuracy>
<internetconnect>2</internetconnect>
</trkpt>
<trkpt lat="35.819551" lon="139.070644">
<ele>819.000000</ele>
<time>2026-06-13T00:20:20Z</time>
<speed>0.000000</speed>
<trueHeading>0.000000</trueHeading>
<magneticHeading>0.000000</magneticHeading>
<gpsHeading>283.855469</gpsHeading>
<haccuracy>9.935000</haccuracy>
<vaccuracy>9.935000</vaccuracy>
<internetconnect>2</internetconnect>
</trkpt>
<trkpt lat="35.819520" lon="139.070629">
<ele>819.000000</ele>
<time>2026-06-13T00:28:27Z</time>
<speed>0.980207</speed>
<trueHeading>0.000000</trueHeading>
<magneticHeading>0.000000</magneticHeading>
<gpsHeading>201.364624</gpsHeading>
<haccuracy>3.456000</haccuracy>
<vaccuracy>3.456000</vaccuracy>
<internetconnect>2</internetconnect>
</trkpt>
<trkpt lat="35.819539" lon="139.070606">
<ele>820.666667</ele>
<time>2026-06-13T00:30:37Z</time>
<speed>0.019793</speed>
<trueHeading>0.000000</trueHeading>
<magneticHeading>0.000000</magneticHeading>
<gpsHeading>316.422913</gpsHeading>
<haccuracy>3.542000</haccuracy>
<vaccuracy>3.542000</vaccuracy>
<internetconnect>2</internetconnect>
</trkpt>
<trkpt lat="35.819279" lon="139.070430">
<ele>820.000000</ele>
<time>2026-06-13T00:31:27Z</time>
<speed>0.018578</speed>
<trueHeading>0.000000</trueHeading>
<magneticHeading>0.000000</magneticHeading>
<gpsHeading>208.756424</gpsHeading>
<haccuracy>3.047000</haccuracy>
<vaccuracy>3.047000</vaccuracy>
<internetconnect>2</internetconnect>
</trkpt>
<trkpt lat="35.818918" lon="139.070177">
<ele>824.333333</ele>
<time>2026-06-13T00:32:15Z</time>
<speed>1.157356</speed>
<trueHeading>0.000000</trueHeading>
<magneticHeading>0.000000</magneticHeading>
<gpsHeading>209.626343</gpsHeading>
<haccuracy>5.651000</haccuracy>
<vaccuracy>5.651000</vaccuracy>
<internetconnect>2</internetconnect>
</trkpt>
<trkpt lat="35.818536" lon="139.070062">
<ele>825.000000</ele>
<time>2026-06-13T00:33:03Z</time>
<speed>1.156065</speed>
<trueHeading>0.000000</trueHeading>
<magneticHeading>0.000000</magneticHeading>
<gpsHeading>193.660828</gpsHeading>
<haccuracy>5.466000</haccuracy>
<vaccuracy>5.466000</vaccuracy>
<internetconnect>2</internetconnect>
</trkpt>
<trkpt lat="35.818455" lon="139.069572">
<ele>829.333333</ele>
<time>2026-06-13T00:33:51Z</time>
<speed>0.952284</speed>
<trueHeading>0.000000</trueHeading>
<magneticHeading>0.000000</magneticHeading>
<gpsHeading>258.537445</gpsHeading>
<haccuracy>6.519000</haccuracy>
<vaccuracy>6.519000</vaccuracy>
<internetconnect>2</internetconnect>
</trkpt>
<trkpt lat="35.818334" lon="139.069240">
<ele>831.666667</ele>
<time>2026-06-13T00:34:41Z</time>
<speed>0.166418</speed>
<trueHeading>0.000000</trueHeading>
<magneticHeading>0.000000</magneticHeading>
<gpsHeading>245.720642</gpsHeading>
<haccuracy>5.030000</haccuracy>
<vaccuracy>5.030000</vaccuracy>
<internetconnect>2</internetconnect>
</trkpt>
<trkpt lat="35.818223" lon="139.068907">
<ele>841.333333</ele>
<time>2026-06-13T00:35:47Z</time>
<speed>0.804146</speed>
<trueHeading>0.000000</trueHeading>
<magneticHeading>0.000000</magneticHeading>
<gpsHeading>247.653534</gpsHeading>
<haccuracy>4.017000</haccuracy>
<vaccuracy>4.017000</vaccuracy>
<internetconnect>2</internetconnect>
</trkpt>
<trkpt lat="35.818288" lon="139.068386">
<ele>845.666667</ele>
<time>2026-06-13T00:36:36Z</time>
<speed>1.037923</speed>
<trueHeading>0.000000</trueHeading>
<magneticHeading>0.000000</magneticHeading>
<gpsHeading>278.774994</gpsHeading>
<haccuracy>5.741000</haccuracy>
<vaccuracy>5.741000</vaccuracy>
<internetconnect>2</internetconnect>
</trkpt>
<trkpt lat="35.818474" lon="139.068130">
<ele>849.333333</ele>
<time>2026-06-13T00:37:34Z</time>
<speed>1.009280</speed>
<trueHeading>0.000000</trueHeading>
<magneticHeading>0.000000</magneticHeading>
<gpsHeading>311.918060</gpsHeading>
<haccuracy>4.540000</haccuracy>
<vaccuracy>4.540000</vaccuracy>
<internetconnect>2</internetconnect>
</trkpt>
<trkpt lat="35.818443" lon="139.067658">
<ele>852.000000</ele>
<time>2026-06-13T00:38:22Z</time>
<speed>0.107962</speed>
<trueHeading>0.000000</trueHeading>
<magneticHeading>0.000000</magneticHeading>
<gpsHeading>265.268250</gpsHeading>
<haccuracy>5.287000</haccuracy>
<vaccuracy>5.287000</vaccuracy>
<internetconnect>2</internetconnect>
</trkpt>
<trkpt lat="35.818207" lon="139.067251">
<ele>857.000000</ele>
<time>2026-06-13T00:39:10Z</time>
<speed>0.383608</speed>
<trueHeading>0.000000</trueHeading>
<magneticHeading>0.000000</magneticHeading>
<gpsHeading>234.495255</gpsHeading>
<haccuracy>5.184000</haccuracy>
<vaccuracy>5.184000</vaccuracy>
<internetconnect>2</internetconnect>
</trkpt>
<trkpt lat="35.818229" lon="139.066882">
<ele>859.333333</ele>
<time>2026-06-13T00:40:34Z</time>
<speed>0.800151</speed>
<trueHeading>0.000000</trueHeading>
<magneticHeading>0.000000</magneticHeading>
<gpsHeading>274.093079</gpsHeading>
<haccuracy>3.743000</haccuracy>
<vaccuracy>3.743000</vaccuracy>
<internetconnect>2</internetconnect>
</trkpt>
<trkpt lat="35.818099" lon="139.066671">
<ele>851.000000</ele>
<time>2026-06-13T00:42:37Z</time>
<speed>0.000000</speed>
<trueHeading>0.000000</trueHeading>
<magneticHeading>0.000000</magneticHeading>
<gpsHeading>232.721497</gpsHeading>
<haccuracy>3.140000</haccuracy>
<vaccuracy>3.140000</vaccuracy>
<internetconnect>2</internetconnect>
</trkpt>
<trkpt lat="35.818249" lon="139.066380">
<ele>849.666667</ele>
<time>2026-06-13T00:44:39Z</time>
<speed>0.038361</speed>
<trueHeading>0.000000</trueHeading>
<magneticHeading>0.000000</magneticHeading>
<gpsHeading>302.555511</gpsHeading>
<haccuracy>3.720000</haccuracy>
<vaccuracy>3.720000</vaccuracy>
<internetconnect>2</internetconnect>
</trkpt>
<trkpt lat="35.818191" lon="139.066755">
<ele>855.000000</ele>
<time>2026-06-13T00:46:04Z</time>
<speed>0.260855</speed>
<trueHeading>0.000000</trueHeading>
<magneticHeading>0.000000</magneticHeading>
<gpsHeading>100.812950</gpsHeading>
<haccuracy>3.114000</haccuracy>
<vaccuracy>3.114000</vaccuracy>
<internetconnect>2</internetconnect>
</trkpt>
<trkpt lat="35.817910" lon="139.066702">
<ele>866.000000</ele>
<time>2026-06-13T00:47:28Z</time>
<speed>0.891178</speed>
<trueHeading>0.000000</trueHeading>
<magneticHeading>0.000000</magneticHeading>
<gpsHeading>188.674255</gpsHeading>
<haccuracy>5.057000</haccuracy>
<vaccuracy>5.057000</vaccuracy>
<internetconnect>2</internetconnect>
</trkpt>
<trkpt lat="35.817858" lon="139.066291">
<ele>874.666667</ele>
<time>2026-06-13T00:48:20Z</time>
<speed>0.046841</speed>
<trueHeading>0.000000</trueHeading>
<magneticHeading>0.000000</magneticHeading>
<gpsHeading>261.236633</gpsHeading>
<haccuracy>5.220000</haccuracy>
<vaccuracy>5.220000</vaccuracy>
<internetconnect>2</internetconnect>
</trkpt>
<trkpt lat="35.817548" lon="139.066267">
<ele>882.333333</ele>
<time>2026-06-13T00:49:08Z</time>
<speed>1.119366</speed>
<trueHeading>0.000000</trueHeading>
<magneticHeading>0.000000</magneticHeading>
<gpsHeading>183.480972</gpsHeading>
<haccuracy>5.816000</haccuracy>
<vaccuracy>5.816000</vaccuracy>
<internetconnect>2</internetconnect>
</trkpt>
<trkpt lat="35.817160" lon="139.066380">
<ele>894.333333</ele>
<time>2026-06-13T00:49:56Z</time>
<speed>1.119667</speed>
<trueHeading>0.000000</trueHeading>
<magneticHeading>0.000000</magneticHeading>
<gpsHeading>166.725250</gpsHeading>
<haccuracy>5.760000</haccuracy>
<vaccuracy>5.760000</vaccuracy>
<internetconnect>2</internetconnect>
</trkpt>
<trkpt lat="35.816831" lon="139.066143">
<ele>900.666667</ele>
<time>2026-06-13T00:50:44Z</time>
<speed>0.981412</speed>
<trueHeading>0.000000</trueHeading>
<magneticHeading>0.000000</magneticHeading>
<gpsHeading>210.367950</gpsHeading>
<haccuracy>5.564000</haccuracy>
<vaccuracy>5.564000</vaccuracy>
<internetconnect>2</internetconnect>
</trkpt>
<trkpt lat="35.816565" lon="139.066015">
<ele>905.333333</ele>
<time>2026-06-13T00:51:41Z</time>
<speed>0.020288</speed>
<trueHeading>0.000000</trueHeading>
<magneticHeading>0.000000</magneticHeading>
<gpsHeading>201.189316</gpsHeading>
<haccuracy>4.888000</haccuracy>
<vaccuracy>4.888000</vaccuracy>
<internetconnect>2</internetconnect>
</trkpt>
<trkpt lat="35.816295" lon="139.066137">
<ele>907.000000</ele>
<time>2026-06-13T00:52:52Z</time>
<speed>0.746642</speed>
<trueHeading>0.000000</trueHeading>
<magneticHeading>0.000000</magneticHeading>
<gpsHeading>159.854889</gpsHeading>
<haccuracy>3.840000</haccuracy>
<vaccuracy>3.840000</vaccuracy>
<internetconnect>2</internetconnect>
</trkpt>
<trkpt lat="35.816348" lon="139.065801">
<ele>910.000000</ele>
<time>2026-06-13T00:54:54Z</time>
<speed>0.066164</speed>
<trueHeading>0.000000</trueHeading>
<magneticHeading>0.000000</magneticHeading>
<gpsHeading>281.076050</gpsHeading>
<haccuracy>3.000000</haccuracy>
<vaccuracy>3.000000</vaccuracy>
<internetconnect>2</internetconnect>
</trkpt>
<trkpt lat="35.816485" lon="139.065483">
<ele>911.333333</ele>
<time>2026-06-13T00:55:43Z</time>
<speed>0.197923</speed>
<trueHeading>0.000000</trueHeading>
<magneticHeading>0.000000</magneticHeading>
<gpsHeading>298.003479</gpsHeading>
<haccuracy>4.117000</haccuracy>
<vaccuracy>4.117000</vaccuracy>
<internetconnect>2</internetconnect>
</trkpt>
<trkpt lat="35.816660" lon="139.064771">
<ele>912.000000</ele>
<time>2026-06-13T00:56:31Z</time>
<speed>1.288165</speed>
<trueHeading>0.000000</trueHeading>
<magneticHeading>0.000000</magneticHeading>
<gpsHeading>286.839691</gpsHeading>
<haccuracy>5.230000</haccuracy>
<vaccuracy>5.230000</vaccuracy>
<internetconnect>2</internetconnect>
</trkpt>
<trkpt lat="35.816924" lon="139.064528">
<ele>919.333333</ele>
<time>2026-06-13T00:57:19Z</time>
<speed>0.718681</speed>
<trueHeading>0.000000</trueHeading>
<magneticHeading>0.000000</magneticHeading>
<gpsHeading>323.275848</gpsHeading>
<haccuracy>5.714000</haccuracy>
<vaccuracy>5.714000</vaccuracy>
<internetconnect>2</internetconnect>
</trkpt>
<trkpt lat="35.816954" lon="139.064026">
<ele>927.666667</ele>
<time>2026-06-13T00:58:08Z</time>
<speed>0.161269</speed>
<trueHeading>0.000000</trueHeading>
<magneticHeading>0.000000</magneticHeading>
<gpsHeading>274.224762</gpsHeading>
<haccuracy>4.519000</haccuracy>
<vaccuracy>4.519000</vaccuracy>
<internetconnect>2</internetconnect>
</trkpt>
<trkpt lat="35.817008" lon="139.063685">
<ele>937.333333</ele>
<time>2026-06-13T00:59:37Z</time>
<speed>0.971857</speed>
<trueHeading>0.000000</trueHeading>
<magneticHeading>0.000000</magneticHeading>
<gpsHeading>281.159485</gpsHeading>
<haccuracy>6.002000</haccuracy>
<vaccuracy>6.002000</vaccuracy>
<internetconnect>2</internetconnect>
</trkpt>
<trkpt lat="35.816963" lon="139.063252">
<ele>944.666667</ele>
<time>2026-06-13T01:00:26Z</time>
<speed>0.977571</speed>
<trueHeading>0.000000</trueHeading>
<magneticHeading>0.000000</magneticHeading>
<gpsHeading>262.605377</gpsHeading>
<haccuracy>4.779000</haccuracy>
<vaccuracy>4.779000</vaccuracy>
<internetconnect>2</internetconnect>
</trkpt>
<trkpt lat="35.816823" lon="139.062826">
<ele>952.666667</ele>
<time>2026-06-13T01:01:14Z</time>
<speed>1.093923</speed>
<trueHeading>0.000000</trueHeading>
<magneticHeading>0.000000</magneticHeading>
<gpsHeading>247.923996</gpsHeading>
<haccuracy>5.048000</haccuracy>
<vaccuracy>5.048000</vaccuracy>
<internetconnect>2</internetconnect>
</trkpt>
<trkpt lat="35.816703" lon="139.062505">
<ele>958.666667</ele>
<time>2026-06-13T01:03:02Z</time>
<speed>0.731039</speed>
<trueHeading>0.000000</trueHeading>
<magneticHeading>0.000000</magneticHeading>
<gpsHeading>245.324493</gpsHeading>
<haccuracy>3.035000</haccuracy>
<vaccuracy>3.035000</vaccuracy>
<internetconnect>2</internetconnect>
</trkpt>
<trkpt lat="35.816784" lon="139.062276">
<ele>961.666667</ele>
<time>2026-06-13T01:05:06Z</time>
<speed>0.168634</speed>
<trueHeading>0.000000</trueHeading>
<magneticHeading>0.000000</magneticHeading>
<gpsHeading>293.670471</gpsHeading>
<haccuracy>3.595000</haccuracy>
<vaccuracy>3.595000</vaccuracy>
<internetconnect>2</internetconnect>
</trkpt>
<trkpt lat="35.816853" lon="139.061912">
<ele>962.333333</ele>
<time>2026-06-13T01:06:08Z</time>
<speed>0.931033</speed>
<trueHeading>0.000000</trueHeading>
<magneticHeading>0.000000</magneticHeading>
<gpsHeading>283.024109</gpsHeading>
<haccuracy>3.202000</haccuracy>
<vaccuracy>3.202000</vaccuracy>
<internetconnect>2</internetconnect>
</trkpt>
<trkpt lat="35.816866" lon="139.061562">
<ele>962.333333</ele>
<time>2026-06-13T01:07:08Z</time>
<speed>0.592786</speed>
<trueHeading>0.000000</trueHeading>
<magneticHeading>0.000000</magneticHeading>
<gpsHeading>272.767548</gpsHeading>
<haccuracy>3.229000</haccuracy>
<vaccuracy>3.229000</vaccuracy>
<internetconnect>2</internetconnect>
</trkpt>
<trkpt lat="35.816970" lon="139.061498">
<ele>966.000000</ele>
<time>2026-06-13T01:09:31Z</time>
<speed>0.000000</speed>
<trueHeading>0.000000</trueHeading>
<magneticHeading>0.000000</magneticHeading>
<gpsHeading>333.003143</gpsHeading>
<haccuracy>5.333000</haccuracy>
<vaccuracy>5.333000</vaccuracy>
<internetconnect>2</internetconnect>
</trkpt>
<trkpt lat="35.817089" lon="139.061180">
<ele>970.666667</ele>
<time>2026-06-13T01:10:46Z</time>
<speed>0.406093</speed>
<trueHeading>0.000000</trueHeading>
<magneticHeading>0.000000</magneticHeading>
<gpsHeading>294.827576</gpsHeading>
<haccuracy>3.009000</haccuracy>
<vaccuracy>3.009000</vaccuracy>
<internetconnect>2</internetconnect>
</trkpt>
<trkpt lat="35.817258" lon="139.061053">
<ele>977.666667</ele>
<time>2026-06-13T01:13:08Z</time>
<speed>0.092483</speed>
<trueHeading>0.000000</trueHeading>
<magneticHeading>0.000000</magneticHeading>
<gpsHeading>328.668335</gpsHeading>
<haccuracy>3.000000</haccuracy>
<vaccuracy>3.000000</vaccuracy>
<internetconnect>2</internetconnect>
</trkpt>
<trkpt lat="35.817489" lon="139.061144">
<ele>983.000000</ele>
<time>2026-06-13T01:15:10Z</time>
<speed>0.090885</speed>
<trueHeading>0.000000</trueHeading>
<magneticHeading>0.000000</magneticHeading>
<gpsHeading>17.799553</gpsHeading>
<haccuracy>3.000000</haccuracy>
<vaccuracy>3.000000</vaccuracy>
<internetconnect>2</internetconnect>
</trkpt>
<trkpt lat="35.817443" lon="139.060977">
<ele>990.000000</ele>
<time>2026-06-13T01:17:11Z</time>
<speed>0.180676</speed>
<trueHeading>0.000000</trueHeading>
<magneticHeading>0.000000</magneticHeading>
<gpsHeading>251.128326</gpsHeading>
<haccuracy>5.329000</haccuracy>
<vaccuracy>5.329000</vaccuracy>
<internetconnect>2</internetconnect>
</trkpt>
<trkpt lat="35.817373" lon="139.060669">
<ele>997.000000</ele>
<time>2026-06-13T01:19:13Z</time>
<speed>0.081579</speed>
<trueHeading>0.000000</trueHeading>
<magneticHeading>0.000000</magneticHeading>
<gpsHeading>254.525085</gpsHeading>
<haccuracy>7.375000</haccuracy>
<vaccuracy>7.375000</vaccuracy>
<internetconnect>2</internetconnect>
</trkpt>
<trkpt lat="35.817306" lon="139.060610">
<ele>999.666667</ele>
<time>2026-06-13T01:21:19Z</time>
<speed>0.374471</speed>
<trueHeading>0.000000</trueHeading>
<magneticHeading>0.000000</magneticHeading>
<gpsHeading>215.316483</gpsHeading>
<haccuracy>3.000000</haccuracy>
<vaccuracy>3.000000</vaccuracy>
<internetconnect>2</internetconnect>
</trkpt>
<trkpt lat="35.817520" lon="139.060892">
<ele>992.666667</ele>
<time>2026-06-13T01:23:23Z</time>
<speed>0.190000</speed>
<trueHeading>0.000000</trueHeading>
<magneticHeading>0.000000</magneticHeading>
<gpsHeading>46.978310</gpsHeading>
<haccuracy>10.251000</haccuracy>
<vaccuracy>10.251000</vaccuracy>
<internetconnect>2</internetconnect>
</trkpt>
<trkpt lat="35.817488" lon="139.061215">
<ele>985.333333</ele>
<time>2026-06-13T01:25:28Z</time>
<speed>0.000000</speed>
<trueHeading>0.000000</trueHeading>
<magneticHeading>0.000000</magneticHeading>
<gpsHeading>96.866310</gpsHeading>
<haccuracy>11.059000</haccuracy>
<vaccuracy>11.059000</vaccuracy>
<internetconnect>2</internetconnect>
</trkpt>
<trkpt lat="35.817683" lon="139.061256">
<ele>981.666667</ele>
<time>2026-06-13T01:27:31Z</time>
<speed>0.000000</speed>
<trueHeading>0.000000</trueHeading>
<magneticHeading>0.000000</magneticHeading>
<gpsHeading>9.814389</gpsHeading>
<haccuracy>5.740000</haccuracy>
<vaccuracy>5.740000</vaccuracy>
<internetconnect>2</internetconnect>
</trkpt>
<trkpt lat="35.817903" lon="139.061350">
<ele>981.666667</ele>
<time>2026-06-13T01:29:33Z</time>
<speed>0.260000</speed>
<trueHeading>0.000000</trueHeading>
<magneticHeading>0.000000</magneticHeading>
<gpsHeading>18.931694</gpsHeading>
<haccuracy>10.443000</haccuracy>
<vaccuracy>10.443000</vaccuracy>
<internetconnect>2</internetconnect>
</trkpt>
<trkpt lat="35.817942" lon="139.061413">
<ele>992.666667</ele>
<time>2026-06-13T01:31:40Z</time>
<speed>1.750000</speed>
<trueHeading>0.000000</trueHeading>
<magneticHeading>0.000000</magneticHeading>
<gpsHeading>53.285809</gpsHeading>
<haccuracy>5.663000</haccuracy>
<vaccuracy>5.663000</vaccuracy>
<internetconnect>2</internetconnect>
</trkpt>
<trkpt lat="35.818107" lon="139.061115">
<ele>992.000000</ele>
<time>2026-06-13T01:33:23Z</time>
<speed>0.980000</speed>
<trueHeading>0.000000</trueHeading>
<magneticHeading>0.000000</magneticHeading>
<gpsHeading>304.437592</gpsHeading>
<haccuracy>7.652000</haccuracy>
<vaccuracy>7.652000</vaccuracy>
<internetconnect>2</internetconnect>
</trkpt>
<trkpt lat="35.817984" lon="139.061457">
<ele>995.000000</ele>
<time>2026-06-13T01:34:10Z</time>
<speed>0.270000</speed>
<trueHeading>0.000000</trueHeading>
<magneticHeading>0.000000</magneticHeading>
<gpsHeading>114.031754</gpsHeading>
<haccuracy>7.693000</haccuracy>
<vaccuracy>7.693000</vaccuracy>
<internetconnect>2</internetconnect>
</trkpt>
<trkpt lat="35.818035" lon="139.061459">
<ele>983.333333</ele>
<time>2026-06-13T01:37:58Z</time>
<speed>0.000000</speed>
<trueHeading>0.000000</trueHeading>
<magneticHeading>0.000000</magneticHeading>
<gpsHeading>1.437532</gpsHeading>
<haccuracy>10.412000</haccuracy>
<vaccuracy>10.412000</vaccuracy>
<internetconnect>2</internetconnect>
</trkpt>
<trkpt lat="35.818204" lon="139.061745">
<ele>979.666667</ele>
<time>2026-06-13T01:40:00Z</time>
<speed>0.000000</speed>
<trueHeading>0.000000</trueHeading>
<magneticHeading>0.000000</magneticHeading>
<gpsHeading>53.982773</gpsHeading>
<haccuracy>10.965000</haccuracy>
<vaccuracy>10.965000</vaccuracy>
<internetconnect>0</internetconnect>
</trkpt>
<trkpt lat="35.818191" lon="139.061776">
<ele>970.666667</ele>
<time>2026-06-13T01:42:36Z</time>
<speed>0.870000</speed>
<trueHeading>0.000000</trueHeading>
<magneticHeading>0.000000</magneticHeading>
<gpsHeading>116.762932</gpsHeading>
<haccuracy>11.792000</haccuracy>
<vaccuracy>11.792000</vaccuracy>
<internetconnect>0</internetconnect>
</trkpt>
<trkpt lat="35.818296" lon="139.061954">
<ele>964.666667</ele>
<time>2026-06-13T01:44:40Z</time>
<speed>0.740000</speed>
<trueHeading>0.000000</trueHeading>
<magneticHeading>0.000000</magneticHeading>
<gpsHeading>53.913418</gpsHeading>
<haccuracy>7.184000</haccuracy>
<vaccuracy>7.184000</vaccuracy>
<internetconnect>0</internetconnect>
</trkpt>
<trkpt lat="35.818289" lon="139.061991">
<ele>954.333333</ele>
<time>2026-06-13T01:46:42Z</time>
<speed>1.650000</speed>
<trueHeading>0.000000</trueHeading>
<magneticHeading>0.000000</magneticHeading>
<gpsHeading>103.675102</gpsHeading>
<haccuracy>7.060000</haccuracy>
<vaccuracy>7.060000</vaccuracy>
<internetconnect>0</internetconnect>
</trkpt>
<trkpt lat="35.818116" lon="139.062015">
<ele>953.000000</ele>
<time>2026-06-13T01:48:48Z</time>
<speed>0.000000</speed>
<trueHeading>0.000000</trueHeading>
<magneticHeading>0.000000</magneticHeading>
<gpsHeading>173.551468</gpsHeading>
<haccuracy>11.628000</haccuracy>
<vaccuracy>11.628000</vaccuracy>
<internetconnect>0</internetconnect>
</trkpt>
<trkpt lat="35.818139" lon="139.061876">
<ele>951.666667</ele>
<time>2026-06-13T01:50:54Z</time>
<speed>0.900000</speed>
<trueHeading>0.000000</trueHeading>
<magneticHeading>0.000000</magneticHeading>
<gpsHeading>281.712097</gpsHeading>
<haccuracy>11.992000</haccuracy>
<vaccuracy>11.992000</vaccuracy>
<internetconnect>2</internetconnect>
</trkpt>
<trkpt lat="35.818110" lon="139.061879">
<ele>959.666667</ele>
<time>2026-06-13T01:53:29Z</time>
<speed>0.000000</speed>
<trueHeading>0.000000</trueHeading>
<magneticHeading>0.000000</magneticHeading>
<gpsHeading>175.884369</gpsHeading>
<haccuracy>10.887000</haccuracy>
<vaccuracy>10.887000</vaccuracy>
<internetconnect>2</internetconnect>
</trkpt>
<trkpt lat="35.818083" lon="139.061722">
<ele>962.000000</ele>
<time>2026-06-13T01:55:37Z</time>
<speed>0.000000</speed>
<trueHeading>0.000000</trueHeading>
<magneticHeading>0.000000</magneticHeading>
<gpsHeading>257.810730</gpsHeading>
<haccuracy>4.745000</haccuracy>
<vaccuracy>4.745000</vaccuracy>
<internetconnect>2</internetconnect>
</trkpt>
<trkpt lat="35.818097" lon="139.061798">
<ele>964.333333</ele>
<time>2026-06-13T01:57:46Z</time>
<speed>0.000000</speed>
<trueHeading>0.000000</trueHeading>
<magneticHeading>0.000000</magneticHeading>
<gpsHeading>76.478722</gpsHeading>
<haccuracy>10.959000</haccuracy>
<vaccuracy>10.959000</vaccuracy>
<internetconnect>2</internetconnect>
</trkpt>
<trkpt lat="35.818137" lon="139.061762">
<ele>961.666667</ele>
<time>2026-06-13T02:00:16Z</time>
<speed>0.000000</speed>
<trueHeading>0.000000</trueHeading>
<magneticHeading>0.000000</magneticHeading>
<gpsHeading>323.862915</gpsHeading>
<haccuracy>13.318000</haccuracy>
<vaccuracy>13.318000</vaccuracy>
<internetconnect>2</internetconnect>
</trkpt>
<trkpt lat="35.817845" lon="139.061685">
<ele>961.666667</ele>
<time>2026-06-13T02:01:40Z</time>
<speed>3.070000</speed>
<trueHeading>0.000000</trueHeading>
<magneticHeading>0.000000</magneticHeading>
<gpsHeading>192.145737</gpsHeading>
<haccuracy>11.728000</haccuracy>
<vaccuracy>11.728000</vaccuracy>
<internetconnect>2</internetconnect>
</trkpt>
<trkpt lat="35.817900" lon="139.061641">
<ele>958.000000</ele>
<time>2026-06-13T02:03:43Z</time>
<speed>0.000000</speed>
<trueHeading>0.000000</trueHeading>
<magneticHeading>0.000000</magneticHeading>
<gpsHeading>327.111176</gpsHeading>
<haccuracy>11.179000</haccuracy>
<vaccuracy>11.179000</vaccuracy>
<internetconnect>2</internetconnect>
</trkpt>
<trkpt lat="35.818073" lon="139.061880">
<ele>954.000000</ele>
<time>2026-06-13T02:05:45Z</time>
<speed>0.370000</speed>
<trueHeading>0.000000</trueHeading>
<magneticHeading>0.000000</magneticHeading>
<gpsHeading>48.257534</gpsHeading>
<haccuracy>11.099000</haccuracy>
<vaccuracy>11.099000</vaccuracy>
<internetconnect>2</internetconnect>
</trkpt>
<trkpt lat="35.818185" lon="139.062017">
<ele>952.333333</ele>
<time>2026-06-13T02:07:48Z</time>
<speed>0.000000</speed>
<trueHeading>0.000000</trueHeading>
<magneticHeading>0.000000</magneticHeading>
<gpsHeading>44.827030</gpsHeading>
<haccuracy>10.788000</haccuracy>
<vaccuracy>10.788000</vaccuracy>
<internetconnect>2</internetconnect>
</trkpt>
<trkpt lat="35.818317" lon="139.062032">
<ele>950.000000</ele>
<time>2026-06-13T02:09:54Z</time>
<speed>0.000000</speed>
<trueHeading>0.000000</trueHeading>
<magneticHeading>0.000000</magneticHeading>
<gpsHeading>5.283641</gpsHeading>
<haccuracy>12.901000</haccuracy>
<vaccuracy>12.901000</vaccuracy>
<internetconnect>2</internetconnect>
</trkpt>
<trkpt lat="35.818471" lon="139.062352">
<ele>949.333333</ele>
<time>2026-06-13T02:11:08Z</time>
<speed>2.510000</speed>
<trueHeading>0.000000</trueHeading>
<magneticHeading>0.000000</magneticHeading>
<gpsHeading>59.431339</gpsHeading>
<haccuracy>13.637000</haccuracy>
<vaccuracy>13.637000</vaccuracy>
<internetconnect>2</internetconnect>
</trkpt>
<trkpt lat="35.818436" lon="139.062323">
<ele>941.000000</ele>
<time>2026-06-13T02:13:11Z</time>
<speed>0.243820</speed>
<trueHeading>0.000000</trueHeading>
<magneticHeading>0.000000</magneticHeading>
<gpsHeading>215.140503</gpsHeading>
<haccuracy>3.351000</haccuracy>
<vaccuracy>3.351000</vaccuracy>
<internetconnect>2</internetconnect>
</trkpt>
<trkpt lat="35.818436" lon="139.062462">
<ele>939.333333</ele>
<time>2026-06-13T02:15:18Z</time>
<speed>0.148059</speed>
<trueHeading>0.000000</trueHeading>
<magneticHeading>0.000000</magneticHeading>
<gpsHeading>90.404915</gpsHeading>
<haccuracy>5.505000</haccuracy>
<vaccuracy>5.505000</vaccuracy>
<internetconnect>2</internetconnect>
</trkpt>
<trkpt lat="35.818465" lon="139.062393">
<ele>938.666667</ele>
<time>2026-06-13T02:17:22Z</time>
<speed>0.166273</speed>
<trueHeading>0.000000</trueHeading>
<magneticHeading>0.000000</magneticHeading>
<gpsHeading>297.229767</gpsHeading>
<haccuracy>3.000000</haccuracy>
<vaccuracy>3.000000</vaccuracy>
<internetconnect>2</internetconnect>
</trkpt>
<trkpt lat="35.818463" lon="139.062441">
<ele>941.000000</ele>
<time>2026-06-13T02:21:59Z</time>
<speed>0.182687</speed>
<trueHeading>0.000000</trueHeading>
<magneticHeading>0.000000</magneticHeading>
<gpsHeading>92.480278</gpsHeading>
<haccuracy>5.492000</haccuracy>
<vaccuracy>5.492000</vaccuracy>
<internetconnect>2</internetconnect>
</trkpt>
<trkpt lat="35.818500" lon="139.062420">
<ele>942.666667</ele>
<time>2026-06-13T02:25:53Z</time>
<speed>0.913063</speed>
<trueHeading>0.000000</trueHeading>
<magneticHeading>0.000000</magneticHeading>
<gpsHeading>334.625702</gpsHeading>
<haccuracy>8.442000</haccuracy>
<vaccuracy>8.442000</vaccuracy>
<internetconnect>2</internetconnect>
</trkpt>
<trkpt lat="35.818489" lon="139.062337">
<ele>947.666667</ele>
<time>2026-06-13T02:27:58Z</time>
<speed>0.919372</speed>
<trueHeading>0.000000</trueHeading>
<magneticHeading>0.000000</magneticHeading>
<gpsHeading>260.446442</gpsHeading>
<haccuracy>3.860000</haccuracy>
<vaccuracy>3.860000</vaccuracy>
<internetconnect>2</internetconnect>
</trkpt>
<trkpt lat="35.818620" lon="139.062028">
<ele>955.000000</ele>
<time>2026-06-13T02:29:49Z</time>
<speed>0.852594</speed>
<trueHeading>0.000000</trueHeading>
<magneticHeading>0.000000</magneticHeading>
<gpsHeading>297.676331</gpsHeading>
<haccuracy>6.931000</haccuracy>
<vaccuracy>6.931000</vaccuracy>
<internetconnect>2</internetconnect>
</trkpt>
<trkpt lat="35.818672" lon="139.061672">
<ele>969.333333</ele>
<time>2026-06-13T02:31:17Z</time>
<speed>0.400000</speed>
<trueHeading>0.000000</trueHeading>
<magneticHeading>0.000000</magneticHeading>
<gpsHeading>280.175873</gpsHeading>
<haccuracy>10.444000</haccuracy>
<vaccuracy>10.444000</vaccuracy>
<internetconnect>2</internetconnect>
</trkpt>
<trkpt lat="35.818551" lon="139.061405">
<ele>980.666667</ele>
<time>2026-06-13T02:33:43Z</time>
<speed>0.532048</speed>
<trueHeading>0.000000</trueHeading>
<magneticHeading>0.000000</magneticHeading>
<gpsHeading>240.750458</gpsHeading>
<haccuracy>11.539000</haccuracy>
<vaccuracy>11.539000</vaccuracy>
<internetconnect>2</internetconnect>
</trkpt>
<trkpt lat="35.818746" lon="139.061149">
<ele>992.000000</ele>
<time>2026-06-13T02:35:27Z</time>
<speed>0.214500</speed>
<trueHeading>0.000000</trueHeading>
<magneticHeading>0.000000</magneticHeading>
<gpsHeading>313.236237</gpsHeading>
<haccuracy>6.736000</haccuracy>
<vaccuracy>6.736000</vaccuracy>
<internetconnect>2</internetconnect>
</trkpt>
<trkpt lat="35.818931" lon="139.060969">
<ele>994.333333</ele>
<time>2026-06-13T02:37:28Z</time>
<speed>0.000000</speed>
<trueHeading>0.000000</trueHeading>
<magneticHeading>0.000000</magneticHeading>
<gpsHeading>321.740204</gpsHeading>
<haccuracy>5.737000</haccuracy>
<vaccuracy>5.737000</vaccuracy>
<internetconnect>2</internetconnect>
</trkpt>
<trkpt lat="35.819126" lon="139.061088">
<ele>997.666667</ele>
<time>2026-06-13T02:39:31Z</time>
<speed>0.590000</speed>
<trueHeading>0.000000</trueHeading>
<magneticHeading>0.000000</magneticHeading>
<gpsHeading>26.382204</gpsHeading>
<haccuracy>7.083000</haccuracy>
<vaccuracy>7.083000</vaccuracy>
<internetconnect>2</internetconnect>
</trkpt>
<trkpt lat="35.819196" lon="139.061102">
<ele>1007.000000</ele>
<time>2026-06-13T02:42:12Z</time>
<speed>2.300000</speed>
<trueHeading>0.000000</trueHeading>
<magneticHeading>0.000000</magneticHeading>
<gpsHeading>9.537038</gpsHeading>
<haccuracy>10.463000</haccuracy>
<vaccuracy>10.463000</vaccuracy>
<internetconnect>2</internetconnect>
</trkpt>
<trkpt lat="35.819314" lon="139.060808">
<ele>1020.666667</ele>
<time>2026-06-13T02:44:16Z</time>
<speed>0.207223</speed>
<trueHeading>0.000000</trueHeading>
<magneticHeading>0.000000</magneticHeading>
<gpsHeading>296.450073</gpsHeading>
<haccuracy>3.600000</haccuracy>
<vaccuracy>3.600000</vaccuracy>
<internetconnect>2</internetconnect>
</trkpt>
<trkpt lat="35.819503" lon="139.060686">
<ele>1036.000000</ele>
<time>2026-06-13T02:46:19Z</time>
<speed>0.810000</speed>
<trueHeading>0.000000</trueHeading>
<magneticHeading>0.000000</magneticHeading>
<gpsHeading>332.338806</gpsHeading>
<haccuracy>11.303000</haccuracy>
<vaccuracy>11.303000</vaccuracy>
<internetconnect>2</internetconnect>
</trkpt>
<trkpt lat="35.819573" lon="139.060468">
<ele>1043.666667</ele>
<time>2026-06-13T02:48:22Z</time>
<speed>0.000000</speed>
<trueHeading>0.000000</trueHeading>
<magneticHeading>0.000000</magneticHeading>
<gpsHeading>291.510406</gpsHeading>
<haccuracy>11.026000</haccuracy>
<vaccuracy>11.026000</vaccuracy>
<internetconnect>2</internetconnect>
</trkpt>
<trkpt lat="35.819640" lon="139.060552">
<ele>1046.000000</ele>
<time>2026-06-13T02:51:17Z</time>
<speed>0.860000</speed>
<trueHeading>0.000000</trueHeading>
<magneticHeading>0.000000</magneticHeading>
<gpsHeading>45.411922</gpsHeading>
<haccuracy>10.819000</haccuracy>
<vaccuracy>10.819000</vaccuracy>
<internetconnect>2</internetconnect>
</trkpt>
<trkpt lat="35.819761" lon="139.060709">
<ele>1047.666667</ele>
<time>2026-06-13T02:53:21Z</time>
<speed>1.530000</speed>
<trueHeading>0.000000</trueHeading>
<magneticHeading>0.000000</magneticHeading>
<gpsHeading>46.520191</gpsHeading>
<haccuracy>10.915000</haccuracy>
<vaccuracy>10.915000</vaccuracy>
<internetconnect>2</internetconnect>
</trkpt>
<trkpt lat="35.819808" lon="139.060664">
<ele>1053.333333</ele>
<time>2026-06-13T02:55:44Z</time>
<speed>0.000000</speed>
<trueHeading>0.000000</trueHeading>
<magneticHeading>0.000000</magneticHeading>
<gpsHeading>322.126740</gpsHeading>
<haccuracy>8.002000</haccuracy>
<vaccuracy>8.002000</vaccuracy>
<internetconnect>2</internetconnect>
</trkpt>
<trkpt lat="35.819945" lon="139.060588">
<ele>1061.000000</ele>
<time>2026-06-13T02:57:47Z</time>
<speed>0.000000</speed>
<trueHeading>0.000000</trueHeading>
<magneticHeading>0.000000</magneticHeading>
<gpsHeading>335.902466</gpsHeading>
<haccuracy>10.682000</haccuracy>
<vaccuracy>10.682000</vaccuracy>
<internetconnect>2</internetconnect>
</trkpt>
<trkpt lat="35.820095" lon="139.060597">
<ele>1066.000000</ele>
<time>2026-06-13T02:59:51Z</time>
<speed>0.000000</speed>
<trueHeading>0.000000</trueHeading>
<magneticHeading>0.000000</magneticHeading>
<gpsHeading>2.613829</gpsHeading>
<haccuracy>5.244000</haccuracy>
<vaccuracy>5.244000</vaccuracy>
<internetconnect>2</internetconnect>
</trkpt>
<trkpt lat="35.820141" lon="139.060566">
<ele>1067.666667</ele>
<time>2026-06-13T03:01:57Z</time>
<speed>0.527592</speed>
<trueHeading>0.000000</trueHeading>
<magneticHeading>0.000000</magneticHeading>
<gpsHeading>331.915741</gpsHeading>
<haccuracy>4.804000</haccuracy>
<vaccuracy>4.804000</vaccuracy>
<internetconnect>2</internetconnect>
</trkpt>
<trkpt lat="35.820421" lon="139.060433">
<ele>1065.000000</ele>
<time>2026-06-13T03:02:47Z</time>
<speed>0.000000</speed>
<trueHeading>0.000000</trueHeading>
<magneticHeading>0.000000</magneticHeading>
<gpsHeading>338.898315</gpsHeading>
<haccuracy>12.764000</haccuracy>
<vaccuracy>12.764000</vaccuracy>
<internetconnect>2</internetconnect>
</trkpt>
<trkpt lat="35.820644" lon="139.060499">
<ele>1066.000000</ele>
<time>2026-06-13T03:05:07Z</time>
<speed>0.000000</speed>
<trueHeading>0.000000</trueHeading>
<magneticHeading>0.000000</magneticHeading>
<gpsHeading>13.567762</gpsHeading>
<haccuracy>12.669000</haccuracy>
<vaccuracy>12.669000</vaccuracy>
<internetconnect>2</internetconnect>
</trkpt>
<trkpt lat="35.820714" lon="139.060457">
<ele>1064.666667</ele>
<time>2026-06-13T03:08:17Z</time>
<speed>0.310000</speed>
<trueHeading>0.000000</trueHeading>
<magneticHeading>0.000000</magneticHeading>
<gpsHeading>333.572083</gpsHeading>
<haccuracy>5.904000</haccuracy>
<vaccuracy>5.904000</vaccuracy>
<internetconnect>2</internetconnect>
</trkpt>
<trkpt lat="35.820760" lon="139.060804">
<ele>1073.666667</ele>
<time>2026-06-13T03:09:08Z</time>
<speed>0.000000</speed>
<trueHeading>0.000000</trueHeading>
<magneticHeading>0.000000</magneticHeading>
<gpsHeading>80.671310</gpsHeading>
<haccuracy>10.389000</haccuracy>
<vaccuracy>10.389000</vaccuracy>
<internetconnect>2</internetconnect>
</trkpt>
<trkpt lat="35.821038" lon="139.061290">
<ele>1074.000000</ele>
<time>2026-06-13T03:10:59Z</time>
<speed>4.960000</speed>
<trueHeading>0.000000</trueHeading>
<magneticHeading>0.000000</magneticHeading>
<gpsHeading>54.801605</gpsHeading>
<haccuracy>14.069000</haccuracy>
<vaccuracy>14.069000</vaccuracy>
<internetconnect>2</internetconnect>
</trkpt>
<trkpt lat="35.820857" lon="139.060886">
<ele>1075.000000</ele>
<time>2026-06-13T03:11:52Z</time>
<speed>0.000000</speed>
<trueHeading>0.000000</trueHeading>
<magneticHeading>0.000000</magneticHeading>
<gpsHeading>241.065979</gpsHeading>
<haccuracy>8.689000</haccuracy>
<vaccuracy>8.689000</vaccuracy>
<internetconnect>2</internetconnect>
</trkpt>
<trkpt lat="35.820835" lon="139.060917">
<ele>1066.333333</ele>
<time>2026-06-13T03:14:33Z</time>
<speed>0.000000</speed>
<trueHeading>0.000000</trueHeading>
<magneticHeading>0.000000</magneticHeading>
<gpsHeading>130.751785</gpsHeading>
<haccuracy>11.145000</haccuracy>
<vaccuracy>11.145000</vaccuracy>
<internetconnect>2</internetconnect>
</trkpt>
<trkpt lat="35.820762" lon="139.061212">
<ele>1062.666667</ele>
<time>2026-06-13T03:16:37Z</time>
<speed>0.560000</speed>
<trueHeading>0.000000</trueHeading>
<magneticHeading>0.000000</magneticHeading>
<gpsHeading>106.970825</gpsHeading>
<haccuracy>10.688000</haccuracy>
<vaccuracy>10.688000</vaccuracy>
<internetconnect>2</internetconnect>
</trkpt>
<trkpt lat="35.820758" lon="139.061565">
<ele>1059.333333</ele>
<time>2026-06-13T03:18:36Z</time>
<speed>0.000000</speed>
<trueHeading>0.000000</trueHeading>
<magneticHeading>0.000000</magneticHeading>
<gpsHeading>90.980202</gpsHeading>
<haccuracy>11.323000</haccuracy>
<vaccuracy>11.323000</vaccuracy>
<internetconnect>2</internetconnect>
</trkpt>
<trkpt lat="35.820812" lon="139.061866">
<ele>1060.666667</ele>
<time>2026-06-13T03:20:39Z</time>
<speed>0.330000</speed>
<trueHeading>0.000000</trueHeading>
<magneticHeading>0.000000</magneticHeading>
<gpsHeading>77.428535</gpsHeading>
<haccuracy>5.160000</haccuracy>
<vaccuracy>5.160000</vaccuracy>
<internetconnect>2</internetconnect>
</trkpt>
<trkpt lat="35.820966" lon="139.062163">
<ele>1061.000000</ele>
<time>2026-06-13T03:22:10Z</time>
<speed>0.294884</speed>
<trueHeading>0.000000</trueHeading>
<magneticHeading>0.000000</magneticHeading>
<gpsHeading>57.444042</gpsHeading>
<haccuracy>5.468000</haccuracy>
<vaccuracy>5.468000</vaccuracy>
<internetconnect>2</internetconnect>
</trkpt>
<trkpt lat="35.820960" lon="139.062409">
<ele>1060.666667</ele>
<time>2026-06-13T03:24:25Z</time>
<speed>1.847467</speed>
<trueHeading>0.000000</trueHeading>
<magneticHeading>0.000000</magneticHeading>
<gpsHeading>91.723633</gpsHeading>
<haccuracy>3.874000</haccuracy>
<vaccuracy>3.874000</vaccuracy>
<internetconnect>2</internetconnect>
</trkpt>
<trkpt lat="35.821187" lon="139.062678">
<ele>1058.000000</ele>
<time>2026-06-13T03:25:16Z</time>
<speed>0.896055</speed>
<trueHeading>0.000000</trueHeading>
<magneticHeading>0.000000</magneticHeading>
<gpsHeading>43.872246</gpsHeading>
<haccuracy>3.012000</haccuracy>
<vaccuracy>3.012000</vaccuracy>
<internetconnect>2</internetconnect>
</trkpt>
<trkpt lat="35.821506" lon="139.062863">
<ele>1056.000000</ele>
<time>2026-06-13T03:27:02Z</time>
<speed>1.016201</speed>
<trueHeading>0.000000</trueHeading>
<magneticHeading>0.000000</magneticHeading>
<gpsHeading>25.099377</gpsHeading>
<haccuracy>3.342000</haccuracy>
<vaccuracy>3.342000</vaccuracy>
<internetconnect>2</internetconnect>
</trkpt>
<trkpt lat="35.821654" lon="139.062831">
<ele>1052.000000</ele>
<time>2026-06-13T03:29:08Z</time>
<speed>0.156897</speed>
<trueHeading>0.000000</trueHeading>
<magneticHeading>0.000000</magneticHeading>
<gpsHeading>350.201965</gpsHeading>
<haccuracy>3.008000</haccuracy>
<vaccuracy>3.008000</vaccuracy>
<internetconnect>2</internetconnect>
</trkpt>
<trkpt lat="35.821894" lon="139.062859">
<ele>1046.333333</ele>
<time>2026-06-13T03:31:09Z</time>
<speed>0.524449</speed>
<trueHeading>0.000000</trueHeading>
<magneticHeading>0.000000</magneticHeading>
<gpsHeading>5.252646</gpsHeading>
<haccuracy>3.138000</haccuracy>
<vaccuracy>3.138000</vaccuracy>
<internetconnect>2</internetconnect>
</trkpt>
<trkpt lat="35.822100" lon="139.063128">
<ele>1039.000000</ele>
<time>2026-06-13T03:32:05Z</time>
<speed>0.823635</speed>
<trueHeading>0.000000</trueHeading>
<magneticHeading>0.000000</magneticHeading>
<gpsHeading>46.741722</gpsHeading>
<haccuracy>5.716000</haccuracy>
<vaccuracy>5.716000</vaccuracy>
<internetconnect>2</internetconnect>
</trkpt>
<trkpt lat="35.822277" lon="139.063405">
<ele>1035.000000</ele>
<time>2026-06-13T03:33:36Z</time>
<speed>0.440000</speed>
<trueHeading>0.000000</trueHeading>
<magneticHeading>0.000000</magneticHeading>
<gpsHeading>51.646481</gpsHeading>
<haccuracy>10.433000</haccuracy>
<vaccuracy>10.433000</vaccuracy>
<internetconnect>2</internetconnect>
</trkpt>
<trkpt lat="35.822586" lon="139.063505">
<ele>1034.666667</ele>
<time>2026-06-13T03:35:40Z</time>
<speed>0.740471</speed>
<trueHeading>0.000000</trueHeading>
<magneticHeading>0.000000</magneticHeading>
<gpsHeading>14.759519</gpsHeading>
<haccuracy>3.088000</haccuracy>
<vaccuracy>3.088000</vaccuracy>
<internetconnect>2</internetconnect>
</trkpt>
<trkpt lat="35.822811" lon="139.063746">
<ele>1036.000000</ele>
<time>2026-06-13T03:36:38Z</time>
<speed>0.691439</speed>
<trueHeading>0.000000</trueHeading>
<magneticHeading>0.000000</magneticHeading>
<gpsHeading>40.988323</gpsHeading>
<haccuracy>4.821000</haccuracy>
<vaccuracy>4.821000</vaccuracy>
<internetconnect>2</internetconnect>
</trkpt>
<trkpt lat="35.822757" lon="139.063754">
<ele>1037.000000</ele>
<time>2026-06-13T03:38:44Z</time>
<speed>0.109326</speed>
<trueHeading>0.000000</trueHeading>
<magneticHeading>0.000000</magneticHeading>
<gpsHeading>173.027115</gpsHeading>
<haccuracy>4.056000</haccuracy>
<vaccuracy>4.056000</vaccuracy>
<internetconnect>2</internetconnect>
</trkpt>
<trkpt lat="35.822780" lon="139.063888">
<ele>1035.333333</ele>
<time>2026-06-13T03:40:48Z</time>
<speed>0.183965</speed>
<trueHeading>0.000000</trueHeading>
<magneticHeading>0.000000</magneticHeading>
<gpsHeading>77.922630</gpsHeading>
<haccuracy>7.882000</haccuracy>
<vaccuracy>7.882000</vaccuracy>
<internetconnect>2</internetconnect>
</trkpt>
<trkpt lat="35.822606" lon="139.063715">
<ele>1035.333333</ele>
<time>2026-06-13T03:43:17Z</time>
<speed>0.278666</speed>
<trueHeading>0.000000</trueHeading>
<magneticHeading>0.000000</magneticHeading>
<gpsHeading>218.971786</gpsHeading>
<haccuracy>6.683000</haccuracy>
<vaccuracy>6.683000</vaccuracy>
<internetconnect>2</internetconnect>
</trkpt>
<trkpt lat="35.822717" lon="139.063739">
<ele>1034.333333</ele>
<time>2026-06-13T03:45:19Z</time>
<speed>0.282880</speed>
<trueHeading>0.000000</trueHeading>
<magneticHeading>0.000000</magneticHeading>
<gpsHeading>10.218776</gpsHeading>
<haccuracy>5.972000</haccuracy>
<vaccuracy>5.972000</vaccuracy>
<internetconnect>2</internetconnect>
</trkpt>
<trkpt lat="35.822581" lon="139.063619">
<ele>1034.666667</ele>
<time>2026-06-13T03:47:42Z</time>
<speed>0.280333</speed>
<trueHeading>0.000000</trueHeading>
<magneticHeading>0.000000</magneticHeading>
<gpsHeading>215.834488</gpsHeading>
<haccuracy>5.247000</haccuracy>
<vaccuracy>5.247000</vaccuracy>
<internetconnect>2</internetconnect>
</trkpt>
<trkpt lat="35.822600" lon="139.063627">
<ele>1034.333333</ele>
<time>2026-06-13T03:49:46Z</time>
<speed>0.294109</speed>
<trueHeading>0.000000</trueHeading>
<magneticHeading>0.000000</magneticHeading>
<gpsHeading>19.960297</gpsHeading>
<haccuracy>6.177000</haccuracy>
<vaccuracy>6.177000</vaccuracy>
<internetconnect>2</internetconnect>
</trkpt>
<trkpt lat="35.822621" lon="139.063667">
<ele>1034.666667</ele>
<time>2026-06-13T03:53:32Z</time>
<speed>0.117401</speed>
<trueHeading>0.000000</trueHeading>
<magneticHeading>0.000000</magneticHeading>
<gpsHeading>56.806797</gpsHeading>
<haccuracy>3.029000</haccuracy>
<vaccuracy>3.029000</vaccuracy>
<internetconnect>2</internetconnect>
</trkpt>
<trkpt lat="35.822629" lon="139.063675">
<ele>1035.000000</ele>
<time>2026-06-13T03:56:25Z</time>
<speed>0.130205</speed>
<trueHeading>0.000000</trueHeading>
<magneticHeading>0.000000</magneticHeading>
<gpsHeading>44.414150</gpsHeading>
<haccuracy>5.345000</haccuracy>
<vaccuracy>5.345000</vaccuracy>
<internetconnect>2</internetconnect>
</trkpt>
<trkpt lat="35.822638" lon="139.063678">
<ele>1035.000000</ele>
<time>2026-06-13T04:00:02Z</time>
<speed>0.264472</speed>
<trueHeading>0.000000</trueHeading>
<magneticHeading>0.000000</magneticHeading>
<gpsHeading>14.044359</gpsHeading>
<haccuracy>6.359000</haccuracy>
<vaccuracy>6.359000</vaccuracy>
<internetconnect>2</internetconnect>
</trkpt>
<trkpt lat="35.822655" lon="139.063720">
<ele>1035.333333</ele>
<time>2026-06-13T04:02:12Z</time>
<speed>0.232044</speed>
<trueHeading>0.000000</trueHeading>
<magneticHeading>0.000000</magneticHeading>
<gpsHeading>63.634567</gpsHeading>
<haccuracy>5.723000</haccuracy>
<vaccuracy>5.723000</vaccuracy>
<internetconnect>2</internetconnect>
</trkpt>
<trkpt lat="35.822743" lon="139.063743">
<ele>1038.000000</ele>
<time>2026-06-13T04:04:18Z</time>
<speed>0.174520</speed>
<trueHeading>0.000000</trueHeading>
<magneticHeading>0.000000</magneticHeading>
<gpsHeading>11.548059</gpsHeading>
<haccuracy>3.244000</haccuracy>
<vaccuracy>3.244000</vaccuracy>
<internetconnect>2</internetconnect>
</trkpt>
<trkpt lat="35.822896" lon="139.063804">
<ele>1046.666667</ele>
<time>2026-06-13T04:06:34Z</time>
<speed>0.144487</speed>
<trueHeading>0.000000</trueHeading>
<magneticHeading>0.000000</magneticHeading>
<gpsHeading>17.991417</gpsHeading>
<haccuracy>5.094000</haccuracy>
<vaccuracy>5.094000</vaccuracy>
<internetconnect>2</internetconnect>
</trkpt>
<trkpt lat="35.823098" lon="139.063859">
<ele>1057.333333</ele>
<time>2026-06-13T04:08:40Z</time>
<speed>0.880000</speed>
<trueHeading>0.000000</trueHeading>
<magneticHeading>0.000000</magneticHeading>
<gpsHeading>12.493359</gpsHeading>
<haccuracy>10.431000</haccuracy>
<vaccuracy>10.431000</vaccuracy>
<internetconnect>2</internetconnect>
</trkpt>
<trkpt lat="35.823166" lon="139.063805">
<ele>1065.666667</ele>
<time>2026-06-13T04:10:42Z</time>
<speed>0.000000</speed>
<trueHeading>0.000000</trueHeading>
<magneticHeading>0.000000</magneticHeading>
<gpsHeading>326.788513</gpsHeading>
<haccuracy>9.935000</haccuracy>
<vaccuracy>9.935000</vaccuracy>
<internetconnect>2</internetconnect>
</trkpt>
<trkpt lat="35.823230" lon="139.063865">
<ele>1070.333333</ele>
<time>2026-06-13T04:12:53Z</time>
<speed>0.086321</speed>
<trueHeading>0.000000</trueHeading>
<magneticHeading>0.000000</magneticHeading>
<gpsHeading>37.321220</gpsHeading>
<haccuracy>3.411000</haccuracy>
<vaccuracy>3.411000</vaccuracy>
<internetconnect>2</internetconnect>
</trkpt>
<trkpt lat="35.823256" lon="139.063508">
<ele>1074.333333</ele>
<time>2026-06-13T04:14:16Z</time>
<speed>0.140161</speed>
<trueHeading>0.000000</trueHeading>
<magneticHeading>0.000000</magneticHeading>
<gpsHeading>275.312195</gpsHeading>
<haccuracy>3.750000</haccuracy>
<vaccuracy>3.750000</vaccuracy>
<internetconnect>2</internetconnect>
</trkpt>
<trkpt lat="35.823326" lon="139.063082">
<ele>1079.333333</ele>
<time>2026-06-13T04:16:01Z</time>
<speed>0.944628</speed>
<trueHeading>0.000000</trueHeading>
<magneticHeading>0.000000</magneticHeading>
<gpsHeading>281.471954</gpsHeading>
<haccuracy>5.184000</haccuracy>
<vaccuracy>5.184000</vaccuracy>
<internetconnect>2</internetconnect>
</trkpt>
<trkpt lat="35.823373" lon="139.062732">
<ele>1084.666667</ele>
<time>2026-06-13T04:16:50Z</time>
<speed>0.310797</speed>
<trueHeading>0.000000</trueHeading>
<magneticHeading>0.000000</magneticHeading>
<gpsHeading>279.250549</gpsHeading>
<haccuracy>6.525000</haccuracy>
<vaccuracy>6.525000</vaccuracy>
<internetconnect>2</internetconnect>
</trkpt>
<trkpt lat="35.823357" lon="139.062387">
<ele>1092.333333</ele>
<time>2026-06-13T04:18:01Z</time>
<speed>0.074236</speed>
<trueHeading>0.000000</trueHeading>
<magneticHeading>0.000000</magneticHeading>
<gpsHeading>266.766327</gpsHeading>
<haccuracy>3.000000</haccuracy>
<vaccuracy>3.000000</vaccuracy>
<internetconnect>2</internetconnect>
</trkpt>
<trkpt lat="35.823408" lon="139.062048">
<ele>1105.333333</ele>
<time>2026-06-13T04:19:51Z</time>
<speed>0.398193</speed>
<trueHeading>0.000000</trueHeading>
<magneticHeading>0.000000</magneticHeading>
<gpsHeading>280.523407</gpsHeading>
<haccuracy>6.282000</haccuracy>
<vaccuracy>6.282000</vaccuracy>
<internetconnect>2</internetconnect>
</trkpt>
<trkpt lat="35.823500" lon="139.061704">
<ele>1120.666667</ele>
<time>2026-06-13T04:21:04Z</time>
<speed>0.519614</speed>
<trueHeading>0.000000</trueHeading>
<magneticHeading>0.000000</magneticHeading>
<gpsHeading>288.249634</gpsHeading>
<haccuracy>9.790000</haccuracy>
<vaccuracy>9.790000</vaccuracy>
<internetconnect>2</internetconnect>
</trkpt>
<trkpt lat="35.823428" lon="139.061366">
<ele>1139.000000</ele>
<time>2026-06-13T04:22:24Z</time>
<speed>0.672655</speed>
<trueHeading>0.000000</trueHeading>
<magneticHeading>0.000000</magneticHeading>
<gpsHeading>255.280029</gpsHeading>
<haccuracy>5.125000</haccuracy>
<vaccuracy>5.125000</vaccuracy>
<internetconnect>2</internetconnect>
</trkpt>
<trkpt lat="35.823248" lon="139.061069">
<ele>1158.333333</ele>
<time>2026-06-13T04:24:12Z</time>
<speed>0.817396</speed>
<trueHeading>0.000000</trueHeading>
<magneticHeading>0.000000</magneticHeading>
<gpsHeading>233.180801</gpsHeading>
<haccuracy>8.322000</haccuracy>
<vaccuracy>8.322000</vaccuracy>
<internetconnect>2</internetconnect>
</trkpt>
<trkpt lat="35.823068" lon="139.060790">
<ele>1176.666667</ele>
<time>2026-06-13T04:25:50Z</time>
<speed>0.295267</speed>
<trueHeading>0.000000</trueHeading>
<magneticHeading>0.000000</magneticHeading>
<gpsHeading>231.476822</gpsHeading>
<haccuracy>4.701000</haccuracy>
<vaccuracy>4.701000</vaccuracy>
<internetconnect>2</internetconnect>
</trkpt>
<trkpt lat="35.822878" lon="139.060509">
<ele>1194.000000</ele>
<time>2026-06-13T04:26:50Z</time>
<speed>1.046153</speed>
<trueHeading>0.000000</trueHeading>
<magneticHeading>0.000000</magneticHeading>
<gpsHeading>230.254105</gpsHeading>
<haccuracy>5.237000</haccuracy>
<vaccuracy>5.237000</vaccuracy>
<internetconnect>2</internetconnect>
</trkpt>
<trkpt lat="35.822749" lon="139.060217">
<ele>1212.333333</ele>
<time>2026-06-13T04:28:55Z</time>
<speed>0.360973</speed>
<trueHeading>0.000000</trueHeading>
<magneticHeading>0.000000</magneticHeading>
<gpsHeading>241.387207</gpsHeading>
<haccuracy>8.986000</haccuracy>
<vaccuracy>8.986000</vaccuracy>
<internetconnect>2</internetconnect>
</trkpt>
<trkpt lat="35.822553" lon="139.059945">
<ele>1230.333333</ele>
<time>2026-06-13T04:30:25Z</time>
<speed>0.232259</speed>
<trueHeading>0.000000</trueHeading>
<magneticHeading>0.000000</magneticHeading>
<gpsHeading>228.320877</gpsHeading>
<haccuracy>4.520000</haccuracy>
<vaccuracy>4.520000</vaccuracy>
<internetconnect>2</internetconnect>
</trkpt>
<trkpt lat="35.822415" lon="139.059816">
<ele>1244.000000</ele>
<time>2026-06-13T04:32:29Z</time>
<speed>0.106905</speed>
<trueHeading>0.000000</trueHeading>
<magneticHeading>0.000000</magneticHeading>
<gpsHeading>217.368713</gpsHeading>
<haccuracy>3.040000</haccuracy>
<vaccuracy>3.040000</vaccuracy>
<internetconnect>2</internetconnect>
</trkpt>
<trkpt lat="35.822309" lon="139.059497">
<ele>1249.000000</ele>
<time>2026-06-13T04:34:01Z</time>
<speed>0.100522</speed>
<trueHeading>0.000000</trueHeading>
<magneticHeading>0.000000</magneticHeading>
<gpsHeading>247.760132</gpsHeading>
<haccuracy>4.101000</haccuracy>
<vaccuracy>4.101000</vaccuracy>
<internetconnect>2</internetconnect>
</trkpt>
<trkpt lat="35.822290" lon="139.059128">
<ele>1253.000000</ele>
<time>2026-06-13T04:35:04Z</time>
<speed>0.993410</speed>
<trueHeading>0.000000</trueHeading>
<magneticHeading>0.000000</magneticHeading>
<gpsHeading>266.214905</gpsHeading>
<haccuracy>3.037000</haccuracy>
<vaccuracy>3.037000</vaccuracy>
<internetconnect>2</internetconnect>
</trkpt>
<trkpt lat="35.822290" lon="139.058713">
<ele>1259.666667</ele>
<time>2026-06-13T04:35:54Z</time>
<speed>0.157476</speed>
<trueHeading>0.000000</trueHeading>
<magneticHeading>0.000000</magneticHeading>
<gpsHeading>270.051117</gpsHeading>
<haccuracy>4.423000</haccuracy>
<vaccuracy>4.423000</vaccuracy>
<internetconnect>2</internetconnect>
</trkpt>
<trkpt lat="35.822209" lon="139.058286">
<ele>1269.666667</ele>
<time>2026-06-13T04:36:43Z</time>
<speed>1.045137</speed>
<trueHeading>0.000000</trueHeading>
<magneticHeading>0.000000</magneticHeading>
<gpsHeading>256.866791</gpsHeading>
<haccuracy>5.266000</haccuracy>
<vaccuracy>5.266000</vaccuracy>
<internetconnect>2</internetconnect>
</trkpt>
<trkpt lat="35.822090" lon="139.057975">
<ele>1283.666667</ele>
<time>2026-06-13T04:37:52Z</time>
<speed>0.284473</speed>
<trueHeading>0.000000</trueHeading>
<magneticHeading>0.000000</magneticHeading>
<gpsHeading>244.737244</gpsHeading>
<haccuracy>5.481000</haccuracy>
<vaccuracy>5.481000</vaccuracy>
<internetconnect>2</internetconnect>
</trkpt>
<trkpt lat="35.822072" lon="139.057631">
<ele>1298.333333</ele>
<time>2026-06-13T04:38:59Z</time>
<speed>0.969400</speed>
<trueHeading>0.000000</trueHeading>
<magneticHeading>0.000000</magneticHeading>
<gpsHeading>266.266754</gpsHeading>
<haccuracy>4.486000</haccuracy>
<vaccuracy>4.486000</vaccuracy>
<internetconnect>2</internetconnect>
</trkpt>
<trkpt lat="35.821925" lon="139.057330">
<ele>1315.666667</ele>
<time>2026-06-13T04:40:30Z</time>
<speed>0.568075</speed>
<trueHeading>0.000000</trueHeading>
<magneticHeading>0.000000</magneticHeading>
<gpsHeading>239.093033</gpsHeading>
<haccuracy>5.107000</haccuracy>
<vaccuracy>5.107000</vaccuracy>
<internetconnect>2</internetconnect>
</trkpt>
<trkpt lat="35.821755" lon="139.057030">
<ele>1333.333333</ele>
<time>2026-06-13T04:42:04Z</time>
<speed>0.445061</speed>
<trueHeading>0.000000</trueHeading>
<magneticHeading>0.000000</magneticHeading>
<gpsHeading>234.925323</gpsHeading>
<haccuracy>5.427000</haccuracy>
<vaccuracy>5.427000</vaccuracy>
<internetconnect>2</internetconnect>
</trkpt>
<trkpt lat="35.821537" lon="139.056759">
<ele>1347.333333</ele>
<time>2026-06-13T04:42:58Z</time>
<speed>1.013839</speed>
<trueHeading>0.000000</trueHeading>
<magneticHeading>0.000000</magneticHeading>
<gpsHeading>225.256409</gpsHeading>
<haccuracy>6.095000</haccuracy>
<vaccuracy>6.095000</vaccuracy>
<internetconnect>2</internetconnect>
</trkpt>
<trkpt lat="35.821624" lon="139.056575">
<ele>1360.000000</ele>
<time>2026-06-13T04:45:47Z</time>
<speed>0.129628</speed>
<trueHeading>0.000000</trueHeading>
<magneticHeading>0.000000</magneticHeading>
<gpsHeading>300.259705</gpsHeading>
<haccuracy>4.059000</haccuracy>
<vaccuracy>4.059000</vaccuracy>
<internetconnect>2</internetconnect>
</trkpt>
<trkpt lat="35.821589" lon="139.056228">
<ele>1369.666667</ele>
<time>2026-06-13T04:47:33Z</time>
<speed>0.000000</speed>
<trueHeading>0.000000</trueHeading>
<magneticHeading>0.000000</magneticHeading>
<gpsHeading>262.953278</gpsHeading>
<haccuracy>10.420000</haccuracy>
<vaccuracy>10.420000</vaccuracy>
<internetconnect>2</internetconnect>
</trkpt>
<trkpt lat="35.821556" lon="139.055886">
<ele>1381.333333</ele>
<time>2026-06-13T04:49:04Z</time>
<speed>0.880000</speed>
<trueHeading>0.000000</trueHeading>
<magneticHeading>0.000000</magneticHeading>
<gpsHeading>263.199188</gpsHeading>
<haccuracy>10.692000</haccuracy>
<vaccuracy>10.692000</vaccuracy>
<internetconnect>2</internetconnect>
</trkpt>
<trkpt lat="35.821420" lon="139.056174">
<ele>1394.333333</ele>
<time>2026-06-13T04:51:09Z</time>
<speed>0.381405</speed>
<trueHeading>0.000000</trueHeading>
<magneticHeading>0.000000</magneticHeading>
<gpsHeading>120.173653</gpsHeading>
<haccuracy>9.177000</haccuracy>
<vaccuracy>9.177000</vaccuracy>
<internetconnect>2</internetconnect>
</trkpt>
<trkpt lat="35.821111" lon="139.056072">
<ele>1403.000000</ele>
<time>2026-06-13T04:52:59Z</time>
<speed>0.856616</speed>
<trueHeading>0.000000</trueHeading>
<magneticHeading>0.000000</magneticHeading>
<gpsHeading>194.993713</gpsHeading>
<haccuracy>5.400000</haccuracy>
<vaccuracy>5.400000</vaccuracy>
<internetconnect>2</internetconnect>
</trkpt>
<trkpt lat="35.820948" lon="139.055760">
<ele>1413.000000</ele>
<time>2026-06-13T04:53:49Z</time>
<speed>0.744171</speed>
<trueHeading>0.000000</trueHeading>
<magneticHeading>0.000000</magneticHeading>
<gpsHeading>237.174026</gpsHeading>
<haccuracy>5.325000</haccuracy>
<vaccuracy>5.325000</vaccuracy>
<internetconnect>2</internetconnect>
</trkpt>
<trkpt lat="35.820960" lon="139.055400">
<ele>1417.333333</ele>
<time>2026-06-13T04:54:43Z</time>
<speed>0.247285</speed>
<trueHeading>0.000000</trueHeading>
<magneticHeading>0.000000</magneticHeading>
<gpsHeading>272.447266</gpsHeading>
<haccuracy>4.270000</haccuracy>
<vaccuracy>4.270000</vaccuracy>
<internetconnect>2</internetconnect>
</trkpt>
<trkpt lat="35.820826" lon="139.055099">
<ele>1421.666667</ele>
<time>2026-06-13T04:55:42Z</time>
<speed>0.117581</speed>
<trueHeading>0.000000</trueHeading>
<magneticHeading>0.000000</magneticHeading>
<gpsHeading>241.073456</gpsHeading>
<haccuracy>3.010000</haccuracy>
<vaccuracy>3.010000</vaccuracy>
<internetconnect>2</internetconnect>
</trkpt>
<trkpt lat="35.820472" lon="139.054403">
<ele>1419.666667</ele>
<time>2026-06-13T04:56:30Z</time>
<speed>1.331741</speed>
<trueHeading>0.000000</trueHeading>
<magneticHeading>0.000000</magneticHeading>
<gpsHeading>237.908371</gpsHeading>
<haccuracy>5.918000</haccuracy>
<vaccuracy>5.918000</vaccuracy>
<internetconnect>2</internetconnect>
</trkpt>
<trkpt lat="35.820398" lon="139.053788">
<ele>1419.666667</ele>
<time>2026-06-13T04:57:19Z</time>
<speed>1.192780</speed>
<trueHeading>0.000000</trueHeading>
<magneticHeading>0.000000</magneticHeading>
<gpsHeading>261.553467</gpsHeading>
<haccuracy>4.680000</haccuracy>
<vaccuracy>4.680000</vaccuracy>
<internetconnect>2</internetconnect>
</trkpt>
<trkpt lat="35.820080" lon="139.053557">
<ele>1422.666667</ele>
<time>2026-06-13T04:58:07Z</time>
<speed>1.181524</speed>
<trueHeading>0.000000</trueHeading>
<magneticHeading>0.000000</magneticHeading>
<gpsHeading>210.520569</gpsHeading>
<haccuracy>5.623000</haccuracy>
<vaccuracy>5.623000</vaccuracy>
<internetconnect>2</internetconnect>
</trkpt>
<trkpt lat="35.819784" lon="139.053241">
<ele>1430.333333</ele>
<time>2026-06-13T04:58:56Z</time>
<speed>0.391204</speed>
<trueHeading>0.000000</trueHeading>
<magneticHeading>0.000000</magneticHeading>
<gpsHeading>220.827164</gpsHeading>
<haccuracy>5.339000</haccuracy>
<vaccuracy>5.339000</vaccuracy>
<internetconnect>2</internetconnect>
</trkpt>
<trkpt lat="35.819726" lon="139.052898">
<ele>1439.000000</ele>
<time>2026-06-13T04:59:42Z</time>
<speed>0.358773</speed>
<trueHeading>0.000000</trueHeading>
<magneticHeading>0.000000</magneticHeading>
<gpsHeading>258.207367</gpsHeading>
<haccuracy>5.470000</haccuracy>
<vaccuracy>5.470000</vaccuracy>
<internetconnect>2</internetconnect>
</trkpt>
<trkpt lat="35.819776" lon="139.052429">
<ele>1444.333333</ele>
<time>2026-06-13T05:00:32Z</time>
<speed>0.857770</speed>
<trueHeading>0.000000</trueHeading>
<magneticHeading>0.000000</magneticHeading>
<gpsHeading>277.572571</gpsHeading>
<haccuracy>5.630000</haccuracy>
<vaccuracy>5.630000</vaccuracy>
<internetconnect>2</internetconnect>
</trkpt>
<trkpt lat="35.819316" lon="139.052176">
<ele>1447.333333</ele>
<time>2026-06-13T05:01:21Z</time>
<speed>1.082322</speed>
<trueHeading>0.000000</trueHeading>
<magneticHeading>0.000000</magneticHeading>
<gpsHeading>203.997360</gpsHeading>
<haccuracy>4.850000</haccuracy>
<vaccuracy>4.850000</vaccuracy>
<internetconnect>2</internetconnect>
</trkpt>
<trkpt lat="35.819349" lon="139.052187">
<ele>1446.666667</ele>
<time>2026-06-13T05:03:25Z</time>
<speed>0.149031</speed>
<trueHeading>0.000000</trueHeading>
<magneticHeading>0.000000</magneticHeading>
<gpsHeading>14.425106</gpsHeading>
<haccuracy>4.195000</haccuracy>
<vaccuracy>4.195000</vaccuracy>
<internetconnect>2</internetconnect>
</trkpt>
<trkpt lat="35.819344" lon="139.052245">
<ele>1443.666667</ele>
<time>2026-06-13T05:05:41Z</time>
<speed>0.000000</speed>
<trueHeading>0.000000</trueHeading>
<magneticHeading>0.000000</magneticHeading>
<gpsHeading>95.887619</gpsHeading>
<haccuracy>9.965000</haccuracy>
<vaccuracy>9.965000</vaccuracy>
<internetconnect>2</internetconnect>
</trkpt>
<trkpt lat="35.819071" lon="139.052325">
<ele>1433.000000</ele>
<time>2026-06-13T05:06:31Z</time>
<speed>1.750000</speed>
<trueHeading>0.000000</trueHeading>
<magneticHeading>0.000000</magneticHeading>
<gpsHeading>166.769638</gpsHeading>
<haccuracy>10.078000</haccuracy>
<vaccuracy>10.078000</vaccuracy>
<internetconnect>2</internetconnect>
</trkpt>
<trkpt lat="35.818682" lon="139.052612">
<ele>1418.666667</ele>
<time>2026-06-13T05:07:20Z</time>
<speed>0.828073</speed>
<trueHeading>0.000000</trueHeading>
<magneticHeading>0.000000</magneticHeading>
<gpsHeading>149.057571</gpsHeading>
<haccuracy>6.556000</haccuracy>
<vaccuracy>6.556000</vaccuracy>
<internetconnect>2</internetconnect>
</trkpt>
<trkpt lat="35.818392" lon="139.052725">
<ele>1403.666667</ele>
<time>2026-06-13T05:08:10Z</time>
<speed>1.174521</speed>
<trueHeading>0.000000</trueHeading>
<magneticHeading>0.000000</magneticHeading>
<gpsHeading>162.459793</gpsHeading>
<haccuracy>5.588000</haccuracy>
<vaccuracy>5.588000</vaccuracy>
<internetconnect>2</internetconnect>
</trkpt>
<trkpt lat="35.818172" lon="139.053015">
<ele>1390.333333</ele>
<time>2026-06-13T05:09:04Z</time>
<speed>0.838929</speed>
<trueHeading>0.000000</trueHeading>
<magneticHeading>0.000000</magneticHeading>
<gpsHeading>133.150665</gpsHeading>
<haccuracy>4.262000</haccuracy>
<vaccuracy>4.262000</vaccuracy>
<internetconnect>2</internetconnect>
</trkpt>
<trkpt lat="35.817966" lon="139.053300">
<ele>1378.333333</ele>
<time>2026-06-13T05:10:17Z</time>
<speed>0.438177</speed>
<trueHeading>0.000000</trueHeading>
<magneticHeading>0.000000</magneticHeading>
<gpsHeading>131.783386</gpsHeading>
<haccuracy>4.282000</haccuracy>
<vaccuracy>4.282000</vaccuracy>
<internetconnect>2</internetconnect>
</trkpt>
<trkpt lat="35.817976" lon="139.053744">
<ele>1365.333333</ele>
<time>2026-06-13T05:11:04Z</time>
<speed>0.793096</speed>
<trueHeading>0.000000</trueHeading>
<magneticHeading>0.000000</magneticHeading>
<gpsHeading>88.347992</gpsHeading>
<haccuracy>4.714000</haccuracy>
<vaccuracy>4.714000</vaccuracy>
<internetconnect>2</internetconnect>
</trkpt>
<trkpt lat="35.817703" lon="139.053870">
<ele>1353.666667</ele>
<time>2026-06-13T05:11:53Z</time>
<speed>0.951318</speed>
<trueHeading>0.000000</trueHeading>
<magneticHeading>0.000000</magneticHeading>
<gpsHeading>159.525101</gpsHeading>
<haccuracy>3.986000</haccuracy>
<vaccuracy>3.986000</vaccuracy>
<internetconnect>2</internetconnect>
</trkpt>
<trkpt lat="35.817577" lon="139.054240">
<ele>1338.333333</ele>
<time>2026-06-13T05:12:43Z</time>
<speed>0.340269</speed>
<trueHeading>0.000000</trueHeading>
<magneticHeading>0.000000</magneticHeading>
<gpsHeading>112.791626</gpsHeading>
<haccuracy>5.110000</haccuracy>
<vaccuracy>5.110000</vaccuracy>
<internetconnect>2</internetconnect>
</trkpt>
<trkpt lat="35.817366" lon="139.054644">
<ele>1322.333333</ele>
<time>2026-06-13T05:13:32Z</time>
<speed>1.474790</speed>
<trueHeading>0.000000</trueHeading>
<magneticHeading>0.000000</magneticHeading>
<gpsHeading>122.741333</gpsHeading>
<haccuracy>6.257000</haccuracy>
<vaccuracy>6.257000</vaccuracy>
<internetconnect>2</internetconnect>
</trkpt>
<trkpt lat="35.817258" lon="139.055066">
<ele>1308.333333</ele>
<time>2026-06-13T05:14:23Z</time>
<speed>0.304786</speed>
<trueHeading>0.000000</trueHeading>
<magneticHeading>0.000000</magneticHeading>
<gpsHeading>107.585358</gpsHeading>
<haccuracy>3.811000</haccuracy>
<vaccuracy>3.811000</vaccuracy>
<internetconnect>2</internetconnect>
</trkpt>
<trkpt lat="35.817176" lon="139.055473">
<ele>1296.666667</ele>
<time>2026-06-13T05:15:11Z</time>
<speed>0.226336</speed>
<trueHeading>0.000000</trueHeading>
<magneticHeading>0.000000</magneticHeading>
<gpsHeading>103.858353</gpsHeading>
<haccuracy>4.514000</haccuracy>
<vaccuracy>4.514000</vaccuracy>
<internetconnect>2</internetconnect>
</trkpt>
<trkpt lat="35.816916" lon="139.055979">
<ele>1285.666667</ele>
<time>2026-06-13T05:15:59Z</time>
<speed>0.791254</speed>
<trueHeading>0.000000</trueHeading>
<magneticHeading>0.000000</magneticHeading>
<gpsHeading>122.335770</gpsHeading>
<haccuracy>5.485000</haccuracy>
<vaccuracy>5.485000</vaccuracy>
<internetconnect>2</internetconnect>
</trkpt>
<trkpt lat="35.816711" lon="139.056383">
<ele>1272.333333</ele>
<time>2026-06-13T05:16:48Z</time>
<speed>0.703535</speed>
<trueHeading>0.000000</trueHeading>
<magneticHeading>0.000000</magneticHeading>
<gpsHeading>122.043159</gpsHeading>
<haccuracy>5.060000</haccuracy>
<vaccuracy>5.060000</vaccuracy>
<internetconnect>2</internetconnect>
</trkpt>
<trkpt lat="35.816509" lon="139.056656">
<ele>1259.000000</ele>
<time>2026-06-13T05:17:36Z</time>
<speed>0.306908</speed>
<trueHeading>0.000000</trueHeading>
<magneticHeading>0.000000</magneticHeading>
<gpsHeading>132.499527</gpsHeading>
<haccuracy>4.419000</haccuracy>
<vaccuracy>4.419000</vaccuracy>
<internetconnect>2</internetconnect>
</trkpt>
<trkpt lat="35.816266" lon="139.056833">
<ele>1246.666667</ele>
<time>2026-06-13T05:18:31Z</time>
<speed>0.620731</speed>
<trueHeading>0.000000</trueHeading>
<magneticHeading>0.000000</magneticHeading>
<gpsHeading>149.359222</gpsHeading>
<haccuracy>4.763000</haccuracy>
<vaccuracy>4.763000</vaccuracy>
<internetconnect>2</internetconnect>
</trkpt>
<trkpt lat="35.815990" lon="139.056996">
<ele>1234.000000</ele>
<time>2026-06-13T05:19:24Z</time>
<speed>0.986732</speed>
<trueHeading>0.000000</trueHeading>
<magneticHeading>0.000000</magneticHeading>
<gpsHeading>154.486008</gpsHeading>
<haccuracy>6.536000</haccuracy>
<vaccuracy>6.536000</vaccuracy>
<internetconnect>2</internetconnect>
</trkpt>
<trkpt lat="35.815604" lon="139.056978">
<ele>1222.666667</ele>
<time>2026-06-13T05:20:12Z</time>
<speed>0.630344</speed>
<trueHeading>0.000000</trueHeading>
<magneticHeading>0.000000</magneticHeading>
<gpsHeading>182.164444</gpsHeading>
<haccuracy>5.260000</haccuracy>
<vaccuracy>5.260000</vaccuracy>
<internetconnect>2</internetconnect>
</trkpt>
<trkpt lat="35.815318" lon="139.057460">
<ele>1211.666667</ele>
<time>2026-06-13T05:21:02Z</time>
<speed>0.850534</speed>
<trueHeading>0.000000</trueHeading>
<magneticHeading>0.000000</magneticHeading>
<gpsHeading>126.079605</gpsHeading>
<haccuracy>4.938000</haccuracy>
<vaccuracy>4.938000</vaccuracy>
<internetconnect>2</internetconnect>
</trkpt>
<trkpt lat="35.815193" lon="139.057919">
<ele>1197.000000</ele>
<time>2026-06-13T05:21:49Z</time>
<speed>1.509132</speed>
<trueHeading>0.000000</trueHeading>
<magneticHeading>0.000000</magneticHeading>
<gpsHeading>108.619156</gpsHeading>
<haccuracy>5.700000</haccuracy>
<vaccuracy>5.700000</vaccuracy>
<internetconnect>2</internetconnect>
</trkpt>
<trkpt lat="35.814799" lon="139.058214">
<ele>1185.000000</ele>
<time>2026-06-13T05:22:35Z</time>
<speed>1.582274</speed>
<trueHeading>0.000000</trueHeading>
<magneticHeading>0.000000</magneticHeading>
<gpsHeading>148.793869</gpsHeading>
<haccuracy>6.264000</haccuracy>
<vaccuracy>6.264000</vaccuracy>
<internetconnect>2</internetconnect>
</trkpt>
<trkpt lat="35.814727" lon="139.058599">
<ele>1173.333333</ele>
<time>2026-06-13T05:23:24Z</time>
<speed>1.562654</speed>
<trueHeading>0.000000</trueHeading>
<magneticHeading>0.000000</magneticHeading>
<gpsHeading>102.842484</gpsHeading>
<haccuracy>5.456000</haccuracy>
<vaccuracy>5.456000</vaccuracy>
<internetconnect>2</internetconnect>
</trkpt>
<trkpt lat="35.814501" lon="139.059192">
<ele>1166.666667</ele>
<time>2026-06-13T05:24:14Z</time>
<speed>1.467170</speed>
<trueHeading>0.000000</trueHeading>
<magneticHeading>0.000000</magneticHeading>
<gpsHeading>115.243118</gpsHeading>
<haccuracy>5.599000</haccuracy>
<vaccuracy>5.599000</vaccuracy>
<internetconnect>2</internetconnect>
</trkpt>
<trkpt lat="35.814235" lon="139.059751">
<ele>1165.000000</ele>
<time>2026-06-13T05:25:01Z</time>
<speed>1.551317</speed>
<trueHeading>0.000000</trueHeading>
<magneticHeading>0.000000</magneticHeading>
<gpsHeading>120.349106</gpsHeading>
<haccuracy>6.110000</haccuracy>
<vaccuracy>6.110000</vaccuracy>
<internetconnect>2</internetconnect>
</trkpt>
<trkpt lat="35.813792" lon="139.060313">
<ele>1163.666667</ele>
<time>2026-06-13T05:25:48Z</time>
<speed>1.570434</speed>
<trueHeading>0.000000</trueHeading>
<magneticHeading>0.000000</magneticHeading>
<gpsHeading>134.207047</gpsHeading>
<haccuracy>5.236000</haccuracy>
<vaccuracy>5.236000</vaccuracy>
<internetconnect>2</internetconnect>
</trkpt>
<trkpt lat="35.813424" lon="139.060934">
<ele>1165.666667</ele>
<time>2026-06-13T05:26:37Z</time>
<speed>1.472888</speed>
<trueHeading>0.000000</trueHeading>
<magneticHeading>0.000000</magneticHeading>
<gpsHeading>126.163933</gpsHeading>
<haccuracy>5.994000</haccuracy>
<vaccuracy>5.994000</vaccuracy>
<internetconnect>2</internetconnect>
</trkpt>
<trkpt lat="35.813761" lon="139.061616">
<ele>1160.000000</ele>
<time>2026-06-13T05:27:25Z</time>
<speed>1.479857</speed>
<trueHeading>0.000000</trueHeading>
<magneticHeading>0.000000</magneticHeading>
<gpsHeading>58.628799</gpsHeading>
<haccuracy>5.227000</haccuracy>
<vaccuracy>5.227000</vaccuracy>
<internetconnect>2</internetconnect>
</trkpt>
<trkpt lat="35.813722" lon="139.062346">
<ele>1157.666667</ele>
<time>2026-06-13T05:28:13Z</time>
<speed>1.568124</speed>
<trueHeading>0.000000</trueHeading>
<magneticHeading>0.000000</magneticHeading>
<gpsHeading>93.829178</gpsHeading>
<haccuracy>5.900000</haccuracy>
<vaccuracy>5.900000</vaccuracy>
<internetconnect>2</internetconnect>
</trkpt>
<trkpt lat="35.813792" lon="139.062744">
<ele>1154.000000</ele>
<time>2026-06-13T05:29:23Z</time>
<speed>1.559961</speed>
<trueHeading>0.000000</trueHeading>
<magneticHeading>0.000000</magneticHeading>
<gpsHeading>77.776749</gpsHeading>
<haccuracy>3.879000</haccuracy>
<vaccuracy>3.879000</vaccuracy>
<internetconnect>0</internetconnect>
</trkpt>
<trkpt lat="35.814069" lon="139.063437">
<ele>1157.333333</ele>
<time>2026-06-13T05:30:10Z</time>
<speed>1.548944</speed>
<trueHeading>0.000000</trueHeading>
<magneticHeading>0.000000</magneticHeading>
<gpsHeading>63.728046</gpsHeading>
<haccuracy>5.857000</haccuracy>
<vaccuracy>5.857000</vaccuracy>
<internetconnect>0</internetconnect>
</trkpt>
<trkpt lat="35.813785" lon="139.064050">
<ele>1161.000000</ele>
<time>2026-06-13T05:30:58Z</time>
<speed>1.411697</speed>
<trueHeading>0.000000</trueHeading>
<magneticHeading>0.000000</magneticHeading>
<gpsHeading>119.726807</gpsHeading>
<haccuracy>5.929000</haccuracy>
<vaccuracy>5.929000</vaccuracy>
<internetconnect>0</internetconnect>
</trkpt>
<trkpt lat="35.813523" lon="139.064652">
<ele>1165.666667</ele>
<time>2026-06-13T05:31:45Z</time>
<speed>1.064194</speed>
<trueHeading>0.000000</trueHeading>
<magneticHeading>0.000000</magneticHeading>
<gpsHeading>118.244247</gpsHeading>
<haccuracy>6.403000</haccuracy>
<vaccuracy>6.403000</vaccuracy>
<internetconnect>0</internetconnect>
</trkpt>
<trkpt lat="35.813282" lon="139.065261">
<ele>1161.000000</ele>
<time>2026-06-13T05:32:34Z</time>
<speed>1.506859</speed>
<trueHeading>0.000000</trueHeading>
<magneticHeading>0.000000</magneticHeading>
<gpsHeading>116.049751</gpsHeading>
<haccuracy>6.267000</haccuracy>
<vaccuracy>6.267000</vaccuracy>
<internetconnect>0</internetconnect>
</trkpt>
<trkpt lat="35.813171" lon="139.066055">
<ele>1154.333333</ele>
<time>2026-06-13T05:33:23Z</time>
<speed>1.530446</speed>
<trueHeading>0.000000</trueHeading>
<magneticHeading>0.000000</magneticHeading>
<gpsHeading>99.762962</gpsHeading>
<haccuracy>5.664000</haccuracy>
<vaccuracy>5.664000</vaccuracy>
<internetconnect>0</internetconnect>
</trkpt>
<trkpt lat="35.812995" lon="139.066804">
<ele>1145.666667</ele>
<time>2026-06-13T05:34:10Z</time>
<speed>1.610659</speed>
<trueHeading>0.000000</trueHeading>
<magneticHeading>0.000000</magneticHeading>
<gpsHeading>106.163879</gpsHeading>
<haccuracy>5.483000</haccuracy>
<vaccuracy>5.483000</vaccuracy>
<internetconnect>0</internetconnect>
</trkpt>
<trkpt lat="35.812949" lon="139.067509">
<ele>1138.000000</ele>
<time>2026-06-13T05:34:59Z</time>
<speed>1.422614</speed>
<trueHeading>0.000000</trueHeading>
<magneticHeading>0.000000</magneticHeading>
<gpsHeading>94.568344</gpsHeading>
<haccuracy>5.542000</haccuracy>
<vaccuracy>5.542000</vaccuracy>
<internetconnect>0</internetconnect>
</trkpt>
<trkpt lat="35.813357" lon="139.067927">
<ele>1126.333333</ele>
<time>2026-06-13T05:35:46Z</time>
<speed>0.569445</speed>
<trueHeading>0.000000</trueHeading>
<magneticHeading>0.000000</magneticHeading>
<gpsHeading>39.693653</gpsHeading>
<haccuracy>4.332000</haccuracy>
<vaccuracy>4.332000</vaccuracy>
<internetconnect>0</internetconnect>
</trkpt>
<trkpt lat="35.813577" lon="139.068515">
<ele>1112.333333</ele>
<time>2026-06-13T05:36:34Z</time>
<speed>1.230180</speed>
<trueHeading>0.000000</trueHeading>
<magneticHeading>0.000000</magneticHeading>
<gpsHeading>65.203598</gpsHeading>
<haccuracy>5.586000</haccuracy>
<vaccuracy>5.586000</vaccuracy>
<internetconnect>0</internetconnect>
</trkpt>
<trkpt lat="35.813744" lon="139.069036">
<ele>1098.666667</ele>
<time>2026-06-13T05:37:22Z</time>
<speed>1.464313</speed>
<trueHeading>0.000000</trueHeading>
<magneticHeading>0.000000</magneticHeading>
<gpsHeading>68.397217</gpsHeading>
<haccuracy>6.258000</haccuracy>
<vaccuracy>6.258000</vaccuracy>
<internetconnect>0</internetconnect>
</trkpt>
<trkpt lat="35.813645" lon="139.069445">
<ele>1084.333333</ele>
<time>2026-06-13T05:38:10Z</time>
<speed>1.448940</speed>
<trueHeading>0.000000</trueHeading>
<magneticHeading>0.000000</magneticHeading>
<gpsHeading>106.663170</gpsHeading>
<haccuracy>5.578000</haccuracy>
<vaccuracy>5.578000</vaccuracy>
<internetconnect>0</internetconnect>
</trkpt>
<trkpt lat="35.813338" lon="139.069768">
<ele>1072.333333</ele>
<time>2026-06-13T05:38:58Z</time>
<speed>1.482915</speed>
<trueHeading>0.000000</trueHeading>
<magneticHeading>0.000000</magneticHeading>
<gpsHeading>139.523071</gpsHeading>
<haccuracy>5.638000</haccuracy>
<vaccuracy>5.638000</vaccuracy>
<internetconnect>0</internetconnect>
</trkpt>
<trkpt lat="35.813183" lon="139.070201">
<ele>1057.666667</ele>
<time>2026-06-13T05:39:46Z</time>
<speed>1.123669</speed>
<trueHeading>0.000000</trueHeading>
<magneticHeading>0.000000</magneticHeading>
<gpsHeading>113.745842</gpsHeading>
<haccuracy>5.785000</haccuracy>
<vaccuracy>5.785000</vaccuracy>
<internetconnect>0</internetconnect>
</trkpt>
<trkpt lat="35.812839" lon="139.070567">
<ele>1049.666667</ele>
<time>2026-06-13T05:40:33Z</time>
<speed>1.553513</speed>
<trueHeading>0.000000</trueHeading>
<magneticHeading>0.000000</magneticHeading>
<gpsHeading>139.197632</gpsHeading>
<haccuracy>5.730000</haccuracy>
<vaccuracy>5.730000</vaccuracy>
<internetconnect>0</internetconnect>
</trkpt>
<trkpt lat="35.812897" lon="139.070577">
<ele>1042.000000</ele>
<time>2026-06-13T05:42:39Z</time>
<speed>0.491118</speed>
<trueHeading>0.000000</trueHeading>
<magneticHeading>0.000000</magneticHeading>
<gpsHeading>7.512911</gpsHeading>
<haccuracy>4.820000</haccuracy>
<vaccuracy>4.820000</vaccuracy>
<internetconnect>0</internetconnect>
</trkpt>
<trkpt lat="35.812796" lon="139.070914">
<ele>1035.000000</ele>
<time>2026-06-13T05:44:05Z</time>
<speed>1.624353</speed>
<trueHeading>0.000000</trueHeading>
<magneticHeading>0.000000</magneticHeading>
<gpsHeading>110.207756</gpsHeading>
<haccuracy>5.555000</haccuracy>
<vaccuracy>5.555000</vaccuracy>
<internetconnect>0</internetconnect>
</trkpt>
<trkpt lat="35.812344" lon="139.071189">
<ele>1025.333333</ele>
<time>2026-06-13T05:44:53Z</time>
<speed>1.025292</speed>
<trueHeading>0.000000</trueHeading>
<magneticHeading>0.000000</magneticHeading>
<gpsHeading>153.793884</gpsHeading>
<haccuracy>7.540000</haccuracy>
<vaccuracy>7.540000</vaccuracy>
<internetconnect>0</internetconnect>
</trkpt>
<trkpt lat="35.812121" lon="139.071780">
<ele>1010.333333</ele>
<time>2026-06-13T05:45:42Z</time>
<speed>1.409197</speed>
<trueHeading>0.000000</trueHeading>
<magneticHeading>0.000000</magneticHeading>
<gpsHeading>114.969406</gpsHeading>
<haccuracy>5.936000</haccuracy>
<vaccuracy>5.936000</vaccuracy>
<internetconnect>0</internetconnect>
</trkpt>
<trkpt lat="35.811657" lon="139.071976">
<ele>998.333333</ele>
<time>2026-06-13T05:46:31Z</time>
<speed>1.558269</speed>
<trueHeading>0.000000</trueHeading>
<magneticHeading>0.000000</magneticHeading>
<gpsHeading>161.142365</gpsHeading>
<haccuracy>5.425000</haccuracy>
<vaccuracy>5.425000</vaccuracy>
<internetconnect>0</internetconnect>
</trkpt>
<trkpt lat="35.811448" lon="139.072341">
<ele>981.666667</ele>
<time>2026-06-13T05:47:19Z</time>
<speed>0.492864</speed>
<trueHeading>0.000000</trueHeading>
<magneticHeading>0.000000</magneticHeading>
<gpsHeading>125.197922</gpsHeading>
<haccuracy>7.812000</haccuracy>
<vaccuracy>7.812000</vaccuracy>
<internetconnect>0</internetconnect>
</trkpt>
<trkpt lat="35.810887" lon="139.072515">
<ele>970.000000</ele>
<time>2026-06-13T05:48:07Z</time>
<speed>1.556754</speed>
<trueHeading>0.000000</trueHeading>
<magneticHeading>0.000000</magneticHeading>
<gpsHeading>165.907364</gpsHeading>
<haccuracy>5.222000</haccuracy>
<vaccuracy>5.222000</vaccuracy>
<internetconnect>0</internetconnect>
</trkpt>
<trkpt lat="35.810506" lon="139.072783">
<ele>955.666667</ele>
<time>2026-06-13T05:48:54Z</time>
<speed>1.570894</speed>
<trueHeading>0.000000</trueHeading>
<magneticHeading>0.000000</magneticHeading>
<gpsHeading>150.314713</gpsHeading>
<haccuracy>5.882000</haccuracy>
<vaccuracy>5.882000</vaccuracy>
<internetconnect>0</internetconnect>
</trkpt>
<trkpt lat="35.810195" lon="139.073087">
<ele>944.000000</ele>
<time>2026-06-13T05:49:41Z</time>
<speed>1.553437</speed>
<trueHeading>0.000000</trueHeading>
<magneticHeading>0.000000</magneticHeading>
<gpsHeading>141.569031</gpsHeading>
<haccuracy>5.732000</haccuracy>
<vaccuracy>5.732000</vaccuracy>
<internetconnect>0</internetconnect>
</trkpt>
<trkpt lat="35.810080" lon="139.073578">
<ele>931.333333</ele>
<time>2026-06-13T05:50:29Z</time>
<speed>0.937447</speed>
<trueHeading>0.000000</trueHeading>
<magneticHeading>0.000000</magneticHeading>
<gpsHeading>106.075760</gpsHeading>
<haccuracy>5.715000</haccuracy>
<vaccuracy>5.715000</vaccuracy>
<internetconnect>0</internetconnect>
</trkpt>
<trkpt lat="35.810090" lon="139.074018">
<ele>920.333333</ele>
<time>2026-06-13T05:51:17Z</time>
<speed>0.372706</speed>
<trueHeading>0.000000</trueHeading>
<magneticHeading>0.000000</magneticHeading>
<gpsHeading>88.396156</gpsHeading>
<haccuracy>3.542000</haccuracy>
<vaccuracy>3.542000</vaccuracy>
<internetconnect>0</internetconnect>
</trkpt>
<trkpt lat="35.809876" lon="139.074589">
<ele>910.000000</ele>
<time>2026-06-13T05:52:05Z</time>
<speed>0.827622</speed>
<trueHeading>0.000000</trueHeading>
<magneticHeading>0.000000</magneticHeading>
<gpsHeading>114.825401</gpsHeading>
<haccuracy>5.422000</haccuracy>
<vaccuracy>5.422000</vaccuracy>
<internetconnect>0</internetconnect>
</trkpt>
<trkpt lat="35.809710" lon="139.075221">
<ele>899.666667</ele>
<time>2026-06-13T05:52:52Z</time>
<speed>1.654451</speed>
<trueHeading>0.000000</trueHeading>
<magneticHeading>0.000000</magneticHeading>
<gpsHeading>107.935684</gpsHeading>
<haccuracy>5.961000</haccuracy>
<vaccuracy>5.961000</vaccuracy>
<internetconnect>0</internetconnect>
</trkpt>
<trkpt lat="35.809518" lon="139.075795">
<ele>890.666667</ele>
<time>2026-06-13T05:53:40Z</time>
<speed>1.397179</speed>
<trueHeading>0.000000</trueHeading>
<magneticHeading>0.000000</magneticHeading>
<gpsHeading>112.442451</gpsHeading>
<haccuracy>5.403000</haccuracy>
<vaccuracy>5.403000</vaccuracy>
<internetconnect>0</internetconnect>
</trkpt>
<trkpt lat="35.809555" lon="139.076559">
<ele>881.333333</ele>
<time>2026-06-13T05:54:27Z</time>
<speed>1.476143</speed>
<trueHeading>0.000000</trueHeading>
<magneticHeading>0.000000</magneticHeading>
<gpsHeading>86.524918</gpsHeading>
<haccuracy>5.955000</haccuracy>
<vaccuracy>5.955000</vaccuracy>
<internetconnect>2</internetconnect>
</trkpt>
<trkpt lat="35.809616" lon="139.077303">
<ele>872.666667</ele>
<time>2026-06-13T05:55:15Z</time>
<speed>1.248976</speed>
<trueHeading>0.000000</trueHeading>
<magneticHeading>0.000000</magneticHeading>
<gpsHeading>84.237137</gpsHeading>
<haccuracy>5.559000</haccuracy>
<vaccuracy>5.559000</vaccuracy>
<internetconnect>2</internetconnect>
</trkpt>
<trkpt lat="35.809823" lon="139.077804">
<ele>860.333333</ele>
<time>2026-06-13T05:56:03Z</time>
<speed>0.628571</speed>
<trueHeading>0.000000</trueHeading>
<magneticHeading>0.000000</magneticHeading>
<gpsHeading>63.020367</gpsHeading>
<haccuracy>4.640000</haccuracy>
<vaccuracy>4.640000</vaccuracy>
<internetconnect>2</internetconnect>
</trkpt>
<trkpt lat="35.810185" lon="139.078247">
<ele>849.000000</ele>
<time>2026-06-13T05:56:53Z</time>
<speed>1.285798</speed>
<trueHeading>0.000000</trueHeading>
<magneticHeading>0.000000</magneticHeading>
<gpsHeading>44.793503</gpsHeading>
<haccuracy>3.626000</haccuracy>
<vaccuracy>3.626000</vaccuracy>
<internetconnect>2</internetconnect>
</trkpt>
<trkpt lat="35.810134" lon="139.079153">
<ele>834.666667</ele>
<time>2026-06-13T05:57:42Z</time>
<speed>1.128475</speed>
<trueHeading>0.000000</trueHeading>
<magneticHeading>0.000000</magneticHeading>
<gpsHeading>93.971153</gpsHeading>
<haccuracy>5.662000</haccuracy>
<vaccuracy>5.662000</vaccuracy>
<internetconnect>2</internetconnect>
</trkpt>
<trkpt lat="35.810390" lon="139.079840">
<ele>826.333333</ele>
<time>2026-06-13T05:58:30Z</time>
<speed>1.676944</speed>
<trueHeading>0.000000</trueHeading>
<magneticHeading>0.000000</magneticHeading>
<gpsHeading>65.324440</gpsHeading>
<haccuracy>4.935000</haccuracy>
<vaccuracy>4.935000</vaccuracy>
<internetconnect>2</internetconnect>
</trkpt>
<trkpt lat="35.810332" lon="139.080528">
<ele>817.333333</ele>
<time>2026-06-13T05:59:18Z</time>
<speed>1.304279</speed>
<trueHeading>0.000000</trueHeading>
<magneticHeading>0.000000</magneticHeading>
<gpsHeading>96.018677</gpsHeading>
<haccuracy>4.976000</haccuracy>
<vaccuracy>4.976000</vaccuracy>
<internetconnect>2</internetconnect>
</trkpt>
<trkpt lat="35.810663" lon="139.081153">
<ele>812.000000</ele>
<time>2026-06-13T06:00:06Z</time>
<speed>1.239031</speed>
<trueHeading>0.000000</trueHeading>
<magneticHeading>0.000000</magneticHeading>
<gpsHeading>56.772560</gpsHeading>
<haccuracy>5.546000</haccuracy>
<vaccuracy>5.546000</vaccuracy>
<internetconnect>2</internetconnect>
</trkpt>
<trkpt lat="35.810742" lon="139.081851">
<ele>804.333333</ele>
<time>2026-06-13T06:00:55Z</time>
<speed>1.183906</speed>
<trueHeading>0.000000</trueHeading>
<magneticHeading>0.000000</magneticHeading>
<gpsHeading>82.060478</gpsHeading>
<haccuracy>4.880000</haccuracy>
<vaccuracy>4.880000</vaccuracy>
<internetconnect>2</internetconnect>
</trkpt>
<trkpt lat="35.810666" lon="139.082506">
<ele>794.333333</ele>
<time>2026-06-13T06:01:44Z</time>
<speed>0.565099</speed>
<trueHeading>0.000000</trueHeading>
<magneticHeading>0.000000</magneticHeading>
<gpsHeading>98.197868</gpsHeading>
<haccuracy>5.205000</haccuracy>
<vaccuracy>5.205000</vaccuracy>
<internetconnect>2</internetconnect>
</trkpt>
<trkpt lat="35.810763" lon="139.083157">
<ele>782.000000</ele>
<time>2026-06-13T06:02:32Z</time>
<speed>1.552487</speed>
<trueHeading>0.000000</trueHeading>
<magneticHeading>0.000000</magneticHeading>
<gpsHeading>79.522697</gpsHeading>
<haccuracy>7.408000</haccuracy>
<vaccuracy>7.408000</vaccuracy>
<internetconnect>2</internetconnect>
</trkpt>
<trkpt lat="35.810460" lon="139.083072">
<ele>767.666667</ele>
<time>2026-06-13T06:03:21Z</time>
<speed>1.440441</speed>
<trueHeading>0.000000</trueHeading>
<magneticHeading>0.000000</magneticHeading>
<gpsHeading>192.667358</gpsHeading>
<haccuracy>3.983000</haccuracy>
<vaccuracy>3.983000</vaccuracy>
<internetconnect>2</internetconnect>
</trkpt>
<trkpt lat="35.810006" lon="139.082721">
<ele>750.333333</ele>
<time>2026-06-13T06:04:08Z</time>
<speed>0.872506</speed>
<trueHeading>0.000000</trueHeading>
<magneticHeading>0.000000</magneticHeading>
<gpsHeading>212.092377</gpsHeading>
<haccuracy>5.633000</haccuracy>
<vaccuracy>5.633000</vaccuracy>
<internetconnect>2</internetconnect>
</trkpt>
<trkpt lat="35.809589" lon="139.082849">
<ele>735.000000</ele>
<time>2026-06-13T06:04:58Z</time>
<speed>0.389518</speed>
<trueHeading>0.000000</trueHeading>
<magneticHeading>0.000000</magneticHeading>
<gpsHeading>166.054718</gpsHeading>
<haccuracy>5.127000</haccuracy>
<vaccuracy>5.127000</vaccuracy>
<internetconnect>2</internetconnect>
</trkpt>
<trkpt lat="35.809004" lon="139.082481">
<ele>727.333333</ele>
<time>2026-06-13T06:05:45Z</time>
<speed>1.590054</speed>
<trueHeading>0.000000</trueHeading>
<magneticHeading>0.000000</magneticHeading>
<gpsHeading>207.053513</gpsHeading>
<haccuracy>5.552000</haccuracy>
<vaccuracy>5.552000</vaccuracy>
<internetconnect>2</internetconnect>
</trkpt>
<trkpt lat="35.809473" lon="139.082629">
<ele>726.000000</ele>
<time>2026-06-13T06:06:35Z</time>
<speed>0.600576</speed>
<trueHeading>0.000000</trueHeading>
<magneticHeading>0.000000</magneticHeading>
<gpsHeading>14.440414</gpsHeading>
<haccuracy>3.595000</haccuracy>
<vaccuracy>3.595000</vaccuracy>
<internetconnect>2</internetconnect>
</trkpt>
<trkpt lat="35.809949" lon="139.083047">
<ele>726.000000</ele>
<time>2026-06-13T06:07:22Z</time>
<speed>1.534117</speed>
<trueHeading>0.000000</trueHeading>
<magneticHeading>0.000000</magneticHeading>
<gpsHeading>35.438705</gpsHeading>
<haccuracy>5.599000</haccuracy>
<vaccuracy>5.599000</vaccuracy>
<internetconnect>2</internetconnect>
</trkpt>
<trkpt lat="35.810052" lon="139.083396">
<ele>713.000000</ele>
<time>2026-06-13T06:08:11Z</time>
<speed>0.170807</speed>
<trueHeading>0.000000</trueHeading>
<magneticHeading>0.000000</magneticHeading>
<gpsHeading>69.945404</gpsHeading>
<haccuracy>4.394000</haccuracy>
<vaccuracy>4.394000</vaccuracy>
<internetconnect>2</internetconnect>
</trkpt>
<trkpt lat="35.809620" lon="139.084005">
<ele>692.333333</ele>
<time>2026-06-13T06:09:00Z</time>
<speed>0.264691</speed>
<trueHeading>0.000000</trueHeading>
<magneticHeading>0.000000</magneticHeading>
<gpsHeading>131.160690</gpsHeading>
<haccuracy>5.832000</haccuracy>
<vaccuracy>5.832000</vaccuracy>
<internetconnect>2</internetconnect>
</trkpt>
<trkpt lat="35.809709" lon="139.084804">
<ele>671.333333</ele>
<time>2026-06-13T06:09:47Z</time>
<speed>1.500966</speed>
<trueHeading>0.000000</trueHeading>
<magneticHeading>0.000000</magneticHeading>
<gpsHeading>82.187820</gpsHeading>
<haccuracy>23.601999</haccuracy>
<vaccuracy>23.601999</vaccuracy>
<internetconnect>2</internetconnect>
</trkpt>
<trkpt lat="35.809213" lon="139.085205">
<ele>659.333333</ele>
<time>2026-06-13T06:10:36Z</time>
<speed>0.220292</speed>
<trueHeading>0.000000</trueHeading>
<magneticHeading>0.000000</magneticHeading>
<gpsHeading>146.745758</gpsHeading>
<haccuracy>4.988000</haccuracy>
<vaccuracy>4.988000</vaccuracy>
<internetconnect>2</internetconnect>
</trkpt>
<trkpt lat="35.808643" lon="139.085688">
<ele>653.333333</ele>
<time>2026-06-13T06:11:24Z</time>
<speed>0.655080</speed>
<trueHeading>0.000000</trueHeading>
<magneticHeading>0.000000</magneticHeading>
<gpsHeading>145.511520</gpsHeading>
<haccuracy>5.752000</haccuracy>
<vaccuracy>5.752000</vaccuracy>
<internetconnect>2</internetconnect>
</trkpt>
<trkpt lat="35.808406" lon="139.086174">
<ele>645.666667</ele>
<time>2026-06-13T06:12:12Z</time>
<speed>1.437844</speed>
<trueHeading>0.000000</trueHeading>
<magneticHeading>0.000000</magneticHeading>
<gpsHeading>121.013748</gpsHeading>
<haccuracy>5.768000</haccuracy>
<vaccuracy>5.768000</vaccuracy>
<internetconnect>2</internetconnect>
</trkpt>
<trkpt lat="35.808116" lon="139.085706">
<ele>637.000000</ele>
<time>2026-06-13T06:13:01Z</time>
<speed>1.688504</speed>
<trueHeading>0.000000</trueHeading>
<magneticHeading>0.000000</magneticHeading>
<gpsHeading>232.622971</gpsHeading>
<haccuracy>4.727000</haccuracy>
<vaccuracy>4.727000</vaccuracy>
<internetconnect>2</internetconnect>
</trkpt>
<trkpt lat="35.808042" lon="139.086468">
<ele>627.666667</ele>
<time>2026-06-13T06:13:50Z</time>
<speed>1.181377</speed>
<trueHeading>0.000000</trueHeading>
<magneticHeading>0.000000</magneticHeading>
<gpsHeading>96.841446</gpsHeading>
<haccuracy>6.206000</haccuracy>
<vaccuracy>6.206000</vaccuracy>
<internetconnect>2</internetconnect>
</trkpt>
<trkpt lat="35.807928" lon="139.086086">
<ele>616.333333</ele>
<time>2026-06-13T06:14:39Z</time>
<speed>0.623327</speed>
<trueHeading>0.000000</trueHeading>
<magneticHeading>0.000000</magneticHeading>
<gpsHeading>249.852631</gpsHeading>
<haccuracy>5.029000</haccuracy>
<vaccuracy>5.029000</vaccuracy>
<internetconnect>2</internetconnect>
</trkpt>
<trkpt lat="35.807749" lon="139.085811">
<ele>609.333333</ele>
<time>2026-06-13T06:15:27Z</time>
<speed>0.210220</speed>
<trueHeading>0.000000</trueHeading>
<magneticHeading>0.000000</magneticHeading>
<gpsHeading>231.299683</gpsHeading>
<haccuracy>4.476000</haccuracy>
<vaccuracy>4.476000</vaccuracy>
<internetconnect>2</internetconnect>
</trkpt>
<trkpt lat="35.807661" lon="139.086409">
<ele>601.000000</ele>
<time>2026-06-13T06:16:23Z</time>
<speed>1.511840</speed>
<trueHeading>0.000000</trueHeading>
<magneticHeading>0.000000</magneticHeading>
<gpsHeading>100.368134</gpsHeading>
<haccuracy>10.373000</haccuracy>
<vaccuracy>10.373000</vaccuracy>
<internetconnect>2</internetconnect>
</trkpt>
<trkpt lat="35.807720" lon="139.087034">
<ele>598.333333</ele>
<time>2026-06-13T06:17:11Z</time>
<speed>1.531532</speed>
<trueHeading>0.000000</trueHeading>
<magneticHeading>0.000000</magneticHeading>
<gpsHeading>83.354675</gpsHeading>
<haccuracy>4.621000</haccuracy>
<vaccuracy>4.621000</vaccuracy>
<internetconnect>2</internetconnect>
</trkpt>
<trkpt lat="35.808259" lon="139.087211">
<ele>590.666667</ele>
<time>2026-06-13T06:17:58Z</time>
<speed>1.574861</speed>
<trueHeading>0.000000</trueHeading>
<magneticHeading>0.000000</magneticHeading>
<gpsHeading>14.907327</gpsHeading>
<haccuracy>5.890000</haccuracy>
<vaccuracy>5.890000</vaccuracy>
<internetconnect>2</internetconnect>
</trkpt>
<trkpt lat="35.808278" lon="139.087939">
<ele>582.333333</ele>
<time>2026-06-13T06:18:46Z</time>
<speed>1.534502</speed>
<trueHeading>0.000000</trueHeading>
<magneticHeading>0.000000</magneticHeading>
<gpsHeading>88.136589</gpsHeading>
<haccuracy>6.285000</haccuracy>
<vaccuracy>6.285000</vaccuracy>
<internetconnect>2</internetconnect>
</trkpt>
<trkpt lat="35.808072" lon="139.088562">
<ele>574.333333</ele>
<time>2026-06-13T06:19:33Z</time>
<speed>0.772746</speed>
<trueHeading>0.000000</trueHeading>
<magneticHeading>0.000000</magneticHeading>
<gpsHeading>112.181938</gpsHeading>
<haccuracy>5.814000</haccuracy>
<vaccuracy>5.814000</vaccuracy>
<internetconnect>2</internetconnect>
</trkpt>
<trkpt lat="35.808135" lon="139.089248">
<ele>564.666667</ele>
<time>2026-06-13T06:20:22Z</time>
<speed>0.971170</speed>
<trueHeading>0.000000</trueHeading>
<magneticHeading>0.000000</magneticHeading>
<gpsHeading>83.603050</gpsHeading>
<haccuracy>5.662000</haccuracy>
<vaccuracy>5.662000</vaccuracy>
<internetconnect>2</internetconnect>
</trkpt>
<trkpt lat="35.807862" lon="139.089721">
<ele>561.000000</ele>
<time>2026-06-13T06:21:10Z</time>
<speed>1.676253</speed>
<trueHeading>0.000000</trueHeading>
<magneticHeading>0.000000</magneticHeading>
<gpsHeading>125.397842</gpsHeading>
<haccuracy>5.695000</haccuracy>
<vaccuracy>5.695000</vaccuracy>
<internetconnect>2</internetconnect>
</trkpt>
<trkpt lat="35.807852" lon="139.088785">
<ele>553.333333</ele>
<time>2026-06-13T06:21:58Z</time>
<speed>1.591087</speed>
<trueHeading>0.000000</trueHeading>
<magneticHeading>0.000000</magneticHeading>
<gpsHeading>269.238098</gpsHeading>
<haccuracy>5.699000</haccuracy>
<vaccuracy>5.699000</vaccuracy>
<internetconnect>2</internetconnect>
</trkpt>
<trkpt lat="35.807605" lon="139.088124">
<ele>548.333333</ele>
<time>2026-06-13T06:22:45Z</time>
<speed>1.307691</speed>
<trueHeading>0.000000</trueHeading>
<magneticHeading>0.000000</magneticHeading>
<gpsHeading>245.243683</gpsHeading>
<haccuracy>5.392000</haccuracy>
<vaccuracy>5.392000</vaccuracy>
<internetconnect>2</internetconnect>
</trkpt>
<trkpt lat="35.807153" lon="139.087828">
<ele>535.666667</ele>
<time>2026-06-13T06:23:32Z</time>
<speed>1.182698</speed>
<trueHeading>0.000000</trueHeading>
<magneticHeading>0.000000</magneticHeading>
<gpsHeading>207.985580</gpsHeading>
<haccuracy>5.609000</haccuracy>
<vaccuracy>5.609000</vaccuracy>
<internetconnect>2</internetconnect>
</trkpt>
<trkpt lat="35.806818" lon="139.088289">
<ele>523.333333</ele>
<time>2026-06-13T06:24:21Z</time>
<speed>0.594182</speed>
<trueHeading>0.000000</trueHeading>
<magneticHeading>0.000000</magneticHeading>
<gpsHeading>131.844589</gpsHeading>
<haccuracy>4.810000</haccuracy>
<vaccuracy>4.810000</vaccuracy>
<internetconnect>2</internetconnect>
</trkpt>
<trkpt lat="35.806656" lon="139.088806">
<ele>510.000000</ele>
<time>2026-06-13T06:25:10Z</time>
<speed>1.417183</speed>
<trueHeading>0.000000</trueHeading>
<magneticHeading>0.000000</magneticHeading>
<gpsHeading>111.148941</gpsHeading>
<haccuracy>5.546000</haccuracy>
<vaccuracy>5.546000</vaccuracy>
<internetconnect>2</internetconnect>
</trkpt>
<trkpt lat="35.806358" lon="139.089154">
<ele>501.666667</ele>
<time>2026-06-13T06:25:58Z</time>
<speed>1.413092</speed>
<trueHeading>0.000000</trueHeading>
<magneticHeading>0.000000</magneticHeading>
<gpsHeading>136.594162</gpsHeading>
<haccuracy>5.438000</haccuracy>
<vaccuracy>5.438000</vaccuracy>
<internetconnect>2</internetconnect>
</trkpt>
<trkpt lat="35.806095" lon="139.089563">
<ele>491.666667</ele>
<time>2026-06-13T06:26:46Z</time>
<speed>1.142002</speed>
<trueHeading>0.000000</trueHeading>
<magneticHeading>0.000000</magneticHeading>
<gpsHeading>128.446747</gpsHeading>
<haccuracy>5.500000</haccuracy>
<vaccuracy>5.500000</vaccuracy>
<internetconnect>2</internetconnect>
</trkpt>
<trkpt lat="35.805732" lon="139.089910">
<ele>482.333333</ele>
<time>2026-06-13T06:27:35Z</time>
<speed>1.307121</speed>
<trueHeading>0.000000</trueHeading>
<magneticHeading>0.000000</magneticHeading>
<gpsHeading>142.169220</gpsHeading>
<haccuracy>5.101000</haccuracy>
<vaccuracy>5.101000</vaccuracy>
<internetconnect>2</internetconnect>
</trkpt>
<trkpt lat="35.805744" lon="139.090534">
<ele>471.000000</ele>
<time>2026-06-13T06:28:22Z</time>
<speed>1.383124</speed>
<trueHeading>0.000000</trueHeading>
<magneticHeading>0.000000</magneticHeading>
<gpsHeading>88.675591</gpsHeading>
<haccuracy>3.234000</haccuracy>
<vaccuracy>3.234000</vaccuracy>
<internetconnect>2</internetconnect>
</trkpt>
<trkpt lat="35.805476" lon="139.090849">
<ele>459.333333</ele>
<time>2026-06-13T06:29:12Z</time>
<speed>0.314958</speed>
<trueHeading>0.000000</trueHeading>
<magneticHeading>0.000000</magneticHeading>
<gpsHeading>136.294083</gpsHeading>
<haccuracy>4.636000</haccuracy>
<vaccuracy>4.636000</vaccuracy>
<internetconnect>2</internetconnect>
</trkpt>
<trkpt lat="35.805641" lon="139.091130">
<ele>443.333333</ele>
<time>2026-06-13T06:30:01Z</time>
<speed>0.663552</speed>
<trueHeading>0.000000</trueHeading>
<magneticHeading>0.000000</magneticHeading>
<gpsHeading>54.019859</gpsHeading>
<haccuracy>4.782000</haccuracy>
<vaccuracy>4.782000</vaccuracy>
<internetconnect>2</internetconnect>
</trkpt>
<trkpt lat="35.805673" lon="139.091504">
<ele>431.000000</ele>
<time>2026-06-13T06:31:22Z</time>
<speed>1.162496</speed>
<trueHeading>0.000000</trueHeading>
<magneticHeading>0.000000</magneticHeading>
<gpsHeading>84.133278</gpsHeading>
<haccuracy>5.201000</haccuracy>
<vaccuracy>5.201000</vaccuracy>
<internetconnect>2</internetconnect>
</trkpt>
<trkpt lat="35.805939" lon="139.091863">
<ele>419.666667</ele>
<time>2026-06-13T06:32:11Z</time>
<speed>1.259640</speed>
<trueHeading>0.000000</trueHeading>
<magneticHeading>0.000000</magneticHeading>
<gpsHeading>47.592609</gpsHeading>
<haccuracy>5.272000</haccuracy>
<vaccuracy>5.272000</vaccuracy>
<internetconnect>2</internetconnect>
</trkpt>
<trkpt lat="35.805874" lon="139.092409">
<ele>415.666667</ele>
<time>2026-06-13T06:32:58Z</time>
<speed>1.563372</speed>
<trueHeading>0.000000</trueHeading>
<magneticHeading>0.000000</magneticHeading>
<gpsHeading>98.282303</gpsHeading>
<haccuracy>5.144000</haccuracy>
<vaccuracy>5.144000</vaccuracy>
<internetconnect>2</internetconnect>
</trkpt>
<trkpt lat="35.806092" lon="139.092187">
<ele>409.000000</ele>
<time>2026-06-13T06:33:47Z</time>
<speed>0.266575</speed>
<trueHeading>0.000000</trueHeading>
<magneticHeading>0.000000</magneticHeading>
<gpsHeading>320.420471</gpsHeading>
<haccuracy>4.680000</haccuracy>
<vaccuracy>4.680000</vaccuracy>
<internetconnect>2</internetconnect>
</trkpt>
<trkpt lat="35.806434" lon="139.092232">
<ele>402.000000</ele>
<time>2026-06-13T06:34:34Z</time>
<speed>1.352831</speed>
<trueHeading>0.000000</trueHeading>
<magneticHeading>0.000000</magneticHeading>
<gpsHeading>5.999948</gpsHeading>
<haccuracy>4.521000</haccuracy>
<vaccuracy>4.521000</vaccuracy>
<internetconnect>2</internetconnect>
</trkpt>
<trkpt lat="35.806669" lon="139.092579">
<ele>392.666667</ele>
<time>2026-06-13T06:35:22Z</time>
<speed>0.025127</speed>
<trueHeading>0.000000</trueHeading>
<magneticHeading>0.000000</magneticHeading>
<gpsHeading>50.188908</gpsHeading>
<haccuracy>7.748000</haccuracy>
<vaccuracy>7.748000</vaccuracy>
<internetconnect>2</internetconnect>
</trkpt>
<trkpt lat="35.806828" lon="139.092876">
<ele>386.333333</ele>
<time>2026-06-13T06:36:28Z</time>
<speed>1.451126</speed>
<trueHeading>0.000000</trueHeading>
<magneticHeading>0.000000</magneticHeading>
<gpsHeading>56.509445</gpsHeading>
<haccuracy>4.217000</haccuracy>
<vaccuracy>4.217000</vaccuracy>
<internetconnect>2</internetconnect>
</trkpt>
<trkpt lat="35.807004" lon="139.093527">
<ele>381.333333</ele>
<time>2026-06-13T06:37:16Z</time>
<speed>1.432779</speed>
<trueHeading>0.000000</trueHeading>
<magneticHeading>0.000000</magneticHeading>
<gpsHeading>71.548584</gpsHeading>
<haccuracy>5.185000</haccuracy>
<vaccuracy>5.185000</vaccuracy>
<internetconnect>2</internetconnect>
</trkpt>
<trkpt lat="35.807351" lon="139.094091">
<ele>377.000000</ele>
<time>2026-06-13T06:38:03Z</time>
<speed>1.208754</speed>
<trueHeading>0.000000</trueHeading>
<magneticHeading>0.000000</magneticHeading>
<gpsHeading>52.827507</gpsHeading>
<haccuracy>6.116000</haccuracy>
<vaccuracy>6.116000</vaccuracy>
<internetconnect>2</internetconnect>
</trkpt>
<trkpt lat="35.807658" lon="139.094289">
<ele>369.333333</ele>
<time>2026-06-13T06:39:12Z</time>
<speed>1.648024</speed>
<trueHeading>0.000000</trueHeading>
<magneticHeading>0.000000</magneticHeading>
<gpsHeading>27.627024</gpsHeading>
<haccuracy>5.667000</haccuracy>
<vaccuracy>5.667000</vaccuracy>
<internetconnect>2</internetconnect>
</trkpt>
<trkpt lat="35.807530" lon="139.094606">
<ele>361.666667</ele>
<time>2026-06-13T06:40:04Z</time>
<speed>1.494752</speed>
<trueHeading>0.000000</trueHeading>
<magneticHeading>0.000000</magneticHeading>
<gpsHeading>116.532623</gpsHeading>
<haccuracy>5.528000</haccuracy>
<vaccuracy>5.528000</vaccuracy>
<internetconnect>2</internetconnect>
</trkpt>
<trkpt lat="35.807152" lon="139.094962">
<ele>350.666667</ele>
<time>2026-06-13T06:40:51Z</time>
<speed>1.270588</speed>
<trueHeading>0.000000</trueHeading>
<magneticHeading>0.000000</magneticHeading>
<gpsHeading>142.598114</gpsHeading>
<haccuracy>3.546000</haccuracy>
<vaccuracy>3.546000</vaccuracy>
<internetconnect>2</internetconnect>
</trkpt>
<trkpt lat="35.807013" lon="139.095440">
<ele>341.666667</ele>
<time>2026-06-13T06:41:37Z</time>
<speed>1.325052</speed>
<trueHeading>0.000000</trueHeading>
<magneticHeading>0.000000</magneticHeading>
<gpsHeading>109.711395</gpsHeading>
<haccuracy>3.738000</haccuracy>
<vaccuracy>3.738000</vaccuracy>
<internetconnect>2</internetconnect>
</trkpt>
<trkpt lat="35.807478" lon="139.095761">
<ele>327.000000</ele>
<time>2026-06-13T06:42:23Z</time>
<speed>1.555896</speed>
<trueHeading>0.000000</trueHeading>
<magneticHeading>0.000000</magneticHeading>
<gpsHeading>29.275942</gpsHeading>
<haccuracy>5.222000</haccuracy>
<vaccuracy>5.222000</vaccuracy>
<internetconnect>2</internetconnect>
</trkpt>
<trkpt lat="35.807779" lon="139.096331">
<ele>326.333333</ele>
<time>2026-06-13T06:43:10Z</time>
<speed>1.406257</speed>
<trueHeading>0.000000</trueHeading>
<magneticHeading>0.000000</magneticHeading>
<gpsHeading>56.930489</gpsHeading>
<haccuracy>3.851000</haccuracy>
<vaccuracy>3.851000</vaccuracy>
<internetconnect>2</internetconnect>
</trkpt>
<trkpt lat="35.808006" lon="139.096565">
<ele>329.000000</ele>
<time>2026-06-13T06:44:10Z</time>
<speed>1.546509</speed>
<trueHeading>0.000000</trueHeading>
<magneticHeading>0.000000</magneticHeading>
<gpsHeading>39.847458</gpsHeading>
<haccuracy>3.464000</haccuracy>
<vaccuracy>3.464000</vaccuracy>
<internetconnect>2</internetconnect>
</trkpt>
<trkpt lat="35.808458" lon="139.096585">
<ele>340.000000</ele>
<time>2026-06-13T06:44:57Z</time>
<speed>1.414116</speed>
<trueHeading>0.000000</trueHeading>
<magneticHeading>0.000000</magneticHeading>
<gpsHeading>2.104595</gpsHeading>
<haccuracy>5.829000</haccuracy>
<vaccuracy>5.829000</vaccuracy>
<internetconnect>2</internetconnect>
</trkpt>
<trkpt lat="35.808976" lon="139.096587">
<ele>341.666667</ele>
<time>2026-06-13T06:45:47Z</time>
<speed>1.562050</speed>
<trueHeading>0.000000</trueHeading>
<magneticHeading>0.000000</magneticHeading>
<gpsHeading>0.170433</gpsHeading>
<haccuracy>5.807000</haccuracy>
<vaccuracy>5.807000</vaccuracy>
<internetconnect>2</internetconnect>
</trkpt>
<trkpt lat="35.809064" lon="139.096936">
<ele>342.333333</ele>
<time>2026-06-13T06:46:43Z</time>
<speed>0.179536</speed>
<trueHeading>0.000000</trueHeading>
<magneticHeading>0.000000</magneticHeading>
<gpsHeading>72.691467</gpsHeading>
<haccuracy>4.478000</haccuracy>
<vaccuracy>4.478000</vaccuracy>
<internetconnect>2</internetconnect>
</trkpt>
<trkpt lat="35.809011" lon="139.096782">
<ele>342.666667</ele>
<time>2026-06-13T06:48:48Z</time>
<speed>0.112747</speed>
<trueHeading>0.000000</trueHeading>
<magneticHeading>0.000000</magneticHeading>
<gpsHeading>246.873383</gpsHeading>
<haccuracy>6.328000</haccuracy>
<vaccuracy>6.328000</vaccuracy>
<internetconnect>2</internetconnect>
</trkpt>
<trkpt lat="35.808991" lon="139.096755">
<ele>342.333333</ele>
<time>2026-06-13T06:50:55Z</time>
<speed>0.112532</speed>
<trueHeading>0.000000</trueHeading>
<magneticHeading>0.000000</magneticHeading>
<gpsHeading>228.127655</gpsHeading>
<haccuracy>3.809000</haccuracy>
<vaccuracy>3.809000</vaccuracy>
<internetconnect>2</internetconnect>
</trkpt>
<trkpt lat="35.808995" lon="139.096751">
<ele>342.000000</ele>
<time>2026-06-13T06:52:57Z</time>
<speed>1.289879</speed>
<trueHeading>0.000000</trueHeading>
<magneticHeading>0.000000</magneticHeading>
<gpsHeading>315.253571</gpsHeading>
<haccuracy>4.448000</haccuracy>
<vaccuracy>4.448000</vaccuracy>
<internetconnect>2</internetconnect>
</trkpt>
<trkpt lat="35.809073" lon="139.096707">
<ele>342.000000</ele>
<time>2026-06-13T06:53:16Z</time>
<speed>0.016303</speed>
<trueHeading>-999.000000</trueHeading>
<magneticHeading>-999.000000</magneticHeading>
<gpsHeading>335.488129</gpsHeading>
<haccuracy>5.127000</haccuracy>
<vaccuracy>5.127000</vaccuracy>
<internetconnect>2</internetconnect>
</trkpt>
</trkseg></trk>
</gpx>
