<?xml version="1.0" encoding="UTF-8"?>
<gpx xmlns:xsi="http://www.w3.org/2001/XMLSchema-instance" xmlns="http://www.topografix.com/GPX/1/0" xsi:schemaLocation="http://www.topografix.com/GPX/1/1 http://www.topografix.com/GPX/1/1/gpx.xsd" creator="Geographica - http://geographica.biz/" appVersion="Ver 2.1.44:372" device="google sunfish" android="13" carrier="povo">
<trk>
<name>20260509</name>
<trkseg>
<trkpt lat="35.808971" lon="139.096837">
<ele>338.874390</ele>
<time>2026-05-08T22:41:55Z</time>
<speed>0.000000</speed>
<trueHeading>0.000000</trueHeading>
<magneticHeading>0.000000</magneticHeading>
<gpsHeading>0.000000</gpsHeading>
<haccuracy>21.495001</haccuracy>
<vaccuracy>21.495001</vaccuracy>
<internetconnect>2</internetconnect>
</trkpt>
<trkpt lat="35.809076" lon="139.096785">
<ele>342.000024</ele>
<time>2026-05-08T22:41:56Z</time>
<speed>0.089323</speed>
<trueHeading>0.000000</trueHeading>
<magneticHeading>0.000000</magneticHeading>
<gpsHeading>0.000000</gpsHeading>
<haccuracy>8.719000</haccuracy>
<vaccuracy>8.719000</vaccuracy>
<internetconnect>2</internetconnect>
</trkpt>
<trkpt lat="35.809034" lon="139.096615">
<ele>342.000024</ele>
<time>2026-05-08T22:42:26Z</time>
<speed>0.096376</speed>
<trueHeading>0.000000</trueHeading>
<magneticHeading>0.000000</magneticHeading>
<gpsHeading>252.857422</gpsHeading>
<haccuracy>3.816000</haccuracy>
<vaccuracy>3.816000</vaccuracy>
<internetconnect>2</internetconnect>
</trkpt>
<trkpt lat="35.808845" lon="139.096476">
<ele>341.900018</ele>
<time>2026-05-08T22:42:50Z</time>
<speed>1.417741</speed>
<trueHeading>0.000000</trueHeading>
<magneticHeading>0.000000</magneticHeading>
<gpsHeading>210.849350</gpsHeading>
<haccuracy>4.582000</haccuracy>
<vaccuracy>4.582000</vaccuracy>
<internetconnect>2</internetconnect>
</trkpt>
<trkpt lat="35.808700" lon="139.096421">
<ele>340.900018</ele>
<time>2026-05-08T22:43:16Z</time>
<speed>1.048357</speed>
<trueHeading>0.000000</trueHeading>
<magneticHeading>0.000000</magneticHeading>
<gpsHeading>197.003403</gpsHeading>
<haccuracy>3.004000</haccuracy>
<vaccuracy>3.004000</vaccuracy>
<internetconnect>2</internetconnect>
</trkpt>
<trkpt lat="35.808439" lon="139.096575">
<ele>338.100000</ele>
<time>2026-05-08T22:43:40Z</time>
<speed>1.327160</speed>
<trueHeading>0.000000</trueHeading>
<magneticHeading>0.000000</magneticHeading>
<gpsHeading>154.429276</gpsHeading>
<haccuracy>6.332000</haccuracy>
<vaccuracy>6.332000</vaccuracy>
<internetconnect>2</internetconnect>
</trkpt>
<trkpt lat="35.808231" lon="139.096810">
<ele>338.100000</ele>
<time>2026-05-08T22:44:03Z</time>
<speed>1.405963</speed>
<trueHeading>0.000000</trueHeading>
<magneticHeading>0.000000</magneticHeading>
<gpsHeading>137.566406</gpsHeading>
<haccuracy>6.286000</haccuracy>
<vaccuracy>6.286000</vaccuracy>
<internetconnect>2</internetconnect>
</trkpt>
<trkpt lat="35.808001" lon="139.096734">
<ele>338.200006</ele>
<time>2026-05-08T22:44:27Z</time>
<speed>1.431956</speed>
<trueHeading>0.000000</trueHeading>
<magneticHeading>0.000000</magneticHeading>
<gpsHeading>194.906876</gpsHeading>
<haccuracy>8.888000</haccuracy>
<vaccuracy>8.888000</vaccuracy>
<internetconnect>2</internetconnect>
</trkpt>
<trkpt lat="35.807962" lon="139.096560">
<ele>340.600000</ele>
<time>2026-05-08T22:45:20Z</time>
<speed>0.251456</speed>
<trueHeading>0.000000</trueHeading>
<magneticHeading>0.000000</magneticHeading>
<gpsHeading>254.303787</gpsHeading>
<haccuracy>4.192000</haccuracy>
<vaccuracy>4.192000</vaccuracy>
<internetconnect>2</internetconnect>
</trkpt>
<trkpt lat="35.807882" lon="139.096372">
<ele>340.200006</ele>
<time>2026-05-08T22:45:44Z</time>
<speed>0.174779</speed>
<trueHeading>0.000000</trueHeading>
<magneticHeading>0.000000</magneticHeading>
<gpsHeading>242.493881</gpsHeading>
<haccuracy>3.164000</haccuracy>
<vaccuracy>3.164000</vaccuracy>
<internetconnect>2</internetconnect>
</trkpt>
<trkpt lat="35.807579" lon="139.095895">
<ele>340.520001</ele>
<time>2026-05-08T22:46:08Z</time>
<speed>1.487563</speed>
<trueHeading>0.000000</trueHeading>
<magneticHeading>0.000000</magneticHeading>
<gpsHeading>231.876099</gpsHeading>
<haccuracy>3.070000</haccuracy>
<vaccuracy>3.070000</vaccuracy>
<internetconnect>2</internetconnect>
</trkpt>
<trkpt lat="35.807342" lon="139.095645">
<ele>340.200006</ele>
<time>2026-05-08T22:46:31Z</time>
<speed>1.327869</speed>
<trueHeading>0.000000</trueHeading>
<magneticHeading>0.000000</magneticHeading>
<gpsHeading>220.629150</gpsHeading>
<haccuracy>3.180000</haccuracy>
<vaccuracy>3.180000</vaccuracy>
<internetconnect>2</internetconnect>
</trkpt>
<trkpt lat="35.807064" lon="139.095556">
<ele>340.520001</ele>
<time>2026-05-08T22:46:55Z</time>
<speed>1.342832</speed>
<trueHeading>0.000000</trueHeading>
<magneticHeading>0.000000</magneticHeading>
<gpsHeading>194.664108</gpsHeading>
<haccuracy>4.579000</haccuracy>
<vaccuracy>4.579000</vaccuracy>
<internetconnect>2</internetconnect>
</trkpt>
<trkpt lat="35.807025" lon="139.095354">
<ele>342.300012</ele>
<time>2026-05-08T22:47:18Z</time>
<speed>1.099154</speed>
<trueHeading>0.000000</trueHeading>
<magneticHeading>0.000000</magneticHeading>
<gpsHeading>256.504303</gpsHeading>
<haccuracy>3.864000</haccuracy>
<vaccuracy>3.864000</vaccuracy>
<internetconnect>2</internetconnect>
</trkpt>
<trkpt lat="35.807153" lon="139.095077">
<ele>345.328374</ele>
<time>2026-05-08T22:47:42Z</time>
<speed>1.307361</speed>
<trueHeading>0.000000</trueHeading>
<magneticHeading>0.000000</magneticHeading>
<gpsHeading>299.645844</gpsHeading>
<haccuracy>6.249000</haccuracy>
<vaccuracy>6.249000</vaccuracy>
<internetconnect>2</internetconnect>
</trkpt>
<trkpt lat="35.807130" lon="139.094828">
<ele>351.700006</ele>
<time>2026-05-08T22:48:06Z</time>
<speed>1.100853</speed>
<trueHeading>0.000000</trueHeading>
<magneticHeading>0.000000</magneticHeading>
<gpsHeading>263.426025</gpsHeading>
<haccuracy>4.411000</haccuracy>
<vaccuracy>4.411000</vaccuracy>
<internetconnect>2</internetconnect>
</trkpt>
<trkpt lat="35.807262" lon="139.094712">
<ele>357.717711</ele>
<time>2026-05-08T22:48:30Z</time>
<speed>0.991028</speed>
<trueHeading>0.000000</trueHeading>
<magneticHeading>0.000000</magneticHeading>
<gpsHeading>324.718658</gpsHeading>
<haccuracy>5.729000</haccuracy>
<vaccuracy>5.729000</vaccuracy>
<internetconnect>2</internetconnect>
</trkpt>
<trkpt lat="35.807428" lon="139.094628">
<ele>362.900018</ele>
<time>2026-05-08T22:48:54Z</time>
<speed>0.794977</speed>
<trueHeading>0.000000</trueHeading>
<magneticHeading>0.000000</magneticHeading>
<gpsHeading>337.446259</gpsHeading>
<haccuracy>6.880000</haccuracy>
<vaccuracy>6.880000</vaccuracy>
<internetconnect>2</internetconnect>
</trkpt>
<trkpt lat="35.807676" lon="139.094494">
<ele>364.981250</ele>
<time>2026-05-08T22:49:17Z</time>
<speed>1.140488</speed>
<trueHeading>0.000000</trueHeading>
<magneticHeading>0.000000</magneticHeading>
<gpsHeading>336.420685</gpsHeading>
<haccuracy>5.421000</haccuracy>
<vaccuracy>5.421000</vaccuracy>
<internetconnect>2</internetconnect>
</trkpt>
<trkpt lat="35.807966" lon="139.094413">
<ele>366.780088</ele>
<time>2026-05-08T22:49:41Z</time>
<speed>1.374998</speed>
<trueHeading>0.000000</trueHeading>
<magneticHeading>0.000000</magneticHeading>
<gpsHeading>347.313171</gpsHeading>
<haccuracy>4.875000</haccuracy>
<vaccuracy>4.875000</vaccuracy>
<internetconnect>2</internetconnect>
</trkpt>
<trkpt lat="35.807780" lon="139.094158">
<ele>370.297271</ele>
<time>2026-05-08T22:50:04Z</time>
<speed>1.356950</speed>
<trueHeading>0.000000</trueHeading>
<magneticHeading>0.000000</magneticHeading>
<gpsHeading>227.958893</gpsHeading>
<haccuracy>4.714000</haccuracy>
<vaccuracy>4.714000</vaccuracy>
<internetconnect>2</internetconnect>
</trkpt>
<trkpt lat="35.807519" lon="139.094055">
<ele>375.038543</ele>
<time>2026-05-08T22:50:28Z</time>
<speed>1.333190</speed>
<trueHeading>0.000000</trueHeading>
<magneticHeading>0.000000</magneticHeading>
<gpsHeading>197.788666</gpsHeading>
<haccuracy>5.134000</haccuracy>
<vaccuracy>5.134000</vaccuracy>
<internetconnect>2</internetconnect>
</trkpt>
<trkpt lat="35.807272" lon="139.093867">
<ele>378.500024</ele>
<time>2026-05-08T22:50:51Z</time>
<speed>1.384039</speed>
<trueHeading>0.000000</trueHeading>
<magneticHeading>0.000000</magneticHeading>
<gpsHeading>211.668350</gpsHeading>
<haccuracy>4.837000</haccuracy>
<vaccuracy>4.837000</vaccuracy>
<internetconnect>2</internetconnect>
</trkpt>
<trkpt lat="35.807145" lon="139.093559">
<ele>382.409614</ele>
<time>2026-05-08T22:51:14Z</time>
<speed>1.347651</speed>
<trueHeading>0.000000</trueHeading>
<magneticHeading>0.000000</magneticHeading>
<gpsHeading>243.072052</gpsHeading>
<haccuracy>3.878000</haccuracy>
<vaccuracy>3.878000</vaccuracy>
<internetconnect>2</internetconnect>
</trkpt>
<trkpt lat="35.806945" lon="139.093283">
<ele>386.142633</ele>
<time>2026-05-08T22:51:38Z</time>
<speed>1.435881</speed>
<trueHeading>0.000000</trueHeading>
<magneticHeading>0.000000</magneticHeading>
<gpsHeading>228.226410</gpsHeading>
<haccuracy>3.702000</haccuracy>
<vaccuracy>3.702000</vaccuracy>
<internetconnect>2</internetconnect>
</trkpt>
<trkpt lat="35.806912" lon="139.092944">
<ele>388.966419</ele>
<time>2026-05-08T22:52:01Z</time>
<speed>0.700586</speed>
<trueHeading>0.000000</trueHeading>
<magneticHeading>0.000000</magneticHeading>
<gpsHeading>263.130859</gpsHeading>
<haccuracy>7.203000</haccuracy>
<vaccuracy>7.203000</vaccuracy>
<internetconnect>2</internetconnect>
</trkpt>
<trkpt lat="35.806764" lon="139.092565">
<ele>393.700006</ele>
<time>2026-05-08T22:52:25Z</time>
<speed>1.495099</speed>
<trueHeading>0.000000</trueHeading>
<magneticHeading>0.000000</magneticHeading>
<gpsHeading>244.240082</gpsHeading>
<haccuracy>3.985000</haccuracy>
<vaccuracy>3.985000</vaccuracy>
<internetconnect>2</internetconnect>
</trkpt>
<trkpt lat="35.806624" lon="139.092313">
<ele>398.776630</ele>
<time>2026-05-08T22:52:48Z</time>
<speed>1.381853</speed>
<trueHeading>0.000000</trueHeading>
<magneticHeading>0.000000</magneticHeading>
<gpsHeading>235.572845</gpsHeading>
<haccuracy>4.424000</haccuracy>
<vaccuracy>4.424000</vaccuracy>
<internetconnect>2</internetconnect>
</trkpt>
<trkpt lat="35.806350" lon="139.092157">
<ele>403.424356</ele>
<time>2026-05-08T22:53:11Z</time>
<speed>1.346147</speed>
<trueHeading>0.000000</trueHeading>
<magneticHeading>0.000000</magneticHeading>
<gpsHeading>204.840347</gpsHeading>
<haccuracy>4.611000</haccuracy>
<vaccuracy>4.611000</vaccuracy>
<internetconnect>2</internetconnect>
</trkpt>
<trkpt lat="35.806235" lon="139.091872">
<ele>407.587152</ele>
<time>2026-05-08T22:53:35Z</time>
<speed>1.118723</speed>
<trueHeading>0.000000</trueHeading>
<magneticHeading>0.000000</magneticHeading>
<gpsHeading>243.435989</gpsHeading>
<haccuracy>3.757000</haccuracy>
<vaccuracy>3.757000</vaccuracy>
<internetconnect>2</internetconnect>
</trkpt>
<trkpt lat="35.806031" lon="139.092012">
<ele>410.628518</ele>
<time>2026-05-08T22:53:59Z</time>
<speed>1.324404</speed>
<trueHeading>0.000000</trueHeading>
<magneticHeading>0.000000</magneticHeading>
<gpsHeading>150.951324</gpsHeading>
<haccuracy>5.141000</haccuracy>
<vaccuracy>5.141000</vaccuracy>
<internetconnect>2</internetconnect>
</trkpt>
<trkpt lat="35.805990" lon="139.092381">
<ele>414.196221</ele>
<time>2026-05-08T22:54:22Z</time>
<speed>1.453949</speed>
<trueHeading>0.000000</trueHeading>
<magneticHeading>0.000000</magneticHeading>
<gpsHeading>97.859695</gpsHeading>
<haccuracy>4.940000</haccuracy>
<vaccuracy>4.940000</vaccuracy>
<internetconnect>2</internetconnect>
</trkpt>
<trkpt lat="35.805908" lon="139.092226">
<ele>418.178217</ele>
<time>2026-05-08T22:55:18Z</time>
<speed>1.470829</speed>
<trueHeading>0.000000</trueHeading>
<magneticHeading>0.000000</magneticHeading>
<gpsHeading>236.764069</gpsHeading>
<haccuracy>5.676000</haccuracy>
<vaccuracy>5.676000</vaccuracy>
<internetconnect>0</internetconnect>
</trkpt>
<trkpt lat="35.805843" lon="139.091866">
<ele>422.807278</ele>
<time>2026-05-08T22:55:42Z</time>
<speed>1.368283</speed>
<trueHeading>0.000000</trueHeading>
<magneticHeading>0.000000</magneticHeading>
<gpsHeading>257.430115</gpsHeading>
<haccuracy>4.698000</haccuracy>
<vaccuracy>4.698000</vaccuracy>
<internetconnect>0</internetconnect>
</trkpt>
<trkpt lat="35.805841" lon="139.091689">
<ele>429.355645</ele>
<time>2026-05-08T22:56:07Z</time>
<speed>0.325876</speed>
<trueHeading>0.000000</trueHeading>
<magneticHeading>0.000000</magneticHeading>
<gpsHeading>269.163757</gpsHeading>
<haccuracy>4.819000</haccuracy>
<vaccuracy>4.819000</vaccuracy>
<internetconnect>0</internetconnect>
</trkpt>
<trkpt lat="35.805789" lon="139.091519">
<ele>434.665498</ele>
<time>2026-05-08T22:56:31Z</time>
<speed>0.290537</speed>
<trueHeading>0.000000</trueHeading>
<magneticHeading>0.000000</magneticHeading>
<gpsHeading>249.441330</gpsHeading>
<haccuracy>4.400000</haccuracy>
<vaccuracy>4.400000</vaccuracy>
<internetconnect>0</internetconnect>
</trkpt>
<trkpt lat="35.805682" lon="139.091344">
<ele>439.563895</ele>
<time>2026-05-08T22:56:54Z</time>
<speed>0.459989</speed>
<trueHeading>0.000000</trueHeading>
<magneticHeading>0.000000</magneticHeading>
<gpsHeading>232.953766</gpsHeading>
<haccuracy>4.635000</haccuracy>
<vaccuracy>4.635000</vaccuracy>
<internetconnect>0</internetconnect>
</trkpt>
<trkpt lat="35.805664" lon="139.091167">
<ele>446.610971</ele>
<time>2026-05-08T22:57:26Z</time>
<speed>0.340987</speed>
<trueHeading>0.000000</trueHeading>
<magneticHeading>0.000000</magneticHeading>
<gpsHeading>262.884613</gpsHeading>
<haccuracy>4.448000</haccuracy>
<vaccuracy>4.448000</vaccuracy>
<internetconnect>0</internetconnect>
</trkpt>
<trkpt lat="35.805649" lon="139.090986">
<ele>454.134185</ele>
<time>2026-05-08T22:57:57Z</time>
<speed>0.314408</speed>
<trueHeading>0.000000</trueHeading>
<magneticHeading>0.000000</magneticHeading>
<gpsHeading>264.097687</gpsHeading>
<haccuracy>4.571000</haccuracy>
<vaccuracy>4.571000</vaccuracy>
<internetconnect>0</internetconnect>
</trkpt>
<trkpt lat="35.805665" lon="139.090771">
<ele>459.722099</ele>
<time>2026-05-08T22:58:20Z</time>
<speed>0.407513</speed>
<trueHeading>0.000000</trueHeading>
<magneticHeading>0.000000</magneticHeading>
<gpsHeading>275.305542</gpsHeading>
<haccuracy>5.411000</haccuracy>
<vaccuracy>5.411000</vaccuracy>
<internetconnect>0</internetconnect>
</trkpt>
<trkpt lat="35.805600" lon="139.090608">
<ele>465.942112</ele>
<time>2026-05-08T22:58:44Z</time>
<speed>0.290385</speed>
<trueHeading>0.000000</trueHeading>
<magneticHeading>0.000000</magneticHeading>
<gpsHeading>243.593536</gpsHeading>
<haccuracy>4.462000</haccuracy>
<vaccuracy>4.462000</vaccuracy>
<internetconnect>0</internetconnect>
</trkpt>
<trkpt lat="35.805571" lon="139.090426">
<ele>472.782567</ele>
<time>2026-05-08T22:59:14Z</time>
<speed>0.353386</speed>
<trueHeading>0.000000</trueHeading>
<magneticHeading>0.000000</magneticHeading>
<gpsHeading>258.931976</gpsHeading>
<haccuracy>5.150000</haccuracy>
<vaccuracy>5.150000</vaccuracy>
<internetconnect>0</internetconnect>
</trkpt>
<trkpt lat="35.805606" lon="139.090253">
<ele>477.508131</ele>
<time>2026-05-08T22:59:42Z</time>
<speed>0.071541</speed>
<trueHeading>0.000000</trueHeading>
<magneticHeading>0.000000</magneticHeading>
<gpsHeading>284.253265</gpsHeading>
<haccuracy>4.422000</haccuracy>
<vaccuracy>4.422000</vaccuracy>
<internetconnect>0</internetconnect>
</trkpt>
<trkpt lat="35.805744" lon="139.090184">
<ele>479.823521</ele>
<time>2026-05-08T23:00:28Z</time>
<speed>0.344801</speed>
<trueHeading>0.000000</trueHeading>
<magneticHeading>0.000000</magneticHeading>
<gpsHeading>337.927307</gpsHeading>
<haccuracy>5.634000</haccuracy>
<vaccuracy>5.634000</vaccuracy>
<internetconnect>0</internetconnect>
</trkpt>
<trkpt lat="35.805805" lon="139.089917">
<ele>483.101424</ele>
<time>2026-05-08T23:00:52Z</time>
<speed>0.236721</speed>
<trueHeading>0.000000</trueHeading>
<magneticHeading>0.000000</magneticHeading>
<gpsHeading>285.662598</gpsHeading>
<haccuracy>4.807000</haccuracy>
<vaccuracy>4.807000</vaccuracy>
<internetconnect>0</internetconnect>
</trkpt>
<trkpt lat="35.805930" lon="139.089731">
<ele>488.762159</ele>
<time>2026-05-08T23:01:16Z</time>
<speed>0.308081</speed>
<trueHeading>0.000000</trueHeading>
<magneticHeading>0.000000</magneticHeading>
<gpsHeading>309.503754</gpsHeading>
<haccuracy>5.973000</haccuracy>
<vaccuracy>5.973000</vaccuracy>
<internetconnect>0</internetconnect>
</trkpt>
<trkpt lat="35.806081" lon="139.089608">
<ele>493.109001</ele>
<time>2026-05-08T23:01:39Z</time>
<speed>0.210691</speed>
<trueHeading>0.000000</trueHeading>
<magneticHeading>0.000000</magneticHeading>
<gpsHeading>326.826416</gpsHeading>
<haccuracy>4.414000</haccuracy>
<vaccuracy>4.414000</vaccuracy>
<internetconnect>0</internetconnect>
</trkpt>
<trkpt lat="35.806215" lon="139.089445">
<ele>497.776908</ele>
<time>2026-05-08T23:02:03Z</time>
<speed>0.304157</speed>
<trueHeading>0.000000</trueHeading>
<magneticHeading>0.000000</magneticHeading>
<gpsHeading>315.330200</gpsHeading>
<haccuracy>4.804000</haccuracy>
<vaccuracy>4.804000</vaccuracy>
<internetconnect>0</internetconnect>
</trkpt>
<trkpt lat="35.806269" lon="139.089274">
<ele>502.993315</ele>
<time>2026-05-08T23:02:27Z</time>
<speed>0.271727</speed>
<trueHeading>0.000000</trueHeading>
<magneticHeading>0.000000</magneticHeading>
<gpsHeading>291.237244</gpsHeading>
<haccuracy>3.891000</haccuracy>
<vaccuracy>3.891000</vaccuracy>
<internetconnect>0</internetconnect>
</trkpt>
<trkpt lat="35.806463" lon="139.089089">
<ele>507.565493</ele>
<time>2026-05-08T23:02:51Z</time>
<speed>0.126359</speed>
<trueHeading>0.000000</trueHeading>
<magneticHeading>0.000000</magneticHeading>
<gpsHeading>322.182251</gpsHeading>
<haccuracy>3.430000</haccuracy>
<vaccuracy>3.430000</vaccuracy>
<internetconnect>0</internetconnect>
</trkpt>
<trkpt lat="35.806688" lon="139.088905">
<ele>512.381517</ele>
<time>2026-05-08T23:03:14Z</time>
<speed>0.295276</speed>
<trueHeading>0.000000</trueHeading>
<magneticHeading>0.000000</magneticHeading>
<gpsHeading>326.458801</gpsHeading>
<haccuracy>4.475000</haccuracy>
<vaccuracy>4.475000</vaccuracy>
<internetconnect>0</internetconnect>
</trkpt>
<trkpt lat="35.806800" lon="139.088790">
<ele>517.154464</ele>
<time>2026-05-08T23:04:05Z</time>
<speed>0.131244</speed>
<trueHeading>0.000000</trueHeading>
<magneticHeading>0.000000</magneticHeading>
<gpsHeading>320.340698</gpsHeading>
<haccuracy>3.945000</haccuracy>
<vaccuracy>3.945000</vaccuracy>
<internetconnect>0</internetconnect>
</trkpt>
<trkpt lat="35.806817" lon="139.088409">
<ele>521.685960</ele>
<time>2026-05-08T23:04:28Z</time>
<speed>0.401935</speed>
<trueHeading>0.000000</trueHeading>
<magneticHeading>0.000000</magneticHeading>
<gpsHeading>273.072754</gpsHeading>
<haccuracy>5.205000</haccuracy>
<vaccuracy>5.205000</vaccuracy>
<internetconnect>0</internetconnect>
</trkpt>
<trkpt lat="35.806878" lon="139.088224">
<ele>526.520776</ele>
<time>2026-05-08T23:04:52Z</time>
<speed>0.147428</speed>
<trueHeading>0.000000</trueHeading>
<magneticHeading>0.000000</magneticHeading>
<gpsHeading>292.278107</gpsHeading>
<haccuracy>4.274000</haccuracy>
<vaccuracy>4.274000</vaccuracy>
<internetconnect>0</internetconnect>
</trkpt>
<trkpt lat="35.806944" lon="139.088067">
<ele>529.580924</ele>
<time>2026-05-08T23:05:20Z</time>
<speed>0.648369</speed>
<trueHeading>0.000000</trueHeading>
<magneticHeading>0.000000</magneticHeading>
<gpsHeading>297.390930</gpsHeading>
<haccuracy>5.247000</haccuracy>
<vaccuracy>5.247000</vaccuracy>
<internetconnect>0</internetconnect>
</trkpt>
<trkpt lat="35.807120" lon="139.087910">
<ele>534.906037</ele>
<time>2026-05-08T23:05:43Z</time>
<speed>0.400227</speed>
<trueHeading>0.000000</trueHeading>
<magneticHeading>0.000000</magneticHeading>
<gpsHeading>324.193512</gpsHeading>
<haccuracy>4.717000</haccuracy>
<vaccuracy>4.717000</vaccuracy>
<internetconnect>0</internetconnect>
</trkpt>
<trkpt lat="35.807221" lon="139.087747">
<ele>541.760071</ele>
<time>2026-05-08T23:06:06Z</time>
<speed>0.314692</speed>
<trueHeading>0.000000</trueHeading>
<magneticHeading>0.000000</magneticHeading>
<gpsHeading>307.395630</gpsHeading>
<haccuracy>4.978000</haccuracy>
<vaccuracy>4.978000</vaccuracy>
<internetconnect>0</internetconnect>
</trkpt>
<trkpt lat="35.807547" lon="139.087793">
<ele>543.704918</ele>
<time>2026-05-08T23:06:30Z</time>
<speed>0.832081</speed>
<trueHeading>0.000000</trueHeading>
<magneticHeading>0.000000</magneticHeading>
<gpsHeading>6.582454</gpsHeading>
<haccuracy>4.885000</haccuracy>
<vaccuracy>4.885000</vaccuracy>
<internetconnect>0</internetconnect>
</trkpt>
<trkpt lat="35.807662" lon="139.088128">
<ele>545.146097</ele>
<time>2026-05-08T23:06:53Z</time>
<speed>0.297946</speed>
<trueHeading>0.000000</trueHeading>
<magneticHeading>0.000000</magneticHeading>
<gpsHeading>67.069221</gpsHeading>
<haccuracy>4.668000</haccuracy>
<vaccuracy>4.668000</vaccuracy>
<internetconnect>0</internetconnect>
</trkpt>
<trkpt lat="35.807722" lon="139.088320">
<ele>547.290260</ele>
<time>2026-05-08T23:07:17Z</time>
<speed>0.114411</speed>
<trueHeading>0.000000</trueHeading>
<magneticHeading>0.000000</magneticHeading>
<gpsHeading>68.760017</gpsHeading>
<haccuracy>4.431000</haccuracy>
<vaccuracy>4.431000</vaccuracy>
<internetconnect>0</internetconnect>
</trkpt>
<trkpt lat="35.807895" lon="139.088788">
<ele>549.858301</ele>
<time>2026-05-08T23:07:41Z</time>
<speed>1.399393</speed>
<trueHeading>0.000000</trueHeading>
<magneticHeading>0.000000</magneticHeading>
<gpsHeading>65.570206</gpsHeading>
<haccuracy>4.746000</haccuracy>
<vaccuracy>4.746000</vaccuracy>
<internetconnect>0</internetconnect>
</trkpt>
<trkpt lat="35.807980" lon="139.089124">
<ele>553.844392</ele>
<time>2026-05-08T23:08:04Z</time>
<speed>0.610047</speed>
<trueHeading>0.000000</trueHeading>
<magneticHeading>0.000000</magneticHeading>
<gpsHeading>72.771187</gpsHeading>
<haccuracy>5.121000</haccuracy>
<vaccuracy>5.121000</vaccuracy>
<internetconnect>0</internetconnect>
</trkpt>
<trkpt lat="35.807844" lon="139.089471">
<ele>558.075862</ele>
<time>2026-05-08T23:08:28Z</time>
<speed>0.270016</speed>
<trueHeading>0.000000</trueHeading>
<magneticHeading>0.000000</magneticHeading>
<gpsHeading>115.819389</gpsHeading>
<haccuracy>4.950000</haccuracy>
<vaccuracy>4.950000</vaccuracy>
<internetconnect>0</internetconnect>
</trkpt>
<trkpt lat="35.807874" lon="139.089719">
<ele>562.780234</ele>
<time>2026-05-08T23:08:52Z</time>
<speed>0.643632</speed>
<trueHeading>0.000000</trueHeading>
<magneticHeading>0.000000</magneticHeading>
<gpsHeading>81.522949</gpsHeading>
<haccuracy>3.538000</haccuracy>
<vaccuracy>3.538000</vaccuracy>
<internetconnect>0</internetconnect>
</trkpt>
<trkpt lat="35.807969" lon="139.089362">
<ele>566.430362</ele>
<time>2026-05-08T23:09:16Z</time>
<speed>1.488162</speed>
<trueHeading>0.000000</trueHeading>
<magneticHeading>0.000000</magneticHeading>
<gpsHeading>288.200653</gpsHeading>
<haccuracy>5.698000</haccuracy>
<vaccuracy>5.698000</vaccuracy>
<internetconnect>0</internetconnect>
</trkpt>
<trkpt lat="35.808128" lon="139.089019">
<ele>568.770576</ele>
<time>2026-05-08T23:09:39Z</time>
<speed>1.534152</speed>
<trueHeading>0.000000</trueHeading>
<magneticHeading>0.000000</magneticHeading>
<gpsHeading>299.675751</gpsHeading>
<haccuracy>5.726000</haccuracy>
<vaccuracy>5.726000</vaccuracy>
<internetconnect>0</internetconnect>
</trkpt>
<trkpt lat="35.808179" lon="139.088682">
<ele>572.465152</ele>
<time>2026-05-08T23:10:03Z</time>
<speed>1.503999</speed>
<trueHeading>0.000000</trueHeading>
<magneticHeading>0.000000</magneticHeading>
<gpsHeading>280.707275</gpsHeading>
<haccuracy>5.254000</haccuracy>
<vaccuracy>5.254000</vaccuracy>
<internetconnect>0</internetconnect>
</trkpt>
<trkpt lat="35.808020" lon="139.088368">
<ele>576.130662</ele>
<time>2026-05-08T23:10:26Z</time>
<speed>1.468443</speed>
<trueHeading>0.000000</trueHeading>
<magneticHeading>0.000000</magneticHeading>
<gpsHeading>237.995758</gpsHeading>
<haccuracy>4.979000</haccuracy>
<vaccuracy>4.979000</vaccuracy>
<internetconnect>0</internetconnect>
</trkpt>
<trkpt lat="35.808078" lon="139.088111">
<ele>580.867825</ele>
<time>2026-05-08T23:10:49Z</time>
<speed>1.320710</speed>
<trueHeading>0.000000</trueHeading>
<magneticHeading>0.000000</magneticHeading>
<gpsHeading>285.715485</gpsHeading>
<haccuracy>5.329000</haccuracy>
<vaccuracy>5.329000</vaccuracy>
<internetconnect>0</internetconnect>
</trkpt>
<trkpt lat="35.808257" lon="139.087808">
<ele>583.975559</ele>
<time>2026-05-08T23:11:12Z</time>
<speed>1.491124</speed>
<trueHeading>0.000000</trueHeading>
<magneticHeading>0.000000</magneticHeading>
<gpsHeading>306.056244</gpsHeading>
<haccuracy>5.858000</haccuracy>
<vaccuracy>5.858000</vaccuracy>
<internetconnect>0</internetconnect>
</trkpt>
<trkpt lat="35.808373" lon="139.087506">
<ele>586.858705</ele>
<time>2026-05-08T23:11:36Z</time>
<speed>1.520115</speed>
<trueHeading>0.000000</trueHeading>
<magneticHeading>0.000000</magneticHeading>
<gpsHeading>295.197998</gpsHeading>
<haccuracy>5.460000</haccuracy>
<vaccuracy>5.460000</vaccuracy>
<internetconnect>0</internetconnect>
</trkpt>
<trkpt lat="35.808166" lon="139.087202">
<ele>591.030345</ele>
<time>2026-05-08T23:11:59Z</time>
<speed>1.446406</speed>
<trueHeading>0.000000</trueHeading>
<magneticHeading>0.000000</magneticHeading>
<gpsHeading>230.114868</gpsHeading>
<haccuracy>5.300000</haccuracy>
<vaccuracy>5.300000</vaccuracy>
<internetconnect>0</internetconnect>
</trkpt>
<trkpt lat="35.807948" lon="139.087015">
<ele>594.695928</ele>
<time>2026-05-08T23:12:22Z</time>
<speed>1.494704</speed>
<trueHeading>0.000000</trueHeading>
<magneticHeading>0.000000</magneticHeading>
<gpsHeading>214.720139</gpsHeading>
<haccuracy>5.205000</haccuracy>
<vaccuracy>5.205000</vaccuracy>
<internetconnect>0</internetconnect>
</trkpt>
<trkpt lat="35.807675" lon="139.087011">
<ele>597.692798</ele>
<time>2026-05-08T23:12:46Z</time>
<speed>1.453413</speed>
<trueHeading>0.000000</trueHeading>
<magneticHeading>0.000000</magneticHeading>
<gpsHeading>180.715607</gpsHeading>
<haccuracy>5.669000</haccuracy>
<vaccuracy>5.669000</vaccuracy>
<internetconnect>0</internetconnect>
</trkpt>
<trkpt lat="35.807449" lon="139.086882">
<ele>601.432513</ele>
<time>2026-05-08T23:13:09Z</time>
<speed>1.507802</speed>
<trueHeading>0.000000</trueHeading>
<magneticHeading>0.000000</magneticHeading>
<gpsHeading>204.774658</gpsHeading>
<haccuracy>5.616000</haccuracy>
<vaccuracy>5.616000</vaccuracy>
<internetconnect>0</internetconnect>
</trkpt>
<trkpt lat="35.807529" lon="139.086730">
<ele>602.623938</ele>
<time>2026-05-08T23:13:52Z</time>
<speed>1.001930</speed>
<trueHeading>0.000000</trueHeading>
<magneticHeading>0.000000</magneticHeading>
<gpsHeading>303.228455</gpsHeading>
<haccuracy>4.816000</haccuracy>
<vaccuracy>4.816000</vaccuracy>
<internetconnect>0</internetconnect>
</trkpt>
<trkpt lat="35.807828" lon="139.086836">
<ele>604.123229</ele>
<time>2026-05-08T23:14:15Z</time>
<speed>1.414681</speed>
<trueHeading>0.000000</trueHeading>
<magneticHeading>0.000000</magneticHeading>
<gpsHeading>15.982857</gpsHeading>
<haccuracy>5.087000</haccuracy>
<vaccuracy>5.087000</vaccuracy>
<internetconnect>0</internetconnect>
</trkpt>
<trkpt lat="35.808114" lon="139.086840">
<ele>602.816875</ele>
<time>2026-05-08T23:14:39Z</time>
<speed>1.537253</speed>
<trueHeading>0.000000</trueHeading>
<magneticHeading>0.000000</magneticHeading>
<gpsHeading>0.649390</gpsHeading>
<haccuracy>6.255000</haccuracy>
<vaccuracy>6.255000</vaccuracy>
<internetconnect>0</internetconnect>
</trkpt>
<trkpt lat="35.808350" lon="139.087170">
<ele>602.582916</ele>
<time>2026-05-08T23:15:02Z</time>
<speed>1.358418</speed>
<trueHeading>0.000000</trueHeading>
<magneticHeading>0.000000</magneticHeading>
<gpsHeading>48.704861</gpsHeading>
<haccuracy>5.453000</haccuracy>
<vaccuracy>5.453000</vaccuracy>
<internetconnect>0</internetconnect>
</trkpt>
<trkpt lat="35.808699" lon="139.087309">
<ele>603.588315</ele>
<time>2026-05-08T23:15:26Z</time>
<speed>1.518364</speed>
<trueHeading>0.000000</trueHeading>
<magneticHeading>0.000000</magneticHeading>
<gpsHeading>17.861782</gpsHeading>
<haccuracy>6.054000</haccuracy>
<vaccuracy>6.054000</vaccuracy>
<internetconnect>0</internetconnect>
</trkpt>
<trkpt lat="35.808659" lon="139.087431">
<ele>604.362048</ele>
<time>2026-05-08T23:16:27Z</time>
<speed>0.609515</speed>
<trueHeading>0.000000</trueHeading>
<magneticHeading>0.000000</magneticHeading>
<gpsHeading>111.978577</gpsHeading>
<haccuracy>4.612000</haccuracy>
<vaccuracy>4.612000</vaccuracy>
<internetconnect>0</internetconnect>
</trkpt>
<trkpt lat="35.808602" lon="139.087717">
<ele>601.231676</ele>
<time>2026-05-08T23:16:50Z</time>
<speed>1.242726</speed>
<trueHeading>0.000000</trueHeading>
<magneticHeading>0.000000</magneticHeading>
<gpsHeading>103.867607</gpsHeading>
<haccuracy>5.780000</haccuracy>
<vaccuracy>5.780000</vaccuracy>
<internetconnect>0</internetconnect>
</trkpt>
<trkpt lat="35.808562" lon="139.087887">
<ele>600.332604</ele>
<time>2026-05-08T23:17:19Z</time>
<speed>1.095507</speed>
<trueHeading>0.000000</trueHeading>
<magneticHeading>0.000000</magneticHeading>
<gpsHeading>106.314430</gpsHeading>
<haccuracy>5.176000</haccuracy>
<vaccuracy>5.176000</vaccuracy>
<internetconnect>0</internetconnect>
</trkpt>
<trkpt lat="35.808567" lon="139.088067">
<ele>605.611816</ele>
<time>2026-05-08T23:17:46Z</time>
<speed>1.155351</speed>
<trueHeading>0.000000</trueHeading>
<magneticHeading>0.000000</magneticHeading>
<gpsHeading>87.881454</gpsHeading>
<haccuracy>4.613000</haccuracy>
<vaccuracy>4.613000</vaccuracy>
<internetconnect>0</internetconnect>
</trkpt>
<trkpt lat="35.808510" lon="139.088242">
<ele>609.365369</ele>
<time>2026-05-08T23:18:09Z</time>
<speed>0.086849</speed>
<trueHeading>0.000000</trueHeading>
<magneticHeading>0.000000</magneticHeading>
<gpsHeading>111.975471</gpsHeading>
<haccuracy>4.726000</haccuracy>
<vaccuracy>4.726000</vaccuracy>
<internetconnect>0</internetconnect>
</trkpt>
<trkpt lat="35.808514" lon="139.088052">
<ele>608.370948</ele>
<time>2026-05-08T23:18:57Z</time>
<speed>1.298793</speed>
<trueHeading>0.000000</trueHeading>
<magneticHeading>0.000000</magneticHeading>
<gpsHeading>271.449890</gpsHeading>
<haccuracy>3.948000</haccuracy>
<vaccuracy>3.948000</vaccuracy>
<internetconnect>0</internetconnect>
</trkpt>
<trkpt lat="35.808476" lon="139.087697">
<ele>603.167713</ele>
<time>2026-05-08T23:19:21Z</time>
<speed>1.428414</speed>
<trueHeading>0.000000</trueHeading>
<magneticHeading>0.000000</magneticHeading>
<gpsHeading>262.655853</gpsHeading>
<haccuracy>5.845000</haccuracy>
<vaccuracy>5.845000</vaccuracy>
<internetconnect>0</internetconnect>
</trkpt>
<trkpt lat="35.808572" lon="139.087540">
<ele>600.601318</ele>
<time>2026-05-08T23:19:52Z</time>
<speed>1.395911</speed>
<trueHeading>0.000000</trueHeading>
<magneticHeading>0.000000</magneticHeading>
<gpsHeading>306.943665</gpsHeading>
<haccuracy>4.867000</haccuracy>
<vaccuracy>4.867000</vaccuracy>
<internetconnect>0</internetconnect>
</trkpt>
<trkpt lat="35.808577" lon="139.087305">
<ele>606.152763</ele>
<time>2026-05-08T23:20:16Z</time>
<speed>1.470921</speed>
<trueHeading>0.000000</trueHeading>
<magneticHeading>0.000000</magneticHeading>
<gpsHeading>271.592316</gpsHeading>
<haccuracy>5.271000</haccuracy>
<vaccuracy>5.271000</vaccuracy>
<internetconnect>0</internetconnect>
</trkpt>
<trkpt lat="35.808376" lon="139.087117">
<ele>605.291828</ele>
<time>2026-05-08T23:20:40Z</time>
<speed>0.959133</speed>
<trueHeading>0.000000</trueHeading>
<magneticHeading>0.000000</magneticHeading>
<gpsHeading>217.180313</gpsHeading>
<haccuracy>6.279000</haccuracy>
<vaccuracy>6.279000</vaccuracy>
<internetconnect>0</internetconnect>
</trkpt>
<trkpt lat="35.808227" lon="139.087015">
<ele>605.426230</ele>
<time>2026-05-08T23:21:15Z</time>
<speed>1.593842</speed>
<trueHeading>0.000000</trueHeading>
<magneticHeading>0.000000</magneticHeading>
<gpsHeading>209.070251</gpsHeading>
<haccuracy>5.022000</haccuracy>
<vaccuracy>5.022000</vaccuracy>
<internetconnect>0</internetconnect>
</trkpt>
<trkpt lat="35.807870" lon="139.086906">
<ele>605.580250</ele>
<time>2026-05-08T23:21:39Z</time>
<speed>1.586057</speed>
<trueHeading>0.000000</trueHeading>
<magneticHeading>0.000000</magneticHeading>
<gpsHeading>193.984650</gpsHeading>
<haccuracy>5.490000</haccuracy>
<vaccuracy>5.490000</vaccuracy>
<internetconnect>0</internetconnect>
</trkpt>
<trkpt lat="35.807567" lon="139.086749">
<ele>605.071893</ele>
<time>2026-05-08T23:22:03Z</time>
<speed>1.561162</speed>
<trueHeading>0.000000</trueHeading>
<magneticHeading>0.000000</magneticHeading>
<gpsHeading>202.771637</gpsHeading>
<haccuracy>5.264000</haccuracy>
<vaccuracy>5.264000</vaccuracy>
<internetconnect>0</internetconnect>
</trkpt>
<trkpt lat="35.807598" lon="139.086450">
<ele>604.609940</ele>
<time>2026-05-08T23:22:27Z</time>
<speed>1.510202</speed>
<trueHeading>0.000000</trueHeading>
<magneticHeading>0.000000</magneticHeading>
<gpsHeading>277.341553</gpsHeading>
<haccuracy>4.817000</haccuracy>
<vaccuracy>4.817000</vaccuracy>
<internetconnect>0</internetconnect>
</trkpt>
<trkpt lat="35.807810" lon="139.086146">
<ele>607.006016</ele>
<time>2026-05-08T23:22:51Z</time>
<speed>1.506460</speed>
<trueHeading>0.000000</trueHeading>
<magneticHeading>0.000000</magneticHeading>
<gpsHeading>310.702881</gpsHeading>
<haccuracy>5.460000</haccuracy>
<vaccuracy>5.460000</vaccuracy>
<internetconnect>0</internetconnect>
</trkpt>
<trkpt lat="35.807892" lon="139.085867">
<ele>609.373800</ele>
<time>2026-05-08T23:23:14Z</time>
<speed>0.079394</speed>
<trueHeading>0.000000</trueHeading>
<magneticHeading>0.000000</magneticHeading>
<gpsHeading>290.079895</gpsHeading>
<haccuracy>5.392000</haccuracy>
<vaccuracy>5.392000</vaccuracy>
<internetconnect>0</internetconnect>
</trkpt>
<trkpt lat="35.807814" lon="139.085705">
<ele>609.806739</ele>
<time>2026-05-08T23:23:44Z</time>
<speed>1.566833</speed>
<trueHeading>0.000000</trueHeading>
<magneticHeading>0.000000</magneticHeading>
<gpsHeading>239.142410</gpsHeading>
<haccuracy>5.178000</haccuracy>
<vaccuracy>5.178000</vaccuracy>
<internetconnect>0</internetconnect>
</trkpt>
<trkpt lat="35.807534" lon="139.085381">
<ele>612.663963</ele>
<time>2026-05-08T23:24:08Z</time>
<speed>1.526729</speed>
<trueHeading>0.000000</trueHeading>
<magneticHeading>0.000000</magneticHeading>
<gpsHeading>223.218689</gpsHeading>
<haccuracy>5.582000</haccuracy>
<vaccuracy>5.582000</vaccuracy>
<internetconnect>0</internetconnect>
</trkpt>
<trkpt lat="35.807599" lon="139.085001">
<ele>614.669732</ele>
<time>2026-05-08T23:24:31Z</time>
<speed>1.560239</speed>
<trueHeading>0.000000</trueHeading>
<magneticHeading>0.000000</magneticHeading>
<gpsHeading>281.865906</gpsHeading>
<haccuracy>5.309000</haccuracy>
<vaccuracy>5.309000</vaccuracy>
<internetconnect>0</internetconnect>
</trkpt>
<trkpt lat="35.807847" lon="139.084744">
<ele>618.252876</ele>
<time>2026-05-08T23:24:55Z</time>
<speed>1.481666</speed>
<trueHeading>0.000000</trueHeading>
<magneticHeading>0.000000</magneticHeading>
<gpsHeading>319.912292</gpsHeading>
<haccuracy>5.392000</haccuracy>
<vaccuracy>5.392000</vaccuracy>
<internetconnect>0</internetconnect>
</trkpt>
<trkpt lat="35.808145" lon="139.084707">
<ele>622.001914</ele>
<time>2026-05-08T23:25:18Z</time>
<speed>1.481975</speed>
<trueHeading>0.000000</trueHeading>
<magneticHeading>0.000000</magneticHeading>
<gpsHeading>354.263641</gpsHeading>
<haccuracy>5.583000</haccuracy>
<vaccuracy>5.583000</vaccuracy>
<internetconnect>0</internetconnect>
</trkpt>
<trkpt lat="35.808419" lon="139.084591">
<ele>626.708848</ele>
<time>2026-05-08T23:25:42Z</time>
<speed>1.534153</speed>
<trueHeading>0.000000</trueHeading>
<magneticHeading>0.000000</magneticHeading>
<gpsHeading>341.024689</gpsHeading>
<haccuracy>5.345000</haccuracy>
<vaccuracy>5.345000</vaccuracy>
<internetconnect>0</internetconnect>
</trkpt>
<trkpt lat="35.808587" lon="139.084281">
<ele>630.216192</ele>
<time>2026-05-08T23:26:05Z</time>
<speed>1.490101</speed>
<trueHeading>0.000000</trueHeading>
<magneticHeading>0.000000</magneticHeading>
<gpsHeading>303.699585</gpsHeading>
<haccuracy>5.667000</haccuracy>
<vaccuracy>5.667000</vaccuracy>
<internetconnect>0</internetconnect>
</trkpt>
<trkpt lat="35.808730" lon="139.083974">
<ele>632.108035</ele>
<time>2026-05-08T23:26:28Z</time>
<speed>1.533016</speed>
<trueHeading>0.000000</trueHeading>
<magneticHeading>0.000000</magneticHeading>
<gpsHeading>299.890137</gpsHeading>
<haccuracy>5.747000</haccuracy>
<vaccuracy>5.747000</vaccuracy>
<internetconnect>0</internetconnect>
</trkpt>
<trkpt lat="35.808882" lon="139.083658">
<ele>635.710673</ele>
<time>2026-05-08T23:26:51Z</time>
<speed>1.527660</speed>
<trueHeading>0.000000</trueHeading>
<magneticHeading>0.000000</magneticHeading>
<gpsHeading>300.599976</gpsHeading>
<haccuracy>4.895000</haccuracy>
<vaccuracy>4.895000</vaccuracy>
<internetconnect>0</internetconnect>
</trkpt>
<trkpt lat="35.808656" lon="139.083465">
<ele>638.338875</ele>
<time>2026-05-08T23:27:15Z</time>
<speed>1.559245</speed>
<trueHeading>0.000000</trueHeading>
<magneticHeading>0.000000</magneticHeading>
<gpsHeading>214.670898</gpsHeading>
<haccuracy>5.460000</haccuracy>
<vaccuracy>5.460000</vaccuracy>
<internetconnect>0</internetconnect>
</trkpt>
<trkpt lat="35.808344" lon="139.083349">
<ele>641.378297</ele>
<time>2026-05-08T23:27:39Z</time>
<speed>1.506086</speed>
<trueHeading>0.000000</trueHeading>
<magneticHeading>0.000000</magneticHeading>
<gpsHeading>196.807861</gpsHeading>
<haccuracy>5.593000</haccuracy>
<vaccuracy>5.593000</vaccuracy>
<internetconnect>0</internetconnect>
</trkpt>
<trkpt lat="35.808059" lon="139.083204">
<ele>644.958849</ele>
<time>2026-05-08T23:28:02Z</time>
<speed>1.513895</speed>
<trueHeading>0.000000</trueHeading>
<magneticHeading>0.000000</magneticHeading>
<gpsHeading>202.407074</gpsHeading>
<haccuracy>4.952000</haccuracy>
<vaccuracy>4.952000</vaccuracy>
<internetconnect>0</internetconnect>
</trkpt>
<trkpt lat="35.807897" lon="139.082936">
<ele>649.497997</ele>
<time>2026-05-08T23:28:26Z</time>
<speed>1.509961</speed>
<trueHeading>0.000000</trueHeading>
<magneticHeading>0.000000</magneticHeading>
<gpsHeading>233.242981</gpsHeading>
<haccuracy>5.939000</haccuracy>
<vaccuracy>5.939000</vaccuracy>
<internetconnect>0</internetconnect>
</trkpt>
<trkpt lat="35.808042" lon="139.082723">
<ele>653.162769</ele>
<time>2026-05-08T23:28:49Z</time>
<speed>0.234283</speed>
<trueHeading>0.000000</trueHeading>
<magneticHeading>0.000000</magneticHeading>
<gpsHeading>310.016815</gpsHeading>
<haccuracy>5.575000</haccuracy>
<vaccuracy>5.575000</vaccuracy>
<internetconnect>0</internetconnect>
</trkpt>
<trkpt lat="35.808156" lon="139.082442">
<ele>658.132515</ele>
<time>2026-05-08T23:29:13Z</time>
<speed>0.472414</speed>
<trueHeading>0.000000</trueHeading>
<magneticHeading>0.000000</magneticHeading>
<gpsHeading>296.576538</gpsHeading>
<haccuracy>5.448000</haccuracy>
<vaccuracy>5.448000</vaccuracy>
<internetconnect>0</internetconnect>
</trkpt>
<trkpt lat="35.808186" lon="139.082071">
<ele>661.128428</ele>
<time>2026-05-08T23:29:37Z</time>
<speed>0.273041</speed>
<trueHeading>0.000000</trueHeading>
<magneticHeading>0.000000</magneticHeading>
<gpsHeading>275.785278</gpsHeading>
<haccuracy>4.260000</haccuracy>
<vaccuracy>4.260000</vaccuracy>
<internetconnect>0</internetconnect>
</trkpt>
<trkpt lat="35.808032" lon="139.081744">
<ele>665.101393</ele>
<time>2026-05-08T23:30:01Z</time>
<speed>1.446349</speed>
<trueHeading>0.000000</trueHeading>
<magneticHeading>0.000000</magneticHeading>
<gpsHeading>239.855667</gpsHeading>
<haccuracy>5.649000</haccuracy>
<vaccuracy>5.649000</vaccuracy>
<internetconnect>0</internetconnect>
</trkpt>
<trkpt lat="35.807720" lon="139.081768">
<ele>668.992112</ele>
<time>2026-05-08T23:30:24Z</time>
<speed>0.694384</speed>
<trueHeading>0.000000</trueHeading>
<magneticHeading>0.000000</magneticHeading>
<gpsHeading>176.417786</gpsHeading>
<haccuracy>4.805000</haccuracy>
<vaccuracy>4.805000</vaccuracy>
<internetconnect>0</internetconnect>
</trkpt>
<trkpt lat="35.807491" lon="139.081642">
<ele>670.982301</ele>
<time>2026-05-08T23:30:47Z</time>
<speed>1.153761</speed>
<trueHeading>0.000000</trueHeading>
<magneticHeading>0.000000</magneticHeading>
<gpsHeading>204.017792</gpsHeading>
<haccuracy>4.288000</haccuracy>
<vaccuracy>4.288000</vaccuracy>
<internetconnect>0</internetconnect>
</trkpt>
<trkpt lat="35.807486" lon="139.081387">
<ele>676.498524</ele>
<time>2026-05-08T23:31:11Z</time>
<speed>0.159592</speed>
<trueHeading>0.000000</trueHeading>
<magneticHeading>0.000000</magneticHeading>
<gpsHeading>268.860199</gpsHeading>
<haccuracy>4.599000</haccuracy>
<vaccuracy>4.599000</vaccuracy>
<internetconnect>0</internetconnect>
</trkpt>
<trkpt lat="35.807604" lon="139.081061">
<ele>678.865757</ele>
<time>2026-05-08T23:31:34Z</time>
<speed>0.530787</speed>
<trueHeading>0.000000</trueHeading>
<magneticHeading>0.000000</magneticHeading>
<gpsHeading>294.014709</gpsHeading>
<haccuracy>4.066000</haccuracy>
<vaccuracy>4.066000</vaccuracy>
<internetconnect>0</internetconnect>
</trkpt>
<trkpt lat="35.807526" lon="139.080649">
<ele>681.939029</ele>
<time>2026-05-08T23:31:58Z</time>
<speed>0.330548</speed>
<trueHeading>0.000000</trueHeading>
<magneticHeading>0.000000</magneticHeading>
<gpsHeading>256.749268</gpsHeading>
<haccuracy>5.441000</haccuracy>
<vaccuracy>5.441000</vaccuracy>
<internetconnect>0</internetconnect>
</trkpt>
<trkpt lat="35.807354" lon="139.080361">
<ele>685.616198</ele>
<time>2026-05-08T23:32:22Z</time>
<speed>0.294000</speed>
<trueHeading>0.000000</trueHeading>
<magneticHeading>0.000000</magneticHeading>
<gpsHeading>233.650558</gpsHeading>
<haccuracy>5.591000</haccuracy>
<vaccuracy>5.591000</vaccuracy>
<internetconnect>0</internetconnect>
</trkpt>
<trkpt lat="35.807389" lon="139.080052">
<ele>689.583538</ele>
<time>2026-05-08T23:32:45Z</time>
<speed>1.042848</speed>
<trueHeading>0.000000</trueHeading>
<magneticHeading>0.000000</magneticHeading>
<gpsHeading>277.961090</gpsHeading>
<haccuracy>4.182000</haccuracy>
<vaccuracy>4.182000</vaccuracy>
<internetconnect>0</internetconnect>
</trkpt>
<trkpt lat="35.807609" lon="139.079669">
<ele>692.316341</ele>
<time>2026-05-08T23:33:09Z</time>
<speed>1.204412</speed>
<trueHeading>0.000000</trueHeading>
<magneticHeading>0.000000</magneticHeading>
<gpsHeading>305.267181</gpsHeading>
<haccuracy>5.271000</haccuracy>
<vaccuracy>5.271000</vaccuracy>
<internetconnect>0</internetconnect>
</trkpt>
<trkpt lat="35.807632" lon="139.079475">
<ele>694.148056</ele>
<time>2026-05-08T23:33:33Z</time>
<speed>1.369492</speed>
<trueHeading>0.000000</trueHeading>
<magneticHeading>0.000000</magneticHeading>
<gpsHeading>278.566498</gpsHeading>
<haccuracy>10.209000</haccuracy>
<vaccuracy>10.209000</vaccuracy>
<internetconnect>0</internetconnect>
</trkpt>
<trkpt lat="35.807746" lon="139.079172">
<ele>696.999510</ele>
<time>2026-05-08T23:33:57Z</time>
<speed>0.490852</speed>
<trueHeading>0.000000</trueHeading>
<magneticHeading>0.000000</magneticHeading>
<gpsHeading>294.820648</gpsHeading>
<haccuracy>5.025000</haccuracy>
<vaccuracy>5.025000</vaccuracy>
<internetconnect>0</internetconnect>
</trkpt>
<trkpt lat="35.807696" lon="139.079366">
<ele>700.898361</ele>
<time>2026-05-08T23:34:25Z</time>
<speed>0.129743</speed>
<trueHeading>0.000000</trueHeading>
<magneticHeading>0.000000</magneticHeading>
<gpsHeading>107.663383</gpsHeading>
<haccuracy>6.908000</haccuracy>
<vaccuracy>6.908000</vaccuracy>
<internetconnect>0</internetconnect>
</trkpt>
<trkpt lat="35.807549" lon="139.080019">
<ele>703.902909</ele>
<time>2026-05-08T23:34:49Z</time>
<speed>0.264497</speed>
<trueHeading>0.000000</trueHeading>
<magneticHeading>0.000000</magneticHeading>
<gpsHeading>105.538300</gpsHeading>
<haccuracy>3.068000</haccuracy>
<vaccuracy>3.068000</vaccuracy>
<internetconnect>0</internetconnect>
</trkpt>
<trkpt lat="35.807632" lon="139.080430">
<ele>708.390915</ele>
<time>2026-05-08T23:35:13Z</time>
<speed>0.891952</speed>
<trueHeading>0.000000</trueHeading>
<magneticHeading>0.000000</magneticHeading>
<gpsHeading>75.874687</gpsHeading>
<haccuracy>4.906000</haccuracy>
<vaccuracy>4.906000</vaccuracy>
<internetconnect>0</internetconnect>
</trkpt>
<trkpt lat="35.807730" lon="139.080184">
<ele>711.042214</ele>
<time>2026-05-08T23:35:36Z</time>
<speed>0.397297</speed>
<trueHeading>0.000000</trueHeading>
<magneticHeading>0.000000</magneticHeading>
<gpsHeading>296.161102</gpsHeading>
<haccuracy>4.574000</haccuracy>
<vaccuracy>4.574000</vaccuracy>
<internetconnect>0</internetconnect>
</trkpt>
<trkpt lat="35.807837" lon="139.079674">
<ele>712.574232</ele>
<time>2026-05-08T23:36:00Z</time>
<speed>0.716869</speed>
<trueHeading>0.000000</trueHeading>
<magneticHeading>0.000000</magneticHeading>
<gpsHeading>284.428223</gpsHeading>
<haccuracy>4.929000</haccuracy>
<vaccuracy>4.929000</vaccuracy>
<internetconnect>0</internetconnect>
</trkpt>
<trkpt lat="35.807955" lon="139.079303">
<ele>713.761778</ele>
<time>2026-05-08T23:36:24Z</time>
<speed>1.299161</speed>
<trueHeading>0.000000</trueHeading>
<magneticHeading>0.000000</magneticHeading>
<gpsHeading>291.545227</gpsHeading>
<haccuracy>5.911000</haccuracy>
<vaccuracy>5.911000</vaccuracy>
<internetconnect>0</internetconnect>
</trkpt>
<trkpt lat="35.808079" lon="139.079129">
<ele>715.545615</ele>
<time>2026-05-08T23:36:47Z</time>
<speed>0.369778</speed>
<trueHeading>0.000000</trueHeading>
<magneticHeading>0.000000</magneticHeading>
<gpsHeading>311.041870</gpsHeading>
<haccuracy>4.782000</haccuracy>
<vaccuracy>4.782000</vaccuracy>
<internetconnect>0</internetconnect>
</trkpt>
<trkpt lat="35.808138" lon="139.079295">
<ele>716.792807</ele>
<time>2026-05-08T23:37:33Z</time>
<speed>1.326875</speed>
<trueHeading>0.000000</trueHeading>
<magneticHeading>0.000000</magneticHeading>
<gpsHeading>66.135635</gpsHeading>
<haccuracy>4.046000</haccuracy>
<vaccuracy>4.046000</vaccuracy>
<internetconnect>0</internetconnect>
</trkpt>
<trkpt lat="35.808043" lon="139.079658">
<ele>721.025981</ele>
<time>2026-05-08T23:37:57Z</time>
<speed>1.335545</speed>
<trueHeading>0.000000</trueHeading>
<magneticHeading>0.000000</magneticHeading>
<gpsHeading>107.996452</gpsHeading>
<haccuracy>5.305000</haccuracy>
<vaccuracy>5.305000</vaccuracy>
<internetconnect>0</internetconnect>
</trkpt>
<trkpt lat="35.808189" lon="139.079496">
<ele>723.142817</ele>
<time>2026-05-08T23:38:20Z</time>
<speed>0.618704</speed>
<trueHeading>0.000000</trueHeading>
<magneticHeading>0.000000</magneticHeading>
<gpsHeading>318.101654</gpsHeading>
<haccuracy>3.781000</haccuracy>
<vaccuracy>3.781000</vaccuracy>
<internetconnect>0</internetconnect>
</trkpt>
<trkpt lat="35.808295" lon="139.079291">
<ele>721.997626</ele>
<time>2026-05-08T23:38:44Z</time>
<speed>0.258619</speed>
<trueHeading>0.000000</trueHeading>
<magneticHeading>0.000000</magneticHeading>
<gpsHeading>302.408264</gpsHeading>
<haccuracy>3.697000</haccuracy>
<vaccuracy>3.697000</vaccuracy>
<internetconnect>0</internetconnect>
</trkpt>
<trkpt lat="35.808160" lon="139.079368">
<ele>718.148525</ele>
<time>2026-05-08T23:39:15Z</time>
<speed>0.205414</speed>
<trueHeading>0.000000</trueHeading>
<magneticHeading>0.000000</magneticHeading>
<gpsHeading>154.892548</gpsHeading>
<haccuracy>3.858000</haccuracy>
<vaccuracy>3.858000</vaccuracy>
<internetconnect>0</internetconnect>
</trkpt>
<trkpt lat="35.808076" lon="139.079222">
<ele>713.959647</ele>
<time>2026-05-08T23:39:46Z</time>
<speed>0.157420</speed>
<trueHeading>0.000000</trueHeading>
<magneticHeading>0.000000</magneticHeading>
<gpsHeading>234.403305</gpsHeading>
<haccuracy>3.145000</haccuracy>
<vaccuracy>3.145000</vaccuracy>
<internetconnect>0</internetconnect>
</trkpt>
<trkpt lat="35.807820" lon="139.078915">
<ele>714.917972</ele>
<time>2026-05-08T23:40:10Z</time>
<speed>0.166901</speed>
<trueHeading>0.000000</trueHeading>
<magneticHeading>0.000000</magneticHeading>
<gpsHeading>224.230560</gpsHeading>
<haccuracy>9.197000</haccuracy>
<vaccuracy>9.197000</vaccuracy>
<internetconnect>0</internetconnect>
</trkpt>
<trkpt lat="35.807573" lon="139.078700">
<ele>716.740833</ele>
<time>2026-05-08T23:40:33Z</time>
<speed>0.317697</speed>
<trueHeading>0.000000</trueHeading>
<magneticHeading>0.000000</magneticHeading>
<gpsHeading>215.289444</gpsHeading>
<haccuracy>4.001000</haccuracy>
<vaccuracy>4.001000</vaccuracy>
<internetconnect>0</internetconnect>
</trkpt>
<trkpt lat="35.807555" lon="139.078329">
<ele>719.404781</ele>
<time>2026-05-08T23:40:56Z</time>
<speed>0.654714</speed>
<trueHeading>0.000000</trueHeading>
<magneticHeading>0.000000</magneticHeading>
<gpsHeading>266.589813</gpsHeading>
<haccuracy>3.896000</haccuracy>
<vaccuracy>3.896000</vaccuracy>
<internetconnect>0</internetconnect>
</trkpt>
<trkpt lat="35.807700" lon="139.077908">
<ele>721.960016</ele>
<time>2026-05-08T23:41:20Z</time>
<speed>1.358339</speed>
<trueHeading>0.000000</trueHeading>
<magneticHeading>0.000000</magneticHeading>
<gpsHeading>292.977600</gpsHeading>
<haccuracy>5.972000</haccuracy>
<vaccuracy>5.972000</vaccuracy>
<internetconnect>0</internetconnect>
</trkpt>
<trkpt lat="35.807781" lon="139.077650">
<ele>724.214968</ele>
<time>2026-05-08T23:41:44Z</time>
<speed>0.219487</speed>
<trueHeading>0.000000</trueHeading>
<magneticHeading>0.000000</magneticHeading>
<gpsHeading>291.267944</gpsHeading>
<haccuracy>4.297000</haccuracy>
<vaccuracy>4.297000</vaccuracy>
<internetconnect>0</internetconnect>
</trkpt>
<trkpt lat="35.807866" lon="139.077235">
<ele>726.221116</ele>
<time>2026-05-08T23:42:07Z</time>
<speed>1.213902</speed>
<trueHeading>0.000000</trueHeading>
<magneticHeading>0.000000</magneticHeading>
<gpsHeading>284.080933</gpsHeading>
<haccuracy>5.917000</haccuracy>
<vaccuracy>5.917000</vaccuracy>
<internetconnect>0</internetconnect>
</trkpt>
<trkpt lat="35.807896" lon="139.077000">
<ele>727.585611</ele>
<time>2026-05-08T23:42:31Z</time>
<speed>0.340430</speed>
<trueHeading>0.000000</trueHeading>
<magneticHeading>0.000000</magneticHeading>
<gpsHeading>278.927582</gpsHeading>
<haccuracy>4.306000</haccuracy>
<vaccuracy>4.306000</vaccuracy>
<internetconnect>0</internetconnect>
</trkpt>
<trkpt lat="35.807933" lon="139.076736">
<ele>728.065065</ele>
<time>2026-05-08T23:42:55Z</time>
<speed>0.179477</speed>
<trueHeading>0.000000</trueHeading>
<magneticHeading>0.000000</magneticHeading>
<gpsHeading>279.905060</gpsHeading>
<haccuracy>4.092000</haccuracy>
<vaccuracy>4.092000</vaccuracy>
<internetconnect>0</internetconnect>
</trkpt>
<trkpt lat="35.807899" lon="139.076318">
<ele>730.354103</ele>
<time>2026-05-08T23:43:18Z</time>
<speed>0.598542</speed>
<trueHeading>0.000000</trueHeading>
<magneticHeading>0.000000</magneticHeading>
<gpsHeading>264.200073</gpsHeading>
<haccuracy>5.579000</haccuracy>
<vaccuracy>5.579000</vaccuracy>
<internetconnect>0</internetconnect>
</trkpt>
<trkpt lat="35.807639" lon="139.075992">
<ele>731.341052</ele>
<time>2026-05-08T23:43:42Z</time>
<speed>0.588805</speed>
<trueHeading>0.000000</trueHeading>
<magneticHeading>0.000000</magneticHeading>
<gpsHeading>225.474335</gpsHeading>
<haccuracy>5.334000</haccuracy>
<vaccuracy>5.334000</vaccuracy>
<internetconnect>0</internetconnect>
</trkpt>
<trkpt lat="35.807351" lon="139.075877">
<ele>730.819808</ele>
<time>2026-05-08T23:44:06Z</time>
<speed>1.212665</speed>
<trueHeading>0.000000</trueHeading>
<magneticHeading>0.000000</magneticHeading>
<gpsHeading>198.025314</gpsHeading>
<haccuracy>5.627000</haccuracy>
<vaccuracy>5.627000</vaccuracy>
<internetconnect>0</internetconnect>
</trkpt>
<trkpt lat="35.807038" lon="139.075878">
<ele>736.699080</ele>
<time>2026-05-08T23:52:49Z</time>
<speed>0.934525</speed>
<trueHeading>0.000000</trueHeading>
<magneticHeading>0.000000</magneticHeading>
<gpsHeading>0.000000</gpsHeading>
<haccuracy>3.122000</haccuracy>
<vaccuracy>3.122000</vaccuracy>
<internetconnect>0</internetconnect>
</trkpt>
<trkpt lat="35.807040" lon="139.075872">
<ele>736.425135</ele>
<time>2026-05-08T23:52:49Z</time>
<speed>0.932249</speed>
<trueHeading>0.000000</trueHeading>
<magneticHeading>0.000000</magneticHeading>
<gpsHeading>0.000000</gpsHeading>
<haccuracy>3.111000</haccuracy>
<vaccuracy>3.111000</vaccuracy>
<internetconnect>0</internetconnect>
</trkpt>
<trkpt lat="35.807028" lon="139.075590">
<ele>736.804916</ele>
<time>2026-05-08T23:53:12Z</time>
<speed>1.399366</speed>
<trueHeading>0.000000</trueHeading>
<magneticHeading>0.000000</magneticHeading>
<gpsHeading>267.674072</gpsHeading>
<haccuracy>3.059000</haccuracy>
<vaccuracy>3.059000</vaccuracy>
<internetconnect>0</internetconnect>
</trkpt>
<trkpt lat="35.807028" lon="139.075590">
<ele>736.804916</ele>
<time>2026-05-08T23:53:12Z</time>
<speed>1.399366</speed>
<trueHeading>0.000000</trueHeading>
<magneticHeading>0.000000</magneticHeading>
<gpsHeading>267.148346</gpsHeading>
<haccuracy>3.059000</haccuracy>
<vaccuracy>3.059000</vaccuracy>
<internetconnect>0</internetconnect>
</trkpt>
<trkpt lat="35.807059" lon="139.075382">
<ele>737.980452</ele>
<time>2026-05-08T23:53:36Z</time>
<speed>0.072423</speed>
<trueHeading>0.000000</trueHeading>
<magneticHeading>0.000000</magneticHeading>
<gpsHeading>280.201569</gpsHeading>
<haccuracy>4.528000</haccuracy>
<vaccuracy>4.528000</vaccuracy>
<internetconnect>0</internetconnect>
</trkpt>
<trkpt lat="35.807059" lon="139.075382">
<ele>737.980452</ele>
<time>2026-05-08T23:53:36Z</time>
<speed>0.072423</speed>
<trueHeading>0.000000</trueHeading>
<magneticHeading>0.000000</magneticHeading>
<gpsHeading>280.201569</gpsHeading>
<haccuracy>4.528000</haccuracy>
<vaccuracy>4.528000</vaccuracy>
<internetconnect>0</internetconnect>
</trkpt>
<trkpt lat="35.807203" lon="139.075330">
<ele>737.403856</ele>
<time>2026-05-08T23:54:01Z</time>
<speed>1.089711</speed>
<trueHeading>0.000000</trueHeading>
<magneticHeading>0.000000</magneticHeading>
<gpsHeading>343.690094</gpsHeading>
<haccuracy>4.922000</haccuracy>
<vaccuracy>4.922000</vaccuracy>
<internetconnect>0</internetconnect>
</trkpt>
<trkpt lat="35.807203" lon="139.075330">
<ele>737.403856</ele>
<time>2026-05-08T23:54:01Z</time>
<speed>1.089711</speed>
<trueHeading>0.000000</trueHeading>
<magneticHeading>0.000000</magneticHeading>
<gpsHeading>343.690094</gpsHeading>
<haccuracy>4.922000</haccuracy>
<vaccuracy>4.922000</vaccuracy>
<internetconnect>0</internetconnect>
</trkpt>
<trkpt lat="35.807147" lon="139.075216">
<ele>739.398308</ele>
<time>2026-05-08T23:55:02Z</time>
<speed>0.139552</speed>
<trueHeading>0.000000</trueHeading>
<magneticHeading>0.000000</magneticHeading>
<gpsHeading>238.592773</gpsHeading>
<haccuracy>4.201000</haccuracy>
<vaccuracy>4.201000</vaccuracy>
<internetconnect>2</internetconnect>
</trkpt>
<trkpt lat="35.807147" lon="139.075216">
<ele>739.398308</ele>
<time>2026-05-08T23:55:03Z</time>
<speed>0.139552</speed>
<trueHeading>0.000000</trueHeading>
<magneticHeading>0.000000</magneticHeading>
<gpsHeading>238.592773</gpsHeading>
<haccuracy>4.201000</haccuracy>
<vaccuracy>4.201000</vaccuracy>
<internetconnect>0</internetconnect>
</trkpt>
<trkpt lat="35.807158" lon="139.075101">
<ele>740.048032</ele>
<time>2026-05-08T23:56:03Z</time>
<speed>0.861634</speed>
<trueHeading>0.000000</trueHeading>
<magneticHeading>0.000000</magneticHeading>
<gpsHeading>276.651306</gpsHeading>
<haccuracy>6.213000</haccuracy>
<vaccuracy>6.213000</vaccuracy>
<internetconnect>2</internetconnect>
</trkpt>
<trkpt lat="35.807160" lon="139.075095">
<ele>740.086859</ele>
<time>2026-05-08T23:56:04Z</time>
<speed>0.868636</speed>
<trueHeading>0.000000</trueHeading>
<magneticHeading>0.000000</magneticHeading>
<gpsHeading>277.916290</gpsHeading>
<haccuracy>6.221000</haccuracy>
<vaccuracy>6.221000</vaccuracy>
<internetconnect>0</internetconnect>
</trkpt>
<trkpt lat="35.807345" lon="139.074956">
<ele>741.926592</ele>
<time>2026-05-08T23:56:26Z</time>
<speed>1.384041</speed>
<trueHeading>0.000000</trueHeading>
<magneticHeading>0.000000</magneticHeading>
<gpsHeading>327.834381</gpsHeading>
<haccuracy>6.725000</haccuracy>
<vaccuracy>6.725000</vaccuracy>
<internetconnect>2</internetconnect>
</trkpt>
<trkpt lat="35.807357" lon="139.074949">
<ele>742.127106</ele>
<time>2026-05-08T23:56:27Z</time>
<speed>1.372998</speed>
<trueHeading>0.000000</trueHeading>
<magneticHeading>0.000000</magneticHeading>
<gpsHeading>328.970734</gpsHeading>
<haccuracy>6.824000</haccuracy>
<vaccuracy>6.824000</vaccuracy>
<internetconnect>0</internetconnect>
</trkpt>
<trkpt lat="35.807595" lon="139.074660">
<ele>740.994305</ele>
<time>2026-05-08T23:56:50Z</time>
<speed>1.466058</speed>
<trueHeading>0.000000</trueHeading>
<magneticHeading>0.000000</magneticHeading>
<gpsHeading>316.099518</gpsHeading>
<haccuracy>5.755000</haccuracy>
<vaccuracy>5.755000</vaccuracy>
<internetconnect>2</internetconnect>
</trkpt>
<trkpt lat="35.807610" lon="139.074665">
<ele>741.278245</ele>
<time>2026-05-08T23:56:51Z</time>
<speed>1.454011</speed>
<trueHeading>0.000000</trueHeading>
<magneticHeading>0.000000</magneticHeading>
<gpsHeading>317.652771</gpsHeading>
<haccuracy>5.908000</haccuracy>
<vaccuracy>5.908000</vaccuracy>
<internetconnect>0</internetconnect>
</trkpt>
<trkpt lat="35.807866" lon="139.074444">
<ele>744.762600</ele>
<time>2026-05-08T23:57:13Z</time>
<speed>1.491904</speed>
<trueHeading>0.000000</trueHeading>
<magneticHeading>0.000000</magneticHeading>
<gpsHeading>327.177185</gpsHeading>
<haccuracy>5.413000</haccuracy>
<vaccuracy>5.413000</vaccuracy>
<internetconnect>2</internetconnect>
</trkpt>
<trkpt lat="35.807873" lon="139.074433">
<ele>744.192991</ele>
<time>2026-05-08T23:57:14Z</time>
<speed>1.452686</speed>
<trueHeading>0.000000</trueHeading>
<magneticHeading>0.000000</magneticHeading>
<gpsHeading>324.364624</gpsHeading>
<haccuracy>5.434000</haccuracy>
<vaccuracy>5.434000</vaccuracy>
<internetconnect>0</internetconnect>
</trkpt>
<trkpt lat="35.808023" lon="139.074186">
<ele>746.090469</ele>
<time>2026-05-08T23:57:36Z</time>
<speed>1.109877</speed>
<trueHeading>0.000000</trueHeading>
<magneticHeading>0.000000</magneticHeading>
<gpsHeading>306.932556</gpsHeading>
<haccuracy>5.137000</haccuracy>
<vaccuracy>5.137000</vaccuracy>
<internetconnect>2</internetconnect>
</trkpt>
<trkpt lat="35.808029" lon="139.074171">
<ele>746.270985</ele>
<time>2026-05-08T23:57:37Z</time>
<speed>1.192947</speed>
<trueHeading>0.000000</trueHeading>
<magneticHeading>0.000000</magneticHeading>
<gpsHeading>306.387329</gpsHeading>
<haccuracy>5.166000</haccuracy>
<vaccuracy>5.166000</vaccuracy>
<internetconnect>0</internetconnect>
</trkpt>
<trkpt lat="35.808105" lon="139.073959">
<ele>748.914784</ele>
<time>2026-05-08T23:58:00Z</time>
<speed>0.209489</speed>
<trueHeading>0.000000</trueHeading>
<magneticHeading>0.000000</magneticHeading>
<gpsHeading>294.094482</gpsHeading>
<haccuracy>4.748000</haccuracy>
<vaccuracy>4.748000</vaccuracy>
<internetconnect>2</internetconnect>
</trkpt>
<trkpt lat="35.808105" lon="139.073959">
<ele>748.914784</ele>
<time>2026-05-08T23:58:00Z</time>
<speed>0.209489</speed>
<trueHeading>0.000000</trueHeading>
<magneticHeading>0.000000</magneticHeading>
<gpsHeading>293.905518</gpsHeading>
<haccuracy>4.748000</haccuracy>
<vaccuracy>4.748000</vaccuracy>
<internetconnect>0</internetconnect>
</trkpt>
<trkpt lat="35.808288" lon="139.073640">
<ele>752.033133</ele>
<time>2026-05-08T23:58:24Z</time>
<speed>0.300427</speed>
<trueHeading>0.000000</trueHeading>
<magneticHeading>0.000000</magneticHeading>
<gpsHeading>305.236664</gpsHeading>
<haccuracy>5.478000</haccuracy>
<vaccuracy>5.478000</vaccuracy>
<internetconnect>2</internetconnect>
</trkpt>
<trkpt lat="35.808288" lon="139.073640">
<ele>752.033133</ele>
<time>2026-05-08T23:58:24Z</time>
<speed>0.300427</speed>
<trueHeading>0.000000</trueHeading>
<magneticHeading>0.000000</magneticHeading>
<gpsHeading>305.236664</gpsHeading>
<haccuracy>5.478000</haccuracy>
<vaccuracy>5.478000</vaccuracy>
<internetconnect>0</internetconnect>
</trkpt>
<trkpt lat="35.808366" lon="139.073304">
<ele>754.054845</ele>
<time>2026-05-08T23:58:47Z</time>
<speed>0.360203</speed>
<trueHeading>0.000000</trueHeading>
<magneticHeading>0.000000</magneticHeading>
<gpsHeading>286.017151</gpsHeading>
<haccuracy>5.065000</haccuracy>
<vaccuracy>5.065000</vaccuracy>
<internetconnect>2</internetconnect>
</trkpt>
<trkpt lat="35.808366" lon="139.073304">
<ele>754.054845</ele>
<time>2026-05-08T23:58:47Z</time>
<speed>0.360203</speed>
<trueHeading>0.000000</trueHeading>
<magneticHeading>0.000000</magneticHeading>
<gpsHeading>286.017151</gpsHeading>
<haccuracy>5.065000</haccuracy>
<vaccuracy>5.065000</vaccuracy>
<internetconnect>0</internetconnect>
</trkpt>
<trkpt lat="35.808378" lon="139.072988">
<ele>754.186351</ele>
<time>2026-05-08T23:59:11Z</time>
<speed>0.417752</speed>
<trueHeading>0.000000</trueHeading>
<magneticHeading>0.000000</magneticHeading>
<gpsHeading>272.569397</gpsHeading>
<haccuracy>5.476000</haccuracy>
<vaccuracy>5.476000</vaccuracy>
<internetconnect>2</internetconnect>
</trkpt>
<trkpt lat="35.808378" lon="139.072988">
<ele>754.186351</ele>
<time>2026-05-08T23:59:11Z</time>
<speed>0.417752</speed>
<trueHeading>0.000000</trueHeading>
<magneticHeading>0.000000</magneticHeading>
<gpsHeading>272.569397</gpsHeading>
<haccuracy>5.476000</haccuracy>
<vaccuracy>5.476000</vaccuracy>
<internetconnect>0</internetconnect>
</trkpt>
<trkpt lat="35.808361" lon="139.072735">
<ele>757.468913</ele>
<time>2026-05-08T23:59:34Z</time>
<speed>0.223514</speed>
<trueHeading>0.000000</trueHeading>
<magneticHeading>0.000000</magneticHeading>
<gpsHeading>265.298706</gpsHeading>
<haccuracy>4.381000</haccuracy>
<vaccuracy>4.381000</vaccuracy>
<internetconnect>2</internetconnect>
</trkpt>
<trkpt lat="35.808361" lon="139.072735">
<ele>757.468913</ele>
<time>2026-05-08T23:59:34Z</time>
<speed>0.223514</speed>
<trueHeading>0.000000</trueHeading>
<magneticHeading>0.000000</magneticHeading>
<gpsHeading>265.298706</gpsHeading>
<haccuracy>4.381000</haccuracy>
<vaccuracy>4.381000</vaccuracy>
<internetconnect>0</internetconnect>
</trkpt>
<trkpt lat="35.808448" lon="139.072344">
<ele>760.407481</ele>
<time>2026-05-08T23:59:57Z</time>
<speed>0.787256</speed>
<trueHeading>0.000000</trueHeading>
<magneticHeading>0.000000</magneticHeading>
<gpsHeading>285.357544</gpsHeading>
<haccuracy>6.182000</haccuracy>
<vaccuracy>6.182000</vaccuracy>
<internetconnect>2</internetconnect>
</trkpt>
<trkpt lat="35.808448" lon="139.072344">
<ele>760.407481</ele>
<time>2026-05-08T23:59:57Z</time>
<speed>0.787256</speed>
<trueHeading>0.000000</trueHeading>
<magneticHeading>0.000000</magneticHeading>
<gpsHeading>285.357544</gpsHeading>
<haccuracy>6.182000</haccuracy>
<vaccuracy>6.182000</vaccuracy>
<internetconnect>0</internetconnect>
</trkpt>
<trkpt lat="35.808563" lon="139.072143">
<ele>762.510565</ele>
<time>2026-05-09T00:00:20Z</time>
<speed>0.019774</speed>
<trueHeading>0.000000</trueHeading>
<magneticHeading>0.000000</magneticHeading>
<gpsHeading>305.125488</gpsHeading>
<haccuracy>4.880000</haccuracy>
<vaccuracy>4.880000</vaccuracy>
<internetconnect>2</internetconnect>
</trkpt>
<trkpt lat="35.808563" lon="139.072143">
<ele>762.510565</ele>
<time>2026-05-09T00:00:21Z</time>
<speed>0.019774</speed>
<trueHeading>0.000000</trueHeading>
<magneticHeading>0.000000</magneticHeading>
<gpsHeading>305.125488</gpsHeading>
<haccuracy>4.880000</haccuracy>
<vaccuracy>4.880000</vaccuracy>
<internetconnect>0</internetconnect>
</trkpt>
<trkpt lat="35.808516" lon="139.071974">
<ele>762.910538</ele>
<time>2026-05-09T00:00:48Z</time>
<speed>1.359222</speed>
<trueHeading>0.000000</trueHeading>
<magneticHeading>0.000000</magneticHeading>
<gpsHeading>251.392014</gpsHeading>
<haccuracy>5.693000</haccuracy>
<vaccuracy>5.693000</vaccuracy>
<internetconnect>2</internetconnect>
</trkpt>
<trkpt lat="35.808516" lon="139.071974">
<ele>762.910538</ele>
<time>2026-05-09T00:00:48Z</time>
<speed>1.359222</speed>
<trueHeading>0.000000</trueHeading>
<magneticHeading>0.000000</magneticHeading>
<gpsHeading>251.392014</gpsHeading>
<haccuracy>5.693000</haccuracy>
<vaccuracy>5.693000</vaccuracy>
<internetconnect>0</internetconnect>
</trkpt>
<trkpt lat="35.808629" lon="139.071592">
<ele>764.408543</ele>
<time>2026-05-09T00:01:12Z</time>
<speed>0.606409</speed>
<trueHeading>0.000000</trueHeading>
<magneticHeading>0.000000</magneticHeading>
<gpsHeading>289.920776</gpsHeading>
<haccuracy>5.890000</haccuracy>
<vaccuracy>5.890000</vaccuracy>
<internetconnect>2</internetconnect>
</trkpt>
<trkpt lat="35.808629" lon="139.071592">
<ele>764.408543</ele>
<time>2026-05-09T00:01:12Z</time>
<speed>0.606409</speed>
<trueHeading>0.000000</trueHeading>
<magneticHeading>0.000000</magneticHeading>
<gpsHeading>289.920776</gpsHeading>
<haccuracy>5.890000</haccuracy>
<vaccuracy>5.890000</vaccuracy>
<internetconnect>0</internetconnect>
</trkpt>
<trkpt lat="35.808504" lon="139.071237">
<ele>764.938582</ele>
<time>2026-05-09T00:01:35Z</time>
<speed>0.575008</speed>
<trueHeading>0.000000</trueHeading>
<magneticHeading>0.000000</magneticHeading>
<gpsHeading>246.598206</gpsHeading>
<haccuracy>5.013000</haccuracy>
<vaccuracy>5.013000</vaccuracy>
<internetconnect>2</internetconnect>
</trkpt>
<trkpt lat="35.808504" lon="139.071237">
<ele>764.938582</ele>
<time>2026-05-09T00:01:35Z</time>
<speed>0.575008</speed>
<trueHeading>0.000000</trueHeading>
<magneticHeading>0.000000</magneticHeading>
<gpsHeading>246.598206</gpsHeading>
<haccuracy>5.013000</haccuracy>
<vaccuracy>5.013000</vaccuracy>
<internetconnect>0</internetconnect>
</trkpt>
<trkpt lat="35.808406" lon="139.071098">
<ele>766.699100</ele>
<time>2026-05-09T00:02:09Z</time>
<speed>0.156261</speed>
<trueHeading>0.000000</trueHeading>
<magneticHeading>0.000000</magneticHeading>
<gpsHeading>228.968491</gpsHeading>
<haccuracy>4.308000</haccuracy>
<vaccuracy>4.308000</vaccuracy>
<internetconnect>2</internetconnect>
</trkpt>
<trkpt lat="35.808406" lon="139.071098">
<ele>766.699100</ele>
<time>2026-05-09T00:02:09Z</time>
<speed>0.156261</speed>
<trueHeading>0.000000</trueHeading>
<magneticHeading>0.000000</magneticHeading>
<gpsHeading>228.968491</gpsHeading>
<haccuracy>4.308000</haccuracy>
<vaccuracy>4.308000</vaccuracy>
<internetconnect>0</internetconnect>
</trkpt>
<trkpt lat="35.807966" lon="139.071112">
<ele>766.693003</ele>
<time>2026-05-09T00:02:33Z</time>
<speed>1.202505</speed>
<trueHeading>0.000000</trueHeading>
<magneticHeading>0.000000</magneticHeading>
<gpsHeading>178.488495</gpsHeading>
<haccuracy>4.573000</haccuracy>
<vaccuracy>4.573000</vaccuracy>
<internetconnect>2</internetconnect>
</trkpt>
<trkpt lat="35.807966" lon="139.071112">
<ele>766.693003</ele>
<time>2026-05-09T00:02:33Z</time>
<speed>1.202505</speed>
<trueHeading>0.000000</trueHeading>
<magneticHeading>0.000000</magneticHeading>
<gpsHeading>178.488495</gpsHeading>
<haccuracy>4.573000</haccuracy>
<vaccuracy>4.573000</vaccuracy>
<internetconnect>0</internetconnect>
</trkpt>
<trkpt lat="35.807746" lon="139.070920">
<ele>767.857896</ele>
<time>2026-05-09T00:02:56Z</time>
<speed>0.685605</speed>
<trueHeading>0.000000</trueHeading>
<magneticHeading>0.000000</magneticHeading>
<gpsHeading>215.163498</gpsHeading>
<haccuracy>5.273000</haccuracy>
<vaccuracy>5.273000</vaccuracy>
<internetconnect>2</internetconnect>
</trkpt>
<trkpt lat="35.807746" lon="139.070920">
<ele>767.857896</ele>
<time>2026-05-09T00:02:56Z</time>
<speed>0.685605</speed>
<trueHeading>0.000000</trueHeading>
<magneticHeading>0.000000</magneticHeading>
<gpsHeading>215.163498</gpsHeading>
<haccuracy>5.273000</haccuracy>
<vaccuracy>5.273000</vaccuracy>
<internetconnect>0</internetconnect>
</trkpt>
<trkpt lat="35.807989" lon="139.071062">
<ele>767.788346</ele>
<time>2026-05-09T00:03:19Z</time>
<speed>1.429543</speed>
<trueHeading>0.000000</trueHeading>
<magneticHeading>0.000000</magneticHeading>
<gpsHeading>25.205885</gpsHeading>
<haccuracy>4.135000</haccuracy>
<vaccuracy>4.135000</vaccuracy>
<internetconnect>2</internetconnect>
</trkpt>
<trkpt lat="35.807989" lon="139.071062">
<ele>767.788346</ele>
<time>2026-05-09T00:03:19Z</time>
<speed>1.429543</speed>
<trueHeading>0.000000</trueHeading>
<magneticHeading>0.000000</magneticHeading>
<gpsHeading>25.205885</gpsHeading>
<haccuracy>4.135000</haccuracy>
<vaccuracy>4.135000</vaccuracy>
<internetconnect>0</internetconnect>
</trkpt>
<trkpt lat="35.808204" lon="139.071054">
<ele>767.848408</ele>
<time>2026-05-09T00:03:43Z</time>
<speed>1.172185</speed>
<trueHeading>0.000000</trueHeading>
<magneticHeading>0.000000</magneticHeading>
<gpsHeading>358.291565</gpsHeading>
<haccuracy>4.116000</haccuracy>
<vaccuracy>4.116000</vaccuracy>
<internetconnect>2</internetconnect>
</trkpt>
<trkpt lat="35.808204" lon="139.071054">
<ele>767.848408</ele>
<time>2026-05-09T00:03:43Z</time>
<speed>1.172185</speed>
<trueHeading>0.000000</trueHeading>
<magneticHeading>0.000000</magneticHeading>
<gpsHeading>358.291565</gpsHeading>
<haccuracy>4.116000</haccuracy>
<vaccuracy>4.116000</vaccuracy>
<internetconnect>0</internetconnect>
</trkpt>
<trkpt lat="35.808067" lon="139.070978">
<ele>767.570785</ele>
<time>2026-05-09T00:04:09Z</time>
<speed>1.440754</speed>
<trueHeading>0.000000</trueHeading>
<magneticHeading>0.000000</magneticHeading>
<gpsHeading>204.181564</gpsHeading>
<haccuracy>4.048000</haccuracy>
<vaccuracy>4.048000</vaccuracy>
<internetconnect>2</internetconnect>
</trkpt>
<trkpt lat="35.808067" lon="139.070978">
<ele>767.570785</ele>
<time>2026-05-09T00:04:09Z</time>
<speed>1.440754</speed>
<trueHeading>0.000000</trueHeading>
<magneticHeading>0.000000</magneticHeading>
<gpsHeading>204.181564</gpsHeading>
<haccuracy>4.048000</haccuracy>
<vaccuracy>4.048000</vaccuracy>
<internetconnect>0</internetconnect>
</trkpt>
<trkpt lat="35.807847" lon="139.071030">
<ele>771.274344</ele>
<time>2026-05-09T00:04:32Z</time>
<speed>0.137960</speed>
<trueHeading>0.000000</trueHeading>
<magneticHeading>0.000000</magneticHeading>
<gpsHeading>169.193130</gpsHeading>
<haccuracy>3.100000</haccuracy>
<vaccuracy>3.100000</vaccuracy>
<internetconnect>2</internetconnect>
</trkpt>
<trkpt lat="35.807847" lon="139.071030">
<ele>771.274344</ele>
<time>2026-05-09T00:04:32Z</time>
<speed>0.137960</speed>
<trueHeading>0.000000</trueHeading>
<magneticHeading>0.000000</magneticHeading>
<gpsHeading>169.193130</gpsHeading>
<haccuracy>3.100000</haccuracy>
<vaccuracy>3.100000</vaccuracy>
<internetconnect>0</internetconnect>
</trkpt>
<trkpt lat="35.807723" lon="139.070938">
<ele>769.430007</ele>
<time>2026-05-09T00:05:04Z</time>
<speed>0.935526</speed>
<trueHeading>0.000000</trueHeading>
<magneticHeading>0.000000</magneticHeading>
<gpsHeading>210.911926</gpsHeading>
<haccuracy>3.268000</haccuracy>
<vaccuracy>3.268000</vaccuracy>
<internetconnect>2</internetconnect>
</trkpt>
<trkpt lat="35.807723" lon="139.070938">
<ele>769.430007</ele>
<time>2026-05-09T00:05:04Z</time>
<speed>0.935526</speed>
<trueHeading>0.000000</trueHeading>
<magneticHeading>0.000000</magneticHeading>
<gpsHeading>210.911926</gpsHeading>
<haccuracy>3.268000</haccuracy>
<vaccuracy>3.268000</vaccuracy>
<internetconnect>0</internetconnect>
</trkpt>
<trkpt lat="35.807549" lon="139.070858">
<ele>772.918130</ele>
<time>2026-05-09T00:05:27Z</time>
<speed>0.079097</speed>
<trueHeading>0.000000</trueHeading>
<magneticHeading>0.000000</magneticHeading>
<gpsHeading>200.723389</gpsHeading>
<haccuracy>3.101000</haccuracy>
<vaccuracy>3.101000</vaccuracy>
<internetconnect>2</internetconnect>
</trkpt>
<trkpt lat="35.807549" lon="139.070858">
<ele>772.918130</ele>
<time>2026-05-09T00:05:27Z</time>
<speed>0.079097</speed>
<trueHeading>0.000000</trueHeading>
<magneticHeading>0.000000</magneticHeading>
<gpsHeading>200.723389</gpsHeading>
<haccuracy>3.101000</haccuracy>
<vaccuracy>3.101000</vaccuracy>
<internetconnect>0</internetconnect>
</trkpt>
<trkpt lat="35.807486" lon="139.070550">
<ele>770.562713</ele>
<time>2026-05-09T00:05:50Z</time>
<speed>0.669503</speed>
<trueHeading>0.000000</trueHeading>
<magneticHeading>0.000000</magneticHeading>
<gpsHeading>255.697083</gpsHeading>
<haccuracy>4.202000</haccuracy>
<vaccuracy>4.202000</vaccuracy>
<internetconnect>2</internetconnect>
</trkpt>
<trkpt lat="35.807486" lon="139.070550">
<ele>770.562713</ele>
<time>2026-05-09T00:05:50Z</time>
<speed>0.669503</speed>
<trueHeading>0.000000</trueHeading>
<magneticHeading>0.000000</magneticHeading>
<gpsHeading>255.697083</gpsHeading>
<haccuracy>4.202000</haccuracy>
<vaccuracy>4.202000</vaccuracy>
<internetconnect>0</internetconnect>
</trkpt>
<trkpt lat="35.807756" lon="139.070473">
<ele>772.916854</ele>
<time>2026-05-09T00:06:14Z</time>
<speed>0.146345</speed>
<trueHeading>0.000000</trueHeading>
<magneticHeading>0.000000</magneticHeading>
<gpsHeading>347.033630</gpsHeading>
<haccuracy>4.635000</haccuracy>
<vaccuracy>4.635000</vaccuracy>
<internetconnect>2</internetconnect>
</trkpt>
<trkpt lat="35.807756" lon="139.070473">
<ele>772.916854</ele>
<time>2026-05-09T00:06:14Z</time>
<speed>0.146345</speed>
<trueHeading>0.000000</trueHeading>
<magneticHeading>0.000000</magneticHeading>
<gpsHeading>347.033630</gpsHeading>
<haccuracy>4.635000</haccuracy>
<vaccuracy>4.635000</vaccuracy>
<internetconnect>0</internetconnect>
</trkpt>
<trkpt lat="35.807958" lon="139.070294">
<ele>777.405758</ele>
<time>2026-05-09T00:06:37Z</time>
<speed>0.920732</speed>
<trueHeading>0.000000</trueHeading>
<magneticHeading>0.000000</magneticHeading>
<gpsHeading>324.219849</gpsHeading>
<haccuracy>4.873000</haccuracy>
<vaccuracy>4.873000</vaccuracy>
<internetconnect>2</internetconnect>
</trkpt>
<trkpt lat="35.807958" lon="139.070294">
<ele>777.405758</ele>
<time>2026-05-09T00:06:37Z</time>
<speed>0.920732</speed>
<trueHeading>0.000000</trueHeading>
<magneticHeading>0.000000</magneticHeading>
<gpsHeading>324.219849</gpsHeading>
<haccuracy>4.873000</haccuracy>
<vaccuracy>4.873000</vaccuracy>
<internetconnect>0</internetconnect>
</trkpt>
<trkpt lat="35.808072" lon="139.070159">
<ele>782.075106</ele>
<time>2026-05-09T00:07:01Z</time>
<speed>0.394885</speed>
<trueHeading>0.000000</trueHeading>
<magneticHeading>0.000000</magneticHeading>
<gpsHeading>316.325684</gpsHeading>
<haccuracy>4.527000</haccuracy>
<vaccuracy>4.527000</vaccuracy>
<internetconnect>2</internetconnect>
</trkpt>
<trkpt lat="35.808072" lon="139.070159">
<ele>782.075106</ele>
<time>2026-05-09T00:07:01Z</time>
<speed>0.394885</speed>
<trueHeading>0.000000</trueHeading>
<magneticHeading>0.000000</magneticHeading>
<gpsHeading>316.325684</gpsHeading>
<haccuracy>4.527000</haccuracy>
<vaccuracy>4.527000</vaccuracy>
<internetconnect>0</internetconnect>
</trkpt>
<trkpt lat="35.808221" lon="139.070146">
<ele>785.019167</ele>
<time>2026-05-09T00:07:55Z</time>
<speed>1.204993</speed>
<trueHeading>0.000000</trueHeading>
<magneticHeading>0.000000</magneticHeading>
<gpsHeading>356.094788</gpsHeading>
<haccuracy>5.463000</haccuracy>
<vaccuracy>5.463000</vaccuracy>
<internetconnect>2</internetconnect>
</trkpt>
<trkpt lat="35.808221" lon="139.070146">
<ele>785.019167</ele>
<time>2026-05-09T00:07:55Z</time>
<speed>1.204993</speed>
<trueHeading>0.000000</trueHeading>
<magneticHeading>0.000000</magneticHeading>
<gpsHeading>356.094788</gpsHeading>
<haccuracy>5.463000</haccuracy>
<vaccuracy>5.463000</vaccuracy>
<internetconnect>0</internetconnect>
</trkpt>
<trkpt lat="35.808384" lon="139.070099">
<ele>786.234175</ele>
<time>2026-05-09T00:08:19Z</time>
<speed>0.139377</speed>
<trueHeading>0.000000</trueHeading>
<magneticHeading>0.000000</magneticHeading>
<gpsHeading>346.634918</gpsHeading>
<haccuracy>4.534000</haccuracy>
<vaccuracy>4.534000</vaccuracy>
<internetconnect>2</internetconnect>
</trkpt>
<trkpt lat="35.808384" lon="139.070099">
<ele>786.234175</ele>
<time>2026-05-09T00:08:19Z</time>
<speed>0.139377</speed>
<trueHeading>0.000000</trueHeading>
<magneticHeading>0.000000</magneticHeading>
<gpsHeading>346.634918</gpsHeading>
<haccuracy>4.534000</haccuracy>
<vaccuracy>4.534000</vaccuracy>
<internetconnect>0</internetconnect>
</trkpt>
<trkpt lat="35.808450" lon="139.069794">
<ele>791.425449</ele>
<time>2026-05-09T00:08:42Z</time>
<speed>0.493624</speed>
<trueHeading>0.000000</trueHeading>
<magneticHeading>0.000000</magneticHeading>
<gpsHeading>284.912659</gpsHeading>
<haccuracy>6.473000</haccuracy>
<vaccuracy>6.473000</vaccuracy>
<internetconnect>2</internetconnect>
</trkpt>
<trkpt lat="35.808446" lon="139.069776">
<ele>791.778996</ele>
<time>2026-05-09T00:08:43Z</time>
<speed>0.637439</speed>
<trueHeading>0.000000</trueHeading>
<magneticHeading>0.000000</magneticHeading>
<gpsHeading>283.219604</gpsHeading>
<haccuracy>5.709000</haccuracy>
<vaccuracy>5.709000</vaccuracy>
<internetconnect>0</internetconnect>
</trkpt>
<trkpt lat="35.808354" lon="139.069503">
<ele>790.499558</ele>
<time>2026-05-09T00:09:06Z</time>
<speed>0.106282</speed>
<trueHeading>0.000000</trueHeading>
<magneticHeading>0.000000</magneticHeading>
<gpsHeading>247.926010</gpsHeading>
<haccuracy>3.951000</haccuracy>
<vaccuracy>3.951000</vaccuracy>
<internetconnect>2</internetconnect>
</trkpt>
<trkpt lat="35.808354" lon="139.069503">
<ele>790.499558</ele>
<time>2026-05-09T00:09:06Z</time>
<speed>0.106282</speed>
<trueHeading>0.000000</trueHeading>
<magneticHeading>0.000000</magneticHeading>
<gpsHeading>247.560349</gpsHeading>
<haccuracy>3.951000</haccuracy>
<vaccuracy>3.951000</vaccuracy>
<internetconnect>0</internetconnect>
</trkpt>
<trkpt lat="35.808345" lon="139.069323">
<ele>792.803803</ele>
<time>2026-05-09T00:10:01Z</time>
<speed>0.596531</speed>
<trueHeading>0.000000</trueHeading>
<magneticHeading>0.000000</magneticHeading>
<gpsHeading>266.350616</gpsHeading>
<haccuracy>5.571000</haccuracy>
<vaccuracy>5.571000</vaccuracy>
<internetconnect>2</internetconnect>
</trkpt>
<trkpt lat="35.808345" lon="139.069323">
<ele>792.803803</ele>
<time>2026-05-09T00:10:01Z</time>
<speed>0.596531</speed>
<trueHeading>0.000000</trueHeading>
<magneticHeading>0.000000</magneticHeading>
<gpsHeading>266.350616</gpsHeading>
<haccuracy>5.571000</haccuracy>
<vaccuracy>5.571000</vaccuracy>
<internetconnect>0</internetconnect>
</trkpt>
<trkpt lat="35.808406" lon="139.069318">
<ele>792.632034</ele>
<time>2026-05-09T00:11:02Z</time>
<speed>0.120091</speed>
<trueHeading>0.000000</trueHeading>
<magneticHeading>0.000000</magneticHeading>
<gpsHeading>356.127441</gpsHeading>
<haccuracy>4.218000</haccuracy>
<vaccuracy>4.218000</vaccuracy>
<internetconnect>2</internetconnect>
</trkpt>
<trkpt lat="35.808406" lon="139.069318">
<ele>792.632034</ele>
<time>2026-05-09T00:11:02Z</time>
<speed>0.120091</speed>
<trueHeading>0.000000</trueHeading>
<magneticHeading>0.000000</magneticHeading>
<gpsHeading>356.127441</gpsHeading>
<haccuracy>4.218000</haccuracy>
<vaccuracy>4.218000</vaccuracy>
<internetconnect>0</internetconnect>
</trkpt>
<trkpt lat="35.808398" lon="139.069302">
<ele>793.085747</ele>
<time>2026-05-09T00:12:03Z</time>
<speed>0.191713</speed>
<trueHeading>0.000000</trueHeading>
<magneticHeading>0.000000</magneticHeading>
<gpsHeading>239.514862</gpsHeading>
<haccuracy>7.241000</haccuracy>
<vaccuracy>7.241000</vaccuracy>
<internetconnect>2</internetconnect>
</trkpt>
<trkpt lat="35.808398" lon="139.069302">
<ele>793.085747</ele>
<time>2026-05-09T00:12:03Z</time>
<speed>0.191713</speed>
<trueHeading>0.000000</trueHeading>
<magneticHeading>0.000000</magneticHeading>
<gpsHeading>239.514862</gpsHeading>
<haccuracy>7.241000</haccuracy>
<vaccuracy>7.241000</vaccuracy>
<internetconnect>0</internetconnect>
</trkpt>
<trkpt lat="35.808349" lon="139.069127">
<ele>795.285686</ele>
<time>2026-05-09T00:12:33Z</time>
<speed>0.605953</speed>
<trueHeading>0.000000</trueHeading>
<magneticHeading>0.000000</magneticHeading>
<gpsHeading>250.817245</gpsHeading>
<haccuracy>5.427000</haccuracy>
<vaccuracy>5.427000</vaccuracy>
<internetconnect>0</internetconnect>
</trkpt>
<trkpt lat="35.808366" lon="139.068935">
<ele>800.093108</ele>
<time>2026-05-09T00:12:57Z</time>
<speed>0.175704</speed>
<trueHeading>0.000000</trueHeading>
<magneticHeading>0.000000</magneticHeading>
<gpsHeading>276.452240</gpsHeading>
<haccuracy>5.376000</haccuracy>
<vaccuracy>5.376000</vaccuracy>
<internetconnect>0</internetconnect>
</trkpt>
<trkpt lat="35.808379" lon="139.068709">
<ele>805.107265</ele>
<time>2026-05-09T00:13:21Z</time>
<speed>0.140799</speed>
<trueHeading>0.000000</trueHeading>
<magneticHeading>0.000000</magneticHeading>
<gpsHeading>273.977875</gpsHeading>
<haccuracy>4.543000</haccuracy>
<vaccuracy>4.543000</vaccuracy>
<internetconnect>0</internetconnect>
</trkpt>
<trkpt lat="35.808369" lon="139.068514">
<ele>810.244555</ele>
<time>2026-05-09T00:13:44Z</time>
<speed>0.381440</speed>
<trueHeading>0.000000</trueHeading>
<magneticHeading>0.000000</magneticHeading>
<gpsHeading>266.531433</gpsHeading>
<haccuracy>4.815000</haccuracy>
<vaccuracy>4.815000</vaccuracy>
<internetconnect>0</internetconnect>
</trkpt>
<trkpt lat="35.808380" lon="139.068449">
<ele>808.998398</ele>
<time>2026-05-09T00:13:48Z</time>
<speed>1.011722</speed>
<trueHeading>0.000000</trueHeading>
<magneticHeading>0.000000</magneticHeading>
<gpsHeading>268.453003</gpsHeading>
<haccuracy>5.034000</haccuracy>
<vaccuracy>5.034000</vaccuracy>
<internetconnect>2</internetconnect>
</trkpt>
<trkpt lat="35.808428" lon="139.068300">
<ele>807.475516</ele>
<time>2026-05-09T00:14:08Z</time>
<speed>0.105002</speed>
<trueHeading>0.000000</trueHeading>
<magneticHeading>0.000000</magneticHeading>
<gpsHeading>288.711609</gpsHeading>
<haccuracy>4.440000</haccuracy>
<vaccuracy>4.440000</vaccuracy>
<internetconnect>0</internetconnect>
</trkpt>
<trkpt lat="35.808378" lon="139.068265">
<ele>807.756697</ele>
<time>2026-05-09T00:14:48Z</time>
<speed>0.909590</speed>
<trueHeading>0.000000</trueHeading>
<magneticHeading>0.000000</magneticHeading>
<gpsHeading>269.383331</gpsHeading>
<haccuracy>8.224000</haccuracy>
<vaccuracy>8.224000</vaccuracy>
<internetconnect>2</internetconnect>
</trkpt>
<trkpt lat="35.808335" lon="139.068212">
<ele>810.195606</ele>
<time>2026-05-09T00:15:10Z</time>
<speed>0.191845</speed>
<trueHeading>0.000000</trueHeading>
<magneticHeading>0.000000</magneticHeading>
<gpsHeading>217.353546</gpsHeading>
<haccuracy>4.481000</haccuracy>
<vaccuracy>4.481000</vaccuracy>
<internetconnect>0</internetconnect>
</trkpt>
<trkpt lat="35.808389" lon="139.068171">
<ele>818.977537</ele>
<time>2026-05-09T00:15:49Z</time>
<speed>0.175109</speed>
<trueHeading>0.000000</trueHeading>
<magneticHeading>0.000000</magneticHeading>
<gpsHeading>277.956482</gpsHeading>
<haccuracy>3.648000</haccuracy>
<vaccuracy>3.648000</vaccuracy>
<internetconnect>2</internetconnect>
</trkpt>
<trkpt lat="35.808436" lon="139.068125">
<ele>821.527204</ele>
<time>2026-05-09T00:16:11Z</time>
<speed>0.179168</speed>
<trueHeading>0.000000</trueHeading>
<magneticHeading>0.000000</magneticHeading>
<gpsHeading>324.970520</gpsHeading>
<haccuracy>3.748000</haccuracy>
<vaccuracy>3.748000</vaccuracy>
<internetconnect>0</internetconnect>
</trkpt>
<trkpt lat="35.808477" lon="139.068034">
<ele>828.891051</ele>
<time>2026-05-09T00:16:51Z</time>
<speed>0.127570</speed>
<trueHeading>0.000000</trueHeading>
<magneticHeading>0.000000</magneticHeading>
<gpsHeading>308.693298</gpsHeading>
<haccuracy>4.905000</haccuracy>
<vaccuracy>4.905000</vaccuracy>
<internetconnect>2</internetconnect>
</trkpt>
<trkpt lat="35.808573" lon="139.068046">
<ele>829.619509</ele>
<time>2026-05-09T00:16:58Z</time>
<speed>0.909800</speed>
<trueHeading>0.000000</trueHeading>
<magneticHeading>0.000000</magneticHeading>
<gpsHeading>334.882813</gpsHeading>
<haccuracy>7.118000</haccuracy>
<vaccuracy>7.118000</vaccuracy>
<internetconnect>0</internetconnect>
</trkpt>
<trkpt lat="35.808475" lon="139.067883">
<ele>835.517097</ele>
<time>2026-05-09T00:17:28Z</time>
<speed>0.906034</speed>
<trueHeading>0.000000</trueHeading>
<magneticHeading>0.000000</magneticHeading>
<gpsHeading>233.313217</gpsHeading>
<haccuracy>4.090000</haccuracy>
<vaccuracy>4.090000</vaccuracy>
<internetconnect>0</internetconnect>
</trkpt>
<trkpt lat="35.808446" lon="139.067856">
<ele>836.206750</ele>
<time>2026-05-09T00:17:30Z</time>
<speed>1.041500</speed>
<trueHeading>0.000000</trueHeading>
<magneticHeading>0.000000</magneticHeading>
<gpsHeading>257.754822</gpsHeading>
<haccuracy>3.908000</haccuracy>
<vaccuracy>3.908000</vaccuracy>
<internetconnect>2</internetconnect>
</trkpt>
<trkpt lat="35.808295" lon="139.067882">
<ele>840.120927</ele>
<time>2026-05-09T00:17:52Z</time>
<speed>0.207696</speed>
<trueHeading>0.000000</trueHeading>
<magneticHeading>0.000000</magneticHeading>
<gpsHeading>180.308563</gpsHeading>
<haccuracy>4.355000</haccuracy>
<vaccuracy>4.355000</vaccuracy>
<internetconnect>0</internetconnect>
</trkpt>
<trkpt lat="35.808290" lon="139.067885">
<ele>840.600065</ele>
<time>2026-05-09T00:17:54Z</time>
<speed>0.228712</speed>
<trueHeading>0.000000</trueHeading>
<magneticHeading>0.000000</magneticHeading>
<gpsHeading>171.484970</gpsHeading>
<haccuracy>4.323000</haccuracy>
<vaccuracy>4.323000</vaccuracy>
<internetconnect>2</internetconnect>
</trkpt>
<trkpt lat="35.808175" lon="139.067778">
<ele>845.179364</ele>
<time>2026-05-09T00:18:40Z</time>
<speed>1.082258</speed>
<trueHeading>0.000000</trueHeading>
<magneticHeading>0.000000</magneticHeading>
<gpsHeading>215.411606</gpsHeading>
<haccuracy>4.934000</haccuracy>
<vaccuracy>4.934000</vaccuracy>
<internetconnect>0</internetconnect>
</trkpt>
<trkpt lat="35.808167" lon="139.067755">
<ele>845.332090</ele>
<time>2026-05-09T00:18:41Z</time>
<speed>1.062601</speed>
<trueHeading>0.000000</trueHeading>
<magneticHeading>0.000000</magneticHeading>
<gpsHeading>220.714996</gpsHeading>
<haccuracy>4.872000</haccuracy>
<vaccuracy>4.872000</vaccuracy>
<internetconnect>2</internetconnect>
</trkpt>
<trkpt lat="35.808079" lon="139.067566">
<ele>846.608427</ele>
<time>2026-05-09T00:19:04Z</time>
<speed>0.205977</speed>
<trueHeading>0.000000</trueHeading>
<magneticHeading>0.000000</magneticHeading>
<gpsHeading>240.649094</gpsHeading>
<haccuracy>3.883000</haccuracy>
<vaccuracy>3.883000</vaccuracy>
<internetconnect>0</internetconnect>
</trkpt>
<trkpt lat="35.808077" lon="139.067562">
<ele>846.856548</ele>
<time>2026-05-09T00:19:05Z</time>
<speed>0.198599</speed>
<trueHeading>0.000000</trueHeading>
<magneticHeading>0.000000</magneticHeading>
<gpsHeading>239.950485</gpsHeading>
<haccuracy>3.977000</haccuracy>
<vaccuracy>3.977000</vaccuracy>
<internetconnect>2</internetconnect>
</trkpt>
<trkpt lat="35.807911" lon="139.067442">
<ele>849.940931</ele>
<time>2026-05-09T00:19:27Z</time>
<speed>0.294596</speed>
<trueHeading>0.000000</trueHeading>
<magneticHeading>0.000000</magneticHeading>
<gpsHeading>210.923416</gpsHeading>
<haccuracy>3.986000</haccuracy>
<vaccuracy>3.986000</vaccuracy>
<internetconnect>0</internetconnect>
</trkpt>
<trkpt lat="35.807903" lon="139.067422">
<ele>850.174128</ele>
<time>2026-05-09T00:19:28Z</time>
<speed>0.399614</speed>
<trueHeading>0.000000</trueHeading>
<magneticHeading>0.000000</magneticHeading>
<gpsHeading>213.046341</gpsHeading>
<haccuracy>4.214000</haccuracy>
<vaccuracy>4.214000</vaccuracy>
<internetconnect>2</internetconnect>
</trkpt>
<trkpt lat="35.807898" lon="139.067170">
<ele>855.576182</ele>
<time>2026-05-09T00:19:51Z</time>
<speed>0.488039</speed>
<trueHeading>0.000000</trueHeading>
<magneticHeading>0.000000</magneticHeading>
<gpsHeading>266.451294</gpsHeading>
<haccuracy>5.384000</haccuracy>
<vaccuracy>5.384000</vaccuracy>
<internetconnect>0</internetconnect>
</trkpt>
<trkpt lat="35.807903" lon="139.067161">
<ele>855.908158</ele>
<time>2026-05-09T00:19:52Z</time>
<speed>0.379722</speed>
<trueHeading>0.000000</trueHeading>
<magneticHeading>0.000000</magneticHeading>
<gpsHeading>269.972992</gpsHeading>
<haccuracy>5.407000</haccuracy>
<vaccuracy>5.407000</vaccuracy>
<internetconnect>2</internetconnect>
</trkpt>
<trkpt lat="35.807970" lon="139.066989">
<ele>860.224708</ele>
<time>2026-05-09T00:20:14Z</time>
<speed>0.224007</speed>
<trueHeading>0.000000</trueHeading>
<magneticHeading>0.000000</magneticHeading>
<gpsHeading>296.260101</gpsHeading>
<haccuracy>4.652000</haccuracy>
<vaccuracy>4.652000</vaccuracy>
<internetconnect>0</internetconnect>
</trkpt>
<trkpt lat="35.807975" lon="139.066972">
<ele>860.448165</ele>
<time>2026-05-09T00:20:16Z</time>
<speed>0.371646</speed>
<trueHeading>0.000000</trueHeading>
<magneticHeading>0.000000</magneticHeading>
<gpsHeading>295.314331</gpsHeading>
<haccuracy>4.793000</haccuracy>
<vaccuracy>4.793000</vaccuracy>
<internetconnect>2</internetconnect>
</trkpt>
<trkpt lat="35.808003" lon="139.066795">
<ele>865.850220</ele>
<time>2026-05-09T00:20:38Z</time>
<speed>0.191594</speed>
<trueHeading>0.000000</trueHeading>
<magneticHeading>0.000000</magneticHeading>
<gpsHeading>281.671509</gpsHeading>
<haccuracy>3.906000</haccuracy>
<vaccuracy>3.906000</vaccuracy>
<internetconnect>0</internetconnect>
</trkpt>
<trkpt lat="35.808007" lon="139.066769">
<ele>866.016043</ele>
<time>2026-05-09T00:20:40Z</time>
<speed>0.446524</speed>
<trueHeading>0.000000</trueHeading>
<magneticHeading>0.000000</magneticHeading>
<gpsHeading>280.888641</gpsHeading>
<haccuracy>4.199000</haccuracy>
<vaccuracy>4.199000</vaccuracy>
<internetconnect>2</internetconnect>
</trkpt>
<trkpt lat="35.808110" lon="139.066556">
<ele>869.387198</ele>
<time>2026-05-09T00:21:02Z</time>
<speed>0.411009</speed>
<trueHeading>0.000000</trueHeading>
<magneticHeading>0.000000</magneticHeading>
<gpsHeading>298.999115</gpsHeading>
<haccuracy>4.525000</haccuracy>
<vaccuracy>4.525000</vaccuracy>
<internetconnect>0</internetconnect>
</trkpt>
<trkpt lat="35.808116" lon="139.066555">
<ele>869.855565</ele>
<time>2026-05-09T00:21:03Z</time>
<speed>0.340652</speed>
<trueHeading>0.000000</trueHeading>
<magneticHeading>0.000000</magneticHeading>
<gpsHeading>302.012787</gpsHeading>
<haccuracy>4.467000</haccuracy>
<vaccuracy>4.467000</vaccuracy>
<internetconnect>2</internetconnect>
</trkpt>
<trkpt lat="35.808199" lon="139.066416">
<ele>876.652963</ele>
<time>2026-05-09T00:21:35Z</time>
<speed>0.154489</speed>
<trueHeading>0.000000</trueHeading>
<magneticHeading>0.000000</magneticHeading>
<gpsHeading>308.100800</gpsHeading>
<haccuracy>4.635000</haccuracy>
<vaccuracy>4.635000</vaccuracy>
<internetconnect>0</internetconnect>
</trkpt>
<trkpt lat="35.808199" lon="139.066409">
<ele>876.692671</ele>
<time>2026-05-09T00:21:37Z</time>
<speed>0.195052</speed>
<trueHeading>0.000000</trueHeading>
<magneticHeading>0.000000</magneticHeading>
<gpsHeading>305.469879</gpsHeading>
<haccuracy>4.637000</haccuracy>
<vaccuracy>4.637000</vaccuracy>
<internetconnect>2</internetconnect>
</trkpt>
<trkpt lat="35.808216" lon="139.066236">
<ele>881.680383</ele>
<time>2026-05-09T00:22:01Z</time>
<speed>0.181125</speed>
<trueHeading>0.000000</trueHeading>
<magneticHeading>0.000000</magneticHeading>
<gpsHeading>276.596588</gpsHeading>
<haccuracy>4.868000</haccuracy>
<vaccuracy>4.868000</vaccuracy>
<internetconnect>0</internetconnect>
</trkpt>
<trkpt lat="35.808218" lon="139.066227">
<ele>882.000752</ele>
<time>2026-05-09T00:22:02Z</time>
<speed>0.174484</speed>
<trueHeading>0.000000</trueHeading>
<magneticHeading>0.000000</magneticHeading>
<gpsHeading>277.204956</gpsHeading>
<haccuracy>4.834000</haccuracy>
<vaccuracy>4.834000</vaccuracy>
<internetconnect>2</internetconnect>
</trkpt>
<trkpt lat="35.808316" lon="139.066042">
<ele>886.443407</ele>
<time>2026-05-09T00:22:24Z</time>
<speed>0.344695</speed>
<trueHeading>0.000000</trueHeading>
<magneticHeading>0.000000</magneticHeading>
<gpsHeading>302.387665</gpsHeading>
<haccuracy>4.777000</haccuracy>
<vaccuracy>4.777000</vaccuracy>
<internetconnect>0</internetconnect>
</trkpt>
<trkpt lat="35.808323" lon="139.066025">
<ele>886.629983</ele>
<time>2026-05-09T00:22:25Z</time>
<speed>0.501968</speed>
<trueHeading>0.000000</trueHeading>
<magneticHeading>0.000000</magneticHeading>
<gpsHeading>302.772217</gpsHeading>
<haccuracy>4.964000</haccuracy>
<vaccuracy>4.964000</vaccuracy>
<internetconnect>2</internetconnect>
</trkpt>
<trkpt lat="35.808405" lon="139.065797">
<ele>891.525434</ele>
<time>2026-05-09T00:22:48Z</time>
<speed>0.644923</speed>
<trueHeading>0.000000</trueHeading>
<magneticHeading>0.000000</magneticHeading>
<gpsHeading>294.334686</gpsHeading>
<haccuracy>6.091000</haccuracy>
<vaccuracy>6.091000</vaccuracy>
<internetconnect>0</internetconnect>
</trkpt>
<trkpt lat="35.808411" lon="139.065772">
<ele>891.882554</ele>
<time>2026-05-09T00:22:49Z</time>
<speed>0.971309</speed>
<trueHeading>0.000000</trueHeading>
<magneticHeading>0.000000</magneticHeading>
<gpsHeading>293.140717</gpsHeading>
<haccuracy>6.444000</haccuracy>
<vaccuracy>6.444000</vaccuracy>
<internetconnect>2</internetconnect>
</trkpt>
<trkpt lat="35.808547" lon="139.065832">
<ele>897.109541</ele>
<time>2026-05-09T00:23:38Z</time>
<speed>0.792893</speed>
<trueHeading>0.000000</trueHeading>
<magneticHeading>0.000000</magneticHeading>
<gpsHeading>19.867926</gpsHeading>
<haccuracy>5.082000</haccuracy>
<vaccuracy>5.082000</vaccuracy>
<internetconnect>2</internetconnect>
</trkpt>
<trkpt lat="35.808547" lon="139.065832">
<ele>897.109541</ele>
<time>2026-05-09T00:23:38Z</time>
<speed>0.792893</speed>
<trueHeading>0.000000</trueHeading>
<magneticHeading>0.000000</magneticHeading>
<gpsHeading>11.201689</gpsHeading>
<haccuracy>5.082000</haccuracy>
<vaccuracy>5.082000</vaccuracy>
<internetconnect>0</internetconnect>
</trkpt>
<trkpt lat="35.808582" lon="139.066083">
<ele>903.543562</ele>
<time>2026-05-09T00:24:02Z</time>
<speed>0.141767</speed>
<trueHeading>0.000000</trueHeading>
<magneticHeading>0.000000</magneticHeading>
<gpsHeading>80.197266</gpsHeading>
<haccuracy>4.356000</haccuracy>
<vaccuracy>4.356000</vaccuracy>
<internetconnect>2</internetconnect>
</trkpt>
<trkpt lat="35.808582" lon="139.066083">
<ele>903.543562</ele>
<time>2026-05-09T00:24:02Z</time>
<speed>0.141767</speed>
<trueHeading>0.000000</trueHeading>
<magneticHeading>0.000000</magneticHeading>
<gpsHeading>80.197266</gpsHeading>
<haccuracy>4.356000</haccuracy>
<vaccuracy>4.356000</vaccuracy>
<internetconnect>0</internetconnect>
</trkpt>
<trkpt lat="35.808662" lon="139.065838">
<ele>908.900206</ele>
<time>2026-05-09T00:24:26Z</time>
<speed>0.273009</speed>
<trueHeading>0.000000</trueHeading>
<magneticHeading>0.000000</magneticHeading>
<gpsHeading>291.964111</gpsHeading>
<haccuracy>4.224000</haccuracy>
<vaccuracy>4.224000</vaccuracy>
<internetconnect>2</internetconnect>
</trkpt>
<trkpt lat="35.808662" lon="139.065838">
<ele>908.900206</ele>
<time>2026-05-09T00:24:26Z</time>
<speed>0.273009</speed>
<trueHeading>0.000000</trueHeading>
<magneticHeading>0.000000</magneticHeading>
<gpsHeading>291.964111</gpsHeading>
<haccuracy>4.224000</haccuracy>
<vaccuracy>4.224000</vaccuracy>
<internetconnect>0</internetconnect>
</trkpt>
<trkpt lat="35.808553" lon="139.065883">
<ele>911.201036</ele>
<time>2026-05-09T00:25:27Z</time>
<speed>0.116570</speed>
<trueHeading>0.000000</trueHeading>
<magneticHeading>0.000000</magneticHeading>
<gpsHeading>161.428360</gpsHeading>
<haccuracy>5.016000</haccuracy>
<vaccuracy>5.016000</vaccuracy>
<internetconnect>2</internetconnect>
</trkpt>
<trkpt lat="35.808553" lon="139.065883">
<ele>911.201036</ele>
<time>2026-05-09T00:25:27Z</time>
<speed>0.116570</speed>
<trueHeading>0.000000</trueHeading>
<magneticHeading>0.000000</magneticHeading>
<gpsHeading>161.428360</gpsHeading>
<haccuracy>5.016000</haccuracy>
<vaccuracy>5.016000</vaccuracy>
<internetconnect>0</internetconnect>
</trkpt>
<trkpt lat="35.808597" lon="139.065710">
<ele>919.755121</ele>
<time>2026-05-09T00:26:20Z</time>
<speed>0.462610</speed>
<trueHeading>0.000000</trueHeading>
<magneticHeading>0.000000</magneticHeading>
<gpsHeading>287.374512</gpsHeading>
<haccuracy>4.748000</haccuracy>
<vaccuracy>4.748000</vaccuracy>
<internetconnect>2</internetconnect>
</trkpt>
<trkpt lat="35.808597" lon="139.065710">
<ele>919.755121</ele>
<time>2026-05-09T00:26:20Z</time>
<speed>0.462610</speed>
<trueHeading>0.000000</trueHeading>
<magneticHeading>0.000000</magneticHeading>
<gpsHeading>287.374512</gpsHeading>
<haccuracy>4.748000</haccuracy>
<vaccuracy>4.748000</vaccuracy>
<internetconnect>0</internetconnect>
</trkpt>
<trkpt lat="35.808719" lon="139.065821">
<ele>922.806257</ele>
<time>2026-05-09T00:26:43Z</time>
<speed>0.189178</speed>
<trueHeading>0.000000</trueHeading>
<magneticHeading>0.000000</magneticHeading>
<gpsHeading>36.462475</gpsHeading>
<haccuracy>4.034000</haccuracy>
<vaccuracy>4.034000</vaccuracy>
<internetconnect>2</internetconnect>
</trkpt>
<trkpt lat="35.808719" lon="139.065821">
<ele>922.806257</ele>
<time>2026-05-09T00:26:43Z</time>
<speed>0.189178</speed>
<trueHeading>0.000000</trueHeading>
<magneticHeading>0.000000</magneticHeading>
<gpsHeading>36.462475</gpsHeading>
<haccuracy>4.034000</haccuracy>
<vaccuracy>4.034000</vaccuracy>
<internetconnect>0</internetconnect>
</trkpt>
<trkpt lat="35.808901" lon="139.065767">
<ele>926.776163</ele>
<time>2026-05-09T00:27:07Z</time>
<speed>1.322721</speed>
<trueHeading>0.000000</trueHeading>
<magneticHeading>0.000000</magneticHeading>
<gpsHeading>346.678101</gpsHeading>
<haccuracy>5.259000</haccuracy>
<vaccuracy>5.259000</vaccuracy>
<internetconnect>2</internetconnect>
</trkpt>
<trkpt lat="35.808901" lon="139.065767">
<ele>926.776163</ele>
<time>2026-05-09T00:27:07Z</time>
<speed>1.322721</speed>
<trueHeading>0.000000</trueHeading>
<magneticHeading>0.000000</magneticHeading>
<gpsHeading>346.678101</gpsHeading>
<haccuracy>5.259000</haccuracy>
<vaccuracy>5.259000</vaccuracy>
<internetconnect>0</internetconnect>
</trkpt>
<trkpt lat="35.808906" lon="139.065585">
<ele>932.573557</ele>
<time>2026-05-09T00:27:31Z</time>
<speed>0.332615</speed>
<trueHeading>0.000000</trueHeading>
<magneticHeading>0.000000</magneticHeading>
<gpsHeading>271.699127</gpsHeading>
<haccuracy>3.999000</haccuracy>
<vaccuracy>3.999000</vaccuracy>
<internetconnect>2</internetconnect>
</trkpt>
<trkpt lat="35.808906" lon="139.065585">
<ele>932.573557</ele>
<time>2026-05-09T00:27:31Z</time>
<speed>0.332615</speed>
<trueHeading>0.000000</trueHeading>
<magneticHeading>0.000000</magneticHeading>
<gpsHeading>271.699127</gpsHeading>
<haccuracy>3.999000</haccuracy>
<vaccuracy>3.999000</vaccuracy>
<internetconnect>0</internetconnect>
</trkpt>
<trkpt lat="35.808908" lon="139.065381">
<ele>937.515853</ele>
<time>2026-05-09T00:27:54Z</time>
<speed>0.348034</speed>
<trueHeading>0.000000</trueHeading>
<magneticHeading>0.000000</magneticHeading>
<gpsHeading>270.938690</gpsHeading>
<haccuracy>4.544000</haccuracy>
<vaccuracy>4.544000</vaccuracy>
<internetconnect>2</internetconnect>
</trkpt>
<trkpt lat="35.808908" lon="139.065381">
<ele>937.515853</ele>
<time>2026-05-09T00:27:54Z</time>
<speed>0.348034</speed>
<trueHeading>0.000000</trueHeading>
<magneticHeading>0.000000</magneticHeading>
<gpsHeading>270.938690</gpsHeading>
<haccuracy>4.544000</haccuracy>
<vaccuracy>4.544000</vaccuracy>
<internetconnect>0</internetconnect>
</trkpt>
<trkpt lat="35.809030" lon="139.065146">
<ele>941.939390</ele>
<time>2026-05-09T00:28:18Z</time>
<speed>0.893215</speed>
<trueHeading>0.000000</trueHeading>
<magneticHeading>0.000000</magneticHeading>
<gpsHeading>302.518127</gpsHeading>
<haccuracy>3.038000</haccuracy>
<vaccuracy>3.038000</vaccuracy>
<internetconnect>2</internetconnect>
</trkpt>
<trkpt lat="35.809030" lon="139.065146">
<ele>941.939390</ele>
<time>2026-05-09T00:28:18Z</time>
<speed>0.893215</speed>
<trueHeading>0.000000</trueHeading>
<magneticHeading>0.000000</magneticHeading>
<gpsHeading>302.518127</gpsHeading>
<haccuracy>3.038000</haccuracy>
<vaccuracy>3.038000</vaccuracy>
<internetconnect>0</internetconnect>
</trkpt>
<trkpt lat="35.809089" lon="139.065040">
<ele>943.389330</ele>
<time>2026-05-09T00:29:20Z</time>
<speed>0.096980</speed>
<trueHeading>0.000000</trueHeading>
<magneticHeading>0.000000</magneticHeading>
<gpsHeading>304.513947</gpsHeading>
<haccuracy>3.051000</haccuracy>
<vaccuracy>3.051000</vaccuracy>
<internetconnect>0</internetconnect>
</trkpt>
<trkpt lat="35.809109" lon="139.065252">
<ele>944.808076</ele>
<time>2026-05-09T00:29:44Z</time>
<speed>0.549419</speed>
<trueHeading>0.000000</trueHeading>
<magneticHeading>0.000000</magneticHeading>
<gpsHeading>83.400620</gpsHeading>
<haccuracy>3.010000</haccuracy>
<vaccuracy>3.010000</vaccuracy>
<internetconnect>0</internetconnect>
</trkpt>
<trkpt lat="35.809192" lon="139.065082">
<ele>946.784561</ele>
<time>2026-05-09T00:30:07Z</time>
<speed>0.565343</speed>
<trueHeading>0.000000</trueHeading>
<magneticHeading>0.000000</magneticHeading>
<gpsHeading>300.900391</gpsHeading>
<haccuracy>3.057000</haccuracy>
<vaccuracy>3.057000</vaccuracy>
<internetconnect>0</internetconnect>
</trkpt>
<trkpt lat="35.809172" lon="139.064906">
<ele>943.155598</ele>
<time>2026-05-09T00:31:04Z</time>
<speed>1.203063</speed>
<trueHeading>0.000000</trueHeading>
<magneticHeading>0.000000</magneticHeading>
<gpsHeading>262.334320</gpsHeading>
<haccuracy>4.343000</haccuracy>
<vaccuracy>4.343000</vaccuracy>
<internetconnect>0</internetconnect>
</trkpt>
<trkpt lat="35.809213" lon="139.064733">
<ele>943.544517</ele>
<time>2026-05-09T00:31:32Z</time>
<speed>0.416974</speed>
<trueHeading>0.000000</trueHeading>
<magneticHeading>0.000000</magneticHeading>
<gpsHeading>286.183960</gpsHeading>
<haccuracy>4.341000</haccuracy>
<vaccuracy>4.341000</vaccuracy>
<internetconnect>0</internetconnect>
</trkpt>
<trkpt lat="35.809459" lon="139.064491">
<ele>943.062366</ele>
<time>2026-05-09T00:31:47Z</time>
<speed>1.548430</speed>
<trueHeading>0.000000</trueHeading>
<magneticHeading>0.000000</magneticHeading>
<gpsHeading>308.886627</gpsHeading>
<haccuracy>4.693000</haccuracy>
<vaccuracy>4.693000</vaccuracy>
<internetconnect>2</internetconnect>
</trkpt>
<trkpt lat="35.809537" lon="139.064381">
<ele>942.967581</ele>
<time>2026-05-09T00:31:55Z</time>
<speed>1.227322</speed>
<trueHeading>0.000000</trueHeading>
<magneticHeading>0.000000</magneticHeading>
<gpsHeading>318.588104</gpsHeading>
<haccuracy>5.130000</haccuracy>
<vaccuracy>5.130000</vaccuracy>
<internetconnect>0</internetconnect>
</trkpt>
<trkpt lat="35.809628" lon="139.064116">
<ele>940.983097</ele>
<time>2026-05-09T00:32:19Z</time>
<speed>0.358858</speed>
<trueHeading>0.000000</trueHeading>
<magneticHeading>0.000000</magneticHeading>
<gpsHeading>293.042511</gpsHeading>
<haccuracy>5.093000</haccuracy>
<vaccuracy>5.093000</vaccuracy>
<internetconnect>0</internetconnect>
</trkpt>
<trkpt lat="35.809747" lon="139.063920">
<ele>945.516893</ele>
<time>2026-05-09T00:32:42Z</time>
<speed>0.452130</speed>
<trueHeading>0.000000</trueHeading>
<magneticHeading>0.000000</magneticHeading>
<gpsHeading>306.630981</gpsHeading>
<haccuracy>4.392000</haccuracy>
<vaccuracy>4.392000</vaccuracy>
<internetconnect>0</internetconnect>
</trkpt>
<trkpt lat="35.809996" lon="139.063815">
<ele>951.010865</ele>
<time>2026-05-09T00:33:06Z</time>
<speed>0.338274</speed>
<trueHeading>0.000000</trueHeading>
<magneticHeading>0.000000</magneticHeading>
<gpsHeading>341.096985</gpsHeading>
<haccuracy>6.533000</haccuracy>
<vaccuracy>6.533000</vaccuracy>
<internetconnect>0</internetconnect>
</trkpt>
<trkpt lat="35.810128" lon="139.063714">
<ele>951.437222</ele>
<time>2026-05-09T00:33:18Z</time>
<speed>0.842098</speed>
<trueHeading>0.000000</trueHeading>
<magneticHeading>0.000000</magneticHeading>
<gpsHeading>316.769958</gpsHeading>
<haccuracy>6.660000</haccuracy>
<vaccuracy>6.660000</vaccuracy>
<internetconnect>2</internetconnect>
</trkpt>
<trkpt lat="35.810106" lon="139.063498">
<ele>955.262291</ele>
<time>2026-05-09T00:33:30Z</time>
<speed>0.901014</speed>
<trueHeading>0.000000</trueHeading>
<magneticHeading>0.000000</magneticHeading>
<gpsHeading>293.296509</gpsHeading>
<haccuracy>4.770000</haccuracy>
<vaccuracy>4.770000</vaccuracy>
<internetconnect>0</internetconnect>
</trkpt>
<trkpt lat="35.810194" lon="139.063350">
<ele>963.531964</ele>
<time>2026-05-09T00:34:08Z</time>
<speed>0.480276</speed>
<trueHeading>0.000000</trueHeading>
<magneticHeading>0.000000</magneticHeading>
<gpsHeading>306.304260</gpsHeading>
<haccuracy>5.482000</haccuracy>
<vaccuracy>5.482000</vaccuracy>
<internetconnect>0</internetconnect>
</trkpt>
<trkpt lat="35.810206" lon="139.063172">
<ele>970.492523</ele>
<time>2026-05-09T00:34:32Z</time>
<speed>0.227920</speed>
<trueHeading>0.000000</trueHeading>
<magneticHeading>0.000000</magneticHeading>
<gpsHeading>274.602112</gpsHeading>
<haccuracy>4.319000</haccuracy>
<vaccuracy>4.319000</vaccuracy>
<internetconnect>0</internetconnect>
</trkpt>
<trkpt lat="35.810188" lon="139.062996">
<ele>977.275296</ele>
<time>2026-05-09T00:35:12Z</time>
<speed>0.211906</speed>
<trueHeading>0.000000</trueHeading>
<magneticHeading>0.000000</magneticHeading>
<gpsHeading>262.647766</gpsHeading>
<haccuracy>4.480000</haccuracy>
<vaccuracy>4.480000</vaccuracy>
<internetconnect>0</internetconnect>
</trkpt>
<trkpt lat="35.810209" lon="139.062877">
<ele>979.513267</ele>
<time>2026-05-09T00:35:22Z</time>
<speed>0.870023</speed>
<trueHeading>0.000000</trueHeading>
<magneticHeading>0.000000</magneticHeading>
<gpsHeading>276.771790</gpsHeading>
<haccuracy>5.059000</haccuracy>
<vaccuracy>5.059000</vaccuracy>
<internetconnect>2</internetconnect>
</trkpt>
<trkpt lat="35.810277" lon="139.063072">
<ele>979.864005</ele>
<time>2026-05-09T00:36:13Z</time>
<speed>0.126597</speed>
<trueHeading>0.000000</trueHeading>
<magneticHeading>0.000000</magneticHeading>
<gpsHeading>34.688175</gpsHeading>
<haccuracy>4.202000</haccuracy>
<vaccuracy>4.202000</vaccuracy>
<internetconnect>0</internetconnect>
</trkpt>
<trkpt lat="35.810330" lon="139.063240">
<ele>984.655223</ele>
<time>2026-05-09T00:36:47Z</time>
<speed>0.344135</speed>
<trueHeading>0.000000</trueHeading>
<magneticHeading>0.000000</magneticHeading>
<gpsHeading>68.764183</gpsHeading>
<haccuracy>4.417000</haccuracy>
<vaccuracy>4.417000</vaccuracy>
<internetconnect>0</internetconnect>
</trkpt>
<trkpt lat="35.810361" lon="139.063606">
<ele>988.405785</ele>
<time>2026-05-09T00:37:11Z</time>
<speed>1.377003</speed>
<trueHeading>0.000000</trueHeading>
<magneticHeading>0.000000</magneticHeading>
<gpsHeading>84.083496</gpsHeading>
<haccuracy>5.647000</haccuracy>
<vaccuracy>5.647000</vaccuracy>
<internetconnect>0</internetconnect>
</trkpt>
<trkpt lat="35.810431" lon="139.063678">
<ele>990.073586</ele>
<time>2026-05-09T00:37:15Z</time>
<speed>1.355705</speed>
<trueHeading>0.000000</trueHeading>
<magneticHeading>0.000000</magneticHeading>
<gpsHeading>71.129410</gpsHeading>
<haccuracy>5.743000</haccuracy>
<vaccuracy>5.743000</vaccuracy>
<internetconnect>2</internetconnect>
</trkpt>
<trkpt lat="35.810611" lon="139.063884">
<ele>991.829263</ele>
<time>2026-05-09T00:37:34Z</time>
<speed>1.019156</speed>
<trueHeading>0.000000</trueHeading>
<magneticHeading>0.000000</magneticHeading>
<gpsHeading>42.000340</gpsHeading>
<haccuracy>5.582000</haccuracy>
<vaccuracy>5.582000</vaccuracy>
<internetconnect>0</internetconnect>
</trkpt>
<trkpt lat="35.810540" lon="139.064051">
<ele>999.580871</ele>
<time>2026-05-09T00:38:10Z</time>
<speed>0.580317</speed>
<trueHeading>0.000000</trueHeading>
<magneticHeading>0.000000</magneticHeading>
<gpsHeading>117.742188</gpsHeading>
<haccuracy>4.662000</haccuracy>
<vaccuracy>4.662000</vaccuracy>
<internetconnect>0</internetconnect>
</trkpt>
<trkpt lat="35.810217" lon="139.064342">
<ele>1003.914399</ele>
<time>2026-05-09T00:38:34Z</time>
<speed>0.804680</speed>
<trueHeading>0.000000</trueHeading>
<magneticHeading>0.000000</magneticHeading>
<gpsHeading>143.749908</gpsHeading>
<haccuracy>5.233000</haccuracy>
<vaccuracy>5.233000</vaccuracy>
<internetconnect>0</internetconnect>
</trkpt>
<trkpt lat="35.810147" lon="139.064463">
<ele>1006.786521</ele>
<time>2026-05-09T00:38:46Z</time>
<speed>0.671361</speed>
<trueHeading>0.000000</trueHeading>
<magneticHeading>0.000000</magneticHeading>
<gpsHeading>114.021263</gpsHeading>
<haccuracy>6.942000</haccuracy>
<vaccuracy>6.942000</vaccuracy>
<internetconnect>2</internetconnect>
</trkpt>
<trkpt lat="35.810071" lon="139.064598">
<ele>1008.191937</ele>
<time>2026-05-09T00:38:57Z</time>
<speed>1.082205</speed>
<trueHeading>0.000000</trueHeading>
<magneticHeading>0.000000</magneticHeading>
<gpsHeading>125.204025</gpsHeading>
<haccuracy>5.884000</haccuracy>
<vaccuracy>5.884000</vaccuracy>
<internetconnect>0</internetconnect>
</trkpt>
<trkpt lat="35.810045" lon="139.064778">
<ele>1020.015301</ele>
<time>2026-05-09T00:39:41Z</time>
<speed>0.206320</speed>
<trueHeading>0.000000</trueHeading>
<magneticHeading>0.000000</magneticHeading>
<gpsHeading>100.164345</gpsHeading>
<haccuracy>4.222000</haccuracy>
<vaccuracy>4.222000</vaccuracy>
<internetconnect>0</internetconnect>
</trkpt>
<trkpt lat="35.810077" lon="139.065115">
<ele>1024.493814</ele>
<time>2026-05-09T00:40:05Z</time>
<speed>0.359023</speed>
<trueHeading>0.000000</trueHeading>
<magneticHeading>0.000000</magneticHeading>
<gpsHeading>83.193588</gpsHeading>
<haccuracy>5.599000</haccuracy>
<vaccuracy>5.599000</vaccuracy>
<internetconnect>0</internetconnect>
</trkpt>
<trkpt lat="35.810139" lon="139.065306">
<ele>1025.984131</ele>
<time>2026-05-09T00:40:18Z</time>
<speed>0.645600</speed>
<trueHeading>0.000000</trueHeading>
<magneticHeading>0.000000</magneticHeading>
<gpsHeading>90.686966</gpsHeading>
<haccuracy>5.275000</haccuracy>
<vaccuracy>5.275000</vaccuracy>
<internetconnect>2</internetconnect>
</trkpt>
<trkpt lat="35.810127" lon="139.065439">
<ele>1027.855882</ele>
<time>2026-05-09T00:40:28Z</time>
<speed>0.632360</speed>
<trueHeading>0.000000</trueHeading>
<magneticHeading>0.000000</magneticHeading>
<gpsHeading>79.337463</gpsHeading>
<haccuracy>4.739000</haccuracy>
<vaccuracy>4.739000</vaccuracy>
<internetconnect>0</internetconnect>
</trkpt>
<trkpt lat="35.810243" lon="139.065327">
<ele>1034.072445</ele>
<time>2026-05-09T00:40:57Z</time>
<speed>0.284413</speed>
<trueHeading>0.000000</trueHeading>
<magneticHeading>0.000000</magneticHeading>
<gpsHeading>321.940063</gpsHeading>
<haccuracy>4.725000</haccuracy>
<vaccuracy>4.725000</vaccuracy>
<internetconnect>0</internetconnect>
</trkpt>
<trkpt lat="35.810378" lon="139.065020">
<ele>1038.266341</ele>
<time>2026-05-09T00:41:20Z</time>
<speed>0.370272</speed>
<trueHeading>0.000000</trueHeading>
<magneticHeading>0.000000</magneticHeading>
<gpsHeading>298.520416</gpsHeading>
<haccuracy>5.267000</haccuracy>
<vaccuracy>5.267000</vaccuracy>
<internetconnect>0</internetconnect>
</trkpt>
<trkpt lat="35.810515" lon="139.064785">
<ele>1042.214065</ele>
<time>2026-05-09T00:41:43Z</time>
<speed>0.582793</speed>
<trueHeading>0.000000</trueHeading>
<magneticHeading>0.000000</magneticHeading>
<gpsHeading>305.640442</gpsHeading>
<haccuracy>6.177000</haccuracy>
<vaccuracy>6.177000</vaccuracy>
<internetconnect>0</internetconnect>
</trkpt>
<trkpt lat="35.810587" lon="139.064656">
<ele>1042.230095</ele>
<time>2026-05-09T00:41:50Z</time>
<speed>1.468208</speed>
<trueHeading>0.000000</trueHeading>
<magneticHeading>0.000000</magneticHeading>
<gpsHeading>310.361542</gpsHeading>
<haccuracy>5.499000</haccuracy>
<vaccuracy>5.499000</vaccuracy>
<internetconnect>2</internetconnect>
</trkpt>
<trkpt lat="35.810718" lon="139.064545">
<ele>1045.536193</ele>
<time>2026-05-09T00:42:07Z</time>
<speed>0.289698</speed>
<trueHeading>0.000000</trueHeading>
<magneticHeading>0.000000</magneticHeading>
<gpsHeading>316.217926</gpsHeading>
<haccuracy>4.710000</haccuracy>
<vaccuracy>4.710000</vaccuracy>
<internetconnect>0</internetconnect>
</trkpt>
<trkpt lat="35.810914" lon="139.064435">
<ele>1048.744001</ele>
<time>2026-05-09T00:42:30Z</time>
<speed>0.260506</speed>
<trueHeading>0.000000</trueHeading>
<magneticHeading>0.000000</magneticHeading>
<gpsHeading>335.624390</gpsHeading>
<haccuracy>5.563000</haccuracy>
<vaccuracy>5.563000</vaccuracy>
<internetconnect>0</internetconnect>
</trkpt>
<trkpt lat="35.811045" lon="139.064353">
<ele>1054.144437</ele>
<time>2026-05-09T00:42:59Z</time>
<speed>0.192889</speed>
<trueHeading>0.000000</trueHeading>
<magneticHeading>0.000000</magneticHeading>
<gpsHeading>332.932495</gpsHeading>
<haccuracy>3.568000</haccuracy>
<vaccuracy>3.568000</vaccuracy>
<internetconnect>0</internetconnect>
</trkpt>
<trkpt lat="35.811106" lon="139.063904">
<ele>1057.319489</ele>
<time>2026-05-09T00:43:22Z</time>
<speed>0.883351</speed>
<trueHeading>0.000000</trueHeading>
<magneticHeading>0.000000</magneticHeading>
<gpsHeading>310.390167</gpsHeading>
<haccuracy>4.938000</haccuracy>
<vaccuracy>4.938000</vaccuracy>
<internetconnect>2</internetconnect>
</trkpt>
<trkpt lat="35.811106" lon="139.063904">
<ele>1057.319489</ele>
<time>2026-05-09T00:43:22Z</time>
<speed>0.883351</speed>
<trueHeading>0.000000</trueHeading>
<magneticHeading>0.000000</magneticHeading>
<gpsHeading>279.490143</gpsHeading>
<haccuracy>4.938000</haccuracy>
<vaccuracy>4.938000</vaccuracy>
<internetconnect>0</internetconnect>
</trkpt>
<trkpt lat="35.811154" lon="139.063677">
<ele>1061.428184</ele>
<time>2026-05-09T00:43:46Z</time>
<speed>0.527943</speed>
<trueHeading>0.000000</trueHeading>
<magneticHeading>0.000000</magneticHeading>
<gpsHeading>284.516113</gpsHeading>
<haccuracy>5.728000</haccuracy>
<vaccuracy>5.728000</vaccuracy>
<internetconnect>0</internetconnect>
</trkpt>
<trkpt lat="35.811304" lon="139.063497">
<ele>1067.378804</ele>
<time>2026-05-09T00:44:10Z</time>
<speed>1.303447</speed>
<trueHeading>0.000000</trueHeading>
<magneticHeading>0.000000</magneticHeading>
<gpsHeading>315.821106</gpsHeading>
<haccuracy>4.433000</haccuracy>
<vaccuracy>4.433000</vaccuracy>
<internetconnect>0</internetconnect>
</trkpt>
<trkpt lat="35.811515" lon="139.063488">
<ele>1071.048113</ele>
<time>2026-05-09T00:44:33Z</time>
<speed>0.841201</speed>
<trueHeading>0.000000</trueHeading>
<magneticHeading>0.000000</magneticHeading>
<gpsHeading>357.989319</gpsHeading>
<haccuracy>5.209000</haccuracy>
<vaccuracy>5.209000</vaccuracy>
<internetconnect>0</internetconnect>
</trkpt>
<trkpt lat="35.811716" lon="139.063349">
<ele>1072.459074</ele>
<time>2026-05-09T00:44:53Z</time>
<speed>0.309303</speed>
<trueHeading>0.000000</trueHeading>
<magneticHeading>0.000000</magneticHeading>
<gpsHeading>323.536407</gpsHeading>
<haccuracy>4.165000</haccuracy>
<vaccuracy>4.165000</vaccuracy>
<internetconnect>2</internetconnect>
</trkpt>
<trkpt lat="35.811758" lon="139.063290">
<ele>1073.319173</ele>
<time>2026-05-09T00:44:57Z</time>
<speed>1.355304</speed>
<trueHeading>0.000000</trueHeading>
<magneticHeading>0.000000</magneticHeading>
<gpsHeading>326.694336</gpsHeading>
<haccuracy>3.663000</haccuracy>
<vaccuracy>3.663000</vaccuracy>
<internetconnect>0</internetconnect>
</trkpt>
<trkpt lat="35.811863" lon="139.063015">
<ele>1076.313358</ele>
<time>2026-05-09T00:45:20Z</time>
<speed>0.192992</speed>
<trueHeading>0.000000</trueHeading>
<magneticHeading>0.000000</magneticHeading>
<gpsHeading>295.325684</gpsHeading>
<haccuracy>4.486000</haccuracy>
<vaccuracy>4.486000</vaccuracy>
<internetconnect>0</internetconnect>
</trkpt>
<trkpt lat="35.812188" lon="139.062912">
<ele>1076.542539</ele>
<time>2026-05-09T00:45:43Z</time>
<speed>1.143756</speed>
<trueHeading>0.000000</trueHeading>
<magneticHeading>0.000000</magneticHeading>
<gpsHeading>345.560394</gpsHeading>
<haccuracy>4.634000</haccuracy>
<vaccuracy>4.634000</vaccuracy>
<internetconnect>0</internetconnect>
</trkpt>
<trkpt lat="35.812452" lon="139.063087">
<ele>1078.587636</ele>
<time>2026-05-09T00:46:07Z</time>
<speed>0.216252</speed>
<trueHeading>0.000000</trueHeading>
<magneticHeading>0.000000</magneticHeading>
<gpsHeading>28.137678</gpsHeading>
<haccuracy>5.126000</haccuracy>
<vaccuracy>5.126000</vaccuracy>
<internetconnect>0</internetconnect>
</trkpt>
<trkpt lat="35.812656" lon="139.062972">
<ele>1080.142876</ele>
<time>2026-05-09T00:46:25Z</time>
<speed>0.670269</speed>
<trueHeading>0.000000</trueHeading>
<magneticHeading>0.000000</magneticHeading>
<gpsHeading>341.994202</gpsHeading>
<haccuracy>4.806000</haccuracy>
<vaccuracy>4.806000</vaccuracy>
<internetconnect>2</internetconnect>
</trkpt>
<trkpt lat="35.812689" lon="139.062828">
<ele>1078.952249</ele>
<time>2026-05-09T00:46:30Z</time>
<speed>1.457812</speed>
<trueHeading>0.000000</trueHeading>
<magneticHeading>0.000000</magneticHeading>
<gpsHeading>318.529205</gpsHeading>
<haccuracy>3.379000</haccuracy>
<vaccuracy>3.379000</vaccuracy>
<internetconnect>0</internetconnect>
</trkpt>
<trkpt lat="35.812659" lon="139.062394">
<ele>1081.753224</ele>
<time>2026-05-09T00:46:53Z</time>
<speed>0.475511</speed>
<trueHeading>0.000000</trueHeading>
<magneticHeading>0.000000</magneticHeading>
<gpsHeading>265.071136</gpsHeading>
<haccuracy>5.874000</haccuracy>
<vaccuracy>5.874000</vaccuracy>
<internetconnect>0</internetconnect>
</trkpt>
<trkpt lat="35.812758" lon="139.061964">
<ele>1084.139630</ele>
<time>2026-05-09T00:47:17Z</time>
<speed>1.273447</speed>
<trueHeading>0.000000</trueHeading>
<magneticHeading>0.000000</magneticHeading>
<gpsHeading>285.876678</gpsHeading>
<haccuracy>5.731000</haccuracy>
<vaccuracy>5.731000</vaccuracy>
<internetconnect>0</internetconnect>
</trkpt>
<trkpt lat="35.812717" lon="139.061792">
<ele>1085.713412</ele>
<time>2026-05-09T00:47:43Z</time>
<speed>0.831103</speed>
<trueHeading>0.000000</trueHeading>
<magneticHeading>0.000000</magneticHeading>
<gpsHeading>253.630219</gpsHeading>
<haccuracy>5.902000</haccuracy>
<vaccuracy>5.902000</vaccuracy>
<internetconnect>0</internetconnect>
</trkpt>
<trkpt lat="35.812633" lon="139.061616">
<ele>1087.292072</ele>
<time>2026-05-09T00:47:57Z</time>
<speed>0.513960</speed>
<trueHeading>0.000000</trueHeading>
<magneticHeading>0.000000</magneticHeading>
<gpsHeading>268.837982</gpsHeading>
<haccuracy>5.681000</haccuracy>
<vaccuracy>5.681000</vaccuracy>
<internetconnect>2</internetconnect>
</trkpt>
<trkpt lat="35.812591" lon="139.061456">
<ele>1088.728585</ele>
<time>2026-05-09T00:48:06Z</time>
<speed>1.392956</speed>
<trueHeading>0.000000</trueHeading>
<magneticHeading>0.000000</magneticHeading>
<gpsHeading>245.133057</gpsHeading>
<haccuracy>5.114000</haccuracy>
<vaccuracy>5.114000</vaccuracy>
<internetconnect>0</internetconnect>
</trkpt>
<trkpt lat="35.812607" lon="139.061377">
<ele>1092.738085</ele>
<time>2026-05-09T00:49:07Z</time>
<speed>0.174775</speed>
<trueHeading>0.000000</trueHeading>
<magneticHeading>0.000000</magneticHeading>
<gpsHeading>283.837250</gpsHeading>
<haccuracy>4.640000</haccuracy>
<vaccuracy>4.640000</vaccuracy>
<internetconnect>0</internetconnect>
</trkpt>
<trkpt lat="35.812649" lon="139.061127">
<ele>1095.447347</ele>
<time>2026-05-09T00:49:30Z</time>
<speed>0.522403</speed>
<trueHeading>0.000000</trueHeading>
<magneticHeading>0.000000</magneticHeading>
<gpsHeading>281.834595</gpsHeading>
<haccuracy>4.825000</haccuracy>
<vaccuracy>4.825000</vaccuracy>
<internetconnect>0</internetconnect>
</trkpt>
<trkpt lat="35.812621" lon="139.060952">
<ele>1100.328118</ele>
<time>2026-05-09T00:49:56Z</time>
<speed>0.108349</speed>
<trueHeading>0.000000</trueHeading>
<magneticHeading>0.000000</magneticHeading>
<gpsHeading>258.912079</gpsHeading>
<haccuracy>3.624000</haccuracy>
<vaccuracy>3.624000</vaccuracy>
<internetconnect>0</internetconnect>
</trkpt>
<trkpt lat="35.812613" lon="139.060773">
<ele>1102.291285</ele>
<time>2026-05-09T00:50:07Z</time>
<speed>0.979769</speed>
<trueHeading>0.000000</trueHeading>
<magneticHeading>0.000000</magneticHeading>
<gpsHeading>268.325012</gpsHeading>
<haccuracy>3.974000</haccuracy>
<vaccuracy>3.974000</vaccuracy>
<internetconnect>2</internetconnect>
</trkpt>
<trkpt lat="35.812708" lon="139.060632">
<ele>1104.005592</ele>
<time>2026-05-09T00:50:19Z</time>
<speed>0.377477</speed>
<trueHeading>0.000000</trueHeading>
<magneticHeading>0.000000</magneticHeading>
<gpsHeading>288.434998</gpsHeading>
<haccuracy>6.036000</haccuracy>
<vaccuracy>6.036000</vaccuracy>
<internetconnect>0</internetconnect>
</trkpt>
<trkpt lat="35.812776" lon="139.060473">
<ele>1108.204506</ele>
<time>2026-05-09T00:50:42Z</time>
<speed>0.372911</speed>
<trueHeading>0.000000</trueHeading>
<magneticHeading>0.000000</magneticHeading>
<gpsHeading>297.821442</gpsHeading>
<haccuracy>3.548000</haccuracy>
<vaccuracy>3.548000</vaccuracy>
<internetconnect>0</internetconnect>
</trkpt>
<trkpt lat="35.812922" lon="139.060099">
<ele>1112.642012</ele>
<time>2026-05-09T00:51:06Z</time>
<speed>0.797092</speed>
<trueHeading>0.000000</trueHeading>
<magneticHeading>0.000000</magneticHeading>
<gpsHeading>295.674988</gpsHeading>
<haccuracy>3.639000</haccuracy>
<vaccuracy>3.639000</vaccuracy>
<internetconnect>0</internetconnect>
</trkpt>
<trkpt lat="35.813129" lon="139.059928">
<ele>1115.980988</ele>
<time>2026-05-09T00:51:29Z</time>
<speed>0.720608</speed>
<trueHeading>0.000000</trueHeading>
<magneticHeading>0.000000</magneticHeading>
<gpsHeading>326.133301</gpsHeading>
<haccuracy>3.406000</haccuracy>
<vaccuracy>3.406000</vaccuracy>
<internetconnect>0</internetconnect>
</trkpt>
<trkpt lat="35.813232" lon="139.059879">
<ele>1117.562208</ele>
<time>2026-05-09T00:51:38Z</time>
<speed>0.929556</speed>
<trueHeading>0.000000</trueHeading>
<magneticHeading>0.000000</magneticHeading>
<gpsHeading>310.509125</gpsHeading>
<haccuracy>3.375000</haccuracy>
<vaccuracy>3.375000</vaccuracy>
<internetconnect>2</internetconnect>
</trkpt>
<trkpt lat="35.813379" lon="139.059785">
<ele>1119.794438</ele>
<time>2026-05-09T00:51:52Z</time>
<speed>1.006598</speed>
<trueHeading>0.000000</trueHeading>
<magneticHeading>0.000000</magneticHeading>
<gpsHeading>335.229218</gpsHeading>
<haccuracy>3.268000</haccuracy>
<vaccuracy>3.268000</vaccuracy>
<internetconnect>0</internetconnect>
</trkpt>
<trkpt lat="35.813533" lon="139.059596">
<ele>1125.104244</ele>
<time>2026-05-09T00:52:15Z</time>
<speed>1.038172</speed>
<trueHeading>0.000000</trueHeading>
<magneticHeading>0.000000</magneticHeading>
<gpsHeading>315.043884</gpsHeading>
<haccuracy>3.117000</haccuracy>
<vaccuracy>3.117000</vaccuracy>
<internetconnect>0</internetconnect>
</trkpt>
<trkpt lat="35.813663" lon="139.059357">
<ele>1129.975847</ele>
<time>2026-05-09T00:52:39Z</time>
<speed>0.705495</speed>
<trueHeading>0.000000</trueHeading>
<magneticHeading>0.000000</magneticHeading>
<gpsHeading>303.916840</gpsHeading>
<haccuracy>4.424000</haccuracy>
<vaccuracy>4.424000</vaccuracy>
<internetconnect>0</internetconnect>
</trkpt>
<trkpt lat="35.813846" lon="139.059207">
<ele>1134.143449</ele>
<time>2026-05-09T00:53:03Z</time>
<speed>0.322121</speed>
<trueHeading>0.000000</trueHeading>
<magneticHeading>0.000000</magneticHeading>
<gpsHeading>326.378510</gpsHeading>
<haccuracy>5.625000</haccuracy>
<vaccuracy>5.625000</vaccuracy>
<internetconnect>0</internetconnect>
</trkpt>
<trkpt lat="35.813924" lon="139.059117">
<ele>1135.630037</ele>
<time>2026-05-09T00:53:10Z</time>
<speed>1.192651</speed>
<trueHeading>0.000000</trueHeading>
<magneticHeading>0.000000</magneticHeading>
<gpsHeading>318.209290</gpsHeading>
<haccuracy>6.458000</haccuracy>
<vaccuracy>6.458000</vaccuracy>
<internetconnect>2</internetconnect>
</trkpt>
<trkpt lat="35.813984" lon="139.058902">
<ele>1137.002106</ele>
<time>2026-05-09T00:53:26Z</time>
<speed>0.981467</speed>
<trueHeading>0.000000</trueHeading>
<magneticHeading>0.000000</magneticHeading>
<gpsHeading>299.239868</gpsHeading>
<haccuracy>6.207000</haccuracy>
<vaccuracy>6.207000</vaccuracy>
<internetconnect>0</internetconnect>
</trkpt>
<trkpt lat="35.813920" lon="139.058733">
<ele>1141.798706</ele>
<time>2026-05-09T00:53:54Z</time>
<speed>0.479643</speed>
<trueHeading>0.000000</trueHeading>
<magneticHeading>0.000000</magneticHeading>
<gpsHeading>244.825500</gpsHeading>
<haccuracy>4.701000</haccuracy>
<vaccuracy>4.701000</vaccuracy>
<internetconnect>0</internetconnect>
</trkpt>
<trkpt lat="35.814111" lon="139.058817">
<ele>1145.006714</ele>
<time>2026-05-09T00:54:18Z</time>
<speed>0.505360</speed>
<trueHeading>0.000000</trueHeading>
<magneticHeading>0.000000</magneticHeading>
<gpsHeading>19.497219</gpsHeading>
<haccuracy>3.942000</haccuracy>
<vaccuracy>3.942000</vaccuracy>
<internetconnect>0</internetconnect>
</trkpt>
<trkpt lat="35.814264" lon="139.059180">
<ele>1148.648616</ele>
<time>2026-05-09T00:54:41Z</time>
<speed>0.585179</speed>
<trueHeading>0.000000</trueHeading>
<magneticHeading>0.000000</magneticHeading>
<gpsHeading>62.584579</gpsHeading>
<haccuracy>5.322000</haccuracy>
<vaccuracy>5.322000</vaccuracy>
<internetconnect>0</internetconnect>
</trkpt>
<trkpt lat="35.814216" lon="139.058968">
<ele>1158.228503</ele>
<time>2026-05-09T00:55:27Z</time>
<speed>0.104358</speed>
<trueHeading>0.000000</trueHeading>
<magneticHeading>0.000000</magneticHeading>
<gpsHeading>254.262115</gpsHeading>
<haccuracy>8.746000</haccuracy>
<vaccuracy>8.746000</vaccuracy>
<internetconnect>0</internetconnect>
</trkpt>
<trkpt lat="35.814170" lon="139.058471">
<ele>1160.460703</ele>
<time>2026-05-09T00:55:50Z</time>
<speed>0.685856</speed>
<trueHeading>0.000000</trueHeading>
<magneticHeading>0.000000</magneticHeading>
<gpsHeading>263.558838</gpsHeading>
<haccuracy>5.053000</haccuracy>
<vaccuracy>5.053000</vaccuracy>
<internetconnect>0</internetconnect>
</trkpt>
<trkpt lat="35.814268" lon="139.058390">
<ele>1164.399405</ele>
<time>2026-05-09T00:56:07Z</time>
<speed>0.334454</speed>
<trueHeading>0.000000</trueHeading>
<magneticHeading>0.000000</magneticHeading>
<gpsHeading>300.278748</gpsHeading>
<haccuracy>4.618000</haccuracy>
<vaccuracy>4.618000</vaccuracy>
<internetconnect>2</internetconnect>
</trkpt>
<trkpt lat="35.814306" lon="139.058376">
<ele>1164.455635</ele>
<time>2026-05-09T00:56:13Z</time>
<speed>0.957383</speed>
<trueHeading>0.000000</trueHeading>
<magneticHeading>0.000000</magneticHeading>
<gpsHeading>330.488647</gpsHeading>
<haccuracy>4.421000</haccuracy>
<vaccuracy>4.421000</vaccuracy>
<internetconnect>0</internetconnect>
</trkpt>
<trkpt lat="35.814475" lon="139.058408">
<ele>1170.702607</ele>
<time>2026-05-09T00:56:37Z</time>
<speed>0.402143</speed>
<trueHeading>0.000000</trueHeading>
<magneticHeading>0.000000</magneticHeading>
<gpsHeading>8.783093</gpsHeading>
<haccuracy>4.502000</haccuracy>
<vaccuracy>4.502000</vaccuracy>
<internetconnect>0</internetconnect>
</trkpt>
<trkpt lat="35.814497" lon="139.058605">
<ele>1176.818917</ele>
<time>2026-05-09T00:57:01Z</time>
<speed>0.238859</speed>
<trueHeading>0.000000</trueHeading>
<magneticHeading>0.000000</magneticHeading>
<gpsHeading>82.174431</gpsHeading>
<haccuracy>4.909000</haccuracy>
<vaccuracy>4.909000</vaccuracy>
<internetconnect>0</internetconnect>
</trkpt>
<trkpt lat="35.814692" lon="139.058514">
<ele>1180.546785</ele>
<time>2026-05-09T00:57:24Z</time>
<speed>0.999869</speed>
<trueHeading>0.000000</trueHeading>
<magneticHeading>0.000000</magneticHeading>
<gpsHeading>339.347198</gpsHeading>
<haccuracy>3.006000</haccuracy>
<vaccuracy>3.006000</vaccuracy>
<internetconnect>0</internetconnect>
</trkpt>
<trkpt lat="35.814756" lon="139.058341">
<ele>1185.829757</ele>
<time>2026-05-09T00:57:47Z</time>
<speed>0.126615</speed>
<trueHeading>0.000000</trueHeading>
<magneticHeading>0.000000</magneticHeading>
<gpsHeading>294.573914</gpsHeading>
<haccuracy>3.000000</haccuracy>
<vaccuracy>3.000000</vaccuracy>
<internetconnect>0</internetconnect>
</trkpt>
<trkpt lat="35.814789" lon="139.058397">
<ele>1187.926015</ele>
<time>2026-05-09T00:58:49Z</time>
<speed>0.019278</speed>
<trueHeading>0.000000</trueHeading>
<magneticHeading>0.000000</magneticHeading>
<gpsHeading>53.893250</gpsHeading>
<haccuracy>3.952000</haccuracy>
<vaccuracy>3.952000</vaccuracy>
<internetconnect>0</internetconnect>
</trkpt>
<trkpt lat="35.814845" lon="139.058509">
<ele>1185.247263</ele>
<time>2026-05-09T00:59:51Z</time>
<speed>0.080227</speed>
<trueHeading>0.000000</trueHeading>
<magneticHeading>0.000000</magneticHeading>
<gpsHeading>58.732956</gpsHeading>
<haccuracy>3.814000</haccuracy>
<vaccuracy>3.814000</vaccuracy>
<internetconnect>0</internetconnect>
</trkpt>
<trkpt lat="35.814820" lon="139.058558">
<ele>1185.071582</ele>
<time>2026-05-09T01:00:09Z</time>
<speed>0.193684</speed>
<trueHeading>0.000000</trueHeading>
<magneticHeading>0.000000</magneticHeading>
<gpsHeading>13.928139</gpsHeading>
<haccuracy>3.410000</haccuracy>
<vaccuracy>3.410000</vaccuracy>
<internetconnect>2</internetconnect>
</trkpt>
<trkpt lat="35.814834" lon="139.058476">
<ele>1185.374326</ele>
<time>2026-05-09T01:00:52Z</time>
<speed>0.032358</speed>
<trueHeading>0.000000</trueHeading>
<magneticHeading>0.000000</magneticHeading>
<gpsHeading>249.549149</gpsHeading>
<haccuracy>3.037000</haccuracy>
<vaccuracy>3.037000</vaccuracy>
<internetconnect>0</internetconnect>
</trkpt>
<trkpt lat="35.814831" lon="139.058394">
<ele>1184.882801</ele>
<time>2026-05-09T01:01:54Z</time>
<speed>0.100444</speed>
<trueHeading>0.000000</trueHeading>
<magneticHeading>0.000000</magneticHeading>
<gpsHeading>267.155396</gpsHeading>
<haccuracy>4.907000</haccuracy>
<vaccuracy>4.907000</vaccuracy>
<internetconnect>0</internetconnect>
</trkpt>
<trkpt lat="35.814829" lon="139.058369">
<ele>1183.613673</ele>
<time>2026-05-09T01:02:56Z</time>
<speed>0.115802</speed>
<trueHeading>0.000000</trueHeading>
<magneticHeading>0.000000</magneticHeading>
<gpsHeading>263.830994</gpsHeading>
<haccuracy>4.058000</haccuracy>
<vaccuracy>4.058000</vaccuracy>
<internetconnect>0</internetconnect>
</trkpt>
<trkpt lat="35.814837" lon="139.058384">
<ele>1183.268068</ele>
<time>2026-05-09T01:03:57Z</time>
<speed>0.304516</speed>
<trueHeading>0.000000</trueHeading>
<magneticHeading>0.000000</magneticHeading>
<gpsHeading>55.584980</gpsHeading>
<haccuracy>4.781000</haccuracy>
<vaccuracy>4.781000</vaccuracy>
<internetconnect>0</internetconnect>
</trkpt>
<trkpt lat="35.814839" lon="139.058389">
<ele>1183.664292</ele>
<time>2026-05-09T01:04:11Z</time>
<speed>0.105878</speed>
<trueHeading>0.000000</trueHeading>
<magneticHeading>0.000000</magneticHeading>
<gpsHeading>278.129730</gpsHeading>
<haccuracy>4.604000</haccuracy>
<vaccuracy>4.604000</vaccuracy>
<internetconnect>2</internetconnect>
</trkpt>
<trkpt lat="35.814839" lon="139.058393">
<ele>1182.967253</ele>
<time>2026-05-09T01:04:59Z</time>
<speed>0.115152</speed>
<trueHeading>0.000000</trueHeading>
<magneticHeading>0.000000</magneticHeading>
<gpsHeading>75.995743</gpsHeading>
<haccuracy>4.462000</haccuracy>
<vaccuracy>4.462000</vaccuracy>
<internetconnect>0</internetconnect>
</trkpt>
<trkpt lat="35.814836" lon="139.058391">
<ele>1183.820163</ele>
<time>2026-05-09T01:06:01Z</time>
<speed>0.109547</speed>
<trueHeading>0.000000</trueHeading>
<magneticHeading>0.000000</magneticHeading>
<gpsHeading>202.711029</gpsHeading>
<haccuracy>4.586000</haccuracy>
<vaccuracy>4.586000</vaccuracy>
<internetconnect>0</internetconnect>
</trkpt>
<trkpt lat="35.814841" lon="139.058395">
<ele>1183.118418</ele>
<time>2026-05-09T01:07:02Z</time>
<speed>0.217349</speed>
<trueHeading>0.000000</trueHeading>
<magneticHeading>0.000000</magneticHeading>
<gpsHeading>35.189240</gpsHeading>
<haccuracy>5.140000</haccuracy>
<vaccuracy>5.140000</vaccuracy>
<internetconnect>0</internetconnect>
</trkpt>
<trkpt lat="35.814814" lon="139.058416">
<ele>1183.869908</ele>
<time>2026-05-09T01:08:04Z</time>
<speed>0.175439</speed>
<trueHeading>0.000000</trueHeading>
<magneticHeading>0.000000</magneticHeading>
<gpsHeading>148.349777</gpsHeading>
<haccuracy>6.299000</haccuracy>
<vaccuracy>6.299000</vaccuracy>
<internetconnect>0</internetconnect>
</trkpt>
<trkpt lat="35.814805" lon="139.058417">
<ele>1183.766048</ele>
<time>2026-05-09T01:08:13Z</time>
<speed>0.405809</speed>
<trueHeading>0.000000</trueHeading>
<magneticHeading>0.000000</magneticHeading>
<gpsHeading>146.875046</gpsHeading>
<haccuracy>6.761000</haccuracy>
<vaccuracy>6.761000</vaccuracy>
<internetconnect>2</internetconnect>
</trkpt>
<trkpt lat="35.814797" lon="139.058397">
<ele>1184.093819</ele>
<time>2026-05-09T01:09:06Z</time>
<speed>0.144840</speed>
<trueHeading>0.000000</trueHeading>
<magneticHeading>0.000000</magneticHeading>
<gpsHeading>223.084793</gpsHeading>
<haccuracy>5.540000</haccuracy>
<vaccuracy>5.540000</vaccuracy>
<internetconnect>0</internetconnect>
</trkpt>
<trkpt lat="35.814796" lon="139.058411">
<ele>1184.132962</ele>
<time>2026-05-09T01:10:07Z</time>
<speed>0.111434</speed>
<trueHeading>0.000000</trueHeading>
<magneticHeading>0.000000</magneticHeading>
<gpsHeading>98.254868</gpsHeading>
<haccuracy>4.332000</haccuracy>
<vaccuracy>4.332000</vaccuracy>
<internetconnect>0</internetconnect>
</trkpt>
<trkpt lat="35.814804" lon="139.058408">
<ele>1184.270825</ele>
<time>2026-05-09T01:11:08Z</time>
<speed>0.121373</speed>
<trueHeading>0.000000</trueHeading>
<magneticHeading>0.000000</magneticHeading>
<gpsHeading>344.700439</gpsHeading>
<haccuracy>5.253000</haccuracy>
<vaccuracy>5.253000</vaccuracy>
<internetconnect>0</internetconnect>
</trkpt>
<trkpt lat="35.814802" lon="139.058409">
<ele>1185.277773</ele>
<time>2026-05-09T01:12:09Z</time>
<speed>0.115359</speed>
<trueHeading>0.000000</trueHeading>
<magneticHeading>0.000000</magneticHeading>
<gpsHeading>156.765823</gpsHeading>
<haccuracy>4.757000</haccuracy>
<vaccuracy>4.757000</vaccuracy>
<internetconnect>0</internetconnect>
</trkpt>
<trkpt lat="35.814802" lon="139.058409">
<ele>1185.451098</ele>
<time>2026-05-09T01:12:15Z</time>
<speed>0.113706</speed>
<trueHeading>0.000000</trueHeading>
<magneticHeading>0.000000</magneticHeading>
<gpsHeading>245.481934</gpsHeading>
<haccuracy>4.938000</haccuracy>
<vaccuracy>4.938000</vaccuracy>
<internetconnect>2</internetconnect>
</trkpt>
<trkpt lat="35.814804" lon="139.058411">
<ele>1184.987627</ele>
<time>2026-05-09T01:13:11Z</time>
<speed>0.106171</speed>
<trueHeading>0.000000</trueHeading>
<magneticHeading>0.000000</magneticHeading>
<gpsHeading>48.961117</gpsHeading>
<haccuracy>4.541000</haccuracy>
<vaccuracy>4.541000</vaccuracy>
<internetconnect>0</internetconnect>
</trkpt>
<trkpt lat="35.814805" lon="139.058412">
<ele>1185.812322</ele>
<time>2026-05-09T01:14:13Z</time>
<speed>0.111617</speed>
<trueHeading>0.000000</trueHeading>
<magneticHeading>0.000000</magneticHeading>
<gpsHeading>39.039032</gpsHeading>
<haccuracy>4.435000</haccuracy>
<vaccuracy>4.435000</vaccuracy>
<internetconnect>0</internetconnect>
</trkpt>
<trkpt lat="35.814801" lon="139.058412">
<ele>1186.141500</ele>
<time>2026-05-09T01:15:14Z</time>
<speed>0.121397</speed>
<trueHeading>0.000000</trueHeading>
<magneticHeading>0.000000</magneticHeading>
<gpsHeading>182.265259</gpsHeading>
<haccuracy>4.878000</haccuracy>
<vaccuracy>4.878000</vaccuracy>
<internetconnect>0</internetconnect>
</trkpt>
<trkpt lat="35.814815" lon="139.058404">
<ele>1186.659026</ele>
<time>2026-05-09T01:16:16Z</time>
<speed>0.102381</speed>
<trueHeading>0.000000</trueHeading>
<magneticHeading>0.000000</magneticHeading>
<gpsHeading>333.892944</gpsHeading>
<haccuracy>4.668000</haccuracy>
<vaccuracy>4.668000</vaccuracy>
<internetconnect>0</internetconnect>
</trkpt>
<trkpt lat="35.814815" lon="139.058404">
<ele>1186.659026</ele>
<time>2026-05-09T01:16:16Z</time>
<speed>0.102381</speed>
<trueHeading>0.000000</trueHeading>
<magneticHeading>0.000000</magneticHeading>
<gpsHeading>339.505249</gpsHeading>
<haccuracy>4.668000</haccuracy>
<vaccuracy>4.668000</vaccuracy>
<internetconnect>2</internetconnect>
</trkpt>
<trkpt lat="35.814827" lon="139.058400">
<ele>1187.426514</ele>
<time>2026-05-09T01:17:17Z</time>
<speed>0.116946</speed>
<trueHeading>0.000000</trueHeading>
<magneticHeading>0.000000</magneticHeading>
<gpsHeading>347.116974</gpsHeading>
<haccuracy>4.759000</haccuracy>
<vaccuracy>4.759000</vaccuracy>
<internetconnect>0</internetconnect>
</trkpt>
<trkpt lat="35.814830" lon="139.058401">
<ele>1186.296594</ele>
<time>2026-05-09T01:18:18Z</time>
<speed>0.115834</speed>
<trueHeading>0.000000</trueHeading>
<magneticHeading>0.000000</magneticHeading>
<gpsHeading>7.959073</gpsHeading>
<haccuracy>4.603000</haccuracy>
<vaccuracy>4.603000</vaccuracy>
<internetconnect>0</internetconnect>
</trkpt>
<trkpt lat="35.814829" lon="139.058401">
<ele>1185.981912</ele>
<time>2026-05-09T01:19:20Z</time>
<speed>0.114076</speed>
<trueHeading>0.000000</trueHeading>
<magneticHeading>0.000000</magneticHeading>
<gpsHeading>169.784775</gpsHeading>
<haccuracy>4.470000</haccuracy>
<vaccuracy>4.470000</vaccuracy>
<internetconnect>0</internetconnect>
</trkpt>
<trkpt lat="35.814827" lon="139.058403">
<ele>1186.529325</ele>
<time>2026-05-09T01:20:18Z</time>
<speed>0.116233</speed>
<trueHeading>0.000000</trueHeading>
<magneticHeading>0.000000</magneticHeading>
<gpsHeading>358.876068</gpsHeading>
<haccuracy>4.823000</haccuracy>
<vaccuracy>4.823000</vaccuracy>
<internetconnect>2</internetconnect>
</trkpt>
<trkpt lat="35.814828" lon="139.058403">
<ele>1186.418679</ele>
<time>2026-05-09T01:20:22Z</time>
<speed>0.110112</speed>
<trueHeading>0.000000</trueHeading>
<magneticHeading>0.000000</magneticHeading>
<gpsHeading>122.860474</gpsHeading>
<haccuracy>4.757000</haccuracy>
<vaccuracy>4.757000</vaccuracy>
<internetconnect>0</internetconnect>
</trkpt>
<trkpt lat="35.814830" lon="139.058401">
<ele>1187.251096</ele>
<time>2026-05-09T01:21:23Z</time>
<speed>0.116652</speed>
<trueHeading>0.000000</trueHeading>
<magneticHeading>0.000000</magneticHeading>
<gpsHeading>329.349457</gpsHeading>
<haccuracy>4.699000</haccuracy>
<vaccuracy>4.699000</vaccuracy>
<internetconnect>0</internetconnect>
</trkpt>
<trkpt lat="35.814831" lon="139.058403">
<ele>1186.196764</ele>
<time>2026-05-09T01:22:24Z</time>
<speed>0.113361</speed>
<trueHeading>0.000000</trueHeading>
<magneticHeading>0.000000</magneticHeading>
<gpsHeading>64.240448</gpsHeading>
<haccuracy>4.724000</haccuracy>
<vaccuracy>4.724000</vaccuracy>
<internetconnect>0</internetconnect>
</trkpt>
<trkpt lat="35.814859" lon="139.058422">
<ele>1187.204822</ele>
<time>2026-05-09T01:23:26Z</time>
<speed>0.113706</speed>
<trueHeading>0.000000</trueHeading>
<magneticHeading>0.000000</magneticHeading>
<gpsHeading>28.566950</gpsHeading>
<haccuracy>3.487000</haccuracy>
<vaccuracy>3.487000</vaccuracy>
<internetconnect>0</internetconnect>
</trkpt>
<trkpt lat="35.814872" lon="139.058461">
<ele>1186.713155</ele>
<time>2026-05-09T01:24:19Z</time>
<speed>0.254717</speed>
<trueHeading>0.000000</trueHeading>
<magneticHeading>0.000000</magneticHeading>
<gpsHeading>46.102985</gpsHeading>
<haccuracy>4.122000</haccuracy>
<vaccuracy>4.122000</vaccuracy>
<internetconnect>2</internetconnect>
</trkpt>
<trkpt lat="35.814864" lon="139.058459">
<ele>1186.754039</ele>
<time>2026-05-09T01:24:27Z</time>
<speed>0.159042</speed>
<trueHeading>0.000000</trueHeading>
<magneticHeading>0.000000</magneticHeading>
<gpsHeading>80.488358</gpsHeading>
<haccuracy>4.631000</haccuracy>
<vaccuracy>4.631000</vaccuracy>
<internetconnect>0</internetconnect>
</trkpt>
<trkpt lat="35.814770" lon="139.058436">
<ele>1187.392185</ele>
<time>2026-05-09T01:25:28Z</time>
<speed>0.169431</speed>
<trueHeading>0.000000</trueHeading>
<magneticHeading>0.000000</magneticHeading>
<gpsHeading>191.460144</gpsHeading>
<haccuracy>4.173000</haccuracy>
<vaccuracy>4.173000</vaccuracy>
<internetconnect>0</internetconnect>
</trkpt>
<trkpt lat="35.814946" lon="139.058488">
<ele>1186.776957</ele>
<time>2026-05-09T01:25:52Z</time>
<speed>0.138345</speed>
<trueHeading>0.000000</trueHeading>
<magneticHeading>0.000000</magneticHeading>
<gpsHeading>13.640379</gpsHeading>
<haccuracy>4.040000</haccuracy>
<vaccuracy>4.040000</vaccuracy>
<internetconnect>0</internetconnect>
</trkpt>
<trkpt lat="35.815088" lon="139.058442">
<ele>1185.184038</ele>
<time>2026-05-09T01:26:32Z</time>
<speed>0.567360</speed>
<trueHeading>0.000000</trueHeading>
<magneticHeading>0.000000</magneticHeading>
<gpsHeading>345.382202</gpsHeading>
<haccuracy>3.937000</haccuracy>
<vaccuracy>3.937000</vaccuracy>
<internetconnect>0</internetconnect>
</trkpt>
<trkpt lat="35.815217" lon="139.058358">
<ele>1189.729767</ele>
<time>2026-05-09T01:27:21Z</time>
<speed>0.206086</speed>
<trueHeading>0.000000</trueHeading>
<magneticHeading>0.000000</magneticHeading>
<gpsHeading>332.174255</gpsHeading>
<haccuracy>4.389000</haccuracy>
<vaccuracy>4.389000</vaccuracy>
<internetconnect>0</internetconnect>
</trkpt>
<trkpt lat="35.815353" lon="139.058276">
<ele>1190.686872</ele>
<time>2026-05-09T01:27:44Z</time>
<speed>0.065150</speed>
<trueHeading>0.000000</trueHeading>
<magneticHeading>0.000000</magneticHeading>
<gpsHeading>333.846069</gpsHeading>
<haccuracy>4.103000</haccuracy>
<vaccuracy>4.103000</vaccuracy>
<internetconnect>0</internetconnect>
</trkpt>
<trkpt lat="35.815317" lon="139.058299">
<ele>1186.423272</ele>
<time>2026-05-09T01:28:21Z</time>
<speed>0.071550</speed>
<trueHeading>0.000000</trueHeading>
<magneticHeading>0.000000</magneticHeading>
<gpsHeading>343.570465</gpsHeading>
<haccuracy>4.220000</haccuracy>
<vaccuracy>4.220000</vaccuracy>
<internetconnect>2</internetconnect>
</trkpt>
<trkpt lat="35.815373" lon="139.058291">
<ele>1183.370209</ele>
<time>2026-05-09T01:28:45Z</time>
<speed>0.440000</speed>
<trueHeading>0.000000</trueHeading>
<magneticHeading>0.000000</magneticHeading>
<gpsHeading>32.333969</gpsHeading>
<haccuracy>10.197000</haccuracy>
<vaccuracy>10.197000</vaccuracy>
<internetconnect>0</internetconnect>
</trkpt>
<trkpt lat="35.815284" lon="139.058432">
<ele>1178.285339</ele>
<time>2026-05-09T01:29:23Z</time>
<speed>0.850000</speed>
<trueHeading>0.000000</trueHeading>
<magneticHeading>0.000000</magneticHeading>
<gpsHeading>127.995689</gpsHeading>
<haccuracy>10.025000</haccuracy>
<vaccuracy>10.025000</vaccuracy>
<internetconnect>0</internetconnect>
</trkpt>
<trkpt lat="35.815255" lon="139.058523">
<ele>1175.797997</ele>
<time>2026-05-09T01:30:25Z</time>
<speed>0.000000</speed>
<trueHeading>0.000000</trueHeading>
<magneticHeading>0.000000</magneticHeading>
<gpsHeading>111.252441</gpsHeading>
<haccuracy>10.160000</haccuracy>
<vaccuracy>10.160000</vaccuracy>
<internetconnect>0</internetconnect>
</trkpt>
<trkpt lat="35.815205" lon="139.058503">
<ele>1177.197854</ele>
<time>2026-05-09T01:31:26Z</time>
<speed>0.923176</speed>
<trueHeading>0.000000</trueHeading>
<magneticHeading>0.000000</magneticHeading>
<gpsHeading>197.667358</gpsHeading>
<haccuracy>7.961000</haccuracy>
<vaccuracy>7.961000</vaccuracy>
<internetconnect>0</internetconnect>
</trkpt>
<trkpt lat="35.815266" lon="139.058338">
<ele>1174.696205</ele>
<time>2026-05-09T01:31:54Z</time>
<speed>0.947962</speed>
<trueHeading>0.000000</trueHeading>
<magneticHeading>0.000000</magneticHeading>
<gpsHeading>294.304901</gpsHeading>
<haccuracy>5.050000</haccuracy>
<vaccuracy>5.050000</vaccuracy>
<internetconnect>0</internetconnect>
</trkpt>
<trkpt lat="35.815419" lon="139.058285">
<ele>1171.317511</ele>
<time>2026-05-09T01:32:18Z</time>
<speed>0.873757</speed>
<trueHeading>0.000000</trueHeading>
<magneticHeading>0.000000</magneticHeading>
<gpsHeading>344.301178</gpsHeading>
<haccuracy>5.274000</haccuracy>
<vaccuracy>5.274000</vaccuracy>
<internetconnect>0</internetconnect>
</trkpt>
<trkpt lat="35.815459" lon="139.058265">
<ele>1170.944939</ele>
<time>2026-05-09T01:32:23Z</time>
<speed>1.032673</speed>
<trueHeading>0.000000</trueHeading>
<magneticHeading>0.000000</magneticHeading>
<gpsHeading>348.823059</gpsHeading>
<haccuracy>4.986000</haccuracy>
<vaccuracy>4.986000</vaccuracy>
<internetconnect>2</internetconnect>
</trkpt>
<trkpt lat="35.815583" lon="139.058188">
<ele>1169.981809</ele>
<time>2026-05-09T01:32:41Z</time>
<speed>0.793995</speed>
<trueHeading>0.000000</trueHeading>
<magneticHeading>0.000000</magneticHeading>
<gpsHeading>334.505493</gpsHeading>
<haccuracy>5.110000</haccuracy>
<vaccuracy>5.110000</vaccuracy>
<internetconnect>0</internetconnect>
</trkpt>
<trkpt lat="35.815709" lon="139.058084">
<ele>1167.743001</ele>
<time>2026-05-09T01:33:05Z</time>
<speed>1.461002</speed>
<trueHeading>0.000000</trueHeading>
<magneticHeading>0.000000</magneticHeading>
<gpsHeading>326.115479</gpsHeading>
<haccuracy>7.003000</haccuracy>
<vaccuracy>7.003000</vaccuracy>
<internetconnect>0</internetconnect>
</trkpt>
<trkpt lat="35.815827" lon="139.057970">
<ele>1165.814980</ele>
<time>2026-05-09T01:33:43Z</time>
<speed>0.920000</speed>
<trueHeading>0.000000</trueHeading>
<magneticHeading>0.000000</magneticHeading>
<gpsHeading>321.947906</gpsHeading>
<haccuracy>10.805000</haccuracy>
<vaccuracy>10.805000</vaccuracy>
<internetconnect>0</internetconnect>
</trkpt>
<trkpt lat="35.815928" lon="139.058104">
<ele>1165.579644</ele>
<time>2026-05-09T01:34:07Z</time>
<speed>0.530000</speed>
<trueHeading>0.000000</trueHeading>
<magneticHeading>0.000000</magneticHeading>
<gpsHeading>47.496990</gpsHeading>
<haccuracy>12.242000</haccuracy>
<vaccuracy>12.242000</vaccuracy>
<internetconnect>0</internetconnect>
</trkpt>
<trkpt lat="35.815981" lon="139.058211">
<ele>1164.879038</ele>
<time>2026-05-09T01:35:08Z</time>
<speed>0.000000</speed>
<trueHeading>0.000000</trueHeading>
<magneticHeading>0.000000</magneticHeading>
<gpsHeading>58.462421</gpsHeading>
<haccuracy>10.502000</haccuracy>
<vaccuracy>10.502000</vaccuracy>
<internetconnect>0</internetconnect>
</trkpt>
<trkpt lat="35.816115" lon="139.058278">
<ele>1165.621447</ele>
<time>2026-05-09T01:35:46Z</time>
<speed>0.460000</speed>
<trueHeading>0.000000</trueHeading>
<magneticHeading>0.000000</magneticHeading>
<gpsHeading>22.248266</gpsHeading>
<haccuracy>10.629000</haccuracy>
<vaccuracy>10.629000</vaccuracy>
<internetconnect>0</internetconnect>
</trkpt>
<trkpt lat="35.816145" lon="139.058286">
<ele>1165.965579</ele>
<time>2026-05-09T01:36:11Z</time>
<speed>0.700000</speed>
<trueHeading>0.000000</trueHeading>
<magneticHeading>0.000000</magneticHeading>
<gpsHeading>1.456259</gpsHeading>
<haccuracy>10.904000</haccuracy>
<vaccuracy>10.904000</vaccuracy>
<internetconnect>2</internetconnect>
</trkpt>
<trkpt lat="35.816221" lon="139.058324">
<ele>1162.485339</ele>
<time>2026-05-09T01:36:48Z</time>
<speed>0.180000</speed>
<trueHeading>0.000000</trueHeading>
<magneticHeading>0.000000</magneticHeading>
<gpsHeading>19.191519</gpsHeading>
<haccuracy>10.578000</haccuracy>
<vaccuracy>10.578000</vaccuracy>
<internetconnect>0</internetconnect>
</trkpt>
<trkpt lat="35.816327" lon="139.058212">
<ele>1161.718898</ele>
<time>2026-05-09T01:37:49Z</time>
<speed>0.270000</speed>
<trueHeading>0.000000</trueHeading>
<magneticHeading>0.000000</magneticHeading>
<gpsHeading>319.153320</gpsHeading>
<haccuracy>10.443000</haccuracy>
<vaccuracy>10.443000</vaccuracy>
<internetconnect>0</internetconnect>
</trkpt>
<trkpt lat="35.816284" lon="139.058201">
<ele>1158.589006</ele>
<time>2026-05-09T01:38:51Z</time>
<speed>0.000000</speed>
<trueHeading>0.000000</trueHeading>
<magneticHeading>0.000000</magneticHeading>
<gpsHeading>191.694901</gpsHeading>
<haccuracy>10.758000</haccuracy>
<vaccuracy>10.758000</vaccuracy>
<internetconnect>0</internetconnect>
</trkpt>
<trkpt lat="35.816207" lon="139.058187">
<ele>1159.365536</ele>
<time>2026-05-09T01:39:52Z</time>
<speed>0.740000</speed>
<trueHeading>0.000000</trueHeading>
<magneticHeading>0.000000</magneticHeading>
<gpsHeading>188.333694</gpsHeading>
<haccuracy>10.732000</haccuracy>
<vaccuracy>10.732000</vaccuracy>
<internetconnect>0</internetconnect>
</trkpt>
<trkpt lat="35.816269" lon="139.058134">
<ele>1161.485859</ele>
<time>2026-05-09T01:40:13Z</time>
<speed>0.000000</speed>
<trueHeading>0.000000</trueHeading>
<magneticHeading>0.000000</magneticHeading>
<gpsHeading>315.040649</gpsHeading>
<haccuracy>10.576000</haccuracy>
<vaccuracy>10.576000</vaccuracy>
<internetconnect>2</internetconnect>
</trkpt>
<trkpt lat="35.816305" lon="139.058164">
<ele>1161.920253</ele>
<time>2026-05-09T01:40:53Z</time>
<speed>0.000000</speed>
<trueHeading>0.000000</trueHeading>
<magneticHeading>0.000000</magneticHeading>
<gpsHeading>349.189758</gpsHeading>
<haccuracy>10.286000</haccuracy>
<vaccuracy>10.286000</vaccuracy>
<internetconnect>0</internetconnect>
</trkpt>
<trkpt lat="35.816266" lon="139.058032">
<ele>1166.134974</ele>
<time>2026-05-09T01:41:55Z</time>
<speed>0.000000</speed>
<trueHeading>0.000000</trueHeading>
<magneticHeading>0.000000</magneticHeading>
<gpsHeading>250.066757</gpsHeading>
<haccuracy>9.946000</haccuracy>
<vaccuracy>9.946000</vaccuracy>
<internetconnect>0</internetconnect>
</trkpt>
<trkpt lat="35.816312" lon="139.058040">
<ele>1168.674551</ele>
<time>2026-05-09T01:42:56Z</time>
<speed>0.000000</speed>
<trueHeading>0.000000</trueHeading>
<magneticHeading>0.000000</magneticHeading>
<gpsHeading>8.061831</gpsHeading>
<haccuracy>10.173000</haccuracy>
<vaccuracy>10.173000</vaccuracy>
<internetconnect>0</internetconnect>
</trkpt>
<trkpt lat="35.816308" lon="139.058034">
<ele>1166.386092</ele>
<time>2026-05-09T01:43:58Z</time>
<speed>0.000000</speed>
<trueHeading>0.000000</trueHeading>
<magneticHeading>0.000000</magneticHeading>
<gpsHeading>225.387589</gpsHeading>
<haccuracy>10.383000</haccuracy>
<vaccuracy>10.383000</vaccuracy>
<internetconnect>0</internetconnect>
</trkpt>
<trkpt lat="35.816301" lon="139.058066">
<ele>1166.546761</ele>
<time>2026-05-09T01:44:15Z</time>
<speed>0.000000</speed>
<trueHeading>0.000000</trueHeading>
<magneticHeading>0.000000</magneticHeading>
<gpsHeading>300.274841</gpsHeading>
<haccuracy>10.276000</haccuracy>
<vaccuracy>10.276000</vaccuracy>
<internetconnect>2</internetconnect>
</trkpt>
<trkpt lat="35.816348" lon="139.058031">
<ele>1162.296835</ele>
<time>2026-05-09T01:44:59Z</time>
<speed>0.240000</speed>
<trueHeading>0.000000</trueHeading>
<magneticHeading>0.000000</magneticHeading>
<gpsHeading>356.324982</gpsHeading>
<haccuracy>11.318000</haccuracy>
<vaccuracy>11.318000</vaccuracy>
<internetconnect>0</internetconnect>
</trkpt>
<trkpt lat="35.816491" lon="139.057983">
<ele>1161.002249</ele>
<time>2026-05-09T01:45:52Z</time>
<speed>0.390000</speed>
<trueHeading>0.000000</trueHeading>
<magneticHeading>0.000000</magneticHeading>
<gpsHeading>344.591064</gpsHeading>
<haccuracy>10.976000</haccuracy>
<vaccuracy>10.976000</vaccuracy>
<internetconnect>0</internetconnect>
</trkpt>
<trkpt lat="35.816631" lon="139.057957">
<ele>1165.041317</ele>
<time>2026-05-09T01:46:54Z</time>
<speed>0.000000</speed>
<trueHeading>0.000000</trueHeading>
<magneticHeading>0.000000</magneticHeading>
<gpsHeading>351.477905</gpsHeading>
<haccuracy>10.663000</haccuracy>
<vaccuracy>10.663000</vaccuracy>
<internetconnect>0</internetconnect>
</trkpt>
<trkpt lat="35.816634" lon="139.057942">
<ele>1165.723046</ele>
<time>2026-05-09T01:47:56Z</time>
<speed>0.150000</speed>
<trueHeading>0.000000</trueHeading>
<magneticHeading>0.000000</magneticHeading>
<gpsHeading>283.156403</gpsHeading>
<haccuracy>10.185000</haccuracy>
<vaccuracy>10.185000</vaccuracy>
<internetconnect>0</internetconnect>
</trkpt>
<trkpt lat="35.816654" lon="139.057962">
<ele>1165.792818</ele>
<time>2026-05-09T01:48:17Z</time>
<speed>0.000000</speed>
<trueHeading>0.000000</trueHeading>
<magneticHeading>0.000000</magneticHeading>
<gpsHeading>346.581970</gpsHeading>
<haccuracy>10.166000</haccuracy>
<vaccuracy>10.166000</vaccuracy>
<internetconnect>2</internetconnect>
</trkpt>
<trkpt lat="35.816678" lon="139.057968">
<ele>1166.879388</ele>
<time>2026-05-09T01:48:57Z</time>
<speed>0.320000</speed>
<trueHeading>0.000000</trueHeading>
<magneticHeading>0.000000</magneticHeading>
<gpsHeading>26.441097</gpsHeading>
<haccuracy>10.552000</haccuracy>
<vaccuracy>10.552000</vaccuracy>
<internetconnect>0</internetconnect>
</trkpt>
<trkpt lat="35.816746" lon="139.057968">
<ele>1169.697536</ele>
<time>2026-05-09T01:49:59Z</time>
<speed>0.170000</speed>
<trueHeading>0.000000</trueHeading>
<magneticHeading>0.000000</magneticHeading>
<gpsHeading>359.728302</gpsHeading>
<haccuracy>11.185000</haccuracy>
<vaccuracy>11.185000</vaccuracy>
<internetconnect>0</internetconnect>
</trkpt>
<trkpt lat="35.816750" lon="139.058051">
<ele>1170.941518</ele>
<time>2026-05-09T01:51:00Z</time>
<speed>0.670000</speed>
<trueHeading>0.000000</trueHeading>
<magneticHeading>0.000000</magneticHeading>
<gpsHeading>87.037392</gpsHeading>
<haccuracy>10.528000</haccuracy>
<vaccuracy>10.528000</vaccuracy>
<internetconnect>0</internetconnect>
</trkpt>
<trkpt lat="35.816819" lon="139.057917">
<ele>1176.532021</ele>
<time>2026-05-09T01:52:02Z</time>
<speed>0.000000</speed>
<trueHeading>0.000000</trueHeading>
<magneticHeading>0.000000</magneticHeading>
<gpsHeading>302.621460</gpsHeading>
<haccuracy>10.515000</haccuracy>
<vaccuracy>10.515000</vaccuracy>
<internetconnect>0</internetconnect>
</trkpt>
<trkpt lat="35.816880" lon="139.057909">
<ele>1177.794406</ele>
<time>2026-05-09T01:52:19Z</time>
<speed>0.160000</speed>
<trueHeading>0.000000</trueHeading>
<magneticHeading>0.000000</magneticHeading>
<gpsHeading>349.278534</gpsHeading>
<haccuracy>10.201000</haccuracy>
<vaccuracy>10.201000</vaccuracy>
<internetconnect>2</internetconnect>
</trkpt>
<trkpt lat="35.816954" lon="139.057986">
<ele>1178.689585</ele>
<time>2026-05-09T01:52:48Z</time>
<speed>0.360000</speed>
<trueHeading>0.000000</trueHeading>
<magneticHeading>0.000000</magneticHeading>
<gpsHeading>22.305939</gpsHeading>
<haccuracy>10.324000</haccuracy>
<vaccuracy>10.324000</vaccuracy>
<internetconnect>0</internetconnect>
</trkpt>
<trkpt lat="35.817016" lon="139.057820">
<ele>1182.491531</ele>
<time>2026-05-09T01:53:49Z</time>
<speed>0.000000</speed>
<trueHeading>0.000000</trueHeading>
<magneticHeading>0.000000</magneticHeading>
<gpsHeading>294.590057</gpsHeading>
<haccuracy>10.351000</haccuracy>
<vaccuracy>10.351000</vaccuracy>
<internetconnect>0</internetconnect>
</trkpt>
<trkpt lat="35.817071" lon="139.057698">
<ele>1184.498508</ele>
<time>2026-05-09T01:54:51Z</time>
<speed>1.240000</speed>
<trueHeading>0.000000</trueHeading>
<magneticHeading>0.000000</magneticHeading>
<gpsHeading>299.112122</gpsHeading>
<haccuracy>10.583000</haccuracy>
<vaccuracy>10.583000</vaccuracy>
<internetconnect>0</internetconnect>
</trkpt>
<trkpt lat="35.817092" lon="139.057641">
<ele>1189.803537</ele>
<time>2026-05-09T01:55:52Z</time>
<speed>0.210000</speed>
<trueHeading>0.000000</trueHeading>
<magneticHeading>0.000000</magneticHeading>
<gpsHeading>294.563507</gpsHeading>
<haccuracy>10.374000</haccuracy>
<vaccuracy>10.374000</vaccuracy>
<internetconnect>0</internetconnect>
</trkpt>
<trkpt lat="35.817101" lon="139.057597">
<ele>1192.080902</ele>
<time>2026-05-09T01:56:20Z</time>
<speed>0.000000</speed>
<trueHeading>0.000000</trueHeading>
<magneticHeading>0.000000</magneticHeading>
<gpsHeading>311.114502</gpsHeading>
<haccuracy>10.405000</haccuracy>
<vaccuracy>10.405000</vaccuracy>
<internetconnect>2</internetconnect>
</trkpt>
<trkpt lat="35.817060" lon="139.057546">
<ele>1193.703953</ele>
<time>2026-05-09T01:56:54Z</time>
<speed>0.000000</speed>
<trueHeading>0.000000</trueHeading>
<magneticHeading>0.000000</magneticHeading>
<gpsHeading>247.315338</gpsHeading>
<haccuracy>10.307000</haccuracy>
<vaccuracy>10.307000</vaccuracy>
<internetconnect>0</internetconnect>
</trkpt>
<trkpt lat="35.817170" lon="139.057451">
<ele>1197.771033</ele>
<time>2026-05-09T01:57:55Z</time>
<speed>0.000000</speed>
<trueHeading>0.000000</trueHeading>
<magneticHeading>0.000000</magneticHeading>
<gpsHeading>325.129883</gpsHeading>
<haccuracy>10.334000</haccuracy>
<vaccuracy>10.334000</vaccuracy>
<internetconnect>0</internetconnect>
</trkpt>
<trkpt lat="35.817110" lon="139.057280">
<ele>1201.671467</ele>
<time>2026-05-09T01:58:31Z</time>
<speed>0.920000</speed>
<trueHeading>0.000000</trueHeading>
<magneticHeading>0.000000</magneticHeading>
<gpsHeading>246.601532</gpsHeading>
<haccuracy>10.143000</haccuracy>
<vaccuracy>10.143000</vaccuracy>
<internetconnect>0</internetconnect>
</trkpt>
<trkpt lat="35.817162" lon="139.057177">
<ele>1204.217158</ele>
<time>2026-05-09T01:59:33Z</time>
<speed>0.300690</speed>
<trueHeading>0.000000</trueHeading>
<magneticHeading>0.000000</magneticHeading>
<gpsHeading>301.957275</gpsHeading>
<haccuracy>4.472000</haccuracy>
<vaccuracy>4.472000</vaccuracy>
<internetconnect>0</internetconnect>
</trkpt>
<trkpt lat="35.817273" lon="139.057067">
<ele>1204.021170</ele>
<time>2026-05-09T02:00:22Z</time>
<speed>0.488048</speed>
<trueHeading>0.000000</trueHeading>
<magneticHeading>0.000000</magneticHeading>
<gpsHeading>291.861908</gpsHeading>
<haccuracy>6.744000</haccuracy>
<vaccuracy>6.744000</vaccuracy>
<internetconnect>2</internetconnect>
</trkpt>
<trkpt lat="35.817289" lon="139.057092">
<ele>1203.740285</ele>
<time>2026-05-09T02:00:30Z</time>
<speed>0.266653</speed>
<trueHeading>0.000000</trueHeading>
<magneticHeading>0.000000</magneticHeading>
<gpsHeading>331.293976</gpsHeading>
<haccuracy>4.664000</haccuracy>
<vaccuracy>4.664000</vaccuracy>
<internetconnect>0</internetconnect>
</trkpt>
<trkpt lat="35.817436" lon="139.057065">
<ele>1204.966734</ele>
<time>2026-05-09T02:01:20Z</time>
<speed>0.111044</speed>
<trueHeading>0.000000</trueHeading>
<magneticHeading>0.000000</magneticHeading>
<gpsHeading>351.697632</gpsHeading>
<haccuracy>3.953000</haccuracy>
<vaccuracy>3.953000</vaccuracy>
<internetconnect>0</internetconnect>
</trkpt>
<trkpt lat="35.817537" lon="139.056939">
<ele>1207.102312</ele>
<time>2026-05-09T02:02:02Z</time>
<speed>0.104340</speed>
<trueHeading>0.000000</trueHeading>
<magneticHeading>0.000000</magneticHeading>
<gpsHeading>314.725830</gpsHeading>
<haccuracy>5.095000</haccuracy>
<vaccuracy>5.095000</vaccuracy>
<internetconnect>0</internetconnect>
</trkpt>
<trkpt lat="35.817599" lon="139.056888">
<ele>1203.914096</ele>
<time>2026-05-09T02:03:03Z</time>
<speed>0.114832</speed>
<trueHeading>0.000000</trueHeading>
<magneticHeading>0.000000</magneticHeading>
<gpsHeading>326.394775</gpsHeading>
<haccuracy>4.540000</haccuracy>
<vaccuracy>4.540000</vaccuracy>
<internetconnect>0</internetconnect>
</trkpt>
<trkpt lat="35.817638" lon="139.056879">
<ele>1204.564279</ele>
<time>2026-05-09T02:04:05Z</time>
<speed>0.157729</speed>
<trueHeading>0.000000</trueHeading>
<magneticHeading>0.000000</magneticHeading>
<gpsHeading>349.312714</gpsHeading>
<haccuracy>6.315000</haccuracy>
<vaccuracy>6.315000</vaccuracy>
<internetconnect>0</internetconnect>
</trkpt>
<trkpt lat="35.817635" lon="139.056882">
<ele>1205.194502</ele>
<time>2026-05-09T02:04:24Z</time>
<speed>0.421700</speed>
<trueHeading>0.000000</trueHeading>
<magneticHeading>0.000000</magneticHeading>
<gpsHeading>337.556274</gpsHeading>
<haccuracy>5.105000</haccuracy>
<vaccuracy>5.105000</vaccuracy>
<internetconnect>2</internetconnect>
</trkpt>
<trkpt lat="35.817742" lon="139.056749">
<ele>1207.179872</ele>
<time>2026-05-09T02:04:56Z</time>
<speed>0.530000</speed>
<trueHeading>0.000000</trueHeading>
<magneticHeading>0.000000</magneticHeading>
<gpsHeading>314.667725</gpsHeading>
<haccuracy>11.219000</haccuracy>
<vaccuracy>11.219000</vaccuracy>
<internetconnect>0</internetconnect>
</trkpt>
<trkpt lat="35.817869" lon="139.056652">
<ele>1207.992900</ele>
<time>2026-05-09T02:05:51Z</time>
<speed>0.000000</speed>
<trueHeading>0.000000</trueHeading>
<magneticHeading>0.000000</magneticHeading>
<gpsHeading>328.225677</gpsHeading>
<haccuracy>10.809000</haccuracy>
<vaccuracy>10.809000</vaccuracy>
<internetconnect>0</internetconnect>
</trkpt>
<trkpt lat="35.817900" lon="139.056601">
<ele>1206.720257</ele>
<time>2026-05-09T02:06:53Z</time>
<speed>0.000000</speed>
<trueHeading>0.000000</trueHeading>
<magneticHeading>0.000000</magneticHeading>
<gpsHeading>307.255524</gpsHeading>
<haccuracy>11.008000</haccuracy>
<vaccuracy>11.008000</vaccuracy>
<internetconnect>0</internetconnect>
</trkpt>
<trkpt lat="35.817972" lon="139.056533">
<ele>1210.893806</ele>
<time>2026-05-09T02:07:55Z</time>
<speed>0.000000</speed>
<trueHeading>0.000000</trueHeading>
<magneticHeading>0.000000</magneticHeading>
<gpsHeading>322.637787</gpsHeading>
<haccuracy>10.738000</haccuracy>
<vaccuracy>10.738000</vaccuracy>
<internetconnect>0</internetconnect>
</trkpt>
<trkpt lat="35.817975" lon="139.056603">
<ele>1211.083642</ele>
<time>2026-05-09T02:08:26Z</time>
<speed>0.000000</speed>
<trueHeading>0.000000</trueHeading>
<magneticHeading>0.000000</magneticHeading>
<gpsHeading>326.270599</gpsHeading>
<haccuracy>11.578000</haccuracy>
<vaccuracy>11.578000</vaccuracy>
<internetconnect>2</internetconnect>
</trkpt>
<trkpt lat="35.818059" lon="139.056685">
<ele>1210.195427</ele>
<time>2026-05-09T02:08:49Z</time>
<speed>1.070000</speed>
<trueHeading>0.000000</trueHeading>
<magneticHeading>0.000000</magneticHeading>
<gpsHeading>54.805336</gpsHeading>
<haccuracy>11.779000</haccuracy>
<vaccuracy>11.779000</vaccuracy>
<internetconnect>0</internetconnect>
</trkpt>
<trkpt lat="35.818179" lon="139.056638">
<ele>1209.679766</ele>
<time>2026-05-09T02:09:51Z</time>
<speed>0.134289</speed>
<trueHeading>0.000000</trueHeading>
<magneticHeading>0.000000</magneticHeading>
<gpsHeading>342.378998</gpsHeading>
<haccuracy>4.847000</haccuracy>
<vaccuracy>4.847000</vaccuracy>
<internetconnect>0</internetconnect>
</trkpt>
<trkpt lat="35.818211" lon="139.056585">
<ele>1211.702793</ele>
<time>2026-05-09T02:10:52Z</time>
<speed>0.297210</speed>
<trueHeading>0.000000</trueHeading>
<magneticHeading>0.000000</magneticHeading>
<gpsHeading>306.376984</gpsHeading>
<haccuracy>5.249000</haccuracy>
<vaccuracy>5.249000</vaccuracy>
<internetconnect>0</internetconnect>
</trkpt>
<trkpt lat="35.818251" lon="139.056762">
<ele>1211.368189</ele>
<time>2026-05-09T02:11:29Z</time>
<speed>0.180232</speed>
<trueHeading>0.000000</trueHeading>
<magneticHeading>0.000000</magneticHeading>
<gpsHeading>74.422211</gpsHeading>
<haccuracy>4.409000</haccuracy>
<vaccuracy>4.409000</vaccuracy>
<internetconnect>0</internetconnect>
</trkpt>
<trkpt lat="35.818259" lon="139.056942">
<ele>1211.431373</ele>
<time>2026-05-09T02:12:08Z</time>
<speed>0.179720</speed>
<trueHeading>0.000000</trueHeading>
<magneticHeading>0.000000</magneticHeading>
<gpsHeading>86.827126</gpsHeading>
<haccuracy>4.130000</haccuracy>
<vaccuracy>4.130000</vaccuracy>
<internetconnect>0</internetconnect>
</trkpt>
<trkpt lat="35.818273" lon="139.057007">
<ele>1212.613789</ele>
<time>2026-05-09T02:12:27Z</time>
<speed>0.130665</speed>
<trueHeading>0.000000</trueHeading>
<magneticHeading>0.000000</magneticHeading>
<gpsHeading>47.753315</gpsHeading>
<haccuracy>4.211000</haccuracy>
<vaccuracy>4.211000</vaccuracy>
<internetconnect>2</internetconnect>
</trkpt>
<trkpt lat="35.818314" lon="139.057107">
<ele>1214.235288</ele>
<time>2026-05-09T02:12:51Z</time>
<speed>0.450329</speed>
<trueHeading>0.000000</trueHeading>
<magneticHeading>0.000000</magneticHeading>
<gpsHeading>67.495171</gpsHeading>
<haccuracy>5.007000</haccuracy>
<vaccuracy>5.007000</vaccuracy>
<internetconnect>0</internetconnect>
</trkpt>
<trkpt lat="35.818373" lon="139.057270">
<ele>1217.545868</ele>
<time>2026-05-09T02:13:45Z</time>
<speed>0.236369</speed>
<trueHeading>0.000000</trueHeading>
<magneticHeading>0.000000</magneticHeading>
<gpsHeading>66.138718</gpsHeading>
<haccuracy>4.599000</haccuracy>
<vaccuracy>4.599000</vaccuracy>
<internetconnect>0</internetconnect>
</trkpt>
<trkpt lat="35.818403" lon="139.057406">
<ele>1215.008847</ele>
<time>2026-05-09T02:14:46Z</time>
<speed>0.056158</speed>
<trueHeading>0.000000</trueHeading>
<magneticHeading>0.000000</magneticHeading>
<gpsHeading>74.384491</gpsHeading>
<haccuracy>4.866000</haccuracy>
<vaccuracy>4.866000</vaccuracy>
<internetconnect>0</internetconnect>
</trkpt>
<trkpt lat="35.818426" lon="139.057319">
<ele>1217.417689</ele>
<time>2026-05-09T02:15:48Z</time>
<speed>0.083813</speed>
<trueHeading>0.000000</trueHeading>
<magneticHeading>0.000000</magneticHeading>
<gpsHeading>287.960846</gpsHeading>
<haccuracy>5.553000</haccuracy>
<vaccuracy>5.553000</vaccuracy>
<internetconnect>0</internetconnect>
</trkpt>
<trkpt lat="35.818566" lon="139.057268">
<ele>1216.954728</ele>
<time>2026-05-09T02:16:24Z</time>
<speed>0.172721</speed>
<trueHeading>0.000000</trueHeading>
<magneticHeading>0.000000</magneticHeading>
<gpsHeading>343.509949</gpsHeading>
<haccuracy>4.405000</haccuracy>
<vaccuracy>4.405000</vaccuracy>
<internetconnect>0</internetconnect>
</trkpt>
<trkpt lat="35.818605" lon="139.057297">
<ele>1217.147432</ele>
<time>2026-05-09T02:16:29Z</time>
<speed>0.511355</speed>
<trueHeading>0.000000</trueHeading>
<magneticHeading>0.000000</magneticHeading>
<gpsHeading>35.320240</gpsHeading>
<haccuracy>4.772000</haccuracy>
<vaccuracy>4.772000</vaccuracy>
<internetconnect>2</internetconnect>
</trkpt>
<trkpt lat="35.818681" lon="139.057382">
<ele>1214.944046</ele>
<time>2026-05-09T02:17:08Z</time>
<speed>0.179205</speed>
<trueHeading>0.000000</trueHeading>
<magneticHeading>0.000000</magneticHeading>
<gpsHeading>39.013195</gpsHeading>
<haccuracy>4.370000</haccuracy>
<vaccuracy>4.370000</vaccuracy>
<internetconnect>0</internetconnect>
</trkpt>
<trkpt lat="35.818732" lon="139.057373">
<ele>1213.513530</ele>
<time>2026-05-09T02:18:09Z</time>
<speed>0.090145</speed>
<trueHeading>0.000000</trueHeading>
<magneticHeading>0.000000</magneticHeading>
<gpsHeading>352.185059</gpsHeading>
<haccuracy>4.326000</haccuracy>
<vaccuracy>4.326000</vaccuracy>
<internetconnect>0</internetconnect>
</trkpt>
<trkpt lat="35.818847" lon="139.057481">
<ele>1216.381766</ele>
<time>2026-05-09T02:19:06Z</time>
<speed>0.088890</speed>
<trueHeading>0.000000</trueHeading>
<magneticHeading>0.000000</magneticHeading>
<gpsHeading>37.289799</gpsHeading>
<haccuracy>4.428000</haccuracy>
<vaccuracy>4.428000</vaccuracy>
<internetconnect>0</internetconnect>
</trkpt>
<trkpt lat="35.818970" lon="139.057587">
<ele>1218.243046</ele>
<time>2026-05-09T02:19:39Z</time>
<speed>0.111581</speed>
<trueHeading>0.000000</trueHeading>
<magneticHeading>0.000000</magneticHeading>
<gpsHeading>34.698704</gpsHeading>
<haccuracy>4.529000</haccuracy>
<vaccuracy>4.529000</vaccuracy>
<internetconnect>0</internetconnect>
</trkpt>
<trkpt lat="35.819071" lon="139.057661">
<ele>1220.098360</ele>
<time>2026-05-09T02:20:30Z</time>
<speed>0.075566</speed>
<trueHeading>0.000000</trueHeading>
<magneticHeading>0.000000</magneticHeading>
<gpsHeading>32.327320</gpsHeading>
<haccuracy>4.737000</haccuracy>
<vaccuracy>4.737000</vaccuracy>
<internetconnect>2</internetconnect>
</trkpt>
<trkpt lat="35.819096" lon="139.057681">
<ele>1219.995410</ele>
<time>2026-05-09T02:20:38Z</time>
<speed>0.211779</speed>
<trueHeading>0.000000</trueHeading>
<magneticHeading>0.000000</magneticHeading>
<gpsHeading>31.427128</gpsHeading>
<haccuracy>4.276000</haccuracy>
<vaccuracy>4.276000</vaccuracy>
<internetconnect>0</internetconnect>
</trkpt>
<trkpt lat="35.819216" lon="139.057788">
<ele>1221.318164</ele>
<time>2026-05-09T02:21:10Z</time>
<speed>0.173643</speed>
<trueHeading>0.000000</trueHeading>
<magneticHeading>0.000000</magneticHeading>
<gpsHeading>35.573647</gpsHeading>
<haccuracy>4.040000</haccuracy>
<vaccuracy>4.040000</vaccuracy>
<internetconnect>0</internetconnect>
</trkpt>
<trkpt lat="35.819331" lon="139.057854">
<ele>1223.624696</ele>
<time>2026-05-09T02:22:12Z</time>
<speed>0.024884</speed>
<trueHeading>0.000000</trueHeading>
<magneticHeading>0.000000</magneticHeading>
<gpsHeading>25.056454</gpsHeading>
<haccuracy>5.445000</haccuracy>
<vaccuracy>5.445000</vaccuracy>
<internetconnect>0</internetconnect>
</trkpt>
<trkpt lat="35.819395" lon="139.057856">
<ele>1222.660122</ele>
<time>2026-05-09T02:23:14Z</time>
<speed>0.153394</speed>
<trueHeading>0.000000</trueHeading>
<magneticHeading>0.000000</magneticHeading>
<gpsHeading>2.034915</gpsHeading>
<haccuracy>3.654000</haccuracy>
<vaccuracy>3.654000</vaccuracy>
<internetconnect>0</internetconnect>
</trkpt>
<trkpt lat="35.819395" lon="139.058035">
<ele>1216.116630</ele>
<time>2026-05-09T02:24:11Z</time>
<speed>0.670000</speed>
<trueHeading>0.000000</trueHeading>
<magneticHeading>0.000000</magneticHeading>
<gpsHeading>90.000000</gpsHeading>
<haccuracy>10.532000</haccuracy>
<vaccuracy>10.532000</vaccuracy>
<internetconnect>0</internetconnect>
</trkpt>
<trkpt lat="35.819401" lon="139.057991">
<ele>1214.197324</ele>
<time>2026-05-09T02:24:31Z</time>
<speed>0.000000</speed>
<trueHeading>0.000000</trueHeading>
<magneticHeading>0.000000</magneticHeading>
<gpsHeading>39.054493</gpsHeading>
<haccuracy>10.230000</haccuracy>
<vaccuracy>10.230000</vaccuracy>
<internetconnect>2</internetconnect>
</trkpt>
<trkpt lat="35.819381" lon="139.058011">
<ele>1215.219397</ele>
<time>2026-05-09T02:25:12Z</time>
<speed>0.000000</speed>
<trueHeading>0.000000</trueHeading>
<magneticHeading>0.000000</magneticHeading>
<gpsHeading>233.461243</gpsHeading>
<haccuracy>10.180000</haccuracy>
<vaccuracy>10.180000</vaccuracy>
<internetconnect>0</internetconnect>
</trkpt>
<trkpt lat="35.819438" lon="139.058118">
<ele>1211.102877</ele>
<time>2026-05-09T02:26:14Z</time>
<speed>0.000000</speed>
<trueHeading>0.000000</trueHeading>
<magneticHeading>0.000000</magneticHeading>
<gpsHeading>56.498875</gpsHeading>
<haccuracy>10.529000</haccuracy>
<vaccuracy>10.529000</vaccuracy>
<internetconnect>0</internetconnect>
</trkpt>
<trkpt lat="35.819447" lon="139.058139">
<ele>1209.495802</ele>
<time>2026-05-09T02:27:15Z</time>
<speed>0.000000</speed>
<trueHeading>0.000000</trueHeading>
<magneticHeading>0.000000</magneticHeading>
<gpsHeading>61.555233</gpsHeading>
<haccuracy>12.516000</haccuracy>
<vaccuracy>12.516000</vaccuracy>
<internetconnect>0</internetconnect>
</trkpt>
<trkpt lat="35.819538" lon="139.058034">
<ele>1210.503137</ele>
<time>2026-05-09T02:28:16Z</time>
<speed>0.000000</speed>
<trueHeading>0.000000</trueHeading>
<magneticHeading>0.000000</magneticHeading>
<gpsHeading>316.827911</gpsHeading>
<haccuracy>10.280000</haccuracy>
<vaccuracy>10.280000</vaccuracy>
<internetconnect>0</internetconnect>
</trkpt>
<trkpt lat="35.819520" lon="139.058036">
<ele>1211.111073</ele>
<time>2026-05-09T02:28:32Z</time>
<speed>0.000000</speed>
<trueHeading>0.000000</trueHeading>
<magneticHeading>0.000000</magneticHeading>
<gpsHeading>17.184591</gpsHeading>
<haccuracy>10.692000</haccuracy>
<vaccuracy>10.692000</vaccuracy>
<internetconnect>2</internetconnect>
</trkpt>
<trkpt lat="35.819581" lon="139.058163">
<ele>1206.888788</ele>
<time>2026-05-09T02:29:18Z</time>
<speed>0.000000</speed>
<trueHeading>0.000000</trueHeading>
<magneticHeading>0.000000</magneticHeading>
<gpsHeading>67.839592</gpsHeading>
<haccuracy>12.122000</haccuracy>
<vaccuracy>12.122000</vaccuracy>
<internetconnect>0</internetconnect>
</trkpt>
<trkpt lat="35.819714" lon="139.058072">
<ele>1207.362894</ele>
<time>2026-05-09T02:30:18Z</time>
<speed>0.000000</speed>
<trueHeading>0.000000</trueHeading>
<magneticHeading>0.000000</magneticHeading>
<gpsHeading>330.736664</gpsHeading>
<haccuracy>11.011000</haccuracy>
<vaccuracy>11.011000</vaccuracy>
<internetconnect>0</internetconnect>
</trkpt>
<trkpt lat="35.819733" lon="139.058093">
<ele>1205.290575</ele>
<time>2026-05-09T02:31:19Z</time>
<speed>0.000000</speed>
<trueHeading>0.000000</trueHeading>
<magneticHeading>0.000000</magneticHeading>
<gpsHeading>42.091259</gpsHeading>
<haccuracy>11.561000</haccuracy>
<vaccuracy>11.561000</vaccuracy>
<internetconnect>0</internetconnect>
</trkpt>
<trkpt lat="35.819877" lon="139.058112">
<ele>1203.330339</ele>
<time>2026-05-09T02:32:02Z</time>
<speed>0.360000</speed>
<trueHeading>0.000000</trueHeading>
<magneticHeading>0.000000</magneticHeading>
<gpsHeading>6.187613</gpsHeading>
<haccuracy>11.382000</haccuracy>
<vaccuracy>11.382000</vaccuracy>
<internetconnect>0</internetconnect>
</trkpt>
<trkpt lat="35.819858" lon="139.058066">
<ele>1205.100875</ele>
<time>2026-05-09T02:32:34Z</time>
<speed>0.000000</speed>
<trueHeading>0.000000</trueHeading>
<magneticHeading>0.000000</magneticHeading>
<gpsHeading>4.131376</gpsHeading>
<haccuracy>10.534000</haccuracy>
<vaccuracy>10.534000</vaccuracy>
<internetconnect>2</internetconnect>
</trkpt>
<trkpt lat="35.819860" lon="139.058068">
<ele>1204.002476</ele>
<time>2026-05-09T02:33:03Z</time>
<speed>0.000000</speed>
<trueHeading>0.000000</trueHeading>
<magneticHeading>0.000000</magneticHeading>
<gpsHeading>245.131989</gpsHeading>
<haccuracy>10.216000</haccuracy>
<vaccuracy>10.216000</vaccuracy>
<internetconnect>0</internetconnect>
</trkpt>
<trkpt lat="35.819869" lon="139.058133">
<ele>1205.009505</ele>
<time>2026-05-09T02:34:06Z</time>
<speed>0.200000</speed>
<trueHeading>0.000000</trueHeading>
<magneticHeading>0.000000</magneticHeading>
<gpsHeading>80.444229</gpsHeading>
<haccuracy>10.233000</haccuracy>
<vaccuracy>10.233000</vaccuracy>
<internetconnect>0</internetconnect>
</trkpt>
<trkpt lat="35.819854" lon="139.058108">
<ele>1206.671561</ele>
<time>2026-05-09T02:35:07Z</time>
<speed>0.000000</speed>
<trueHeading>0.000000</trueHeading>
<magneticHeading>0.000000</magneticHeading>
<gpsHeading>234.503204</gpsHeading>
<haccuracy>10.640000</haccuracy>
<vaccuracy>10.640000</vaccuracy>
<internetconnect>0</internetconnect>
</trkpt>
<trkpt lat="35.819883" lon="139.057928">
<ele>1210.686335</ele>
<time>2026-05-09T02:35:50Z</time>
<speed>0.380000</speed>
<trueHeading>0.000000</trueHeading>
<magneticHeading>0.000000</magneticHeading>
<gpsHeading>281.287811</gpsHeading>
<haccuracy>10.497000</haccuracy>
<vaccuracy>10.497000</vaccuracy>
<internetconnect>0</internetconnect>
</trkpt>
<trkpt lat="35.819827" lon="139.057942">
<ele>1211.739321</ele>
<time>2026-05-09T02:36:36Z</time>
<speed>0.000000</speed>
<trueHeading>0.000000</trueHeading>
<magneticHeading>0.000000</magneticHeading>
<gpsHeading>253.255188</gpsHeading>
<haccuracy>10.631000</haccuracy>
<vaccuracy>10.631000</vaccuracy>
<internetconnect>2</internetconnect>
</trkpt>
<trkpt lat="35.819823" lon="139.057925">
<ele>1211.757202</ele>
<time>2026-05-09T02:36:51Z</time>
<speed>0.000000</speed>
<trueHeading>0.000000</trueHeading>
<magneticHeading>0.000000</magneticHeading>
<gpsHeading>182.214859</gpsHeading>
<haccuracy>10.272000</haccuracy>
<vaccuracy>10.272000</vaccuracy>
<internetconnect>0</internetconnect>
</trkpt>
<trkpt lat="35.819876" lon="139.057956">
<ele>1212.750425</ele>
<time>2026-05-09T02:37:52Z</time>
<speed>0.390000</speed>
<trueHeading>0.000000</trueHeading>
<magneticHeading>0.000000</magneticHeading>
<gpsHeading>25.013046</gpsHeading>
<haccuracy>10.935000</haccuracy>
<vaccuracy>10.935000</vaccuracy>
<internetconnect>0</internetconnect>
</trkpt>
<trkpt lat="35.819914" lon="139.057985">
<ele>1214.036350</ele>
<time>2026-05-09T02:38:53Z</time>
<speed>0.000000</speed>
<trueHeading>0.000000</trueHeading>
<magneticHeading>0.000000</magneticHeading>
<gpsHeading>31.668959</gpsHeading>
<haccuracy>10.534000</haccuracy>
<vaccuracy>10.534000</vaccuracy>
<internetconnect>0</internetconnect>
</trkpt>
<trkpt lat="35.819905" lon="139.057918">
<ele>1215.776579</ele>
<time>2026-05-09T02:39:55Z</time>
<speed>0.370000</speed>
<trueHeading>0.000000</trueHeading>
<magneticHeading>0.000000</magneticHeading>
<gpsHeading>261.197754</gpsHeading>
<haccuracy>11.466000</haccuracy>
<vaccuracy>11.466000</vaccuracy>
<internetconnect>0</internetconnect>
</trkpt>
<trkpt lat="35.819933" lon="139.057866">
<ele>1219.365072</ele>
<time>2026-05-09T02:40:38Z</time>
<speed>0.000000</speed>
<trueHeading>0.000000</trueHeading>
<magneticHeading>0.000000</magneticHeading>
<gpsHeading>329.869568</gpsHeading>
<haccuracy>10.618000</haccuracy>
<vaccuracy>10.618000</vaccuracy>
<internetconnect>2</internetconnect>
</trkpt>
<trkpt lat="35.819934" lon="139.057868">
<ele>1218.720966</ele>
<time>2026-05-09T02:40:56Z</time>
<speed>0.000000</speed>
<trueHeading>0.000000</trueHeading>
<magneticHeading>0.000000</magneticHeading>
<gpsHeading>305.521606</gpsHeading>
<haccuracy>10.395000</haccuracy>
<vaccuracy>10.395000</vaccuracy>
<internetconnect>0</internetconnect>
</trkpt>
<trkpt lat="35.819928" lon="139.057768">
<ele>1221.519407</ele>
<time>2026-05-09T02:41:58Z</time>
<speed>0.000000</speed>
<trueHeading>0.000000</trueHeading>
<magneticHeading>0.000000</magneticHeading>
<gpsHeading>265.384705</gpsHeading>
<haccuracy>10.976000</haccuracy>
<vaccuracy>10.976000</vaccuracy>
<internetconnect>0</internetconnect>
</trkpt>
<trkpt lat="35.819944" lon="139.057735">
<ele>1221.691307</ele>
<time>2026-05-09T02:42:59Z</time>
<speed>0.000000</speed>
<trueHeading>0.000000</trueHeading>
<magneticHeading>0.000000</magneticHeading>
<gpsHeading>301.502838</gpsHeading>
<haccuracy>11.277000</haccuracy>
<vaccuracy>11.277000</vaccuracy>
<internetconnect>0</internetconnect>
</trkpt>
<trkpt lat="35.819903" lon="139.057801">
<ele>1223.198915</ele>
<time>2026-05-09T02:44:01Z</time>
<speed>0.000000</speed>
<trueHeading>0.000000</trueHeading>
<magneticHeading>0.000000</magneticHeading>
<gpsHeading>127.929214</gpsHeading>
<haccuracy>10.950000</haccuracy>
<vaccuracy>10.950000</vaccuracy>
<internetconnect>0</internetconnect>
</trkpt>
<trkpt lat="35.819890" lon="139.057794">
<ele>1224.693665</ele>
<time>2026-05-09T02:44:39Z</time>
<speed>0.330000</speed>
<trueHeading>0.000000</trueHeading>
<magneticHeading>0.000000</magneticHeading>
<gpsHeading>233.411682</gpsHeading>
<haccuracy>11.103000</haccuracy>
<vaccuracy>11.103000</vaccuracy>
<internetconnect>2</internetconnect>
</trkpt>
<trkpt lat="35.819984" lon="139.057721">
<ele>1225.641717</ele>
<time>2026-05-09T02:45:02Z</time>
<speed>0.000000</speed>
<trueHeading>0.000000</trueHeading>
<magneticHeading>0.000000</magneticHeading>
<gpsHeading>321.520813</gpsHeading>
<haccuracy>11.795000</haccuracy>
<vaccuracy>11.795000</vaccuracy>
<internetconnect>0</internetconnect>
</trkpt>
<trkpt lat="35.819997" lon="139.057741">
<ele>1224.730050</ele>
<time>2026-05-09T02:46:04Z</time>
<speed>0.580000</speed>
<trueHeading>0.000000</trueHeading>
<magneticHeading>0.000000</magneticHeading>
<gpsHeading>49.640041</gpsHeading>
<haccuracy>10.243000</haccuracy>
<vaccuracy>10.243000</vaccuracy>
<internetconnect>0</internetconnect>
</trkpt>
<trkpt lat="35.819955" lon="139.057564">
<ele>1227.097621</ele>
<time>2026-05-09T02:46:58Z</time>
<speed>1.260000</speed>
<trueHeading>0.000000</trueHeading>
<magneticHeading>0.000000</magneticHeading>
<gpsHeading>253.616730</gpsHeading>
<haccuracy>10.579000</haccuracy>
<vaccuracy>10.579000</vaccuracy>
<internetconnect>0</internetconnect>
</trkpt>
<trkpt lat="35.820056" lon="139.057573">
<ele>1227.995992</ele>
<time>2026-05-09T02:47:59Z</time>
<speed>0.190000</speed>
<trueHeading>0.000000</trueHeading>
<magneticHeading>0.000000</magneticHeading>
<gpsHeading>4.278410</gpsHeading>
<haccuracy>10.680000</haccuracy>
<vaccuracy>10.680000</vaccuracy>
<internetconnect>0</internetconnect>
</trkpt>
<trkpt lat="35.820067" lon="139.057623">
<ele>1231.589850</ele>
<time>2026-05-09T02:48:41Z</time>
<speed>0.000000</speed>
<trueHeading>0.000000</trueHeading>
<magneticHeading>0.000000</magneticHeading>
<gpsHeading>321.890625</gpsHeading>
<haccuracy>11.322000</haccuracy>
<vaccuracy>11.322000</vaccuracy>
<internetconnect>2</internetconnect>
</trkpt>
<trkpt lat="35.820042" lon="139.057616">
<ele>1230.892362</ele>
<time>2026-05-09T02:49:01Z</time>
<speed>0.230000</speed>
<trueHeading>0.000000</trueHeading>
<magneticHeading>0.000000</magneticHeading>
<gpsHeading>111.772980</gpsHeading>
<haccuracy>11.161000</haccuracy>
<vaccuracy>11.161000</vaccuracy>
<internetconnect>0</internetconnect>
</trkpt>
<trkpt lat="35.820057" lon="139.057614">
<ele>1235.286657</ele>
<time>2026-05-09T02:50:03Z</time>
<speed>0.490000</speed>
<trueHeading>0.000000</trueHeading>
<magneticHeading>0.000000</magneticHeading>
<gpsHeading>355.484161</gpsHeading>
<haccuracy>11.690000</haccuracy>
<vaccuracy>11.690000</vaccuracy>
<internetconnect>0</internetconnect>
</trkpt>
<trkpt lat="35.820118" lon="139.057526">
<ele>1235.926221</ele>
<time>2026-05-09T02:51:04Z</time>
<speed>0.000000</speed>
<trueHeading>0.000000</trueHeading>
<magneticHeading>0.000000</magneticHeading>
<gpsHeading>310.401245</gpsHeading>
<haccuracy>10.480000</haccuracy>
<vaccuracy>10.480000</vaccuracy>
<internetconnect>0</internetconnect>
</trkpt>
<trkpt lat="35.820140" lon="139.057542">
<ele>1235.774150</ele>
<time>2026-05-09T02:52:06Z</time>
<speed>0.000000</speed>
<trueHeading>0.000000</trueHeading>
<magneticHeading>0.000000</magneticHeading>
<gpsHeading>31.305613</gpsHeading>
<haccuracy>10.792000</haccuracy>
<vaccuracy>10.792000</vaccuracy>
<internetconnect>0</internetconnect>
</trkpt>
<trkpt lat="35.820104" lon="139.057561">
<ele>1234.496331</ele>
<time>2026-05-09T02:52:42Z</time>
<speed>0.000000</speed>
<trueHeading>0.000000</trueHeading>
<magneticHeading>0.000000</magneticHeading>
<gpsHeading>305.844177</gpsHeading>
<haccuracy>10.489000</haccuracy>
<vaccuracy>10.489000</vaccuracy>
<internetconnect>2</internetconnect>
</trkpt>
<trkpt lat="35.820112" lon="139.057552">
<ele>1235.051883</ele>
<time>2026-05-09T02:53:07Z</time>
<speed>0.850000</speed>
<trueHeading>0.000000</trueHeading>
<magneticHeading>0.000000</magneticHeading>
<gpsHeading>164.823807</gpsHeading>
<haccuracy>10.201000</haccuracy>
<vaccuracy>10.201000</vaccuracy>
<internetconnect>0</internetconnect>
</trkpt>
<trkpt lat="35.820100" lon="139.057537">
<ele>1234.047957</ele>
<time>2026-05-09T02:54:09Z</time>
<speed>0.000000</speed>
<trueHeading>0.000000</trueHeading>
<magneticHeading>0.000000</magneticHeading>
<gpsHeading>224.415054</gpsHeading>
<haccuracy>9.935000</haccuracy>
<vaccuracy>9.935000</vaccuracy>
<internetconnect>0</internetconnect>
</trkpt>
<trkpt lat="35.820100" lon="139.057537">
<ele>1232.713858</ele>
<time>2026-05-09T02:55:10Z</time>
<speed>0.000000</speed>
<trueHeading>0.000000</trueHeading>
<magneticHeading>0.000000</magneticHeading>
<gpsHeading>140.962830</gpsHeading>
<haccuracy>9.935000</haccuracy>
<vaccuracy>9.935000</vaccuracy>
<internetconnect>0</internetconnect>
</trkpt>
<trkpt lat="35.820099" lon="139.057537">
<ele>1231.954895</ele>
<time>2026-05-09T02:56:12Z</time>
<speed>0.000000</speed>
<trueHeading>0.000000</trueHeading>
<magneticHeading>0.000000</magneticHeading>
<gpsHeading>195.124863</gpsHeading>
<haccuracy>9.935000</haccuracy>
<vaccuracy>9.935000</vaccuracy>
<internetconnect>0</internetconnect>
</trkpt>
<trkpt lat="35.820099" lon="139.057537">
<ele>1232.055112</ele>
<time>2026-05-09T02:56:43Z</time>
<speed>0.000000</speed>
<trueHeading>0.000000</trueHeading>
<magneticHeading>0.000000</magneticHeading>
<gpsHeading>255.753281</gpsHeading>
<haccuracy>9.935000</haccuracy>
<vaccuracy>9.935000</vaccuracy>
<internetconnect>2</internetconnect>
</trkpt>
<trkpt lat="35.820105" lon="139.057540">
<ele>1231.996266</ele>
<time>2026-05-09T02:57:14Z</time>
<speed>0.000000</speed>
<trueHeading>0.000000</trueHeading>
<magneticHeading>0.000000</magneticHeading>
<gpsHeading>19.577406</gpsHeading>
<haccuracy>9.935000</haccuracy>
<vaccuracy>9.935000</vaccuracy>
<internetconnect>0</internetconnect>
</trkpt>
<trkpt lat="35.820097" lon="139.057544">
<ele>1232.300845</ele>
<time>2026-05-09T02:58:16Z</time>
<speed>0.066395</speed>
<trueHeading>0.000000</trueHeading>
<magneticHeading>0.000000</magneticHeading>
<gpsHeading>158.177658</gpsHeading>
<haccuracy>6.596000</haccuracy>
<vaccuracy>6.596000</vaccuracy>
<internetconnect>0</internetconnect>
</trkpt>
<trkpt lat="35.820093" lon="139.057547">
<ele>1232.576022</ele>
<time>2026-05-09T02:59:17Z</time>
<speed>0.110551</speed>
<trueHeading>0.000000</trueHeading>
<magneticHeading>0.000000</magneticHeading>
<gpsHeading>142.510773</gpsHeading>
<haccuracy>4.789000</haccuracy>
<vaccuracy>4.789000</vaccuracy>
<internetconnect>0</internetconnect>
</trkpt>
<trkpt lat="35.820099" lon="139.057544">
<ele>1233.661399</ele>
<time>2026-05-09T03:00:18Z</time>
<speed>0.585070</speed>
<trueHeading>0.000000</trueHeading>
<magneticHeading>0.000000</magneticHeading>
<gpsHeading>339.641571</gpsHeading>
<haccuracy>6.541000</haccuracy>
<vaccuracy>6.541000</vaccuracy>
<internetconnect>0</internetconnect>
</trkpt>
<trkpt lat="35.820081" lon="139.057561">
<ele>1234.384741</ele>
<time>2026-05-09T03:00:45Z</time>
<speed>0.158570</speed>
<trueHeading>0.000000</trueHeading>
<magneticHeading>0.000000</magneticHeading>
<gpsHeading>132.688354</gpsHeading>
<haccuracy>4.272000</haccuracy>
<vaccuracy>4.272000</vaccuracy>
<internetconnect>2</internetconnect>
</trkpt>
<trkpt lat="35.820124" lon="139.057607">
<ele>1234.306615</ele>
<time>2026-05-09T03:01:20Z</time>
<speed>0.059416</speed>
<trueHeading>0.000000</trueHeading>
<magneticHeading>0.000000</magneticHeading>
<gpsHeading>63.597603</gpsHeading>
<haccuracy>4.417000</haccuracy>
<vaccuracy>4.417000</vaccuracy>
<internetconnect>0</internetconnect>
</trkpt>
<trkpt lat="35.820139" lon="139.057628">
<ele>1233.751429</ele>
<time>2026-05-09T03:02:21Z</time>
<speed>0.112033</speed>
<trueHeading>0.000000</trueHeading>
<magneticHeading>0.000000</magneticHeading>
<gpsHeading>48.487453</gpsHeading>
<haccuracy>4.450000</haccuracy>
<vaccuracy>4.450000</vaccuracy>
<internetconnect>0</internetconnect>
</trkpt>
<trkpt lat="35.820132" lon="139.057626">
<ele>1234.470371</ele>
<time>2026-05-09T03:03:22Z</time>
<speed>0.114921</speed>
<trueHeading>0.000000</trueHeading>
<magneticHeading>0.000000</magneticHeading>
<gpsHeading>188.839096</gpsHeading>
<haccuracy>4.746000</haccuracy>
<vaccuracy>4.746000</vaccuracy>
<internetconnect>0</internetconnect>
</trkpt>
<trkpt lat="35.820128" lon="139.057623">
<ele>1233.926598</ele>
<time>2026-05-09T03:04:24Z</time>
<speed>0.111675</speed>
<trueHeading>0.000000</trueHeading>
<magneticHeading>0.000000</magneticHeading>
<gpsHeading>214.924255</gpsHeading>
<haccuracy>4.945000</haccuracy>
<vaccuracy>4.945000</vaccuracy>
<internetconnect>0</internetconnect>
</trkpt>
<trkpt lat="35.820129" lon="139.057624">
<ele>1233.669740</ele>
<time>2026-05-09T03:04:46Z</time>
<speed>0.124041</speed>
<trueHeading>0.000000</trueHeading>
<magneticHeading>0.000000</magneticHeading>
<gpsHeading>46.140625</gpsHeading>
<haccuracy>4.731000</haccuracy>
<vaccuracy>4.731000</vaccuracy>
<internetconnect>2</internetconnect>
</trkpt>
<trkpt lat="35.820130" lon="139.057628">
<ele>1234.142421</ele>
<time>2026-05-09T03:05:25Z</time>
<speed>0.121426</speed>
<trueHeading>0.000000</trueHeading>
<magneticHeading>0.000000</magneticHeading>
<gpsHeading>60.842682</gpsHeading>
<haccuracy>4.761000</haccuracy>
<vaccuracy>4.761000</vaccuracy>
<internetconnect>0</internetconnect>
</trkpt>
<trkpt lat="35.820129" lon="139.057629">
<ele>1235.180561</ele>
<time>2026-05-09T03:06:26Z</time>
<speed>0.114167</speed>
<trueHeading>0.000000</trueHeading>
<magneticHeading>0.000000</magneticHeading>
<gpsHeading>124.749405</gpsHeading>
<haccuracy>4.774000</haccuracy>
<vaccuracy>4.774000</vaccuracy>
<internetconnect>0</internetconnect>
</trkpt>
<trkpt lat="35.820130" lon="139.057628">
<ele>1234.596576</ele>
<time>2026-05-09T03:07:27Z</time>
<speed>0.105855</speed>
<trueHeading>0.000000</trueHeading>
<magneticHeading>0.000000</magneticHeading>
<gpsHeading>312.125916</gpsHeading>
<haccuracy>4.802000</haccuracy>
<vaccuracy>4.802000</vaccuracy>
<internetconnect>0</internetconnect>
</trkpt>
<trkpt lat="35.820127" lon="139.057627">
<ele>1234.933608</ele>
<time>2026-05-09T03:08:29Z</time>
<speed>0.115397</speed>
<trueHeading>0.000000</trueHeading>
<magneticHeading>0.000000</magneticHeading>
<gpsHeading>191.777786</gpsHeading>
<haccuracy>4.849000</haccuracy>
<vaccuracy>4.849000</vaccuracy>
<internetconnect>0</internetconnect>
</trkpt>
<trkpt lat="35.820129" lon="139.057625">
<ele>1235.258537</ele>
<time>2026-05-09T03:08:47Z</time>
<speed>0.116018</speed>
<trueHeading>0.000000</trueHeading>
<magneticHeading>0.000000</magneticHeading>
<gpsHeading>105.886284</gpsHeading>
<haccuracy>4.827000</haccuracy>
<vaccuracy>4.827000</vaccuracy>
<internetconnect>2</internetconnect>
</trkpt>
<trkpt lat="35.820111" lon="139.057620">
<ele>1235.134351</ele>
<time>2026-05-09T03:09:31Z</time>
<speed>0.306860</speed>
<trueHeading>0.000000</trueHeading>
<magneticHeading>0.000000</magneticHeading>
<gpsHeading>198.602341</gpsHeading>
<haccuracy>4.868000</haccuracy>
<vaccuracy>4.868000</vaccuracy>
<internetconnect>0</internetconnect>
</trkpt>
<trkpt lat="35.820096" lon="139.057662">
<ele>1237.981096</ele>
<time>2026-05-09T03:10:33Z</time>
<speed>0.074284</speed>
<trueHeading>0.000000</trueHeading>
<magneticHeading>0.000000</magneticHeading>
<gpsHeading>113.248146</gpsHeading>
<haccuracy>5.159000</haccuracy>
<vaccuracy>5.159000</vaccuracy>
<internetconnect>0</internetconnect>
</trkpt>
<trkpt lat="35.820070" lon="139.057632">
<ele>1240.799727</ele>
<time>2026-05-09T03:11:35Z</time>
<speed>0.441882</speed>
<trueHeading>0.000000</trueHeading>
<magneticHeading>0.000000</magneticHeading>
<gpsHeading>222.740189</gpsHeading>
<haccuracy>6.285000</haccuracy>
<vaccuracy>6.285000</vaccuracy>
<internetconnect>0</internetconnect>
</trkpt>
<trkpt lat="35.819952" lon="139.057736">
<ele>1237.415482</ele>
<time>2026-05-09T03:12:20Z</time>
<speed>0.118999</speed>
<trueHeading>0.000000</trueHeading>
<magneticHeading>0.000000</magneticHeading>
<gpsHeading>144.532883</gpsHeading>
<haccuracy>4.554000</haccuracy>
<vaccuracy>4.554000</vaccuracy>
<internetconnect>0</internetconnect>
</trkpt>
<trkpt lat="35.819904" lon="139.057748">
<ele>1235.205920</ele>
<time>2026-05-09T03:12:49Z</time>
<speed>0.138681</speed>
<trueHeading>0.000000</trueHeading>
<magneticHeading>0.000000</magneticHeading>
<gpsHeading>156.067032</gpsHeading>
<haccuracy>4.702000</haccuracy>
<vaccuracy>4.702000</vaccuracy>
<internetconnect>2</internetconnect>
</trkpt>
<trkpt lat="35.819907" lon="139.057707">
<ele>1234.374776</ele>
<time>2026-05-09T03:13:21Z</time>
<speed>0.127227</speed>
<trueHeading>0.000000</trueHeading>
<magneticHeading>0.000000</magneticHeading>
<gpsHeading>207.397736</gpsHeading>
<haccuracy>5.086000</haccuracy>
<vaccuracy>5.086000</vaccuracy>
<internetconnect>0</internetconnect>
</trkpt>
<trkpt lat="35.819770" lon="139.057770">
<ele>1236.840313</ele>
<time>2026-05-09T03:14:14Z</time>
<speed>0.222587</speed>
<trueHeading>0.000000</trueHeading>
<magneticHeading>0.000000</magneticHeading>
<gpsHeading>159.628860</gpsHeading>
<haccuracy>3.747000</haccuracy>
<vaccuracy>3.747000</vaccuracy>
<internetconnect>0</internetconnect>
</trkpt>
<trkpt lat="35.819730" lon="139.057810">
<ele>1237.625661</ele>
<time>2026-05-09T03:15:16Z</time>
<speed>0.321661</speed>
<trueHeading>0.000000</trueHeading>
<magneticHeading>0.000000</magneticHeading>
<gpsHeading>140.475586</gpsHeading>
<haccuracy>4.952000</haccuracy>
<vaccuracy>4.952000</vaccuracy>
<internetconnect>0</internetconnect>
</trkpt>
<trkpt lat="35.819648" lon="139.057724">
<ele>1238.782842</ele>
<time>2026-05-09T03:16:18Z</time>
<speed>0.099773</speed>
<trueHeading>0.000000</trueHeading>
<magneticHeading>0.000000</magneticHeading>
<gpsHeading>220.407990</gpsHeading>
<haccuracy>4.544000</haccuracy>
<vaccuracy>4.544000</vaccuracy>
<internetconnect>0</internetconnect>
</trkpt>
<trkpt lat="35.819624" lon="139.057718">
<ele>1237.559478</ele>
<time>2026-05-09T03:16:51Z</time>
<speed>0.179335</speed>
<trueHeading>0.000000</trueHeading>
<magneticHeading>0.000000</magneticHeading>
<gpsHeading>184.947052</gpsHeading>
<haccuracy>5.275000</haccuracy>
<vaccuracy>5.275000</vaccuracy>
<internetconnect>2</internetconnect>
</trkpt>
<trkpt lat="35.819538" lon="139.057655">
<ele>1234.429013</ele>
<time>2026-05-09T03:17:20Z</time>
<speed>0.170852</speed>
<trueHeading>0.000000</trueHeading>
<magneticHeading>0.000000</magneticHeading>
<gpsHeading>206.808426</gpsHeading>
<haccuracy>4.379000</haccuracy>
<vaccuracy>4.379000</vaccuracy>
<internetconnect>0</internetconnect>
</trkpt>
<trkpt lat="35.819391" lon="139.057683">
<ele>1231.601513</ele>
<time>2026-05-09T03:18:03Z</time>
<speed>0.410000</speed>
<trueHeading>0.000000</trueHeading>
<magneticHeading>0.000000</magneticHeading>
<gpsHeading>171.306824</gpsHeading>
<haccuracy>10.757000</haccuracy>
<vaccuracy>10.757000</vaccuracy>
<internetconnect>0</internetconnect>
</trkpt>
<trkpt lat="35.819308" lon="139.057531">
<ele>1228.030366</ele>
<time>2026-05-09T03:18:49Z</time>
<speed>1.060000</speed>
<trueHeading>0.000000</trueHeading>
<magneticHeading>0.000000</magneticHeading>
<gpsHeading>236.287445</gpsHeading>
<haccuracy>9.959000</haccuracy>
<vaccuracy>9.959000</vaccuracy>
<internetconnect>0</internetconnect>
</trkpt>
<trkpt lat="35.819158" lon="139.057547">
<ele>1226.044204</ele>
<time>2026-05-09T03:19:16Z</time>
<speed>0.690000</speed>
<trueHeading>0.000000</trueHeading>
<magneticHeading>0.000000</magneticHeading>
<gpsHeading>174.909714</gpsHeading>
<haccuracy>10.505000</haccuracy>
<vaccuracy>10.505000</vaccuracy>
<internetconnect>0</internetconnect>
</trkpt>
<trkpt lat="35.819039" lon="139.057444">
<ele>1224.588868</ele>
<time>2026-05-09T03:19:46Z</time>
<speed>0.685126</speed>
<trueHeading>0.000000</trueHeading>
<magneticHeading>0.000000</magneticHeading>
<gpsHeading>215.101242</gpsHeading>
<haccuracy>4.915000</haccuracy>
<vaccuracy>4.915000</vaccuracy>
<internetconnect>0</internetconnect>
</trkpt>
<trkpt lat="35.818993" lon="139.057388">
<ele>1224.811201</ele>
<time>2026-05-09T03:19:58Z</time>
<speed>0.135191</speed>
<trueHeading>0.000000</trueHeading>
<magneticHeading>0.000000</magneticHeading>
<gpsHeading>202.999191</gpsHeading>
<haccuracy>4.929000</haccuracy>
<vaccuracy>4.929000</vaccuracy>
<internetconnect>2</internetconnect>
</trkpt>
<trkpt lat="35.818897" lon="139.057332">
<ele>1224.629078</ele>
<time>2026-05-09T03:20:09Z</time>
<speed>0.614310</speed>
<trueHeading>0.000000</trueHeading>
<magneticHeading>0.000000</magneticHeading>
<gpsHeading>212.505020</gpsHeading>
<haccuracy>4.989000</haccuracy>
<vaccuracy>4.989000</vaccuracy>
<internetconnect>0</internetconnect>
</trkpt>
<trkpt lat="35.818761" lon="139.057270">
<ele>1222.705217</ele>
<time>2026-05-09T03:20:35Z</time>
<speed>0.437673</speed>
<trueHeading>0.000000</trueHeading>
<magneticHeading>0.000000</magneticHeading>
<gpsHeading>200.331207</gpsHeading>
<haccuracy>5.137000</haccuracy>
<vaccuracy>5.137000</vaccuracy>
<internetconnect>0</internetconnect>
</trkpt>
<trkpt lat="35.818671" lon="139.057130">
<ele>1219.746880</ele>
<time>2026-05-09T03:21:17Z</time>
<speed>0.589763</speed>
<trueHeading>0.000000</trueHeading>
<magneticHeading>0.000000</magneticHeading>
<gpsHeading>231.599350</gpsHeading>
<haccuracy>3.327000</haccuracy>
<vaccuracy>3.327000</vaccuracy>
<internetconnect>0</internetconnect>
</trkpt>
<trkpt lat="35.818545" lon="139.057040">
<ele>1220.786269</ele>
<time>2026-05-09T03:21:57Z</time>
<speed>0.467820</speed>
<trueHeading>0.000000</trueHeading>
<magneticHeading>0.000000</magneticHeading>
<gpsHeading>210.059525</gpsHeading>
<haccuracy>3.001000</haccuracy>
<vaccuracy>3.001000</vaccuracy>
<internetconnect>0</internetconnect>
</trkpt>
<trkpt lat="35.818447" lon="139.057205">
<ele>1220.215272</ele>
<time>2026-05-09T03:22:20Z</time>
<speed>0.169224</speed>
<trueHeading>0.000000</trueHeading>
<magneticHeading>0.000000</magneticHeading>
<gpsHeading>126.260704</gpsHeading>
<haccuracy>3.000000</haccuracy>
<vaccuracy>3.000000</vaccuracy>
<internetconnect>0</internetconnect>
</trkpt>
<trkpt lat="35.818336" lon="139.057137">
<ele>1218.337150</ele>
<time>2026-05-09T03:22:59Z</time>
<speed>0.435401</speed>
<trueHeading>0.000000</trueHeading>
<magneticHeading>0.000000</magneticHeading>
<gpsHeading>197.182098</gpsHeading>
<haccuracy>5.089000</haccuracy>
<vaccuracy>5.089000</vaccuracy>
<internetconnect>2</internetconnect>
</trkpt>
<trkpt lat="35.818314" lon="139.057128">
<ele>1218.099581</ele>
<time>2026-05-09T03:23:01Z</time>
<speed>0.455997</speed>
<trueHeading>0.000000</trueHeading>
<magneticHeading>0.000000</magneticHeading>
<gpsHeading>205.090652</gpsHeading>
<haccuracy>5.164000</haccuracy>
<vaccuracy>5.164000</vaccuracy>
<internetconnect>0</internetconnect>
</trkpt>
<trkpt lat="35.818176" lon="139.057011">
<ele>1213.845622</ele>
<time>2026-05-09T03:23:25Z</time>
<speed>0.457368</speed>
<trueHeading>0.000000</trueHeading>
<magneticHeading>0.000000</magneticHeading>
<gpsHeading>214.777924</gpsHeading>
<haccuracy>5.156000</haccuracy>
<vaccuracy>5.156000</vaccuracy>
<internetconnect>0</internetconnect>
</trkpt>
<trkpt lat="35.818201" lon="139.056938">
<ele>1212.251370</ele>
<time>2026-05-09T03:24:27Z</time>
<speed>0.162868</speed>
<trueHeading>0.000000</trueHeading>
<magneticHeading>0.000000</magneticHeading>
<gpsHeading>292.318817</gpsHeading>
<haccuracy>5.524000</haccuracy>
<vaccuracy>5.524000</vaccuracy>
<internetconnect>0</internetconnect>
</trkpt>
<trkpt lat="35.818358" lon="139.056970">
<ele>1215.589356</ele>
<time>2026-05-09T03:24:50Z</time>
<speed>0.716549</speed>
<trueHeading>0.000000</trueHeading>
<magneticHeading>0.000000</magneticHeading>
<gpsHeading>9.515785</gpsHeading>
<haccuracy>5.669000</haccuracy>
<vaccuracy>5.669000</vaccuracy>
<internetconnect>0</internetconnect>
</trkpt>
<trkpt lat="35.818465" lon="139.057105">
<ele>1220.821221</ele>
<time>2026-05-09T03:25:14Z</time>
<speed>0.124716</speed>
<trueHeading>0.000000</trueHeading>
<magneticHeading>0.000000</magneticHeading>
<gpsHeading>45.931751</gpsHeading>
<haccuracy>4.170000</haccuracy>
<vaccuracy>4.170000</vaccuracy>
<internetconnect>0</internetconnect>
</trkpt>
<trkpt lat="35.818534" lon="139.057227">
<ele>1222.707649</ele>
<time>2026-05-09T03:26:16Z</time>
<speed>0.285105</speed>
<trueHeading>0.000000</trueHeading>
<magneticHeading>0.000000</magneticHeading>
<gpsHeading>54.749958</gpsHeading>
<haccuracy>5.081000</haccuracy>
<vaccuracy>5.081000</vaccuracy>
<internetconnect>0</internetconnect>
</trkpt>
<trkpt lat="35.818737" lon="139.057382">
<ele>1225.366164</ele>
<time>2026-05-09T03:26:39Z</time>
<speed>0.721584</speed>
<trueHeading>0.000000</trueHeading>
<magneticHeading>0.000000</magneticHeading>
<gpsHeading>31.822689</gpsHeading>
<haccuracy>5.046000</haccuracy>
<vaccuracy>5.046000</vaccuracy>
<internetconnect>0</internetconnect>
</trkpt>
<trkpt lat="35.818866" lon="139.057392">
<ele>1226.926081</ele>
<time>2026-05-09T03:27:00Z</time>
<speed>0.219400</speed>
<trueHeading>0.000000</trueHeading>
<magneticHeading>0.000000</magneticHeading>
<gpsHeading>21.301933</gpsHeading>
<haccuracy>5.188000</haccuracy>
<vaccuracy>5.188000</vaccuracy>
<internetconnect>2</internetconnect>
</trkpt>
<trkpt lat="35.818881" lon="139.057387">
<ele>1226.977271</ele>
<time>2026-05-09T03:27:03Z</time>
<speed>0.210388</speed>
<trueHeading>0.000000</trueHeading>
<magneticHeading>0.000000</magneticHeading>
<gpsHeading>1.578323</gpsHeading>
<haccuracy>4.838000</haccuracy>
<vaccuracy>4.838000</vaccuracy>
<internetconnect>0</internetconnect>
</trkpt>
<trkpt lat="35.819070" lon="139.057362">
<ele>1228.858250</ele>
<time>2026-05-09T03:27:27Z</time>
<speed>0.883138</speed>
<trueHeading>0.000000</trueHeading>
<magneticHeading>0.000000</magneticHeading>
<gpsHeading>353.826141</gpsHeading>
<haccuracy>5.691000</haccuracy>
<vaccuracy>5.691000</vaccuracy>
<internetconnect>0</internetconnect>
</trkpt>
<trkpt lat="35.819211" lon="139.057396">
<ele>1228.170842</ele>
<time>2026-05-09T03:28:03Z</time>
<speed>0.507239</speed>
<trueHeading>0.000000</trueHeading>
<magneticHeading>0.000000</magneticHeading>
<gpsHeading>11.017651</gpsHeading>
<haccuracy>4.860000</haccuracy>
<vaccuracy>4.860000</vaccuracy>
<internetconnect>0</internetconnect>
</trkpt>
<trkpt lat="35.819384" lon="139.057561">
<ele>1232.277780</ele>
<time>2026-05-09T03:28:26Z</time>
<speed>0.955352</speed>
<trueHeading>0.000000</trueHeading>
<magneticHeading>0.000000</magneticHeading>
<gpsHeading>37.829769</gpsHeading>
<haccuracy>4.799000</haccuracy>
<vaccuracy>4.799000</vaccuracy>
<internetconnect>0</internetconnect>
</trkpt>
<trkpt lat="35.819473" lon="139.057700">
<ele>1235.419186</ele>
<time>2026-05-09T03:28:55Z</time>
<speed>0.206868</speed>
<trueHeading>0.000000</trueHeading>
<magneticHeading>0.000000</magneticHeading>
<gpsHeading>51.650421</gpsHeading>
<haccuracy>4.481000</haccuracy>
<vaccuracy>4.481000</vaccuracy>
<internetconnect>0</internetconnect>
</trkpt>
<trkpt lat="35.819505" lon="139.057708">
<ele>1235.445001</ele>
<time>2026-05-09T03:29:02Z</time>
<speed>0.330452</speed>
<trueHeading>0.000000</trueHeading>
<magneticHeading>0.000000</magneticHeading>
<gpsHeading>21.787933</gpsHeading>
<haccuracy>4.484000</haccuracy>
<vaccuracy>4.484000</vaccuracy>
<internetconnect>2</internetconnect>
</trkpt>
<trkpt lat="35.819611" lon="139.057724">
<ele>1240.721373</ele>
<time>2026-05-09T03:29:57Z</time>
<speed>0.146939</speed>
<trueHeading>0.000000</trueHeading>
<magneticHeading>0.000000</magneticHeading>
<gpsHeading>8.153080</gpsHeading>
<haccuracy>4.548000</haccuracy>
<vaccuracy>4.548000</vaccuracy>
<internetconnect>0</internetconnect>
</trkpt>
<trkpt lat="35.819756" lon="139.057740">
<ele>1243.821962</ele>
<time>2026-05-09T03:30:41Z</time>
<speed>0.198600</speed>
<trueHeading>0.000000</trueHeading>
<magneticHeading>0.000000</magneticHeading>
<gpsHeading>4.855175</gpsHeading>
<haccuracy>5.608000</haccuracy>
<vaccuracy>5.608000</vaccuracy>
<internetconnect>0</internetconnect>
</trkpt>
<trkpt lat="35.819776" lon="139.057712">
<ele>1245.978753</ele>
<time>2026-05-09T03:31:43Z</time>
<speed>0.319521</speed>
<trueHeading>0.000000</trueHeading>
<magneticHeading>0.000000</magneticHeading>
<gpsHeading>311.518494</gpsHeading>
<haccuracy>5.178000</haccuracy>
<vaccuracy>5.178000</vaccuracy>
<internetconnect>0</internetconnect>
</trkpt>
<trkpt lat="35.819804" lon="139.057667">
<ele>1244.432617</ele>
<time>2026-05-09T03:32:45Z</time>
<speed>0.263781</speed>
<trueHeading>0.000000</trueHeading>
<magneticHeading>0.000000</magneticHeading>
<gpsHeading>307.326477</gpsHeading>
<haccuracy>4.147000</haccuracy>
<vaccuracy>4.147000</vaccuracy>
<internetconnect>0</internetconnect>
</trkpt>
<trkpt lat="35.819859" lon="139.057621">
<ele>1245.584280</ele>
<time>2026-05-09T03:33:04Z</time>
<speed>0.413116</speed>
<trueHeading>0.000000</trueHeading>
<magneticHeading>0.000000</magneticHeading>
<gpsHeading>348.745941</gpsHeading>
<haccuracy>5.852000</haccuracy>
<vaccuracy>5.852000</vaccuracy>
<internetconnect>2</internetconnect>
</trkpt>
<trkpt lat="35.819924" lon="139.057567">
<ele>1244.382260</ele>
<time>2026-05-09T03:33:18Z</time>
<speed>0.307244</speed>
<trueHeading>0.000000</trueHeading>
<magneticHeading>0.000000</magneticHeading>
<gpsHeading>326.023590</gpsHeading>
<haccuracy>6.264000</haccuracy>
<vaccuracy>6.264000</vaccuracy>
<internetconnect>0</internetconnect>
</trkpt>
<trkpt lat="35.820042" lon="139.057673">
<ele>1246.391966</ele>
<time>2026-05-09T03:34:04Z</time>
<speed>0.422313</speed>
<trueHeading>0.000000</trueHeading>
<magneticHeading>0.000000</magneticHeading>
<gpsHeading>35.948925</gpsHeading>
<haccuracy>4.945000</haccuracy>
<vaccuracy>4.945000</vaccuracy>
<internetconnect>0</internetconnect>
</trkpt>
<trkpt lat="35.820137" lon="139.057667">
<ele>1248.739572</ele>
<time>2026-05-09T03:35:05Z</time>
<speed>0.518000</speed>
<trueHeading>0.000000</trueHeading>
<magneticHeading>0.000000</magneticHeading>
<gpsHeading>356.716644</gpsHeading>
<haccuracy>5.169000</haccuracy>
<vaccuracy>5.169000</vaccuracy>
<internetconnect>0</internetconnect>
</trkpt>
<trkpt lat="35.820247" lon="139.057793">
<ele>1253.467621</ele>
<time>2026-05-09T03:35:54Z</time>
<speed>0.000000</speed>
<trueHeading>0.000000</trueHeading>
<magneticHeading>0.000000</magneticHeading>
<gpsHeading>42.772678</gpsHeading>
<haccuracy>4.973000</haccuracy>
<vaccuracy>4.973000</vaccuracy>
<internetconnect>0</internetconnect>
</trkpt>
<trkpt lat="35.820278" lon="139.057727">
<ele>1256.458830</ele>
<time>2026-05-09T03:36:56Z</time>
<speed>0.000000</speed>
<trueHeading>0.000000</trueHeading>
<magneticHeading>0.000000</magneticHeading>
<gpsHeading>299.443390</gpsHeading>
<haccuracy>11.032000</haccuracy>
<vaccuracy>11.032000</vaccuracy>
<internetconnect>0</internetconnect>
</trkpt>
<trkpt lat="35.820254" lon="139.057763">
<ele>1255.753160</ele>
<time>2026-05-09T03:37:06Z</time>
<speed>0.000000</speed>
<trueHeading>0.000000</trueHeading>
<magneticHeading>0.000000</magneticHeading>
<gpsHeading>16.267387</gpsHeading>
<haccuracy>11.173000</haccuracy>
<vaccuracy>11.173000</vaccuracy>
<internetconnect>2</internetconnect>
</trkpt>
<trkpt lat="35.820199" lon="139.057865">
<ele>1257.293173</ele>
<time>2026-05-09T03:37:57Z</time>
<speed>0.000000</speed>
<trueHeading>0.000000</trueHeading>
<magneticHeading>0.000000</magneticHeading>
<gpsHeading>125.182938</gpsHeading>
<haccuracy>10.854000</haccuracy>
<vaccuracy>10.854000</vaccuracy>
<internetconnect>0</internetconnect>
</trkpt>
<trkpt lat="35.820200" lon="139.057818">
<ele>1256.419287</ele>
<time>2026-05-09T03:38:58Z</time>
<speed>0.000000</speed>
<trueHeading>0.000000</trueHeading>
<magneticHeading>0.000000</magneticHeading>
<gpsHeading>272.687012</gpsHeading>
<haccuracy>10.673000</haccuracy>
<vaccuracy>10.673000</vaccuracy>
<internetconnect>0</internetconnect>
</trkpt>
<trkpt lat="35.820199" lon="139.057832">
<ele>1256.768158</ele>
<time>2026-05-09T03:40:00Z</time>
<speed>0.000000</speed>
<trueHeading>0.000000</trueHeading>
<magneticHeading>0.000000</magneticHeading>
<gpsHeading>94.828316</gpsHeading>
<haccuracy>10.741000</haccuracy>
<vaccuracy>10.741000</vaccuracy>
<internetconnect>0</internetconnect>
</trkpt>
<trkpt lat="35.820211" lon="139.057883">
<ele>1258.615046</ele>
<time>2026-05-09T03:41:02Z</time>
<speed>0.000000</speed>
<trueHeading>0.000000</trueHeading>
<magneticHeading>0.000000</magneticHeading>
<gpsHeading>74.559212</gpsHeading>
<haccuracy>9.935000</haccuracy>
<vaccuracy>9.935000</vaccuracy>
<internetconnect>0</internetconnect>
</trkpt>
<trkpt lat="35.820216" lon="139.057878">
<ele>1259.694812</ele>
<time>2026-05-09T03:41:08Z</time>
<speed>0.000000</speed>
<trueHeading>0.000000</trueHeading>
<magneticHeading>0.000000</magneticHeading>
<gpsHeading>112.346954</gpsHeading>
<haccuracy>9.935000</haccuracy>
<vaccuracy>9.935000</vaccuracy>
<internetconnect>2</internetconnect>
</trkpt>
<trkpt lat="35.820234" lon="139.057851">
<ele>1259.638152</ele>
<time>2026-05-09T03:42:03Z</time>
<speed>0.000000</speed>
<trueHeading>0.000000</trueHeading>
<magneticHeading>0.000000</magneticHeading>
<gpsHeading>311.800385</gpsHeading>
<haccuracy>10.520000</haccuracy>
<vaccuracy>10.520000</vaccuracy>
<internetconnect>0</internetconnect>
</trkpt>
<trkpt lat="35.820205" lon="139.057888">
<ele>1262.717096</ele>
<time>2026-05-09T03:43:05Z</time>
<speed>0.000000</speed>
<trueHeading>0.000000</trueHeading>
<magneticHeading>0.000000</magneticHeading>
<gpsHeading>133.906693</gpsHeading>
<haccuracy>10.749000</haccuracy>
<vaccuracy>10.749000</vaccuracy>
<internetconnect>0</internetconnect>
</trkpt>
<trkpt lat="35.820279" lon="139.058026">
<ele>1264.934021</ele>
<time>2026-05-09T03:44:06Z</time>
<speed>0.000000</speed>
<trueHeading>0.000000</trueHeading>
<magneticHeading>0.000000</magneticHeading>
<gpsHeading>56.775055</gpsHeading>
<haccuracy>10.806000</haccuracy>
<vaccuracy>10.806000</vaccuracy>
<internetconnect>0</internetconnect>
</trkpt>
<trkpt lat="35.820289" lon="139.057928">
<ele>1263.619901</ele>
<time>2026-05-09T03:45:08Z</time>
<speed>0.000000</speed>
<trueHeading>0.000000</trueHeading>
<magneticHeading>0.000000</magneticHeading>
<gpsHeading>277.179840</gpsHeading>
<haccuracy>10.633000</haccuracy>
<vaccuracy>10.633000</vaccuracy>
<internetconnect>0</internetconnect>
</trkpt>
<trkpt lat="35.820289" lon="139.057928">
<ele>1263.832649</ele>
<time>2026-05-09T03:45:10Z</time>
<speed>0.000000</speed>
<trueHeading>0.000000</trueHeading>
<magneticHeading>0.000000</magneticHeading>
<gpsHeading>29.622961</gpsHeading>
<haccuracy>10.442000</haccuracy>
<vaccuracy>10.442000</vaccuracy>
<internetconnect>2</internetconnect>
</trkpt>
<trkpt lat="35.820299" lon="139.057829">
<ele>1264.186469</ele>
<time>2026-05-09T03:46:09Z</time>
<speed>0.280000</speed>
<trueHeading>0.000000</trueHeading>
<magneticHeading>0.000000</magneticHeading>
<gpsHeading>277.466949</gpsHeading>
<haccuracy>10.392000</haccuracy>
<vaccuracy>10.392000</vaccuracy>
<internetconnect>0</internetconnect>
</trkpt>
<trkpt lat="35.820307" lon="139.057848">
<ele>1265.288847</ele>
<time>2026-05-09T03:47:10Z</time>
<speed>0.000000</speed>
<trueHeading>0.000000</trueHeading>
<magneticHeading>0.000000</magneticHeading>
<gpsHeading>61.723618</gpsHeading>
<haccuracy>10.277000</haccuracy>
<vaccuracy>10.277000</vaccuracy>
<internetconnect>0</internetconnect>
</trkpt>
<trkpt lat="35.820309" lon="139.057898">
<ele>1266.728388</ele>
<time>2026-05-09T03:48:11Z</time>
<speed>0.390000</speed>
<trueHeading>0.000000</trueHeading>
<magneticHeading>0.000000</magneticHeading>
<gpsHeading>88.159767</gpsHeading>
<haccuracy>10.768000</haccuracy>
<vaccuracy>10.768000</vaccuracy>
<internetconnect>0</internetconnect>
</trkpt>
<trkpt lat="35.820303" lon="139.057883">
<ele>1266.044296</ele>
<time>2026-05-09T03:49:11Z</time>
<speed>0.000000</speed>
<trueHeading>0.000000</trueHeading>
<magneticHeading>0.000000</magneticHeading>
<gpsHeading>290.990906</gpsHeading>
<haccuracy>10.942000</haccuracy>
<vaccuracy>10.942000</vaccuracy>
<internetconnect>2</internetconnect>
</trkpt>
<trkpt lat="35.820306" lon="139.057884">
<ele>1266.267151</ele>
<time>2026-05-09T03:49:13Z</time>
<speed>0.000000</speed>
<trueHeading>0.000000</trueHeading>
<magneticHeading>0.000000</magneticHeading>
<gpsHeading>258.225922</gpsHeading>
<haccuracy>10.942000</haccuracy>
<vaccuracy>10.942000</vaccuracy>
<internetconnect>0</internetconnect>
</trkpt>
<trkpt lat="35.820320" lon="139.057917">
<ele>1268.710531</ele>
<time>2026-05-09T03:50:14Z</time>
<speed>0.000000</speed>
<trueHeading>0.000000</trueHeading>
<magneticHeading>0.000000</magneticHeading>
<gpsHeading>62.330997</gpsHeading>
<haccuracy>11.124000</haccuracy>
<vaccuracy>11.124000</vaccuracy>
<internetconnect>0</internetconnect>
</trkpt>
<trkpt lat="35.820406" lon="139.057818">
<ele>1271.728704</ele>
<time>2026-05-09T03:51:16Z</time>
<speed>0.760000</speed>
<trueHeading>0.000000</trueHeading>
<magneticHeading>0.000000</magneticHeading>
<gpsHeading>316.776520</gpsHeading>
<haccuracy>10.916000</haccuracy>
<vaccuracy>10.916000</vaccuracy>
<internetconnect>0</internetconnect>
</trkpt>
<trkpt lat="35.820351" lon="139.057854">
<ele>1271.751918</ele>
<time>2026-05-09T03:52:17Z</time>
<speed>0.000000</speed>
<trueHeading>0.000000</trueHeading>
<magneticHeading>0.000000</magneticHeading>
<gpsHeading>152.463821</gpsHeading>
<haccuracy>10.317000</haccuracy>
<vaccuracy>10.317000</vaccuracy>
<internetconnect>0</internetconnect>
</trkpt>
<trkpt lat="35.820350" lon="139.057857">
<ele>1270.959793</ele>
<time>2026-05-09T03:53:13Z</time>
<speed>0.000000</speed>
<trueHeading>0.000000</trueHeading>
<magneticHeading>0.000000</magneticHeading>
<gpsHeading>335.395264</gpsHeading>
<haccuracy>9.935000</haccuracy>
<vaccuracy>9.935000</vaccuracy>
<internetconnect>2</internetconnect>
</trkpt>
<trkpt lat="35.820350" lon="139.057857">
<ele>1271.061609</ele>
<time>2026-05-09T03:53:18Z</time>
<speed>0.000000</speed>
<trueHeading>0.000000</trueHeading>
<magneticHeading>0.000000</magneticHeading>
<gpsHeading>115.519470</gpsHeading>
<haccuracy>9.935000</haccuracy>
<vaccuracy>9.935000</vaccuracy>
<internetconnect>0</internetconnect>
</trkpt>
<trkpt lat="35.820352" lon="139.057856">
<ele>1271.544714</ele>
<time>2026-05-09T03:54:20Z</time>
<speed>0.000000</speed>
<trueHeading>0.000000</trueHeading>
<magneticHeading>0.000000</magneticHeading>
<gpsHeading>335.749603</gpsHeading>
<haccuracy>9.935000</haccuracy>
<vaccuracy>9.935000</vaccuracy>
<internetconnect>0</internetconnect>
</trkpt>
<trkpt lat="35.820354" lon="139.057855">
<ele>1271.283987</ele>
<time>2026-05-09T03:55:21Z</time>
<speed>0.000000</speed>
<trueHeading>0.000000</trueHeading>
<magneticHeading>0.000000</magneticHeading>
<gpsHeading>339.612793</gpsHeading>
<haccuracy>9.935000</haccuracy>
<vaccuracy>9.935000</vaccuracy>
<internetconnect>0</internetconnect>
</trkpt>
<trkpt lat="35.820356" lon="139.057854">
<ele>1271.042214</ele>
<time>2026-05-09T03:56:23Z</time>
<speed>0.000000</speed>
<trueHeading>0.000000</trueHeading>
<magneticHeading>0.000000</magneticHeading>
<gpsHeading>340.837158</gpsHeading>
<haccuracy>9.935000</haccuracy>
<vaccuracy>9.935000</vaccuracy>
<internetconnect>0</internetconnect>
</trkpt>
<trkpt lat="35.820357" lon="139.057853">
<ele>1270.983105</ele>
<time>2026-05-09T03:57:15Z</time>
<speed>0.000000</speed>
<trueHeading>0.000000</trueHeading>
<magneticHeading>0.000000</magneticHeading>
<gpsHeading>338.197479</gpsHeading>
<haccuracy>9.935000</haccuracy>
<vaccuracy>9.935000</vaccuracy>
<internetconnect>2</internetconnect>
</trkpt>
<trkpt lat="35.820358" lon="139.057853">
<ele>1269.463962</ele>
<time>2026-05-09T03:57:25Z</time>
<speed>0.000000</speed>
<trueHeading>0.000000</trueHeading>
<magneticHeading>0.000000</magneticHeading>
<gpsHeading>335.139526</gpsHeading>
<haccuracy>9.935000</haccuracy>
<vaccuracy>9.935000</vaccuracy>
<internetconnect>0</internetconnect>
</trkpt>
<trkpt lat="35.820359" lon="139.057852">
<ele>1265.709616</ele>
<time>2026-05-09T03:58:26Z</time>
<speed>0.000000</speed>
<trueHeading>0.000000</trueHeading>
<magneticHeading>0.000000</magneticHeading>
<gpsHeading>337.931000</gpsHeading>
<haccuracy>9.935000</haccuracy>
<vaccuracy>9.935000</vaccuracy>
<internetconnect>0</internetconnect>
</trkpt>
<trkpt lat="35.820339" lon="139.057861">
<ele>1266.129582</ele>
<time>2026-05-09T03:59:27Z</time>
<speed>0.000000</speed>
<trueHeading>0.000000</trueHeading>
<magneticHeading>0.000000</magneticHeading>
<gpsHeading>160.204117</gpsHeading>
<haccuracy>9.935000</haccuracy>
<vaccuracy>9.935000</vaccuracy>
<internetconnect>0</internetconnect>
</trkpt>
<trkpt lat="35.820382" lon="139.057882">
<ele>1267.720409</ele>
<time>2026-05-09T04:00:29Z</time>
<speed>0.210000</speed>
<trueHeading>0.000000</trueHeading>
<magneticHeading>0.000000</magneticHeading>
<gpsHeading>21.464716</gpsHeading>
<haccuracy>10.804000</haccuracy>
<vaccuracy>10.804000</vaccuracy>
<internetconnect>0</internetconnect>
</trkpt>
<trkpt lat="35.820332" lon="139.057868">
<ele>1266.889049</ele>
<time>2026-05-09T04:01:17Z</time>
<speed>0.350000</speed>
<trueHeading>0.000000</trueHeading>
<magneticHeading>0.000000</magneticHeading>
<gpsHeading>153.724136</gpsHeading>
<haccuracy>10.916000</haccuracy>
<vaccuracy>10.916000</vaccuracy>
<internetconnect>2</internetconnect>
</trkpt>
<trkpt lat="35.820271" lon="139.057887">
<ele>1265.686543</ele>
<time>2026-05-09T04:01:31Z</time>
<speed>0.250000</speed>
<trueHeading>0.000000</trueHeading>
<magneticHeading>0.000000</magneticHeading>
<gpsHeading>177.866394</gpsHeading>
<haccuracy>11.580000</haccuracy>
<vaccuracy>11.580000</vaccuracy>
<internetconnect>0</internetconnect>
</trkpt>
<trkpt lat="35.820324" lon="139.057889">
<ele>1262.093950</ele>
<time>2026-05-09T04:02:33Z</time>
<speed>0.000000</speed>
<trueHeading>0.000000</trueHeading>
<magneticHeading>0.000000</magneticHeading>
<gpsHeading>1.755921</gpsHeading>
<haccuracy>10.597000</haccuracy>
<vaccuracy>10.597000</vaccuracy>
<internetconnect>0</internetconnect>
</trkpt>
<trkpt lat="35.820329" lon="139.057972">
<ele>1263.302184</ele>
<time>2026-05-09T04:03:35Z</time>
<speed>0.000000</speed>
<trueHeading>0.000000</trueHeading>
<magneticHeading>0.000000</magneticHeading>
<gpsHeading>85.981079</gpsHeading>
<haccuracy>11.035000</haccuracy>
<vaccuracy>11.035000</vaccuracy>
<internetconnect>0</internetconnect>
</trkpt>
<trkpt lat="35.820323" lon="139.057989">
<ele>1264.156954</ele>
<time>2026-05-09T04:04:37Z</time>
<speed>0.150000</speed>
<trueHeading>0.000000</trueHeading>
<magneticHeading>0.000000</magneticHeading>
<gpsHeading>111.992599</gpsHeading>
<haccuracy>10.848000</haccuracy>
<vaccuracy>10.848000</vaccuracy>
<internetconnect>0</internetconnect>
</trkpt>
<trkpt lat="35.820361" lon="139.057935">
<ele>1262.174275</ele>
<time>2026-05-09T04:05:19Z</time>
<speed>0.000000</speed>
<trueHeading>0.000000</trueHeading>
<magneticHeading>0.000000</magneticHeading>
<gpsHeading>61.727985</gpsHeading>
<haccuracy>10.574000</haccuracy>
<vaccuracy>10.574000</vaccuracy>
<internetconnect>2</internetconnect>
</trkpt>
<trkpt lat="35.820386" lon="139.057926">
<ele>1263.348689</ele>
<time>2026-05-09T04:05:39Z</time>
<speed>0.000000</speed>
<trueHeading>0.000000</trueHeading>
<magneticHeading>0.000000</magneticHeading>
<gpsHeading>321.320648</gpsHeading>
<haccuracy>11.170000</haccuracy>
<vaccuracy>11.170000</vaccuracy>
<internetconnect>0</internetconnect>
</trkpt>
<trkpt lat="35.820390" lon="139.057990">
<ele>1262.340900</ele>
<time>2026-05-09T04:06:40Z</time>
<speed>0.000000</speed>
<trueHeading>0.000000</trueHeading>
<magneticHeading>0.000000</magneticHeading>
<gpsHeading>85.564796</gpsHeading>
<haccuracy>11.024000</haccuracy>
<vaccuracy>11.024000</vaccuracy>
<internetconnect>0</internetconnect>
</trkpt>
<trkpt lat="35.820327" lon="139.057955">
<ele>1260.932566</ele>
<time>2026-05-09T04:07:42Z</time>
<speed>0.000000</speed>
<trueHeading>0.000000</trueHeading>
<magneticHeading>0.000000</magneticHeading>
<gpsHeading>204.284500</gpsHeading>
<haccuracy>10.548000</haccuracy>
<vaccuracy>10.548000</vaccuracy>
<internetconnect>0</internetconnect>
</trkpt>
<trkpt lat="35.820348" lon="139.057985">
<ele>1261.051126</ele>
<time>2026-05-09T04:08:44Z</time>
<speed>0.000000</speed>
<trueHeading>0.000000</trueHeading>
<magneticHeading>0.000000</magneticHeading>
<gpsHeading>50.065624</gpsHeading>
<haccuracy>10.931000</haccuracy>
<vaccuracy>10.931000</vaccuracy>
<internetconnect>0</internetconnect>
</trkpt>
<trkpt lat="35.820398" lon="139.057997">
<ele>1260.066734</ele>
<time>2026-05-09T04:09:21Z</time>
<speed>0.000000</speed>
<trueHeading>0.000000</trueHeading>
<magneticHeading>0.000000</magneticHeading>
<gpsHeading>54.591175</gpsHeading>
<haccuracy>10.782000</haccuracy>
<vaccuracy>10.782000</vaccuracy>
<internetconnect>2</internetconnect>
</trkpt>
<trkpt lat="35.820411" lon="139.057977">
<ele>1260.110126</ele>
<time>2026-05-09T04:09:46Z</time>
<speed>0.220000</speed>
<trueHeading>0.000000</trueHeading>
<magneticHeading>0.000000</magneticHeading>
<gpsHeading>354.121216</gpsHeading>
<haccuracy>10.816000</haccuracy>
<vaccuracy>10.816000</vaccuracy>
<internetconnect>0</internetconnect>
</trkpt>
<trkpt lat="35.820349" lon="139.058065">
<ele>1258.908687</ele>
<time>2026-05-09T04:10:48Z</time>
<speed>0.670000</speed>
<trueHeading>0.000000</trueHeading>
<magneticHeading>0.000000</magneticHeading>
<gpsHeading>131.024673</gpsHeading>
<haccuracy>10.763000</haccuracy>
<vaccuracy>10.763000</vaccuracy>
<internetconnect>0</internetconnect>
</trkpt>
<trkpt lat="35.820474" lon="139.058086">
<ele>1259.248979</ele>
<time>2026-05-09T04:11:50Z</time>
<speed>1.820000</speed>
<trueHeading>0.000000</trueHeading>
<magneticHeading>0.000000</magneticHeading>
<gpsHeading>7.878310</gpsHeading>
<haccuracy>10.665000</haccuracy>
<vaccuracy>10.665000</vaccuracy>
<internetconnect>0</internetconnect>
</trkpt>
<trkpt lat="35.820414" lon="139.058111">
<ele>1259.180974</ele>
<time>2026-05-09T04:12:52Z</time>
<speed>0.330000</speed>
<trueHeading>0.000000</trueHeading>
<magneticHeading>0.000000</magneticHeading>
<gpsHeading>161.932556</gpsHeading>
<haccuracy>10.740000</haccuracy>
<vaccuracy>10.740000</vaccuracy>
<internetconnect>0</internetconnect>
</trkpt>
<trkpt lat="35.820388" lon="139.058172">
<ele>1260.185141</ele>
<time>2026-05-09T04:13:22Z</time>
<speed>0.000000</speed>
<trueHeading>0.000000</trueHeading>
<magneticHeading>0.000000</magneticHeading>
<gpsHeading>93.711670</gpsHeading>
<haccuracy>10.983000</haccuracy>
<vaccuracy>10.983000</vaccuracy>
<internetconnect>2</internetconnect>
</trkpt>
<trkpt lat="35.820414" lon="139.058186">
<ele>1260.543011</ele>
<time>2026-05-09T04:13:53Z</time>
<speed>0.390000</speed>
<trueHeading>0.000000</trueHeading>
<magneticHeading>0.000000</magneticHeading>
<gpsHeading>89.718109</gpsHeading>
<haccuracy>10.905000</haccuracy>
<vaccuracy>10.905000</vaccuracy>
<internetconnect>0</internetconnect>
</trkpt>
<trkpt lat="35.820409" lon="139.058174">
<ele>1261.891067</ele>
<time>2026-05-09T04:14:54Z</time>
<speed>0.000000</speed>
<trueHeading>0.000000</trueHeading>
<magneticHeading>0.000000</magneticHeading>
<gpsHeading>242.558517</gpsHeading>
<haccuracy>10.375000</haccuracy>
<vaccuracy>10.375000</vaccuracy>
<internetconnect>0</internetconnect>
</trkpt>
<trkpt lat="35.820419" lon="139.058094">
<ele>1265.063518</ele>
<time>2026-05-09T04:15:56Z</time>
<speed>0.000000</speed>
<trueHeading>0.000000</trueHeading>
<magneticHeading>0.000000</magneticHeading>
<gpsHeading>278.428589</gpsHeading>
<haccuracy>10.215000</haccuracy>
<vaccuracy>10.215000</vaccuracy>
<internetconnect>0</internetconnect>
</trkpt>
<trkpt lat="35.820460" lon="139.058150">
<ele>1268.044265</ele>
<time>2026-05-09T04:16:58Z</time>
<speed>0.000000</speed>
<trueHeading>0.000000</trueHeading>
<magneticHeading>0.000000</magneticHeading>
<gpsHeading>47.781555</gpsHeading>
<haccuracy>9.935000</haccuracy>
<vaccuracy>9.935000</vaccuracy>
<internetconnect>0</internetconnect>
</trkpt>
<trkpt lat="35.820508" lon="139.058125">
<ele>1270.525009</ele>
<time>2026-05-09T04:17:24Z</time>
<speed>0.000000</speed>
<trueHeading>0.000000</trueHeading>
<magneticHeading>0.000000</magneticHeading>
<gpsHeading>342.051056</gpsHeading>
<haccuracy>10.645000</haccuracy>
<vaccuracy>10.645000</vaccuracy>
<internetconnect>2</internetconnect>
</trkpt>
<trkpt lat="35.820598" lon="139.058197">
<ele>1273.402191</ele>
<time>2026-05-09T04:17:59Z</time>
<speed>0.000000</speed>
<trueHeading>0.000000</trueHeading>
<magneticHeading>0.000000</magneticHeading>
<gpsHeading>15.198172</gpsHeading>
<haccuracy>10.884000</haccuracy>
<vaccuracy>10.884000</vaccuracy>
<internetconnect>0</internetconnect>
</trkpt>
<trkpt lat="35.820548" lon="139.058167">
<ele>1275.160234</ele>
<time>2026-05-09T04:19:01Z</time>
<speed>0.142262</speed>
<trueHeading>0.000000</trueHeading>
<magneticHeading>0.000000</magneticHeading>
<gpsHeading>205.913361</gpsHeading>
<haccuracy>4.321000</haccuracy>
<vaccuracy>4.321000</vaccuracy>
<internetconnect>0</internetconnect>
</trkpt>
<trkpt lat="35.820519" lon="139.058186">
<ele>1274.032639</ele>
<time>2026-05-09T04:20:03Z</time>
<speed>0.149364</speed>
<trueHeading>0.000000</trueHeading>
<magneticHeading>0.000000</magneticHeading>
<gpsHeading>151.395126</gpsHeading>
<haccuracy>5.773000</haccuracy>
<vaccuracy>5.773000</vaccuracy>
<internetconnect>0</internetconnect>
</trkpt>
<trkpt lat="35.820483" lon="139.058227">
<ele>1272.621328</ele>
<time>2026-05-09T04:21:05Z</time>
<speed>0.109383</speed>
<trueHeading>0.000000</trueHeading>
<magneticHeading>0.000000</magneticHeading>
<gpsHeading>137.464005</gpsHeading>
<haccuracy>3.000000</haccuracy>
<vaccuracy>3.000000</vaccuracy>
<internetconnect>0</internetconnect>
</trkpt>
<trkpt lat="35.820515" lon="139.058250">
<ele>1273.688292</ele>
<time>2026-05-09T04:21:25Z</time>
<speed>0.227656</speed>
<trueHeading>0.000000</trueHeading>
<magneticHeading>0.000000</magneticHeading>
<gpsHeading>86.239075</gpsHeading>
<haccuracy>3.063000</haccuracy>
<vaccuracy>3.063000</vaccuracy>
<internetconnect>2</internetconnect>
</trkpt>
<trkpt lat="35.820554" lon="139.058273">
<ele>1274.905783</ele>
<time>2026-05-09T04:22:06Z</time>
<speed>0.098116</speed>
<trueHeading>0.000000</trueHeading>
<magneticHeading>0.000000</magneticHeading>
<gpsHeading>27.618782</gpsHeading>
<haccuracy>4.260000</haccuracy>
<vaccuracy>4.260000</vaccuracy>
<internetconnect>0</internetconnect>
</trkpt>
<trkpt lat="35.820653" lon="139.058184">
<ele>1275.678124</ele>
<time>2026-05-09T04:23:07Z</time>
<speed>0.156142</speed>
<trueHeading>0.000000</trueHeading>
<magneticHeading>0.000000</magneticHeading>
<gpsHeading>323.476501</gpsHeading>
<haccuracy>4.221000</haccuracy>
<vaccuracy>4.221000</vaccuracy>
<internetconnect>0</internetconnect>
</trkpt>
<trkpt lat="35.820754" lon="139.058157">
<ele>1274.472252</ele>
<time>2026-05-09T04:24:10Z</time>
<speed>0.202638</speed>
<trueHeading>0.000000</trueHeading>
<magneticHeading>0.000000</magneticHeading>
<gpsHeading>348.003143</gpsHeading>
<haccuracy>4.724000</haccuracy>
<vaccuracy>4.724000</vaccuracy>
<internetconnect>0</internetconnect>
</trkpt>
<trkpt lat="35.820800" lon="139.058039">
<ele>1273.670701</ele>
<time>2026-05-09T04:25:11Z</time>
<speed>0.000000</speed>
<trueHeading>0.000000</trueHeading>
<magneticHeading>0.000000</magneticHeading>
<gpsHeading>295.647003</gpsHeading>
<haccuracy>10.307000</haccuracy>
<vaccuracy>10.307000</vaccuracy>
<internetconnect>0</internetconnect>
</trkpt>
<trkpt lat="35.820798" lon="139.058047">
<ele>1273.564490</ele>
<time>2026-05-09T04:25:27Z</time>
<speed>0.000000</speed>
<trueHeading>0.000000</trueHeading>
<magneticHeading>0.000000</magneticHeading>
<gpsHeading>329.825195</gpsHeading>
<haccuracy>9.948000</haccuracy>
<vaccuracy>9.948000</vaccuracy>
<internetconnect>2</internetconnect>
</trkpt>
<trkpt lat="35.820829" lon="139.058022">
<ele>1273.724624</ele>
<time>2026-05-09T04:26:12Z</time>
<speed>0.440000</speed>
<trueHeading>0.000000</trueHeading>
<magneticHeading>0.000000</magneticHeading>
<gpsHeading>334.184052</gpsHeading>
<haccuracy>10.467000</haccuracy>
<vaccuracy>10.467000</vaccuracy>
<internetconnect>0</internetconnect>
</trkpt>
<trkpt lat="35.820890" lon="139.057955">
<ele>1276.312367</ele>
<time>2026-05-09T04:27:14Z</time>
<speed>0.000000</speed>
<trueHeading>0.000000</trueHeading>
<magneticHeading>0.000000</magneticHeading>
<gpsHeading>318.157898</gpsHeading>
<haccuracy>10.449000</haccuracy>
<vaccuracy>10.449000</vaccuracy>
<internetconnect>0</internetconnect>
</trkpt>
<trkpt lat="35.820895" lon="139.057941">
<ele>1278.070520</ele>
<time>2026-05-09T04:28:15Z</time>
<speed>0.310000</speed>
<trueHeading>0.000000</trueHeading>
<magneticHeading>0.000000</magneticHeading>
<gpsHeading>295.376648</gpsHeading>
<haccuracy>10.383000</haccuracy>
<vaccuracy>10.383000</vaccuracy>
<internetconnect>0</internetconnect>
</trkpt>
<trkpt lat="35.820984" lon="139.057898">
<ele>1279.141103</ele>
<time>2026-05-09T04:29:17Z</time>
<speed>0.240000</speed>
<trueHeading>0.000000</trueHeading>
<magneticHeading>0.000000</magneticHeading>
<gpsHeading>338.766296</gpsHeading>
<haccuracy>10.593000</haccuracy>
<vaccuracy>10.593000</vaccuracy>
<internetconnect>0</internetconnect>
</trkpt>
<trkpt lat="35.821044" lon="139.057880">
<ele>1280.603815</ele>
<time>2026-05-09T04:29:28Z</time>
<speed>0.190000</speed>
<trueHeading>0.000000</trueHeading>
<magneticHeading>0.000000</magneticHeading>
<gpsHeading>331.164520</gpsHeading>
<haccuracy>10.539000</haccuracy>
<vaccuracy>10.539000</vaccuracy>
<internetconnect>2</internetconnect>
</trkpt>
<trkpt lat="35.821053" lon="139.057805">
<ele>1281.563399</ele>
<time>2026-05-09T04:30:19Z</time>
<speed>0.850000</speed>
<trueHeading>0.000000</trueHeading>
<magneticHeading>0.000000</magneticHeading>
<gpsHeading>312.592377</gpsHeading>
<haccuracy>10.698000</haccuracy>
<vaccuracy>10.698000</vaccuracy>
<internetconnect>0</internetconnect>
</trkpt>
<trkpt lat="35.821238" lon="139.057782">
<ele>1281.477696</ele>
<time>2026-05-09T04:30:42Z</time>
<speed>0.720000</speed>
<trueHeading>0.000000</trueHeading>
<magneticHeading>0.000000</magneticHeading>
<gpsHeading>354.259186</gpsHeading>
<haccuracy>10.407000</haccuracy>
<vaccuracy>10.407000</vaccuracy>
<internetconnect>0</internetconnect>
</trkpt>
<trkpt lat="35.821335" lon="139.057649">
<ele>1279.236383</ele>
<time>2026-05-09T04:31:20Z</time>
<speed>0.790000</speed>
<trueHeading>0.000000</trueHeading>
<magneticHeading>0.000000</magneticHeading>
<gpsHeading>312.007355</gpsHeading>
<haccuracy>10.406000</haccuracy>
<vaccuracy>10.406000</vaccuracy>
<internetconnect>0</internetconnect>
</trkpt>
<trkpt lat="35.821483" lon="139.057623">
<ele>1280.291251</ele>
<time>2026-05-09T04:32:02Z</time>
<speed>0.830000</speed>
<trueHeading>0.000000</trueHeading>
<magneticHeading>0.000000</magneticHeading>
<gpsHeading>351.811646</gpsHeading>
<haccuracy>10.303000</haccuracy>
<vaccuracy>10.303000</vaccuracy>
<internetconnect>0</internetconnect>
</trkpt>
<trkpt lat="35.821629" lon="139.057643">
<ele>1286.598825</ele>
<time>2026-05-09T04:32:44Z</time>
<speed>0.550000</speed>
<trueHeading>0.000000</trueHeading>
<magneticHeading>0.000000</magneticHeading>
<gpsHeading>6.458719</gpsHeading>
<haccuracy>5.389000</haccuracy>
<vaccuracy>5.389000</vaccuracy>
<internetconnect>0</internetconnect>
</trkpt>
<trkpt lat="35.821679" lon="139.057560">
<ele>1290.388891</ele>
<time>2026-05-09T04:33:20Z</time>
<speed>0.820000</speed>
<trueHeading>0.000000</trueHeading>
<magneticHeading>0.000000</magneticHeading>
<gpsHeading>337.780426</gpsHeading>
<haccuracy>10.240000</haccuracy>
<vaccuracy>10.240000</vaccuracy>
<internetconnect>2</internetconnect>
</trkpt>
<trkpt lat="35.821758" lon="139.057560">
<ele>1291.843377</ele>
<time>2026-05-09T04:33:36Z</time>
<speed>0.000000</speed>
<trueHeading>0.000000</trueHeading>
<magneticHeading>0.000000</magneticHeading>
<gpsHeading>332.363892</gpsHeading>
<haccuracy>10.092000</haccuracy>
<vaccuracy>10.092000</vaccuracy>
<internetconnect>0</internetconnect>
</trkpt>
<trkpt lat="35.821707" lon="139.057542">
<ele>1291.746094</ele>
<time>2026-05-09T04:34:37Z</time>
<speed>0.000000</speed>
<trueHeading>0.000000</trueHeading>
<magneticHeading>0.000000</magneticHeading>
<gpsHeading>195.864944</gpsHeading>
<haccuracy>9.935000</haccuracy>
<vaccuracy>9.935000</vaccuracy>
<internetconnect>0</internetconnect>
</trkpt>
<trkpt lat="35.821844" lon="139.057600">
<ele>1293.059410</ele>
<time>2026-05-09T04:35:39Z</time>
<speed>0.347415</speed>
<trueHeading>0.000000</trueHeading>
<magneticHeading>0.000000</magneticHeading>
<gpsHeading>19.028021</gpsHeading>
<haccuracy>4.820000</haccuracy>
<vaccuracy>4.820000</vaccuracy>
<internetconnect>0</internetconnect>
</trkpt>
<trkpt lat="35.821983" lon="139.057655">
<ele>1295.245187</ele>
<time>2026-05-09T04:36:08Z</time>
<speed>0.017971</speed>
<trueHeading>0.000000</trueHeading>
<magneticHeading>0.000000</magneticHeading>
<gpsHeading>17.594229</gpsHeading>
<haccuracy>3.740000</haccuracy>
<vaccuracy>3.740000</vaccuracy>
<internetconnect>0</internetconnect>
</trkpt>
<trkpt lat="35.821838" lon="139.057615">
<ele>1295.774860</ele>
<time>2026-05-09T04:36:53Z</time>
<speed>0.027737</speed>
<trueHeading>0.000000</trueHeading>
<magneticHeading>0.000000</magneticHeading>
<gpsHeading>192.644073</gpsHeading>
<haccuracy>4.015000</haccuracy>
<vaccuracy>4.015000</vaccuracy>
<internetconnect>0</internetconnect>
</trkpt>
<trkpt lat="35.821852" lon="139.057600">
<ele>1295.692373</ele>
<time>2026-05-09T04:37:22Z</time>
<speed>0.160858</speed>
<trueHeading>0.000000</trueHeading>
<magneticHeading>0.000000</magneticHeading>
<gpsHeading>10.568599</gpsHeading>
<haccuracy>3.930000</haccuracy>
<vaccuracy>3.930000</vaccuracy>
<internetconnect>2</internetconnect>
</trkpt>
<trkpt lat="35.821965" lon="139.057663">
<ele>1295.098181</ele>
<time>2026-05-09T04:37:54Z</time>
<speed>0.034743</speed>
<trueHeading>0.000000</trueHeading>
<magneticHeading>0.000000</magneticHeading>
<gpsHeading>17.330969</gpsHeading>
<haccuracy>3.764000</haccuracy>
<vaccuracy>3.764000</vaccuracy>
<internetconnect>0</internetconnect>
</trkpt>
<trkpt lat="35.822052" lon="139.057701">
<ele>1295.913692</ele>
<time>2026-05-09T04:38:56Z</time>
<speed>0.068633</speed>
<trueHeading>0.000000</trueHeading>
<magneticHeading>0.000000</magneticHeading>
<gpsHeading>19.175938</gpsHeading>
<haccuracy>4.683000</haccuracy>
<vaccuracy>4.683000</vaccuracy>
<internetconnect>0</internetconnect>
</trkpt>
<trkpt lat="35.822081" lon="139.057669">
<ele>1296.946337</ele>
<time>2026-05-09T04:39:58Z</time>
<speed>0.053768</speed>
<trueHeading>0.000000</trueHeading>
<magneticHeading>0.000000</magneticHeading>
<gpsHeading>317.529907</gpsHeading>
<haccuracy>4.176000</haccuracy>
<vaccuracy>4.176000</vaccuracy>
<internetconnect>0</internetconnect>
</trkpt>
<trkpt lat="35.822131" lon="139.057345">
<ele>1307.590886</ele>
<time>2026-05-09T04:43:44Z</time>
<speed>0.104116</speed>
<trueHeading>0.000000</trueHeading>
<magneticHeading>0.000000</magneticHeading>
<gpsHeading>0.000000</gpsHeading>
<haccuracy>3.000000</haccuracy>
<vaccuracy>3.000000</vaccuracy>
<internetconnect>0</internetconnect>
</trkpt>
<trkpt lat="35.822131" lon="139.057345">
<ele>1307.929802</ele>
<time>2026-05-09T04:43:44Z</time>
<speed>0.104116</speed>
<trueHeading>0.000000</trueHeading>
<magneticHeading>0.000000</magneticHeading>
<gpsHeading>0.000000</gpsHeading>
<haccuracy>3.000000</haccuracy>
<vaccuracy>3.000000</vaccuracy>
<internetconnect>2</internetconnect>
</trkpt>
<trkpt lat="35.822131" lon="139.057345">
<ele>1307.929802</ele>
<time>2026-05-09T04:43:44Z</time>
<speed>0.104116</speed>
<trueHeading>0.000000</trueHeading>
<magneticHeading>0.000000</magneticHeading>
<gpsHeading>280.838959</gpsHeading>
<haccuracy>3.000000</haccuracy>
<vaccuracy>3.000000</vaccuracy>
<internetconnect>0</internetconnect>
</trkpt>
<trkpt lat="35.822055" lon="139.057253">
<ele>1308.307499</ele>
<time>2026-05-09T04:44:46Z</time>
<speed>0.079185</speed>
<trueHeading>0.000000</trueHeading>
<magneticHeading>0.000000</magneticHeading>
<gpsHeading>224.197372</gpsHeading>
<haccuracy>3.000000</haccuracy>
<vaccuracy>3.000000</vaccuracy>
<internetconnect>0</internetconnect>
</trkpt>
<trkpt lat="35.822031" lon="139.057021">
<ele>1311.663364</ele>
<time>2026-05-09T04:45:34Z</time>
<speed>0.000000</speed>
<trueHeading>0.000000</trueHeading>
<magneticHeading>0.000000</magneticHeading>
<gpsHeading>262.831543</gpsHeading>
<haccuracy>4.840000</haccuracy>
<vaccuracy>4.840000</vaccuracy>
<internetconnect>0</internetconnect>
</trkpt>
<trkpt lat="35.821988" lon="139.056905">
<ele>1315.950046</ele>
<time>2026-05-09T04:46:35Z</time>
<speed>0.000000</speed>
<trueHeading>0.000000</trueHeading>
<magneticHeading>0.000000</magneticHeading>
<gpsHeading>244.979813</gpsHeading>
<haccuracy>9.935000</haccuracy>
<vaccuracy>9.935000</vaccuracy>
<internetconnect>0</internetconnect>
</trkpt>
<trkpt lat="35.821974" lon="139.056725">
<ele>1317.818550</ele>
<time>2026-05-09T04:47:17Z</time>
<speed>0.000000</speed>
<trueHeading>0.000000</trueHeading>
<magneticHeading>0.000000</magneticHeading>
<gpsHeading>264.679382</gpsHeading>
<haccuracy>9.935000</haccuracy>
<vaccuracy>9.935000</vaccuracy>
<internetconnect>0</internetconnect>
</trkpt>
<trkpt lat="35.822012" lon="139.056721">
<ele>1317.685173</ele>
<time>2026-05-09T04:47:46Z</time>
<speed>0.000000</speed>
<trueHeading>0.000000</trueHeading>
<magneticHeading>0.000000</magneticHeading>
<gpsHeading>256.752075</gpsHeading>
<haccuracy>9.935000</haccuracy>
<vaccuracy>9.935000</vaccuracy>
<internetconnect>0</internetconnect>
</trkpt>
<trkpt lat="35.822012" lon="139.056721">
<ele>1317.685173</ele>
<time>2026-05-09T04:47:46Z</time>
<speed>0.000000</speed>
<trueHeading>0.000000</trueHeading>
<magneticHeading>0.000000</magneticHeading>
<gpsHeading>256.752075</gpsHeading>
<haccuracy>9.935000</haccuracy>
<vaccuracy>9.935000</vaccuracy>
<internetconnect>2</internetconnect>
</trkpt>
<trkpt lat="35.822013" lon="139.056723">
<ele>1316.546561</ele>
<time>2026-05-09T04:48:19Z</time>
<speed>0.000000</speed>
<trueHeading>0.000000</trueHeading>
<magneticHeading>0.000000</magneticHeading>
<gpsHeading>358.324158</gpsHeading>
<haccuracy>9.935000</haccuracy>
<vaccuracy>9.935000</vaccuracy>
<internetconnect>0</internetconnect>
</trkpt>
<trkpt lat="35.822085" lon="139.056570">
<ele>1319.007883</ele>
<time>2026-05-09T04:49:06Z</time>
<speed>0.000000</speed>
<trueHeading>0.000000</trueHeading>
<magneticHeading>0.000000</magneticHeading>
<gpsHeading>300.354614</gpsHeading>
<haccuracy>9.935000</haccuracy>
<vaccuracy>9.935000</vaccuracy>
<internetconnect>0</internetconnect>
</trkpt>
<trkpt lat="35.822191" lon="139.056435">
<ele>1319.678694</ele>
<time>2026-05-09T04:50:08Z</time>
<speed>0.540000</speed>
<trueHeading>0.000000</trueHeading>
<magneticHeading>0.000000</magneticHeading>
<gpsHeading>313.892181</gpsHeading>
<haccuracy>10.690000</haccuracy>
<vaccuracy>10.690000</vaccuracy>
<internetconnect>0</internetconnect>
</trkpt>
<trkpt lat="35.822251" lon="139.056273">
<ele>1323.351236</ele>
<time>2026-05-09T04:50:51Z</time>
<speed>0.000000</speed>
<trueHeading>0.000000</trueHeading>
<magneticHeading>0.000000</magneticHeading>
<gpsHeading>294.639465</gpsHeading>
<haccuracy>10.295000</haccuracy>
<vaccuracy>10.295000</vaccuracy>
<internetconnect>0</internetconnect>
</trkpt>
<trkpt lat="35.822278" lon="139.056137">
<ele>1327.641152</ele>
<time>2026-05-09T04:51:47Z</time>
<speed>0.000000</speed>
<trueHeading>0.000000</trueHeading>
<magneticHeading>0.000000</magneticHeading>
<gpsHeading>299.331390</gpsHeading>
<haccuracy>9.950000</haccuracy>
<vaccuracy>9.950000</vaccuracy>
<internetconnect>2</internetconnect>
</trkpt>
<trkpt lat="35.822278" lon="139.056137">
<ele>1327.641152</ele>
<time>2026-05-09T04:51:47Z</time>
<speed>0.000000</speed>
<trueHeading>0.000000</trueHeading>
<magneticHeading>0.000000</magneticHeading>
<gpsHeading>299.331390</gpsHeading>
<haccuracy>9.950000</haccuracy>
<vaccuracy>9.950000</vaccuracy>
<internetconnect>2</internetconnect>
</trkpt>
<trkpt lat="35.822326" lon="139.056116">
<ele>1328.095727</ele>
<time>2026-05-09T04:51:51Z</time>
<speed>0.960000</speed>
<trueHeading>0.000000</trueHeading>
<magneticHeading>0.000000</magneticHeading>
<gpsHeading>300.440887</gpsHeading>
<haccuracy>10.162000</haccuracy>
<vaccuracy>10.162000</vaccuracy>
<internetconnect>0</internetconnect>
</trkpt>
<trkpt lat="35.822449" lon="139.056008">
<ele>1329.317656</ele>
<time>2026-05-09T04:52:40Z</time>
<speed>0.240000</speed>
<trueHeading>0.000000</trueHeading>
<magneticHeading>0.000000</magneticHeading>
<gpsHeading>324.616669</gpsHeading>
<haccuracy>9.935000</haccuracy>
<vaccuracy>9.935000</vaccuracy>
<internetconnect>0</internetconnect>
</trkpt>
<trkpt lat="35.822580" lon="139.055926">
<ele>1328.105180</ele>
<time>2026-05-09T04:53:11Z</time>
<speed>0.000000</speed>
<trueHeading>0.000000</trueHeading>
<magneticHeading>0.000000</magneticHeading>
<gpsHeading>333.185089</gpsHeading>
<haccuracy>9.935000</haccuracy>
<vaccuracy>9.935000</vaccuracy>
<internetconnect>0</internetconnect>
</trkpt>
<trkpt lat="35.822655" lon="139.055774">
<ele>1332.967893</ele>
<time>2026-05-09T04:53:46Z</time>
<speed>0.409263</speed>
<trueHeading>0.000000</trueHeading>
<magneticHeading>0.000000</magneticHeading>
<gpsHeading>301.032349</gpsHeading>
<haccuracy>4.771000</haccuracy>
<vaccuracy>4.771000</vaccuracy>
<internetconnect>0</internetconnect>
</trkpt>
<trkpt lat="35.822708" lon="139.055609">
<ele>1333.745459</ele>
<time>2026-05-09T04:54:17Z</time>
<speed>0.166050</speed>
<trueHeading>0.000000</trueHeading>
<magneticHeading>0.000000</magneticHeading>
<gpsHeading>291.733948</gpsHeading>
<haccuracy>4.250000</haccuracy>
<vaccuracy>4.250000</vaccuracy>
<internetconnect>0</internetconnect>
</trkpt>
<trkpt lat="35.822696" lon="139.055547">
<ele>1334.160257</ele>
<time>2026-05-09T04:55:18Z</time>
<speed>0.112326</speed>
<trueHeading>0.000000</trueHeading>
<magneticHeading>0.000000</magneticHeading>
<gpsHeading>256.529541</gpsHeading>
<haccuracy>3.948000</haccuracy>
<vaccuracy>3.948000</vaccuracy>
<internetconnect>0</internetconnect>
</trkpt>
<trkpt lat="35.822649" lon="139.055429">
<ele>1335.355660</ele>
<time>2026-05-09T04:55:38Z</time>
<speed>0.152852</speed>
<trueHeading>0.000000</trueHeading>
<magneticHeading>0.000000</magneticHeading>
<gpsHeading>302.823395</gpsHeading>
<haccuracy>3.000000</haccuracy>
<vaccuracy>3.000000</vaccuracy>
<internetconnect>2</internetconnect>
</trkpt>
<trkpt lat="35.822649" lon="139.055429">
<ele>1335.355660</ele>
<time>2026-05-09T04:55:38Z</time>
<speed>0.152852</speed>
<trueHeading>0.000000</trueHeading>
<magneticHeading>0.000000</magneticHeading>
<gpsHeading>302.823395</gpsHeading>
<haccuracy>3.000000</haccuracy>
<vaccuracy>3.000000</vaccuracy>
<internetconnect>2</internetconnect>
</trkpt>
<trkpt lat="35.822626" lon="139.055392">
<ele>1335.713179</ele>
<time>2026-05-09T04:55:43Z</time>
<speed>0.129305</speed>
<trueHeading>0.000000</trueHeading>
<magneticHeading>0.000000</magneticHeading>
<gpsHeading>240.937256</gpsHeading>
<haccuracy>3.000000</haccuracy>
<vaccuracy>3.000000</vaccuracy>
<internetconnect>0</internetconnect>
</trkpt>
<trkpt lat="35.822512" lon="139.055281">
<ele>1335.693593</ele>
<time>2026-05-09T04:56:13Z</time>
<speed>0.088488</speed>
<trueHeading>0.000000</trueHeading>
<magneticHeading>0.000000</magneticHeading>
<gpsHeading>218.316666</gpsHeading>
<haccuracy>3.000000</haccuracy>
<vaccuracy>3.000000</vaccuracy>
<internetconnect>0</internetconnect>
</trkpt>
<trkpt lat="35.822431" lon="139.055129">
<ele>1336.602484</ele>
<time>2026-05-09T04:57:03Z</time>
<speed>0.199114</speed>
<trueHeading>0.000000</trueHeading>
<magneticHeading>0.000000</magneticHeading>
<gpsHeading>236.883484</gpsHeading>
<haccuracy>3.964000</haccuracy>
<vaccuracy>3.964000</vaccuracy>
<internetconnect>0</internetconnect>
</trkpt>
<trkpt lat="35.822422" lon="139.054951">
<ele>1334.705167</ele>
<time>2026-05-09T04:57:40Z</time>
<speed>0.285944</speed>
<trueHeading>0.000000</trueHeading>
<magneticHeading>0.000000</magneticHeading>
<gpsHeading>266.475281</gpsHeading>
<haccuracy>4.030000</haccuracy>
<vaccuracy>4.030000</vaccuracy>
<internetconnect>0</internetconnect>
</trkpt>
<trkpt lat="35.822496" lon="139.054795">
<ele>1332.325425</ele>
<time>2026-05-09T04:58:15Z</time>
<speed>0.202158</speed>
<trueHeading>0.000000</trueHeading>
<magneticHeading>0.000000</magneticHeading>
<gpsHeading>300.255707</gpsHeading>
<haccuracy>3.563000</haccuracy>
<vaccuracy>3.563000</vaccuracy>
<internetconnect>0</internetconnect>
</trkpt>
<trkpt lat="35.822516" lon="139.054619">
<ele>1330.968424</ele>
<time>2026-05-09T04:59:00Z</time>
<speed>0.243770</speed>
<trueHeading>0.000000</trueHeading>
<magneticHeading>0.000000</magneticHeading>
<gpsHeading>277.968964</gpsHeading>
<haccuracy>3.988000</haccuracy>
<vaccuracy>3.988000</vaccuracy>
<internetconnect>0</internetconnect>
</trkpt>
<trkpt lat="35.822516" lon="139.054603">
<ele>1331.056545</ele>
<time>2026-05-09T04:59:02Z</time>
<speed>0.385954</speed>
<trueHeading>0.000000</trueHeading>
<magneticHeading>0.000000</magneticHeading>
<gpsHeading>258.825500</gpsHeading>
<haccuracy>4.182000</haccuracy>
<vaccuracy>4.182000</vaccuracy>
<internetconnect>2</internetconnect>
</trkpt>
<trkpt lat="35.822516" lon="139.054603">
<ele>1331.056545</ele>
<time>2026-05-09T04:59:02Z</time>
<speed>0.385954</speed>
<trueHeading>0.000000</trueHeading>
<magneticHeading>0.000000</magneticHeading>
<gpsHeading>258.825500</gpsHeading>
<haccuracy>4.182000</haccuracy>
<vaccuracy>4.182000</vaccuracy>
<internetconnect>2</internetconnect>
</trkpt>
<trkpt lat="35.822568" lon="139.054488">
<ele>1329.610204</ele>
<time>2026-05-09T05:00:02Z</time>
<speed>0.107109</speed>
<trueHeading>0.000000</trueHeading>
<magneticHeading>0.000000</magneticHeading>
<gpsHeading>295.909912</gpsHeading>
<haccuracy>3.684000</haccuracy>
<vaccuracy>3.684000</vaccuracy>
<internetconnect>0</internetconnect>
</trkpt>
<trkpt lat="35.822571" lon="139.054311">
<ele>1332.143574</ele>
<time>2026-05-09T05:00:44Z</time>
<speed>0.426466</speed>
<trueHeading>0.000000</trueHeading>
<magneticHeading>0.000000</magneticHeading>
<gpsHeading>271.554840</gpsHeading>
<haccuracy>3.742000</haccuracy>
<vaccuracy>3.742000</vaccuracy>
<internetconnect>0</internetconnect>
</trkpt>
<trkpt lat="35.822648" lon="139.054325">
<ele>1330.707223</ele>
<time>2026-05-09T05:01:46Z</time>
<speed>0.052235</speed>
<trueHeading>0.000000</trueHeading>
<magneticHeading>0.000000</magneticHeading>
<gpsHeading>8.332263</gpsHeading>
<haccuracy>3.229000</haccuracy>
<vaccuracy>3.229000</vaccuracy>
<internetconnect>0</internetconnect>
</trkpt>
<trkpt lat="35.822536" lon="139.054207">
<ele>1331.683725</ele>
<time>2026-05-09T05:02:27Z</time>
<speed>0.242460</speed>
<trueHeading>0.000000</trueHeading>
<magneticHeading>0.000000</magneticHeading>
<gpsHeading>220.386185</gpsHeading>
<haccuracy>4.405000</haccuracy>
<vaccuracy>4.405000</vaccuracy>
<internetconnect>0</internetconnect>
</trkpt>
<trkpt lat="35.822488" lon="139.054037">
<ele>1334.471528</ele>
<time>2026-05-09T05:03:04Z</time>
<speed>0.822534</speed>
<trueHeading>0.000000</trueHeading>
<magneticHeading>0.000000</magneticHeading>
<gpsHeading>266.442078</gpsHeading>
<haccuracy>5.189000</haccuracy>
<vaccuracy>5.189000</vaccuracy>
<internetconnect>2</internetconnect>
</trkpt>
<trkpt lat="35.822488" lon="139.054037">
<ele>1334.471528</ele>
<time>2026-05-09T05:03:04Z</time>
<speed>0.822534</speed>
<trueHeading>0.000000</trueHeading>
<magneticHeading>0.000000</magneticHeading>
<gpsHeading>266.442078</gpsHeading>
<haccuracy>5.189000</haccuracy>
<vaccuracy>5.189000</vaccuracy>
<internetconnect>2</internetconnect>
</trkpt>
<trkpt lat="35.822488" lon="139.054037">
<ele>1334.471528</ele>
<time>2026-05-09T05:03:04Z</time>
<speed>0.822534</speed>
<trueHeading>0.000000</trueHeading>
<magneticHeading>0.000000</magneticHeading>
<gpsHeading>250.715973</gpsHeading>
<haccuracy>5.189000</haccuracy>
<vaccuracy>5.189000</vaccuracy>
<internetconnect>0</internetconnect>
</trkpt>
<trkpt lat="35.822446" lon="139.053868">
<ele>1333.077783</ele>
<time>2026-05-09T05:03:40Z</time>
<speed>0.178260</speed>
<trueHeading>0.000000</trueHeading>
<magneticHeading>0.000000</magneticHeading>
<gpsHeading>253.140289</gpsHeading>
<haccuracy>4.030000</haccuracy>
<vaccuracy>4.030000</vaccuracy>
<internetconnect>0</internetconnect>
</trkpt>
<trkpt lat="35.822532" lon="139.053849">
<ele>1332.764271</ele>
<time>2026-05-09T05:04:42Z</time>
<speed>0.179829</speed>
<trueHeading>0.000000</trueHeading>
<magneticHeading>0.000000</magneticHeading>
<gpsHeading>350.274231</gpsHeading>
<haccuracy>4.110000</haccuracy>
<vaccuracy>4.110000</vaccuracy>
<internetconnect>0</internetconnect>
</trkpt>
<trkpt lat="35.822501" lon="139.053867">
<ele>1334.794960</ele>
<time>2026-05-09T05:05:44Z</time>
<speed>0.066855</speed>
<trueHeading>0.000000</trueHeading>
<magneticHeading>0.000000</magneticHeading>
<gpsHeading>155.420959</gpsHeading>
<haccuracy>3.438000</haccuracy>
<vaccuracy>3.438000</vaccuracy>
<internetconnect>0</internetconnect>
</trkpt>
<trkpt lat="35.822606" lon="139.053995">
<ele>1332.753400</ele>
<time>2026-05-09T05:06:37Z</time>
<speed>0.113078</speed>
<trueHeading>0.000000</trueHeading>
<magneticHeading>0.000000</magneticHeading>
<gpsHeading>44.490913</gpsHeading>
<haccuracy>4.592000</haccuracy>
<vaccuracy>4.592000</vaccuracy>
<internetconnect>0</internetconnect>
</trkpt>
<trkpt lat="35.822682" lon="139.053990">
<ele>1332.966113</ele>
<time>2026-05-09T05:07:05Z</time>
<speed>0.258156</speed>
<trueHeading>0.000000</trueHeading>
<magneticHeading>0.000000</magneticHeading>
<gpsHeading>348.926941</gpsHeading>
<haccuracy>3.326000</haccuracy>
<vaccuracy>3.326000</vaccuracy>
<internetconnect>2</internetconnect>
</trkpt>
<trkpt lat="35.822682" lon="139.053990">
<ele>1332.966113</ele>
<time>2026-05-09T05:07:05Z</time>
<speed>0.258156</speed>
<trueHeading>0.000000</trueHeading>
<magneticHeading>0.000000</magneticHeading>
<gpsHeading>348.926941</gpsHeading>
<haccuracy>3.326000</haccuracy>
<vaccuracy>3.326000</vaccuracy>
<internetconnect>2</internetconnect>
</trkpt>
<trkpt lat="35.822632" lon="139.053835">
<ele>1337.137131</ele>
<time>2026-05-09T05:07:38Z</time>
<speed>0.257622</speed>
<trueHeading>0.000000</trueHeading>
<magneticHeading>0.000000</magneticHeading>
<gpsHeading>281.155853</gpsHeading>
<haccuracy>3.635000</haccuracy>
<vaccuracy>3.635000</vaccuracy>
<internetconnect>0</internetconnect>
</trkpt>
<trkpt lat="35.822511" lon="139.053727">
<ele>1337.743682</ele>
<time>2026-05-09T05:08:05Z</time>
<speed>0.146956</speed>
<trueHeading>0.000000</trueHeading>
<magneticHeading>0.000000</magneticHeading>
<gpsHeading>215.697647</gpsHeading>
<haccuracy>3.408000</haccuracy>
<vaccuracy>3.408000</vaccuracy>
<internetconnect>0</internetconnect>
</trkpt>
<trkpt lat="35.822529" lon="139.053545">
<ele>1342.153795</ele>
<time>2026-05-09T05:08:42Z</time>
<speed>0.678018</speed>
<trueHeading>0.000000</trueHeading>
<magneticHeading>0.000000</magneticHeading>
<gpsHeading>277.175903</gpsHeading>
<haccuracy>6.630000</haccuracy>
<vaccuracy>6.630000</vaccuracy>
<internetconnect>0</internetconnect>
</trkpt>
<trkpt lat="35.822579" lon="139.053297">
<ele>1344.327607</ele>
<time>2026-05-09T05:09:06Z</time>
<speed>0.467652</speed>
<trueHeading>0.000000</trueHeading>
<magneticHeading>0.000000</magneticHeading>
<gpsHeading>283.839874</gpsHeading>
<haccuracy>4.346000</haccuracy>
<vaccuracy>4.346000</vaccuracy>
<internetconnect>0</internetconnect>
</trkpt>
<trkpt lat="35.822675" lon="139.053319">
<ele>1347.157381</ele>
<time>2026-05-09T05:10:07Z</time>
<speed>0.081064</speed>
<trueHeading>0.000000</trueHeading>
<magneticHeading>0.000000</magneticHeading>
<gpsHeading>10.867025</gpsHeading>
<haccuracy>4.788000</haccuracy>
<vaccuracy>4.788000</vaccuracy>
<internetconnect>0</internetconnect>
</trkpt>
<trkpt lat="35.822722" lon="139.053350">
<ele>1347.063740</ele>
<time>2026-05-09T05:11:06Z</time>
<speed>1.340000</speed>
<trueHeading>0.000000</trueHeading>
<magneticHeading>0.000000</magneticHeading>
<gpsHeading>274.468018</gpsHeading>
<haccuracy>9.935000</haccuracy>
<vaccuracy>9.935000</vaccuracy>
<internetconnect>2</internetconnect>
</trkpt>
<trkpt lat="35.822722" lon="139.053350">
<ele>1347.063740</ele>
<time>2026-05-09T05:11:06Z</time>
<speed>1.340000</speed>
<trueHeading>0.000000</trueHeading>
<magneticHeading>0.000000</magneticHeading>
<gpsHeading>274.468018</gpsHeading>
<haccuracy>9.935000</haccuracy>
<vaccuracy>9.935000</vaccuracy>
<internetconnect>2</internetconnect>
</trkpt>
<trkpt lat="35.822747" lon="139.053324">
<ele>1347.072484</ele>
<time>2026-05-09T05:11:09Z</time>
<speed>0.000000</speed>
<trueHeading>0.000000</trueHeading>
<magneticHeading>0.000000</magneticHeading>
<gpsHeading>3.236250</gpsHeading>
<haccuracy>9.975000</haccuracy>
<vaccuracy>9.975000</vaccuracy>
<internetconnect>0</internetconnect>
</trkpt>
<trkpt lat="35.822881" lon="139.053265">
<ele>1344.803462</ele>
<time>2026-05-09T05:12:11Z</time>
<speed>0.404321</speed>
<trueHeading>0.000000</trueHeading>
<magneticHeading>0.000000</magneticHeading>
<gpsHeading>340.308746</gpsHeading>
<haccuracy>3.689000</haccuracy>
<vaccuracy>3.689000</vaccuracy>
<internetconnect>0</internetconnect>
</trkpt>
<trkpt lat="35.822782" lon="139.053421">
<ele>1347.522705</ele>
<time>2026-05-09T05:12:35Z</time>
<speed>0.540061</speed>
<trueHeading>0.000000</trueHeading>
<magneticHeading>0.000000</magneticHeading>
<gpsHeading>128.220505</gpsHeading>
<haccuracy>3.000000</haccuracy>
<vaccuracy>3.000000</vaccuracy>
<internetconnect>0</internetconnect>
</trkpt>
<trkpt lat="35.822638" lon="139.053406">
<ele>1345.572313</ele>
<time>2026-05-09T05:13:01Z</time>
<speed>0.426437</speed>
<trueHeading>0.000000</trueHeading>
<magneticHeading>0.000000</magneticHeading>
<gpsHeading>184.731720</gpsHeading>
<haccuracy>3.000000</haccuracy>
<vaccuracy>3.000000</vaccuracy>
<internetconnect>0</internetconnect>
</trkpt>
<trkpt lat="35.822600" lon="139.053133">
<ele>1344.212264</ele>
<time>2026-05-09T05:13:24Z</time>
<speed>0.854165</speed>
<trueHeading>0.000000</trueHeading>
<magneticHeading>0.000000</magneticHeading>
<gpsHeading>260.388306</gpsHeading>
<haccuracy>3.029000</haccuracy>
<vaccuracy>3.029000</vaccuracy>
<internetconnect>0</internetconnect>
</trkpt>
<trkpt lat="35.822628" lon="139.053073">
<ele>1343.031637</ele>
<time>2026-05-09T05:14:25Z</time>
<speed>0.116580</speed>
<trueHeading>0.000000</trueHeading>
<magneticHeading>0.000000</magneticHeading>
<gpsHeading>299.916229</gpsHeading>
<haccuracy>4.829000</haccuracy>
<vaccuracy>4.829000</vaccuracy>
<internetconnect>0</internetconnect>
</trkpt>
<trkpt lat="35.822627" lon="139.053059">
<ele>1343.677455</ele>
<time>2026-05-09T05:15:08Z</time>
<speed>0.107127</speed>
<trueHeading>0.000000</trueHeading>
<magneticHeading>0.000000</magneticHeading>
<gpsHeading>247.951614</gpsHeading>
<haccuracy>4.403000</haccuracy>
<vaccuracy>4.403000</vaccuracy>
<internetconnect>2</internetconnect>
</trkpt>
<trkpt lat="35.822627" lon="139.053059">
<ele>1343.677455</ele>
<time>2026-05-09T05:15:08Z</time>
<speed>0.107127</speed>
<trueHeading>0.000000</trueHeading>
<magneticHeading>0.000000</magneticHeading>
<gpsHeading>247.951614</gpsHeading>
<haccuracy>4.403000</haccuracy>
<vaccuracy>4.403000</vaccuracy>
<internetconnect>2</internetconnect>
</trkpt>
<trkpt lat="35.822618" lon="139.053050">
<ele>1343.645509</ele>
<time>2026-05-09T05:15:27Z</time>
<speed>0.313870</speed>
<trueHeading>0.000000</trueHeading>
<magneticHeading>0.000000</magneticHeading>
<gpsHeading>241.694916</gpsHeading>
<haccuracy>5.378000</haccuracy>
<vaccuracy>5.378000</vaccuracy>
<internetconnect>0</internetconnect>
</trkpt>
<trkpt lat="35.822599" lon="139.052932">
<ele>1342.465225</ele>
<time>2026-05-09T05:16:28Z</time>
<speed>0.114693</speed>
<trueHeading>0.000000</trueHeading>
<magneticHeading>0.000000</magneticHeading>
<gpsHeading>258.855835</gpsHeading>
<haccuracy>4.012000</haccuracy>
<vaccuracy>4.012000</vaccuracy>
<internetconnect>0</internetconnect>
</trkpt>
<trkpt lat="35.822554" lon="139.052877">
<ele>1344.658527</ele>
<time>2026-05-09T05:17:29Z</time>
<speed>0.109397</speed>
<trueHeading>0.000000</trueHeading>
<magneticHeading>0.000000</magneticHeading>
<gpsHeading>224.466110</gpsHeading>
<haccuracy>4.055000</haccuracy>
<vaccuracy>4.055000</vaccuracy>
<internetconnect>0</internetconnect>
</trkpt>
<trkpt lat="35.822526" lon="139.052769">
<ele>1350.940512</ele>
<time>2026-05-09T05:18:30Z</time>
<speed>0.228345</speed>
<trueHeading>0.000000</trueHeading>
<magneticHeading>0.000000</magneticHeading>
<gpsHeading>252.506378</gpsHeading>
<haccuracy>3.917000</haccuracy>
<vaccuracy>3.917000</vaccuracy>
<internetconnect>0</internetconnect>
</trkpt>
<trkpt lat="35.822542" lon="139.052798">
<ele>1351.874075</ele>
<time>2026-05-09T05:19:10Z</time>
<speed>0.175254</speed>
<trueHeading>0.000000</trueHeading>
<magneticHeading>0.000000</magneticHeading>
<gpsHeading>248.054886</gpsHeading>
<haccuracy>3.892000</haccuracy>
<vaccuracy>3.892000</vaccuracy>
<internetconnect>2</internetconnect>
</trkpt>
<trkpt lat="35.822542" lon="139.052798">
<ele>1351.874075</ele>
<time>2026-05-09T05:19:10Z</time>
<speed>0.175254</speed>
<trueHeading>0.000000</trueHeading>
<magneticHeading>0.000000</magneticHeading>
<gpsHeading>248.054886</gpsHeading>
<haccuracy>3.892000</haccuracy>
<vaccuracy>3.892000</vaccuracy>
<internetconnect>2</internetconnect>
</trkpt>
<trkpt lat="35.822555" lon="139.052797">
<ele>1351.077859</ele>
<time>2026-05-09T05:19:32Z</time>
<speed>0.184632</speed>
<trueHeading>0.000000</trueHeading>
<magneticHeading>0.000000</magneticHeading>
<gpsHeading>38.149460</gpsHeading>
<haccuracy>4.567000</haccuracy>
<vaccuracy>4.567000</vaccuracy>
<internetconnect>0</internetconnect>
</trkpt>
<trkpt lat="35.822600" lon="139.052628">
<ele>1354.828206</ele>
<time>2026-05-09T05:20:13Z</time>
<speed>0.125456</speed>
<trueHeading>0.000000</trueHeading>
<magneticHeading>0.000000</magneticHeading>
<gpsHeading>288.054382</gpsHeading>
<haccuracy>3.845000</haccuracy>
<vaccuracy>3.845000</vaccuracy>
<internetconnect>0</internetconnect>
</trkpt>
<trkpt lat="35.822495" lon="139.052505">
<ele>1356.700822</ele>
<time>2026-05-09T05:21:06Z</time>
<speed>0.274289</speed>
<trueHeading>0.000000</trueHeading>
<magneticHeading>0.000000</magneticHeading>
<gpsHeading>223.502914</gpsHeading>
<haccuracy>3.928000</haccuracy>
<vaccuracy>3.928000</vaccuracy>
<internetconnect>0</internetconnect>
</trkpt>
<trkpt lat="35.822437" lon="139.052435">
<ele>1355.854624</ele>
<time>2026-05-09T05:22:08Z</time>
<speed>0.201852</speed>
<trueHeading>0.000000</trueHeading>
<magneticHeading>0.000000</magneticHeading>
<gpsHeading>224.528671</gpsHeading>
<haccuracy>3.989000</haccuracy>
<vaccuracy>3.989000</vaccuracy>
<internetconnect>0</internetconnect>
</trkpt>
<trkpt lat="35.822410" lon="139.052361">
<ele>1357.136220</ele>
<time>2026-05-09T05:23:10Z</time>
<speed>0.323809</speed>
<trueHeading>0.000000</trueHeading>
<magneticHeading>0.000000</magneticHeading>
<gpsHeading>245.728485</gpsHeading>
<haccuracy>5.342000</haccuracy>
<vaccuracy>5.342000</vaccuracy>
<internetconnect>0</internetconnect>
</trkpt>
<trkpt lat="35.822409" lon="139.052360">
<ele>1357.183530</ele>
<time>2026-05-09T05:23:11Z</time>
<speed>0.679065</speed>
<trueHeading>0.000000</trueHeading>
<magneticHeading>0.000000</magneticHeading>
<gpsHeading>249.554291</gpsHeading>
<haccuracy>6.113000</haccuracy>
<vaccuracy>6.113000</vaccuracy>
<internetconnect>2</internetconnect>
</trkpt>
<trkpt lat="35.822406" lon="139.052357">
<ele>1357.220845</ele>
<time>2026-05-09T05:23:12Z</time>
<speed>0.845874</speed>
<trueHeading>0.000000</trueHeading>
<magneticHeading>0.000000</magneticHeading>
<gpsHeading>249.222672</gpsHeading>
<haccuracy>6.403000</haccuracy>
<vaccuracy>6.403000</vaccuracy>
<internetconnect>2</internetconnect>
</trkpt>
<trkpt lat="35.822301" lon="139.052295">
<ele>1359.175408</ele>
<time>2026-05-09T05:24:11Z</time>
<speed>0.163995</speed>
<trueHeading>0.000000</trueHeading>
<magneticHeading>0.000000</magneticHeading>
<gpsHeading>206.100723</gpsHeading>
<haccuracy>3.495000</haccuracy>
<vaccuracy>3.495000</vaccuracy>
<internetconnect>0</internetconnect>
</trkpt>
<trkpt lat="35.822337" lon="139.052277">
<ele>1359.337136</ele>
<time>2026-05-09T05:25:13Z</time>
<speed>0.253949</speed>
<trueHeading>0.000000</trueHeading>
<magneticHeading>0.000000</magneticHeading>
<gpsHeading>338.259277</gpsHeading>
<haccuracy>3.165000</haccuracy>
<vaccuracy>3.165000</vaccuracy>
<internetconnect>0</internetconnect>
</trkpt>
<trkpt lat="35.822321" lon="139.052417">
<ele>1361.723591</ele>
<time>2026-05-09T05:26:15Z</time>
<speed>0.195097</speed>
<trueHeading>0.000000</trueHeading>
<magneticHeading>0.000000</magneticHeading>
<gpsHeading>97.979012</gpsHeading>
<haccuracy>3.000000</haccuracy>
<vaccuracy>3.000000</vaccuracy>
<internetconnect>0</internetconnect>
</trkpt>
<trkpt lat="35.822195" lon="139.052508">
<ele>1370.395959</ele>
<time>2026-05-09T05:27:11Z</time>
<speed>0.557516</speed>
<trueHeading>0.000000</trueHeading>
<magneticHeading>0.000000</magneticHeading>
<gpsHeading>149.693848</gpsHeading>
<haccuracy>4.563000</haccuracy>
<vaccuracy>4.563000</vaccuracy>
<internetconnect>0</internetconnect>
</trkpt>
<trkpt lat="35.822191" lon="139.052511">
<ele>1370.549150</ele>
<time>2026-05-09T05:27:13Z</time>
<speed>0.438608</speed>
<trueHeading>0.000000</trueHeading>
<magneticHeading>0.000000</magneticHeading>
<gpsHeading>150.750977</gpsHeading>
<haccuracy>4.729000</haccuracy>
<vaccuracy>4.729000</vaccuracy>
<internetconnect>2</internetconnect>
</trkpt>
<trkpt lat="35.822187" lon="139.052514">
<ele>1370.569840</ele>
<time>2026-05-09T05:27:14Z</time>
<speed>0.462706</speed>
<trueHeading>0.000000</trueHeading>
<magneticHeading>0.000000</magneticHeading>
<gpsHeading>149.785706</gpsHeading>
<haccuracy>4.668000</haccuracy>
<vaccuracy>4.668000</vaccuracy>
<internetconnect>2</internetconnect>
</trkpt>
<trkpt lat="35.822079" lon="139.052616">
<ele>1368.763475</ele>
<time>2026-05-09T05:27:42Z</time>
<speed>0.758406</speed>
<trueHeading>0.000000</trueHeading>
<magneticHeading>0.000000</magneticHeading>
<gpsHeading>142.966843</gpsHeading>
<haccuracy>5.334000</haccuracy>
<vaccuracy>5.334000</vaccuracy>
<internetconnect>0</internetconnect>
</trkpt>
<trkpt lat="35.821986" lon="139.052481">
<ele>1363.606311</ele>
<time>2026-05-09T05:28:25Z</time>
<speed>1.007685</speed>
<trueHeading>0.000000</trueHeading>
<magneticHeading>0.000000</magneticHeading>
<gpsHeading>229.618378</gpsHeading>
<haccuracy>4.825000</haccuracy>
<vaccuracy>4.825000</vaccuracy>
<internetconnect>0</internetconnect>
</trkpt>
<trkpt lat="35.821841" lon="139.052342">
<ele>1359.173909</ele>
<time>2026-05-09T05:28:49Z</time>
<speed>0.153451</speed>
<trueHeading>0.000000</trueHeading>
<magneticHeading>0.000000</magneticHeading>
<gpsHeading>218.036819</gpsHeading>
<haccuracy>4.349000</haccuracy>
<vaccuracy>4.349000</vaccuracy>
<internetconnect>0</internetconnect>
</trkpt>
<trkpt lat="35.821882" lon="139.052204">
<ele>1356.254739</ele>
<time>2026-05-09T05:29:51Z</time>
<speed>0.175216</speed>
<trueHeading>0.000000</trueHeading>
<magneticHeading>0.000000</magneticHeading>
<gpsHeading>290.516571</gpsHeading>
<haccuracy>3.947000</haccuracy>
<vaccuracy>3.947000</vaccuracy>
<internetconnect>0</internetconnect>
</trkpt>
<trkpt lat="35.821884" lon="139.052254">
<ele>1356.943580</ele>
<time>2026-05-09T05:30:53Z</time>
<speed>0.083054</speed>
<trueHeading>0.000000</trueHeading>
<magneticHeading>0.000000</magneticHeading>
<gpsHeading>87.306038</gpsHeading>
<haccuracy>3.000000</haccuracy>
<vaccuracy>3.000000</vaccuracy>
<internetconnect>0</internetconnect>
</trkpt>
<trkpt lat="35.821889" lon="139.052250">
<ele>1355.957212</ele>
<time>2026-05-09T05:31:14Z</time>
<speed>0.168598</speed>
<trueHeading>0.000000</trueHeading>
<magneticHeading>0.000000</magneticHeading>
<gpsHeading>215.096741</gpsHeading>
<haccuracy>4.141000</haccuracy>
<vaccuracy>4.141000</vaccuracy>
<internetconnect>2</internetconnect>
</trkpt>
<trkpt lat="35.821889" lon="139.052249">
<ele>1356.100098</ele>
<time>2026-05-09T05:31:16Z</time>
<speed>0.145225</speed>
<trueHeading>0.000000</trueHeading>
<magneticHeading>0.000000</magneticHeading>
<gpsHeading>215.856018</gpsHeading>
<haccuracy>4.266000</haccuracy>
<vaccuracy>4.266000</vaccuracy>
<internetconnect>2</internetconnect>
</trkpt>
<trkpt lat="35.821893" lon="139.052253">
<ele>1356.456524</ele>
<time>2026-05-09T05:31:55Z</time>
<speed>0.171605</speed>
<trueHeading>0.000000</trueHeading>
<magneticHeading>0.000000</magneticHeading>
<gpsHeading>350.788635</gpsHeading>
<haccuracy>6.533000</haccuracy>
<vaccuracy>6.533000</vaccuracy>
<internetconnect>0</internetconnect>
</trkpt>
<trkpt lat="35.821857" lon="139.052256">
<ele>1353.024742</ele>
<time>2026-05-09T05:32:56Z</time>
<speed>0.187760</speed>
<trueHeading>0.000000</trueHeading>
<magneticHeading>0.000000</magneticHeading>
<gpsHeading>175.517395</gpsHeading>
<haccuracy>4.005000</haccuracy>
<vaccuracy>4.005000</vaccuracy>
<internetconnect>0</internetconnect>
</trkpt>
<trkpt lat="35.821870" lon="139.052078">
<ele>1344.897446</ele>
<time>2026-05-09T05:33:46Z</time>
<speed>0.103825</speed>
<trueHeading>0.000000</trueHeading>
<magneticHeading>0.000000</magneticHeading>
<gpsHeading>275.149719</gpsHeading>
<haccuracy>4.302000</haccuracy>
<vaccuracy>4.302000</vaccuracy>
<internetconnect>0</internetconnect>
</trkpt>
<trkpt lat="35.821935" lon="139.051966">
<ele>1338.803372</ele>
<time>2026-05-09T05:34:48Z</time>
<speed>0.180000</speed>
<trueHeading>0.000000</trueHeading>
<magneticHeading>0.000000</magneticHeading>
<gpsHeading>305.783905</gpsHeading>
<haccuracy>10.562000</haccuracy>
<vaccuracy>10.562000</vaccuracy>
<internetconnect>0</internetconnect>
</trkpt>
<trkpt lat="35.821953" lon="139.051926">
<ele>1336.177792</ele>
<time>2026-05-09T05:35:15Z</time>
<speed>0.000000</speed>
<trueHeading>0.000000</trueHeading>
<magneticHeading>0.000000</magneticHeading>
<gpsHeading>283.538544</gpsHeading>
<haccuracy>11.437000</haccuracy>
<vaccuracy>11.437000</vaccuracy>
<internetconnect>0</internetconnect>
</trkpt>
<trkpt lat="35.821953" lon="139.051926">
<ele>1336.186756</ele>
<time>2026-05-09T05:35:17Z</time>
<speed>0.000000</speed>
<trueHeading>0.000000</trueHeading>
<magneticHeading>0.000000</magneticHeading>
<gpsHeading>283.706879</gpsHeading>
<haccuracy>11.299000</haccuracy>
<vaccuracy>11.299000</vaccuracy>
<internetconnect>2</internetconnect>
</trkpt>
<trkpt lat="35.822017" lon="139.052053">
<ele>1336.520053</ele>
<time>2026-05-09T05:35:50Z</time>
<speed>0.000000</speed>
<trueHeading>0.000000</trueHeading>
<magneticHeading>0.000000</magneticHeading>
<gpsHeading>40.873722</gpsHeading>
<haccuracy>10.261000</haccuracy>
<vaccuracy>10.261000</vaccuracy>
<internetconnect>0</internetconnect>
</trkpt>
<trkpt lat="35.822042" lon="139.051996">
<ele>1329.350183</ele>
<time>2026-05-09T05:36:52Z</time>
<speed>0.230000</speed>
<trueHeading>0.000000</trueHeading>
<magneticHeading>0.000000</magneticHeading>
<gpsHeading>298.379578</gpsHeading>
<haccuracy>10.987000</haccuracy>
<vaccuracy>10.987000</vaccuracy>
<internetconnect>0</internetconnect>
</trkpt>
<trkpt lat="35.822184" lon="139.052074">
<ele>1324.538269</ele>
<time>2026-05-09T05:37:29Z</time>
<speed>0.260000</speed>
<trueHeading>0.000000</trueHeading>
<magneticHeading>0.000000</magneticHeading>
<gpsHeading>23.843695</gpsHeading>
<haccuracy>10.672000</haccuracy>
<vaccuracy>10.672000</vaccuracy>
<internetconnect>0</internetconnect>
</trkpt>
<trkpt lat="35.822259" lon="139.052002">
<ele>1319.897607</ele>
<time>2026-05-09T05:38:31Z</time>
<speed>0.170000</speed>
<trueHeading>0.000000</trueHeading>
<magneticHeading>0.000000</magneticHeading>
<gpsHeading>322.400818</gpsHeading>
<haccuracy>10.432000</haccuracy>
<vaccuracy>10.432000</vaccuracy>
<internetconnect>0</internetconnect>
</trkpt>
<trkpt lat="35.822154" lon="139.051880">
<ele>1318.913054</ele>
<time>2026-05-09T05:39:14Z</time>
<speed>0.000000</speed>
<trueHeading>0.000000</trueHeading>
<magneticHeading>0.000000</magneticHeading>
<gpsHeading>222.988983</gpsHeading>
<haccuracy>10.665000</haccuracy>
<vaccuracy>10.665000</vaccuracy>
<internetconnect>0</internetconnect>
</trkpt>
<trkpt lat="35.822123" lon="139.051884">
<ele>1318.742440</ele>
<time>2026-05-09T05:39:17Z</time>
<speed>0.210000</speed>
<trueHeading>0.000000</trueHeading>
<magneticHeading>0.000000</magneticHeading>
<gpsHeading>348.606415</gpsHeading>
<haccuracy>10.861000</haccuracy>
<vaccuracy>10.861000</vaccuracy>
<internetconnect>0</internetconnect>
</trkpt>
<trkpt lat="35.822112" lon="139.051875">
<ele>1319.390309</ele>
<time>2026-05-09T05:39:19Z</time>
<speed>0.000000</speed>
<trueHeading>0.000000</trueHeading>
<magneticHeading>0.000000</magneticHeading>
<gpsHeading>345.410675</gpsHeading>
<haccuracy>10.903000</haccuracy>
<vaccuracy>10.903000</vaccuracy>
<internetconnect>2</internetconnect>
</trkpt>
<trkpt lat="35.822110" lon="139.051782">
<ele>1313.504744</ele>
<time>2026-05-09T05:40:16Z</time>
<speed>0.000000</speed>
<trueHeading>0.000000</trueHeading>
<magneticHeading>0.000000</magneticHeading>
<gpsHeading>241.173660</gpsHeading>
<haccuracy>10.049000</haccuracy>
<vaccuracy>10.049000</vaccuracy>
<internetconnect>0</internetconnect>
</trkpt>
<trkpt lat="35.822258" lon="139.051731">
<ele>1309.197814</ele>
<time>2026-05-09T05:40:43Z</time>
<speed>0.000000</speed>
<trueHeading>0.000000</trueHeading>
<magneticHeading>0.000000</magneticHeading>
<gpsHeading>344.370026</gpsHeading>
<haccuracy>10.842000</haccuracy>
<vaccuracy>10.842000</vaccuracy>
<internetconnect>0</internetconnect>
</trkpt>
<trkpt lat="35.822294" lon="139.051658">
<ele>1307.064056</ele>
<time>2026-05-09T05:41:45Z</time>
<speed>0.420000</speed>
<trueHeading>0.000000</trueHeading>
<magneticHeading>0.000000</magneticHeading>
<gpsHeading>301.765747</gpsHeading>
<haccuracy>10.920000</haccuracy>
<vaccuracy>10.920000</vaccuracy>
<internetconnect>0</internetconnect>
</trkpt>
<trkpt lat="35.822263" lon="139.051746">
<ele>1302.914324</ele>
<time>2026-05-09T05:42:46Z</time>
<speed>0.630000</speed>
<trueHeading>0.000000</trueHeading>
<magneticHeading>0.000000</magneticHeading>
<gpsHeading>113.752464</gpsHeading>
<haccuracy>11.153000</haccuracy>
<vaccuracy>11.153000</vaccuracy>
<internetconnect>0</internetconnect>
</trkpt>
<trkpt lat="35.822368" lon="139.051670">
<ele>1298.884134</ele>
<time>2026-05-09T05:43:19Z</time>
<speed>0.000000</speed>
<trueHeading>0.000000</trueHeading>
<magneticHeading>0.000000</magneticHeading>
<gpsHeading>324.747375</gpsHeading>
<haccuracy>10.724000</haccuracy>
<vaccuracy>10.724000</vaccuracy>
<internetconnect>0</internetconnect>
</trkpt>
<trkpt lat="35.822369" lon="139.051669">
<ele>1298.488058</ele>
<time>2026-05-09T05:43:21Z</time>
<speed>0.000000</speed>
<trueHeading>0.000000</trueHeading>
<magneticHeading>0.000000</magneticHeading>
<gpsHeading>326.909943</gpsHeading>
<haccuracy>10.745000</haccuracy>
<vaccuracy>10.745000</vaccuracy>
<internetconnect>2</internetconnect>
</trkpt>
<trkpt lat="35.822290" lon="139.051611">
<ele>1297.212630</ele>
<time>2026-05-09T05:43:47Z</time>
<speed>0.270000</speed>
<trueHeading>0.000000</trueHeading>
<magneticHeading>0.000000</magneticHeading>
<gpsHeading>283.914948</gpsHeading>
<haccuracy>10.310000</haccuracy>
<vaccuracy>10.310000</vaccuracy>
<internetconnect>0</internetconnect>
</trkpt>
<trkpt lat="35.822329" lon="139.051654">
<ele>1293.135627</ele>
<time>2026-05-09T05:44:49Z</time>
<speed>0.940000</speed>
<trueHeading>0.000000</trueHeading>
<magneticHeading>0.000000</magneticHeading>
<gpsHeading>42.082794</gpsHeading>
<haccuracy>9.967000</haccuracy>
<vaccuracy>9.967000</vaccuracy>
<internetconnect>0</internetconnect>
</trkpt>
<trkpt lat="35.822315" lon="139.051473">
<ele>1288.634867</ele>
<time>2026-05-09T05:45:44Z</time>
<speed>0.500000</speed>
<trueHeading>0.000000</trueHeading>
<magneticHeading>0.000000</magneticHeading>
<gpsHeading>264.818970</gpsHeading>
<haccuracy>10.228000</haccuracy>
<vaccuracy>10.228000</vaccuracy>
<internetconnect>0</internetconnect>
</trkpt>
<trkpt lat="35.822355" lon="139.051434">
<ele>1284.759098</ele>
<time>2026-05-09T05:46:46Z</time>
<speed>0.190000</speed>
<trueHeading>0.000000</trueHeading>
<magneticHeading>0.000000</magneticHeading>
<gpsHeading>320.963623</gpsHeading>
<haccuracy>10.508000</haccuracy>
<vaccuracy>10.508000</vaccuracy>
<internetconnect>0</internetconnect>
</trkpt>
<trkpt lat="35.822340" lon="139.051453">
<ele>1282.000518</ele>
<time>2026-05-09T05:47:21Z</time>
<speed>0.000000</speed>
<trueHeading>0.000000</trueHeading>
<magneticHeading>0.000000</magneticHeading>
<gpsHeading>260.894562</gpsHeading>
<haccuracy>10.579000</haccuracy>
<vaccuracy>10.579000</vaccuracy>
<internetconnect>0</internetconnect>
</trkpt>
<trkpt lat="35.822345" lon="139.051436">
<ele>1282.000195</ele>
<time>2026-05-09T05:47:23Z</time>
<speed>0.560000</speed>
<trueHeading>0.000000</trueHeading>
<magneticHeading>0.000000</magneticHeading>
<gpsHeading>262.996124</gpsHeading>
<haccuracy>10.549000</haccuracy>
<vaccuracy>10.549000</vaccuracy>
<internetconnect>2</internetconnect>
</trkpt>
<trkpt lat="35.822360" lon="139.051384">
<ele>1280.661498</ele>
<time>2026-05-09T05:47:48Z</time>
<speed>0.400000</speed>
<trueHeading>0.000000</trueHeading>
<magneticHeading>0.000000</magneticHeading>
<gpsHeading>276.665619</gpsHeading>
<haccuracy>10.840000</haccuracy>
<vaccuracy>10.840000</vaccuracy>
<internetconnect>0</internetconnect>
</trkpt>
<trkpt lat="35.822318" lon="139.051287">
<ele>1277.024074</ele>
<time>2026-05-09T05:48:49Z</time>
<speed>0.000000</speed>
<trueHeading>0.000000</trueHeading>
<magneticHeading>0.000000</magneticHeading>
<gpsHeading>241.995453</gpsHeading>
<haccuracy>10.476000</haccuracy>
<vaccuracy>10.476000</vaccuracy>
<internetconnect>0</internetconnect>
</trkpt>
<trkpt lat="35.822391" lon="139.051273">
<ele>1270.575033</ele>
<time>2026-05-09T05:49:50Z</time>
<speed>0.150000</speed>
<trueHeading>0.000000</trueHeading>
<magneticHeading>0.000000</magneticHeading>
<gpsHeading>351.405640</gpsHeading>
<haccuracy>10.572000</haccuracy>
<vaccuracy>10.572000</vaccuracy>
<internetconnect>0</internetconnect>
</trkpt>
<trkpt lat="35.822533" lon="139.051332">
<ele>1268.018910</ele>
<time>2026-05-09T05:50:13Z</time>
<speed>0.000000</speed>
<trueHeading>0.000000</trueHeading>
<magneticHeading>0.000000</magneticHeading>
<gpsHeading>18.581911</gpsHeading>
<haccuracy>11.244000</haccuracy>
<vaccuracy>11.244000</vaccuracy>
<internetconnect>0</internetconnect>
</trkpt>
<trkpt lat="35.822421" lon="139.051215">
<ele>1263.894697</ele>
<time>2026-05-09T05:51:04Z</time>
<speed>1.040000</speed>
<trueHeading>0.000000</trueHeading>
<magneticHeading>0.000000</magneticHeading>
<gpsHeading>220.265671</gpsHeading>
<haccuracy>11.304000</haccuracy>
<vaccuracy>11.304000</vaccuracy>
<internetconnect>0</internetconnect>
</trkpt>
<trkpt lat="35.822395" lon="139.051166">
<ele>1260.805082</ele>
<time>2026-05-09T05:51:22Z</time>
<speed>0.420000</speed>
<trueHeading>0.000000</trueHeading>
<magneticHeading>0.000000</magneticHeading>
<gpsHeading>283.179779</gpsHeading>
<haccuracy>11.090000</haccuracy>
<vaccuracy>11.090000</vaccuracy>
<internetconnect>0</internetconnect>
</trkpt>
<trkpt lat="35.822409" lon="139.051163">
<ele>1261.103210</ele>
<time>2026-05-09T05:51:25Z</time>
<speed>0.000000</speed>
<trueHeading>0.000000</trueHeading>
<magneticHeading>0.000000</magneticHeading>
<gpsHeading>286.081177</gpsHeading>
<haccuracy>10.970000</haccuracy>
<vaccuracy>10.970000</vaccuracy>
<internetconnect>2</internetconnect>
</trkpt>
<trkpt lat="35.822407" lon="139.051085">
<ele>1258.837273</ele>
<time>2026-05-09T05:52:06Z</time>
<speed>0.000000</speed>
<trueHeading>0.000000</trueHeading>
<magneticHeading>0.000000</magneticHeading>
<gpsHeading>262.179443</gpsHeading>
<haccuracy>10.455000</haccuracy>
<vaccuracy>10.455000</vaccuracy>
<internetconnect>0</internetconnect>
</trkpt>
<trkpt lat="35.822378" lon="139.051057">
<ele>1259.663769</ele>
<time>2026-05-09T05:53:08Z</time>
<speed>0.000000</speed>
<trueHeading>0.000000</trueHeading>
<magneticHeading>0.000000</magneticHeading>
<gpsHeading>217.642365</gpsHeading>
<haccuracy>10.626000</haccuracy>
<vaccuracy>10.626000</vaccuracy>
<internetconnect>0</internetconnect>
</trkpt>
<trkpt lat="35.822300" lon="139.051082">
<ele>1264.857865</ele>
<time>2026-05-09T05:54:09Z</time>
<speed>0.240000</speed>
<trueHeading>0.000000</trueHeading>
<magneticHeading>0.000000</magneticHeading>
<gpsHeading>165.982819</gpsHeading>
<haccuracy>10.228000</haccuracy>
<vaccuracy>10.228000</vaccuracy>
<internetconnect>0</internetconnect>
</trkpt>
<trkpt lat="35.822301" lon="139.051148">
<ele>1267.966784</ele>
<time>2026-05-09T05:55:11Z</time>
<speed>0.000000</speed>
<trueHeading>0.000000</trueHeading>
<magneticHeading>0.000000</magneticHeading>
<gpsHeading>88.396881</gpsHeading>
<haccuracy>10.257000</haccuracy>
<vaccuracy>10.257000</vaccuracy>
<internetconnect>0</internetconnect>
</trkpt>
<trkpt lat="35.822296" lon="139.051169">
<ele>1268.574263</ele>
<time>2026-05-09T05:55:23Z</time>
<speed>0.000000</speed>
<trueHeading>0.000000</trueHeading>
<magneticHeading>0.000000</magneticHeading>
<gpsHeading>178.682297</gpsHeading>
<haccuracy>10.388000</haccuracy>
<vaccuracy>10.388000</vaccuracy>
<internetconnect>0</internetconnect>
</trkpt>
<trkpt lat="35.822299" lon="139.051157">
<ele>1269.001654</ele>
<time>2026-05-09T05:55:27Z</time>
<speed>0.230000</speed>
<trueHeading>0.000000</trueHeading>
<magneticHeading>0.000000</magneticHeading>
<gpsHeading>182.565231</gpsHeading>
<haccuracy>10.469000</haccuracy>
<vaccuracy>10.469000</vaccuracy>
<internetconnect>2</internetconnect>
</trkpt>
<trkpt lat="35.822197" lon="139.051063">
<ele>1270.725882</ele>
<time>2026-05-09T05:56:12Z</time>
<speed>1.000000</speed>
<trueHeading>0.000000</trueHeading>
<magneticHeading>0.000000</magneticHeading>
<gpsHeading>213.326523</gpsHeading>
<haccuracy>10.380000</haccuracy>
<vaccuracy>10.380000</vaccuracy>
<internetconnect>0</internetconnect>
</trkpt>
<trkpt lat="35.822177" lon="139.051112">
<ele>1275.735073</ele>
<time>2026-05-09T05:57:13Z</time>
<speed>0.330000</speed>
<trueHeading>0.000000</trueHeading>
<magneticHeading>0.000000</magneticHeading>
<gpsHeading>116.257919</gpsHeading>
<haccuracy>10.251000</haccuracy>
<vaccuracy>10.251000</vaccuracy>
<internetconnect>0</internetconnect>
</trkpt>
<trkpt lat="35.822144" lon="139.051147">
<ele>1281.485931</ele>
<time>2026-05-09T05:58:14Z</time>
<speed>0.000000</speed>
<trueHeading>0.000000</trueHeading>
<magneticHeading>0.000000</magneticHeading>
<gpsHeading>139.561310</gpsHeading>
<haccuracy>10.249000</haccuracy>
<vaccuracy>10.249000</vaccuracy>
<internetconnect>0</internetconnect>
</trkpt>
<trkpt lat="35.822085" lon="139.051075">
<ele>1286.292199</ele>
<time>2026-05-09T05:59:16Z</time>
<speed>0.160000</speed>
<trueHeading>0.000000</trueHeading>
<magneticHeading>0.000000</magneticHeading>
<gpsHeading>224.657715</gpsHeading>
<haccuracy>10.214000</haccuracy>
<vaccuracy>10.214000</vaccuracy>
<internetconnect>0</internetconnect>
</trkpt>
<trkpt lat="35.822071" lon="139.051093">
<ele>1286.695787</ele>
<time>2026-05-09T05:59:25Z</time>
<speed>0.000000</speed>
<trueHeading>0.000000</trueHeading>
<magneticHeading>0.000000</magneticHeading>
<gpsHeading>195.413483</gpsHeading>
<haccuracy>10.545000</haccuracy>
<vaccuracy>10.545000</vaccuracy>
<internetconnect>0</internetconnect>
</trkpt>
<trkpt lat="35.822079" lon="139.051084">
<ele>1287.424410</ele>
<time>2026-05-09T05:59:28Z</time>
<speed>0.000000</speed>
<trueHeading>0.000000</trueHeading>
<magneticHeading>0.000000</magneticHeading>
<gpsHeading>194.927139</gpsHeading>
<haccuracy>10.637000</haccuracy>
<vaccuracy>10.637000</vaccuracy>
<internetconnect>2</internetconnect>
</trkpt>
<trkpt lat="35.822002" lon="139.051023">
<ele>1291.361996</ele>
<time>2026-05-09T06:00:17Z</time>
<speed>0.920000</speed>
<trueHeading>0.000000</trueHeading>
<magneticHeading>0.000000</magneticHeading>
<gpsHeading>207.115036</gpsHeading>
<haccuracy>10.503000</haccuracy>
<vaccuracy>10.503000</vaccuracy>
<internetconnect>0</internetconnect>
</trkpt>
<trkpt lat="35.821945" lon="139.051006">
<ele>1296.918486</ele>
<time>2026-05-09T06:01:18Z</time>
<speed>0.570000</speed>
<trueHeading>0.000000</trueHeading>
<magneticHeading>0.000000</magneticHeading>
<gpsHeading>193.809235</gpsHeading>
<haccuracy>10.376000</haccuracy>
<vaccuracy>10.376000</vaccuracy>
<internetconnect>0</internetconnect>
</trkpt>
<trkpt lat="35.821951" lon="139.051174">
<ele>1304.707392</ele>
<time>2026-05-09T06:02:20Z</time>
<speed>0.131898</speed>
<trueHeading>0.000000</trueHeading>
<magneticHeading>0.000000</magneticHeading>
<gpsHeading>87.432945</gpsHeading>
<haccuracy>3.999000</haccuracy>
<vaccuracy>3.999000</vaccuracy>
<internetconnect>0</internetconnect>
</trkpt>
<trkpt lat="35.821820" lon="139.051199">
<ele>1311.187787</ele>
<time>2026-05-09T06:03:21Z</time>
<speed>0.555414</speed>
<trueHeading>0.000000</trueHeading>
<magneticHeading>0.000000</magneticHeading>
<gpsHeading>171.093216</gpsHeading>
<haccuracy>4.107000</haccuracy>
<vaccuracy>4.107000</vaccuracy>
<internetconnect>0</internetconnect>
</trkpt>
<trkpt lat="35.821815" lon="139.051212">
<ele>1311.820939</ele>
<time>2026-05-09T06:03:27Z</time>
<speed>0.253623</speed>
<trueHeading>0.000000</trueHeading>
<magneticHeading>0.000000</magneticHeading>
<gpsHeading>159.332001</gpsHeading>
<haccuracy>4.615000</haccuracy>
<vaccuracy>4.615000</vaccuracy>
<internetconnect>0</internetconnect>
</trkpt>
<trkpt lat="35.821810" lon="139.051221">
<ele>1312.651476</ele>
<time>2026-05-09T06:03:30Z</time>
<speed>0.220968</speed>
<trueHeading>0.000000</trueHeading>
<magneticHeading>0.000000</magneticHeading>
<gpsHeading>157.731949</gpsHeading>
<haccuracy>4.639000</haccuracy>
<vaccuracy>4.639000</vaccuracy>
<internetconnect>2</internetconnect>
</trkpt>
<trkpt lat="35.821803" lon="139.051263">
<ele>1318.349960</ele>
<time>2026-05-09T06:04:22Z</time>
<speed>0.190000</speed>
<trueHeading>0.000000</trueHeading>
<magneticHeading>0.000000</magneticHeading>
<gpsHeading>107.834389</gpsHeading>
<haccuracy>10.036000</haccuracy>
<vaccuracy>10.036000</vaccuracy>
<internetconnect>0</internetconnect>
</trkpt>
<trkpt lat="35.821764" lon="139.051368">
<ele>1323.791817</ele>
<time>2026-05-09T06:05:24Z</time>
<speed>0.580000</speed>
<trueHeading>0.000000</trueHeading>
<magneticHeading>0.000000</magneticHeading>
<gpsHeading>114.687782</gpsHeading>
<haccuracy>10.155000</haccuracy>
<vaccuracy>10.155000</vaccuracy>
<internetconnect>0</internetconnect>
</trkpt>
<trkpt lat="35.821729" lon="139.051404">
<ele>1328.162743</ele>
<time>2026-05-09T06:06:26Z</time>
<speed>0.000000</speed>
<trueHeading>0.000000</trueHeading>
<magneticHeading>0.000000</magneticHeading>
<gpsHeading>140.569733</gpsHeading>
<haccuracy>9.956000</haccuracy>
<vaccuracy>9.956000</vaccuracy>
<internetconnect>0</internetconnect>
</trkpt>
<trkpt lat="35.821715" lon="139.051465">
<ele>1333.231498</ele>
<time>2026-05-09T06:07:27Z</time>
<speed>0.250000</speed>
<trueHeading>0.000000</trueHeading>
<magneticHeading>0.000000</magneticHeading>
<gpsHeading>106.125351</gpsHeading>
<haccuracy>10.447000</haccuracy>
<vaccuracy>10.447000</vaccuracy>
<internetconnect>0</internetconnect>
</trkpt>
<trkpt lat="35.821713" lon="139.051476">
<ele>1333.457076</ele>
<time>2026-05-09T06:07:29Z</time>
<speed>0.380000</speed>
<trueHeading>0.000000</trueHeading>
<magneticHeading>0.000000</magneticHeading>
<gpsHeading>115.435593</gpsHeading>
<haccuracy>10.409000</haccuracy>
<vaccuracy>10.409000</vaccuracy>
<internetconnect>0</internetconnect>
</trkpt>
<trkpt lat="35.821715" lon="139.051480">
<ele>1333.888447</ele>
<time>2026-05-09T06:07:31Z</time>
<speed>0.230000</speed>
<trueHeading>0.000000</trueHeading>
<magneticHeading>0.000000</magneticHeading>
<gpsHeading>114.202118</gpsHeading>
<haccuracy>10.315000</haccuracy>
<vaccuracy>10.315000</vaccuracy>
<internetconnect>2</internetconnect>
</trkpt>
<trkpt lat="35.821764" lon="139.051553">
<ele>1338.728873</ele>
<time>2026-05-09T06:08:28Z</time>
<speed>0.000000</speed>
<trueHeading>0.000000</trueHeading>
<magneticHeading>0.000000</magneticHeading>
<gpsHeading>55.504066</gpsHeading>
<haccuracy>11.069000</haccuracy>
<vaccuracy>11.069000</vaccuracy>
<internetconnect>0</internetconnect>
</trkpt>
<trkpt lat="35.821771" lon="139.051643">
<ele>1339.961983</ele>
<time>2026-05-09T06:09:29Z</time>
<speed>2.230000</speed>
<trueHeading>0.000000</trueHeading>
<magneticHeading>0.000000</magneticHeading>
<gpsHeading>84.287521</gpsHeading>
<haccuracy>10.193000</haccuracy>
<vaccuracy>10.193000</vaccuracy>
<internetconnect>0</internetconnect>
</trkpt>
<trkpt lat="35.821626" lon="139.051646">
<ele>1345.640593</ele>
<time>2026-05-09T06:10:15Z</time>
<speed>0.820000</speed>
<trueHeading>0.000000</trueHeading>
<magneticHeading>0.000000</magneticHeading>
<gpsHeading>179.201263</gpsHeading>
<haccuracy>9.935000</haccuracy>
<vaccuracy>9.935000</vaccuracy>
<internetconnect>0</internetconnect>
</trkpt>
<trkpt lat="35.821517" lon="139.051740">
<ele>1355.388039</ele>
<time>2026-05-09T06:11:17Z</time>
<speed>0.229125</speed>
<trueHeading>0.000000</trueHeading>
<magneticHeading>0.000000</magneticHeading>
<gpsHeading>145.065094</gpsHeading>
<haccuracy>4.227000</haccuracy>
<vaccuracy>4.227000</vaccuracy>
<internetconnect>0</internetconnect>
</trkpt>
<trkpt lat="35.821498" lon="139.051745">
<ele>1356.734019</ele>
<time>2026-05-09T06:11:31Z</time>
<speed>0.115319</speed>
<trueHeading>0.000000</trueHeading>
<magneticHeading>0.000000</magneticHeading>
<gpsHeading>134.662338</gpsHeading>
<haccuracy>3.870000</haccuracy>
<vaccuracy>3.870000</vaccuracy>
<internetconnect>0</internetconnect>
</trkpt>
<trkpt lat="35.821498" lon="139.051744">
<ele>1356.474101</ele>
<time>2026-05-09T06:11:33Z</time>
<speed>0.096292</speed>
<trueHeading>0.000000</trueHeading>
<magneticHeading>0.000000</magneticHeading>
<gpsHeading>135.391327</gpsHeading>
<haccuracy>3.862000</haccuracy>
<vaccuracy>3.862000</vaccuracy>
<internetconnect>2</internetconnect>
</trkpt>
<trkpt lat="35.821496" lon="139.051741">
<ele>1356.638913</ele>
<time>2026-05-09T06:12:18Z</time>
<speed>0.139069</speed>
<trueHeading>0.000000</trueHeading>
<magneticHeading>0.000000</magneticHeading>
<gpsHeading>177.520782</gpsHeading>
<haccuracy>5.889000</haccuracy>
<vaccuracy>5.889000</vaccuracy>
<internetconnect>0</internetconnect>
</trkpt>
<trkpt lat="35.821497" lon="139.051705">
<ele>1356.944136</ele>
<time>2026-05-09T06:13:19Z</time>
<speed>0.148345</speed>
<trueHeading>0.000000</trueHeading>
<magneticHeading>0.000000</magneticHeading>
<gpsHeading>271.366119</gpsHeading>
<haccuracy>5.788000</haccuracy>
<vaccuracy>5.788000</vaccuracy>
<internetconnect>0</internetconnect>
</trkpt>
<trkpt lat="35.821410" lon="139.051858">
<ele>1362.042125</ele>
<time>2026-05-09T06:13:53Z</time>
<speed>0.580886</speed>
<trueHeading>0.000000</trueHeading>
<magneticHeading>0.000000</magneticHeading>
<gpsHeading>125.005951</gpsHeading>
<haccuracy>3.928000</haccuracy>
<vaccuracy>3.928000</vaccuracy>
<internetconnect>0</internetconnect>
</trkpt>
<trkpt lat="35.821285" lon="139.051947">
<ele>1371.889462</ele>
<time>2026-05-09T06:14:53Z</time>
<speed>0.231607</speed>
<trueHeading>0.000000</trueHeading>
<magneticHeading>0.000000</magneticHeading>
<gpsHeading>149.762207</gpsHeading>
<haccuracy>4.587000</haccuracy>
<vaccuracy>4.587000</vaccuracy>
<internetconnect>0</internetconnect>
</trkpt>
<trkpt lat="35.821338" lon="139.052043">
<ele>1379.201812</ele>
<time>2026-05-09T06:15:32Z</time>
<speed>0.273024</speed>
<trueHeading>0.000000</trueHeading>
<magneticHeading>0.000000</magneticHeading>
<gpsHeading>123.458076</gpsHeading>
<haccuracy>4.466000</haccuracy>
<vaccuracy>4.466000</vaccuracy>
<internetconnect>0</internetconnect>
</trkpt>
<trkpt lat="35.821346" lon="139.052049">
<ele>1379.332983</ele>
<time>2026-05-09T06:15:34Z</time>
<speed>0.268572</speed>
<trueHeading>0.000000</trueHeading>
<magneticHeading>0.000000</magneticHeading>
<gpsHeading>121.516731</gpsHeading>
<haccuracy>4.635000</haccuracy>
<vaccuracy>4.635000</vaccuracy>
<internetconnect>2</internetconnect>
</trkpt>
<trkpt lat="35.821373" lon="139.052094">
<ele>1380.185278</ele>
<time>2026-05-09T06:15:40Z</time>
<speed>0.613859</speed>
<trueHeading>0.000000</trueHeading>
<magneticHeading>0.000000</magneticHeading>
<gpsHeading>53.418743</gpsHeading>
<haccuracy>4.962000</haccuracy>
<vaccuracy>4.962000</vaccuracy>
<internetconnect>0</internetconnect>
</trkpt>
<trkpt lat="35.821302" lon="139.052188">
<ele>1385.066409</ele>
<time>2026-05-09T06:16:41Z</time>
<speed>0.083548</speed>
<trueHeading>0.000000</trueHeading>
<magneticHeading>0.000000</magneticHeading>
<gpsHeading>133.149261</gpsHeading>
<haccuracy>3.930000</haccuracy>
<vaccuracy>3.930000</vaccuracy>
<internetconnect>0</internetconnect>
</trkpt>
<trkpt lat="35.821260" lon="139.052200">
<ele>1385.215190</ele>
<time>2026-05-09T06:17:42Z</time>
<speed>0.234097</speed>
<trueHeading>0.000000</trueHeading>
<magneticHeading>0.000000</magneticHeading>
<gpsHeading>167.318542</gpsHeading>
<haccuracy>5.131000</haccuracy>
<vaccuracy>5.131000</vaccuracy>
<internetconnect>0</internetconnect>
</trkpt>
<trkpt lat="35.821129" lon="139.052174">
<ele>1387.470917</ele>
<time>2026-05-09T06:18:43Z</time>
<speed>0.192274</speed>
<trueHeading>0.000000</trueHeading>
<magneticHeading>0.000000</magneticHeading>
<gpsHeading>188.983749</gpsHeading>
<haccuracy>4.056000</haccuracy>
<vaccuracy>4.056000</vaccuracy>
<internetconnect>0</internetconnect>
</trkpt>
<trkpt lat="35.820975" lon="139.052093">
<ele>1391.495244</ele>
<time>2026-05-09T06:19:07Z</time>
<speed>0.491629</speed>
<trueHeading>0.000000</trueHeading>
<magneticHeading>0.000000</magneticHeading>
<gpsHeading>203.136505</gpsHeading>
<haccuracy>4.991000</haccuracy>
<vaccuracy>4.991000</vaccuracy>
<internetconnect>0</internetconnect>
</trkpt>
<trkpt lat="35.821003" lon="139.052121">
<ele>1394.075009</ele>
<time>2026-05-09T06:19:34Z</time>
<speed>0.064084</speed>
<trueHeading>0.000000</trueHeading>
<magneticHeading>0.000000</magneticHeading>
<gpsHeading>169.360321</gpsHeading>
<haccuracy>3.939000</haccuracy>
<vaccuracy>3.939000</vaccuracy>
<internetconnect>0</internetconnect>
</trkpt>
<trkpt lat="35.821003" lon="139.052122">
<ele>1394.153055</ele>
<time>2026-05-09T06:19:35Z</time>
<speed>0.091326</speed>
<trueHeading>0.000000</trueHeading>
<magneticHeading>0.000000</magneticHeading>
<gpsHeading>170.211639</gpsHeading>
<haccuracy>3.924000</haccuracy>
<vaccuracy>3.924000</vaccuracy>
<internetconnect>2</internetconnect>
</trkpt>
<trkpt lat="35.820951" lon="139.052264">
<ele>1396.538105</ele>
<time>2026-05-09T06:20:08Z</time>
<speed>0.840887</speed>
<trueHeading>0.000000</trueHeading>
<magneticHeading>0.000000</magneticHeading>
<gpsHeading>99.831367</gpsHeading>
<haccuracy>4.400000</haccuracy>
<vaccuracy>4.400000</vaccuracy>
<internetconnect>0</internetconnect>
</trkpt>
<trkpt lat="35.820905" lon="139.052443">
<ele>1402.198975</ele>
<time>2026-05-09T06:20:39Z</time>
<speed>0.507764</speed>
<trueHeading>0.000000</trueHeading>
<magneticHeading>0.000000</magneticHeading>
<gpsHeading>107.305901</gpsHeading>
<haccuracy>4.623000</haccuracy>
<vaccuracy>4.623000</vaccuracy>
<internetconnect>0</internetconnect>
</trkpt>
<trkpt lat="35.820805" lon="139.052499">
<ele>1411.714138</ele>
<time>2026-05-09T06:21:40Z</time>
<speed>0.150951</speed>
<trueHeading>0.000000</trueHeading>
<magneticHeading>0.000000</magneticHeading>
<gpsHeading>155.899216</gpsHeading>
<haccuracy>4.030000</haccuracy>
<vaccuracy>4.030000</vaccuracy>
<internetconnect>0</internetconnect>
</trkpt>
<trkpt lat="35.820706" lon="139.052638">
<ele>1416.914392</ele>
<time>2026-05-09T06:22:09Z</time>
<speed>0.269866</speed>
<trueHeading>0.000000</trueHeading>
<magneticHeading>0.000000</magneticHeading>
<gpsHeading>131.385269</gpsHeading>
<haccuracy>4.556000</haccuracy>
<vaccuracy>4.556000</vaccuracy>
<internetconnect>0</internetconnect>
</trkpt>
<trkpt lat="35.820650" lon="139.052803">
<ele>1421.747647</ele>
<time>2026-05-09T06:22:35Z</time>
<speed>0.247866</speed>
<trueHeading>0.000000</trueHeading>
<magneticHeading>0.000000</magneticHeading>
<gpsHeading>112.383560</gpsHeading>
<haccuracy>3.000000</haccuracy>
<vaccuracy>3.000000</vaccuracy>
<internetconnect>0</internetconnect>
</trkpt>
<trkpt lat="35.820636" lon="139.052834">
<ele>1421.984556</ele>
<time>2026-05-09T06:22:41Z</time>
<speed>0.804768</speed>
<trueHeading>0.000000</trueHeading>
<magneticHeading>0.000000</magneticHeading>
<gpsHeading>122.357620</gpsHeading>
<haccuracy>3.017000</haccuracy>
<vaccuracy>3.017000</vaccuracy>
<internetconnect>0</internetconnect>
</trkpt>
<trkpt lat="35.820636" lon="139.052834">
<ele>1421.984556</ele>
<time>2026-05-09T06:22:41Z</time>
<speed>0.804768</speed>
<trueHeading>0.000000</trueHeading>
<magneticHeading>0.000000</magneticHeading>
<gpsHeading>122.426117</gpsHeading>
<haccuracy>3.017000</haccuracy>
<vaccuracy>3.017000</vaccuracy>
<internetconnect>2</internetconnect>
</trkpt>
<trkpt lat="35.820513" lon="139.052863">
<ele>1427.454178</ele>
<time>2026-05-09T06:23:10Z</time>
<speed>0.474978</speed>
<trueHeading>0.000000</trueHeading>
<magneticHeading>0.000000</magneticHeading>
<gpsHeading>160.695221</gpsHeading>
<haccuracy>3.000000</haccuracy>
<vaccuracy>3.000000</vaccuracy>
<internetconnect>0</internetconnect>
</trkpt>
<trkpt lat="35.820425" lon="139.052713">
<ele>1433.222518</ele>
<time>2026-05-09T06:23:40Z</time>
<speed>0.316474</speed>
<trueHeading>0.000000</trueHeading>
<magneticHeading>0.000000</magneticHeading>
<gpsHeading>234.159622</gpsHeading>
<haccuracy>4.404000</haccuracy>
<vaccuracy>4.404000</vaccuracy>
<internetconnect>0</internetconnect>
</trkpt>
<trkpt lat="35.820284" lon="139.052660">
<ele>1437.952366</ele>
<time>2026-05-09T06:24:07Z</time>
<speed>0.504102</speed>
<trueHeading>0.000000</trueHeading>
<magneticHeading>0.000000</magneticHeading>
<gpsHeading>197.010406</gpsHeading>
<haccuracy>4.688000</haccuracy>
<vaccuracy>4.688000</vaccuracy>
<internetconnect>0</internetconnect>
</trkpt>
<trkpt lat="35.820145" lon="139.052611">
<ele>1443.309729</ele>
<time>2026-05-09T06:24:34Z</time>
<speed>0.312871</speed>
<trueHeading>0.000000</trueHeading>
<magneticHeading>0.000000</magneticHeading>
<gpsHeading>196.037781</gpsHeading>
<haccuracy>4.120000</haccuracy>
<vaccuracy>4.120000</vaccuracy>
<internetconnect>0</internetconnect>
</trkpt>
<trkpt lat="35.820012" lon="139.052534">
<ele>1448.341801</ele>
<time>2026-05-09T06:25:06Z</time>
<speed>0.253057</speed>
<trueHeading>0.000000</trueHeading>
<magneticHeading>0.000000</magneticHeading>
<gpsHeading>204.876907</gpsHeading>
<haccuracy>4.640000</haccuracy>
<vaccuracy>4.640000</vaccuracy>
<internetconnect>0</internetconnect>
</trkpt>
<trkpt lat="35.819994" lon="139.052536">
<ele>1448.718109</ele>
<time>2026-05-09T06:25:08Z</time>
<speed>0.285284</speed>
<trueHeading>0.000000</trueHeading>
<magneticHeading>0.000000</magneticHeading>
<gpsHeading>200.629120</gpsHeading>
<haccuracy>4.452000</haccuracy>
<vaccuracy>4.452000</vaccuracy>
<internetconnect>0</internetconnect>
</trkpt>
<trkpt lat="35.819994" lon="139.052536">
<ele>1448.718109</ele>
<time>2026-05-09T06:25:08Z</time>
<speed>0.285284</speed>
<trueHeading>0.000000</trueHeading>
<magneticHeading>0.000000</magneticHeading>
<gpsHeading>200.629120</gpsHeading>
<haccuracy>4.452000</haccuracy>
<vaccuracy>4.452000</vaccuracy>
<internetconnect>2</internetconnect>
</trkpt>
<trkpt lat="35.819881" lon="139.052444">
<ele>1452.890481</ele>
<time>2026-05-09T06:25:37Z</time>
<speed>0.215705</speed>
<trueHeading>0.000000</trueHeading>
<magneticHeading>0.000000</magneticHeading>
<gpsHeading>209.425156</gpsHeading>
<haccuracy>4.161000</haccuracy>
<vaccuracy>4.161000</vaccuracy>
<internetconnect>0</internetconnect>
</trkpt>
<trkpt lat="35.819711" lon="139.052400">
<ele>1457.127641</ele>
<time>2026-05-09T06:26:01Z</time>
<speed>0.173685</speed>
<trueHeading>0.000000</trueHeading>
<magneticHeading>0.000000</magneticHeading>
<gpsHeading>191.715012</gpsHeading>
<haccuracy>4.336000</haccuracy>
<vaccuracy>4.336000</vaccuracy>
<internetconnect>0</internetconnect>
</trkpt>
<trkpt lat="35.819565" lon="139.052379">
<ele>1459.462368</ele>
<time>2026-05-09T06:26:26Z</time>
<speed>0.271506</speed>
<trueHeading>0.000000</trueHeading>
<magneticHeading>0.000000</magneticHeading>
<gpsHeading>186.643387</gpsHeading>
<haccuracy>4.435000</haccuracy>
<vaccuracy>4.435000</vaccuracy>
<internetconnect>0</internetconnect>
</trkpt>
<trkpt lat="35.819505" lon="139.052306">
<ele>1458.767293</ele>
<time>2026-05-09T06:27:27Z</time>
<speed>0.169879</speed>
<trueHeading>0.000000</trueHeading>
<magneticHeading>0.000000</magneticHeading>
<gpsHeading>224.586746</gpsHeading>
<haccuracy>3.000000</haccuracy>
<vaccuracy>3.000000</vaccuracy>
<internetconnect>0</internetconnect>
</trkpt>
<trkpt lat="35.819383" lon="139.052204">
<ele>1459.502971</ele>
<time>2026-05-09T06:27:57Z</time>
<speed>0.066533</speed>
<trueHeading>0.000000</trueHeading>
<magneticHeading>0.000000</magneticHeading>
<gpsHeading>214.043350</gpsHeading>
<haccuracy>3.370000</haccuracy>
<vaccuracy>3.370000</vaccuracy>
<internetconnect>0</internetconnect>
</trkpt>
<trkpt lat="35.819357" lon="139.052214">
<ele>1459.741194</ele>
<time>2026-05-09T06:28:17Z</time>
<speed>0.103886</speed>
<trueHeading>0.000000</trueHeading>
<magneticHeading>0.000000</magneticHeading>
<gpsHeading>202.288010</gpsHeading>
<haccuracy>5.096000</haccuracy>
<vaccuracy>5.096000</vaccuracy>
<internetconnect>0</internetconnect>
</trkpt>
<trkpt lat="35.819357" lon="139.052214">
<ele>1459.741194</ele>
<time>2026-05-09T06:28:17Z</time>
<speed>0.103886</speed>
<trueHeading>0.000000</trueHeading>
<magneticHeading>0.000000</magneticHeading>
<gpsHeading>202.288010</gpsHeading>
<haccuracy>5.096000</haccuracy>
<vaccuracy>5.096000</vaccuracy>
<internetconnect>2</internetconnect>
</trkpt>
<trkpt lat="35.819300" lon="139.052258">
<ele>1457.922340</ele>
<time>2026-05-09T06:28:59Z</time>
<speed>0.032480</speed>
<trueHeading>0.000000</trueHeading>
<magneticHeading>0.000000</magneticHeading>
<gpsHeading>152.706009</gpsHeading>
<haccuracy>3.911000</haccuracy>
<vaccuracy>3.911000</vaccuracy>
<internetconnect>0</internetconnect>
</trkpt>
<trkpt lat="35.819335" lon="139.052191">
<ele>1457.210820</ele>
<time>2026-05-09T06:30:01Z</time>
<speed>0.065887</speed>
<trueHeading>0.000000</trueHeading>
<magneticHeading>0.000000</magneticHeading>
<gpsHeading>303.388336</gpsHeading>
<haccuracy>3.000000</haccuracy>
<vaccuracy>3.000000</vaccuracy>
<internetconnect>0</internetconnect>
</trkpt>
<trkpt lat="35.819316" lon="139.052180">
<ele>1456.619504</ele>
<time>2026-05-09T06:31:03Z</time>
<speed>0.000000</speed>
<trueHeading>0.000000</trueHeading>
<magneticHeading>0.000000</magneticHeading>
<gpsHeading>203.769653</gpsHeading>
<haccuracy>3.790000</haccuracy>
<vaccuracy>3.790000</vaccuracy>
<internetconnect>0</internetconnect>
</trkpt>
<trkpt lat="35.819319" lon="139.052201">
<ele>1456.855509</ele>
<time>2026-05-09T06:32:04Z</time>
<speed>0.000000</speed>
<trueHeading>0.000000</trueHeading>
<magneticHeading>0.000000</magneticHeading>
<gpsHeading>79.385582</gpsHeading>
<haccuracy>3.790000</haccuracy>
<vaccuracy>3.790000</vaccuracy>
<internetconnect>0</internetconnect>
</trkpt>
<trkpt lat="35.819319" lon="139.052201">
<ele>1456.943817</ele>
<time>2026-05-09T06:32:18Z</time>
<speed>0.000000</speed>
<trueHeading>0.000000</trueHeading>
<magneticHeading>0.000000</magneticHeading>
<gpsHeading>195.162964</gpsHeading>
<haccuracy>4.814000</haccuracy>
<vaccuracy>4.814000</vaccuracy>
<internetconnect>0</internetconnect>
</trkpt>
<trkpt lat="35.819319" lon="139.052201">
<ele>1456.943817</ele>
<time>2026-05-09T06:32:18Z</time>
<speed>0.000000</speed>
<trueHeading>0.000000</trueHeading>
<magneticHeading>0.000000</magneticHeading>
<gpsHeading>195.162964</gpsHeading>
<haccuracy>4.814000</haccuracy>
<vaccuracy>4.814000</vaccuracy>
<internetconnect>2</internetconnect>
</trkpt>
<trkpt lat="35.819322" lon="139.052217">
<ele>1456.545840</ele>
<time>2026-05-09T06:33:06Z</time>
<speed>0.000000</speed>
<trueHeading>0.000000</trueHeading>
<magneticHeading>0.000000</magneticHeading>
<gpsHeading>76.704277</gpsHeading>
<haccuracy>9.935000</haccuracy>
<vaccuracy>9.935000</vaccuracy>
<internetconnect>0</internetconnect>
</trkpt>
<trkpt lat="35.819321" lon="139.052232">
<ele>1456.051395</ele>
<time>2026-05-09T06:34:07Z</time>
<speed>0.000000</speed>
<trueHeading>0.000000</trueHeading>
<magneticHeading>0.000000</magneticHeading>
<gpsHeading>95.381752</gpsHeading>
<haccuracy>3.790000</haccuracy>
<vaccuracy>3.790000</vaccuracy>
<internetconnect>0</internetconnect>
</trkpt>
<trkpt lat="35.819318" lon="139.052232">
<ele>1454.621699</ele>
<time>2026-05-09T06:35:08Z</time>
<speed>0.000000</speed>
<trueHeading>0.000000</trueHeading>
<magneticHeading>0.000000</magneticHeading>
<gpsHeading>174.212357</gpsHeading>
<haccuracy>3.790000</haccuracy>
<vaccuracy>3.790000</vaccuracy>
<internetconnect>0</internetconnect>
</trkpt>
<trkpt lat="35.819333" lon="139.052243">
<ele>1453.542131</ele>
<time>2026-05-09T06:36:09Z</time>
<speed>0.000000</speed>
<trueHeading>0.000000</trueHeading>
<magneticHeading>0.000000</magneticHeading>
<gpsHeading>32.832817</gpsHeading>
<haccuracy>9.935000</haccuracy>
<vaccuracy>9.935000</vaccuracy>
<internetconnect>0</internetconnect>
</trkpt>
<trkpt lat="35.819333" lon="139.052243">
<ele>1452.447622</ele>
<time>2026-05-09T06:36:20Z</time>
<speed>0.000000</speed>
<trueHeading>0.000000</trueHeading>
<magneticHeading>0.000000</magneticHeading>
<gpsHeading>66.503372</gpsHeading>
<haccuracy>9.935000</haccuracy>
<vaccuracy>9.935000</vaccuracy>
<internetconnect>0</internetconnect>
</trkpt>
<trkpt lat="35.819333" lon="139.052243">
<ele>1452.447622</ele>
<time>2026-05-09T06:36:20Z</time>
<speed>0.000000</speed>
<trueHeading>0.000000</trueHeading>
<magneticHeading>0.000000</magneticHeading>
<gpsHeading>66.503372</gpsHeading>
<haccuracy>9.935000</haccuracy>
<vaccuracy>9.935000</vaccuracy>
<internetconnect>2</internetconnect>
</trkpt>
<trkpt lat="35.819331" lon="139.052244">
<ele>1452.704094</ele>
<time>2026-05-09T06:37:10Z</time>
<speed>0.000000</speed>
<trueHeading>0.000000</trueHeading>
<magneticHeading>0.000000</magneticHeading>
<gpsHeading>150.214203</gpsHeading>
<haccuracy>9.935000</haccuracy>
<vaccuracy>9.935000</vaccuracy>
<internetconnect>0</internetconnect>
</trkpt>
<trkpt lat="35.819334" lon="139.052244">
<ele>1452.027643</ele>
<time>2026-05-09T06:38:12Z</time>
<speed>0.000000</speed>
<trueHeading>0.000000</trueHeading>
<magneticHeading>0.000000</magneticHeading>
<gpsHeading>358.341217</gpsHeading>
<haccuracy>3.790000</haccuracy>
<vaccuracy>3.790000</vaccuracy>
<internetconnect>0</internetconnect>
</trkpt>
<trkpt lat="35.819341" lon="139.052242">
<ele>1451.054885</ele>
<time>2026-05-09T06:39:14Z</time>
<speed>0.000000</speed>
<trueHeading>0.000000</trueHeading>
<magneticHeading>0.000000</magneticHeading>
<gpsHeading>343.571289</gpsHeading>
<haccuracy>5.838000</haccuracy>
<vaccuracy>5.838000</vaccuracy>
<internetconnect>0</internetconnect>
</trkpt>
<trkpt lat="35.819344" lon="139.052244">
<ele>1450.584103</ele>
<time>2026-05-09T06:40:15Z</time>
<speed>0.000000</speed>
<trueHeading>0.000000</trueHeading>
<magneticHeading>0.000000</magneticHeading>
<gpsHeading>37.182220</gpsHeading>
<haccuracy>3.790000</haccuracy>
<vaccuracy>3.790000</vaccuracy>
<internetconnect>0</internetconnect>
</trkpt>
<trkpt lat="35.819352" lon="139.052250">
<ele>1450.591553</ele>
<time>2026-05-09T06:40:22Z</time>
<speed>0.000000</speed>
<trueHeading>0.000000</trueHeading>
<magneticHeading>0.000000</magneticHeading>
<gpsHeading>16.051943</gpsHeading>
<haccuracy>3.790000</haccuracy>
<vaccuracy>3.790000</vaccuracy>
<internetconnect>0</internetconnect>
</trkpt>
<trkpt lat="35.819352" lon="139.052250">
<ele>1450.591553</ele>
<time>2026-05-09T06:40:22Z</time>
<speed>0.000000</speed>
<trueHeading>0.000000</trueHeading>
<magneticHeading>0.000000</magneticHeading>
<gpsHeading>16.051943</gpsHeading>
<haccuracy>3.790000</haccuracy>
<vaccuracy>3.790000</vaccuracy>
<internetconnect>2</internetconnect>
</trkpt>
<trkpt lat="35.819351" lon="139.052248">
<ele>1448.231586</ele>
<time>2026-05-09T06:41:16Z</time>
<speed>0.000000</speed>
<trueHeading>0.000000</trueHeading>
<magneticHeading>0.000000</magneticHeading>
<gpsHeading>24.941050</gpsHeading>
<haccuracy>3.790000</haccuracy>
<vaccuracy>3.790000</vaccuracy>
<internetconnect>0</internetconnect>
</trkpt>
<trkpt lat="35.819346" lon="139.052230">
<ele>1447.220055</ele>
<time>2026-05-09T06:42:17Z</time>
<speed>0.000000</speed>
<trueHeading>0.000000</trueHeading>
<magneticHeading>0.000000</magneticHeading>
<gpsHeading>251.658676</gpsHeading>
<haccuracy>9.935000</haccuracy>
<vaccuracy>9.935000</vaccuracy>
<internetconnect>0</internetconnect>
</trkpt>
<trkpt lat="35.819340" lon="139.052158">
<ele>1449.290111</ele>
<time>2026-05-09T06:43:19Z</time>
<speed>0.750000</speed>
<trueHeading>0.000000</trueHeading>
<magneticHeading>0.000000</magneticHeading>
<gpsHeading>264.107880</gpsHeading>
<haccuracy>9.935000</haccuracy>
<vaccuracy>9.935000</vaccuracy>
<internetconnect>0</internetconnect>
</trkpt>
<trkpt lat="35.819338" lon="139.052189">
<ele>1449.108685</ele>
<time>2026-05-09T06:44:21Z</time>
<speed>0.270000</speed>
<trueHeading>0.000000</trueHeading>
<magneticHeading>0.000000</magneticHeading>
<gpsHeading>96.170250</gpsHeading>
<haccuracy>9.935000</haccuracy>
<vaccuracy>9.935000</vaccuracy>
<internetconnect>0</internetconnect>
</trkpt>
<trkpt lat="35.819337" lon="139.052179">
<ele>1448.894424</ele>
<time>2026-05-09T06:44:24Z</time>
<speed>0.180000</speed>
<trueHeading>0.000000</trueHeading>
<magneticHeading>0.000000</magneticHeading>
<gpsHeading>255.559448</gpsHeading>
<haccuracy>9.935000</haccuracy>
<vaccuracy>9.935000</vaccuracy>
<internetconnect>0</internetconnect>
</trkpt>
<trkpt lat="35.819337" lon="139.052179">
<ele>1448.894424</ele>
<time>2026-05-09T06:44:24Z</time>
<speed>0.180000</speed>
<trueHeading>0.000000</trueHeading>
<magneticHeading>0.000000</magneticHeading>
<gpsHeading>255.559448</gpsHeading>
<haccuracy>9.935000</haccuracy>
<vaccuracy>9.935000</vaccuracy>
<internetconnect>2</internetconnect>
</trkpt>
<trkpt lat="35.819299" lon="139.052225">
<ele>1448.877522</ele>
<time>2026-05-09T06:45:22Z</time>
<speed>0.320000</speed>
<trueHeading>0.000000</trueHeading>
<magneticHeading>0.000000</magneticHeading>
<gpsHeading>142.452896</gpsHeading>
<haccuracy>9.935000</haccuracy>
<vaccuracy>9.935000</vaccuracy>
<internetconnect>0</internetconnect>
</trkpt>
<trkpt lat="35.819326" lon="139.052230">
<ele>1448.577337</ele>
<time>2026-05-09T06:46:24Z</time>
<speed>0.000000</speed>
<trueHeading>0.000000</trueHeading>
<magneticHeading>0.000000</magneticHeading>
<gpsHeading>8.402084</gpsHeading>
<haccuracy>9.935000</haccuracy>
<vaccuracy>9.935000</vaccuracy>
<internetconnect>0</internetconnect>
</trkpt>
<trkpt lat="35.819184" lon="139.052261">
<ele>1446.296983</ele>
<time>2026-05-09T06:46:55Z</time>
<speed>0.970000</speed>
<trueHeading>0.000000</trueHeading>
<magneticHeading>0.000000</magneticHeading>
<gpsHeading>170.011154</gpsHeading>
<haccuracy>9.935000</haccuracy>
<vaccuracy>9.935000</vaccuracy>
<internetconnect>0</internetconnect>
</trkpt>
<trkpt lat="35.818974" lon="139.052451">
<ele>1438.739376</ele>
<time>2026-05-09T06:47:19Z</time>
<speed>1.080947</speed>
<trueHeading>0.000000</trueHeading>
<magneticHeading>0.000000</magneticHeading>
<gpsHeading>143.748993</gpsHeading>
<haccuracy>4.865000</haccuracy>
<vaccuracy>4.865000</vaccuracy>
<internetconnect>0</internetconnect>
</trkpt>
<trkpt lat="35.818826" lon="139.052572">
<ele>1431.665228</ele>
<time>2026-05-09T06:47:43Z</time>
<speed>1.029734</speed>
<trueHeading>0.000000</trueHeading>
<magneticHeading>0.000000</magneticHeading>
<gpsHeading>146.438126</gpsHeading>
<haccuracy>4.861000</haccuracy>
<vaccuracy>4.861000</vaccuracy>
<internetconnect>0</internetconnect>
</trkpt>
<trkpt lat="35.818761" lon="139.052635">
<ele>1428.332621</ele>
<time>2026-05-09T06:47:54Z</time>
<speed>1.211924</speed>
<trueHeading>0.000000</trueHeading>
<magneticHeading>0.000000</magneticHeading>
<gpsHeading>147.312271</gpsHeading>
<haccuracy>5.142000</haccuracy>
<vaccuracy>5.142000</vaccuracy>
<internetconnect>0</internetconnect>
</trkpt>
<trkpt lat="35.818761" lon="139.052635">
<ele>1428.332621</ele>
<time>2026-05-09T06:47:54Z</time>
<speed>1.211924</speed>
<trueHeading>0.000000</trueHeading>
<magneticHeading>0.000000</magneticHeading>
<gpsHeading>147.312271</gpsHeading>
<haccuracy>5.142000</haccuracy>
<vaccuracy>5.142000</vaccuracy>
<internetconnect>2</internetconnect>
</trkpt>
<trkpt lat="35.818696" lon="139.052650">
<ele>1424.437284</ele>
<time>2026-05-09T06:48:08Z</time>
<speed>1.026521</speed>
<trueHeading>0.000000</trueHeading>
<magneticHeading>0.000000</magneticHeading>
<gpsHeading>153.992111</gpsHeading>
<haccuracy>4.620000</haccuracy>
<vaccuracy>4.620000</vaccuracy>
<internetconnect>0</internetconnect>
</trkpt>
<trkpt lat="35.818563" lon="139.052725">
<ele>1415.407336</ele>
<time>2026-05-09T06:48:38Z</time>
<speed>1.104096</speed>
<trueHeading>0.000000</trueHeading>
<magneticHeading>0.000000</magneticHeading>
<gpsHeading>155.656128</gpsHeading>
<haccuracy>5.385000</haccuracy>
<vaccuracy>5.385000</vaccuracy>
<internetconnect>0</internetconnect>
</trkpt>
<trkpt lat="35.818458" lon="139.052895">
<ele>1408.435547</ele>
<time>2026-05-09T06:49:02Z</time>
<speed>1.261775</speed>
<trueHeading>0.000000</trueHeading>
<magneticHeading>0.000000</magneticHeading>
<gpsHeading>127.276550</gpsHeading>
<haccuracy>4.428000</haccuracy>
<vaccuracy>4.428000</vaccuracy>
<internetconnect>0</internetconnect>
</trkpt>
<trkpt lat="35.818286" lon="139.052903">
<ele>1401.202757</ele>
<time>2026-05-09T06:49:25Z</time>
<speed>1.265685</speed>
<trueHeading>0.000000</trueHeading>
<magneticHeading>0.000000</magneticHeading>
<gpsHeading>177.591797</gpsHeading>
<haccuracy>5.250000</haccuracy>
<vaccuracy>5.250000</vaccuracy>
<internetconnect>0</internetconnect>
</trkpt>
<trkpt lat="35.818227" lon="139.053070">
<ele>1393.741447</ele>
<time>2026-05-09T06:49:53Z</time>
<speed>0.282416</speed>
<trueHeading>0.000000</trueHeading>
<magneticHeading>0.000000</magneticHeading>
<gpsHeading>113.928108</gpsHeading>
<haccuracy>4.081000</haccuracy>
<vaccuracy>4.081000</vaccuracy>
<internetconnect>0</internetconnect>
</trkpt>
<trkpt lat="35.818191" lon="139.053131">
<ele>1392.813085</ele>
<time>2026-05-09T06:49:58Z</time>
<speed>0.986444</speed>
<trueHeading>0.000000</trueHeading>
<magneticHeading>0.000000</magneticHeading>
<gpsHeading>144.810104</gpsHeading>
<haccuracy>4.747000</haccuracy>
<vaccuracy>4.747000</vaccuracy>
<internetconnect>0</internetconnect>
</trkpt>
<trkpt lat="35.818191" lon="139.053131">
<ele>1392.813085</ele>
<time>2026-05-09T06:49:58Z</time>
<speed>0.986444</speed>
<trueHeading>0.000000</trueHeading>
<magneticHeading>0.000000</magneticHeading>
<gpsHeading>144.810104</gpsHeading>
<haccuracy>4.747000</haccuracy>
<vaccuracy>4.747000</vaccuracy>
<internetconnect>2</internetconnect>
</trkpt>
<trkpt lat="35.818086" lon="139.053168">
<ele>1387.165119</ele>
<time>2026-05-09T06:50:17Z</time>
<speed>0.347413</speed>
<trueHeading>0.000000</trueHeading>
<magneticHeading>0.000000</magneticHeading>
<gpsHeading>150.377731</gpsHeading>
<haccuracy>4.496000</haccuracy>
<vaccuracy>4.496000</vaccuracy>
<internetconnect>0</internetconnect>
</trkpt>
<trkpt lat="35.818087" lon="139.053362">
<ele>1380.473567</ele>
<time>2026-05-09T06:50:40Z</time>
<speed>0.410100</speed>
<trueHeading>0.000000</trueHeading>
<magneticHeading>0.000000</magneticHeading>
<gpsHeading>89.599159</gpsHeading>
<haccuracy>4.567000</haccuracy>
<vaccuracy>4.567000</vaccuracy>
<internetconnect>0</internetconnect>
</trkpt>
<trkpt lat="35.818169" lon="139.053589">
<ele>1371.877489</ele>
<time>2026-05-09T06:51:04Z</time>
<speed>0.819086</speed>
<trueHeading>0.000000</trueHeading>
<magneticHeading>0.000000</magneticHeading>
<gpsHeading>65.912514</gpsHeading>
<haccuracy>4.188000</haccuracy>
<vaccuracy>4.188000</vaccuracy>
<internetconnect>0</internetconnect>
</trkpt>
<trkpt lat="35.817949" lon="139.053764">
<ele>1365.555889</ele>
<time>2026-05-09T06:51:28Z</time>
<speed>0.412274</speed>
<trueHeading>0.000000</trueHeading>
<magneticHeading>0.000000</magneticHeading>
<gpsHeading>147.111618</gpsHeading>
<haccuracy>4.851000</haccuracy>
<vaccuracy>4.851000</vaccuracy>
<internetconnect>0</internetconnect>
</trkpt>
<trkpt lat="35.817882" lon="139.053890">
<ele>1361.237749</ele>
<time>2026-05-09T06:51:44Z</time>
<speed>1.054625</speed>
<trueHeading>0.000000</trueHeading>
<magneticHeading>0.000000</magneticHeading>
<gpsHeading>116.692123</gpsHeading>
<haccuracy>4.863000</haccuracy>
<vaccuracy>4.863000</vaccuracy>
<internetconnect>0</internetconnect>
</trkpt>
<trkpt lat="35.817882" lon="139.053890">
<ele>1361.237749</ele>
<time>2026-05-09T06:51:44Z</time>
<speed>1.054625</speed>
<trueHeading>0.000000</trueHeading>
<magneticHeading>0.000000</magneticHeading>
<gpsHeading>116.692123</gpsHeading>
<haccuracy>4.863000</haccuracy>
<vaccuracy>4.863000</vaccuracy>
<internetconnect>2</internetconnect>
</trkpt>
<trkpt lat="35.817892" lon="139.053971">
<ele>1359.480140</ele>
<time>2026-05-09T06:51:51Z</time>
<speed>1.487745</speed>
<trueHeading>0.000000</trueHeading>
<magneticHeading>0.000000</magneticHeading>
<gpsHeading>108.553238</gpsHeading>
<haccuracy>5.492000</haccuracy>
<vaccuracy>5.492000</vaccuracy>
<internetconnect>0</internetconnect>
</trkpt>
<trkpt lat="35.817739" lon="139.054005">
<ele>1351.848353</ele>
<time>2026-05-09T06:52:22Z</time>
<speed>1.281321</speed>
<trueHeading>0.000000</trueHeading>
<magneticHeading>0.000000</magneticHeading>
<gpsHeading>169.824219</gpsHeading>
<haccuracy>4.271000</haccuracy>
<vaccuracy>4.271000</vaccuracy>
<internetconnect>0</internetconnect>
</trkpt>
<trkpt lat="35.817588" lon="139.054160">
<ele>1345.149369</ele>
<time>2026-05-09T06:52:46Z</time>
<speed>1.462552</speed>
<trueHeading>0.000000</trueHeading>
<magneticHeading>0.000000</magneticHeading>
<gpsHeading>139.987305</gpsHeading>
<haccuracy>5.080000</haccuracy>
<vaccuracy>5.080000</vaccuracy>
<internetconnect>0</internetconnect>
</trkpt>
<trkpt lat="35.817528" lon="139.054328">
<ele>1337.667385</ele>
<time>2026-05-09T06:53:14Z</time>
<speed>1.498104</speed>
<trueHeading>0.000000</trueHeading>
<magneticHeading>0.000000</magneticHeading>
<gpsHeading>114.035179</gpsHeading>
<haccuracy>5.212000</haccuracy>
<vaccuracy>5.212000</vaccuracy>
<internetconnect>0</internetconnect>
</trkpt>
<trkpt lat="35.817429" lon="139.054459">
<ele>1329.608310</ele>
<time>2026-05-09T06:53:41Z</time>
<speed>1.311578</speed>
<trueHeading>0.000000</trueHeading>
<magneticHeading>0.000000</magneticHeading>
<gpsHeading>132.896744</gpsHeading>
<haccuracy>5.054000</haccuracy>
<vaccuracy>5.054000</vaccuracy>
<internetconnect>0</internetconnect>
</trkpt>
<trkpt lat="35.817397" lon="139.054489">
<ele>1327.730518</ele>
<time>2026-05-09T06:53:48Z</time>
<speed>1.522065</speed>
<trueHeading>0.000000</trueHeading>
<magneticHeading>0.000000</magneticHeading>
<gpsHeading>134.912521</gpsHeading>
<haccuracy>5.032000</haccuracy>
<vaccuracy>5.032000</vaccuracy>
<internetconnect>0</internetconnect>
</trkpt>
<trkpt lat="35.817397" lon="139.054489">
<ele>1327.730518</ele>
<time>2026-05-09T06:53:48Z</time>
<speed>1.522065</speed>
<trueHeading>0.000000</trueHeading>
<magneticHeading>0.000000</magneticHeading>
<gpsHeading>134.912521</gpsHeading>
<haccuracy>5.032000</haccuracy>
<vaccuracy>5.032000</vaccuracy>
<internetconnect>2</internetconnect>
</trkpt>
<trkpt lat="35.817434" lon="139.054639">
<ele>1322.649302</ele>
<time>2026-05-09T06:54:04Z</time>
<speed>1.663009</speed>
<trueHeading>0.000000</trueHeading>
<magneticHeading>0.000000</magneticHeading>
<gpsHeading>88.161797</gpsHeading>
<haccuracy>5.163000</haccuracy>
<vaccuracy>5.163000</vaccuracy>
<internetconnect>0</internetconnect>
</trkpt>
<trkpt lat="35.817390" lon="139.054865">
<ele>1315.580325</ele>
<time>2026-05-09T06:54:28Z</time>
<speed>1.382292</speed>
<trueHeading>0.000000</trueHeading>
<magneticHeading>0.000000</magneticHeading>
<gpsHeading>103.454147</gpsHeading>
<haccuracy>5.315000</haccuracy>
<vaccuracy>5.315000</vaccuracy>
<internetconnect>0</internetconnect>
</trkpt>
<trkpt lat="35.817234" lon="139.055044">
<ele>1309.590485</ele>
<time>2026-05-09T06:54:52Z</time>
<speed>1.463563</speed>
<trueHeading>0.000000</trueHeading>
<magneticHeading>0.000000</magneticHeading>
<gpsHeading>137.122910</gpsHeading>
<haccuracy>5.787000</haccuracy>
<vaccuracy>5.787000</vaccuracy>
<internetconnect>0</internetconnect>
</trkpt>
<trkpt lat="35.817188" lon="139.055214">
<ele>1301.958750</ele>
<time>2026-05-09T06:55:17Z</time>
<speed>1.400502</speed>
<trueHeading>0.000000</trueHeading>
<magneticHeading>0.000000</magneticHeading>
<gpsHeading>108.395943</gpsHeading>
<haccuracy>5.293000</haccuracy>
<vaccuracy>5.293000</vaccuracy>
<internetconnect>0</internetconnect>
</trkpt>
<trkpt lat="35.817220" lon="139.055305">
<ele>1300.101792</ele>
<time>2026-05-09T06:55:23Z</time>
<speed>1.485438</speed>
<trueHeading>0.000000</trueHeading>
<magneticHeading>0.000000</magneticHeading>
<gpsHeading>105.011780</gpsHeading>
<haccuracy>6.246000</haccuracy>
<vaccuracy>6.246000</vaccuracy>
<internetconnect>0</internetconnect>
</trkpt>
<trkpt lat="35.817220" lon="139.055305">
<ele>1300.101792</ele>
<time>2026-05-09T06:55:23Z</time>
<speed>1.485438</speed>
<trueHeading>0.000000</trueHeading>
<magneticHeading>0.000000</magneticHeading>
<gpsHeading>105.011780</gpsHeading>
<haccuracy>6.246000</haccuracy>
<vaccuracy>6.246000</vaccuracy>
<internetconnect>2</internetconnect>
</trkpt>
<trkpt lat="35.817213" lon="139.055518">
<ele>1295.668174</ele>
<time>2026-05-09T06:55:40Z</time>
<speed>1.485137</speed>
<trueHeading>0.000000</trueHeading>
<magneticHeading>0.000000</magneticHeading>
<gpsHeading>84.209106</gpsHeading>
<haccuracy>5.083000</haccuracy>
<vaccuracy>5.083000</vaccuracy>
<internetconnect>0</internetconnect>
</trkpt>
<trkpt lat="35.817103" lon="139.055748">
<ele>1288.108970</ele>
<time>2026-05-09T06:56:04Z</time>
<speed>1.276783</speed>
<trueHeading>0.000000</trueHeading>
<magneticHeading>0.000000</magneticHeading>
<gpsHeading>120.633148</gpsHeading>
<haccuracy>6.335000</haccuracy>
<vaccuracy>6.335000</vaccuracy>
<internetconnect>0</internetconnect>
</trkpt>
<trkpt lat="35.816919" lon="139.055786">
<ele>1286.410483</ele>
<time>2026-05-09T06:56:27Z</time>
<speed>1.425015</speed>
<trueHeading>0.000000</trueHeading>
<magneticHeading>0.000000</magneticHeading>
<gpsHeading>170.497375</gpsHeading>
<haccuracy>4.647000</haccuracy>
<vaccuracy>4.647000</vaccuracy>
<internetconnect>0</internetconnect>
</trkpt>
<trkpt lat="35.816891" lon="139.056092">
<ele>1279.034473</ele>
<time>2026-05-09T06:56:51Z</time>
<speed>1.581018</speed>
<trueHeading>0.000000</trueHeading>
<magneticHeading>0.000000</magneticHeading>
<gpsHeading>96.438187</gpsHeading>
<haccuracy>5.333000</haccuracy>
<vaccuracy>5.333000</vaccuracy>
<internetconnect>0</internetconnect>
</trkpt>
<trkpt lat="35.816843" lon="139.056070">
<ele>1278.417088</ele>
<time>2026-05-09T06:56:54Z</time>
<speed>1.548778</speed>
<trueHeading>0.000000</trueHeading>
<magneticHeading>0.000000</magneticHeading>
<gpsHeading>121.275444</gpsHeading>
<haccuracy>5.129000</haccuracy>
<vaccuracy>5.129000</vaccuracy>
<internetconnect>0</internetconnect>
</trkpt>
<trkpt lat="35.816843" lon="139.056070">
<ele>1278.417088</ele>
<time>2026-05-09T06:56:54Z</time>
<speed>1.548778</speed>
<trueHeading>0.000000</trueHeading>
<magneticHeading>0.000000</magneticHeading>
<gpsHeading>121.275444</gpsHeading>
<haccuracy>5.129000</haccuracy>
<vaccuracy>5.129000</vaccuracy>
<internetconnect>2</internetconnect>
</trkpt>
<trkpt lat="35.816808" lon="139.056300">
<ele>1273.304030</ele>
<time>2026-05-09T06:57:14Z</time>
<speed>1.617851</speed>
<trueHeading>0.000000</trueHeading>
<magneticHeading>0.000000</magneticHeading>
<gpsHeading>116.278214</gpsHeading>
<haccuracy>6.051000</haccuracy>
<vaccuracy>6.051000</vaccuracy>
<internetconnect>0</internetconnect>
</trkpt>
<trkpt lat="35.816653" lon="139.056436">
<ele>1267.826433</ele>
<time>2026-05-09T06:57:37Z</time>
<speed>1.540151</speed>
<trueHeading>0.000000</trueHeading>
<magneticHeading>0.000000</magneticHeading>
<gpsHeading>144.595932</gpsHeading>
<haccuracy>4.650000</haccuracy>
<vaccuracy>4.650000</vaccuracy>
<internetconnect>0</internetconnect>
</trkpt>
<trkpt lat="35.816561" lon="139.056623">
<ele>1263.578263</ele>
<time>2026-05-09T06:58:01Z</time>
<speed>1.088038</speed>
<trueHeading>0.000000</trueHeading>
<magneticHeading>0.000000</magneticHeading>
<gpsHeading>121.091377</gpsHeading>
<haccuracy>5.127000</haccuracy>
<vaccuracy>5.127000</vaccuracy>
<internetconnect>0</internetconnect>
</trkpt>
<trkpt lat="35.816409" lon="139.056681">
<ele>1255.767811</ele>
<time>2026-05-09T06:58:24Z</time>
<speed>1.049569</speed>
<trueHeading>0.000000</trueHeading>
<magneticHeading>0.000000</magneticHeading>
<gpsHeading>162.772400</gpsHeading>
<haccuracy>4.893000</haccuracy>
<vaccuracy>4.893000</vaccuracy>
<internetconnect>0</internetconnect>
</trkpt>
<trkpt lat="35.816398" lon="139.056714">
<ele>1255.763624</ele>
<time>2026-05-09T06:58:27Z</time>
<speed>1.147887</speed>
<trueHeading>0.000000</trueHeading>
<magneticHeading>0.000000</magneticHeading>
<gpsHeading>130.430145</gpsHeading>
<haccuracy>4.838000</haccuracy>
<vaccuracy>4.838000</vaccuracy>
<internetconnect>0</internetconnect>
</trkpt>
<trkpt lat="35.816398" lon="139.056714">
<ele>1255.763624</ele>
<time>2026-05-09T06:58:27Z</time>
<speed>1.147887</speed>
<trueHeading>0.000000</trueHeading>
<magneticHeading>0.000000</magneticHeading>
<gpsHeading>130.430145</gpsHeading>
<haccuracy>4.838000</haccuracy>
<vaccuracy>4.838000</vaccuracy>
<internetconnect>2</internetconnect>
</trkpt>
<trkpt lat="35.816268" lon="139.056736">
<ele>1250.175269</ele>
<time>2026-05-09T06:58:52Z</time>
<speed>1.315021</speed>
<trueHeading>0.000000</trueHeading>
<magneticHeading>0.000000</magneticHeading>
<gpsHeading>162.394073</gpsHeading>
<haccuracy>5.205000</haccuracy>
<vaccuracy>5.205000</vaccuracy>
<internetconnect>0</internetconnect>
</trkpt>
<trkpt lat="35.816201" lon="139.056901">
<ele>1244.051851</ele>
<time>2026-05-09T06:59:22Z</time>
<speed>1.439731</speed>
<trueHeading>0.000000</trueHeading>
<magneticHeading>0.000000</magneticHeading>
<gpsHeading>116.728706</gpsHeading>
<haccuracy>6.302000</haccuracy>
<vaccuracy>6.302000</vaccuracy>
<internetconnect>0</internetconnect>
</trkpt>
<trkpt lat="35.816074" lon="139.056998">
<ele>1237.793219</ele>
<time>2026-05-09T06:59:45Z</time>
<speed>1.418223</speed>
<trueHeading>0.000000</trueHeading>
<magneticHeading>0.000000</magneticHeading>
<gpsHeading>148.193863</gpsHeading>
<haccuracy>5.487000</haccuracy>
<vaccuracy>5.487000</vaccuracy>
<internetconnect>0</internetconnect>
</trkpt>
<trkpt lat="35.815877" lon="139.056934">
<ele>1232.216623</ele>
<time>2026-05-09T07:00:09Z</time>
<speed>1.589727</speed>
<trueHeading>0.000000</trueHeading>
<magneticHeading>0.000000</magneticHeading>
<gpsHeading>194.766937</gpsHeading>
<haccuracy>5.216000</haccuracy>
<vaccuracy>5.216000</vaccuracy>
<internetconnect>0</internetconnect>
</trkpt>
<trkpt lat="35.815733" lon="139.056752">
<ele>1226.599277</ele>
<time>2026-05-09T07:00:32Z</time>
<speed>1.527951</speed>
<trueHeading>0.000000</trueHeading>
<magneticHeading>0.000000</magneticHeading>
<gpsHeading>225.661148</gpsHeading>
<haccuracy>5.831000</haccuracy>
<vaccuracy>5.831000</vaccuracy>
<internetconnect>0</internetconnect>
</trkpt>
<trkpt lat="35.815707" lon="139.056731">
<ele>1226.460339</ele>
<time>2026-05-09T07:00:35Z</time>
<speed>1.460322</speed>
<trueHeading>0.000000</trueHeading>
<magneticHeading>0.000000</magneticHeading>
<gpsHeading>178.824524</gpsHeading>
<haccuracy>5.274000</haccuracy>
<vaccuracy>5.274000</vaccuracy>
<internetconnect>0</internetconnect>
</trkpt>
<trkpt lat="35.815707" lon="139.056731">
<ele>1226.460339</ele>
<time>2026-05-09T07:00:35Z</time>
<speed>1.460322</speed>
<trueHeading>0.000000</trueHeading>
<magneticHeading>0.000000</magneticHeading>
<gpsHeading>178.824524</gpsHeading>
<haccuracy>5.274000</haccuracy>
<vaccuracy>5.274000</vaccuracy>
<internetconnect>2</internetconnect>
</trkpt>
<trkpt lat="35.815558" lon="139.057079">
<ele>1222.736950</ele>
<time>2026-05-09T07:00:56Z</time>
<speed>1.634616</speed>
<trueHeading>0.000000</trueHeading>
<magneticHeading>0.000000</magneticHeading>
<gpsHeading>123.479881</gpsHeading>
<haccuracy>5.015000</haccuracy>
<vaccuracy>5.015000</vaccuracy>
<internetconnect>0</internetconnect>
</trkpt>
<trkpt lat="35.815408" lon="139.057269">
<ele>1217.399607</ele>
<time>2026-05-09T07:01:19Z</time>
<speed>1.587658</speed>
<trueHeading>0.000000</trueHeading>
<magneticHeading>0.000000</magneticHeading>
<gpsHeading>134.001831</gpsHeading>
<haccuracy>5.062000</haccuracy>
<vaccuracy>5.062000</vaccuracy>
<internetconnect>0</internetconnect>
</trkpt>
<trkpt lat="35.815284" lon="139.057590">
<ele>1212.056162</ele>
<time>2026-05-09T07:01:43Z</time>
<speed>1.556698</speed>
<trueHeading>0.000000</trueHeading>
<magneticHeading>0.000000</magneticHeading>
<gpsHeading>115.521538</gpsHeading>
<haccuracy>5.656000</haccuracy>
<vaccuracy>5.656000</vaccuracy>
<internetconnect>0</internetconnect>
</trkpt>
<trkpt lat="35.815146" lon="139.057793">
<ele>1206.104433</ele>
<time>2026-05-09T07:02:06Z</time>
<speed>1.630519</speed>
<trueHeading>0.000000</trueHeading>
<magneticHeading>0.000000</magneticHeading>
<gpsHeading>123.083893</gpsHeading>
<haccuracy>5.999000</haccuracy>
<vaccuracy>5.999000</vaccuracy>
<internetconnect>0</internetconnect>
</trkpt>
<trkpt lat="35.815146" lon="139.057793">
<ele>1206.104433</ele>
<time>2026-05-09T07:02:06Z</time>
<speed>1.630519</speed>
<trueHeading>0.000000</trueHeading>
<magneticHeading>0.000000</magneticHeading>
<gpsHeading>123.083893</gpsHeading>
<haccuracy>5.999000</haccuracy>
<vaccuracy>5.999000</vaccuracy>
<internetconnect>2</internetconnect>
</trkpt>
<trkpt lat="35.815146" lon="139.057793">
<ele>1206.104433</ele>
<time>2026-05-09T07:02:06Z</time>
<speed>1.630519</speed>
<trueHeading>0.000000</trueHeading>
<magneticHeading>0.000000</magneticHeading>
<gpsHeading>130.035141</gpsHeading>
<haccuracy>5.999000</haccuracy>
<vaccuracy>5.999000</vaccuracy>
<internetconnect>0</internetconnect>
</trkpt>
<trkpt lat="35.815027" lon="139.058066">
<ele>1200.391185</ele>
<time>2026-05-09T07:02:30Z</time>
<speed>1.621986</speed>
<trueHeading>0.000000</trueHeading>
<magneticHeading>0.000000</magneticHeading>
<gpsHeading>118.205719</gpsHeading>
<haccuracy>4.982000</haccuracy>
<vaccuracy>4.982000</vaccuracy>
<internetconnect>0</internetconnect>
</trkpt>
<trkpt lat="35.814815" lon="139.058137">
<ele>1192.369403</ele>
<time>2026-05-09T07:02:53Z</time>
<speed>1.541297</speed>
<trueHeading>0.000000</trueHeading>
<magneticHeading>0.000000</magneticHeading>
<gpsHeading>164.819733</gpsHeading>
<haccuracy>5.821000</haccuracy>
<vaccuracy>5.821000</vaccuracy>
<internetconnect>0</internetconnect>
</trkpt>
<trkpt lat="35.814765" lon="139.058332">
<ele>1185.760864</ele>
<time>2026-05-09T07:03:16Z</time>
<speed>1.102101</speed>
<trueHeading>0.000000</trueHeading>
<magneticHeading>0.000000</magneticHeading>
<gpsHeading>107.620270</gpsHeading>
<haccuracy>6.189000</haccuracy>
<vaccuracy>6.189000</vaccuracy>
<internetconnect>0</internetconnect>
</trkpt>
<trkpt lat="35.814761" lon="139.058520">
<ele>1180.177775</ele>
<time>2026-05-09T07:03:37Z</time>
<speed>1.808860</speed>
<trueHeading>0.000000</trueHeading>
<magneticHeading>0.000000</magneticHeading>
<gpsHeading>123.112473</gpsHeading>
<haccuracy>4.873000</haccuracy>
<vaccuracy>4.873000</vaccuracy>
<internetconnect>0</internetconnect>
</trkpt>
<trkpt lat="35.814761" lon="139.058520">
<ele>1180.177775</ele>
<time>2026-05-09T07:03:37Z</time>
<speed>1.808860</speed>
<trueHeading>0.000000</trueHeading>
<magneticHeading>0.000000</magneticHeading>
<gpsHeading>123.112473</gpsHeading>
<haccuracy>4.873000</haccuracy>
<vaccuracy>4.873000</vaccuracy>
<internetconnect>2</internetconnect>
</trkpt>
<trkpt lat="35.814900" lon="139.058395">
<ele>1178.481188</ele>
<time>2026-05-09T07:03:46Z</time>
<speed>1.249297</speed>
<trueHeading>0.000000</trueHeading>
<magneticHeading>0.000000</magneticHeading>
<gpsHeading>20.663492</gpsHeading>
<haccuracy>7.661000</haccuracy>
<vaccuracy>7.661000</vaccuracy>
<internetconnect>0</internetconnect>
</trkpt>
<trkpt lat="35.814808" lon="139.058540">
<ele>1177.815166</ele>
<time>2026-05-09T07:04:18Z</time>
<speed>1.629064</speed>
<trueHeading>0.000000</trueHeading>
<magneticHeading>0.000000</magneticHeading>
<gpsHeading>127.798126</gpsHeading>
<haccuracy>6.191000</haccuracy>
<vaccuracy>6.191000</vaccuracy>
<internetconnect>0</internetconnect>
</trkpt>
<trkpt lat="35.814618" lon="139.058893">
<ele>1174.881634</ele>
<time>2026-05-09T07:04:41Z</time>
<speed>1.672344</speed>
<trueHeading>0.000000</trueHeading>
<magneticHeading>0.000000</magneticHeading>
<gpsHeading>123.663872</gpsHeading>
<haccuracy>5.100000</haccuracy>
<vaccuracy>5.100000</vaccuracy>
<internetconnect>0</internetconnect>
</trkpt>
<trkpt lat="35.814536" lon="139.059261">
<ele>1169.003236</ele>
<time>2026-05-09T07:05:05Z</time>
<speed>1.598006</speed>
<trueHeading>0.000000</trueHeading>
<magneticHeading>0.000000</magneticHeading>
<gpsHeading>105.309189</gpsHeading>
<haccuracy>5.014000</haccuracy>
<vaccuracy>5.014000</vaccuracy>
<internetconnect>0</internetconnect>
</trkpt>
<trkpt lat="35.814522" lon="139.059332">
<ele>1168.353919</ele>
<time>2026-05-09T07:05:09Z</time>
<speed>1.596250</speed>
<trueHeading>0.000000</trueHeading>
<magneticHeading>0.000000</magneticHeading>
<gpsHeading>109.982231</gpsHeading>
<haccuracy>5.550000</haccuracy>
<vaccuracy>5.550000</vaccuracy>
<internetconnect>0</internetconnect>
</trkpt>
<trkpt lat="35.814522" lon="139.059332">
<ele>1168.353919</ele>
<time>2026-05-09T07:05:09Z</time>
<speed>1.596250</speed>
<trueHeading>0.000000</trueHeading>
<magneticHeading>0.000000</magneticHeading>
<gpsHeading>109.982231</gpsHeading>
<haccuracy>5.550000</haccuracy>
<vaccuracy>5.550000</vaccuracy>
<internetconnect>2</internetconnect>
</trkpt>
<trkpt lat="35.814397" lon="139.059614">
<ele>1164.775626</ele>
<time>2026-05-09T07:05:28Z</time>
<speed>1.645994</speed>
<trueHeading>0.000000</trueHeading>
<magneticHeading>0.000000</magneticHeading>
<gpsHeading>115.919128</gpsHeading>
<haccuracy>5.946000</haccuracy>
<vaccuracy>5.946000</vaccuracy>
<internetconnect>0</internetconnect>
</trkpt>
<trkpt lat="35.814173" lon="139.059918">
<ele>1164.079584</ele>
<time>2026-05-09T07:05:51Z</time>
<speed>1.680857</speed>
<trueHeading>0.000000</trueHeading>
<magneticHeading>0.000000</magneticHeading>
<gpsHeading>132.146774</gpsHeading>
<haccuracy>5.316000</haccuracy>
<vaccuracy>5.316000</vaccuracy>
<internetconnect>0</internetconnect>
</trkpt>
<trkpt lat="35.813937" lon="139.060209">
<ele>1163.331601</ele>
<time>2026-05-09T07:06:15Z</time>
<speed>1.581833</speed>
<trueHeading>0.000000</trueHeading>
<magneticHeading>0.000000</magneticHeading>
<gpsHeading>135.073959</gpsHeading>
<haccuracy>5.441000</haccuracy>
<vaccuracy>5.441000</vaccuracy>
<internetconnect>0</internetconnect>
</trkpt>
<trkpt lat="35.813724" lon="139.060496">
<ele>1163.617727</ele>
<time>2026-05-09T07:06:39Z</time>
<speed>1.641442</speed>
<trueHeading>0.000000</trueHeading>
<magneticHeading>0.000000</magneticHeading>
<gpsHeading>132.448486</gpsHeading>
<haccuracy>5.702000</haccuracy>
<vaccuracy>5.702000</vaccuracy>
<internetconnect>0</internetconnect>
</trkpt>
<trkpt lat="35.813709" lon="139.060510">
<ele>1163.508833</ele>
<time>2026-05-09T07:06:40Z</time>
<speed>1.622355</speed>
<trueHeading>0.000000</trueHeading>
<magneticHeading>0.000000</magneticHeading>
<gpsHeading>130.412506</gpsHeading>
<haccuracy>5.550000</haccuracy>
<vaccuracy>5.550000</vaccuracy>
<internetconnect>0</internetconnect>
</trkpt>
<trkpt lat="35.813699" lon="139.060523">
<ele>1163.360432</ele>
<time>2026-05-09T07:06:41Z</time>
<speed>1.635580</speed>
<trueHeading>0.000000</trueHeading>
<magneticHeading>0.000000</magneticHeading>
<gpsHeading>130.441910</gpsHeading>
<haccuracy>5.478000</haccuracy>
<vaccuracy>5.478000</vaccuracy>
<internetconnect>2</internetconnect>
</trkpt>
<trkpt lat="35.813521" lon="139.060819">
<ele>1163.761189</ele>
<time>2026-05-09T07:07:03Z</time>
<speed>1.607304</speed>
<trueHeading>0.000000</trueHeading>
<magneticHeading>0.000000</magneticHeading>
<gpsHeading>127.880539</gpsHeading>
<haccuracy>5.447000</haccuracy>
<vaccuracy>5.447000</vaccuracy>
<internetconnect>0</internetconnect>
</trkpt>
<trkpt lat="35.813684" lon="139.061123">
<ele>1161.590591</ele>
<time>2026-05-09T07:07:27Z</time>
<speed>1.625799</speed>
<trueHeading>0.000000</trueHeading>
<magneticHeading>0.000000</magneticHeading>
<gpsHeading>56.463863</gpsHeading>
<haccuracy>5.536000</haccuracy>
<vaccuracy>5.536000</vaccuracy>
<internetconnect>0</internetconnect>
</trkpt>
<trkpt lat="35.813748" lon="139.061465">
<ele>1158.610556</ele>
<time>2026-05-09T07:07:50Z</time>
<speed>1.634185</speed>
<trueHeading>0.000000</trueHeading>
<magneticHeading>0.000000</magneticHeading>
<gpsHeading>77.114540</gpsHeading>
<haccuracy>5.794000</haccuracy>
<vaccuracy>5.794000</vaccuracy>
<internetconnect>0</internetconnect>
</trkpt>
<trkpt lat="35.813731" lon="139.061833">
<ele>1156.783591</ele>
<time>2026-05-09T07:08:12Z</time>
<speed>1.561233</speed>
<trueHeading>0.000000</trueHeading>
<magneticHeading>0.000000</magneticHeading>
<gpsHeading>88.836281</gpsHeading>
<haccuracy>5.864000</haccuracy>
<vaccuracy>5.864000</vaccuracy>
<internetconnect>0</internetconnect>
</trkpt>
<trkpt lat="35.813731" lon="139.061833">
<ele>1156.783591</ele>
<time>2026-05-09T07:08:12Z</time>
<speed>1.561233</speed>
<trueHeading>0.000000</trueHeading>
<magneticHeading>0.000000</magneticHeading>
<gpsHeading>88.291153</gpsHeading>
<haccuracy>5.864000</haccuracy>
<vaccuracy>5.864000</vaccuracy>
<internetconnect>2</internetconnect>
</trkpt>
<trkpt lat="35.813731" lon="139.061850">
<ele>1156.759492</ele>
<time>2026-05-09T07:08:13Z</time>
<speed>1.576057</speed>
<trueHeading>0.000000</trueHeading>
<magneticHeading>0.000000</magneticHeading>
<gpsHeading>92.953583</gpsHeading>
<haccuracy>5.863000</haccuracy>
<vaccuracy>5.863000</vaccuracy>
<internetconnect>0</internetconnect>
</trkpt>
<trkpt lat="35.813765" lon="139.062255">
<ele>1154.243439</ele>
<time>2026-05-09T07:08:37Z</time>
<speed>1.696790</speed>
<trueHeading>0.000000</trueHeading>
<magneticHeading>0.000000</magneticHeading>
<gpsHeading>84.149971</gpsHeading>
<haccuracy>5.858000</haccuracy>
<vaccuracy>5.858000</vaccuracy>
<internetconnect>0</internetconnect>
</trkpt>
<trkpt lat="35.813835" lon="139.062638">
<ele>1154.301425</ele>
<time>2026-05-09T07:09:00Z</time>
<speed>1.601831</speed>
<trueHeading>0.000000</trueHeading>
<magneticHeading>0.000000</magneticHeading>
<gpsHeading>77.354645</gpsHeading>
<haccuracy>6.022000</haccuracy>
<vaccuracy>6.022000</vaccuracy>
<internetconnect>0</internetconnect>
</trkpt>
<trkpt lat="35.813921" lon="139.063024">
<ele>1153.900695</ele>
<time>2026-05-09T07:09:24Z</time>
<speed>1.537806</speed>
<trueHeading>0.000000</trueHeading>
<magneticHeading>0.000000</magneticHeading>
<gpsHeading>74.610817</gpsHeading>
<haccuracy>5.204000</haccuracy>
<vaccuracy>5.204000</vaccuracy>
<internetconnect>0</internetconnect>
</trkpt>
<trkpt lat="35.814023" lon="139.063303">
<ele>1153.257999</ele>
<time>2026-05-09T07:09:43Z</time>
<speed>1.535723</speed>
<trueHeading>0.000000</trueHeading>
<magneticHeading>0.000000</magneticHeading>
<gpsHeading>76.227989</gpsHeading>
<haccuracy>5.700000</haccuracy>
<vaccuracy>5.700000</vaccuracy>
<internetconnect>0</internetconnect>
</trkpt>
<trkpt lat="35.814023" lon="139.063303">
<ele>1153.257999</ele>
<time>2026-05-09T07:09:43Z</time>
<speed>1.535723</speed>
<trueHeading>0.000000</trueHeading>
<magneticHeading>0.000000</magneticHeading>
<gpsHeading>76.227989</gpsHeading>
<haccuracy>5.700000</haccuracy>
<vaccuracy>5.700000</vaccuracy>
<internetconnect>2</internetconnect>
</trkpt>
<trkpt lat="35.814082" lon="139.063354">
<ele>1153.318734</ele>
<time>2026-05-09T07:09:48Z</time>
<speed>1.624190</speed>
<trueHeading>0.000000</trueHeading>
<magneticHeading>0.000000</magneticHeading>
<gpsHeading>58.999241</gpsHeading>
<haccuracy>5.472000</haccuracy>
<vaccuracy>5.472000</vaccuracy>
<internetconnect>0</internetconnect>
</trkpt>
<trkpt lat="35.813977" lon="139.063710">
<ele>1151.200888</ele>
<time>2026-05-09T07:10:11Z</time>
<speed>1.616199</speed>
<trueHeading>0.000000</trueHeading>
<magneticHeading>0.000000</magneticHeading>
<gpsHeading>109.845871</gpsHeading>
<haccuracy>5.806000</haccuracy>
<vaccuracy>5.806000</vaccuracy>
<internetconnect>0</internetconnect>
</trkpt>
<trkpt lat="35.813857" lon="139.064098">
<ele>1150.779004</ele>
<time>2026-05-09T07:10:35Z</time>
<speed>1.540797</speed>
<trueHeading>0.000000</trueHeading>
<magneticHeading>0.000000</magneticHeading>
<gpsHeading>110.955856</gpsHeading>
<haccuracy>5.151000</haccuracy>
<vaccuracy>5.151000</vaccuracy>
<internetconnect>0</internetconnect>
</trkpt>
<trkpt lat="35.813731" lon="139.064483">
<ele>1151.190886</ele>
<time>2026-05-09T07:10:59Z</time>
<speed>1.543628</speed>
<trueHeading>0.000000</trueHeading>
<magneticHeading>0.000000</magneticHeading>
<gpsHeading>112.014252</gpsHeading>
<haccuracy>4.865000</haccuracy>
<vaccuracy>4.865000</vaccuracy>
<internetconnect>0</internetconnect>
</trkpt>
<trkpt lat="35.813646" lon="139.064733">
<ele>1151.022897</ele>
<time>2026-05-09T07:11:15Z</time>
<speed>1.583742</speed>
<trueHeading>0.000000</trueHeading>
<magneticHeading>0.000000</magneticHeading>
<gpsHeading>107.997223</gpsHeading>
<haccuracy>4.981000</haccuracy>
<vaccuracy>4.981000</vaccuracy>
<internetconnect>0</internetconnect>
</trkpt>
<trkpt lat="35.813646" lon="139.064733">
<ele>1151.022897</ele>
<time>2026-05-09T07:11:15Z</time>
<speed>1.583742</speed>
<trueHeading>0.000000</trueHeading>
<magneticHeading>0.000000</magneticHeading>
<gpsHeading>107.997223</gpsHeading>
<haccuracy>4.981000</haccuracy>
<vaccuracy>4.981000</vaccuracy>
<internetconnect>2</internetconnect>
</trkpt>
<trkpt lat="35.813603" lon="139.064839">
<ele>1150.906986</ele>
<time>2026-05-09T07:11:22Z</time>
<speed>1.530406</speed>
<trueHeading>0.000000</trueHeading>
<magneticHeading>0.000000</magneticHeading>
<gpsHeading>113.903160</gpsHeading>
<haccuracy>5.569000</haccuracy>
<vaccuracy>5.569000</vaccuracy>
<internetconnect>0</internetconnect>
</trkpt>
<trkpt lat="35.813474" lon="139.065171">
<ele>1150.747982</ele>
<time>2026-05-09T07:11:46Z</time>
<speed>1.569317</speed>
<trueHeading>0.000000</trueHeading>
<magneticHeading>0.000000</magneticHeading>
<gpsHeading>115.445389</gpsHeading>
<haccuracy>6.018000</haccuracy>
<vaccuracy>6.018000</vaccuracy>
<internetconnect>0</internetconnect>
</trkpt>
<trkpt lat="35.813357" lon="139.065515">
<ele>1147.890967</ele>
<time>2026-05-09T07:12:09Z</time>
<speed>1.616708</speed>
<trueHeading>0.000000</trueHeading>
<magneticHeading>0.000000</magneticHeading>
<gpsHeading>112.888557</gpsHeading>
<haccuracy>5.181000</haccuracy>
<vaccuracy>5.181000</vaccuracy>
<internetconnect>0</internetconnect>
</trkpt>
<trkpt lat="35.813304" lon="139.065897">
<ele>1145.871163</ele>
<time>2026-05-09T07:12:32Z</time>
<speed>1.621507</speed>
<trueHeading>0.000000</trueHeading>
<magneticHeading>0.000000</magneticHeading>
<gpsHeading>99.744797</gpsHeading>
<haccuracy>5.543000</haccuracy>
<vaccuracy>5.543000</vaccuracy>
<internetconnect>0</internetconnect>
</trkpt>
<trkpt lat="35.813256" lon="139.066150">
<ele>1144.685094</ele>
<time>2026-05-09T07:12:46Z</time>
<speed>1.599906</speed>
<trueHeading>0.000000</trueHeading>
<magneticHeading>0.000000</magneticHeading>
<gpsHeading>108.753296</gpsHeading>
<haccuracy>5.558000</haccuracy>
<vaccuracy>5.558000</vaccuracy>
<internetconnect>0</internetconnect>
</trkpt>
<trkpt lat="35.813256" lon="139.066150">
<ele>1144.685094</ele>
<time>2026-05-09T07:12:46Z</time>
<speed>1.599906</speed>
<trueHeading>0.000000</trueHeading>
<magneticHeading>0.000000</magneticHeading>
<gpsHeading>108.753296</gpsHeading>
<haccuracy>5.558000</haccuracy>
<vaccuracy>5.558000</vaccuracy>
<internetconnect>2</internetconnect>
</trkpt>
<trkpt lat="35.813229" lon="139.066326">
<ele>1143.401763</ele>
<time>2026-05-09T07:12:56Z</time>
<speed>1.635103</speed>
<trueHeading>0.000000</trueHeading>
<magneticHeading>0.000000</magneticHeading>
<gpsHeading>102.092751</gpsHeading>
<haccuracy>5.951000</haccuracy>
<vaccuracy>5.951000</vaccuracy>
<internetconnect>0</internetconnect>
</trkpt>
<trkpt lat="35.813127" lon="139.066721">
<ele>1139.468108</ele>
<time>2026-05-09T07:13:19Z</time>
<speed>1.737673</speed>
<trueHeading>0.000000</trueHeading>
<magneticHeading>0.000000</magneticHeading>
<gpsHeading>107.715591</gpsHeading>
<haccuracy>5.734000</haccuracy>
<vaccuracy>5.734000</vaccuracy>
<internetconnect>0</internetconnect>
</trkpt>
<trkpt lat="35.813093" lon="139.067124">
<ele>1135.057061</ele>
<time>2026-05-09T07:13:42Z</time>
<speed>1.630242</speed>
<trueHeading>0.000000</trueHeading>
<magneticHeading>0.000000</magneticHeading>
<gpsHeading>95.917831</gpsHeading>
<haccuracy>5.648000</haccuracy>
<vaccuracy>5.648000</vaccuracy>
<internetconnect>0</internetconnect>
</trkpt>
<trkpt lat="35.813040" lon="139.067472">
<ele>1132.679307</ele>
<time>2026-05-09T07:14:05Z</time>
<speed>1.615672</speed>
<trueHeading>0.000000</trueHeading>
<magneticHeading>0.000000</magneticHeading>
<gpsHeading>100.524879</gpsHeading>
<haccuracy>5.353000</haccuracy>
<vaccuracy>5.353000</vaccuracy>
<internetconnect>0</internetconnect>
</trkpt>
<trkpt lat="35.813185" lon="139.067609">
<ele>1131.334583</ele>
<time>2026-05-09T07:14:18Z</time>
<speed>1.624820</speed>
<trueHeading>0.000000</trueHeading>
<magneticHeading>0.000000</magneticHeading>
<gpsHeading>93.411911</gpsHeading>
<haccuracy>5.898000</haccuracy>
<vaccuracy>5.898000</vaccuracy>
<internetconnect>0</internetconnect>
</trkpt>
<trkpt lat="35.813185" lon="139.067609">
<ele>1131.334583</ele>
<time>2026-05-09T07:14:18Z</time>
<speed>1.624820</speed>
<trueHeading>0.000000</trueHeading>
<magneticHeading>0.000000</magneticHeading>
<gpsHeading>93.411911</gpsHeading>
<haccuracy>5.898000</haccuracy>
<vaccuracy>5.898000</vaccuracy>
<internetconnect>2</internetconnect>
</trkpt>
<trkpt lat="35.813316" lon="139.067681">
<ele>1130.567222</ele>
<time>2026-05-09T07:14:29Z</time>
<speed>1.571010</speed>
<trueHeading>0.000000</trueHeading>
<magneticHeading>0.000000</magneticHeading>
<gpsHeading>31.540747</gpsHeading>
<haccuracy>5.105000</haccuracy>
<vaccuracy>5.105000</vaccuracy>
<internetconnect>0</internetconnect>
</trkpt>
<trkpt lat="35.813515" lon="139.067992">
<ele>1129.111266</ele>
<time>2026-05-09T07:14:53Z</time>
<speed>1.535906</speed>
<trueHeading>0.000000</trueHeading>
<magneticHeading>0.000000</magneticHeading>
<gpsHeading>51.816216</gpsHeading>
<haccuracy>5.075000</haccuracy>
<vaccuracy>5.075000</vaccuracy>
<internetconnect>0</internetconnect>
</trkpt>
<trkpt lat="35.813682" lon="139.068317">
<ele>1123.178470</ele>
<time>2026-05-09T07:15:17Z</time>
<speed>1.578020</speed>
<trueHeading>0.000000</trueHeading>
<magneticHeading>0.000000</magneticHeading>
<gpsHeading>57.529491</gpsHeading>
<haccuracy>5.484000</haccuracy>
<vaccuracy>5.484000</vaccuracy>
<internetconnect>0</internetconnect>
</trkpt>
<trkpt lat="35.813710" lon="139.068697">
<ele>1114.663380</ele>
<time>2026-05-09T07:15:41Z</time>
<speed>1.640430</speed>
<trueHeading>0.000000</trueHeading>
<magneticHeading>0.000000</magneticHeading>
<gpsHeading>84.847687</gpsHeading>
<haccuracy>5.111000</haccuracy>
<vaccuracy>5.111000</vaccuracy>
<internetconnect>0</internetconnect>
</trkpt>
<trkpt lat="35.813739" lon="139.068828">
<ele>1111.722537</ele>
<time>2026-05-09T07:15:50Z</time>
<speed>1.475287</speed>
<trueHeading>0.000000</trueHeading>
<magneticHeading>0.000000</magneticHeading>
<gpsHeading>60.753487</gpsHeading>
<haccuracy>5.107000</haccuracy>
<vaccuracy>5.107000</vaccuracy>
<internetconnect>0</internetconnect>
</trkpt>
<trkpt lat="35.813739" lon="139.068828">
<ele>1111.722537</ele>
<time>2026-05-09T07:15:50Z</time>
<speed>1.475287</speed>
<trueHeading>0.000000</trueHeading>
<magneticHeading>0.000000</magneticHeading>
<gpsHeading>60.753487</gpsHeading>
<haccuracy>5.107000</haccuracy>
<vaccuracy>5.107000</vaccuracy>
<internetconnect>2</internetconnect>
</trkpt>
<trkpt lat="35.813827" lon="139.068979">
<ele>1106.445115</ele>
<time>2026-05-09T07:16:04Z</time>
<speed>1.543880</speed>
<trueHeading>0.000000</trueHeading>
<magneticHeading>0.000000</magneticHeading>
<gpsHeading>62.839836</gpsHeading>
<haccuracy>5.420000</haccuracy>
<vaccuracy>5.420000</vaccuracy>
<internetconnect>0</internetconnect>
</trkpt>
<trkpt lat="35.813980" lon="139.069179">
<ele>1097.978531</ele>
<time>2026-05-09T07:16:28Z</time>
<speed>1.439266</speed>
<trueHeading>0.000000</trueHeading>
<magneticHeading>0.000000</magneticHeading>
<gpsHeading>46.725235</gpsHeading>
<haccuracy>5.878000</haccuracy>
<vaccuracy>5.878000</vaccuracy>
<internetconnect>0</internetconnect>
</trkpt>
<trkpt lat="35.813821" lon="139.069437">
<ele>1090.004350</ele>
<time>2026-05-09T07:16:51Z</time>
<speed>1.410076</speed>
<trueHeading>0.000000</trueHeading>
<magneticHeading>0.000000</magneticHeading>
<gpsHeading>127.228432</gpsHeading>
<haccuracy>6.084000</haccuracy>
<vaccuracy>6.084000</vaccuracy>
<internetconnect>0</internetconnect>
</trkpt>
<trkpt lat="35.813607" lon="139.069593">
<ele>1085.076895</ele>
<time>2026-05-09T07:17:15Z</time>
<speed>1.402474</speed>
<trueHeading>0.000000</trueHeading>
<magneticHeading>0.000000</magneticHeading>
<gpsHeading>149.380066</gpsHeading>
<haccuracy>5.773000</haccuracy>
<vaccuracy>5.773000</vaccuracy>
<internetconnect>0</internetconnect>
</trkpt>
<trkpt lat="35.813545" lon="139.069663">
<ele>1082.449357</ele>
<time>2026-05-09T07:17:22Z</time>
<speed>1.357616</speed>
<trueHeading>0.000000</trueHeading>
<magneticHeading>0.000000</magneticHeading>
<gpsHeading>105.967529</gpsHeading>
<haccuracy>5.517000</haccuracy>
<vaccuracy>5.517000</vaccuracy>
<internetconnect>0</internetconnect>
</trkpt>
<trkpt lat="35.813545" lon="139.069663">
<ele>1082.449357</ele>
<time>2026-05-09T07:17:22Z</time>
<speed>1.357616</speed>
<trueHeading>0.000000</trueHeading>
<magneticHeading>0.000000</magneticHeading>
<gpsHeading>105.967529</gpsHeading>
<haccuracy>5.517000</haccuracy>
<vaccuracy>5.517000</vaccuracy>
<internetconnect>2</internetconnect>
</trkpt>
<trkpt lat="35.813492" lon="139.069873">
<ele>1077.889222</ele>
<time>2026-05-09T07:17:39Z</time>
<speed>1.465092</speed>
<trueHeading>0.000000</trueHeading>
<magneticHeading>0.000000</magneticHeading>
<gpsHeading>116.800842</gpsHeading>
<haccuracy>5.588000</haccuracy>
<vaccuracy>5.588000</vaccuracy>
<internetconnect>0</internetconnect>
</trkpt>
<trkpt lat="35.813328" lon="139.070023">
<ele>1070.090214</ele>
<time>2026-05-09T07:18:03Z</time>
<speed>1.504366</speed>
<trueHeading>0.000000</trueHeading>
<magneticHeading>0.000000</magneticHeading>
<gpsHeading>143.417343</gpsHeading>
<haccuracy>6.280000</haccuracy>
<vaccuracy>6.280000</vaccuracy>
<internetconnect>0</internetconnect>
</trkpt>
<trkpt lat="35.813223" lon="139.070180">
<ele>1063.098464</ele>
<time>2026-05-09T07:18:26Z</time>
<speed>1.309485</speed>
<trueHeading>0.000000</trueHeading>
<magneticHeading>0.000000</magneticHeading>
<gpsHeading>129.719177</gpsHeading>
<haccuracy>4.888000</haccuracy>
<vaccuracy>4.888000</vaccuracy>
<internetconnect>0</internetconnect>
</trkpt>
<trkpt lat="35.813149" lon="139.070442">
<ele>1056.084999</ele>
<time>2026-05-09T07:18:49Z</time>
<speed>1.563087</speed>
<trueHeading>0.000000</trueHeading>
<magneticHeading>0.000000</magneticHeading>
<gpsHeading>109.144356</gpsHeading>
<haccuracy>5.342000</haccuracy>
<vaccuracy>5.342000</vaccuracy>
<internetconnect>0</internetconnect>
</trkpt>
<trkpt lat="35.813136" lon="139.070502">
<ele>1054.227509</ele>
<time>2026-05-09T07:18:54Z</time>
<speed>1.530378</speed>
<trueHeading>0.000000</trueHeading>
<magneticHeading>0.000000</magneticHeading>
<gpsHeading>120.999756</gpsHeading>
<haccuracy>5.591000</haccuracy>
<vaccuracy>5.591000</vaccuracy>
<internetconnect>0</internetconnect>
</trkpt>
<trkpt lat="35.813136" lon="139.070502">
<ele>1054.227509</ele>
<time>2026-05-09T07:18:54Z</time>
<speed>1.530378</speed>
<trueHeading>0.000000</trueHeading>
<magneticHeading>0.000000</magneticHeading>
<gpsHeading>120.999756</gpsHeading>
<haccuracy>5.591000</haccuracy>
<vaccuracy>5.591000</vaccuracy>
<internetconnect>2</internetconnect>
</trkpt>
<trkpt lat="35.812960" lon="139.070635">
<ele>1048.691085</ele>
<time>2026-05-09T07:19:13Z</time>
<speed>1.736364</speed>
<trueHeading>0.000000</trueHeading>
<magneticHeading>0.000000</magneticHeading>
<gpsHeading>140.360016</gpsHeading>
<haccuracy>5.992000</haccuracy>
<vaccuracy>5.992000</vaccuracy>
<internetconnect>0</internetconnect>
</trkpt>
<trkpt lat="35.812877" lon="139.070929">
<ele>1039.329499</ele>
<time>2026-05-09T07:19:36Z</time>
<speed>1.635861</speed>
<trueHeading>0.000000</trueHeading>
<magneticHeading>0.000000</magneticHeading>
<gpsHeading>109.173302</gpsHeading>
<haccuracy>5.322000</haccuracy>
<vaccuracy>5.322000</vaccuracy>
<internetconnect>0</internetconnect>
</trkpt>
<trkpt lat="35.812609" lon="139.070919">
<ele>1030.751163</ele>
<time>2026-05-09T07:20:00Z</time>
<speed>1.624936</speed>
<trueHeading>0.000000</trueHeading>
<magneticHeading>0.000000</magneticHeading>
<gpsHeading>181.783798</gpsHeading>
<haccuracy>5.498000</haccuracy>
<vaccuracy>5.498000</vaccuracy>
<internetconnect>0</internetconnect>
</trkpt>
<trkpt lat="35.812413" lon="139.071270">
<ele>1021.962363</ele>
<time>2026-05-09T07:20:24Z</time>
<speed>1.755013</speed>
<trueHeading>0.000000</trueHeading>
<magneticHeading>0.000000</magneticHeading>
<gpsHeading>124.516068</gpsHeading>
<haccuracy>5.517000</haccuracy>
<vaccuracy>5.517000</vaccuracy>
<internetconnect>0</internetconnect>
</trkpt>
<trkpt lat="35.812419" lon="139.071287">
<ele>1021.649997</ele>
<time>2026-05-09T07:20:25Z</time>
<speed>1.755994</speed>
<trueHeading>0.000000</trueHeading>
<magneticHeading>0.000000</magneticHeading>
<gpsHeading>138.408600</gpsHeading>
<haccuracy>5.507000</haccuracy>
<vaccuracy>5.507000</vaccuracy>
<internetconnect>0</internetconnect>
</trkpt>
<trkpt lat="35.812426" lon="139.071303">
<ele>1021.099259</ele>
<time>2026-05-09T07:20:26Z</time>
<speed>1.769877</speed>
<trueHeading>0.000000</trueHeading>
<magneticHeading>0.000000</magneticHeading>
<gpsHeading>137.559799</gpsHeading>
<haccuracy>5.474000</haccuracy>
<vaccuracy>5.474000</vaccuracy>
<internetconnect>2</internetconnect>
</trkpt>
<trkpt lat="35.812290" lon="139.071572">
<ele>1012.716741</ele>
<time>2026-05-09T07:20:48Z</time>
<speed>1.668405</speed>
<trueHeading>0.000000</trueHeading>
<magneticHeading>0.000000</magneticHeading>
<gpsHeading>116.562981</gpsHeading>
<haccuracy>5.156000</haccuracy>
<vaccuracy>5.156000</vaccuracy>
<internetconnect>0</internetconnect>
</trkpt>
<trkpt lat="35.812023" lon="139.071752">
<ele>1003.865892</ele>
<time>2026-05-09T07:21:11Z</time>
<speed>1.691144</speed>
<trueHeading>0.000000</trueHeading>
<magneticHeading>0.000000</magneticHeading>
<gpsHeading>151.437592</gpsHeading>
<haccuracy>5.778000</haccuracy>
<vaccuracy>5.778000</vaccuracy>
<internetconnect>0</internetconnect>
</trkpt>
<trkpt lat="35.811739" lon="139.071916">
<ele>994.393663</ele>
<time>2026-05-09T07:21:35Z</time>
<speed>1.685443</speed>
<trueHeading>0.000000</trueHeading>
<magneticHeading>0.000000</magneticHeading>
<gpsHeading>154.795181</gpsHeading>
<haccuracy>6.766000</haccuracy>
<vaccuracy>6.766000</vaccuracy>
<internetconnect>0</internetconnect>
</trkpt>
<trkpt lat="35.811603" lon="139.072185">
<ele>985.324696</ele>
<time>2026-05-09T07:21:56Z</time>
<speed>1.571177</speed>
<trueHeading>0.000000</trueHeading>
<magneticHeading>0.000000</magneticHeading>
<gpsHeading>138.273834</gpsHeading>
<haccuracy>5.872000</haccuracy>
<vaccuracy>5.872000</vaccuracy>
<internetconnect>0</internetconnect>
</trkpt>
<trkpt lat="35.811601" lon="139.072203">
<ele>984.962537</ele>
<time>2026-05-09T07:21:57Z</time>
<speed>1.569526</speed>
<trueHeading>0.000000</trueHeading>
<magneticHeading>0.000000</magneticHeading>
<gpsHeading>138.513199</gpsHeading>
<haccuracy>5.840000</haccuracy>
<vaccuracy>5.840000</vaccuracy>
<internetconnect>2</internetconnect>
</trkpt>
<trkpt lat="35.811595" lon="139.072219">
<ele>984.423814</ele>
<time>2026-05-09T07:21:58Z</time>
<speed>1.603649</speed>
<trueHeading>0.000000</trueHeading>
<magneticHeading>0.000000</magneticHeading>
<gpsHeading>120.491096</gpsHeading>
<haccuracy>5.907000</haccuracy>
<vaccuracy>5.907000</vaccuracy>
<internetconnect>0</internetconnect>
</trkpt>
<trkpt lat="35.811331" lon="139.072431">
<ele>975.200286</ele>
<time>2026-05-09T07:22:21Z</time>
<speed>1.687900</speed>
<trueHeading>0.000000</trueHeading>
<magneticHeading>0.000000</magneticHeading>
<gpsHeading>146.966888</gpsHeading>
<haccuracy>6.618000</haccuracy>
<vaccuracy>6.618000</vaccuracy>
<internetconnect>0</internetconnect>
</trkpt>
<trkpt lat="35.811058" lon="139.072580">
<ele>966.109995</ele>
<time>2026-05-09T07:22:45Z</time>
<speed>1.683548</speed>
<trueHeading>0.000000</trueHeading>
<magneticHeading>0.000000</magneticHeading>
<gpsHeading>156.097061</gpsHeading>
<haccuracy>5.485000</haccuracy>
<vaccuracy>5.485000</vaccuracy>
<internetconnect>0</internetconnect>
</trkpt>
<trkpt lat="35.810831" lon="139.072779">
<ele>957.725440</ele>
<time>2026-05-09T07:23:08Z</time>
<speed>1.660445</speed>
<trueHeading>0.000000</trueHeading>
<magneticHeading>0.000000</magneticHeading>
<gpsHeading>144.460831</gpsHeading>
<haccuracy>5.550000</haccuracy>
<vaccuracy>5.550000</vaccuracy>
<internetconnect>0</internetconnect>
</trkpt>
<trkpt lat="35.810608" lon="139.072938">
<ele>951.275002</ele>
<time>2026-05-09T07:23:28Z</time>
<speed>1.626101</speed>
<trueHeading>0.000000</trueHeading>
<magneticHeading>0.000000</magneticHeading>
<gpsHeading>148.464355</gpsHeading>
<haccuracy>6.158000</haccuracy>
<vaccuracy>6.158000</vaccuracy>
<internetconnect>0</internetconnect>
</trkpt>
<trkpt lat="35.810608" lon="139.072938">
<ele>951.275002</ele>
<time>2026-05-09T07:23:28Z</time>
<speed>1.626101</speed>
<trueHeading>0.000000</trueHeading>
<magneticHeading>0.000000</magneticHeading>
<gpsHeading>149.029282</gpsHeading>
<haccuracy>6.158000</haccuracy>
<vaccuracy>6.158000</vaccuracy>
<internetconnect>2</internetconnect>
</trkpt>
<trkpt lat="35.810571" lon="139.072963">
<ele>948.756544</ele>
<time>2026-05-09T07:23:31Z</time>
<speed>1.623511</speed>
<trueHeading>0.000000</trueHeading>
<magneticHeading>0.000000</magneticHeading>
<gpsHeading>150.266891</gpsHeading>
<haccuracy>5.807000</haccuracy>
<vaccuracy>5.807000</vaccuracy>
<internetconnect>0</internetconnect>
</trkpt>
<trkpt lat="35.810327" lon="139.073087">
<ele>940.445578</ele>
<time>2026-05-09T07:23:54Z</time>
<speed>1.678640</speed>
<trueHeading>0.000000</trueHeading>
<magneticHeading>0.000000</magneticHeading>
<gpsHeading>157.486877</gpsHeading>
<haccuracy>5.924000</haccuracy>
<vaccuracy>5.924000</vaccuracy>
<internetconnect>0</internetconnect>
</trkpt>
<trkpt lat="35.810305" lon="139.073389">
<ele>930.841817</ele>
<time>2026-05-09T07:24:18Z</time>
<speed>1.740899</speed>
<trueHeading>0.000000</trueHeading>
<magneticHeading>0.000000</magneticHeading>
<gpsHeading>95.131363</gpsHeading>
<haccuracy>5.667000</haccuracy>
<vaccuracy>5.667000</vaccuracy>
<internetconnect>0</internetconnect>
</trkpt>
<trkpt lat="35.810196" lon="139.073700">
<ele>925.382464</ele>
<time>2026-05-09T07:24:41Z</time>
<speed>1.641113</speed>
<trueHeading>0.000000</trueHeading>
<magneticHeading>0.000000</magneticHeading>
<gpsHeading>113.554276</gpsHeading>
<haccuracy>5.627000</haccuracy>
<vaccuracy>5.627000</vaccuracy>
<internetconnect>0</internetconnect>
</trkpt>
<trkpt lat="35.810062" lon="139.073957">
<ele>923.777160</ele>
<time>2026-05-09T07:25:00Z</time>
<speed>1.565079</speed>
<trueHeading>0.000000</trueHeading>
<magneticHeading>0.000000</magneticHeading>
<gpsHeading>123.445244</gpsHeading>
<haccuracy>5.418000</haccuracy>
<vaccuracy>5.418000</vaccuracy>
<internetconnect>0</internetconnect>
</trkpt>
<trkpt lat="35.810062" lon="139.073957">
<ele>923.777160</ele>
<time>2026-05-09T07:25:00Z</time>
<speed>1.565079</speed>
<trueHeading>0.000000</trueHeading>
<magneticHeading>0.000000</magneticHeading>
<gpsHeading>123.445244</gpsHeading>
<haccuracy>5.418000</haccuracy>
<vaccuracy>5.418000</vaccuracy>
<internetconnect>2</internetconnect>
</trkpt>
<trkpt lat="35.810048" lon="139.074027">
<ele>923.098395</ele>
<time>2026-05-09T07:25:04Z</time>
<speed>1.662796</speed>
<trueHeading>0.000000</trueHeading>
<magneticHeading>0.000000</magneticHeading>
<gpsHeading>119.100075</gpsHeading>
<haccuracy>5.504000</haccuracy>
<vaccuracy>5.504000</vaccuracy>
<internetconnect>0</internetconnect>
</trkpt>
<trkpt lat="35.809929" lon="139.074315">
<ele>917.078576</ele>
<time>2026-05-09T07:25:28Z</time>
<speed>1.580498</speed>
<trueHeading>0.000000</trueHeading>
<magneticHeading>0.000000</magneticHeading>
<gpsHeading>116.944336</gpsHeading>
<haccuracy>5.736000</haccuracy>
<vaccuracy>5.736000</vaccuracy>
<internetconnect>0</internetconnect>
</trkpt>
<trkpt lat="35.809901" lon="139.074660">
<ele>909.183102</ele>
<time>2026-05-09T07:25:51Z</time>
<speed>1.566122</speed>
<trueHeading>0.000000</trueHeading>
<magneticHeading>0.000000</magneticHeading>
<gpsHeading>95.813026</gpsHeading>
<haccuracy>5.287000</haccuracy>
<vaccuracy>5.287000</vaccuracy>
<internetconnect>0</internetconnect>
</trkpt>
<trkpt lat="35.809782" lon="139.074949">
<ele>904.441299</ele>
<time>2026-05-09T07:26:14Z</time>
<speed>1.647473</speed>
<trueHeading>0.000000</trueHeading>
<magneticHeading>0.000000</magneticHeading>
<gpsHeading>116.820831</gpsHeading>
<haccuracy>5.498000</haccuracy>
<vaccuracy>5.498000</vaccuracy>
<internetconnect>0</internetconnect>
</trkpt>
<trkpt lat="35.809746" lon="139.075194">
<ele>901.623548</ele>
<time>2026-05-09T07:26:31Z</time>
<speed>1.637064</speed>
<trueHeading>0.000000</trueHeading>
<magneticHeading>0.000000</magneticHeading>
<gpsHeading>107.478241</gpsHeading>
<haccuracy>5.654000</haccuracy>
<vaccuracy>5.654000</vaccuracy>
<internetconnect>0</internetconnect>
</trkpt>
<trkpt lat="35.809746" lon="139.075194">
<ele>901.623548</ele>
<time>2026-05-09T07:26:31Z</time>
<speed>1.637064</speed>
<trueHeading>0.000000</trueHeading>
<magneticHeading>0.000000</magneticHeading>
<gpsHeading>107.478241</gpsHeading>
<haccuracy>5.654000</haccuracy>
<vaccuracy>5.654000</vaccuracy>
<internetconnect>2</internetconnect>
</trkpt>
<trkpt lat="35.809693" lon="139.075284">
<ele>901.947974</ele>
<time>2026-05-09T07:26:38Z</time>
<speed>1.645733</speed>
<trueHeading>0.000000</trueHeading>
<magneticHeading>0.000000</magneticHeading>
<gpsHeading>108.255638</gpsHeading>
<haccuracy>5.578000</haccuracy>
<vaccuracy>5.578000</vaccuracy>
<internetconnect>0</internetconnect>
</trkpt>
<trkpt lat="35.809570" lon="139.075586">
<ele>899.785447</ele>
<time>2026-05-09T07:27:02Z</time>
<speed>1.562669</speed>
<trueHeading>0.000000</trueHeading>
<magneticHeading>0.000000</magneticHeading>
<gpsHeading>116.509583</gpsHeading>
<haccuracy>4.671000</haccuracy>
<vaccuracy>4.671000</vaccuracy>
<internetconnect>0</internetconnect>
</trkpt>
<trkpt lat="35.809584" lon="139.075936">
<ele>894.921027</ele>
<time>2026-05-09T07:27:25Z</time>
<speed>1.621675</speed>
<trueHeading>0.000000</trueHeading>
<magneticHeading>0.000000</magneticHeading>
<gpsHeading>87.356743</gpsHeading>
<haccuracy>5.609000</haccuracy>
<vaccuracy>5.609000</vaccuracy>
<internetconnect>0</internetconnect>
</trkpt>
<trkpt lat="35.809604" lon="139.076358">
<ele>890.753730</ele>
<time>2026-05-09T07:27:49Z</time>
<speed>1.145022</speed>
<trueHeading>0.000000</trueHeading>
<magneticHeading>0.000000</magneticHeading>
<gpsHeading>86.508560</gpsHeading>
<haccuracy>5.488000</haccuracy>
<vaccuracy>5.488000</vaccuracy>
<internetconnect>0</internetconnect>
</trkpt>
<trkpt lat="35.809634" lon="139.076628">
<ele>889.105293</ele>
<time>2026-05-09T07:28:03Z</time>
<speed>1.674349</speed>
<trueHeading>0.000000</trueHeading>
<magneticHeading>0.000000</magneticHeading>
<gpsHeading>95.513863</gpsHeading>
<haccuracy>6.461000</haccuracy>
<vaccuracy>6.461000</vaccuracy>
<internetconnect>0</internetconnect>
</trkpt>
<trkpt lat="35.809634" lon="139.076628">
<ele>889.105293</ele>
<time>2026-05-09T07:28:03Z</time>
<speed>1.674349</speed>
<trueHeading>0.000000</trueHeading>
<magneticHeading>0.000000</magneticHeading>
<gpsHeading>95.513863</gpsHeading>
<haccuracy>6.461000</haccuracy>
<vaccuracy>6.461000</vaccuracy>
<internetconnect>2</internetconnect>
</trkpt>
<trkpt lat="35.809674" lon="139.076800">
<ele>885.284246</ele>
<time>2026-05-09T07:28:13Z</time>
<speed>1.663775</speed>
<trueHeading>0.000000</trueHeading>
<magneticHeading>0.000000</magneticHeading>
<gpsHeading>79.004265</gpsHeading>
<haccuracy>5.332000</haccuracy>
<vaccuracy>5.332000</vaccuracy>
<internetconnect>0</internetconnect>
</trkpt>
<trkpt lat="35.809677" lon="139.077221">
<ele>883.872943</ele>
<time>2026-05-09T07:28:37Z</time>
<speed>1.238133</speed>
<trueHeading>0.000000</trueHeading>
<magneticHeading>0.000000</magneticHeading>
<gpsHeading>89.581062</gpsHeading>
<haccuracy>6.360000</haccuracy>
<vaccuracy>6.360000</vaccuracy>
<internetconnect>0</internetconnect>
</trkpt>
<trkpt lat="35.809758" lon="139.077567">
<ele>879.117544</ele>
<time>2026-05-09T07:29:00Z</time>
<speed>1.686781</speed>
<trueHeading>0.000000</trueHeading>
<magneticHeading>0.000000</magneticHeading>
<gpsHeading>73.697243</gpsHeading>
<haccuracy>5.920000</haccuracy>
<vaccuracy>5.920000</vaccuracy>
<internetconnect>0</internetconnect>
</trkpt>
<trkpt lat="35.809995" lon="139.077803">
<ele>869.987969</ele>
<time>2026-05-09T07:29:24Z</time>
<speed>1.670123</speed>
<trueHeading>0.000000</trueHeading>
<magneticHeading>0.000000</magneticHeading>
<gpsHeading>38.993313</gpsHeading>
<haccuracy>5.664000</haccuracy>
<vaccuracy>5.664000</vaccuracy>
<internetconnect>0</internetconnect>
</trkpt>
<trkpt lat="35.810014" lon="139.077972">
<ele>866.432259</ele>
<time>2026-05-09T07:29:34Z</time>
<speed>1.600369</speed>
<trueHeading>0.000000</trueHeading>
<magneticHeading>0.000000</magneticHeading>
<gpsHeading>70.760414</gpsHeading>
<haccuracy>5.130000</haccuracy>
<vaccuracy>5.130000</vaccuracy>
<internetconnect>0</internetconnect>
</trkpt>
<trkpt lat="35.810014" lon="139.077972">
<ele>866.432259</ele>
<time>2026-05-09T07:29:34Z</time>
<speed>1.600369</speed>
<trueHeading>0.000000</trueHeading>
<magneticHeading>0.000000</magneticHeading>
<gpsHeading>70.760414</gpsHeading>
<haccuracy>5.130000</haccuracy>
<vaccuracy>5.130000</vaccuracy>
<internetconnect>2</internetconnect>
</trkpt>
<trkpt lat="35.810039" lon="139.078197">
<ele>862.224200</ele>
<time>2026-05-09T07:29:47Z</time>
<speed>1.666182</speed>
<trueHeading>0.000000</trueHeading>
<magneticHeading>0.000000</magneticHeading>
<gpsHeading>82.223778</gpsHeading>
<haccuracy>5.757000</haccuracy>
<vaccuracy>5.757000</vaccuracy>
<internetconnect>0</internetconnect>
</trkpt>
<trkpt lat="35.810073" lon="139.078630">
<ele>856.704912</ele>
<time>2026-05-09T07:30:11Z</time>
<speed>1.551210</speed>
<trueHeading>0.000000</trueHeading>
<magneticHeading>0.000000</magneticHeading>
<gpsHeading>84.383560</gpsHeading>
<haccuracy>6.074000</haccuracy>
<vaccuracy>6.074000</vaccuracy>
<internetconnect>0</internetconnect>
</trkpt>
<trkpt lat="35.810190" lon="139.079005">
<ele>854.452675</ele>
<time>2026-05-09T07:30:35Z</time>
<speed>1.670277</speed>
<trueHeading>0.000000</trueHeading>
<magneticHeading>0.000000</magneticHeading>
<gpsHeading>68.974297</gpsHeading>
<haccuracy>4.369000</haccuracy>
<vaccuracy>4.369000</vaccuracy>
<internetconnect>0</internetconnect>
</trkpt>
<trkpt lat="35.810274" lon="139.079445">
<ele>848.748862</ele>
<time>2026-05-09T07:30:58Z</time>
<speed>1.698185</speed>
<trueHeading>0.000000</trueHeading>
<magneticHeading>0.000000</magneticHeading>
<gpsHeading>76.783546</gpsHeading>
<haccuracy>5.695000</haccuracy>
<vaccuracy>5.695000</vaccuracy>
<internetconnect>0</internetconnect>
</trkpt>
<trkpt lat="35.810288" lon="139.079581">
<ele>846.307386</ele>
<time>2026-05-09T07:31:06Z</time>
<speed>1.763295</speed>
<trueHeading>0.000000</trueHeading>
<magneticHeading>0.000000</magneticHeading>
<gpsHeading>78.156891</gpsHeading>
<haccuracy>5.394000</haccuracy>
<vaccuracy>5.394000</vaccuracy>
<internetconnect>0</internetconnect>
</trkpt>
<trkpt lat="35.810288" lon="139.079581">
<ele>846.307386</ele>
<time>2026-05-09T07:31:06Z</time>
<speed>1.763295</speed>
<trueHeading>0.000000</trueHeading>
<magneticHeading>0.000000</magneticHeading>
<gpsHeading>78.156891</gpsHeading>
<haccuracy>5.394000</haccuracy>
<vaccuracy>5.394000</vaccuracy>
<internetconnect>2</internetconnect>
</trkpt>
<trkpt lat="35.810280" lon="139.079827">
<ele>840.598744</ele>
<time>2026-05-09T07:31:21Z</time>
<speed>1.769049</speed>
<trueHeading>0.000000</trueHeading>
<magneticHeading>0.000000</magneticHeading>
<gpsHeading>88.799553</gpsHeading>
<haccuracy>5.802000</haccuracy>
<vaccuracy>5.802000</vaccuracy>
<internetconnect>0</internetconnect>
</trkpt>
<trkpt lat="35.810328" lon="139.080156">
<ele>836.317772</ele>
<time>2026-05-09T07:31:45Z</time>
<speed>0.697612</speed>
<trueHeading>0.000000</trueHeading>
<magneticHeading>0.000000</magneticHeading>
<gpsHeading>79.753525</gpsHeading>
<haccuracy>6.106000</haccuracy>
<vaccuracy>6.106000</vaccuracy>
<internetconnect>0</internetconnect>
</trkpt>
<trkpt lat="35.810459" lon="139.080580">
<ele>831.160292</ele>
<time>2026-05-09T07:32:09Z</time>
<speed>1.631119</speed>
<trueHeading>0.000000</trueHeading>
<magneticHeading>0.000000</magneticHeading>
<gpsHeading>69.197678</gpsHeading>
<haccuracy>5.718000</haccuracy>
<vaccuracy>5.718000</vaccuracy>
<internetconnect>0</internetconnect>
</trkpt>
<trkpt lat="35.810591" lon="139.080904">
<ele>827.713559</ele>
<time>2026-05-09T07:32:32Z</time>
<speed>0.537039</speed>
<trueHeading>0.000000</trueHeading>
<magneticHeading>0.000000</magneticHeading>
<gpsHeading>63.326008</gpsHeading>
<haccuracy>5.765000</haccuracy>
<vaccuracy>5.765000</vaccuracy>
<internetconnect>0</internetconnect>
</trkpt>
<trkpt lat="35.810602" lon="139.081014">
<ele>826.751032</ele>
<time>2026-05-09T07:32:37Z</time>
<speed>1.605639</speed>
<trueHeading>0.000000</trueHeading>
<magneticHeading>0.000000</magneticHeading>
<gpsHeading>74.859230</gpsHeading>
<haccuracy>4.813000</haccuracy>
<vaccuracy>4.813000</vaccuracy>
<internetconnect>0</internetconnect>
</trkpt>
<trkpt lat="35.810602" lon="139.081014">
<ele>826.751032</ele>
<time>2026-05-09T07:32:37Z</time>
<speed>1.605639</speed>
<trueHeading>0.000000</trueHeading>
<magneticHeading>0.000000</magneticHeading>
<gpsHeading>74.859230</gpsHeading>
<haccuracy>4.813000</haccuracy>
<vaccuracy>4.813000</vaccuracy>
<internetconnect>2</internetconnect>
</trkpt>
<trkpt lat="35.810624" lon="139.081381">
<ele>825.959608</ele>
<time>2026-05-09T07:32:56Z</time>
<speed>1.725147</speed>
<trueHeading>0.000000</trueHeading>
<magneticHeading>0.000000</magneticHeading>
<gpsHeading>85.145714</gpsHeading>
<haccuracy>5.787000</haccuracy>
<vaccuracy>5.787000</vaccuracy>
<internetconnect>0</internetconnect>
</trkpt>
<trkpt lat="35.810662" lon="139.081784">
<ele>824.724479</ele>
<time>2026-05-09T07:33:20Z</time>
<speed>1.638335</speed>
<trueHeading>0.000000</trueHeading>
<magneticHeading>0.000000</magneticHeading>
<gpsHeading>83.292007</gpsHeading>
<haccuracy>6.592000</haccuracy>
<vaccuracy>6.592000</vaccuracy>
<internetconnect>0</internetconnect>
</trkpt>
<trkpt lat="35.810701" lon="139.082216">
<ele>816.046678</ele>
<time>2026-05-09T07:33:44Z</time>
<speed>1.664925</speed>
<trueHeading>0.000000</trueHeading>
<magneticHeading>0.000000</magneticHeading>
<gpsHeading>83.631668</gpsHeading>
<haccuracy>6.427000</haccuracy>
<vaccuracy>6.427000</vaccuracy>
<internetconnect>0</internetconnect>
</trkpt>
<trkpt lat="35.810688" lon="139.082573">
<ele>806.864223</ele>
<time>2026-05-09T07:34:08Z</time>
<speed>1.635575</speed>
<trueHeading>0.000000</trueHeading>
<magneticHeading>0.000000</magneticHeading>
<gpsHeading>86.111336</gpsHeading>
<haccuracy>5.621000</haccuracy>
<vaccuracy>5.621000</vaccuracy>
<internetconnect>0</internetconnect>
</trkpt>
<trkpt lat="35.810688" lon="139.082573">
<ele>806.864223</ele>
<time>2026-05-09T07:34:09Z</time>
<speed>1.635575</speed>
<trueHeading>0.000000</trueHeading>
<magneticHeading>0.000000</magneticHeading>
<gpsHeading>86.111336</gpsHeading>
<haccuracy>5.621000</haccuracy>
<vaccuracy>5.621000</vaccuracy>
<internetconnect>2</internetconnect>
</trkpt>
<trkpt lat="35.810688" lon="139.082573">
<ele>806.864223</ele>
<time>2026-05-09T07:34:09Z</time>
<speed>1.635575</speed>
<trueHeading>0.000000</trueHeading>
<magneticHeading>0.000000</magneticHeading>
<gpsHeading>92.573204</gpsHeading>
<haccuracy>5.621000</haccuracy>
<vaccuracy>5.621000</vaccuracy>
<internetconnect>0</internetconnect>
</trkpt>
<trkpt lat="35.810795" lon="139.082847">
<ele>800.180563</ele>
<time>2026-05-09T07:34:32Z</time>
<speed>1.500861</speed>
<trueHeading>0.000000</trueHeading>
<magneticHeading>0.000000</magneticHeading>
<gpsHeading>64.453476</gpsHeading>
<haccuracy>5.792000</haccuracy>
<vaccuracy>5.792000</vaccuracy>
<internetconnect>0</internetconnect>
</trkpt>
<trkpt lat="35.810768" lon="139.083064">
<ele>795.526251</ele>
<time>2026-05-09T07:34:56Z</time>
<speed>1.104081</speed>
<trueHeading>0.000000</trueHeading>
<magneticHeading>0.000000</magneticHeading>
<gpsHeading>98.710777</gpsHeading>
<haccuracy>4.895000</haccuracy>
<vaccuracy>4.895000</vaccuracy>
<internetconnect>0</internetconnect>
</trkpt>
<trkpt lat="35.810628" lon="139.083160">
<ele>787.556992</ele>
<time>2026-05-09T07:35:20Z</time>
<speed>1.493920</speed>
<trueHeading>0.000000</trueHeading>
<magneticHeading>0.000000</magneticHeading>
<gpsHeading>150.923752</gpsHeading>
<haccuracy>4.389000</haccuracy>
<vaccuracy>4.389000</vaccuracy>
<internetconnect>0</internetconnect>
</trkpt>
<trkpt lat="35.810389" lon="139.082874">
<ele>777.451250</ele>
<time>2026-05-09T07:35:44Z</time>
<speed>1.619654</speed>
<trueHeading>0.000000</trueHeading>
<magneticHeading>0.000000</magneticHeading>
<gpsHeading>224.276367</gpsHeading>
<haccuracy>6.402000</haccuracy>
<vaccuracy>6.402000</vaccuracy>
<internetconnect>0</internetconnect>
</trkpt>
<trkpt lat="35.810095" lon="139.082729">
<ele>769.559232</ele>
<time>2026-05-09T07:36:07Z</time>
<speed>1.575245</speed>
<trueHeading>0.000000</trueHeading>
<magneticHeading>0.000000</magneticHeading>
<gpsHeading>201.779037</gpsHeading>
<haccuracy>5.984000</haccuracy>
<vaccuracy>5.984000</vaccuracy>
<internetconnect>0</internetconnect>
</trkpt>
<trkpt lat="35.810003" lon="139.082734">
<ele>766.622951</ele>
<time>2026-05-09T07:36:14Z</time>
<speed>1.670483</speed>
<trueHeading>0.000000</trueHeading>
<magneticHeading>0.000000</magneticHeading>
<gpsHeading>169.214355</gpsHeading>
<haccuracy>5.233000</haccuracy>
<vaccuracy>5.233000</vaccuracy>
<internetconnect>0</internetconnect>
</trkpt>
<trkpt lat="35.810003" lon="139.082734">
<ele>766.622951</ele>
<time>2026-05-09T07:36:14Z</time>
<speed>1.670483</speed>
<trueHeading>0.000000</trueHeading>
<magneticHeading>0.000000</magneticHeading>
<gpsHeading>169.214355</gpsHeading>
<haccuracy>5.233000</haccuracy>
<vaccuracy>5.233000</vaccuracy>
<internetconnect>2</internetconnect>
</trkpt>
<trkpt lat="35.809815" lon="139.082810">
<ele>760.892379</ele>
<time>2026-05-09T07:36:31Z</time>
<speed>1.073444</speed>
<trueHeading>0.000000</trueHeading>
<magneticHeading>0.000000</magneticHeading>
<gpsHeading>166.781448</gpsHeading>
<haccuracy>6.994000</haccuracy>
<vaccuracy>6.994000</vaccuracy>
<internetconnect>0</internetconnect>
</trkpt>
<trkpt lat="35.809502" lon="139.082853">
<ele>753.878203</ele>
<time>2026-05-09T07:36:55Z</time>
<speed>1.573056</speed>
<trueHeading>0.000000</trueHeading>
<magneticHeading>0.000000</magneticHeading>
<gpsHeading>173.615067</gpsHeading>
<haccuracy>5.427000</haccuracy>
<vaccuracy>5.427000</vaccuracy>
<internetconnect>0</internetconnect>
</trkpt>
<trkpt lat="35.809365" lon="139.082569">
<ele>747.312972</ele>
<time>2026-05-09T07:37:19Z</time>
<speed>0.263706</speed>
<trueHeading>0.000000</trueHeading>
<magneticHeading>0.000000</magneticHeading>
<gpsHeading>239.271927</gpsHeading>
<haccuracy>4.453000</haccuracy>
<vaccuracy>4.453000</vaccuracy>
<internetconnect>0</internetconnect>
</trkpt>
<trkpt lat="35.809024" lon="139.082446">
<ele>739.488051</ele>
<time>2026-05-09T07:37:42Z</time>
<speed>1.449438</speed>
<trueHeading>0.000000</trueHeading>
<magneticHeading>0.000000</magneticHeading>
<gpsHeading>196.365616</gpsHeading>
<haccuracy>5.174000</haccuracy>
<vaccuracy>5.174000</vaccuracy>
<internetconnect>0</internetconnect>
</trkpt>
<trkpt lat="35.809002" lon="139.082481">
<ele>739.505226</ele>
<time>2026-05-09T07:37:46Z</time>
<speed>1.600333</speed>
<trueHeading>0.000000</trueHeading>
<magneticHeading>0.000000</magneticHeading>
<gpsHeading>191.596878</gpsHeading>
<haccuracy>5.253000</haccuracy>
<vaccuracy>5.253000</vaccuracy>
<internetconnect>0</internetconnect>
</trkpt>
<trkpt lat="35.809002" lon="139.082481">
<ele>739.505226</ele>
<time>2026-05-09T07:37:46Z</time>
<speed>1.600333</speed>
<trueHeading>0.000000</trueHeading>
<magneticHeading>0.000000</magneticHeading>
<gpsHeading>191.596878</gpsHeading>
<haccuracy>5.253000</haccuracy>
<vaccuracy>5.253000</vaccuracy>
<internetconnect>2</internetconnect>
</trkpt>
<trkpt lat="35.809320" lon="139.082629">
<ele>734.013672</ele>
<time>2026-05-09T07:38:06Z</time>
<speed>1.439175</speed>
<trueHeading>0.000000</trueHeading>
<magneticHeading>0.000000</magneticHeading>
<gpsHeading>26.642475</gpsHeading>
<haccuracy>5.883000</haccuracy>
<vaccuracy>5.883000</vaccuracy>
<internetconnect>0</internetconnect>
</trkpt>
<trkpt lat="35.809447" lon="139.082992">
<ele>729.299648</ele>
<time>2026-05-09T07:38:30Z</time>
<speed>0.919471</speed>
<trueHeading>0.000000</trueHeading>
<magneticHeading>0.000000</magneticHeading>
<gpsHeading>66.783966</gpsHeading>
<haccuracy>5.978000</haccuracy>
<vaccuracy>5.978000</vaccuracy>
<internetconnect>0</internetconnect>
</trkpt>
<trkpt lat="35.809625" lon="139.083161">
<ele>724.811918</ele>
<time>2026-05-09T07:38:53Z</time>
<speed>0.453677</speed>
<trueHeading>0.000000</trueHeading>
<magneticHeading>0.000000</magneticHeading>
<gpsHeading>37.584377</gpsHeading>
<haccuracy>4.988000</haccuracy>
<vaccuracy>4.988000</vaccuracy>
<internetconnect>0</internetconnect>
</trkpt>
<trkpt lat="35.809886" lon="139.083315">
<ele>719.502716</ele>
<time>2026-05-09T07:39:16Z</time>
<speed>0.916483</speed>
<trueHeading>0.000000</trueHeading>
<magneticHeading>0.000000</magneticHeading>
<gpsHeading>25.513142</gpsHeading>
<haccuracy>5.598000</haccuracy>
<vaccuracy>5.598000</vaccuracy>
<internetconnect>0</internetconnect>
</trkpt>
<trkpt lat="35.809910" lon="139.083359">
<ele>718.616717</ele>
<time>2026-05-09T07:39:18Z</time>
<speed>1.331370</speed>
<trueHeading>0.000000</trueHeading>
<magneticHeading>0.000000</magneticHeading>
<gpsHeading>38.109241</gpsHeading>
<haccuracy>5.697000</haccuracy>
<vaccuracy>5.697000</vaccuracy>
<internetconnect>0</internetconnect>
</trkpt>
<trkpt lat="35.809910" lon="139.083359">
<ele>718.616717</ele>
<time>2026-05-09T07:39:18Z</time>
<speed>1.331370</speed>
<trueHeading>0.000000</trueHeading>
<magneticHeading>0.000000</magneticHeading>
<gpsHeading>38.109241</gpsHeading>
<haccuracy>5.697000</haccuracy>
<vaccuracy>5.697000</vaccuracy>
<internetconnect>2</internetconnect>
</trkpt>
<trkpt lat="35.809896" lon="139.083660">
<ele>713.504398</ele>
<time>2026-05-09T07:39:40Z</time>
<speed>0.438791</speed>
<trueHeading>0.000000</trueHeading>
<magneticHeading>0.000000</magneticHeading>
<gpsHeading>88.114456</gpsHeading>
<haccuracy>5.998000</haccuracy>
<vaccuracy>5.998000</vaccuracy>
<internetconnect>0</internetconnect>
</trkpt>
<trkpt lat="35.809649" lon="139.083773">
<ele>709.668900</ele>
<time>2026-05-09T07:40:04Z</time>
<speed>1.546985</speed>
<trueHeading>0.000000</trueHeading>
<magneticHeading>0.000000</magneticHeading>
<gpsHeading>159.555862</gpsHeading>
<haccuracy>9.098000</haccuracy>
<vaccuracy>9.098000</vaccuracy>
<internetconnect>0</internetconnect>
</trkpt>
<trkpt lat="35.809642" lon="139.084099">
<ele>704.583600</ele>
<time>2026-05-09T07:40:28Z</time>
<speed>0.328067</speed>
<trueHeading>0.000000</trueHeading>
<magneticHeading>0.000000</magneticHeading>
<gpsHeading>91.453506</gpsHeading>
<haccuracy>5.652000</haccuracy>
<vaccuracy>5.652000</vaccuracy>
<internetconnect>0</internetconnect>
</trkpt>
<trkpt lat="35.809636" lon="139.084294">
<ele>700.578178</ele>
<time>2026-05-09T07:40:49Z</time>
<speed>0.412642</speed>
<trueHeading>0.000000</trueHeading>
<magneticHeading>0.000000</magneticHeading>
<gpsHeading>109.879120</gpsHeading>
<haccuracy>5.531000</haccuracy>
<vaccuracy>5.531000</vaccuracy>
<internetconnect>0</internetconnect>
</trkpt>
<trkpt lat="35.809636" lon="139.084294">
<ele>700.578178</ele>
<time>2026-05-09T07:40:49Z</time>
<speed>0.412642</speed>
<trueHeading>0.000000</trueHeading>
<magneticHeading>0.000000</magneticHeading>
<gpsHeading>109.879120</gpsHeading>
<haccuracy>5.531000</haccuracy>
<vaccuracy>5.531000</vaccuracy>
<internetconnect>2</internetconnect>
</trkpt>
<trkpt lat="35.809633" lon="139.084292">
<ele>700.319169</ele>
<time>2026-05-09T07:40:51Z</time>
<speed>0.234192</speed>
<trueHeading>0.000000</trueHeading>
<magneticHeading>0.000000</magneticHeading>
<gpsHeading>93.460876</gpsHeading>
<haccuracy>5.642000</haccuracy>
<vaccuracy>5.642000</vaccuracy>
<internetconnect>0</internetconnect>
</trkpt>
<trkpt lat="35.809476" lon="139.084421">
<ele>699.819580</ele>
<time>2026-05-09T07:41:15Z</time>
<speed>1.514310</speed>
<trueHeading>0.000000</trueHeading>
<magneticHeading>0.000000</magneticHeading>
<gpsHeading>146.317184</gpsHeading>
<haccuracy>4.586000</haccuracy>
<vaccuracy>4.586000</vaccuracy>
<internetconnect>0</internetconnect>
</trkpt>
<trkpt lat="35.809258" lon="139.084721">
<ele>695.622411</ele>
<time>2026-05-09T07:41:38Z</time>
<speed>0.595475</speed>
<trueHeading>0.000000</trueHeading>
<magneticHeading>0.000000</magneticHeading>
<gpsHeading>131.836990</gpsHeading>
<haccuracy>5.226000</haccuracy>
<vaccuracy>5.226000</vaccuracy>
<internetconnect>0</internetconnect>
</trkpt>
<trkpt lat="35.809117" lon="139.084976">
<ele>688.631571</ele>
<time>2026-05-09T07:42:02Z</time>
<speed>0.545394</speed>
<trueHeading>0.000000</trueHeading>
<magneticHeading>0.000000</magneticHeading>
<gpsHeading>124.383751</gpsHeading>
<haccuracy>5.585000</haccuracy>
<vaccuracy>5.585000</vaccuracy>
<internetconnect>0</internetconnect>
</trkpt>
<trkpt lat="35.809035" lon="139.085226">
<ele>683.588068</ele>
<time>2026-05-09T07:42:21Z</time>
<speed>0.425196</speed>
<trueHeading>0.000000</trueHeading>
<magneticHeading>0.000000</magneticHeading>
<gpsHeading>128.480728</gpsHeading>
<haccuracy>4.956000</haccuracy>
<vaccuracy>4.956000</vaccuracy>
<internetconnect>0</internetconnect>
</trkpt>
<trkpt lat="35.809035" lon="139.085226">
<ele>683.588068</ele>
<time>2026-05-09T07:42:21Z</time>
<speed>0.425196</speed>
<trueHeading>0.000000</trueHeading>
<magneticHeading>0.000000</magneticHeading>
<gpsHeading>128.480728</gpsHeading>
<haccuracy>4.956000</haccuracy>
<vaccuracy>4.956000</vaccuracy>
<internetconnect>2</internetconnect>
</trkpt>
<trkpt lat="35.809000" lon="139.085274">
<ele>683.506400</ele>
<time>2026-05-09T07:42:26Z</time>
<speed>0.762805</speed>
<trueHeading>0.000000</trueHeading>
<magneticHeading>0.000000</magneticHeading>
<gpsHeading>115.741211</gpsHeading>
<haccuracy>4.677000</haccuracy>
<vaccuracy>4.677000</vaccuracy>
<internetconnect>0</internetconnect>
</trkpt>
<trkpt lat="35.808833" lon="139.085515">
<ele>676.469698</ele>
<time>2026-05-09T07:42:50Z</time>
<speed>0.375024</speed>
<trueHeading>0.000000</trueHeading>
<magneticHeading>0.000000</magneticHeading>
<gpsHeading>130.563446</gpsHeading>
<haccuracy>4.846000</haccuracy>
<vaccuracy>4.846000</vaccuracy>
<internetconnect>0</internetconnect>
</trkpt>
<trkpt lat="35.808661" lon="139.085811">
<ele>670.311860</ele>
<time>2026-05-09T07:43:13Z</time>
<speed>0.437188</speed>
<trueHeading>0.000000</trueHeading>
<magneticHeading>0.000000</magneticHeading>
<gpsHeading>125.620934</gpsHeading>
<haccuracy>5.345000</haccuracy>
<vaccuracy>5.345000</vaccuracy>
<internetconnect>0</internetconnect>
</trkpt>
<trkpt lat="35.808548" lon="139.086073">
<ele>663.127544</ele>
<time>2026-05-09T07:43:37Z</time>
<speed>0.247490</speed>
<trueHeading>0.000000</trueHeading>
<magneticHeading>0.000000</magneticHeading>
<gpsHeading>117.989960</gpsHeading>
<haccuracy>4.226000</haccuracy>
<vaccuracy>4.226000</vaccuracy>
<internetconnect>0</internetconnect>
</trkpt>
<trkpt lat="35.808435" lon="139.086092">
<ele>660.731803</ele>
<time>2026-05-09T07:43:52Z</time>
<speed>0.421048</speed>
<trueHeading>0.000000</trueHeading>
<magneticHeading>0.000000</magneticHeading>
<gpsHeading>130.522064</gpsHeading>
<haccuracy>4.237000</haccuracy>
<vaccuracy>4.237000</vaccuracy>
<internetconnect>0</internetconnect>
</trkpt>
<trkpt lat="35.808435" lon="139.086092">
<ele>660.731803</ele>
<time>2026-05-09T07:43:52Z</time>
<speed>0.421048</speed>
<trueHeading>0.000000</trueHeading>
<magneticHeading>0.000000</magneticHeading>
<gpsHeading>130.522064</gpsHeading>
<haccuracy>4.237000</haccuracy>
<vaccuracy>4.237000</vaccuracy>
<internetconnect>2</internetconnect>
</trkpt>
<trkpt lat="35.808338" lon="139.085970">
<ele>657.277863</ele>
<time>2026-05-09T07:44:00Z</time>
<speed>1.375520</speed>
<trueHeading>0.000000</trueHeading>
<magneticHeading>0.000000</magneticHeading>
<gpsHeading>201.719086</gpsHeading>
<haccuracy>4.060000</haccuracy>
<vaccuracy>4.060000</vaccuracy>
<internetconnect>0</internetconnect>
</trkpt>
<trkpt lat="35.808220" lon="139.085684">
<ele>653.041404</ele>
<time>2026-05-09T07:44:24Z</time>
<speed>0.441507</speed>
<trueHeading>0.000000</trueHeading>
<magneticHeading>0.000000</magneticHeading>
<gpsHeading>243.023666</gpsHeading>
<haccuracy>4.302000</haccuracy>
<vaccuracy>4.302000</vaccuracy>
<internetconnect>0</internetconnect>
</trkpt>
<trkpt lat="35.808087" lon="139.086120">
<ele>642.621157</ele>
<time>2026-05-09T07:45:04Z</time>
<speed>0.110369</speed>
<trueHeading>0.000000</trueHeading>
<magneticHeading>0.000000</magneticHeading>
<gpsHeading>110.643082</gpsHeading>
<haccuracy>7.741000</haccuracy>
<vaccuracy>7.741000</vaccuracy>
<internetconnect>0</internetconnect>
</trkpt>
<trkpt lat="35.807943" lon="139.086415">
<ele>638.021665</ele>
<time>2026-05-09T07:45:27Z</time>
<speed>0.274168</speed>
<trueHeading>0.000000</trueHeading>
<magneticHeading>0.000000</magneticHeading>
<gpsHeading>121.068985</gpsHeading>
<haccuracy>3.938000</haccuracy>
<vaccuracy>3.938000</vaccuracy>
<internetconnect>0</internetconnect>
</trkpt>
<trkpt lat="35.807965" lon="139.086228">
<ele>632.219657</ele>
<time>2026-05-09T07:45:51Z</time>
<speed>0.319741</speed>
<trueHeading>0.000000</trueHeading>
<magneticHeading>0.000000</magneticHeading>
<gpsHeading>278.360718</gpsHeading>
<haccuracy>4.649000</haccuracy>
<vaccuracy>4.649000</vaccuracy>
<internetconnect>0</internetconnect>
</trkpt>
<trkpt lat="35.807887" lon="139.085993">
<ele>624.526465</ele>
<time>2026-05-09T07:46:14Z</time>
<speed>0.426120</speed>
<trueHeading>0.000000</trueHeading>
<magneticHeading>0.000000</magneticHeading>
<gpsHeading>247.673355</gpsHeading>
<haccuracy>4.179000</haccuracy>
<vaccuracy>4.179000</vaccuracy>
<internetconnect>0</internetconnect>
</trkpt>
<trkpt lat="35.807802" lon="139.085770">
<ele>619.703319</ele>
<time>2026-05-09T07:46:34Z</time>
<speed>0.401100</speed>
<trueHeading>0.000000</trueHeading>
<magneticHeading>0.000000</magneticHeading>
<gpsHeading>202.455704</gpsHeading>
<haccuracy>5.026000</haccuracy>
<vaccuracy>5.026000</vaccuracy>
<internetconnect>0</internetconnect>
</trkpt>
<trkpt lat="35.807802" lon="139.085770">
<ele>619.703319</ele>
<time>2026-05-09T07:46:34Z</time>
<speed>0.401100</speed>
<trueHeading>0.000000</trueHeading>
<magneticHeading>0.000000</magneticHeading>
<gpsHeading>202.455704</gpsHeading>
<haccuracy>5.026000</haccuracy>
<vaccuracy>5.026000</vaccuracy>
<internetconnect>2</internetconnect>
</trkpt>
<trkpt lat="35.807773" lon="139.085752">
<ele>618.464034</ele>
<time>2026-05-09T07:46:38Z</time>
<speed>0.639205</speed>
<trueHeading>0.000000</trueHeading>
<magneticHeading>0.000000</magneticHeading>
<gpsHeading>239.724060</gpsHeading>
<haccuracy>4.829000</haccuracy>
<vaccuracy>4.829000</vaccuracy>
<internetconnect>0</internetconnect>
</trkpt>
<trkpt lat="35.807683" lon="139.086138">
<ele>614.997948</ele>
<time>2026-05-09T07:47:01Z</time>
<speed>1.124456</speed>
<trueHeading>0.000000</trueHeading>
<magneticHeading>0.000000</magneticHeading>
<gpsHeading>106.097641</gpsHeading>
<haccuracy>7.927000</haccuracy>
<vaccuracy>7.927000</vaccuracy>
<internetconnect>0</internetconnect>
</trkpt>
<trkpt lat="35.807509" lon="139.086517">
<ele>611.921115</ele>
<time>2026-05-09T07:47:25Z</time>
<speed>1.279032</speed>
<trueHeading>0.000000</trueHeading>
<magneticHeading>0.000000</magneticHeading>
<gpsHeading>119.413849</gpsHeading>
<haccuracy>5.645000</haccuracy>
<vaccuracy>5.645000</vaccuracy>
<internetconnect>0</internetconnect>
</trkpt>
<trkpt lat="35.807514" lon="139.086915">
<ele>610.048317</ele>
<time>2026-05-09T07:47:48Z</time>
<speed>1.137007</speed>
<trueHeading>0.000000</trueHeading>
<magneticHeading>0.000000</magneticHeading>
<gpsHeading>89.163864</gpsHeading>
<haccuracy>6.907000</haccuracy>
<vaccuracy>6.907000</vaccuracy>
<internetconnect>0</internetconnect>
</trkpt>
<trkpt lat="35.807814" lon="139.086958">
<ele>606.701729</ele>
<time>2026-05-09T07:48:05Z</time>
<speed>1.593568</speed>
<trueHeading>0.000000</trueHeading>
<magneticHeading>0.000000</magneticHeading>
<gpsHeading>89.286522</gpsHeading>
<haccuracy>5.254000</haccuracy>
<vaccuracy>5.254000</vaccuracy>
<internetconnect>0</internetconnect>
</trkpt>
<trkpt lat="35.807814" lon="139.086958">
<ele>606.701729</ele>
<time>2026-05-09T07:48:05Z</time>
<speed>1.593568</speed>
<trueHeading>0.000000</trueHeading>
<magneticHeading>0.000000</magneticHeading>
<gpsHeading>89.286522</gpsHeading>
<haccuracy>5.254000</haccuracy>
<vaccuracy>5.254000</vaccuracy>
<internetconnect>2</internetconnect>
</trkpt>
<trkpt lat="35.807904" lon="139.086940">
<ele>606.018654</ele>
<time>2026-05-09T07:48:11Z</time>
<speed>1.634110</speed>
<trueHeading>0.000000</trueHeading>
<magneticHeading>0.000000</magneticHeading>
<gpsHeading>3.013872</gpsHeading>
<haccuracy>5.614000</haccuracy>
<vaccuracy>5.614000</vaccuracy>
<internetconnect>0</internetconnect>
</trkpt>
<trkpt lat="35.808101" lon="139.087065">
<ele>601.342963</ele>
<time>2026-05-09T07:48:35Z</time>
<speed>0.328308</speed>
<trueHeading>0.000000</trueHeading>
<magneticHeading>0.000000</magneticHeading>
<gpsHeading>27.256762</gpsHeading>
<haccuracy>5.142000</haccuracy>
<vaccuracy>5.142000</vaccuracy>
<internetconnect>0</internetconnect>
</trkpt>
<trkpt lat="35.808283" lon="139.087345">
<ele>597.826070</ele>
<time>2026-05-09T07:48:58Z</time>
<speed>0.375768</speed>
<trueHeading>0.000000</trueHeading>
<magneticHeading>0.000000</magneticHeading>
<gpsHeading>51.236443</gpsHeading>
<haccuracy>3.505000</haccuracy>
<vaccuracy>3.505000</vaccuracy>
<internetconnect>0</internetconnect>
</trkpt>
<trkpt lat="35.808264" lon="139.087867">
<ele>592.401713</ele>
<time>2026-05-09T07:49:22Z</time>
<speed>0.516399</speed>
<trueHeading>0.000000</trueHeading>
<magneticHeading>0.000000</magneticHeading>
<gpsHeading>92.613853</gpsHeading>
<haccuracy>5.763000</haccuracy>
<vaccuracy>5.763000</vaccuracy>
<internetconnect>0</internetconnect>
</trkpt>
<trkpt lat="35.808157" lon="139.088061">
<ele>589.588818</ele>
<time>2026-05-09T07:49:37Z</time>
<speed>0.368816</speed>
<trueHeading>0.000000</trueHeading>
<magneticHeading>0.000000</magneticHeading>
<gpsHeading>69.028069</gpsHeading>
<haccuracy>4.832000</haccuracy>
<vaccuracy>4.832000</vaccuracy>
<internetconnect>0</internetconnect>
</trkpt>
<trkpt lat="35.808157" lon="139.088061">
<ele>589.588818</ele>
<time>2026-05-09T07:49:37Z</time>
<speed>0.368816</speed>
<trueHeading>0.000000</trueHeading>
<magneticHeading>0.000000</magneticHeading>
<gpsHeading>69.028069</gpsHeading>
<haccuracy>4.832000</haccuracy>
<vaccuracy>4.832000</vaccuracy>
<internetconnect>2</internetconnect>
</trkpt>
<trkpt lat="35.808104" lon="139.088226">
<ele>587.669190</ele>
<time>2026-05-09T07:49:45Z</time>
<speed>1.189067</speed>
<trueHeading>0.000000</trueHeading>
<magneticHeading>0.000000</magneticHeading>
<gpsHeading>118.739349</gpsHeading>
<haccuracy>3.302000</haccuracy>
<vaccuracy>3.302000</vaccuracy>
<internetconnect>0</internetconnect>
</trkpt>
<trkpt lat="35.808065" lon="139.088517">
<ele>583.565127</ele>
<time>2026-05-09T07:50:09Z</time>
<speed>0.406668</speed>
<trueHeading>0.000000</trueHeading>
<magneticHeading>0.000000</magneticHeading>
<gpsHeading>99.374245</gpsHeading>
<haccuracy>4.993000</haccuracy>
<vaccuracy>4.993000</vaccuracy>
<internetconnect>0</internetconnect>
</trkpt>
<trkpt lat="35.808134" lon="139.088894">
<ele>577.931680</ele>
<time>2026-05-09T07:50:32Z</time>
<speed>0.523713</speed>
<trueHeading>0.000000</trueHeading>
<magneticHeading>0.000000</magneticHeading>
<gpsHeading>77.371620</gpsHeading>
<haccuracy>5.181000</haccuracy>
<vaccuracy>5.181000</vaccuracy>
<internetconnect>0</internetconnect>
</trkpt>
<trkpt lat="35.807986" lon="139.089330">
<ele>573.545994</ele>
<time>2026-05-09T07:50:55Z</time>
<speed>0.515243</speed>
<trueHeading>0.000000</trueHeading>
<magneticHeading>0.000000</magneticHeading>
<gpsHeading>112.670944</gpsHeading>
<haccuracy>6.045000</haccuracy>
<vaccuracy>6.045000</vaccuracy>
<internetconnect>0</internetconnect>
</trkpt>
<trkpt lat="35.807970" lon="139.089599">
<ele>571.265264</ele>
<time>2026-05-09T07:51:09Z</time>
<speed>1.424958</speed>
<trueHeading>0.000000</trueHeading>
<magneticHeading>0.000000</magneticHeading>
<gpsHeading>98.526024</gpsHeading>
<haccuracy>5.325000</haccuracy>
<vaccuracy>5.325000</vaccuracy>
<internetconnect>0</internetconnect>
</trkpt>
<trkpt lat="35.807970" lon="139.089599">
<ele>571.265264</ele>
<time>2026-05-09T07:51:09Z</time>
<speed>1.424958</speed>
<trueHeading>0.000000</trueHeading>
<magneticHeading>0.000000</magneticHeading>
<gpsHeading>98.526024</gpsHeading>
<haccuracy>5.325000</haccuracy>
<vaccuracy>5.325000</vaccuracy>
<internetconnect>2</internetconnect>
</trkpt>
<trkpt lat="35.807982" lon="139.089773">
<ele>568.727811</ele>
<time>2026-05-09T07:51:18Z</time>
<speed>1.174373</speed>
<trueHeading>0.000000</trueHeading>
<magneticHeading>0.000000</magneticHeading>
<gpsHeading>90.717461</gpsHeading>
<haccuracy>5.396000</haccuracy>
<vaccuracy>5.396000</vaccuracy>
<internetconnect>0</internetconnect>
</trkpt>
<trkpt lat="35.807752" lon="139.089625">
<ele>564.733882</ele>
<time>2026-05-09T07:51:42Z</time>
<speed>1.148463</speed>
<trueHeading>0.000000</trueHeading>
<magneticHeading>0.000000</magneticHeading>
<gpsHeading>207.657639</gpsHeading>
<haccuracy>5.603000</haccuracy>
<vaccuracy>5.603000</vaccuracy>
<internetconnect>0</internetconnect>
</trkpt>
<trkpt lat="35.807837" lon="139.089198">
<ele>561.135914</ele>
<time>2026-05-09T07:52:05Z</time>
<speed>0.537627</speed>
<trueHeading>0.000000</trueHeading>
<magneticHeading>0.000000</magneticHeading>
<gpsHeading>283.819153</gpsHeading>
<haccuracy>4.282000</haccuracy>
<vaccuracy>4.282000</vaccuracy>
<internetconnect>0</internetconnect>
</trkpt>
<trkpt lat="35.807824" lon="139.088743">
<ele>555.414730</ele>
<time>2026-05-09T07:52:29Z</time>
<speed>0.430699</speed>
<trueHeading>0.000000</trueHeading>
<magneticHeading>0.000000</magneticHeading>
<gpsHeading>267.950806</gpsHeading>
<haccuracy>5.236000</haccuracy>
<vaccuracy>5.236000</vaccuracy>
<internetconnect>0</internetconnect>
</trkpt>
<trkpt lat="35.807688" lon="139.088561">
<ele>553.028093</ele>
<time>2026-05-09T07:52:41Z</time>
<speed>1.199500</speed>
<trueHeading>0.000000</trueHeading>
<magneticHeading>0.000000</magneticHeading>
<gpsHeading>251.465988</gpsHeading>
<haccuracy>6.023000</haccuracy>
<vaccuracy>6.023000</vaccuracy>
<internetconnect>0</internetconnect>
</trkpt>
<trkpt lat="35.807688" lon="139.088561">
<ele>553.028093</ele>
<time>2026-05-09T07:52:41Z</time>
<speed>1.199500</speed>
<trueHeading>0.000000</trueHeading>
<magneticHeading>0.000000</magneticHeading>
<gpsHeading>251.465988</gpsHeading>
<haccuracy>6.023000</haccuracy>
<vaccuracy>6.023000</vaccuracy>
<internetconnect>2</internetconnect>
</trkpt>
<trkpt lat="35.807663" lon="139.088316">
<ele>551.274582</ele>
<time>2026-05-09T07:52:53Z</time>
<speed>1.056134</speed>
<trueHeading>0.000000</trueHeading>
<magneticHeading>0.000000</magneticHeading>
<gpsHeading>245.061646</gpsHeading>
<haccuracy>5.638000</haccuracy>
<vaccuracy>5.638000</vaccuracy>
<internetconnect>0</internetconnect>
</trkpt>
<trkpt lat="35.807580" lon="139.087978">
<ele>547.077085</ele>
<time>2026-05-09T07:53:16Z</time>
<speed>1.409206</speed>
<trueHeading>0.000000</trueHeading>
<magneticHeading>0.000000</magneticHeading>
<gpsHeading>253.253983</gpsHeading>
<haccuracy>7.450000</haccuracy>
<vaccuracy>7.450000</vaccuracy>
<internetconnect>0</internetconnect>
</trkpt>
<trkpt lat="35.807363" lon="139.087820">
<ele>544.382204</ele>
<time>2026-05-09T07:53:40Z</time>
<speed>0.394350</speed>
<trueHeading>0.000000</trueHeading>
<magneticHeading>0.000000</magneticHeading>
<gpsHeading>210.470383</gpsHeading>
<haccuracy>5.916000</haccuracy>
<vaccuracy>5.916000</vaccuracy>
<internetconnect>0</internetconnect>
</trkpt>
<trkpt lat="35.807132" lon="139.087990">
<ele>539.028634</ele>
<time>2026-05-09T07:54:04Z</time>
<speed>0.337704</speed>
<trueHeading>0.000000</trueHeading>
<magneticHeading>0.000000</magneticHeading>
<gpsHeading>149.176880</gpsHeading>
<haccuracy>3.758000</haccuracy>
<vaccuracy>3.758000</vaccuracy>
<internetconnect>0</internetconnect>
</trkpt>
<trkpt lat="35.807004" lon="139.088093">
<ele>535.695628</ele>
<time>2026-05-09T07:54:13Z</time>
<speed>1.537162</speed>
<trueHeading>0.000000</trueHeading>
<magneticHeading>0.000000</magneticHeading>
<gpsHeading>209.004547</gpsHeading>
<haccuracy>4.676000</haccuracy>
<vaccuracy>4.676000</vaccuracy>
<internetconnect>0</internetconnect>
</trkpt>
<trkpt lat="35.807004" lon="139.088093">
<ele>535.695628</ele>
<time>2026-05-09T07:54:13Z</time>
<speed>1.537162</speed>
<trueHeading>0.000000</trueHeading>
<magneticHeading>0.000000</magneticHeading>
<gpsHeading>209.004547</gpsHeading>
<haccuracy>4.676000</haccuracy>
<vaccuracy>4.676000</vaccuracy>
<internetconnect>2</internetconnect>
</trkpt>
<trkpt lat="35.806852" lon="139.088257">
<ele>532.739080</ele>
<time>2026-05-09T07:54:28Z</time>
<speed>0.681236</speed>
<trueHeading>0.000000</trueHeading>
<magneticHeading>0.000000</magneticHeading>
<gpsHeading>142.306061</gpsHeading>
<haccuracy>5.817000</haccuracy>
<vaccuracy>5.817000</vaccuracy>
<internetconnect>0</internetconnect>
</trkpt>
<trkpt lat="35.806811" lon="139.088456">
<ele>525.330228</ele>
<time>2026-05-09T07:54:51Z</time>
<speed>0.295834</speed>
<trueHeading>0.000000</trueHeading>
<magneticHeading>0.000000</magneticHeading>
<gpsHeading>104.308273</gpsHeading>
<haccuracy>5.238000</haccuracy>
<vaccuracy>5.238000</vaccuracy>
<internetconnect>0</internetconnect>
</trkpt>
<trkpt lat="35.806702" lon="139.088749">
<ele>519.163062</ele>
<time>2026-05-09T07:55:15Z</time>
<speed>0.315117</speed>
<trueHeading>0.000000</trueHeading>
<magneticHeading>0.000000</magneticHeading>
<gpsHeading>114.619316</gpsHeading>
<haccuracy>4.793000</haccuracy>
<vaccuracy>4.793000</vaccuracy>
<internetconnect>0</internetconnect>
</trkpt>
<trkpt lat="35.806504" lon="139.089038">
<ele>512.420388</ele>
<time>2026-05-09T07:55:38Z</time>
<speed>0.792088</speed>
<trueHeading>0.000000</trueHeading>
<magneticHeading>0.000000</magneticHeading>
<gpsHeading>130.046524</gpsHeading>
<haccuracy>4.664000</haccuracy>
<vaccuracy>4.664000</vaccuracy>
<internetconnect>0</internetconnect>
</trkpt>
<trkpt lat="35.806433" lon="139.089175">
<ele>510.295026</ele>
<time>2026-05-09T07:55:44Z</time>
<speed>1.643119</speed>
<trueHeading>0.000000</trueHeading>
<magneticHeading>0.000000</magneticHeading>
<gpsHeading>123.046143</gpsHeading>
<haccuracy>5.093000</haccuracy>
<vaccuracy>5.093000</vaccuracy>
<internetconnect>0</internetconnect>
</trkpt>
<trkpt lat="35.806433" lon="139.089175">
<ele>510.295026</ele>
<time>2026-05-09T07:55:44Z</time>
<speed>1.643119</speed>
<trueHeading>0.000000</trueHeading>
<magneticHeading>0.000000</magneticHeading>
<gpsHeading>123.046143</gpsHeading>
<haccuracy>5.093000</haccuracy>
<vaccuracy>5.093000</vaccuracy>
<internetconnect>2</internetconnect>
</trkpt>
<trkpt lat="35.806191" lon="139.089388">
<ele>504.746398</ele>
<time>2026-05-09T07:56:01Z</time>
<speed>1.636486</speed>
<trueHeading>0.000000</trueHeading>
<magneticHeading>0.000000</magneticHeading>
<gpsHeading>137.822479</gpsHeading>
<haccuracy>5.634000</haccuracy>
<vaccuracy>5.634000</vaccuracy>
<internetconnect>0</internetconnect>
</trkpt>
<trkpt lat="35.806080" lon="139.089570">
<ele>498.565542</ele>
<time>2026-05-09T07:56:25Z</time>
<speed>0.270667</speed>
<trueHeading>0.000000</trueHeading>
<magneticHeading>0.000000</magneticHeading>
<gpsHeading>127.132271</gpsHeading>
<haccuracy>4.813000</haccuracy>
<vaccuracy>4.813000</vaccuracy>
<internetconnect>0</internetconnect>
</trkpt>
<trkpt lat="35.805937" lon="139.089805">
<ele>492.832585</ele>
<time>2026-05-09T07:56:48Z</time>
<speed>0.631904</speed>
<trueHeading>0.000000</trueHeading>
<magneticHeading>0.000000</magneticHeading>
<gpsHeading>126.835548</gpsHeading>
<haccuracy>4.015000</haccuracy>
<vaccuracy>4.015000</vaccuracy>
<internetconnect>0</internetconnect>
</trkpt>
<trkpt lat="35.805795" lon="139.090030">
<ele>487.633732</ele>
<time>2026-05-09T07:57:12Z</time>
<speed>0.299680</speed>
<trueHeading>0.000000</trueHeading>
<magneticHeading>0.000000</magneticHeading>
<gpsHeading>127.779282</gpsHeading>
<haccuracy>4.039000</haccuracy>
<vaccuracy>4.039000</vaccuracy>
<internetconnect>0</internetconnect>
</trkpt>
<trkpt lat="35.805789" lon="139.090039">
<ele>487.084983</ele>
<time>2026-05-09T07:57:15Z</time>
<speed>0.242193</speed>
<trueHeading>0.000000</trueHeading>
<magneticHeading>0.000000</magneticHeading>
<gpsHeading>132.581924</gpsHeading>
<haccuracy>3.921000</haccuracy>
<vaccuracy>3.921000</vaccuracy>
<internetconnect>0</internetconnect>
</trkpt>
<trkpt lat="35.805789" lon="139.090039">
<ele>487.084983</ele>
<time>2026-05-09T07:57:15Z</time>
<speed>0.242193</speed>
<trueHeading>0.000000</trueHeading>
<magneticHeading>0.000000</magneticHeading>
<gpsHeading>132.581924</gpsHeading>
<haccuracy>3.921000</haccuracy>
<vaccuracy>3.921000</vaccuracy>
<internetconnect>2</internetconnect>
</trkpt>
<trkpt lat="35.805782" lon="139.090221">
<ele>480.740968</ele>
<time>2026-05-09T07:57:36Z</time>
<speed>0.496327</speed>
<trueHeading>0.000000</trueHeading>
<magneticHeading>0.000000</magneticHeading>
<gpsHeading>95.030663</gpsHeading>
<haccuracy>5.043000</haccuracy>
<vaccuracy>5.043000</vaccuracy>
<internetconnect>0</internetconnect>
</trkpt>
<trkpt lat="35.805555" lon="139.090422">
<ele>477.031851</ele>
<time>2026-05-09T07:58:00Z</time>
<speed>0.326431</speed>
<trueHeading>0.000000</trueHeading>
<magneticHeading>0.000000</magneticHeading>
<gpsHeading>144.174927</gpsHeading>
<haccuracy>4.260000</haccuracy>
<vaccuracy>4.260000</vaccuracy>
<internetconnect>0</internetconnect>
</trkpt>
<trkpt lat="35.805475" lon="139.090667">
<ele>470.089739</ele>
<time>2026-05-09T07:58:23Z</time>
<speed>0.796429</speed>
<trueHeading>0.000000</trueHeading>
<magneticHeading>0.000000</magneticHeading>
<gpsHeading>112.004852</gpsHeading>
<haccuracy>5.239000</haccuracy>
<vaccuracy>5.239000</vaccuracy>
<internetconnect>0</internetconnect>
</trkpt>
<trkpt lat="35.805641" lon="139.090864">
<ele>464.594248</ele>
<time>2026-05-09T07:58:46Z</time>
<speed>0.290562</speed>
<trueHeading>0.000000</trueHeading>
<magneticHeading>0.000000</magneticHeading>
<gpsHeading>102.472954</gpsHeading>
<haccuracy>4.041000</haccuracy>
<vaccuracy>4.041000</vaccuracy>
<internetconnect>0</internetconnect>
</trkpt>
<trkpt lat="35.805641" lon="139.090864">
<ele>464.594248</ele>
<time>2026-05-09T07:58:46Z</time>
<speed>0.290562</speed>
<trueHeading>0.000000</trueHeading>
<magneticHeading>0.000000</magneticHeading>
<gpsHeading>102.472954</gpsHeading>
<haccuracy>4.041000</haccuracy>
<vaccuracy>4.041000</vaccuracy>
<internetconnect>2</internetconnect>
</trkpt>
<trkpt lat="35.805641" lon="139.090864">
<ele>464.594248</ele>
<time>2026-05-09T07:58:46Z</time>
<speed>0.290562</speed>
<trueHeading>0.000000</trueHeading>
<magneticHeading>0.000000</magneticHeading>
<gpsHeading>43.762493</gpsHeading>
<haccuracy>4.041000</haccuracy>
<vaccuracy>4.041000</vaccuracy>
<internetconnect>0</internetconnect>
</trkpt>
<trkpt lat="35.805736" lon="139.091057">
<ele>456.886976</ele>
<time>2026-05-09T07:59:10Z</time>
<speed>0.241239</speed>
<trueHeading>0.000000</trueHeading>
<magneticHeading>0.000000</magneticHeading>
<gpsHeading>58.945080</gpsHeading>
<haccuracy>5.044000</haccuracy>
<vaccuracy>5.044000</vaccuracy>
<internetconnect>0</internetconnect>
</trkpt>
<trkpt lat="35.805720" lon="139.091293">
<ele>449.173362</ele>
<time>2026-05-09T07:59:33Z</time>
<speed>0.389654</speed>
<trueHeading>0.000000</trueHeading>
<magneticHeading>0.000000</magneticHeading>
<gpsHeading>94.746841</gpsHeading>
<haccuracy>4.580000</haccuracy>
<vaccuracy>4.580000</vaccuracy>
<internetconnect>0</internetconnect>
</trkpt>
<trkpt lat="35.805707" lon="139.091475">
<ele>442.666765</ele>
<time>2026-05-09T07:59:59Z</time>
<speed>0.811325</speed>
<trueHeading>0.000000</trueHeading>
<magneticHeading>0.000000</magneticHeading>
<gpsHeading>94.992035</gpsHeading>
<haccuracy>4.040000</haccuracy>
<vaccuracy>4.040000</vaccuracy>
<internetconnect>0</internetconnect>
</trkpt>
<trkpt lat="35.806062" lon="139.092029">
<ele>410.378346</ele>
<time>2026-05-09T08:03:27Z</time>
<speed>1.125841</speed>
<trueHeading>0.000000</trueHeading>
<magneticHeading>0.000000</magneticHeading>
<gpsHeading>66.009972</gpsHeading>
<haccuracy>4.654000</haccuracy>
<vaccuracy>4.654000</vaccuracy>
<internetconnect>0</internetconnect>
</trkpt>
<trkpt lat="35.806062" lon="139.092029">
<ele>410.378346</ele>
<time>2026-05-09T08:03:27Z</time>
<speed>1.125841</speed>
<trueHeading>0.000000</trueHeading>
<magneticHeading>0.000000</magneticHeading>
<gpsHeading>66.009972</gpsHeading>
<haccuracy>4.654000</haccuracy>
<vaccuracy>4.654000</vaccuracy>
<internetconnect>2</internetconnect>
</trkpt>
<trkpt lat="35.806062" lon="139.092029">
<ele>410.378346</ele>
<time>2026-05-09T08:03:27Z</time>
<speed>1.125841</speed>
<trueHeading>0.000000</trueHeading>
<magneticHeading>0.000000</magneticHeading>
<gpsHeading>51.674580</gpsHeading>
<haccuracy>4.654000</haccuracy>
<vaccuracy>4.654000</vaccuracy>
<internetconnect>0</internetconnect>
</trkpt>
<trkpt lat="35.806204" lon="139.091882">
<ele>406.374184</ele>
<time>2026-05-09T08:03:51Z</time>
<speed>0.216641</speed>
<trueHeading>0.000000</trueHeading>
<magneticHeading>0.000000</magneticHeading>
<gpsHeading>320.060211</gpsHeading>
<haccuracy>5.370000</haccuracy>
<vaccuracy>5.370000</vaccuracy>
<internetconnect>0</internetconnect>
</trkpt>
<trkpt lat="35.806339" lon="139.092037">
<ele>402.512529</ele>
<time>2026-05-09T08:04:18Z</time>
<speed>0.243707</speed>
<trueHeading>0.000000</trueHeading>
<magneticHeading>0.000000</magneticHeading>
<gpsHeading>42.789276</gpsHeading>
<haccuracy>9.039000</haccuracy>
<vaccuracy>9.039000</vaccuracy>
<internetconnect>0</internetconnect>
</trkpt>
<trkpt lat="35.806708" lon="139.092463">
<ele>396.930604</ele>
<time>2026-05-09T08:04:41Z</time>
<speed>0.487346</speed>
<trueHeading>0.000000</trueHeading>
<magneticHeading>0.000000</magneticHeading>
<gpsHeading>43.101532</gpsHeading>
<haccuracy>3.726000</haccuracy>
<vaccuracy>3.726000</vaccuracy>
<internetconnect>0</internetconnect>
</trkpt>
<trkpt lat="35.806851" lon="139.092795">
<ele>392.958970</ele>
<time>2026-05-09T08:04:59Z</time>
<speed>0.829237</speed>
<trueHeading>0.000000</trueHeading>
<magneticHeading>0.000000</magneticHeading>
<gpsHeading>38.208412</gpsHeading>
<haccuracy>7.031000</haccuracy>
<vaccuracy>7.031000</vaccuracy>
<internetconnect>0</internetconnect>
</trkpt>
<trkpt lat="35.806851" lon="139.092795">
<ele>392.958970</ele>
<time>2026-05-09T08:04:59Z</time>
<speed>0.829237</speed>
<trueHeading>0.000000</trueHeading>
<magneticHeading>0.000000</magneticHeading>
<gpsHeading>38.208412</gpsHeading>
<haccuracy>7.031000</haccuracy>
<vaccuracy>7.031000</vaccuracy>
<internetconnect>2</internetconnect>
</trkpt>
<trkpt lat="35.806888" lon="139.092941">
<ele>391.424179</ele>
<time>2026-05-09T08:05:05Z</time>
<speed>1.610481</speed>
<trueHeading>0.000000</trueHeading>
<magneticHeading>0.000000</magneticHeading>
<gpsHeading>65.140251</gpsHeading>
<haccuracy>5.111000</haccuracy>
<vaccuracy>5.111000</vaccuracy>
<internetconnect>0</internetconnect>
</trkpt>
<trkpt lat="35.806870" lon="139.093244">
<ele>387.930423</ele>
<time>2026-05-09T08:05:29Z</time>
<speed>0.782211</speed>
<trueHeading>0.000000</trueHeading>
<magneticHeading>0.000000</magneticHeading>
<gpsHeading>94.114487</gpsHeading>
<haccuracy>4.332000</haccuracy>
<vaccuracy>4.332000</vaccuracy>
<internetconnect>0</internetconnect>
</trkpt>
<trkpt lat="35.807048" lon="139.093565">
<ele>384.386010</ele>
<time>2026-05-09T08:05:53Z</time>
<speed>1.237358</speed>
<trueHeading>0.000000</trueHeading>
<magneticHeading>0.000000</magneticHeading>
<gpsHeading>55.714237</gpsHeading>
<haccuracy>4.279000</haccuracy>
<vaccuracy>4.279000</vaccuracy>
<internetconnect>0</internetconnect>
</trkpt>
<trkpt lat="35.807270" lon="139.093961">
<ele>378.500024</ele>
<time>2026-05-09T08:06:16Z</time>
<speed>1.333621</speed>
<trueHeading>0.000000</trueHeading>
<magneticHeading>0.000000</magneticHeading>
<gpsHeading>55.267048</gpsHeading>
<haccuracy>3.634000</haccuracy>
<vaccuracy>3.634000</vaccuracy>
<internetconnect>0</internetconnect>
</trkpt>
<trkpt lat="35.807415" lon="139.094056">
<ele>377.314342</ele>
<time>2026-05-09T08:06:30Z</time>
<speed>1.288651</speed>
<trueHeading>0.000000</trueHeading>
<magneticHeading>0.000000</magneticHeading>
<gpsHeading>61.104473</gpsHeading>
<haccuracy>3.000000</haccuracy>
<vaccuracy>3.000000</vaccuracy>
<internetconnect>2</internetconnect>
</trkpt>
<trkpt lat="35.807415" lon="139.094056">
<ele>377.314342</ele>
<time>2026-05-09T08:06:31Z</time>
<speed>1.288651</speed>
<trueHeading>0.000000</trueHeading>
<magneticHeading>0.000000</magneticHeading>
<gpsHeading>61.104473</gpsHeading>
<haccuracy>3.000000</haccuracy>
<vaccuracy>3.000000</vaccuracy>
<internetconnect>2</internetconnect>
</trkpt>
<trkpt lat="35.807519" lon="139.094112">
<ele>375.231430</ele>
<time>2026-05-09T08:06:40Z</time>
<speed>1.281421</speed>
<trueHeading>0.000000</trueHeading>
<magneticHeading>0.000000</magneticHeading>
<gpsHeading>26.248226</gpsHeading>
<haccuracy>3.000000</haccuracy>
<vaccuracy>3.000000</vaccuracy>
<internetconnect>0</internetconnect>
</trkpt>
<trkpt lat="35.807808" lon="139.094298">
<ele>370.792725</ele>
<time>2026-05-09T08:07:03Z</time>
<speed>1.639946</speed>
<trueHeading>0.000000</trueHeading>
<magneticHeading>0.000000</magneticHeading>
<gpsHeading>27.525265</gpsHeading>
<haccuracy>3.000000</haccuracy>
<vaccuracy>3.000000</vaccuracy>
<internetconnect>0</internetconnect>
</trkpt>
<trkpt lat="35.807875" lon="139.094531">
<ele>365.590770</ele>
<time>2026-05-09T08:07:26Z</time>
<speed>0.857220</speed>
<trueHeading>0.000000</trueHeading>
<magneticHeading>0.000000</magneticHeading>
<gpsHeading>70.592346</gpsHeading>
<haccuracy>5.585000</haccuracy>
<vaccuracy>5.585000</vaccuracy>
<internetconnect>0</internetconnect>
</trkpt>
<trkpt lat="35.807453" lon="139.094629">
<ele>361.900018</ele>
<time>2026-05-09T08:07:50Z</time>
<speed>1.582840</speed>
<trueHeading>0.000000</trueHeading>
<magneticHeading>0.000000</magneticHeading>
<gpsHeading>169.302338</gpsHeading>
<haccuracy>3.939000</haccuracy>
<vaccuracy>3.939000</vaccuracy>
<internetconnect>0</internetconnect>
</trkpt>
<trkpt lat="35.807167" lon="139.094760">
<ele>360.762591</ele>
<time>2026-05-09T08:08:13Z</time>
<speed>1.717479</speed>
<trueHeading>0.000000</trueHeading>
<magneticHeading>0.000000</magneticHeading>
<gpsHeading>159.650192</gpsHeading>
<haccuracy>4.416000</haccuracy>
<vaccuracy>4.416000</vaccuracy>
<internetconnect>0</internetconnect>
</trkpt>
<trkpt lat="35.807116" lon="139.094820">
<ele>359.750724</ele>
<time>2026-05-09T08:08:18Z</time>
<speed>1.509920</speed>
<trueHeading>0.000000</trueHeading>
<magneticHeading>0.000000</magneticHeading>
<gpsHeading>115.761002</gpsHeading>
<haccuracy>3.059000</haccuracy>
<vaccuracy>3.059000</vaccuracy>
<internetconnect>2</internetconnect>
</trkpt>
<trkpt lat="35.807116" lon="139.094820">
<ele>359.750724</ele>
<time>2026-05-09T08:08:18Z</time>
<speed>1.509920</speed>
<trueHeading>0.000000</trueHeading>
<magneticHeading>0.000000</magneticHeading>
<gpsHeading>115.761002</gpsHeading>
<haccuracy>3.059000</haccuracy>
<vaccuracy>3.059000</vaccuracy>
<internetconnect>2</internetconnect>
</trkpt>
<trkpt lat="35.807097" lon="139.095128">
<ele>352.997144</ele>
<time>2026-05-09T08:08:37Z</time>
<speed>1.580359</speed>
<trueHeading>0.000000</trueHeading>
<magneticHeading>0.000000</magneticHeading>
<gpsHeading>103.235626</gpsHeading>
<haccuracy>3.155000</haccuracy>
<vaccuracy>3.155000</vaccuracy>
<internetconnect>0</internetconnect>
</trkpt>
<trkpt lat="35.807039" lon="139.095442">
<ele>347.351195</ele>
<time>2026-05-09T08:09:00Z</time>
<speed>1.701816</speed>
<trueHeading>0.000000</trueHeading>
<magneticHeading>0.000000</magneticHeading>
<gpsHeading>102.747116</gpsHeading>
<haccuracy>3.941000</haccuracy>
<vaccuracy>3.941000</vaccuracy>
<internetconnect>0</internetconnect>
</trkpt>
<trkpt lat="35.807041" lon="139.095621">
<ele>342.400018</ele>
<time>2026-05-09T08:09:28Z</time>
<speed>1.093885</speed>
<trueHeading>0.000000</trueHeading>
<magneticHeading>0.000000</magneticHeading>
<gpsHeading>89.448380</gpsHeading>
<haccuracy>4.238000</haccuracy>
<vaccuracy>4.238000</vaccuracy>
<internetconnect>0</internetconnect>
</trkpt>
<trkpt lat="35.807200" lon="139.095650">
<ele>342.400018</ele>
<time>2026-05-09T08:09:53Z</time>
<speed>1.511378</speed>
<trueHeading>0.000000</trueHeading>
<magneticHeading>0.000000</magneticHeading>
<gpsHeading>8.232109</gpsHeading>
<haccuracy>3.824000</haccuracy>
<vaccuracy>3.824000</vaccuracy>
<internetconnect>0</internetconnect>
</trkpt>
<trkpt lat="35.807217" lon="139.095658">
<ele>342.040015</ele>
<time>2026-05-09T08:09:54Z</time>
<speed>1.540538</speed>
<trueHeading>0.000000</trueHeading>
<magneticHeading>0.000000</magneticHeading>
<gpsHeading>81.595390</gpsHeading>
<haccuracy>3.926000</haccuracy>
<vaccuracy>3.926000</vaccuracy>
<internetconnect>2</internetconnect>
</trkpt>
<trkpt lat="35.807217" lon="139.095658">
<ele>342.040015</ele>
<time>2026-05-09T08:09:54Z</time>
<speed>1.540538</speed>
<trueHeading>0.000000</trueHeading>
<magneticHeading>0.000000</magneticHeading>
<gpsHeading>81.595390</gpsHeading>
<haccuracy>3.926000</haccuracy>
<vaccuracy>3.926000</vaccuracy>
<internetconnect>2</internetconnect>
</trkpt>
<trkpt lat="35.807458" lon="139.095814">
<ele>340.520001</ele>
<time>2026-05-09T08:10:16Z</time>
<speed>1.460091</speed>
<trueHeading>0.000000</trueHeading>
<magneticHeading>0.000000</magneticHeading>
<gpsHeading>27.342764</gpsHeading>
<haccuracy>5.225000</haccuracy>
<vaccuracy>5.225000</vaccuracy>
<internetconnect>0</internetconnect>
</trkpt>
<trkpt lat="35.807664" lon="139.096150">
<ele>339.300012</ele>
<time>2026-05-09T08:10:40Z</time>
<speed>1.545519</speed>
<trueHeading>0.000000</trueHeading>
<magneticHeading>0.000000</magneticHeading>
<gpsHeading>52.833080</gpsHeading>
<haccuracy>4.845000</haccuracy>
<vaccuracy>4.845000</vaccuracy>
<internetconnect>0</internetconnect>
</trkpt>
<trkpt lat="35.807902" lon="139.096486">
<ele>338.700006</ele>
<time>2026-05-09T08:11:04Z</time>
<speed>1.496917</speed>
<trueHeading>0.000000</trueHeading>
<magneticHeading>0.000000</magneticHeading>
<gpsHeading>48.853325</gpsHeading>
<haccuracy>3.986000</haccuracy>
<vaccuracy>3.986000</vaccuracy>
<internetconnect>0</internetconnect>
</trkpt>
<trkpt lat="35.808114" lon="139.096833">
<ele>337.900018</ele>
<time>2026-05-09T08:11:26Z</time>
<speed>1.640062</speed>
<trueHeading>0.000000</trueHeading>
<magneticHeading>0.000000</magneticHeading>
<gpsHeading>46.703144</gpsHeading>
<haccuracy>4.960000</haccuracy>
<vaccuracy>4.960000</vaccuracy>
<internetconnect>2</internetconnect>
</trkpt>
<trkpt lat="35.808114" lon="139.096833">
<ele>337.900018</ele>
<time>2026-05-09T08:11:26Z</time>
<speed>1.640062</speed>
<trueHeading>0.000000</trueHeading>
<magneticHeading>0.000000</magneticHeading>
<gpsHeading>46.703144</gpsHeading>
<haccuracy>4.960000</haccuracy>
<vaccuracy>4.960000</vaccuracy>
<internetconnect>2</internetconnect>
</trkpt>
<trkpt lat="35.808132" lon="139.096863">
<ele>337.900018</ele>
<time>2026-05-09T08:11:28Z</time>
<speed>1.628448</speed>
<trueHeading>0.000000</trueHeading>
<magneticHeading>0.000000</magneticHeading>
<gpsHeading>53.082775</gpsHeading>
<haccuracy>4.935000</haccuracy>
<vaccuracy>4.935000</vaccuracy>
<internetconnect>0</internetconnect>
</trkpt>
<trkpt lat="35.808398" lon="139.096833">
<ele>338.000024</ele>
<time>2026-05-09T08:11:51Z</time>
<speed>1.425541</speed>
<trueHeading>0.000000</trueHeading>
<magneticHeading>0.000000</magneticHeading>
<gpsHeading>354.712677</gpsHeading>
<haccuracy>5.508000</haccuracy>
<vaccuracy>5.508000</vaccuracy>
<internetconnect>0</internetconnect>
</trkpt>
<trkpt lat="35.808692" lon="139.096644">
<ele>338.100000</ele>
<time>2026-05-09T08:12:14Z</time>
<speed>1.312236</speed>
<trueHeading>0.000000</trueHeading>
<magneticHeading>0.000000</magneticHeading>
<gpsHeading>332.532654</gpsHeading>
<haccuracy>3.219000</haccuracy>
<vaccuracy>3.219000</vaccuracy>
<internetconnect>0</internetconnect>
</trkpt>
<trkpt lat="35.808815" lon="139.096685">
<ele>341.600012</ele>
<time>2026-05-09T08:12:34Z</time>
<speed>1.334855</speed>
<trueHeading>-999.000000</trueHeading>
<magneticHeading>-999.000000</magneticHeading>
<gpsHeading>350.305420</gpsHeading>
<haccuracy>4.773000</haccuracy>
<vaccuracy>4.773000</vaccuracy>
<internetconnect>2</internetconnect>
</trkpt>
</trkseg></trk>
<trk>
<name>20260509</name>
<trkseg>
<trkpt lat="35.808797" lon="139.096766">
<ele>341.900018</ele>
<time>2026-05-09T08:12:48Z</time>
<speed>1.352608</speed>
<trueHeading>0.000000</trueHeading>
<magneticHeading>0.000000</magneticHeading>
<gpsHeading>43.125828</gpsHeading>
<haccuracy>9.677000</haccuracy>
<vaccuracy>9.677000</vaccuracy>
<internetconnect>0</internetconnect>
</trkpt>
<trkpt lat="35.808987" lon="139.096836">
<ele>341.900018</ele>
<time>2026-05-09T08:12:58Z</time>
<speed>1.353764</speed>
<trueHeading>0.000000</trueHeading>
<magneticHeading>0.000000</magneticHeading>
<gpsHeading>0.191763</gpsHeading>
<haccuracy>3.492000</haccuracy>
<vaccuracy>3.492000</vaccuracy>
<internetconnect>2</internetconnect>
</trkpt>
<trkpt lat="35.809032" lon="139.096935">
<ele>342.220020</ele>
<time>2026-05-09T08:13:11Z</time>
<speed>1.630909</speed>
<trueHeading>0.000000</trueHeading>
<magneticHeading>0.000000</magneticHeading>
<gpsHeading>30.185703</gpsHeading>
<haccuracy>4.282000</haccuracy>
<vaccuracy>4.282000</vaccuracy>
<internetconnect>0</internetconnect>
</trkpt>
<trkpt lat="35.809023" lon="139.096903">
<ele>342.740015</ele>
<time>2026-05-09T08:14:12Z</time>
<speed>0.091966</speed>
<trueHeading>0.000000</trueHeading>
<magneticHeading>0.000000</magneticHeading>
<gpsHeading>250.251831</gpsHeading>
<haccuracy>3.245000</haccuracy>
<vaccuracy>3.245000</vaccuracy>
<internetconnect>0</internetconnect>
</trkpt>
<trkpt lat="35.809006" lon="139.096888">
<ele>343.100000</ele>
<time>2026-05-09T08:15:13Z</time>
<speed>0.123465</speed>
<trueHeading>0.000000</trueHeading>
<magneticHeading>0.000000</magneticHeading>
<gpsHeading>214.624481</gpsHeading>
<haccuracy>4.544000</haccuracy>
<vaccuracy>4.544000</vaccuracy>
<internetconnect>0</internetconnect>
</trkpt>
<trkpt lat="35.809034" lon="139.096901">
<ele>343.100000</ele>
<time>2026-05-09T08:16:15Z</time>
<speed>0.081226</speed>
<trueHeading>0.000000</trueHeading>
<magneticHeading>0.000000</magneticHeading>
<gpsHeading>19.534691</gpsHeading>
<haccuracy>3.090000</haccuracy>
<vaccuracy>3.090000</vaccuracy>
<internetconnect>0</internetconnect>
</trkpt>
<trkpt lat="35.809033" lon="139.096902">
<ele>343.220001</ele>
<time>2026-05-09T08:16:59Z</time>
<speed>0.081178</speed>
<trueHeading>0.000000</trueHeading>
<magneticHeading>0.000000</magneticHeading>
<gpsHeading>48.948795</gpsHeading>
<haccuracy>3.000000</haccuracy>
<vaccuracy>3.000000</vaccuracy>
<internetconnect>2</internetconnect>
</trkpt>
<trkpt lat="35.809028" lon="139.096898">
<ele>342.980005</ele>
<time>2026-05-09T08:17:16Z</time>
<speed>0.087518</speed>
<trueHeading>0.000000</trueHeading>
<magneticHeading>0.000000</magneticHeading>
<gpsHeading>200.048904</gpsHeading>
<haccuracy>3.427000</haccuracy>
<vaccuracy>3.427000</vaccuracy>
<internetconnect>0</internetconnect>
</trkpt>
<trkpt lat="35.809014" lon="139.096892">
<ele>343.100000</ele>
<time>2026-05-09T08:18:18Z</time>
<speed>0.083032</speed>
<trueHeading>0.000000</trueHeading>
<magneticHeading>0.000000</magneticHeading>
<gpsHeading>199.124512</gpsHeading>
<haccuracy>3.982000</haccuracy>
<vaccuracy>3.982000</vaccuracy>
<internetconnect>0</internetconnect>
</trkpt>
<trkpt lat="35.809138" lon="139.096773">
<ele>342.000024</ele>
<time>2026-05-09T08:19:07Z</time>
<speed>1.510084</speed>
<trueHeading>0.000000</trueHeading>
<magneticHeading>0.000000</magneticHeading>
<gpsHeading>322.270081</gpsHeading>
<haccuracy>5.873000</haccuracy>
<vaccuracy>5.873000</vaccuracy>
<internetconnect>0</internetconnect>
</trkpt>
<trkpt lat="35.809199" lon="139.096548">
<ele>343.020020</ele>
<time>2026-05-09T08:19:30Z</time>
<speed>0.749867</speed>
<trueHeading>0.000000</trueHeading>
<magneticHeading>0.000000</magneticHeading>
<gpsHeading>288.382813</gpsHeading>
<haccuracy>6.141000</haccuracy>
<vaccuracy>6.141000</vaccuracy>
<internetconnect>0</internetconnect>
</trkpt>
<trkpt lat="35.809220" lon="139.096525">
<ele>342.000024</ele>
<time>2026-05-09T08:20:32Z</time>
<speed>0.544260</speed>
<trueHeading>0.000000</trueHeading>
<magneticHeading>0.000000</magneticHeading>
<gpsHeading>319.540771</gpsHeading>
<haccuracy>3.042000</haccuracy>
<vaccuracy>3.042000</vaccuracy>
<internetconnect>0</internetconnect>
</trkpt>
<trkpt lat="35.809160" lon="139.096626">
<ele>342.140021</ele>
<time>2026-05-09T08:21:00Z</time>
<speed>1.425089</speed>
<trueHeading>0.000000</trueHeading>
<magneticHeading>0.000000</magneticHeading>
<gpsHeading>299.497864</gpsHeading>
<haccuracy>12.841000</haccuracy>
<vaccuracy>12.841000</vaccuracy>
<internetconnect>2</internetconnect>
</trkpt>
<trkpt lat="35.809142" lon="139.096674">
<ele>342.500024</ele>
<time>2026-05-09T08:21:03Z</time>
<speed>1.464095</speed>
<trueHeading>0.000000</trueHeading>
<magneticHeading>0.000000</magneticHeading>
<gpsHeading>122.942978</gpsHeading>
<haccuracy>10.727000</haccuracy>
<vaccuracy>10.727000</vaccuracy>
<internetconnect>0</internetconnect>
</trkpt>
<trkpt lat="35.809168" lon="139.096863">
<ele>342.000024</ele>
<time>2026-05-09T08:21:44Z</time>
<speed>1.442277</speed>
<trueHeading>0.000000</trueHeading>
<magneticHeading>0.000000</magneticHeading>
<gpsHeading>80.269516</gpsHeading>
<haccuracy>5.256000</haccuracy>
<vaccuracy>5.256000</vaccuracy>
<internetconnect>0</internetconnect>
</trkpt>
<trkpt lat="35.809053" lon="139.097058">
<ele>342.000024</ele>
<time>2026-05-09T08:22:07Z</time>
<speed>0.202182</speed>
<trueHeading>0.000000</trueHeading>
<magneticHeading>0.000000</magneticHeading>
<gpsHeading>126.081955</gpsHeading>
<haccuracy>4.237000</haccuracy>
<vaccuracy>4.237000</vaccuracy>
<internetconnect>0</internetconnect>
</trkpt>
<trkpt lat="35.809022" lon="139.097013">
<ele>342.000024</ele>
<time>2026-05-09T08:23:08Z</time>
<speed>0.173627</speed>
<trueHeading>0.000000</trueHeading>
<magneticHeading>0.000000</magneticHeading>
<gpsHeading>230.269592</gpsHeading>
<haccuracy>8.050000</haccuracy>
<vaccuracy>8.050000</vaccuracy>
<internetconnect>0</internetconnect>
</trkpt>
</trkseg></trk></gpx>
