<?xml version="1.0" encoding="UTF-8"?>
<gpx xmlns:xsi="http://www.w3.org/2001/XMLSchema-instance" xmlns="http://www.topografix.com/GPX/1/0" xsi:schemaLocation="http://www.topografix.com/GPX/1/1 http://www.topografix.com/GPX/1/1/gpx.xsd" creator="Geographica - http://geographica.biz/" appVersion="Ver 2.1.48:383" device="google sunfish" android="13" carrier="povo">
<trk>
<name>20260606</name>
<trkseg>
<trkpt lat="35.841761" lon="139.044453">
<ele>621.000000</ele>
<time>2026-06-05T23:09:30Z</time>
<speed>2.884783</speed>
<trueHeading>0.000000</trueHeading>
<magneticHeading>0.000000</magneticHeading>
<gpsHeading>0.000000</gpsHeading>
<haccuracy>22.819000</haccuracy>
<vaccuracy>22.819000</vaccuracy>
<internetconnect>2</internetconnect>
</trkpt>
<trkpt lat="35.841775" lon="139.044444">
<ele>619.000000</ele>
<time>2026-06-05T23:09:31Z</time>
<speed>2.040329</speed>
<trueHeading>0.000000</trueHeading>
<magneticHeading>0.000000</magneticHeading>
<gpsHeading>0.000000</gpsHeading>
<haccuracy>22.862000</haccuracy>
<vaccuracy>22.862000</vaccuracy>
<internetconnect>2</internetconnect>
</trkpt>
<trkpt lat="35.841603" lon="139.044339">
<ele>620.333333</ele>
<time>2026-06-05T23:11:38Z</time>
<speed>0.017461</speed>
<trueHeading>0.000000</trueHeading>
<magneticHeading>0.000000</magneticHeading>
<gpsHeading>206.336548</gpsHeading>
<haccuracy>9.319000</haccuracy>
<vaccuracy>9.319000</vaccuracy>
<internetconnect>2</internetconnect>
</trkpt>
<trkpt lat="35.841860" lon="139.044506">
<ele>619.000000</ele>
<time>2026-06-05T23:12:26Z</time>
<speed>0.188378</speed>
<trueHeading>0.000000</trueHeading>
<magneticHeading>0.000000</magneticHeading>
<gpsHeading>27.736626</gpsHeading>
<haccuracy>19.070999</haccuracy>
<vaccuracy>19.070999</vaccuracy>
<internetconnect>2</internetconnect>
</trkpt>
<trkpt lat="35.841472" lon="139.043981">
<ele>617.333333</ele>
<time>2026-06-05T23:13:15Z</time>
<speed>1.247962</speed>
<trueHeading>0.000000</trueHeading>
<magneticHeading>0.000000</magneticHeading>
<gpsHeading>227.654282</gpsHeading>
<haccuracy>13.533000</haccuracy>
<vaccuracy>13.533000</vaccuracy>
<internetconnect>2</internetconnect>
</trkpt>
<trkpt lat="35.841114" lon="139.043352">
<ele>614.000000</ele>
<time>2026-06-05T23:14:04Z</time>
<speed>1.089268</speed>
<trueHeading>0.000000</trueHeading>
<magneticHeading>0.000000</magneticHeading>
<gpsHeading>234.881973</gpsHeading>
<haccuracy>4.559000</haccuracy>
<vaccuracy>4.559000</vaccuracy>
<internetconnect>2</internetconnect>
</trkpt>
<trkpt lat="35.841295" lon="139.042580">
<ele>614.000000</ele>
<time>2026-06-05T23:14:52Z</time>
<speed>1.600095</speed>
<trueHeading>0.000000</trueHeading>
<magneticHeading>0.000000</magneticHeading>
<gpsHeading>286.103729</gpsHeading>
<haccuracy>10.212000</haccuracy>
<vaccuracy>10.212000</vaccuracy>
<internetconnect>2</internetconnect>
</trkpt>
<trkpt lat="35.841323" lon="139.042152">
<ele>615.666667</ele>
<time>2026-06-05T23:16:03Z</time>
<speed>0.114941</speed>
<trueHeading>0.000000</trueHeading>
<magneticHeading>0.000000</magneticHeading>
<gpsHeading>274.747345</gpsHeading>
<haccuracy>9.777000</haccuracy>
<vaccuracy>9.777000</vaccuracy>
<internetconnect>2</internetconnect>
</trkpt>
<trkpt lat="35.841010" lon="139.040869">
<ele>615.000000</ele>
<time>2026-06-05T23:16:52Z</time>
<speed>0.151452</speed>
<trueHeading>0.000000</trueHeading>
<magneticHeading>0.000000</magneticHeading>
<gpsHeading>253.236908</gpsHeading>
<haccuracy>9.075000</haccuracy>
<vaccuracy>9.075000</vaccuracy>
<internetconnect>2</internetconnect>
</trkpt>
<trkpt lat="35.841116" lon="139.040080">
<ele>615.000000</ele>
<time>2026-06-05T23:17:41Z</time>
<speed>0.659095</speed>
<trueHeading>0.000000</trueHeading>
<magneticHeading>0.000000</magneticHeading>
<gpsHeading>279.394409</gpsHeading>
<haccuracy>11.487000</haccuracy>
<vaccuracy>11.487000</vaccuracy>
<internetconnect>2</internetconnect>
</trkpt>
<trkpt lat="35.841563" lon="139.039317">
<ele>616.000000</ele>
<time>2026-06-05T23:18:30Z</time>
<speed>1.662533</speed>
<trueHeading>0.000000</trueHeading>
<magneticHeading>0.000000</magneticHeading>
<gpsHeading>305.894409</gpsHeading>
<haccuracy>5.865000</haccuracy>
<vaccuracy>5.865000</vaccuracy>
<internetconnect>2</internetconnect>
</trkpt>
<trkpt lat="35.842059" lon="139.038711">
<ele>618.333333</ele>
<time>2026-06-05T23:19:18Z</time>
<speed>1.363864</speed>
<trueHeading>0.000000</trueHeading>
<magneticHeading>0.000000</magneticHeading>
<gpsHeading>315.222321</gpsHeading>
<haccuracy>8.086000</haccuracy>
<vaccuracy>8.086000</vaccuracy>
<internetconnect>2</internetconnect>
</trkpt>
<trkpt lat="35.842599" lon="139.038270">
<ele>618.000000</ele>
<time>2026-06-05T23:20:06Z</time>
<speed>1.620047</speed>
<trueHeading>0.000000</trueHeading>
<magneticHeading>0.000000</magneticHeading>
<gpsHeading>326.505066</gpsHeading>
<haccuracy>7.219000</haccuracy>
<vaccuracy>7.219000</vaccuracy>
<internetconnect>2</internetconnect>
</trkpt>
<trkpt lat="35.843159" lon="139.038516">
<ele>600.666667</ele>
<time>2026-06-05T23:20:53Z</time>
<speed>1.629226</speed>
<trueHeading>0.000000</trueHeading>
<magneticHeading>0.000000</magneticHeading>
<gpsHeading>19.664234</gpsHeading>
<haccuracy>7.620000</haccuracy>
<vaccuracy>7.620000</vaccuracy>
<internetconnect>2</internetconnect>
</trkpt>
<trkpt lat="35.843748" lon="139.038202">
<ele>595.666667</ele>
<time>2026-06-05T23:21:40Z</time>
<speed>1.598344</speed>
<trueHeading>0.000000</trueHeading>
<magneticHeading>0.000000</magneticHeading>
<gpsHeading>336.636078</gpsHeading>
<haccuracy>6.589000</haccuracy>
<vaccuracy>6.589000</vaccuracy>
<internetconnect>2</internetconnect>
</trkpt>
<trkpt lat="35.844387" lon="139.038798">
<ele>592.333333</ele>
<time>2026-06-05T23:22:27Z</time>
<speed>1.595103</speed>
<trueHeading>0.000000</trueHeading>
<magneticHeading>0.000000</magneticHeading>
<gpsHeading>37.078098</gpsHeading>
<haccuracy>5.720000</haccuracy>
<vaccuracy>5.720000</vaccuracy>
<internetconnect>2</internetconnect>
</trkpt>
<trkpt lat="35.845000" lon="139.039122">
<ele>605.666667</ele>
<time>2026-06-05T23:23:14Z</time>
<speed>1.357556</speed>
<trueHeading>0.000000</trueHeading>
<magneticHeading>0.000000</magneticHeading>
<gpsHeading>23.189814</gpsHeading>
<haccuracy>6.912000</haccuracy>
<vaccuracy>6.912000</vaccuracy>
<internetconnect>2</internetconnect>
</trkpt>
<trkpt lat="35.845645" lon="139.038941">
<ele>606.666667</ele>
<time>2026-06-05T23:24:03Z</time>
<speed>1.584496</speed>
<trueHeading>0.000000</trueHeading>
<magneticHeading>0.000000</magneticHeading>
<gpsHeading>347.189850</gpsHeading>
<haccuracy>7.158000</haccuracy>
<vaccuracy>7.158000</vaccuracy>
<internetconnect>2</internetconnect>
</trkpt>
<trkpt lat="35.846195" lon="139.038694">
<ele>605.333333</ele>
<time>2026-06-05T23:24:50Z</time>
<speed>1.570662</speed>
<trueHeading>0.000000</trueHeading>
<magneticHeading>0.000000</magneticHeading>
<gpsHeading>340.001801</gpsHeading>
<haccuracy>5.783000</haccuracy>
<vaccuracy>5.783000</vaccuracy>
<internetconnect>2</internetconnect>
</trkpt>
<trkpt lat="35.846831" lon="139.038472">
<ele>604.000000</ele>
<time>2026-06-05T23:25:38Z</time>
<speed>1.369536</speed>
<trueHeading>0.000000</trueHeading>
<magneticHeading>0.000000</magneticHeading>
<gpsHeading>344.181641</gpsHeading>
<haccuracy>7.155000</haccuracy>
<vaccuracy>7.155000</vaccuracy>
<internetconnect>2</internetconnect>
</trkpt>
<trkpt lat="35.847421" lon="139.038212">
<ele>601.666667</ele>
<time>2026-06-05T23:26:25Z</time>
<speed>1.247380</speed>
<trueHeading>0.000000</trueHeading>
<magneticHeading>0.000000</magneticHeading>
<gpsHeading>340.333740</gpsHeading>
<haccuracy>6.401000</haccuracy>
<vaccuracy>6.401000</vaccuracy>
<internetconnect>2</internetconnect>
</trkpt>
<trkpt lat="35.847811" lon="139.037659">
<ele>597.333333</ele>
<time>2026-06-05T23:27:12Z</time>
<speed>1.627193</speed>
<trueHeading>0.000000</trueHeading>
<magneticHeading>0.000000</magneticHeading>
<gpsHeading>311.061310</gpsHeading>
<haccuracy>7.759000</haccuracy>
<vaccuracy>7.759000</vaccuracy>
<internetconnect>2</internetconnect>
</trkpt>
<trkpt lat="35.848438" lon="139.037436">
<ele>601.666667</ele>
<time>2026-06-05T23:28:00Z</time>
<speed>1.616446</speed>
<trueHeading>0.000000</trueHeading>
<magneticHeading>0.000000</magneticHeading>
<gpsHeading>343.926636</gpsHeading>
<haccuracy>6.274000</haccuracy>
<vaccuracy>6.274000</vaccuracy>
<internetconnect>2</internetconnect>
</trkpt>
<trkpt lat="35.848916" lon="139.036993">
<ele>605.666667</ele>
<time>2026-06-05T23:28:49Z</time>
<speed>1.087137</speed>
<trueHeading>0.000000</trueHeading>
<magneticHeading>0.000000</magneticHeading>
<gpsHeading>323.115234</gpsHeading>
<haccuracy>6.455000</haccuracy>
<vaccuracy>6.455000</vaccuracy>
<internetconnect>2</internetconnect>
</trkpt>
<trkpt lat="35.848854" lon="139.036078">
<ele>612.333333</ele>
<time>2026-06-05T23:29:37Z</time>
<speed>1.486942</speed>
<trueHeading>0.000000</trueHeading>
<magneticHeading>0.000000</magneticHeading>
<gpsHeading>265.199982</gpsHeading>
<haccuracy>7.228000</haccuracy>
<vaccuracy>7.228000</vaccuracy>
<internetconnect>2</internetconnect>
</trkpt>
<trkpt lat="35.848901" lon="139.035227">
<ele>611.333333</ele>
<time>2026-06-05T23:30:25Z</time>
<speed>0.556037</speed>
<trueHeading>0.000000</trueHeading>
<magneticHeading>0.000000</magneticHeading>
<gpsHeading>273.947052</gpsHeading>
<haccuracy>6.546000</haccuracy>
<vaccuracy>6.546000</vaccuracy>
<internetconnect>2</internetconnect>
</trkpt>
<trkpt lat="35.849091" lon="139.034494">
<ele>606.000000</ele>
<time>2026-06-05T23:31:13Z</time>
<speed>1.606067</speed>
<trueHeading>0.000000</trueHeading>
<magneticHeading>0.000000</magneticHeading>
<gpsHeading>287.716492</gpsHeading>
<haccuracy>7.458000</haccuracy>
<vaccuracy>7.458000</vaccuracy>
<internetconnect>2</internetconnect>
</trkpt>
<trkpt lat="35.849050" lon="139.033691">
<ele>608.333333</ele>
<time>2026-06-05T23:32:00Z</time>
<speed>0.957331</speed>
<trueHeading>0.000000</trueHeading>
<magneticHeading>0.000000</magneticHeading>
<gpsHeading>266.395172</gpsHeading>
<haccuracy>8.681000</haccuracy>
<vaccuracy>8.681000</vaccuracy>
<internetconnect>2</internetconnect>
</trkpt>
<trkpt lat="35.849242" lon="139.033088">
<ele>607.000000</ele>
<time>2026-06-05T23:32:48Z</time>
<speed>1.211481</speed>
<trueHeading>0.000000</trueHeading>
<magneticHeading>0.000000</magneticHeading>
<gpsHeading>291.450226</gpsHeading>
<haccuracy>6.650000</haccuracy>
<vaccuracy>6.650000</vaccuracy>
<internetconnect>2</internetconnect>
</trkpt>
<trkpt lat="35.849226" lon="139.032221">
<ele>611.666667</ele>
<time>2026-06-05T23:33:38Z</time>
<speed>1.188122</speed>
<trueHeading>0.000000</trueHeading>
<magneticHeading>0.000000</magneticHeading>
<gpsHeading>268.711456</gpsHeading>
<haccuracy>7.740000</haccuracy>
<vaccuracy>7.740000</vaccuracy>
<internetconnect>2</internetconnect>
</trkpt>
<trkpt lat="35.849518" lon="139.031384">
<ele>611.000000</ele>
<time>2026-06-05T23:34:25Z</time>
<speed>1.585598</speed>
<trueHeading>0.000000</trueHeading>
<magneticHeading>0.000000</magneticHeading>
<gpsHeading>293.258881</gpsHeading>
<haccuracy>6.720000</haccuracy>
<vaccuracy>6.720000</vaccuracy>
<internetconnect>2</internetconnect>
</trkpt>
<trkpt lat="35.849925" lon="139.030707">
<ele>614.000000</ele>
<time>2026-06-05T23:35:12Z</time>
<speed>1.295489</speed>
<trueHeading>0.000000</trueHeading>
<magneticHeading>0.000000</magneticHeading>
<gpsHeading>306.597656</gpsHeading>
<haccuracy>7.155000</haccuracy>
<vaccuracy>7.155000</vaccuracy>
<internetconnect>2</internetconnect>
</trkpt>
<trkpt lat="35.850238" lon="139.030061">
<ele>616.000000</ele>
<time>2026-06-05T23:35:59Z</time>
<speed>1.480128</speed>
<trueHeading>0.000000</trueHeading>
<magneticHeading>0.000000</magneticHeading>
<gpsHeading>300.865875</gpsHeading>
<haccuracy>7.489000</haccuracy>
<vaccuracy>7.489000</vaccuracy>
<internetconnect>2</internetconnect>
</trkpt>
<trkpt lat="35.850402" lon="139.029781">
<ele>620.000000</ele>
<time>2026-06-05T23:36:53Z</time>
<speed>1.494863</speed>
<trueHeading>0.000000</trueHeading>
<magneticHeading>0.000000</magneticHeading>
<gpsHeading>305.805420</gpsHeading>
<haccuracy>17.985001</haccuracy>
<vaccuracy>17.985001</vaccuracy>
<internetconnect>2</internetconnect>
</trkpt>
<trkpt lat="35.850781" lon="139.029565">
<ele>631.666667</ele>
<time>2026-06-05T23:37:40Z</time>
<speed>0.600215</speed>
<trueHeading>0.000000</trueHeading>
<magneticHeading>0.000000</magneticHeading>
<gpsHeading>335.157928</gpsHeading>
<haccuracy>5.839000</haccuracy>
<vaccuracy>5.839000</vaccuracy>
<internetconnect>2</internetconnect>
</trkpt>
<trkpt lat="35.850913" lon="139.028596">
<ele>645.000000</ele>
<time>2026-06-05T23:38:29Z</time>
<speed>0.302669</speed>
<trueHeading>0.000000</trueHeading>
<magneticHeading>0.000000</magneticHeading>
<gpsHeading>279.533081</gpsHeading>
<haccuracy>5.448000</haccuracy>
<vaccuracy>5.448000</vaccuracy>
<internetconnect>2</internetconnect>
</trkpt>
<trkpt lat="35.850627" lon="139.027938">
<ele>658.000000</ele>
<time>2026-06-05T23:39:16Z</time>
<speed>1.541789</speed>
<trueHeading>0.000000</trueHeading>
<magneticHeading>0.000000</magneticHeading>
<gpsHeading>241.720200</gpsHeading>
<haccuracy>8.323000</haccuracy>
<vaccuracy>8.323000</vaccuracy>
<internetconnect>2</internetconnect>
</trkpt>
<trkpt lat="35.850734" lon="139.027179">
<ele>654.333333</ele>
<time>2026-06-05T23:40:03Z</time>
<speed>1.541075</speed>
<trueHeading>0.000000</trueHeading>
<magneticHeading>0.000000</magneticHeading>
<gpsHeading>279.892273</gpsHeading>
<haccuracy>6.563000</haccuracy>
<vaccuracy>6.563000</vaccuracy>
<internetconnect>2</internetconnect>
</trkpt>
<trkpt lat="35.851335" lon="139.027307">
<ele>652.666667</ele>
<time>2026-06-05T23:40:50Z</time>
<speed>1.498154</speed>
<trueHeading>0.000000</trueHeading>
<magneticHeading>0.000000</magneticHeading>
<gpsHeading>9.747707</gpsHeading>
<haccuracy>6.808000</haccuracy>
<vaccuracy>6.808000</vaccuracy>
<internetconnect>2</internetconnect>
</trkpt>
<trkpt lat="35.851630" lon="139.026713">
<ele>646.000000</ele>
<time>2026-06-05T23:41:37Z</time>
<speed>1.540185</speed>
<trueHeading>0.000000</trueHeading>
<magneticHeading>0.000000</magneticHeading>
<gpsHeading>301.500885</gpsHeading>
<haccuracy>6.009000</haccuracy>
<vaccuracy>6.009000</vaccuracy>
<internetconnect>2</internetconnect>
</trkpt>
<trkpt lat="35.852103" lon="139.026127">
<ele>646.666667</ele>
<time>2026-06-05T23:42:24Z</time>
<speed>1.581051</speed>
<trueHeading>0.000000</trueHeading>
<magneticHeading>0.000000</magneticHeading>
<gpsHeading>314.902405</gpsHeading>
<haccuracy>5.856000</haccuracy>
<vaccuracy>5.856000</vaccuracy>
<internetconnect>2</internetconnect>
</trkpt>
<trkpt lat="35.852485" lon="139.025455">
<ele>650.666667</ele>
<time>2026-06-05T23:43:12Z</time>
<speed>1.591794</speed>
<trueHeading>0.000000</trueHeading>
<magneticHeading>0.000000</magneticHeading>
<gpsHeading>305.060303</gpsHeading>
<haccuracy>6.413000</haccuracy>
<vaccuracy>6.413000</vaccuracy>
<internetconnect>2</internetconnect>
</trkpt>
<trkpt lat="35.852448" lon="139.024574">
<ele>655.333333</ele>
<time>2026-06-05T23:43:59Z</time>
<speed>1.385416</speed>
<trueHeading>0.000000</trueHeading>
<magneticHeading>0.000000</magneticHeading>
<gpsHeading>267.041870</gpsHeading>
<haccuracy>5.589000</haccuracy>
<vaccuracy>5.589000</vaccuracy>
<internetconnect>2</internetconnect>
</trkpt>
<trkpt lat="35.852455" lon="139.023768">
<ele>665.000000</ele>
<time>2026-06-05T23:44:46Z</time>
<speed>1.435445</speed>
<trueHeading>0.000000</trueHeading>
<magneticHeading>0.000000</magneticHeading>
<gpsHeading>270.560791</gpsHeading>
<haccuracy>6.134000</haccuracy>
<vaccuracy>6.134000</vaccuracy>
<internetconnect>2</internetconnect>
</trkpt>
<trkpt lat="35.852378" lon="139.022944">
<ele>665.666667</ele>
<time>2026-06-05T23:45:33Z</time>
<speed>1.410172</speed>
<trueHeading>0.000000</trueHeading>
<magneticHeading>0.000000</magneticHeading>
<gpsHeading>263.462524</gpsHeading>
<haccuracy>6.759000</haccuracy>
<vaccuracy>6.759000</vaccuracy>
<internetconnect>2</internetconnect>
</trkpt>
<trkpt lat="35.852508" lon="139.022055">
<ele>669.666667</ele>
<time>2026-06-05T23:46:21Z</time>
<speed>1.465648</speed>
<trueHeading>0.000000</trueHeading>
<magneticHeading>0.000000</magneticHeading>
<gpsHeading>280.220276</gpsHeading>
<haccuracy>6.309000</haccuracy>
<vaccuracy>6.309000</vaccuracy>
<internetconnect>2</internetconnect>
</trkpt>
<trkpt lat="35.852528" lon="139.021250">
<ele>670.666667</ele>
<time>2026-06-05T23:47:07Z</time>
<speed>1.627647</speed>
<trueHeading>0.000000</trueHeading>
<magneticHeading>0.000000</magneticHeading>
<gpsHeading>271.695129</gpsHeading>
<haccuracy>6.022000</haccuracy>
<vaccuracy>6.022000</vaccuracy>
<internetconnect>2</internetconnect>
</trkpt>
<trkpt lat="35.852482" lon="139.020406">
<ele>680.333333</ele>
<time>2026-06-05T23:47:55Z</time>
<speed>1.631539</speed>
<trueHeading>0.000000</trueHeading>
<magneticHeading>0.000000</magneticHeading>
<gpsHeading>266.184601</gpsHeading>
<haccuracy>6.414000</haccuracy>
<vaccuracy>6.414000</vaccuracy>
<internetconnect>2</internetconnect>
</trkpt>
<trkpt lat="35.852426" lon="139.019547">
<ele>685.333333</ele>
<time>2026-06-05T23:48:43Z</time>
<speed>1.585569</speed>
<trueHeading>0.000000</trueHeading>
<magneticHeading>0.000000</magneticHeading>
<gpsHeading>265.426025</gpsHeading>
<haccuracy>6.255000</haccuracy>
<vaccuracy>6.255000</vaccuracy>
<internetconnect>2</internetconnect>
</trkpt>
<trkpt lat="35.852664" lon="139.018881">
<ele>687.666667</ele>
<time>2026-06-05T23:49:31Z</time>
<speed>0.890456</speed>
<trueHeading>0.000000</trueHeading>
<magneticHeading>0.000000</magneticHeading>
<gpsHeading>293.704865</gpsHeading>
<haccuracy>6.762000</haccuracy>
<vaccuracy>6.762000</vaccuracy>
<internetconnect>2</internetconnect>
</trkpt>
<trkpt lat="35.852857" lon="139.018007">
<ele>688.333333</ele>
<time>2026-06-05T23:50:18Z</time>
<speed>1.513434</speed>
<trueHeading>0.000000</trueHeading>
<magneticHeading>0.000000</magneticHeading>
<gpsHeading>285.314514</gpsHeading>
<haccuracy>6.202000</haccuracy>
<vaccuracy>6.202000</vaccuracy>
<internetconnect>2</internetconnect>
</trkpt>
<trkpt lat="35.852772" lon="139.017220">
<ele>703.333333</ele>
<time>2026-06-05T23:51:06Z</time>
<speed>0.618617</speed>
<trueHeading>0.000000</trueHeading>
<magneticHeading>0.000000</magneticHeading>
<gpsHeading>262.343292</gpsHeading>
<haccuracy>6.052000</haccuracy>
<vaccuracy>6.052000</vaccuracy>
<internetconnect>2</internetconnect>
</trkpt>
<trkpt lat="35.852506" lon="139.016511">
<ele>708.333333</ele>
<time>2026-06-05T23:51:54Z</time>
<speed>1.571234</speed>
<trueHeading>0.000000</trueHeading>
<magneticHeading>0.000000</magneticHeading>
<gpsHeading>245.202591</gpsHeading>
<haccuracy>4.872000</haccuracy>
<vaccuracy>4.872000</vaccuracy>
<internetconnect>2</internetconnect>
</trkpt>
<trkpt lat="35.851929" lon="139.016161">
<ele>707.333333</ele>
<time>2026-06-05T23:52:43Z</time>
<speed>1.459000</speed>
<trueHeading>0.000000</trueHeading>
<magneticHeading>0.000000</magneticHeading>
<gpsHeading>206.182495</gpsHeading>
<haccuracy>3.544000</haccuracy>
<vaccuracy>3.544000</vaccuracy>
<internetconnect>2</internetconnect>
</trkpt>
<trkpt lat="35.851449" lon="139.015687">
<ele>703.666667</ele>
<time>2026-06-05T23:53:31Z</time>
<speed>0.171681</speed>
<trueHeading>0.000000</trueHeading>
<magneticHeading>0.000000</magneticHeading>
<gpsHeading>218.714981</gpsHeading>
<haccuracy>4.717000</haccuracy>
<vaccuracy>4.717000</vaccuracy>
<internetconnect>2</internetconnect>
</trkpt>
<trkpt lat="35.850795" lon="139.015798">
<ele>702.333333</ele>
<time>2026-06-05T23:54:19Z</time>
<speed>1.136319</speed>
<trueHeading>0.000000</trueHeading>
<magneticHeading>0.000000</magneticHeading>
<gpsHeading>172.176376</gpsHeading>
<haccuracy>5.051000</haccuracy>
<vaccuracy>5.051000</vaccuracy>
<internetconnect>2</internetconnect>
</trkpt>
<trkpt lat="35.850887" lon="139.015466">
<ele>701.000000</ele>
<time>2026-06-05T23:55:20Z</time>
<speed>0.343854</speed>
<trueHeading>0.000000</trueHeading>
<magneticHeading>0.000000</magneticHeading>
<gpsHeading>288.893555</gpsHeading>
<haccuracy>6.197000</haccuracy>
<vaccuracy>6.197000</vaccuracy>
<internetconnect>2</internetconnect>
</trkpt>
<trkpt lat="35.850924" lon="139.015385">
<ele>692.000000</ele>
<time>2026-06-05T23:57:22Z</time>
<speed>0.560963</speed>
<trueHeading>0.000000</trueHeading>
<magneticHeading>0.000000</magneticHeading>
<gpsHeading>299.192230</gpsHeading>
<haccuracy>7.439000</haccuracy>
<vaccuracy>7.439000</vaccuracy>
<internetconnect>2</internetconnect>
</trkpt>
<trkpt lat="35.850834" lon="139.015344">
<ele>694.000000</ele>
<time>2026-06-05T23:59:33Z</time>
<speed>0.113902</speed>
<trueHeading>0.000000</trueHeading>
<magneticHeading>0.000000</magneticHeading>
<gpsHeading>200.311951</gpsHeading>
<haccuracy>5.237000</haccuracy>
<vaccuracy>5.237000</vaccuracy>
<internetconnect>2</internetconnect>
</trkpt>
<trkpt lat="35.851073" lon="139.014944">
<ele>696.666667</ele>
<time>2026-06-06T00:00:21Z</time>
<speed>1.476760</speed>
<trueHeading>0.000000</trueHeading>
<magneticHeading>0.000000</magneticHeading>
<gpsHeading>306.425873</gpsHeading>
<haccuracy>6.076000</haccuracy>
<vaccuracy>6.076000</vaccuracy>
<internetconnect>2</internetconnect>
</trkpt>
<trkpt lat="35.851066" lon="139.014054">
<ele>698.000000</ele>
<time>2026-06-06T00:01:09Z</time>
<speed>1.431862</speed>
<trueHeading>0.000000</trueHeading>
<magneticHeading>0.000000</magneticHeading>
<gpsHeading>269.428406</gpsHeading>
<haccuracy>7.197000</haccuracy>
<vaccuracy>7.197000</vaccuracy>
<internetconnect>2</internetconnect>
</trkpt>
<trkpt lat="35.850849" lon="139.013350">
<ele>699.333333</ele>
<time>2026-06-06T00:01:56Z</time>
<speed>1.613715</speed>
<trueHeading>0.000000</trueHeading>
<magneticHeading>0.000000</magneticHeading>
<gpsHeading>249.232208</gpsHeading>
<haccuracy>8.465000</haccuracy>
<vaccuracy>8.465000</vaccuracy>
<internetconnect>2</internetconnect>
</trkpt>
<trkpt lat="35.850348" lon="139.013103">
<ele>706.666667</ele>
<time>2026-06-06T00:02:44Z</time>
<speed>1.553333</speed>
<trueHeading>0.000000</trueHeading>
<magneticHeading>0.000000</magneticHeading>
<gpsHeading>201.818207</gpsHeading>
<haccuracy>11.773000</haccuracy>
<vaccuracy>11.773000</vaccuracy>
<internetconnect>2</internetconnect>
</trkpt>
<trkpt lat="35.850191" lon="139.013435">
<ele>712.333333</ele>
<time>2026-06-06T00:03:41Z</time>
<speed>1.609177</speed>
<trueHeading>0.000000</trueHeading>
<magneticHeading>0.000000</magneticHeading>
<gpsHeading>120.237640</gpsHeading>
<haccuracy>4.980000</haccuracy>
<vaccuracy>4.980000</vaccuracy>
<internetconnect>2</internetconnect>
</trkpt>
<trkpt lat="35.849840" lon="139.012699">
<ele>719.333333</ele>
<time>2026-06-06T00:04:28Z</time>
<speed>1.533733</speed>
<trueHeading>0.000000</trueHeading>
<magneticHeading>0.000000</magneticHeading>
<gpsHeading>239.525467</gpsHeading>
<haccuracy>5.444000</haccuracy>
<vaccuracy>5.444000</vaccuracy>
<internetconnect>2</internetconnect>
</trkpt>
<trkpt lat="35.850117" lon="139.011967">
<ele>720.000000</ele>
<time>2026-06-06T00:05:15Z</time>
<speed>1.554846</speed>
<trueHeading>0.000000</trueHeading>
<magneticHeading>0.000000</magneticHeading>
<gpsHeading>294.977356</gpsHeading>
<haccuracy>6.095000</haccuracy>
<vaccuracy>6.095000</vaccuracy>
<internetconnect>2</internetconnect>
</trkpt>
<trkpt lat="35.849800" lon="139.011604">
<ele>723.000000</ele>
<time>2026-06-06T00:06:02Z</time>
<speed>1.592971</speed>
<trueHeading>0.000000</trueHeading>
<magneticHeading>0.000000</magneticHeading>
<gpsHeading>222.885834</gpsHeading>
<haccuracy>5.487000</haccuracy>
<vaccuracy>5.487000</vaccuracy>
<internetconnect>2</internetconnect>
</trkpt>
<trkpt lat="35.849286" lon="139.011423">
<ele>727.666667</ele>
<time>2026-06-06T00:06:49Z</time>
<speed>1.618183</speed>
<trueHeading>0.000000</trueHeading>
<magneticHeading>0.000000</magneticHeading>
<gpsHeading>195.902786</gpsHeading>
<haccuracy>6.001000</haccuracy>
<vaccuracy>6.001000</vaccuracy>
<internetconnect>2</internetconnect>
</trkpt>
<trkpt lat="35.848966" lon="139.010808">
<ele>737.333333</ele>
<time>2026-06-06T00:07:36Z</time>
<speed>1.619444</speed>
<trueHeading>0.000000</trueHeading>
<magneticHeading>0.000000</magneticHeading>
<gpsHeading>237.331619</gpsHeading>
<haccuracy>6.096000</haccuracy>
<vaccuracy>6.096000</vaccuracy>
<internetconnect>2</internetconnect>
</trkpt>
<trkpt lat="35.848786" lon="139.010090">
<ele>743.666667</ele>
<time>2026-06-06T00:08:23Z</time>
<speed>1.606630</speed>
<trueHeading>0.000000</trueHeading>
<magneticHeading>0.000000</magneticHeading>
<gpsHeading>252.744171</gpsHeading>
<haccuracy>8.430000</haccuracy>
<vaccuracy>8.430000</vaccuracy>
<internetconnect>2</internetconnect>
</trkpt>
<trkpt lat="35.848456" lon="139.009521">
<ele>750.666667</ele>
<time>2026-06-06T00:09:09Z</time>
<speed>1.635202</speed>
<trueHeading>0.000000</trueHeading>
<magneticHeading>0.000000</magneticHeading>
<gpsHeading>234.418716</gpsHeading>
<haccuracy>5.538000</haccuracy>
<vaccuracy>5.538000</vaccuracy>
<internetconnect>2</internetconnect>
</trkpt>
<trkpt lat="35.848681" lon="139.008993">
<ele>769.000000</ele>
<time>2026-06-06T00:09:56Z</time>
<speed>1.583753</speed>
<trueHeading>0.000000</trueHeading>
<magneticHeading>0.000000</magneticHeading>
<gpsHeading>297.738068</gpsHeading>
<haccuracy>5.558000</haccuracy>
<vaccuracy>5.558000</vaccuracy>
<internetconnect>2</internetconnect>
</trkpt>
<trkpt lat="35.849155" lon="139.009393">
<ele>797.000000</ele>
<time>2026-06-06T00:10:43Z</time>
<speed>1.584488</speed>
<trueHeading>0.000000</trueHeading>
<magneticHeading>0.000000</magneticHeading>
<gpsHeading>34.398575</gpsHeading>
<haccuracy>5.569000</haccuracy>
<vaccuracy>5.569000</vaccuracy>
<internetconnect>2</internetconnect>
</trkpt>
<trkpt lat="35.849801" lon="139.009339">
<ele>834.000000</ele>
<time>2026-06-06T00:11:31Z</time>
<speed>1.585696</speed>
<trueHeading>0.000000</trueHeading>
<magneticHeading>0.000000</magneticHeading>
<gpsHeading>356.148834</gpsHeading>
<haccuracy>5.836000</haccuracy>
<vaccuracy>5.836000</vaccuracy>
<internetconnect>2</internetconnect>
</trkpt>
<trkpt lat="35.850314" lon="139.009699">
<ele>848.666667</ele>
<time>2026-06-06T00:12:18Z</time>
<speed>1.645380</speed>
<trueHeading>0.000000</trueHeading>
<magneticHeading>0.000000</magneticHeading>
<gpsHeading>29.574795</gpsHeading>
<haccuracy>5.595000</haccuracy>
<vaccuracy>5.595000</vaccuracy>
<internetconnect>2</internetconnect>
</trkpt>
<trkpt lat="35.850980" lon="139.009551">
<ele>852.000000</ele>
<time>2026-06-06T00:13:04Z</time>
<speed>1.635796</speed>
<trueHeading>0.000000</trueHeading>
<magneticHeading>0.000000</magneticHeading>
<gpsHeading>349.805054</gpsHeading>
<haccuracy>6.164000</haccuracy>
<vaccuracy>6.164000</vaccuracy>
<internetconnect>2</internetconnect>
</trkpt>
<trkpt lat="35.851245" lon="139.008730">
<ele>840.000000</ele>
<time>2026-06-06T00:13:51Z</time>
<speed>1.646156</speed>
<trueHeading>0.000000</trueHeading>
<magneticHeading>0.000000</magneticHeading>
<gpsHeading>291.758209</gpsHeading>
<haccuracy>6.669000</haccuracy>
<vaccuracy>6.669000</vaccuracy>
<internetconnect>2</internetconnect>
</trkpt>
<trkpt lat="35.851184" lon="139.007878">
<ele>833.000000</ele>
<time>2026-06-06T00:14:38Z</time>
<speed>1.606464</speed>
<trueHeading>0.000000</trueHeading>
<magneticHeading>0.000000</magneticHeading>
<gpsHeading>264.909729</gpsHeading>
<haccuracy>6.108000</haccuracy>
<vaccuracy>6.108000</vaccuracy>
<internetconnect>2</internetconnect>
</trkpt>
<trkpt lat="35.850887" lon="139.007210">
<ele>822.333333</ele>
<time>2026-06-06T00:15:25Z</time>
<speed>1.636277</speed>
<trueHeading>0.000000</trueHeading>
<magneticHeading>0.000000</magneticHeading>
<gpsHeading>241.304306</gpsHeading>
<haccuracy>5.904000</haccuracy>
<vaccuracy>5.904000</vaccuracy>
<internetconnect>2</internetconnect>
</trkpt>
<trkpt lat="35.850827" lon="139.006453">
<ele>820.666667</ele>
<time>2026-06-06T00:16:12Z</time>
<speed>0.744125</speed>
<trueHeading>0.000000</trueHeading>
<magneticHeading>0.000000</magneticHeading>
<gpsHeading>264.405762</gpsHeading>
<haccuracy>7.675000</haccuracy>
<vaccuracy>7.675000</vaccuracy>
<internetconnect>2</internetconnect>
</trkpt>
<trkpt lat="35.851233" lon="139.005743">
<ele>823.666667</ele>
<time>2026-06-06T00:16:59Z</time>
<speed>1.535539</speed>
<trueHeading>0.000000</trueHeading>
<magneticHeading>0.000000</magneticHeading>
<gpsHeading>305.169403</gpsHeading>
<haccuracy>5.679000</haccuracy>
<vaccuracy>5.679000</vaccuracy>
<internetconnect>2</internetconnect>
</trkpt>
<trkpt lat="35.851322" lon="139.005181">
<ele>839.333333</ele>
<time>2026-06-06T00:17:46Z</time>
<speed>1.490521</speed>
<trueHeading>0.000000</trueHeading>
<magneticHeading>0.000000</magneticHeading>
<gpsHeading>281.113251</gpsHeading>
<haccuracy>5.859000</haccuracy>
<vaccuracy>5.859000</vaccuracy>
<internetconnect>2</internetconnect>
</trkpt>
<trkpt lat="35.851313" lon="139.004483">
<ele>845.666667</ele>
<time>2026-06-06T00:18:36Z</time>
<speed>1.547320</speed>
<trueHeading>0.000000</trueHeading>
<magneticHeading>0.000000</magneticHeading>
<gpsHeading>269.077972</gpsHeading>
<haccuracy>6.128000</haccuracy>
<vaccuracy>6.128000</vaccuracy>
<internetconnect>2</internetconnect>
</trkpt>
<trkpt lat="35.850653" lon="139.004350">
<ele>847.000000</ele>
<time>2026-06-06T00:19:24Z</time>
<speed>1.629434</speed>
<trueHeading>0.000000</trueHeading>
<magneticHeading>0.000000</magneticHeading>
<gpsHeading>189.280670</gpsHeading>
<haccuracy>5.506000</haccuracy>
<vaccuracy>5.506000</vaccuracy>
<internetconnect>2</internetconnect>
</trkpt>
<trkpt lat="35.850059" lon="139.004530">
<ele>844.333333</ele>
<time>2026-06-06T00:20:12Z</time>
<speed>1.585106</speed>
<trueHeading>0.000000</trueHeading>
<magneticHeading>0.000000</magneticHeading>
<gpsHeading>166.231857</gpsHeading>
<haccuracy>8.527000</haccuracy>
<vaccuracy>8.527000</vaccuracy>
<internetconnect>2</internetconnect>
</trkpt>
<trkpt lat="35.849639" lon="139.004015">
<ele>847.333333</ele>
<time>2026-06-06T00:21:00Z</time>
<speed>1.587102</speed>
<trueHeading>0.000000</trueHeading>
<magneticHeading>0.000000</magneticHeading>
<gpsHeading>224.866776</gpsHeading>
<haccuracy>5.230000</haccuracy>
<vaccuracy>5.230000</vaccuracy>
<internetconnect>2</internetconnect>
</trkpt>
<trkpt lat="35.849912" lon="139.003335">
<ele>859.000000</ele>
<time>2026-06-06T00:21:47Z</time>
<speed>1.602788</speed>
<trueHeading>0.000000</trueHeading>
<magneticHeading>0.000000</magneticHeading>
<gpsHeading>296.325958</gpsHeading>
<haccuracy>5.799000</haccuracy>
<vaccuracy>5.799000</vaccuracy>
<internetconnect>2</internetconnect>
</trkpt>
<trkpt lat="35.849761" lon="139.002589">
<ele>869.000000</ele>
<time>2026-06-06T00:22:34Z</time>
<speed>1.603772</speed>
<trueHeading>0.000000</trueHeading>
<magneticHeading>0.000000</magneticHeading>
<gpsHeading>255.959015</gpsHeading>
<haccuracy>6.294000</haccuracy>
<vaccuracy>6.294000</vaccuracy>
<internetconnect>2</internetconnect>
</trkpt>
<trkpt lat="35.849795" lon="139.002129">
<ele>877.666667</ele>
<time>2026-06-06T00:23:22Z</time>
<speed>1.598105</speed>
<trueHeading>0.000000</trueHeading>
<magneticHeading>0.000000</magneticHeading>
<gpsHeading>275.129639</gpsHeading>
<haccuracy>5.488000</haccuracy>
<vaccuracy>5.488000</vaccuracy>
<internetconnect>2</internetconnect>
</trkpt>
<trkpt lat="35.850344" lon="139.001985">
<ele>881.666667</ele>
<time>2026-06-06T00:24:09Z</time>
<speed>1.596412</speed>
<trueHeading>0.000000</trueHeading>
<magneticHeading>0.000000</magneticHeading>
<gpsHeading>348.008392</gpsHeading>
<haccuracy>5.252000</haccuracy>
<vaccuracy>5.252000</vaccuracy>
<internetconnect>2</internetconnect>
</trkpt>
<trkpt lat="35.850761" lon="139.001387">
<ele>887.000000</ele>
<time>2026-06-06T00:24:56Z</time>
<speed>1.589029</speed>
<trueHeading>0.000000</trueHeading>
<magneticHeading>0.000000</magneticHeading>
<gpsHeading>310.702332</gpsHeading>
<haccuracy>6.057000</haccuracy>
<vaccuracy>6.057000</vaccuracy>
<internetconnect>2</internetconnect>
</trkpt>
<trkpt lat="35.851169" lon="139.000936">
<ele>893.000000</ele>
<time>2026-06-06T00:25:44Z</time>
<speed>1.575085</speed>
<trueHeading>0.000000</trueHeading>
<magneticHeading>0.000000</magneticHeading>
<gpsHeading>318.101471</gpsHeading>
<haccuracy>5.389000</haccuracy>
<vaccuracy>5.389000</vaccuracy>
<internetconnect>2</internetconnect>
</trkpt>
<trkpt lat="35.851720" lon="139.000671">
<ele>897.333333</ele>
<time>2026-06-06T00:26:31Z</time>
<speed>1.548931</speed>
<trueHeading>0.000000</trueHeading>
<magneticHeading>0.000000</magneticHeading>
<gpsHeading>338.724396</gpsHeading>
<haccuracy>5.869000</haccuracy>
<vaccuracy>5.869000</vaccuracy>
<internetconnect>2</internetconnect>
</trkpt>
<trkpt lat="35.852284" lon="139.000308">
<ele>903.333333</ele>
<time>2026-06-06T00:27:18Z</time>
<speed>1.635896</speed>
<trueHeading>0.000000</trueHeading>
<magneticHeading>0.000000</magneticHeading>
<gpsHeading>332.435364</gpsHeading>
<haccuracy>6.679000</haccuracy>
<vaccuracy>6.679000</vaccuracy>
<internetconnect>2</internetconnect>
</trkpt>
<trkpt lat="35.852283" lon="138.999755">
<ele>900.000000</ele>
<time>2026-06-06T00:28:05Z</time>
<speed>1.599447</speed>
<trueHeading>0.000000</trueHeading>
<magneticHeading>0.000000</magneticHeading>
<gpsHeading>269.821014</gpsHeading>
<haccuracy>5.618000</haccuracy>
<vaccuracy>5.618000</vaccuracy>
<internetconnect>2</internetconnect>
</trkpt>
<trkpt lat="35.851646" lon="138.999552">
<ele>904.333333</ele>
<time>2026-06-06T00:28:51Z</time>
<speed>1.593562</speed>
<trueHeading>0.000000</trueHeading>
<magneticHeading>0.000000</magneticHeading>
<gpsHeading>194.501068</gpsHeading>
<haccuracy>5.751000</haccuracy>
<vaccuracy>5.751000</vaccuracy>
<internetconnect>2</internetconnect>
</trkpt>
<trkpt lat="35.851538" lon="138.998732">
<ele>908.000000</ele>
<time>2026-06-06T00:29:38Z</time>
<speed>1.617915</speed>
<trueHeading>0.000000</trueHeading>
<magneticHeading>0.000000</magneticHeading>
<gpsHeading>260.753662</gpsHeading>
<haccuracy>5.708000</haccuracy>
<vaccuracy>5.708000</vaccuracy>
<internetconnect>2</internetconnect>
</trkpt>
<trkpt lat="35.851028" lon="138.998485">
<ele>919.000000</ele>
<time>2026-06-06T00:30:25Z</time>
<speed>1.579912</speed>
<trueHeading>0.000000</trueHeading>
<magneticHeading>0.000000</magneticHeading>
<gpsHeading>201.416229</gpsHeading>
<haccuracy>5.982000</haccuracy>
<vaccuracy>5.982000</vaccuracy>
<internetconnect>2</internetconnect>
</trkpt>
<trkpt lat="35.850557" lon="138.998007">
<ele>920.666667</ele>
<time>2026-06-06T00:31:13Z</time>
<speed>1.562817</speed>
<trueHeading>0.000000</trueHeading>
<magneticHeading>0.000000</magneticHeading>
<gpsHeading>219.422516</gpsHeading>
<haccuracy>5.229000</haccuracy>
<vaccuracy>5.229000</vaccuracy>
<internetconnect>2</internetconnect>
</trkpt>
<trkpt lat="35.850151" lon="138.997672">
<ele>923.000000</ele>
<time>2026-06-06T00:32:00Z</time>
<speed>1.607593</speed>
<trueHeading>0.000000</trueHeading>
<magneticHeading>0.000000</magneticHeading>
<gpsHeading>213.864029</gpsHeading>
<haccuracy>5.346000</haccuracy>
<vaccuracy>5.346000</vaccuracy>
<internetconnect>2</internetconnect>
</trkpt>
<trkpt lat="35.850310" lon="138.997004">
<ele>924.666667</ele>
<time>2026-06-06T00:32:47Z</time>
<speed>1.563784</speed>
<trueHeading>0.000000</trueHeading>
<magneticHeading>0.000000</magneticHeading>
<gpsHeading>286.318359</gpsHeading>
<haccuracy>5.582000</haccuracy>
<vaccuracy>5.582000</vaccuracy>
<internetconnect>2</internetconnect>
</trkpt>
<trkpt lat="35.849873" lon="138.996461">
<ele>928.333333</ele>
<time>2026-06-06T00:33:34Z</time>
<speed>1.534633</speed>
<trueHeading>0.000000</trueHeading>
<magneticHeading>0.000000</magneticHeading>
<gpsHeading>225.188614</gpsHeading>
<haccuracy>5.728000</haccuracy>
<vaccuracy>5.728000</vaccuracy>
<internetconnect>2</internetconnect>
</trkpt>
<trkpt lat="35.849524" lon="138.996072">
<ele>934.333333</ele>
<time>2026-06-06T00:34:22Z</time>
<speed>1.608843</speed>
<trueHeading>0.000000</trueHeading>
<magneticHeading>0.000000</magneticHeading>
<gpsHeading>222.102921</gpsHeading>
<haccuracy>6.014000</haccuracy>
<vaccuracy>6.014000</vaccuracy>
<internetconnect>2</internetconnect>
</trkpt>
<trkpt lat="35.849340" lon="138.995363">
<ele>935.000000</ele>
<time>2026-06-06T00:35:09Z</time>
<speed>1.629181</speed>
<trueHeading>0.000000</trueHeading>
<magneticHeading>0.000000</magneticHeading>
<gpsHeading>252.295837</gpsHeading>
<haccuracy>5.447000</haccuracy>
<vaccuracy>5.447000</vaccuracy>
<internetconnect>2</internetconnect>
</trkpt>
<trkpt lat="35.849522" lon="138.994664">
<ele>942.333333</ele>
<time>2026-06-06T00:35:56Z</time>
<speed>1.558993</speed>
<trueHeading>0.000000</trueHeading>
<magneticHeading>0.000000</magneticHeading>
<gpsHeading>287.757385</gpsHeading>
<haccuracy>5.645000</haccuracy>
<vaccuracy>5.645000</vaccuracy>
<internetconnect>2</internetconnect>
</trkpt>
<trkpt lat="35.849957" lon="138.994203">
<ele>946.333333</ele>
<time>2026-06-06T00:36:43Z</time>
<speed>1.589686</speed>
<trueHeading>0.000000</trueHeading>
<magneticHeading>0.000000</magneticHeading>
<gpsHeading>319.361176</gpsHeading>
<haccuracy>5.349000</haccuracy>
<vaccuracy>5.349000</vaccuracy>
<internetconnect>2</internetconnect>
</trkpt>
<trkpt lat="35.850565" lon="138.993982">
<ele>953.666667</ele>
<time>2026-06-06T00:37:30Z</time>
<speed>1.611834</speed>
<trueHeading>0.000000</trueHeading>
<magneticHeading>0.000000</magneticHeading>
<gpsHeading>343.558197</gpsHeading>
<haccuracy>5.814000</haccuracy>
<vaccuracy>5.814000</vaccuracy>
<internetconnect>2</internetconnect>
</trkpt>
<trkpt lat="35.851111" lon="138.993686">
<ele>957.333333</ele>
<time>2026-06-06T00:38:17Z</time>
<speed>1.590862</speed>
<trueHeading>0.000000</trueHeading>
<magneticHeading>0.000000</magneticHeading>
<gpsHeading>336.299347</gpsHeading>
<haccuracy>5.927000</haccuracy>
<vaccuracy>5.927000</vaccuracy>
<internetconnect>2</internetconnect>
</trkpt>
<trkpt lat="35.850980" lon="138.993110">
<ele>963.666667</ele>
<time>2026-06-06T00:39:05Z</time>
<speed>1.564408</speed>
<trueHeading>0.000000</trueHeading>
<magneticHeading>0.000000</magneticHeading>
<gpsHeading>254.412689</gpsHeading>
<haccuracy>5.781000</haccuracy>
<vaccuracy>5.781000</vaccuracy>
<internetconnect>2</internetconnect>
</trkpt>
<trkpt lat="35.850471" lon="138.992752">
<ele>975.000000</ele>
<time>2026-06-06T00:39:52Z</time>
<speed>1.563961</speed>
<trueHeading>0.000000</trueHeading>
<magneticHeading>0.000000</magneticHeading>
<gpsHeading>209.672470</gpsHeading>
<haccuracy>5.395000</haccuracy>
<vaccuracy>5.395000</vaccuracy>
<internetconnect>2</internetconnect>
</trkpt>
<trkpt lat="35.850465" lon="138.992107">
<ele>986.000000</ele>
<time>2026-06-06T00:40:39Z</time>
<speed>1.596384</speed>
<trueHeading>0.000000</trueHeading>
<magneticHeading>0.000000</magneticHeading>
<gpsHeading>269.396698</gpsHeading>
<haccuracy>5.446000</haccuracy>
<vaccuracy>5.446000</vaccuracy>
<internetconnect>2</internetconnect>
</trkpt>
<trkpt lat="35.850391" lon="138.991331">
<ele>998.666667</ele>
<time>2026-06-06T00:41:27Z</time>
<speed>1.596218</speed>
<trueHeading>0.000000</trueHeading>
<magneticHeading>0.000000</magneticHeading>
<gpsHeading>263.229706</gpsHeading>
<haccuracy>5.530000</haccuracy>
<vaccuracy>5.530000</vaccuracy>
<internetconnect>2</internetconnect>
</trkpt>
<trkpt lat="35.850435" lon="138.990629">
<ele>999.000000</ele>
<time>2026-06-06T00:42:14Z</time>
<speed>1.628370</speed>
<trueHeading>0.000000</trueHeading>
<magneticHeading>0.000000</magneticHeading>
<gpsHeading>274.439270</gpsHeading>
<haccuracy>7.021000</haccuracy>
<vaccuracy>7.021000</vaccuracy>
<internetconnect>2</internetconnect>
</trkpt>
<trkpt lat="35.850305" lon="138.990294">
<ele>992.333333</ele>
<time>2026-06-06T00:43:12Z</time>
<speed>0.998216</speed>
<trueHeading>0.000000</trueHeading>
<magneticHeading>0.000000</magneticHeading>
<gpsHeading>244.386200</gpsHeading>
<haccuracy>10.399000</haccuracy>
<vaccuracy>10.399000</vaccuracy>
<internetconnect>2</internetconnect>
</trkpt>
<trkpt lat="35.849601" lon="138.990191">
<ele>978.333333</ele>
<time>2026-06-06T00:44:02Z</time>
<speed>1.632904</speed>
<trueHeading>0.000000</trueHeading>
<magneticHeading>0.000000</magneticHeading>
<gpsHeading>186.769592</gpsHeading>
<haccuracy>5.292000</haccuracy>
<vaccuracy>5.292000</vaccuracy>
<internetconnect>2</internetconnect>
</trkpt>
<trkpt lat="35.849023" lon="138.989638">
<ele>981.000000</ele>
<time>2026-06-06T00:44:49Z</time>
<speed>1.619732</speed>
<trueHeading>0.000000</trueHeading>
<magneticHeading>0.000000</magneticHeading>
<gpsHeading>217.773987</gpsHeading>
<haccuracy>11.295000</haccuracy>
<vaccuracy>11.295000</vaccuracy>
<internetconnect>2</internetconnect>
</trkpt>
<trkpt lat="35.849019" lon="138.988850">
<ele>985.333333</ele>
<time>2026-06-06T00:45:36Z</time>
<speed>1.592341</speed>
<trueHeading>0.000000</trueHeading>
<magneticHeading>0.000000</magneticHeading>
<gpsHeading>269.712982</gpsHeading>
<haccuracy>10.302000</haccuracy>
<vaccuracy>10.302000</vaccuracy>
<internetconnect>2</internetconnect>
</trkpt>
<trkpt lat="35.849126" lon="138.987963">
<ele>996.000000</ele>
<time>2026-06-06T00:46:23Z</time>
<speed>1.627163</speed>
<trueHeading>0.000000</trueHeading>
<magneticHeading>0.000000</magneticHeading>
<gpsHeading>278.431519</gpsHeading>
<haccuracy>9.313000</haccuracy>
<vaccuracy>9.313000</vaccuracy>
<internetconnect>2</internetconnect>
</trkpt>
<trkpt lat="35.849185" lon="138.987555">
<ele>1001.666667</ele>
<time>2026-06-06T00:47:25Z</time>
<speed>1.402768</speed>
<trueHeading>0.000000</trueHeading>
<magneticHeading>0.000000</magneticHeading>
<gpsHeading>280.158447</gpsHeading>
<haccuracy>18.646000</haccuracy>
<vaccuracy>18.646000</vaccuracy>
<internetconnect>2</internetconnect>
</trkpt>
<trkpt lat="35.848810" lon="138.986381">
<ele>1010.666667</ele>
<time>2026-06-06T00:48:14Z</time>
<speed>1.620634</speed>
<trueHeading>0.000000</trueHeading>
<magneticHeading>0.000000</magneticHeading>
<gpsHeading>248.510925</gpsHeading>
<haccuracy>18.131001</haccuracy>
<vaccuracy>18.131001</vaccuracy>
<internetconnect>2</internetconnect>
</trkpt>
<trkpt lat="35.849224" lon="138.986231">
<ele>1027.333333</ele>
<time>2026-06-06T00:49:05Z</time>
<speed>0.798924</speed>
<trueHeading>0.000000</trueHeading>
<magneticHeading>0.000000</magneticHeading>
<gpsHeading>343.607178</gpsHeading>
<haccuracy>8.085000</haccuracy>
<vaccuracy>8.085000</vaccuracy>
<internetconnect>2</internetconnect>
</trkpt>
<trkpt lat="35.850030" lon="138.986520">
<ele>1032.333333</ele>
<time>2026-06-06T00:49:55Z</time>
<speed>1.511632</speed>
<trueHeading>0.000000</trueHeading>
<magneticHeading>0.000000</magneticHeading>
<gpsHeading>16.198439</gpsHeading>
<haccuracy>16.799000</haccuracy>
<vaccuracy>16.799000</vaccuracy>
<internetconnect>2</internetconnect>
</trkpt>
<trkpt lat="35.850567" lon="138.986148">
<ele>1039.666667</ele>
<time>2026-06-06T00:50:45Z</time>
<speed>1.268881</speed>
<trueHeading>0.000000</trueHeading>
<magneticHeading>0.000000</magneticHeading>
<gpsHeading>330.704071</gpsHeading>
<haccuracy>11.092000</haccuracy>
<vaccuracy>11.092000</vaccuracy>
<internetconnect>2</internetconnect>
</trkpt>
<trkpt lat="35.850872" lon="138.985551">
<ele>1040.000000</ele>
<time>2026-06-06T00:51:35Z</time>
<speed>1.576154</speed>
<trueHeading>0.000000</trueHeading>
<magneticHeading>0.000000</magneticHeading>
<gpsHeading>302.249268</gpsHeading>
<haccuracy>11.104000</haccuracy>
<vaccuracy>11.104000</vaccuracy>
<internetconnect>2</internetconnect>
</trkpt>
<trkpt lat="35.851383" lon="138.984953">
<ele>1046.333333</ele>
<time>2026-06-06T00:52:25Z</time>
<speed>0.870219</speed>
<trueHeading>0.000000</trueHeading>
<magneticHeading>0.000000</magneticHeading>
<gpsHeading>316.471283</gpsHeading>
<haccuracy>14.036000</haccuracy>
<vaccuracy>14.036000</vaccuracy>
<internetconnect>2</internetconnect>
</trkpt>
<trkpt lat="35.852021" lon="138.984832">
<ele>1046.333333</ele>
<time>2026-06-06T00:53:14Z</time>
<speed>1.569651</speed>
<trueHeading>0.000000</trueHeading>
<magneticHeading>0.000000</magneticHeading>
<gpsHeading>351.225220</gpsHeading>
<haccuracy>8.004000</haccuracy>
<vaccuracy>8.004000</vaccuracy>
<internetconnect>2</internetconnect>
</trkpt>
<trkpt lat="35.852582" lon="138.984585">
<ele>1043.000000</ele>
<time>2026-06-06T00:54:01Z</time>
<speed>1.402575</speed>
<trueHeading>0.000000</trueHeading>
<magneticHeading>0.000000</magneticHeading>
<gpsHeading>340.418213</gpsHeading>
<haccuracy>13.865000</haccuracy>
<vaccuracy>13.865000</vaccuracy>
<internetconnect>2</internetconnect>
</trkpt>
<trkpt lat="35.853289" lon="138.984570">
<ele>1045.000000</ele>
<time>2026-06-06T00:54:49Z</time>
<speed>1.061065</speed>
<trueHeading>0.000000</trueHeading>
<magneticHeading>0.000000</magneticHeading>
<gpsHeading>359.021393</gpsHeading>
<haccuracy>11.335000</haccuracy>
<vaccuracy>11.335000</vaccuracy>
<internetconnect>2</internetconnect>
</trkpt>
<trkpt lat="35.853747" lon="138.984401">
<ele>1053.000000</ele>
<time>2026-06-06T00:55:39Z</time>
<speed>0.087509</speed>
<trueHeading>0.000000</trueHeading>
<magneticHeading>0.000000</magneticHeading>
<gpsHeading>343.362000</gpsHeading>
<haccuracy>9.469000</haccuracy>
<vaccuracy>9.469000</vaccuracy>
<internetconnect>2</internetconnect>
</trkpt>
<trkpt lat="35.853575" lon="138.983575">
<ele>1063.333333</ele>
<time>2026-06-06T00:56:32Z</time>
<speed>1.550609</speed>
<trueHeading>0.000000</trueHeading>
<magneticHeading>0.000000</magneticHeading>
<gpsHeading>255.593552</gpsHeading>
<haccuracy>14.272000</haccuracy>
<vaccuracy>14.272000</vaccuracy>
<internetconnect>2</internetconnect>
</trkpt>
<trkpt lat="35.853538" lon="138.982931">
<ele>1071.000000</ele>
<time>2026-06-06T00:57:23Z</time>
<speed>1.259416</speed>
<trueHeading>0.000000</trueHeading>
<magneticHeading>0.000000</magneticHeading>
<gpsHeading>265.946014</gpsHeading>
<haccuracy>15.926000</haccuracy>
<vaccuracy>15.926000</vaccuracy>
<internetconnect>2</internetconnect>
</trkpt>
<trkpt lat="35.853748" lon="138.982059">
<ele>1075.333333</ele>
<time>2026-06-06T00:58:12Z</time>
<speed>1.236793</speed>
<trueHeading>0.000000</trueHeading>
<magneticHeading>0.000000</magneticHeading>
<gpsHeading>286.575562</gpsHeading>
<haccuracy>9.647000</haccuracy>
<vaccuracy>9.647000</vaccuracy>
<internetconnect>2</internetconnect>
</trkpt>
<trkpt lat="35.854380" lon="138.981849">
<ele>1074.666667</ele>
<time>2026-06-06T00:59:02Z</time>
<speed>1.080112</speed>
<trueHeading>0.000000</trueHeading>
<magneticHeading>0.000000</magneticHeading>
<gpsHeading>344.863068</gpsHeading>
<haccuracy>9.203000</haccuracy>
<vaccuracy>9.203000</vaccuracy>
<internetconnect>2</internetconnect>
</trkpt>
<trkpt lat="35.854554" lon="138.981545">
<ele>1073.666667</ele>
<time>2026-06-06T00:59:54Z</time>
<speed>0.132810</speed>
<trueHeading>0.000000</trueHeading>
<magneticHeading>0.000000</magneticHeading>
<gpsHeading>305.231537</gpsHeading>
<haccuracy>3.214000</haccuracy>
<vaccuracy>3.214000</vaccuracy>
<internetconnect>2</internetconnect>
</trkpt>
<trkpt lat="35.854567" lon="138.981482">
<ele>1072.000000</ele>
<time>2026-06-06T01:01:58Z</time>
<speed>0.018452</speed>
<trueHeading>0.000000</trueHeading>
<magneticHeading>0.000000</magneticHeading>
<gpsHeading>284.240295</gpsHeading>
<haccuracy>4.615000</haccuracy>
<vaccuracy>4.615000</vaccuracy>
<internetconnect>2</internetconnect>
</trkpt>
<trkpt lat="35.854549" lon="138.981425">
<ele>1071.666667</ele>
<time>2026-06-06T01:04:00Z</time>
<speed>0.109959</speed>
<trueHeading>0.000000</trueHeading>
<magneticHeading>0.000000</magneticHeading>
<gpsHeading>249.328781</gpsHeading>
<haccuracy>5.055000</haccuracy>
<vaccuracy>5.055000</vaccuracy>
<internetconnect>2</internetconnect>
</trkpt>
<trkpt lat="35.854544" lon="138.981432">
<ele>1071.666667</ele>
<time>2026-06-06T01:06:41Z</time>
<speed>0.100772</speed>
<trueHeading>0.000000</trueHeading>
<magneticHeading>0.000000</magneticHeading>
<gpsHeading>136.601883</gpsHeading>
<haccuracy>4.794000</haccuracy>
<vaccuracy>4.794000</vaccuracy>
<internetconnect>2</internetconnect>
</trkpt>
<trkpt lat="35.854559" lon="138.981425">
<ele>1073.000000</ele>
<time>2026-06-06T01:13:12Z</time>
<speed>0.686377</speed>
<trueHeading>0.000000</trueHeading>
<magneticHeading>0.000000</magneticHeading>
<gpsHeading>340.923798</gpsHeading>
<haccuracy>7.995000</haccuracy>
<vaccuracy>7.995000</vaccuracy>
<internetconnect>2</internetconnect>
</trkpt>
<trkpt lat="35.854661" lon="138.981559">
<ele>1073.666667</ele>
<time>2026-06-06T01:15:30Z</time>
<speed>0.655667</speed>
<trueHeading>0.000000</trueHeading>
<magneticHeading>0.000000</magneticHeading>
<gpsHeading>46.782398</gpsHeading>
<haccuracy>10.586000</haccuracy>
<vaccuracy>10.586000</vaccuracy>
<internetconnect>2</internetconnect>
</trkpt>
<trkpt lat="35.854557" lon="138.981425">
<ele>1070.666667</ele>
<time>2026-06-06T01:18:54Z</time>
<speed>0.164803</speed>
<trueHeading>0.000000</trueHeading>
<magneticHeading>0.000000</magneticHeading>
<gpsHeading>226.373199</gpsHeading>
<haccuracy>5.341000</haccuracy>
<vaccuracy>5.341000</vaccuracy>
<internetconnect>2</internetconnect>
</trkpt>
<trkpt lat="35.854465" lon="138.981401">
<ele>1069.333333</ele>
<time>2026-06-06T01:20:56Z</time>
<speed>0.915072</speed>
<trueHeading>0.000000</trueHeading>
<magneticHeading>0.000000</magneticHeading>
<gpsHeading>192.032684</gpsHeading>
<haccuracy>7.395000</haccuracy>
<vaccuracy>7.395000</vaccuracy>
<internetconnect>2</internetconnect>
</trkpt>
<trkpt lat="35.854547" lon="138.981501">
<ele>1069.666667</ele>
<time>2026-06-06T01:22:59Z</time>
<speed>0.042322</speed>
<trueHeading>0.000000</trueHeading>
<magneticHeading>0.000000</magneticHeading>
<gpsHeading>44.780777</gpsHeading>
<haccuracy>5.361000</haccuracy>
<vaccuracy>5.361000</vaccuracy>
<internetconnect>2</internetconnect>
</trkpt>
<trkpt lat="35.854591" lon="138.981509">
<ele>1074.000000</ele>
<time>2026-06-06T01:25:04Z</time>
<speed>0.512966</speed>
<trueHeading>0.000000</trueHeading>
<magneticHeading>0.000000</magneticHeading>
<gpsHeading>7.761356</gpsHeading>
<haccuracy>5.632000</haccuracy>
<vaccuracy>5.632000</vaccuracy>
<internetconnect>2</internetconnect>
</trkpt>
<trkpt lat="35.854720" lon="138.981503">
<ele>1084.666667</ele>
<time>2026-06-06T01:27:06Z</time>
<speed>0.465007</speed>
<trueHeading>0.000000</trueHeading>
<magneticHeading>0.000000</magneticHeading>
<gpsHeading>357.940979</gpsHeading>
<haccuracy>11.169000</haccuracy>
<vaccuracy>11.169000</vaccuracy>
<internetconnect>2</internetconnect>
</trkpt>
<trkpt lat="35.854993" lon="138.981396">
<ele>1094.333333</ele>
<time>2026-06-06T01:28:44Z</time>
<speed>0.119130</speed>
<trueHeading>0.000000</trueHeading>
<magneticHeading>0.000000</magneticHeading>
<gpsHeading>342.376526</gpsHeading>
<haccuracy>4.560000</haccuracy>
<vaccuracy>4.560000</vaccuracy>
<internetconnect>2</internetconnect>
</trkpt>
<trkpt lat="35.855028" lon="138.981382">
<ele>1103.333333</ele>
<time>2026-06-06T01:30:48Z</time>
<speed>0.216892</speed>
<trueHeading>0.000000</trueHeading>
<magneticHeading>0.000000</magneticHeading>
<gpsHeading>342.202667</gpsHeading>
<haccuracy>5.093000</haccuracy>
<vaccuracy>5.093000</vaccuracy>
<internetconnect>2</internetconnect>
</trkpt>
<trkpt lat="35.855114" lon="138.981054">
<ele>1105.333333</ele>
<time>2026-06-06T01:32:24Z</time>
<speed>0.000000</speed>
<trueHeading>0.000000</trueHeading>
<magneticHeading>0.000000</magneticHeading>
<gpsHeading>287.825226</gpsHeading>
<haccuracy>11.960000</haccuracy>
<vaccuracy>11.960000</vaccuracy>
<internetconnect>2</internetconnect>
</trkpt>
<trkpt lat="35.855202" lon="138.980971">
<ele>1106.333333</ele>
<time>2026-06-06T01:35:21Z</time>
<speed>0.630000</speed>
<trueHeading>0.000000</trueHeading>
<magneticHeading>0.000000</magneticHeading>
<gpsHeading>322.498840</gpsHeading>
<haccuracy>11.542000</haccuracy>
<vaccuracy>11.542000</vaccuracy>
<internetconnect>2</internetconnect>
</trkpt>
<trkpt lat="35.855226" lon="138.980884">
<ele>1099.666667</ele>
<time>2026-06-06T01:37:59Z</time>
<speed>0.870000</speed>
<trueHeading>0.000000</trueHeading>
<magneticHeading>0.000000</magneticHeading>
<gpsHeading>288.411926</gpsHeading>
<haccuracy>12.748000</haccuracy>
<vaccuracy>12.748000</vaccuracy>
<internetconnect>2</internetconnect>
</trkpt>
<trkpt lat="35.855088" lon="138.980858">
<ele>1094.333333</ele>
<time>2026-06-06T01:40:12Z</time>
<speed>0.000000</speed>
<trueHeading>0.000000</trueHeading>
<magneticHeading>0.000000</magneticHeading>
<gpsHeading>188.620407</gpsHeading>
<haccuracy>12.217000</haccuracy>
<vaccuracy>12.217000</vaccuracy>
<internetconnect>2</internetconnect>
</trkpt>
<trkpt lat="35.855166" lon="138.980501">
<ele>1091.333333</ele>
<time>2026-06-06T01:42:13Z</time>
<speed>1.020000</speed>
<trueHeading>0.000000</trueHeading>
<magneticHeading>0.000000</magneticHeading>
<gpsHeading>285.031250</gpsHeading>
<haccuracy>10.881000</haccuracy>
<vaccuracy>10.881000</vaccuracy>
<internetconnect>2</internetconnect>
</trkpt>
<trkpt lat="35.855205" lon="138.980150">
<ele>1093.000000</ele>
<time>2026-06-06T01:44:10Z</time>
<speed>0.180562</speed>
<trueHeading>0.000000</trueHeading>
<magneticHeading>0.000000</magneticHeading>
<gpsHeading>277.742310</gpsHeading>
<haccuracy>4.684000</haccuracy>
<vaccuracy>4.684000</vaccuracy>
<internetconnect>2</internetconnect>
</trkpt>
<trkpt lat="35.855186" lon="138.980043">
<ele>1089.333333</ele>
<time>2026-06-06T01:46:16Z</time>
<speed>0.580000</speed>
<trueHeading>0.000000</trueHeading>
<magneticHeading>0.000000</magneticHeading>
<gpsHeading>258.053802</gpsHeading>
<haccuracy>14.268000</haccuracy>
<vaccuracy>14.268000</vaccuracy>
<internetconnect>2</internetconnect>
</trkpt>
<trkpt lat="35.855183" lon="138.979931">
<ele>1090.333333</ele>
<time>2026-06-06T01:48:30Z</time>
<speed>0.000000</speed>
<trueHeading>0.000000</trueHeading>
<magneticHeading>0.000000</magneticHeading>
<gpsHeading>268.168579</gpsHeading>
<haccuracy>14.030000</haccuracy>
<vaccuracy>14.030000</vaccuracy>
<internetconnect>2</internetconnect>
</trkpt>
<trkpt lat="35.855410" lon="138.979885">
<ele>1094.000000</ele>
<time>2026-06-06T01:50:35Z</time>
<speed>0.000000</speed>
<trueHeading>0.000000</trueHeading>
<magneticHeading>0.000000</magneticHeading>
<gpsHeading>350.816376</gpsHeading>
<haccuracy>14.621000</haccuracy>
<vaccuracy>14.621000</vaccuracy>
<internetconnect>2</internetconnect>
</trkpt>
<trkpt lat="35.855423" lon="138.979938">
<ele>1100.000000</ele>
<time>2026-06-06T01:52:39Z</time>
<speed>0.000000</speed>
<trueHeading>0.000000</trueHeading>
<magneticHeading>0.000000</magneticHeading>
<gpsHeading>73.291306</gpsHeading>
<haccuracy>14.434000</haccuracy>
<vaccuracy>14.434000</vaccuracy>
<internetconnect>2</internetconnect>
</trkpt>
<trkpt lat="35.855537" lon="138.979807">
<ele>1094.666667</ele>
<time>2026-06-06T01:54:42Z</time>
<speed>0.160000</speed>
<trueHeading>0.000000</trueHeading>
<magneticHeading>0.000000</magneticHeading>
<gpsHeading>316.909760</gpsHeading>
<haccuracy>12.099000</haccuracy>
<vaccuracy>12.099000</vaccuracy>
<internetconnect>2</internetconnect>
</trkpt>
<trkpt lat="35.855540" lon="138.979725">
<ele>1096.000000</ele>
<time>2026-06-06T01:56:47Z</time>
<speed>1.290000</speed>
<trueHeading>0.000000</trueHeading>
<magneticHeading>0.000000</magneticHeading>
<gpsHeading>273.123352</gpsHeading>
<haccuracy>14.845000</haccuracy>
<vaccuracy>14.845000</vaccuracy>
<internetconnect>2</internetconnect>
</trkpt>
<trkpt lat="35.855520" lon="138.978551">
<ele>1097.333333</ele>
<time>2026-06-06T01:57:36Z</time>
<speed>8.590000</speed>
<trueHeading>0.000000</trueHeading>
<magneticHeading>0.000000</magneticHeading>
<gpsHeading>268.778442</gpsHeading>
<haccuracy>22.011000</haccuracy>
<vaccuracy>22.011000</vaccuracy>
<internetconnect>2</internetconnect>
</trkpt>
<trkpt lat="35.855521" lon="138.978583">
<ele>1089.333333</ele>
<time>2026-06-06T01:59:40Z</time>
<speed>0.000000</speed>
<trueHeading>0.000000</trueHeading>
<magneticHeading>0.000000</magneticHeading>
<gpsHeading>87.139458</gpsHeading>
<haccuracy>23.879999</haccuracy>
<vaccuracy>23.879999</vaccuracy>
<internetconnect>2</internetconnect>
</trkpt>
<trkpt lat="35.855623" lon="138.978948">
<ele>1071.333333</ele>
<time>2026-06-06T02:00:30Z</time>
<speed>0.820000</speed>
<trueHeading>0.000000</trueHeading>
<magneticHeading>0.000000</magneticHeading>
<gpsHeading>70.919487</gpsHeading>
<haccuracy>17.785999</haccuracy>
<vaccuracy>17.785999</vaccuracy>
<internetconnect>2</internetconnect>
</trkpt>
<trkpt lat="35.855960" lon="138.979364">
<ele>1066.000000</ele>
<time>2026-06-06T02:01:24Z</time>
<speed>0.000000</speed>
<trueHeading>0.000000</trueHeading>
<magneticHeading>0.000000</magneticHeading>
<gpsHeading>45.087738</gpsHeading>
<haccuracy>10.544000</haccuracy>
<vaccuracy>10.544000</vaccuracy>
<internetconnect>2</internetconnect>
</trkpt>
<trkpt lat="35.855925" lon="138.979709">
<ele>1074.333333</ele>
<time>2026-06-06T02:03:06Z</time>
<speed>0.096237</speed>
<trueHeading>0.000000</trueHeading>
<magneticHeading>0.000000</magneticHeading>
<gpsHeading>97.134605</gpsHeading>
<haccuracy>4.653000</haccuracy>
<vaccuracy>4.653000</vaccuracy>
<internetconnect>2</internetconnect>
</trkpt>
<trkpt lat="35.856254" lon="138.979760">
<ele>1083.666667</ele>
<time>2026-06-06T02:04:13Z</time>
<speed>0.917514</speed>
<trueHeading>0.000000</trueHeading>
<magneticHeading>0.000000</magneticHeading>
<gpsHeading>7.086168</gpsHeading>
<haccuracy>3.080000</haccuracy>
<vaccuracy>3.080000</vaccuracy>
<internetconnect>2</internetconnect>
</trkpt>
<trkpt lat="35.856580" lon="138.979677">
<ele>1084.666667</ele>
<time>2026-06-06T02:05:16Z</time>
<speed>1.269933</speed>
<trueHeading>0.000000</trueHeading>
<magneticHeading>0.000000</magneticHeading>
<gpsHeading>348.395447</gpsHeading>
<haccuracy>4.537000</haccuracy>
<vaccuracy>4.537000</vaccuracy>
<internetconnect>2</internetconnect>
</trkpt>
<trkpt lat="35.856916" lon="138.979774">
<ele>1084.333333</ele>
<time>2026-06-06T02:06:04Z</time>
<speed>0.849771</speed>
<trueHeading>0.000000</trueHeading>
<magneticHeading>0.000000</magneticHeading>
<gpsHeading>13.227400</gpsHeading>
<haccuracy>4.997000</haccuracy>
<vaccuracy>4.997000</vaccuracy>
<internetconnect>2</internetconnect>
</trkpt>
<trkpt lat="35.857259" lon="138.979730">
<ele>1090.666667</ele>
<time>2026-06-06T02:06:54Z</time>
<speed>0.532283</speed>
<trueHeading>0.000000</trueHeading>
<magneticHeading>0.000000</magneticHeading>
<gpsHeading>353.984039</gpsHeading>
<haccuracy>4.179000</haccuracy>
<vaccuracy>4.179000</vaccuracy>
<internetconnect>2</internetconnect>
</trkpt>
<trkpt lat="35.857572" lon="138.979652">
<ele>1091.666667</ele>
<time>2026-06-06T02:07:52Z</time>
<speed>0.496952</speed>
<trueHeading>0.000000</trueHeading>
<magneticHeading>0.000000</magneticHeading>
<gpsHeading>348.684631</gpsHeading>
<haccuracy>6.010000</haccuracy>
<vaccuracy>6.010000</vaccuracy>
<internetconnect>2</internetconnect>
</trkpt>
<trkpt lat="35.857978" lon="138.979533">
<ele>1095.000000</ele>
<time>2026-06-06T02:08:41Z</time>
<speed>0.977019</speed>
<trueHeading>0.000000</trueHeading>
<magneticHeading>0.000000</magneticHeading>
<gpsHeading>346.643280</gpsHeading>
<haccuracy>4.725000</haccuracy>
<vaccuracy>4.725000</vaccuracy>
<internetconnect>2</internetconnect>
</trkpt>
<trkpt lat="35.858146" lon="138.979629">
<ele>1094.333333</ele>
<time>2026-06-06T02:10:46Z</time>
<speed>1.144160</speed>
<trueHeading>0.000000</trueHeading>
<magneticHeading>0.000000</magneticHeading>
<gpsHeading>24.703514</gpsHeading>
<haccuracy>3.008000</haccuracy>
<vaccuracy>3.008000</vaccuracy>
<internetconnect>2</internetconnect>
</trkpt>
<trkpt lat="35.858587" lon="138.979739">
<ele>1094.666667</ele>
<time>2026-06-06T02:11:33Z</time>
<speed>1.053446</speed>
<trueHeading>0.000000</trueHeading>
<magneticHeading>0.000000</magneticHeading>
<gpsHeading>11.454029</gpsHeading>
<haccuracy>5.550000</haccuracy>
<vaccuracy>5.550000</vaccuracy>
<internetconnect>2</internetconnect>
</trkpt>
<trkpt lat="35.858585" lon="138.979721">
<ele>1092.333333</ele>
<time>2026-06-06T02:13:40Z</time>
<speed>0.136711</speed>
<trueHeading>0.000000</trueHeading>
<magneticHeading>0.000000</magneticHeading>
<gpsHeading>261.853180</gpsHeading>
<haccuracy>3.139000</haccuracy>
<vaccuracy>3.139000</vaccuracy>
<internetconnect>2</internetconnect>
</trkpt>
<trkpt lat="35.858753" lon="138.979618">
<ele>1090.000000</ele>
<time>2026-06-06T02:15:51Z</time>
<speed>0.947244</speed>
<trueHeading>0.000000</trueHeading>
<magneticHeading>0.000000</magneticHeading>
<gpsHeading>333.572571</gpsHeading>
<haccuracy>9.960000</haccuracy>
<vaccuracy>9.960000</vaccuracy>
<internetconnect>2</internetconnect>
</trkpt>
<trkpt lat="35.858869" lon="138.979658">
<ele>1085.333333</ele>
<time>2026-06-06T02:18:38Z</time>
<speed>0.000000</speed>
<trueHeading>0.000000</trueHeading>
<magneticHeading>0.000000</magneticHeading>
<gpsHeading>15.652587</gpsHeading>
<haccuracy>5.477000</haccuracy>
<vaccuracy>5.477000</vaccuracy>
<internetconnect>2</internetconnect>
</trkpt>
<trkpt lat="35.858800" lon="138.979331">
<ele>1082.666667</ele>
<time>2026-06-06T02:21:01Z</time>
<speed>0.000000</speed>
<trueHeading>0.000000</trueHeading>
<magneticHeading>0.000000</magneticHeading>
<gpsHeading>255.439697</gpsHeading>
<haccuracy>3.790000</haccuracy>
<vaccuracy>3.790000</vaccuracy>
<internetconnect>2</internetconnect>
</trkpt>
<trkpt lat="35.858735" lon="138.979211">
<ele>1083.333333</ele>
<time>2026-06-06T02:23:46Z</time>
<speed>0.400000</speed>
<trueHeading>0.000000</trueHeading>
<magneticHeading>0.000000</magneticHeading>
<gpsHeading>236.088501</gpsHeading>
<haccuracy>10.320000</haccuracy>
<vaccuracy>10.320000</vaccuracy>
<internetconnect>2</internetconnect>
</trkpt>
<trkpt lat="35.858887" lon="138.979343">
<ele>1083.666667</ele>
<time>2026-06-06T02:25:52Z</time>
<speed>0.000000</speed>
<trueHeading>0.000000</trueHeading>
<magneticHeading>0.000000</magneticHeading>
<gpsHeading>35.091049</gpsHeading>
<haccuracy>3.790000</haccuracy>
<vaccuracy>3.790000</vaccuracy>
<internetconnect>2</internetconnect>
</trkpt>
<trkpt lat="35.858818" lon="138.979248">
<ele>1089.333333</ele>
<time>2026-06-06T02:28:00Z</time>
<speed>0.820000</speed>
<trueHeading>0.000000</trueHeading>
<magneticHeading>0.000000</magneticHeading>
<gpsHeading>228.044632</gpsHeading>
<haccuracy>10.168000</haccuracy>
<vaccuracy>10.168000</vaccuracy>
<internetconnect>2</internetconnect>
</trkpt>
<trkpt lat="35.858986" lon="138.979359">
<ele>1088.000000</ele>
<time>2026-06-06T02:30:03Z</time>
<speed>0.440000</speed>
<trueHeading>0.000000</trueHeading>
<magneticHeading>0.000000</magneticHeading>
<gpsHeading>28.204332</gpsHeading>
<haccuracy>10.873000</haccuracy>
<vaccuracy>10.873000</vaccuracy>
<internetconnect>2</internetconnect>
</trkpt>
<trkpt lat="35.859013" lon="138.979169">
<ele>1087.333333</ele>
<time>2026-06-06T02:32:11Z</time>
<speed>0.174820</speed>
<trueHeading>0.000000</trueHeading>
<magneticHeading>0.000000</magneticHeading>
<gpsHeading>280.006927</gpsHeading>
<haccuracy>3.699000</haccuracy>
<vaccuracy>3.699000</vaccuracy>
<internetconnect>2</internetconnect>
</trkpt>
<trkpt lat="35.859013" lon="138.979096">
<ele>1082.000000</ele>
<time>2026-06-06T02:34:15Z</time>
<speed>0.540000</speed>
<trueHeading>0.000000</trueHeading>
<magneticHeading>0.000000</magneticHeading>
<gpsHeading>270.193146</gpsHeading>
<haccuracy>11.165000</haccuracy>
<vaccuracy>11.165000</vaccuracy>
<internetconnect>2</internetconnect>
</trkpt>
<trkpt lat="35.859042" lon="138.979080">
<ele>1082.333333</ele>
<time>2026-06-06T02:36:40Z</time>
<speed>0.770000</speed>
<trueHeading>0.000000</trueHeading>
<magneticHeading>0.000000</magneticHeading>
<gpsHeading>336.175598</gpsHeading>
<haccuracy>11.964000</haccuracy>
<vaccuracy>11.964000</vaccuracy>
<internetconnect>2</internetconnect>
</trkpt>
<trkpt lat="35.859249" lon="138.978939">
<ele>1083.333333</ele>
<time>2026-06-06T02:38:48Z</time>
<speed>0.820000</speed>
<trueHeading>0.000000</trueHeading>
<magneticHeading>0.000000</magneticHeading>
<gpsHeading>331.016815</gpsHeading>
<haccuracy>8.069000</haccuracy>
<vaccuracy>8.069000</vaccuracy>
<internetconnect>2</internetconnect>
</trkpt>
<trkpt lat="35.859410" lon="138.978639">
<ele>1085.333333</ele>
<time>2026-06-06T02:40:09Z</time>
<speed>0.051036</speed>
<trueHeading>0.000000</trueHeading>
<magneticHeading>0.000000</magneticHeading>
<gpsHeading>303.554413</gpsHeading>
<haccuracy>5.043000</haccuracy>
<vaccuracy>5.043000</vaccuracy>
<internetconnect>2</internetconnect>
</trkpt>
<trkpt lat="35.859588" lon="138.978336">
<ele>1085.333333</ele>
<time>2026-06-06T02:41:12Z</time>
<speed>0.511747</speed>
<trueHeading>0.000000</trueHeading>
<magneticHeading>0.000000</magneticHeading>
<gpsHeading>306.085663</gpsHeading>
<haccuracy>4.412000</haccuracy>
<vaccuracy>4.412000</vaccuracy>
<internetconnect>2</internetconnect>
</trkpt>
<trkpt lat="35.859865" lon="138.978227">
<ele>1086.666667</ele>
<time>2026-06-06T02:42:29Z</time>
<speed>0.125216</speed>
<trueHeading>0.000000</trueHeading>
<magneticHeading>0.000000</magneticHeading>
<gpsHeading>342.290527</gpsHeading>
<haccuracy>5.493000</haccuracy>
<vaccuracy>5.493000</vaccuracy>
<internetconnect>2</internetconnect>
</trkpt>
<trkpt lat="35.859977" lon="138.978210">
<ele>1087.333333</ele>
<time>2026-06-06T02:45:36Z</time>
<speed>0.750000</speed>
<trueHeading>0.000000</trueHeading>
<magneticHeading>0.000000</magneticHeading>
<gpsHeading>352.770111</gpsHeading>
<haccuracy>12.129000</haccuracy>
<vaccuracy>12.129000</vaccuracy>
<internetconnect>2</internetconnect>
</trkpt>
<trkpt lat="35.860255" lon="138.978169">
<ele>1088.000000</ele>
<time>2026-06-06T02:47:37Z</time>
<speed>0.000000</speed>
<trueHeading>0.000000</trueHeading>
<magneticHeading>0.000000</magneticHeading>
<gpsHeading>353.205261</gpsHeading>
<haccuracy>7.522000</haccuracy>
<vaccuracy>7.522000</vaccuracy>
<internetconnect>2</internetconnect>
</trkpt>
<trkpt lat="35.860215" lon="138.978112">
<ele>1088.333333</ele>
<time>2026-06-06T02:49:47Z</time>
<speed>0.520000</speed>
<trueHeading>0.000000</trueHeading>
<magneticHeading>0.000000</magneticHeading>
<gpsHeading>228.648560</gpsHeading>
<haccuracy>5.789000</haccuracy>
<vaccuracy>5.789000</vaccuracy>
<internetconnect>2</internetconnect>
</trkpt>
<trkpt lat="35.860389" lon="138.978371">
<ele>1089.000000</ele>
<time>2026-06-06T02:51:51Z</time>
<speed>0.680000</speed>
<trueHeading>0.000000</trueHeading>
<magneticHeading>0.000000</magneticHeading>
<gpsHeading>50.397686</gpsHeading>
<haccuracy>14.151000</haccuracy>
<vaccuracy>14.151000</vaccuracy>
<internetconnect>2</internetconnect>
</trkpt>
<trkpt lat="35.860493" lon="138.978618">
<ele>1089.000000</ele>
<time>2026-06-06T02:53:53Z</time>
<speed>0.015910</speed>
<trueHeading>0.000000</trueHeading>
<magneticHeading>0.000000</magneticHeading>
<gpsHeading>62.525280</gpsHeading>
<haccuracy>4.435000</haccuracy>
<vaccuracy>4.435000</vaccuracy>
<internetconnect>2</internetconnect>
</trkpt>
<trkpt lat="35.860486" lon="138.978487">
<ele>1090.000000</ele>
<time>2026-06-06T02:55:57Z</time>
<speed>0.272147</speed>
<trueHeading>0.000000</trueHeading>
<magneticHeading>0.000000</magneticHeading>
<gpsHeading>266.210480</gpsHeading>
<haccuracy>4.801000</haccuracy>
<vaccuracy>4.801000</vaccuracy>
<internetconnect>2</internetconnect>
</trkpt>
<trkpt lat="35.860596" lon="138.978610">
<ele>1091.000000</ele>
<time>2026-06-06T02:58:00Z</time>
<speed>1.320000</speed>
<trueHeading>0.000000</trueHeading>
<magneticHeading>0.000000</magneticHeading>
<gpsHeading>41.966686</gpsHeading>
<haccuracy>7.288000</haccuracy>
<vaccuracy>7.288000</vaccuracy>
<internetconnect>2</internetconnect>
</trkpt>
<trkpt lat="35.860568" lon="138.978390">
<ele>1091.000000</ele>
<time>2026-06-06T03:00:04Z</time>
<speed>0.140953</speed>
<trueHeading>0.000000</trueHeading>
<magneticHeading>0.000000</magneticHeading>
<gpsHeading>261.133911</gpsHeading>
<haccuracy>4.758000</haccuracy>
<vaccuracy>4.758000</vaccuracy>
<internetconnect>2</internetconnect>
</trkpt>
<trkpt lat="35.860510" lon="138.978513">
<ele>1090.666667</ele>
<time>2026-06-06T03:02:08Z</time>
<speed>0.299487</speed>
<trueHeading>0.000000</trueHeading>
<magneticHeading>0.000000</magneticHeading>
<gpsHeading>120.146828</gpsHeading>
<haccuracy>3.175000</haccuracy>
<vaccuracy>3.175000</vaccuracy>
<internetconnect>2</internetconnect>
</trkpt>
<trkpt lat="35.860389" lon="138.978158">
<ele>1089.666667</ele>
<time>2026-06-06T03:04:00Z</time>
<speed>0.323560</speed>
<trueHeading>0.000000</trueHeading>
<magneticHeading>0.000000</magneticHeading>
<gpsHeading>247.127350</gpsHeading>
<haccuracy>3.205000</haccuracy>
<vaccuracy>3.205000</vaccuracy>
<internetconnect>2</internetconnect>
</trkpt>
<trkpt lat="35.860284" lon="138.978105">
<ele>1089.000000</ele>
<time>2026-06-06T03:06:06Z</time>
<speed>0.000000</speed>
<trueHeading>0.000000</trueHeading>
<magneticHeading>0.000000</magneticHeading>
<gpsHeading>202.457825</gpsHeading>
<haccuracy>8.038000</haccuracy>
<vaccuracy>8.038000</vaccuracy>
<internetconnect>2</internetconnect>
</trkpt>
<trkpt lat="35.860083" lon="138.978184">
<ele>1088.666667</ele>
<time>2026-06-06T03:09:02Z</time>
<speed>0.000000</speed>
<trueHeading>0.000000</trueHeading>
<magneticHeading>0.000000</magneticHeading>
<gpsHeading>162.318802</gpsHeading>
<haccuracy>6.764000</haccuracy>
<vaccuracy>6.764000</vaccuracy>
<internetconnect>2</internetconnect>
</trkpt>
<trkpt lat="35.859886" lon="138.978097">
<ele>1094.666667</ele>
<time>2026-06-06T03:11:08Z</time>
<speed>0.000000</speed>
<trueHeading>0.000000</trueHeading>
<magneticHeading>0.000000</magneticHeading>
<gpsHeading>199.605286</gpsHeading>
<haccuracy>11.480000</haccuracy>
<vaccuracy>11.480000</vaccuracy>
<internetconnect>2</internetconnect>
</trkpt>
<trkpt lat="35.859592" lon="138.978038">
<ele>1101.666667</ele>
<time>2026-06-06T03:12:56Z</time>
<speed>0.000000</speed>
<trueHeading>0.000000</trueHeading>
<magneticHeading>0.000000</magneticHeading>
<gpsHeading>189.197800</gpsHeading>
<haccuracy>12.460000</haccuracy>
<vaccuracy>12.460000</vaccuracy>
<internetconnect>2</internetconnect>
</trkpt>
<trkpt lat="35.859630" lon="138.978001">
<ele>1110.666667</ele>
<time>2026-06-06T03:15:40Z</time>
<speed>0.000000</speed>
<trueHeading>0.000000</trueHeading>
<magneticHeading>0.000000</magneticHeading>
<gpsHeading>321.788818</gpsHeading>
<haccuracy>12.545000</haccuracy>
<vaccuracy>12.545000</vaccuracy>
<internetconnect>2</internetconnect>
</trkpt>
<trkpt lat="35.859420" lon="138.978040">
<ele>1110.000000</ele>
<time>2026-06-06T03:17:45Z</time>
<speed>0.801132</speed>
<trueHeading>0.000000</trueHeading>
<magneticHeading>0.000000</magneticHeading>
<gpsHeading>171.544647</gpsHeading>
<haccuracy>5.556000</haccuracy>
<vaccuracy>5.556000</vaccuracy>
<internetconnect>2</internetconnect>
</trkpt>
<trkpt lat="35.859309" lon="138.978189">
<ele>1108.000000</ele>
<time>2026-06-06T03:20:03Z</time>
<speed>0.164117</speed>
<trueHeading>0.000000</trueHeading>
<magneticHeading>0.000000</magneticHeading>
<gpsHeading>132.563858</gpsHeading>
<haccuracy>8.980000</haccuracy>
<vaccuracy>8.980000</vaccuracy>
<internetconnect>2</internetconnect>
</trkpt>
<trkpt lat="35.859362" lon="138.978240">
<ele>1103.333333</ele>
<time>2026-06-06T03:22:28Z</time>
<speed>0.100060</speed>
<trueHeading>0.000000</trueHeading>
<magneticHeading>0.000000</magneticHeading>
<gpsHeading>37.899540</gpsHeading>
<haccuracy>8.667000</haccuracy>
<vaccuracy>8.667000</vaccuracy>
<internetconnect>2</internetconnect>
</trkpt>
<trkpt lat="35.859368" lon="138.978240">
<ele>1104.000000</ele>
<time>2026-06-06T03:25:02Z</time>
<speed>0.210000</speed>
<trueHeading>0.000000</trueHeading>
<magneticHeading>0.000000</magneticHeading>
<gpsHeading>358.426300</gpsHeading>
<haccuracy>11.281000</haccuracy>
<vaccuracy>11.281000</vaccuracy>
<internetconnect>2</internetconnect>
</trkpt>
<trkpt lat="35.859089" lon="138.978336">
<ele>1113.666667</ele>
<time>2026-06-06T03:26:58Z</time>
<speed>0.000000</speed>
<trueHeading>0.000000</trueHeading>
<magneticHeading>0.000000</magneticHeading>
<gpsHeading>164.506561</gpsHeading>
<haccuracy>11.818000</haccuracy>
<vaccuracy>11.818000</vaccuracy>
<internetconnect>2</internetconnect>
</trkpt>
<trkpt lat="35.858827" lon="138.978083">
<ele>1127.000000</ele>
<time>2026-06-06T03:28:55Z</time>
<speed>0.739186</speed>
<trueHeading>0.000000</trueHeading>
<magneticHeading>0.000000</magneticHeading>
<gpsHeading>217.991684</gpsHeading>
<haccuracy>3.166000</haccuracy>
<vaccuracy>3.166000</vaccuracy>
<internetconnect>2</internetconnect>
</trkpt>
<trkpt lat="35.858811" lon="138.977835">
<ele>1139.666667</ele>
<time>2026-06-06T03:31:01Z</time>
<speed>0.189221</speed>
<trueHeading>0.000000</trueHeading>
<magneticHeading>0.000000</magneticHeading>
<gpsHeading>265.448608</gpsHeading>
<haccuracy>4.198000</haccuracy>
<vaccuracy>4.198000</vaccuracy>
<internetconnect>2</internetconnect>
</trkpt>
<trkpt lat="35.858827" lon="138.977797">
<ele>1148.333333</ele>
<time>2026-06-06T03:33:54Z</time>
<speed>0.850000</speed>
<trueHeading>0.000000</trueHeading>
<magneticHeading>0.000000</magneticHeading>
<gpsHeading>296.976501</gpsHeading>
<haccuracy>10.069000</haccuracy>
<vaccuracy>10.069000</vaccuracy>
<internetconnect>2</internetconnect>
</trkpt>
<trkpt lat="35.858861" lon="138.977568">
<ele>1160.000000</ele>
<time>2026-06-06T03:35:58Z</time>
<speed>0.000000</speed>
<trueHeading>0.000000</trueHeading>
<magneticHeading>0.000000</magneticHeading>
<gpsHeading>280.672485</gpsHeading>
<haccuracy>10.100000</haccuracy>
<vaccuracy>10.100000</vaccuracy>
<internetconnect>2</internetconnect>
</trkpt>
<trkpt lat="35.858762" lon="138.977332">
<ele>1172.333333</ele>
<time>2026-06-06T03:38:03Z</time>
<speed>0.000000</speed>
<trueHeading>0.000000</trueHeading>
<magneticHeading>0.000000</magneticHeading>
<gpsHeading>242.536011</gpsHeading>
<haccuracy>9.935000</haccuracy>
<vaccuracy>9.935000</vaccuracy>
<internetconnect>2</internetconnect>
</trkpt>
<trkpt lat="35.858664" lon="138.977221">
<ele>1189.000000</ele>
<time>2026-06-06T03:40:07Z</time>
<speed>0.173506</speed>
<trueHeading>0.000000</trueHeading>
<magneticHeading>0.000000</magneticHeading>
<gpsHeading>222.566574</gpsHeading>
<haccuracy>3.000000</haccuracy>
<vaccuracy>3.000000</vaccuracy>
<internetconnect>2</internetconnect>
</trkpt>
<trkpt lat="35.858690" lon="138.976941">
<ele>1198.333333</ele>
<time>2026-06-06T03:42:23Z</time>
<speed>0.168245</speed>
<trueHeading>0.000000</trueHeading>
<magneticHeading>0.000000</magneticHeading>
<gpsHeading>276.744873</gpsHeading>
<haccuracy>4.500000</haccuracy>
<vaccuracy>4.500000</vaccuracy>
<internetconnect>2</internetconnect>
</trkpt>
<trkpt lat="35.858645" lon="138.976892">
<ele>1209.000000</ele>
<time>2026-06-06T03:44:32Z</time>
<speed>0.140814</speed>
<trueHeading>0.000000</trueHeading>
<magneticHeading>0.000000</magneticHeading>
<gpsHeading>221.717346</gpsHeading>
<haccuracy>5.428000</haccuracy>
<vaccuracy>5.428000</vaccuracy>
<internetconnect>2</internetconnect>
</trkpt>
<trkpt lat="35.858577" lon="138.976707">
<ele>1213.333333</ele>
<time>2026-06-06T03:46:36Z</time>
<speed>0.113340</speed>
<trueHeading>0.000000</trueHeading>
<magneticHeading>0.000000</magneticHeading>
<gpsHeading>245.489471</gpsHeading>
<haccuracy>4.573000</haccuracy>
<vaccuracy>4.573000</vaccuracy>
<internetconnect>2</internetconnect>
</trkpt>
<trkpt lat="35.858545" lon="138.976633">
<ele>1220.000000</ele>
<time>2026-06-06T03:49:01Z</time>
<speed>0.160774</speed>
<trueHeading>0.000000</trueHeading>
<magneticHeading>0.000000</magneticHeading>
<gpsHeading>242.076813</gpsHeading>
<haccuracy>4.081000</haccuracy>
<vaccuracy>4.081000</vaccuracy>
<internetconnect>2</internetconnect>
</trkpt>
<trkpt lat="35.858466" lon="138.976583">
<ele>1227.666667</ele>
<time>2026-06-06T03:51:07Z</time>
<speed>0.124881</speed>
<trueHeading>0.000000</trueHeading>
<magneticHeading>0.000000</magneticHeading>
<gpsHeading>207.067612</gpsHeading>
<haccuracy>6.079000</haccuracy>
<vaccuracy>6.079000</vaccuracy>
<internetconnect>2</internetconnect>
</trkpt>
<trkpt lat="35.858628" lon="138.976355">
<ele>1233.666667</ele>
<time>2026-06-06T03:53:08Z</time>
<speed>0.092794</speed>
<trueHeading>0.000000</trueHeading>
<magneticHeading>0.000000</magneticHeading>
<gpsHeading>311.265625</gpsHeading>
<haccuracy>4.689000</haccuracy>
<vaccuracy>4.689000</vaccuracy>
<internetconnect>2</internetconnect>
</trkpt>
<trkpt lat="35.858314" lon="138.976369">
<ele>1242.666667</ele>
<time>2026-06-06T03:54:45Z</time>
<speed>0.066080</speed>
<trueHeading>0.000000</trueHeading>
<magneticHeading>0.000000</magneticHeading>
<gpsHeading>177.900955</gpsHeading>
<haccuracy>4.647000</haccuracy>
<vaccuracy>4.647000</vaccuracy>
<internetconnect>2</internetconnect>
</trkpt>
<trkpt lat="35.858108" lon="138.976133">
<ele>1250.333333</ele>
<time>2026-06-06T03:55:53Z</time>
<speed>0.823665</speed>
<trueHeading>0.000000</trueHeading>
<magneticHeading>0.000000</magneticHeading>
<gpsHeading>222.951004</gpsHeading>
<haccuracy>5.371000</haccuracy>
<vaccuracy>5.371000</vaccuracy>
<internetconnect>2</internetconnect>
</trkpt>
<trkpt lat="35.858106" lon="138.975762">
<ele>1259.333333</ele>
<time>2026-06-06T03:56:57Z</time>
<speed>0.893822</speed>
<trueHeading>0.000000</trueHeading>
<magneticHeading>0.000000</magneticHeading>
<gpsHeading>269.657196</gpsHeading>
<haccuracy>5.211000</haccuracy>
<vaccuracy>5.211000</vaccuracy>
<internetconnect>2</internetconnect>
</trkpt>
<trkpt lat="35.858046" lon="138.975619">
<ele>1267.000000</ele>
<time>2026-06-06T03:59:01Z</time>
<speed>0.243626</speed>
<trueHeading>0.000000</trueHeading>
<magneticHeading>0.000000</magneticHeading>
<gpsHeading>242.185944</gpsHeading>
<haccuracy>3.545000</haccuracy>
<vaccuracy>3.545000</vaccuracy>
<internetconnect>2</internetconnect>
</trkpt>
<trkpt lat="35.857855" lon="138.975274">
<ele>1273.666667</ele>
<time>2026-06-06T04:00:22Z</time>
<speed>0.985560</speed>
<trueHeading>0.000000</trueHeading>
<magneticHeading>0.000000</magneticHeading>
<gpsHeading>235.761414</gpsHeading>
<haccuracy>5.023000</haccuracy>
<vaccuracy>5.023000</vaccuracy>
<internetconnect>2</internetconnect>
</trkpt>
<trkpt lat="35.857765" lon="138.974962">
<ele>1279.333333</ele>
<time>2026-06-06T04:02:39Z</time>
<speed>0.107965</speed>
<trueHeading>0.000000</trueHeading>
<magneticHeading>0.000000</magneticHeading>
<gpsHeading>250.328064</gpsHeading>
<haccuracy>3.777000</haccuracy>
<vaccuracy>3.777000</vaccuracy>
<internetconnect>2</internetconnect>
</trkpt>
<trkpt lat="35.857931" lon="138.974672">
<ele>1280.666667</ele>
<time>2026-06-06T04:03:52Z</time>
<speed>0.818501</speed>
<trueHeading>0.000000</trueHeading>
<magneticHeading>0.000000</magneticHeading>
<gpsHeading>305.216187</gpsHeading>
<haccuracy>3.194000</haccuracy>
<vaccuracy>3.194000</vaccuracy>
<internetconnect>2</internetconnect>
</trkpt>
<trkpt lat="35.858168" lon="138.974508">
<ele>1275.666667</ele>
<time>2026-06-06T04:06:06Z</time>
<speed>0.164064</speed>
<trueHeading>0.000000</trueHeading>
<magneticHeading>0.000000</magneticHeading>
<gpsHeading>330.699982</gpsHeading>
<haccuracy>3.859000</haccuracy>
<vaccuracy>3.859000</vaccuracy>
<internetconnect>2</internetconnect>
</trkpt>
<trkpt lat="35.858382" lon="138.974255">
<ele>1267.333333</ele>
<time>2026-06-06T04:07:15Z</time>
<speed>0.421212</speed>
<trueHeading>0.000000</trueHeading>
<magneticHeading>0.000000</magneticHeading>
<gpsHeading>316.211456</gpsHeading>
<haccuracy>5.581000</haccuracy>
<vaccuracy>5.581000</vaccuracy>
<internetconnect>2</internetconnect>
</trkpt>
<trkpt lat="35.858386" lon="138.974043">
<ele>1261.000000</ele>
<time>2026-06-06T04:09:19Z</time>
<speed>0.430000</speed>
<trueHeading>0.000000</trueHeading>
<magneticHeading>0.000000</magneticHeading>
<gpsHeading>271.171936</gpsHeading>
<haccuracy>10.857000</haccuracy>
<vaccuracy>10.857000</vaccuracy>
<internetconnect>2</internetconnect>
</trkpt>
<trkpt lat="35.858622" lon="138.974070">
<ele>1257.666667</ele>
<time>2026-06-06T04:11:21Z</time>
<speed>0.000000</speed>
<trueHeading>0.000000</trueHeading>
<magneticHeading>0.000000</magneticHeading>
<gpsHeading>5.184775</gpsHeading>
<haccuracy>11.547000</haccuracy>
<vaccuracy>11.547000</vaccuracy>
<internetconnect>2</internetconnect>
</trkpt>
<trkpt lat="35.858766" lon="138.973984">
<ele>1254.333333</ele>
<time>2026-06-06T04:13:25Z</time>
<speed>0.580000</speed>
<trueHeading>0.000000</trueHeading>
<magneticHeading>0.000000</magneticHeading>
<gpsHeading>334.254517</gpsHeading>
<haccuracy>6.327000</haccuracy>
<vaccuracy>6.327000</vaccuracy>
<internetconnect>2</internetconnect>
</trkpt>
<trkpt lat="35.858881" lon="138.973775">
<ele>1249.333333</ele>
<time>2026-06-06T04:15:27Z</time>
<speed>0.430000</speed>
<trueHeading>0.000000</trueHeading>
<magneticHeading>0.000000</magneticHeading>
<gpsHeading>304.097900</gpsHeading>
<haccuracy>7.318000</haccuracy>
<vaccuracy>7.318000</vaccuracy>
<internetconnect>2</internetconnect>
</trkpt>
<trkpt lat="35.859002" lon="138.973576">
<ele>1244.666667</ele>
<time>2026-06-06T04:17:39Z</time>
<speed>0.000000</speed>
<trueHeading>0.000000</trueHeading>
<magneticHeading>0.000000</magneticHeading>
<gpsHeading>306.973328</gpsHeading>
<haccuracy>10.801000</haccuracy>
<vaccuracy>10.801000</vaccuracy>
<internetconnect>2</internetconnect>
</trkpt>
<trkpt lat="35.858988" lon="138.973195">
<ele>1245.666667</ele>
<time>2026-06-06T04:19:06Z</time>
<speed>0.000000</speed>
<trueHeading>0.000000</trueHeading>
<magneticHeading>0.000000</magneticHeading>
<gpsHeading>267.406097</gpsHeading>
<haccuracy>10.899000</haccuracy>
<vaccuracy>10.899000</vaccuracy>
<internetconnect>2</internetconnect>
</trkpt>
<trkpt lat="35.859091" lon="138.973271">
<ele>1247.333333</ele>
<time>2026-06-06T04:21:23Z</time>
<speed>0.134937</speed>
<trueHeading>0.000000</trueHeading>
<magneticHeading>0.000000</magneticHeading>
<gpsHeading>31.243538</gpsHeading>
<haccuracy>3.737000</haccuracy>
<vaccuracy>3.737000</vaccuracy>
<internetconnect>2</internetconnect>
</trkpt>
<trkpt lat="35.859083" lon="138.973269">
<ele>1248.666667</ele>
<time>2026-06-06T04:23:42Z</time>
<speed>0.221964</speed>
<trueHeading>0.000000</trueHeading>
<magneticHeading>0.000000</magneticHeading>
<gpsHeading>192.124069</gpsHeading>
<haccuracy>5.447000</haccuracy>
<vaccuracy>5.447000</vaccuracy>
<internetconnect>2</internetconnect>
</trkpt>
<trkpt lat="35.859056" lon="138.973243">
<ele>1247.333333</ele>
<time>2026-06-06T04:26:11Z</time>
<speed>0.614036</speed>
<trueHeading>0.000000</trueHeading>
<magneticHeading>0.000000</magneticHeading>
<gpsHeading>218.594559</gpsHeading>
<haccuracy>10.307000</haccuracy>
<vaccuracy>10.307000</vaccuracy>
<internetconnect>2</internetconnect>
</trkpt>
<trkpt lat="35.859058" lon="138.973266">
<ele>1248.666667</ele>
<time>2026-06-06T04:32:56Z</time>
<speed>0.269903</speed>
<trueHeading>0.000000</trueHeading>
<magneticHeading>0.000000</magneticHeading>
<gpsHeading>85.234306</gpsHeading>
<haccuracy>6.628000</haccuracy>
<vaccuracy>6.628000</vaccuracy>
<internetconnect>2</internetconnect>
</trkpt>
<trkpt lat="35.859152" lon="138.973263">
<ele>1250.000000</ele>
<time>2026-06-06T04:34:57Z</time>
<speed>0.172881</speed>
<trueHeading>0.000000</trueHeading>
<magneticHeading>0.000000</magneticHeading>
<gpsHeading>358.767822</gpsHeading>
<haccuracy>5.802000</haccuracy>
<vaccuracy>5.802000</vaccuracy>
<internetconnect>2</internetconnect>
</trkpt>
<trkpt lat="35.859104" lon="138.973249">
<ele>1251.333333</ele>
<time>2026-06-06T04:37:12Z</time>
<speed>0.188775</speed>
<trueHeading>0.000000</trueHeading>
<magneticHeading>0.000000</magneticHeading>
<gpsHeading>193.142731</gpsHeading>
<haccuracy>6.225000</haccuracy>
<vaccuracy>6.225000</vaccuracy>
<internetconnect>2</internetconnect>
</trkpt>
<trkpt lat="35.859095" lon="138.973235">
<ele>1252.000000</ele>
<time>2026-06-06T04:39:16Z</time>
<speed>0.211176</speed>
<trueHeading>0.000000</trueHeading>
<magneticHeading>0.000000</magneticHeading>
<gpsHeading>231.254868</gpsHeading>
<haccuracy>6.906000</haccuracy>
<vaccuracy>6.906000</vaccuracy>
<internetconnect>2</internetconnect>
</trkpt>
<trkpt lat="35.859255" lon="138.972931">
<ele>1256.333333</ele>
<time>2026-06-06T04:40:45Z</time>
<speed>0.320877</speed>
<trueHeading>0.000000</trueHeading>
<magneticHeading>0.000000</magneticHeading>
<gpsHeading>303.058441</gpsHeading>
<haccuracy>4.046000</haccuracy>
<vaccuracy>4.046000</vaccuracy>
<internetconnect>2</internetconnect>
</trkpt>
<trkpt lat="35.859443" lon="138.972620">
<ele>1261.000000</ele>
<time>2026-06-06T04:41:52Z</time>
<speed>0.897636</speed>
<trueHeading>0.000000</trueHeading>
<magneticHeading>0.000000</magneticHeading>
<gpsHeading>306.756042</gpsHeading>
<haccuracy>5.454000</haccuracy>
<vaccuracy>5.454000</vaccuracy>
<internetconnect>2</internetconnect>
</trkpt>
<trkpt lat="35.859593" lon="138.972436">
<ele>1263.000000</ele>
<time>2026-06-06T04:43:53Z</time>
<speed>0.000000</speed>
<trueHeading>0.000000</trueHeading>
<magneticHeading>0.000000</magneticHeading>
<gpsHeading>315.152252</gpsHeading>
<haccuracy>7.598000</haccuracy>
<vaccuracy>7.598000</vaccuracy>
<internetconnect>2</internetconnect>
</trkpt>
<trkpt lat="35.859689" lon="138.972175">
<ele>1264.666667</ele>
<time>2026-06-06T04:45:56Z</time>
<speed>0.000000</speed>
<trueHeading>0.000000</trueHeading>
<magneticHeading>0.000000</magneticHeading>
<gpsHeading>294.445862</gpsHeading>
<haccuracy>11.243000</haccuracy>
<vaccuracy>11.243000</vaccuracy>
<internetconnect>2</internetconnect>
</trkpt>
<trkpt lat="35.859731" lon="138.972351">
<ele>1264.666667</ele>
<time>2026-06-06T04:47:59Z</time>
<speed>0.000000</speed>
<trueHeading>0.000000</trueHeading>
<magneticHeading>0.000000</magneticHeading>
<gpsHeading>73.485085</gpsHeading>
<haccuracy>10.602000</haccuracy>
<vaccuracy>10.602000</vaccuracy>
<internetconnect>2</internetconnect>
</trkpt>
<trkpt lat="35.859723" lon="138.972251">
<ele>1268.666667</ele>
<time>2026-06-06T04:50:04Z</time>
<speed>0.306456</speed>
<trueHeading>0.000000</trueHeading>
<magneticHeading>0.000000</magneticHeading>
<gpsHeading>263.982880</gpsHeading>
<haccuracy>6.909000</haccuracy>
<vaccuracy>6.909000</vaccuracy>
<internetconnect>2</internetconnect>
</trkpt>
<trkpt lat="35.859874" lon="138.972341">
<ele>1274.666667</ele>
<time>2026-06-06T04:52:11Z</time>
<speed>0.320000</speed>
<trueHeading>0.000000</trueHeading>
<magneticHeading>0.000000</magneticHeading>
<gpsHeading>25.588810</gpsHeading>
<haccuracy>10.423000</haccuracy>
<vaccuracy>10.423000</vaccuracy>
<internetconnect>2</internetconnect>
</trkpt>
<trkpt lat="35.860001" lon="138.972461">
<ele>1286.000000</ele>
<time>2026-06-06T04:54:15Z</time>
<speed>0.380000</speed>
<trueHeading>0.000000</trueHeading>
<magneticHeading>0.000000</magneticHeading>
<gpsHeading>37.760422</gpsHeading>
<haccuracy>10.620000</haccuracy>
<vaccuracy>10.620000</vaccuracy>
<internetconnect>2</internetconnect>
</trkpt>
<trkpt lat="35.860053" lon="138.972613">
<ele>1298.333333</ele>
<time>2026-06-06T04:56:25Z</time>
<speed>0.420000</speed>
<trueHeading>0.000000</trueHeading>
<magneticHeading>0.000000</magneticHeading>
<gpsHeading>66.811478</gpsHeading>
<haccuracy>10.447000</haccuracy>
<vaccuracy>10.447000</vaccuracy>
<internetconnect>2</internetconnect>
</trkpt>
<trkpt lat="35.860085" lon="138.972880">
<ele>1313.333333</ele>
<time>2026-06-06T04:58:52Z</time>
<speed>0.390000</speed>
<trueHeading>0.000000</trueHeading>
<magneticHeading>0.000000</magneticHeading>
<gpsHeading>81.806213</gpsHeading>
<haccuracy>10.478000</haccuracy>
<vaccuracy>10.478000</vaccuracy>
<internetconnect>2</internetconnect>
</trkpt>
<trkpt lat="35.860291" lon="138.973141">
<ele>1330.333333</ele>
<time>2026-06-06T05:00:23Z</time>
<speed>0.810890</speed>
<trueHeading>0.000000</trueHeading>
<magneticHeading>0.000000</magneticHeading>
<gpsHeading>45.697071</gpsHeading>
<haccuracy>4.608000</haccuracy>
<vaccuracy>4.608000</vaccuracy>
<internetconnect>2</internetconnect>
</trkpt>
<trkpt lat="35.860573" lon="138.973149">
<ele>1347.666667</ele>
<time>2026-06-06T05:02:20Z</time>
<speed>0.408646</speed>
<trueHeading>0.000000</trueHeading>
<magneticHeading>0.000000</magneticHeading>
<gpsHeading>1.302929</gpsHeading>
<haccuracy>4.527000</haccuracy>
<vaccuracy>4.527000</vaccuracy>
<internetconnect>2</internetconnect>
</trkpt>
<trkpt lat="35.860960" lon="138.972970">
<ele>1359.666667</ele>
<time>2026-06-06T05:03:09Z</time>
<speed>0.258522</speed>
<trueHeading>0.000000</trueHeading>
<magneticHeading>0.000000</magneticHeading>
<gpsHeading>339.440674</gpsHeading>
<haccuracy>4.909000</haccuracy>
<vaccuracy>4.909000</vaccuracy>
<internetconnect>2</internetconnect>
</trkpt>
<trkpt lat="35.861232" lon="138.972853">
<ele>1368.333333</ele>
<time>2026-06-06T05:04:57Z</time>
<speed>0.930725</speed>
<trueHeading>0.000000</trueHeading>
<magneticHeading>0.000000</magneticHeading>
<gpsHeading>340.837585</gpsHeading>
<haccuracy>4.363000</haccuracy>
<vaccuracy>4.363000</vaccuracy>
<internetconnect>2</internetconnect>
</trkpt>
<trkpt lat="35.861229" lon="138.972436">
<ele>1376.333333</ele>
<time>2026-06-06T05:05:45Z</time>
<speed>1.066345</speed>
<trueHeading>0.000000</trueHeading>
<magneticHeading>0.000000</magneticHeading>
<gpsHeading>269.423859</gpsHeading>
<haccuracy>4.969000</haccuracy>
<vaccuracy>4.969000</vaccuracy>
<internetconnect>2</internetconnect>
</trkpt>
<trkpt lat="35.861442" lon="138.972200">
<ele>1387.333333</ele>
<time>2026-06-06T05:06:37Z</time>
<speed>1.045216</speed>
<trueHeading>0.000000</trueHeading>
<magneticHeading>0.000000</magneticHeading>
<gpsHeading>318.101929</gpsHeading>
<haccuracy>4.955000</haccuracy>
<vaccuracy>4.955000</vaccuracy>
<internetconnect>2</internetconnect>
</trkpt>
<trkpt lat="35.861744" lon="138.972083">
<ele>1400.333333</ele>
<time>2026-06-06T05:07:43Z</time>
<speed>0.981614</speed>
<trueHeading>0.000000</trueHeading>
<magneticHeading>0.000000</magneticHeading>
<gpsHeading>342.574371</gpsHeading>
<haccuracy>5.383000</haccuracy>
<vaccuracy>5.383000</vaccuracy>
<internetconnect>2</internetconnect>
</trkpt>
<trkpt lat="35.861923" lon="138.971801">
<ele>1413.000000</ele>
<time>2026-06-06T05:08:30Z</time>
<speed>0.973099</speed>
<trueHeading>0.000000</trueHeading>
<magneticHeading>0.000000</magneticHeading>
<gpsHeading>308.028046</gpsHeading>
<haccuracy>7.046000</haccuracy>
<vaccuracy>7.046000</vaccuracy>
<internetconnect>2</internetconnect>
</trkpt>
<trkpt lat="35.862158" lon="138.971582">
<ele>1425.000000</ele>
<time>2026-06-06T05:09:25Z</time>
<speed>0.868234</speed>
<trueHeading>0.000000</trueHeading>
<magneticHeading>0.000000</magneticHeading>
<gpsHeading>323.106171</gpsHeading>
<haccuracy>5.649000</haccuracy>
<vaccuracy>5.649000</vaccuracy>
<internetconnect>2</internetconnect>
</trkpt>
<trkpt lat="35.862424" lon="138.971286">
<ele>1433.333333</ele>
<time>2026-06-06T05:10:14Z</time>
<speed>0.719634</speed>
<trueHeading>0.000000</trueHeading>
<magneticHeading>0.000000</magneticHeading>
<gpsHeading>317.954956</gpsHeading>
<haccuracy>5.805000</haccuracy>
<vaccuracy>5.805000</vaccuracy>
<internetconnect>2</internetconnect>
</trkpt>
<trkpt lat="35.862553" lon="138.970978">
<ele>1442.000000</ele>
<time>2026-06-06T05:11:06Z</time>
<speed>1.041009</speed>
<trueHeading>0.000000</trueHeading>
<magneticHeading>0.000000</magneticHeading>
<gpsHeading>297.281677</gpsHeading>
<haccuracy>4.477000</haccuracy>
<vaccuracy>4.477000</vaccuracy>
<internetconnect>2</internetconnect>
</trkpt>
<trkpt lat="35.862815" lon="138.970804">
<ele>1449.333333</ele>
<time>2026-06-06T05:12:09Z</time>
<speed>1.117075</speed>
<trueHeading>0.000000</trueHeading>
<magneticHeading>0.000000</magneticHeading>
<gpsHeading>331.774078</gpsHeading>
<haccuracy>6.172000</haccuracy>
<vaccuracy>6.172000</vaccuracy>
<internetconnect>2</internetconnect>
</trkpt>
<trkpt lat="35.863073" lon="138.970650">
<ele>1457.333333</ele>
<time>2026-06-06T05:12:58Z</time>
<speed>0.823940</speed>
<trueHeading>0.000000</trueHeading>
<magneticHeading>0.000000</magneticHeading>
<gpsHeading>334.115295</gpsHeading>
<haccuracy>5.748000</haccuracy>
<vaccuracy>5.748000</vaccuracy>
<internetconnect>2</internetconnect>
</trkpt>
<trkpt lat="35.863334" lon="138.970440">
<ele>1466.000000</ele>
<time>2026-06-06T05:13:46Z</time>
<speed>0.597453</speed>
<trueHeading>0.000000</trueHeading>
<magneticHeading>0.000000</magneticHeading>
<gpsHeading>326.880737</gpsHeading>
<haccuracy>5.237000</haccuracy>
<vaccuracy>5.237000</vaccuracy>
<internetconnect>2</internetconnect>
</trkpt>
<trkpt lat="35.863579" lon="138.970088">
<ele>1475.333333</ele>
<time>2026-06-06T05:14:35Z</time>
<speed>0.523105</speed>
<trueHeading>0.000000</trueHeading>
<magneticHeading>0.000000</magneticHeading>
<gpsHeading>310.672577</gpsHeading>
<haccuracy>4.854000</haccuracy>
<vaccuracy>4.854000</vaccuracy>
<internetconnect>2</internetconnect>
</trkpt>
<trkpt lat="35.863867" lon="138.969941">
<ele>1487.666667</ele>
<time>2026-06-06T05:15:23Z</time>
<speed>0.911632</speed>
<trueHeading>0.000000</trueHeading>
<magneticHeading>0.000000</magneticHeading>
<gpsHeading>337.562744</gpsHeading>
<haccuracy>5.727000</haccuracy>
<vaccuracy>5.727000</vaccuracy>
<internetconnect>2</internetconnect>
</trkpt>
<trkpt lat="35.864183" lon="138.969864">
<ele>1498.666667</ele>
<time>2026-06-06T05:16:13Z</time>
<speed>0.352600</speed>
<trueHeading>0.000000</trueHeading>
<magneticHeading>0.000000</magneticHeading>
<gpsHeading>348.734314</gpsHeading>
<haccuracy>4.878000</haccuracy>
<vaccuracy>4.878000</vaccuracy>
<internetconnect>2</internetconnect>
</trkpt>
<trkpt lat="35.864451" lon="138.969994">
<ele>1510.666667</ele>
<time>2026-06-06T05:17:22Z</time>
<speed>0.535256</speed>
<trueHeading>0.000000</trueHeading>
<magneticHeading>0.000000</magneticHeading>
<gpsHeading>21.505178</gpsHeading>
<haccuracy>5.176000</haccuracy>
<vaccuracy>5.176000</vaccuracy>
<internetconnect>2</internetconnect>
</trkpt>
<trkpt lat="35.864797" lon="138.969997">
<ele>1521.666667</ele>
<time>2026-06-06T05:18:12Z</time>
<speed>0.875513</speed>
<trueHeading>0.000000</trueHeading>
<magneticHeading>0.000000</magneticHeading>
<gpsHeading>0.402124</gpsHeading>
<haccuracy>5.071000</haccuracy>
<vaccuracy>5.071000</vaccuracy>
<internetconnect>2</internetconnect>
</trkpt>
<trkpt lat="35.865092" lon="138.969957">
<ele>1530.333333</ele>
<time>2026-06-06T05:19:11Z</time>
<speed>0.793385</speed>
<trueHeading>0.000000</trueHeading>
<magneticHeading>0.000000</magneticHeading>
<gpsHeading>353.740570</gpsHeading>
<haccuracy>3.890000</haccuracy>
<vaccuracy>3.890000</vaccuracy>
<internetconnect>2</internetconnect>
</trkpt>
<trkpt lat="35.865376" lon="138.969954">
<ele>1540.666667</ele>
<time>2026-06-06T05:19:59Z</time>
<speed>0.232367</speed>
<trueHeading>0.000000</trueHeading>
<magneticHeading>0.000000</magneticHeading>
<gpsHeading>359.509705</gpsHeading>
<haccuracy>4.562000</haccuracy>
<vaccuracy>4.562000</vaccuracy>
<internetconnect>2</internetconnect>
</trkpt>
<trkpt lat="35.865380" lon="138.969583">
<ele>1553.000000</ele>
<time>2026-06-06T05:20:53Z</time>
<speed>0.643161</speed>
<trueHeading>0.000000</trueHeading>
<magneticHeading>0.000000</magneticHeading>
<gpsHeading>270.856354</gpsHeading>
<haccuracy>5.213000</haccuracy>
<vaccuracy>5.213000</vaccuracy>
<internetconnect>2</internetconnect>
</trkpt>
<trkpt lat="35.865607" lon="138.969354">
<ele>1568.000000</ele>
<time>2026-06-06T05:22:22Z</time>
<speed>0.876886</speed>
<trueHeading>0.000000</trueHeading>
<magneticHeading>0.000000</magneticHeading>
<gpsHeading>320.806305</gpsHeading>
<haccuracy>5.553000</haccuracy>
<vaccuracy>5.553000</vaccuracy>
<internetconnect>2</internetconnect>
</trkpt>
<trkpt lat="35.865752" lon="138.969019">
<ele>1578.333333</ele>
<time>2026-06-06T05:23:30Z</time>
<speed>0.891016</speed>
<trueHeading>0.000000</trueHeading>
<magneticHeading>0.000000</magneticHeading>
<gpsHeading>298.048340</gpsHeading>
<haccuracy>5.074000</haccuracy>
<vaccuracy>5.074000</vaccuracy>
<internetconnect>2</internetconnect>
</trkpt>
<trkpt lat="35.866011" lon="138.968739">
<ele>1583.666667</ele>
<time>2026-06-06T05:24:19Z</time>
<speed>0.511117</speed>
<trueHeading>0.000000</trueHeading>
<magneticHeading>0.000000</magneticHeading>
<gpsHeading>318.783386</gpsHeading>
<haccuracy>5.563000</haccuracy>
<vaccuracy>5.563000</vaccuracy>
<internetconnect>2</internetconnect>
</trkpt>
<trkpt lat="35.866301" lon="138.968433">
<ele>1587.000000</ele>
<time>2026-06-06T05:25:09Z</time>
<speed>1.037210</speed>
<trueHeading>0.000000</trueHeading>
<magneticHeading>0.000000</magneticHeading>
<gpsHeading>319.465271</gpsHeading>
<haccuracy>5.157000</haccuracy>
<vaccuracy>5.157000</vaccuracy>
<internetconnect>2</internetconnect>
</trkpt>
<trkpt lat="35.866270" lon="138.968178">
<ele>1589.000000</ele>
<time>2026-06-06T05:27:15Z</time>
<speed>0.122374</speed>
<trueHeading>0.000000</trueHeading>
<magneticHeading>0.000000</magneticHeading>
<gpsHeading>261.366730</gpsHeading>
<haccuracy>3.000000</haccuracy>
<vaccuracy>3.000000</vaccuracy>
<internetconnect>2</internetconnect>
</trkpt>
<trkpt lat="35.866421" lon="138.967839">
<ele>1587.666667</ele>
<time>2026-06-06T05:28:02Z</time>
<speed>1.051915</speed>
<trueHeading>0.000000</trueHeading>
<magneticHeading>0.000000</magneticHeading>
<gpsHeading>298.725922</gpsHeading>
<haccuracy>5.510000</haccuracy>
<vaccuracy>5.510000</vaccuracy>
<internetconnect>2</internetconnect>
</trkpt>
<trkpt lat="35.866675" lon="138.967365">
<ele>1588.666667</ele>
<time>2026-06-06T05:28:52Z</time>
<speed>1.118302</speed>
<trueHeading>0.000000</trueHeading>
<magneticHeading>0.000000</magneticHeading>
<gpsHeading>303.543182</gpsHeading>
<haccuracy>5.456000</haccuracy>
<vaccuracy>5.456000</vaccuracy>
<internetconnect>2</internetconnect>
</trkpt>
<trkpt lat="35.866868" lon="138.966880">
<ele>1591.333333</ele>
<time>2026-06-06T05:29:40Z</time>
<speed>1.356881</speed>
<trueHeading>0.000000</trueHeading>
<magneticHeading>0.000000</magneticHeading>
<gpsHeading>296.111023</gpsHeading>
<haccuracy>5.586000</haccuracy>
<vaccuracy>5.586000</vaccuracy>
<internetconnect>2</internetconnect>
</trkpt>
<trkpt lat="35.867118" lon="138.966607">
<ele>1593.000000</ele>
<time>2026-06-06T05:30:28Z</time>
<speed>0.718606</speed>
<trueHeading>0.000000</trueHeading>
<magneticHeading>0.000000</magneticHeading>
<gpsHeading>318.592682</gpsHeading>
<haccuracy>4.854000</haccuracy>
<vaccuracy>4.854000</vaccuracy>
<internetconnect>2</internetconnect>
</trkpt>
<trkpt lat="35.867315" lon="138.966333">
<ele>1598.000000</ele>
<time>2026-06-06T05:31:28Z</time>
<speed>1.027851</speed>
<trueHeading>0.000000</trueHeading>
<magneticHeading>0.000000</magneticHeading>
<gpsHeading>311.577637</gpsHeading>
<haccuracy>3.280000</haccuracy>
<vaccuracy>3.280000</vaccuracy>
<internetconnect>2</internetconnect>
</trkpt>
<trkpt lat="35.867460" lon="138.965821">
<ele>1603.000000</ele>
<time>2026-06-06T05:32:17Z</time>
<speed>1.003513</speed>
<trueHeading>0.000000</trueHeading>
<magneticHeading>0.000000</magneticHeading>
<gpsHeading>289.185730</gpsHeading>
<haccuracy>5.088000</haccuracy>
<vaccuracy>5.088000</vaccuracy>
<internetconnect>2</internetconnect>
</trkpt>
<trkpt lat="35.867763" lon="138.965552">
<ele>1612.666667</ele>
<time>2026-06-06T05:33:05Z</time>
<speed>1.218895</speed>
<trueHeading>0.000000</trueHeading>
<magneticHeading>0.000000</magneticHeading>
<gpsHeading>324.326721</gpsHeading>
<haccuracy>5.627000</haccuracy>
<vaccuracy>5.627000</vaccuracy>
<internetconnect>2</internetconnect>
</trkpt>
<trkpt lat="35.867961" lon="138.965223">
<ele>1616.666667</ele>
<time>2026-06-06T05:33:54Z</time>
<speed>0.635721</speed>
<trueHeading>0.000000</trueHeading>
<magneticHeading>0.000000</magneticHeading>
<gpsHeading>306.610535</gpsHeading>
<haccuracy>5.254000</haccuracy>
<vaccuracy>5.254000</vaccuracy>
<internetconnect>2</internetconnect>
</trkpt>
<trkpt lat="35.868210" lon="138.964734">
<ele>1622.333333</ele>
<time>2026-06-06T05:34:43Z</time>
<speed>1.174324</speed>
<trueHeading>0.000000</trueHeading>
<magneticHeading>0.000000</magneticHeading>
<gpsHeading>302.153961</gpsHeading>
<haccuracy>5.165000</haccuracy>
<vaccuracy>5.165000</vaccuracy>
<internetconnect>2</internetconnect>
</trkpt>
<trkpt lat="35.868270" lon="138.964333">
<ele>1628.333333</ele>
<time>2026-06-06T05:35:31Z</time>
<speed>1.055849</speed>
<trueHeading>0.000000</trueHeading>
<magneticHeading>0.000000</magneticHeading>
<gpsHeading>280.434021</gpsHeading>
<haccuracy>5.560000</haccuracy>
<vaccuracy>5.560000</vaccuracy>
<internetconnect>2</internetconnect>
</trkpt>
<trkpt lat="35.868505" lon="138.963790">
<ele>1634.666667</ele>
<time>2026-06-06T05:36:20Z</time>
<speed>0.998398</speed>
<trueHeading>0.000000</trueHeading>
<magneticHeading>0.000000</magneticHeading>
<gpsHeading>298.120941</gpsHeading>
<haccuracy>5.782000</haccuracy>
<vaccuracy>5.782000</vaccuracy>
<internetconnect>2</internetconnect>
</trkpt>
<trkpt lat="35.868812" lon="138.963646">
<ele>1642.000000</ele>
<time>2026-06-06T05:37:07Z</time>
<speed>1.079747</speed>
<trueHeading>0.000000</trueHeading>
<magneticHeading>0.000000</magneticHeading>
<gpsHeading>339.170166</gpsHeading>
<haccuracy>5.182000</haccuracy>
<vaccuracy>5.182000</vaccuracy>
<internetconnect>2</internetconnect>
</trkpt>
<trkpt lat="35.869036" lon="138.963390">
<ele>1648.000000</ele>
<time>2026-06-06T05:37:57Z</time>
<speed>0.656746</speed>
<trueHeading>0.000000</trueHeading>
<magneticHeading>0.000000</magneticHeading>
<gpsHeading>317.213959</gpsHeading>
<haccuracy>4.658000</haccuracy>
<vaccuracy>4.658000</vaccuracy>
<internetconnect>2</internetconnect>
</trkpt>
<trkpt lat="35.869296" lon="138.963209">
<ele>1654.666667</ele>
<time>2026-06-06T05:38:45Z</time>
<speed>1.166358</speed>
<trueHeading>0.000000</trueHeading>
<magneticHeading>0.000000</magneticHeading>
<gpsHeading>330.519897</gpsHeading>
<haccuracy>4.155000</haccuracy>
<vaccuracy>4.155000</vaccuracy>
<internetconnect>2</internetconnect>
</trkpt>
<trkpt lat="35.869335" lon="138.962630">
<ele>1661.333333</ele>
<time>2026-06-06T05:39:33Z</time>
<speed>1.090321</speed>
<trueHeading>0.000000</trueHeading>
<magneticHeading>0.000000</magneticHeading>
<gpsHeading>274.851074</gpsHeading>
<haccuracy>5.195000</haccuracy>
<vaccuracy>5.195000</vaccuracy>
<internetconnect>2</internetconnect>
</trkpt>
<trkpt lat="35.869471" lon="138.962263">
<ele>1671.333333</ele>
<time>2026-06-06T05:40:56Z</time>
<speed>0.881009</speed>
<trueHeading>0.000000</trueHeading>
<magneticHeading>0.000000</magneticHeading>
<gpsHeading>294.421692</gpsHeading>
<haccuracy>5.886000</haccuracy>
<vaccuracy>5.886000</vaccuracy>
<internetconnect>2</internetconnect>
</trkpt>
<trkpt lat="35.869594" lon="138.961947">
<ele>1682.000000</ele>
<time>2026-06-06T05:42:05Z</time>
<speed>0.369595</speed>
<trueHeading>0.000000</trueHeading>
<magneticHeading>0.000000</magneticHeading>
<gpsHeading>295.858795</gpsHeading>
<haccuracy>4.629000</haccuracy>
<vaccuracy>4.629000</vaccuracy>
<internetconnect>2</internetconnect>
</trkpt>
<trkpt lat="35.869788" lon="138.961676">
<ele>1690.666667</ele>
<time>2026-06-06T05:43:02Z</time>
<speed>0.945870</speed>
<trueHeading>0.000000</trueHeading>
<magneticHeading>0.000000</magneticHeading>
<gpsHeading>311.413483</gpsHeading>
<haccuracy>4.621000</haccuracy>
<vaccuracy>4.621000</vaccuracy>
<internetconnect>2</internetconnect>
</trkpt>
<trkpt lat="35.869913" lon="138.961368">
<ele>1698.000000</ele>
<time>2026-06-06T05:43:53Z</time>
<speed>0.907757</speed>
<trueHeading>0.000000</trueHeading>
<magneticHeading>0.000000</magneticHeading>
<gpsHeading>296.539917</gpsHeading>
<haccuracy>5.115000</haccuracy>
<vaccuracy>5.115000</vaccuracy>
<internetconnect>2</internetconnect>
</trkpt>
<trkpt lat="35.869929" lon="138.960962">
<ele>1704.333333</ele>
<time>2026-06-06T05:44:40Z</time>
<speed>1.315536</speed>
<trueHeading>0.000000</trueHeading>
<magneticHeading>0.000000</magneticHeading>
<gpsHeading>272.718719</gpsHeading>
<haccuracy>7.183000</haccuracy>
<vaccuracy>7.183000</vaccuracy>
<internetconnect>2</internetconnect>
</trkpt>
<trkpt lat="35.870060" lon="138.960586">
<ele>1711.000000</ele>
<time>2026-06-06T05:45:28Z</time>
<speed>0.721755</speed>
<trueHeading>0.000000</trueHeading>
<magneticHeading>0.000000</magneticHeading>
<gpsHeading>293.354584</gpsHeading>
<haccuracy>4.738000</haccuracy>
<vaccuracy>4.738000</vaccuracy>
<internetconnect>2</internetconnect>
</trkpt>
<trkpt lat="35.870230" lon="138.960063">
<ele>1718.000000</ele>
<time>2026-06-06T05:46:18Z</time>
<speed>1.150448</speed>
<trueHeading>0.000000</trueHeading>
<magneticHeading>0.000000</magneticHeading>
<gpsHeading>291.834106</gpsHeading>
<haccuracy>6.413000</haccuracy>
<vaccuracy>6.413000</vaccuracy>
<internetconnect>2</internetconnect>
</trkpt>
<trkpt lat="35.870291" lon="138.959674">
<ele>1724.000000</ele>
<time>2026-06-06T05:47:07Z</time>
<speed>0.108267</speed>
<trueHeading>0.000000</trueHeading>
<magneticHeading>0.000000</magneticHeading>
<gpsHeading>280.911591</gpsHeading>
<haccuracy>4.384000</haccuracy>
<vaccuracy>4.384000</vaccuracy>
<internetconnect>2</internetconnect>
</trkpt>
<trkpt lat="35.870480" lon="138.959286">
<ele>1726.666667</ele>
<time>2026-06-06T05:47:56Z</time>
<speed>1.038031</speed>
<trueHeading>0.000000</trueHeading>
<magneticHeading>0.000000</magneticHeading>
<gpsHeading>300.989532</gpsHeading>
<haccuracy>5.796000</haccuracy>
<vaccuracy>5.796000</vaccuracy>
<internetconnect>2</internetconnect>
</trkpt>
<trkpt lat="35.870248" lon="138.959595">
<ele>1723.666667</ele>
<time>2026-06-06T05:49:59Z</time>
<speed>1.394561</speed>
<trueHeading>0.000000</trueHeading>
<magneticHeading>0.000000</magneticHeading>
<gpsHeading>132.791412</gpsHeading>
<haccuracy>3.404000</haccuracy>
<vaccuracy>3.404000</vaccuracy>
<internetconnect>2</internetconnect>
</trkpt>
<trkpt lat="35.870139" lon="138.960228">
<ele>1716.333333</ele>
<time>2026-06-06T05:50:47Z</time>
<speed>1.398304</speed>
<trueHeading>0.000000</trueHeading>
<magneticHeading>0.000000</magneticHeading>
<gpsHeading>101.971664</gpsHeading>
<haccuracy>5.163000</haccuracy>
<vaccuracy>5.163000</vaccuracy>
<internetconnect>2</internetconnect>
</trkpt>
<trkpt lat="35.870014" lon="138.960758">
<ele>1708.000000</ele>
<time>2026-06-06T05:51:36Z</time>
<speed>1.121984</speed>
<trueHeading>0.000000</trueHeading>
<magneticHeading>0.000000</magneticHeading>
<gpsHeading>106.252060</gpsHeading>
<haccuracy>5.788000</haccuracy>
<vaccuracy>5.788000</vaccuracy>
<internetconnect>2</internetconnect>
</trkpt>
<trkpt lat="35.869855" lon="138.961340">
<ele>1698.666667</ele>
<time>2026-06-06T05:52:25Z</time>
<speed>1.380643</speed>
<trueHeading>0.000000</trueHeading>
<magneticHeading>0.000000</magneticHeading>
<gpsHeading>108.654556</gpsHeading>
<haccuracy>5.691000</haccuracy>
<vaccuracy>5.691000</vaccuracy>
<internetconnect>2</internetconnect>
</trkpt>
<trkpt lat="35.869602" lon="138.961824">
<ele>1688.333333</ele>
<time>2026-06-06T05:53:14Z</time>
<speed>1.132786</speed>
<trueHeading>0.000000</trueHeading>
<magneticHeading>0.000000</magneticHeading>
<gpsHeading>122.767105</gpsHeading>
<haccuracy>6.513000</haccuracy>
<vaccuracy>6.513000</vaccuracy>
<internetconnect>2</internetconnect>
</trkpt>
<trkpt lat="35.869526" lon="138.962163">
<ele>1676.000000</ele>
<time>2026-06-06T05:54:13Z</time>
<speed>0.403114</speed>
<trueHeading>0.000000</trueHeading>
<magneticHeading>0.000000</magneticHeading>
<gpsHeading>105.475090</gpsHeading>
<haccuracy>4.633000</haccuracy>
<vaccuracy>4.633000</vaccuracy>
<internetconnect>2</internetconnect>
</trkpt>
<trkpt lat="35.869276" lon="138.962446">
<ele>1665.666667</ele>
<time>2026-06-06T05:55:01Z</time>
<speed>1.280104</speed>
<trueHeading>0.000000</trueHeading>
<magneticHeading>0.000000</magneticHeading>
<gpsHeading>137.494644</gpsHeading>
<haccuracy>5.983000</haccuracy>
<vaccuracy>5.983000</vaccuracy>
<internetconnect>2</internetconnect>
</trkpt>
<trkpt lat="35.869386" lon="138.962792">
<ele>1657.333333</ele>
<time>2026-06-06T05:56:14Z</time>
<speed>1.277788</speed>
<trueHeading>0.000000</trueHeading>
<magneticHeading>0.000000</magneticHeading>
<gpsHeading>68.445129</gpsHeading>
<haccuracy>5.449000</haccuracy>
<vaccuracy>5.449000</vaccuracy>
<internetconnect>2</internetconnect>
</trkpt>
<trkpt lat="35.869296" lon="138.963247">
<ele>1653.000000</ele>
<time>2026-06-06T05:57:03Z</time>
<speed>0.974457</speed>
<trueHeading>0.000000</trueHeading>
<magneticHeading>0.000000</magneticHeading>
<gpsHeading>103.670593</gpsHeading>
<haccuracy>5.219000</haccuracy>
<vaccuracy>5.219000</vaccuracy>
<internetconnect>2</internetconnect>
</trkpt>
<trkpt lat="35.869009" lon="138.963366">
<ele>1647.333333</ele>
<time>2026-06-06T05:57:53Z</time>
<speed>1.019692</speed>
<trueHeading>0.000000</trueHeading>
<magneticHeading>0.000000</magneticHeading>
<gpsHeading>161.474686</gpsHeading>
<haccuracy>6.619000</haccuracy>
<vaccuracy>6.619000</vaccuracy>
<internetconnect>2</internetconnect>
</trkpt>
<trkpt lat="35.868772" lon="138.963567">
<ele>1642.333333</ele>
<time>2026-06-06T05:59:12Z</time>
<speed>0.665381</speed>
<trueHeading>0.000000</trueHeading>
<magneticHeading>0.000000</magneticHeading>
<gpsHeading>145.572220</gpsHeading>
<haccuracy>3.033000</haccuracy>
<vaccuracy>3.033000</vaccuracy>
<internetconnect>2</internetconnect>
</trkpt>
<trkpt lat="35.868425" lon="138.963670">
<ele>1636.000000</ele>
<time>2026-06-06T06:00:00Z</time>
<speed>1.436677</speed>
<trueHeading>0.000000</trueHeading>
<magneticHeading>0.000000</magneticHeading>
<gpsHeading>166.480164</gpsHeading>
<haccuracy>4.276000</haccuracy>
<vaccuracy>4.276000</vaccuracy>
<internetconnect>2</internetconnect>
</trkpt>
<trkpt lat="35.868278" lon="138.964146">
<ele>1632.000000</ele>
<time>2026-06-06T06:00:48Z</time>
<speed>1.112188</speed>
<trueHeading>0.000000</trueHeading>
<magneticHeading>0.000000</magneticHeading>
<gpsHeading>110.842384</gpsHeading>
<haccuracy>3.134000</haccuracy>
<vaccuracy>3.134000</vaccuracy>
<internetconnect>2</internetconnect>
</trkpt>
<trkpt lat="35.868061" lon="138.964614">
<ele>1629.000000</ele>
<time>2026-06-06T06:01:37Z</time>
<speed>1.026362</speed>
<trueHeading>0.000000</trueHeading>
<magneticHeading>0.000000</magneticHeading>
<gpsHeading>119.745880</gpsHeading>
<haccuracy>4.201000</haccuracy>
<vaccuracy>4.201000</vaccuracy>
<internetconnect>2</internetconnect>
</trkpt>
<trkpt lat="35.867780" lon="138.965132">
<ele>1625.000000</ele>
<time>2026-06-06T06:02:25Z</time>
<speed>1.408514</speed>
<trueHeading>0.000000</trueHeading>
<magneticHeading>0.000000</magneticHeading>
<gpsHeading>123.865570</gpsHeading>
<haccuracy>6.027000</haccuracy>
<vaccuracy>6.027000</vaccuracy>
<internetconnect>2</internetconnect>
</trkpt>
<trkpt lat="35.867426" lon="138.965557">
<ele>1617.666667</ele>
<time>2026-06-06T06:03:13Z</time>
<speed>1.539675</speed>
<trueHeading>0.000000</trueHeading>
<magneticHeading>0.000000</magneticHeading>
<gpsHeading>135.757156</gpsHeading>
<haccuracy>6.235000</haccuracy>
<vaccuracy>6.235000</vaccuracy>
<internetconnect>2</internetconnect>
</trkpt>
<trkpt lat="35.867172" lon="138.966131">
<ele>1608.666667</ele>
<time>2026-06-06T06:04:02Z</time>
<speed>1.131922</speed>
<trueHeading>0.000000</trueHeading>
<magneticHeading>0.000000</magneticHeading>
<gpsHeading>118.616821</gpsHeading>
<haccuracy>5.628000</haccuracy>
<vaccuracy>5.628000</vaccuracy>
<internetconnect>2</internetconnect>
</trkpt>
<trkpt lat="35.866993" lon="138.966673">
<ele>1597.666667</ele>
<time>2026-06-06T06:04:49Z</time>
<speed>1.389146</speed>
<trueHeading>0.000000</trueHeading>
<magneticHeading>0.000000</magneticHeading>
<gpsHeading>112.139458</gpsHeading>
<haccuracy>5.194000</haccuracy>
<vaccuracy>5.194000</vaccuracy>
<internetconnect>2</internetconnect>
</trkpt>
<trkpt lat="35.866753" lon="138.967079">
<ele>1590.333333</ele>
<time>2026-06-06T06:05:37Z</time>
<speed>1.397086</speed>
<trueHeading>0.000000</trueHeading>
<magneticHeading>0.000000</magneticHeading>
<gpsHeading>126.124443</gpsHeading>
<haccuracy>6.126000</haccuracy>
<vaccuracy>6.126000</vaccuracy>
<internetconnect>2</internetconnect>
</trkpt>
<trkpt lat="35.866638" lon="138.967617">
<ele>1588.000000</ele>
<time>2026-06-06T06:06:25Z</time>
<speed>1.269151</speed>
<trueHeading>0.000000</trueHeading>
<magneticHeading>0.000000</magneticHeading>
<gpsHeading>104.786018</gpsHeading>
<haccuracy>5.350000</haccuracy>
<vaccuracy>5.350000</vaccuracy>
<internetconnect>2</internetconnect>
</trkpt>
<trkpt lat="35.866296" lon="138.968057">
<ele>1587.000000</ele>
<time>2026-06-06T06:07:12Z</time>
<speed>1.472333</speed>
<trueHeading>0.000000</trueHeading>
<magneticHeading>0.000000</magneticHeading>
<gpsHeading>133.886093</gpsHeading>
<haccuracy>5.546000</haccuracy>
<vaccuracy>5.546000</vaccuracy>
<internetconnect>2</internetconnect>
</trkpt>
<trkpt lat="35.866129" lon="138.968668">
<ele>1585.333333</ele>
<time>2026-06-06T06:08:00Z</time>
<speed>1.428105</speed>
<trueHeading>0.000000</trueHeading>
<magneticHeading>0.000000</magneticHeading>
<gpsHeading>108.550095</gpsHeading>
<haccuracy>5.075000</haccuracy>
<vaccuracy>5.075000</vaccuracy>
<internetconnect>2</internetconnect>
</trkpt>
<trkpt lat="35.865728" lon="138.969117">
<ele>1574.000000</ele>
<time>2026-06-06T06:08:47Z</time>
<speed>1.500725</speed>
<trueHeading>0.000000</trueHeading>
<magneticHeading>0.000000</magneticHeading>
<gpsHeading>137.860321</gpsHeading>
<haccuracy>6.002000</haccuracy>
<vaccuracy>6.002000</vaccuracy>
<internetconnect>2</internetconnect>
</trkpt>
<trkpt lat="35.865701" lon="138.969515">
<ele>1560.666667</ele>
<time>2026-06-06T06:09:39Z</time>
<speed>1.504271</speed>
<trueHeading>0.000000</trueHeading>
<magneticHeading>0.000000</magneticHeading>
<gpsHeading>94.728691</gpsHeading>
<haccuracy>4.375000</haccuracy>
<vaccuracy>4.375000</vaccuracy>
<internetconnect>2</internetconnect>
</trkpt>
<trkpt lat="35.865375" lon="138.969786">
<ele>1544.000000</ele>
<time>2026-06-06T06:10:26Z</time>
<speed>1.453426</speed>
<trueHeading>0.000000</trueHeading>
<magneticHeading>0.000000</magneticHeading>
<gpsHeading>146.085129</gpsHeading>
<haccuracy>6.198000</haccuracy>
<vaccuracy>6.198000</vaccuracy>
<internetconnect>2</internetconnect>
</trkpt>
<trkpt lat="35.865044" lon="138.970073">
<ele>1529.666667</ele>
<time>2026-06-06T06:11:13Z</time>
<speed>1.550460</speed>
<trueHeading>0.000000</trueHeading>
<magneticHeading>0.000000</magneticHeading>
<gpsHeading>144.847092</gpsHeading>
<haccuracy>4.848000</haccuracy>
<vaccuracy>4.848000</vaccuracy>
<internetconnect>2</internetconnect>
</trkpt>
<trkpt lat="35.864646" lon="138.970019">
<ele>1515.000000</ele>
<time>2026-06-06T06:12:01Z</time>
<speed>1.435081</speed>
<trueHeading>0.000000</trueHeading>
<magneticHeading>0.000000</magneticHeading>
<gpsHeading>186.321289</gpsHeading>
<haccuracy>4.989000</haccuracy>
<vaccuracy>4.989000</vaccuracy>
<internetconnect>2</internetconnect>
</trkpt>
<trkpt lat="35.864157" lon="138.969886">
<ele>1499.333333</ele>
<time>2026-06-06T06:12:48Z</time>
<speed>1.481524</speed>
<trueHeading>0.000000</trueHeading>
<magneticHeading>0.000000</magneticHeading>
<gpsHeading>192.356033</gpsHeading>
<haccuracy>5.141000</haccuracy>
<vaccuracy>5.141000</vaccuracy>
<internetconnect>2</internetconnect>
</trkpt>
<trkpt lat="35.863765" lon="138.969916">
<ele>1485.000000</ele>
<time>2026-06-06T06:13:36Z</time>
<speed>1.459610</speed>
<trueHeading>0.000000</trueHeading>
<magneticHeading>0.000000</magneticHeading>
<gpsHeading>176.546280</gpsHeading>
<haccuracy>4.667000</haccuracy>
<vaccuracy>4.667000</vaccuracy>
<internetconnect>2</internetconnect>
</trkpt>
<trkpt lat="35.863402" lon="138.970112">
<ele>1472.000000</ele>
<time>2026-06-06T06:14:24Z</time>
<speed>1.404298</speed>
<trueHeading>0.000000</trueHeading>
<magneticHeading>0.000000</magneticHeading>
<gpsHeading>156.313171</gpsHeading>
<haccuracy>5.531000</haccuracy>
<vaccuracy>5.531000</vaccuracy>
<internetconnect>2</internetconnect>
</trkpt>
<trkpt lat="35.863150" lon="138.970532">
<ele>1461.666667</ele>
<time>2026-06-06T06:15:14Z</time>
<speed>1.104334</speed>
<trueHeading>0.000000</trueHeading>
<magneticHeading>0.000000</magneticHeading>
<gpsHeading>126.458122</gpsHeading>
<haccuracy>5.734000</haccuracy>
<vaccuracy>5.734000</vaccuracy>
<internetconnect>2</internetconnect>
</trkpt>
<trkpt lat="35.862769" lon="138.970817">
<ele>1450.333333</ele>
<time>2026-06-06T06:16:02Z</time>
<speed>1.389243</speed>
<trueHeading>0.000000</trueHeading>
<magneticHeading>0.000000</magneticHeading>
<gpsHeading>148.785919</gpsHeading>
<haccuracy>6.229000</haccuracy>
<vaccuracy>6.229000</vaccuracy>
<internetconnect>2</internetconnect>
</trkpt>
<trkpt lat="35.862626" lon="138.971194">
<ele>1440.666667</ele>
<time>2026-06-06T06:17:22Z</time>
<speed>1.485569</speed>
<trueHeading>0.000000</trueHeading>
<magneticHeading>0.000000</magneticHeading>
<gpsHeading>115.004501</gpsHeading>
<haccuracy>3.499000</haccuracy>
<vaccuracy>3.499000</vaccuracy>
<internetconnect>2</internetconnect>
</trkpt>
<trkpt lat="35.862374" lon="138.971387">
<ele>1430.666667</ele>
<time>2026-06-06T06:18:10Z</time>
<speed>0.133461</speed>
<trueHeading>0.000000</trueHeading>
<magneticHeading>0.000000</magneticHeading>
<gpsHeading>148.243271</gpsHeading>
<haccuracy>3.011000</haccuracy>
<vaccuracy>3.011000</vaccuracy>
<internetconnect>2</internetconnect>
</trkpt>
<trkpt lat="35.861988" lon="138.971539">
<ele>1418.666667</ele>
<time>2026-06-06T06:18:58Z</time>
<speed>1.150957</speed>
<trueHeading>0.000000</trueHeading>
<magneticHeading>0.000000</magneticHeading>
<gpsHeading>162.293808</gpsHeading>
<haccuracy>3.033000</haccuracy>
<vaccuracy>3.033000</vaccuracy>
<internetconnect>2</internetconnect>
</trkpt>
<trkpt lat="35.861725" lon="138.972023">
<ele>1403.333333</ele>
<time>2026-06-06T06:19:48Z</time>
<speed>1.255244</speed>
<trueHeading>0.000000</trueHeading>
<magneticHeading>0.000000</magneticHeading>
<gpsHeading>123.852509</gpsHeading>
<haccuracy>4.639000</haccuracy>
<vaccuracy>4.639000</vaccuracy>
<internetconnect>2</internetconnect>
</trkpt>
<trkpt lat="35.861522" lon="138.972323">
<ele>1388.000000</ele>
<time>2026-06-06T06:20:36Z</time>
<speed>1.064430</speed>
<trueHeading>0.000000</trueHeading>
<magneticHeading>0.000000</magneticHeading>
<gpsHeading>129.804749</gpsHeading>
<haccuracy>4.387000</haccuracy>
<vaccuracy>4.387000</vaccuracy>
<internetconnect>2</internetconnect>
</trkpt>
<trkpt lat="35.861183" lon="138.972455">
<ele>1374.666667</ele>
<time>2026-06-06T06:21:23Z</time>
<speed>1.107157</speed>
<trueHeading>0.000000</trueHeading>
<magneticHeading>0.000000</magneticHeading>
<gpsHeading>162.403671</gpsHeading>
<haccuracy>5.558000</haccuracy>
<vaccuracy>5.558000</vaccuracy>
<internetconnect>2</internetconnect>
</trkpt>
<trkpt lat="35.860988" lon="138.972936">
<ele>1362.333333</ele>
<time>2026-06-06T06:22:12Z</time>
<speed>0.994322</speed>
<trueHeading>0.000000</trueHeading>
<magneticHeading>0.000000</magneticHeading>
<gpsHeading>116.599396</gpsHeading>
<haccuracy>3.007000</haccuracy>
<vaccuracy>3.007000</vaccuracy>
<internetconnect>2</internetconnect>
</trkpt>
<trkpt lat="35.860563" lon="138.973158">
<ele>1348.333333</ele>
<time>2026-06-06T06:22:58Z</time>
<speed>1.508270</speed>
<trueHeading>0.000000</trueHeading>
<magneticHeading>0.000000</magneticHeading>
<gpsHeading>157.093109</gpsHeading>
<haccuracy>3.151000</haccuracy>
<vaccuracy>3.151000</vaccuracy>
<internetconnect>2</internetconnect>
</trkpt>
<trkpt lat="35.860244" lon="138.973653">
<ele>1335.000000</ele>
<time>2026-06-06T06:23:46Z</time>
<speed>1.287305</speed>
<trueHeading>0.000000</trueHeading>
<magneticHeading>0.000000</magneticHeading>
<gpsHeading>128.480057</gpsHeading>
<haccuracy>3.842000</haccuracy>
<vaccuracy>3.842000</vaccuracy>
<internetconnect>2</internetconnect>
</trkpt>
<trkpt lat="35.860002" lon="138.974012">
<ele>1322.000000</ele>
<time>2026-06-06T06:24:34Z</time>
<speed>1.280091</speed>
<trueHeading>0.000000</trueHeading>
<magneticHeading>0.000000</magneticHeading>
<gpsHeading>129.674377</gpsHeading>
<haccuracy>5.249000</haccuracy>
<vaccuracy>5.249000</vaccuracy>
<internetconnect>2</internetconnect>
</trkpt>
<trkpt lat="35.859589" lon="138.974327">
<ele>1310.666667</ele>
<time>2026-06-06T06:25:23Z</time>
<speed>1.443252</speed>
<trueHeading>0.000000</trueHeading>
<magneticHeading>0.000000</magneticHeading>
<gpsHeading>148.304398</gpsHeading>
<haccuracy>6.469000</haccuracy>
<vaccuracy>6.469000</vaccuracy>
<internetconnect>2</internetconnect>
</trkpt>
<trkpt lat="35.859234" lon="138.974300">
<ele>1300.333333</ele>
<time>2026-06-06T06:26:12Z</time>
<speed>0.528381</speed>
<trueHeading>0.000000</trueHeading>
<magneticHeading>0.000000</magneticHeading>
<gpsHeading>183.434113</gpsHeading>
<haccuracy>4.064000</haccuracy>
<vaccuracy>4.064000</vaccuracy>
<internetconnect>2</internetconnect>
</trkpt>
<trkpt lat="35.858792" lon="138.974565">
<ele>1292.000000</ele>
<time>2026-06-06T06:26:58Z</time>
<speed>1.529803</speed>
<trueHeading>0.000000</trueHeading>
<magneticHeading>0.000000</magneticHeading>
<gpsHeading>154.147369</gpsHeading>
<haccuracy>6.346000</haccuracy>
<vaccuracy>6.346000</vaccuracy>
<internetconnect>2</internetconnect>
</trkpt>
<trkpt lat="35.858297" lon="138.974714">
<ele>1286.000000</ele>
<time>2026-06-06T06:27:45Z</time>
<speed>1.423750</speed>
<trueHeading>0.000000</trueHeading>
<magneticHeading>0.000000</magneticHeading>
<gpsHeading>166.275940</gpsHeading>
<haccuracy>5.665000</haccuracy>
<vaccuracy>5.665000</vaccuracy>
<internetconnect>2</internetconnect>
</trkpt>
<trkpt lat="35.857808" lon="138.974802">
<ele>1280.666667</ele>
<time>2026-06-06T06:28:32Z</time>
<speed>1.547157</speed>
<trueHeading>0.000000</trueHeading>
<magneticHeading>0.000000</magneticHeading>
<gpsHeading>171.709457</gpsHeading>
<haccuracy>5.471000</haccuracy>
<vaccuracy>5.471000</vaccuracy>
<internetconnect>2</internetconnect>
</trkpt>
<trkpt lat="35.857609" lon="138.975096">
<ele>1274.000000</ele>
<time>2026-06-06T06:29:22Z</time>
<speed>1.216029</speed>
<trueHeading>0.000000</trueHeading>
<magneticHeading>0.000000</magneticHeading>
<gpsHeading>129.890839</gpsHeading>
<haccuracy>5.840000</haccuracy>
<vaccuracy>5.840000</vaccuracy>
<internetconnect>2</internetconnect>
</trkpt>
<trkpt lat="35.857355" lon="138.975386">
<ele>1258.666667</ele>
<time>2026-06-06T06:30:11Z</time>
<speed>1.148311</speed>
<trueHeading>0.000000</trueHeading>
<magneticHeading>0.000000</magneticHeading>
<gpsHeading>137.136063</gpsHeading>
<haccuracy>5.662000</haccuracy>
<vaccuracy>5.662000</vaccuracy>
<internetconnect>2</internetconnect>
</trkpt>
<trkpt lat="35.857061" lon="138.975930">
<ele>1241.666667</ele>
<time>2026-06-06T06:30:59Z</time>
<speed>1.635902</speed>
<trueHeading>0.000000</trueHeading>
<magneticHeading>0.000000</magneticHeading>
<gpsHeading>123.701614</gpsHeading>
<haccuracy>4.734000</haccuracy>
<vaccuracy>4.734000</vaccuracy>
<internetconnect>2</internetconnect>
</trkpt>
<trkpt lat="35.857046" lon="138.976285">
<ele>1223.000000</ele>
<time>2026-06-06T06:31:58Z</time>
<speed>1.427680</speed>
<trueHeading>0.000000</trueHeading>
<magneticHeading>0.000000</magneticHeading>
<gpsHeading>93.083641</gpsHeading>
<haccuracy>5.203000</haccuracy>
<vaccuracy>5.203000</vaccuracy>
<internetconnect>2</internetconnect>
</trkpt>
<trkpt lat="35.856794" lon="138.976536">
<ele>1211.666667</ele>
<time>2026-06-06T06:32:49Z</time>
<speed>1.580135</speed>
<trueHeading>0.000000</trueHeading>
<magneticHeading>0.000000</magneticHeading>
<gpsHeading>141.042740</gpsHeading>
<haccuracy>5.015000</haccuracy>
<vaccuracy>5.015000</vaccuracy>
<internetconnect>2</internetconnect>
</trkpt>
<trkpt lat="35.856746" lon="138.976947">
<ele>1196.000000</ele>
<time>2026-06-06T06:33:36Z</time>
<speed>1.234170</speed>
<trueHeading>0.000000</trueHeading>
<magneticHeading>0.000000</magneticHeading>
<gpsHeading>98.173851</gpsHeading>
<haccuracy>5.544000</haccuracy>
<vaccuracy>5.544000</vaccuracy>
<internetconnect>2</internetconnect>
</trkpt>
<trkpt lat="35.856383" lon="138.977339">
<ele>1181.666667</ele>
<time>2026-06-06T06:34:24Z</time>
<speed>1.469259</speed>
<trueHeading>0.000000</trueHeading>
<magneticHeading>0.000000</magneticHeading>
<gpsHeading>138.815414</gpsHeading>
<haccuracy>5.982000</haccuracy>
<vaccuracy>5.982000</vaccuracy>
<internetconnect>2</internetconnect>
</trkpt>
<trkpt lat="35.856050" lon="138.977436">
<ele>1168.000000</ele>
<time>2026-06-06T06:35:12Z</time>
<speed>1.531837</speed>
<trueHeading>0.000000</trueHeading>
<magneticHeading>0.000000</magneticHeading>
<gpsHeading>166.723557</gpsHeading>
<haccuracy>6.754000</haccuracy>
<vaccuracy>6.754000</vaccuracy>
<internetconnect>2</internetconnect>
</trkpt>
<trkpt lat="35.855686" lon="138.977566">
<ele>1160.333333</ele>
<time>2026-06-06T06:35:59Z</time>
<speed>1.402736</speed>
<trueHeading>0.000000</trueHeading>
<magneticHeading>0.000000</magneticHeading>
<gpsHeading>163.845367</gpsHeading>
<haccuracy>5.456000</haccuracy>
<vaccuracy>5.456000</vaccuracy>
<internetconnect>2</internetconnect>
</trkpt>
<trkpt lat="35.855223" lon="138.977655">
<ele>1155.000000</ele>
<time>2026-06-06T06:36:48Z</time>
<speed>1.342681</speed>
<trueHeading>0.000000</trueHeading>
<magneticHeading>0.000000</magneticHeading>
<gpsHeading>171.093475</gpsHeading>
<haccuracy>5.869000</haccuracy>
<vaccuracy>5.869000</vaccuracy>
<internetconnect>2</internetconnect>
</trkpt>
<trkpt lat="35.854773" lon="138.977712">
<ele>1144.666667</ele>
<time>2026-06-06T06:37:35Z</time>
<speed>1.568888</speed>
<trueHeading>0.000000</trueHeading>
<magneticHeading>0.000000</magneticHeading>
<gpsHeading>174.182999</gpsHeading>
<haccuracy>4.560000</haccuracy>
<vaccuracy>4.560000</vaccuracy>
<internetconnect>2</internetconnect>
</trkpt>
<trkpt lat="35.854393" lon="138.978090">
<ele>1137.000000</ele>
<time>2026-06-06T06:38:22Z</time>
<speed>1.630464</speed>
<trueHeading>0.000000</trueHeading>
<magneticHeading>0.000000</magneticHeading>
<gpsHeading>141.130157</gpsHeading>
<haccuracy>5.060000</haccuracy>
<vaccuracy>5.060000</vaccuracy>
<internetconnect>2</internetconnect>
</trkpt>
<trkpt lat="35.854679" lon="138.978001">
<ele>1123.666667</ele>
<time>2026-06-06T06:39:44Z</time>
<speed>1.539449</speed>
<trueHeading>0.000000</trueHeading>
<magneticHeading>0.000000</magneticHeading>
<gpsHeading>345.920441</gpsHeading>
<haccuracy>3.704000</haccuracy>
<vaccuracy>3.704000</vaccuracy>
<internetconnect>2</internetconnect>
</trkpt>
<trkpt lat="35.855152" lon="138.978362">
<ele>1110.333333</ele>
<time>2026-06-06T06:40:31Z</time>
<speed>1.614519</speed>
<trueHeading>0.000000</trueHeading>
<magneticHeading>0.000000</magneticHeading>
<gpsHeading>31.699793</gpsHeading>
<haccuracy>6.576000</haccuracy>
<vaccuracy>6.576000</vaccuracy>
<internetconnect>2</internetconnect>
</trkpt>
<trkpt lat="35.854890" lon="138.978546">
<ele>1085.333333</ele>
<time>2026-06-06T06:41:42Z</time>
<speed>1.504079</speed>
<trueHeading>0.000000</trueHeading>
<magneticHeading>0.000000</magneticHeading>
<gpsHeading>150.225311</gpsHeading>
<haccuracy>7.691000</haccuracy>
<vaccuracy>7.691000</vaccuracy>
<internetconnect>2</internetconnect>
</trkpt>
<trkpt lat="35.855147" lon="138.979041">
<ele>1062.666667</ele>
<time>2026-06-06T06:42:32Z</time>
<speed>1.672940</speed>
<trueHeading>0.000000</trueHeading>
<magneticHeading>0.000000</magneticHeading>
<gpsHeading>57.285492</gpsHeading>
<haccuracy>6.189000</haccuracy>
<vaccuracy>6.189000</vaccuracy>
<internetconnect>2</internetconnect>
</trkpt>
<trkpt lat="35.854721" lon="138.979049">
<ele>1046.000000</ele>
<time>2026-06-06T06:43:19Z</time>
<speed>1.568753</speed>
<trueHeading>0.000000</trueHeading>
<magneticHeading>0.000000</magneticHeading>
<gpsHeading>179.150772</gpsHeading>
<haccuracy>5.154000</haccuracy>
<vaccuracy>5.154000</vaccuracy>
<internetconnect>2</internetconnect>
</trkpt>
<trkpt lat="35.854761" lon="138.979473">
<ele>1040.000000</ele>
<time>2026-06-06T06:44:14Z</time>
<speed>0.118632</speed>
<trueHeading>0.000000</trueHeading>
<magneticHeading>0.000000</magneticHeading>
<gpsHeading>83.342857</gpsHeading>
<haccuracy>5.106000</haccuracy>
<vaccuracy>5.106000</vaccuracy>
<internetconnect>2</internetconnect>
</trkpt>
<trkpt lat="35.854577" lon="138.979801">
<ele>1047.000000</ele>
<time>2026-06-06T06:45:32Z</time>
<speed>1.161208</speed>
<trueHeading>0.000000</trueHeading>
<magneticHeading>0.000000</magneticHeading>
<gpsHeading>124.597321</gpsHeading>
<haccuracy>5.664000</haccuracy>
<vaccuracy>5.664000</vaccuracy>
<internetconnect>2</internetconnect>
</trkpt>
<trkpt lat="35.854830" lon="138.980288">
<ele>1049.333333</ele>
<time>2026-06-06T06:46:20Z</time>
<speed>1.074970</speed>
<trueHeading>0.000000</trueHeading>
<magneticHeading>0.000000</magneticHeading>
<gpsHeading>57.387589</gpsHeading>
<haccuracy>5.532000</haccuracy>
<vaccuracy>5.532000</vaccuracy>
<internetconnect>2</internetconnect>
</trkpt>
<trkpt lat="35.854742" lon="138.980681">
<ele>1061.333333</ele>
<time>2026-06-06T06:47:07Z</time>
<speed>1.101728</speed>
<trueHeading>0.000000</trueHeading>
<magneticHeading>0.000000</magneticHeading>
<gpsHeading>105.386314</gpsHeading>
<haccuracy>7.369000</haccuracy>
<vaccuracy>7.369000</vaccuracy>
<internetconnect>2</internetconnect>
</trkpt>
<trkpt lat="35.854790" lon="138.981177">
<ele>1064.666667</ele>
<time>2026-06-06T06:47:54Z</time>
<speed>1.403016</speed>
<trueHeading>0.000000</trueHeading>
<magneticHeading>0.000000</magneticHeading>
<gpsHeading>83.274101</gpsHeading>
<haccuracy>4.771000</haccuracy>
<vaccuracy>4.771000</vaccuracy>
<internetconnect>2</internetconnect>
</trkpt>
<trkpt lat="35.854561" lon="138.981438">
<ele>1075.666667</ele>
<time>2026-06-06T06:49:02Z</time>
<speed>1.636672</speed>
<trueHeading>0.000000</trueHeading>
<magneticHeading>0.000000</magneticHeading>
<gpsHeading>137.255371</gpsHeading>
<haccuracy>3.370000</haccuracy>
<vaccuracy>3.370000</vaccuracy>
<internetconnect>2</internetconnect>
</trkpt>
<trkpt lat="35.853725" lon="138.982132">
<ele>1073.666667</ele>
<time>2026-06-06T06:49:49Z</time>
<speed>2.189742</speed>
<trueHeading>0.000000</trueHeading>
<magneticHeading>0.000000</magneticHeading>
<gpsHeading>146.061279</gpsHeading>
<haccuracy>5.832000</haccuracy>
<vaccuracy>5.832000</vaccuracy>
<internetconnect>2</internetconnect>
</trkpt>
<trkpt lat="35.853456" lon="138.983224">
<ele>1067.000000</ele>
<time>2026-06-06T06:50:36Z</time>
<speed>2.361121</speed>
<trueHeading>0.000000</trueHeading>
<magneticHeading>0.000000</magneticHeading>
<gpsHeading>106.921547</gpsHeading>
<haccuracy>5.969000</haccuracy>
<vaccuracy>5.969000</vaccuracy>
<internetconnect>2</internetconnect>
</trkpt>
<trkpt lat="35.853724" lon="138.984400">
<ele>1056.000000</ele>
<time>2026-06-06T06:51:23Z</time>
<speed>2.283601</speed>
<trueHeading>0.000000</trueHeading>
<magneticHeading>0.000000</magneticHeading>
<gpsHeading>74.290932</gpsHeading>
<haccuracy>8.462000</haccuracy>
<vaccuracy>8.462000</vaccuracy>
<internetconnect>2</internetconnect>
</trkpt>
<trkpt lat="35.852793" lon="138.984742">
<ele>1052.666667</ele>
<time>2026-06-06T06:52:13Z</time>
<speed>2.226616</speed>
<trueHeading>0.000000</trueHeading>
<magneticHeading>0.000000</magneticHeading>
<gpsHeading>163.444122</gpsHeading>
<haccuracy>9.220000</haccuracy>
<vaccuracy>9.220000</vaccuracy>
<internetconnect>2</internetconnect>
</trkpt>
<trkpt lat="35.851770" lon="138.984889">
<ele>1048.666667</ele>
<time>2026-06-06T06:53:03Z</time>
<speed>2.183580</speed>
<trueHeading>0.000000</trueHeading>
<magneticHeading>0.000000</magneticHeading>
<gpsHeading>173.348434</gpsHeading>
<haccuracy>5.797000</haccuracy>
<vaccuracy>5.797000</vaccuracy>
<internetconnect>2</internetconnect>
</trkpt>
<trkpt lat="35.851042" lon="138.985319">
<ele>1040.666667</ele>
<time>2026-06-06T06:53:53Z</time>
<speed>2.560374</speed>
<trueHeading>0.000000</trueHeading>
<magneticHeading>0.000000</magneticHeading>
<gpsHeading>154.386002</gpsHeading>
<haccuracy>5.812000</haccuracy>
<vaccuracy>5.812000</vaccuracy>
<internetconnect>2</internetconnect>
</trkpt>
<trkpt lat="35.850405" lon="138.986219">
<ele>1028.666667</ele>
<time>2026-06-06T06:54:40Z</time>
<speed>2.178976</speed>
<trueHeading>0.000000</trueHeading>
<magneticHeading>0.000000</magneticHeading>
<gpsHeading>131.117401</gpsHeading>
<haccuracy>5.995000</haccuracy>
<vaccuracy>5.995000</vaccuracy>
<internetconnect>2</internetconnect>
</trkpt>
<trkpt lat="35.849556" lon="138.986269">
<ele>1019.333333</ele>
<time>2026-06-06T06:55:26Z</time>
<speed>2.281556</speed>
<trueHeading>0.000000</trueHeading>
<magneticHeading>0.000000</magneticHeading>
<gpsHeading>177.236877</gpsHeading>
<haccuracy>5.948000</haccuracy>
<vaccuracy>5.948000</vaccuracy>
<internetconnect>2</internetconnect>
</trkpt>
<trkpt lat="35.848804" lon="138.986531">
<ele>1013.666667</ele>
<time>2026-06-06T06:56:12Z</time>
<speed>2.272127</speed>
<trueHeading>0.000000</trueHeading>
<magneticHeading>0.000000</magneticHeading>
<gpsHeading>164.228165</gpsHeading>
<haccuracy>6.343000</haccuracy>
<vaccuracy>6.343000</vaccuracy>
<internetconnect>2</internetconnect>
</trkpt>
<trkpt lat="35.849242" lon="138.987546">
<ele>1009.000000</ele>
<time>2026-06-06T06:56:58Z</time>
<speed>2.308486</speed>
<trueHeading>0.000000</trueHeading>
<magneticHeading>0.000000</magneticHeading>
<gpsHeading>61.952942</gpsHeading>
<haccuracy>7.790000</haccuracy>
<vaccuracy>7.790000</vaccuracy>
<internetconnect>2</internetconnect>
</trkpt>
<trkpt lat="35.849263" lon="138.988697">
<ele>1007.000000</ele>
<time>2026-06-06T06:57:48Z</time>
<speed>2.100521</speed>
<trueHeading>0.000000</trueHeading>
<magneticHeading>0.000000</magneticHeading>
<gpsHeading>88.686104</gpsHeading>
<haccuracy>5.913000</haccuracy>
<vaccuracy>5.913000</vaccuracy>
<internetconnect>2</internetconnect>
</trkpt>
<trkpt lat="35.849401" lon="138.989515">
<ele>1001.000000</ele>
<time>2026-06-06T06:58:35Z</time>
<speed>2.180851</speed>
<trueHeading>0.000000</trueHeading>
<magneticHeading>0.000000</magneticHeading>
<gpsHeading>78.255188</gpsHeading>
<haccuracy>6.199000</haccuracy>
<vaccuracy>6.199000</vaccuracy>
<internetconnect>2</internetconnect>
</trkpt>
<trkpt lat="35.850162" lon="138.990059">
<ele>997.333333</ele>
<time>2026-06-06T06:59:21Z</time>
<speed>1.973427</speed>
<trueHeading>0.000000</trueHeading>
<magneticHeading>0.000000</magneticHeading>
<gpsHeading>30.098192</gpsHeading>
<haccuracy>6.194000</haccuracy>
<vaccuracy>6.194000</vaccuracy>
<internetconnect>2</internetconnect>
</trkpt>
<trkpt lat="35.850330" lon="138.991173">
<ele>988.666667</ele>
<time>2026-06-06T07:00:12Z</time>
<speed>2.276646</speed>
<trueHeading>0.000000</trueHeading>
<magneticHeading>0.000000</magneticHeading>
<gpsHeading>79.490952</gpsHeading>
<haccuracy>5.912000</haccuracy>
<vaccuracy>5.912000</vaccuracy>
<internetconnect>2</internetconnect>
</trkpt>
<trkpt lat="35.850380" lon="138.992262">
<ele>983.000000</ele>
<time>2026-06-06T07:00:58Z</time>
<speed>2.151169</speed>
<trueHeading>0.000000</trueHeading>
<magneticHeading>0.000000</magneticHeading>
<gpsHeading>86.750275</gpsHeading>
<haccuracy>5.999000</haccuracy>
<vaccuracy>5.999000</vaccuracy>
<internetconnect>2</internetconnect>
</trkpt>
<trkpt lat="35.850769" lon="138.992906">
<ele>969.333333</ele>
<time>2026-06-06T07:01:45Z</time>
<speed>2.237595</speed>
<trueHeading>0.000000</trueHeading>
<magneticHeading>0.000000</magneticHeading>
<gpsHeading>53.315712</gpsHeading>
<haccuracy>6.400000</haccuracy>
<vaccuracy>6.400000</vaccuracy>
<internetconnect>2</internetconnect>
</trkpt>
<trkpt lat="35.851220" lon="138.993766">
<ele>962.000000</ele>
<time>2026-06-06T07:02:32Z</time>
<speed>2.065891</speed>
<trueHeading>0.000000</trueHeading>
<magneticHeading>0.000000</magneticHeading>
<gpsHeading>57.079025</gpsHeading>
<haccuracy>6.383000</haccuracy>
<vaccuracy>6.383000</vaccuracy>
<internetconnect>2</internetconnect>
</trkpt>
<trkpt lat="35.850314" lon="138.994129">
<ele>956.666667</ele>
<time>2026-06-06T07:03:18Z</time>
<speed>2.236298</speed>
<trueHeading>0.000000</trueHeading>
<magneticHeading>0.000000</magneticHeading>
<gpsHeading>162.005768</gpsHeading>
<haccuracy>8.403000</haccuracy>
<vaccuracy>8.403000</vaccuracy>
<internetconnect>2</internetconnect>
</trkpt>
<trkpt lat="35.849663" lon="138.994695">
<ele>950.333333</ele>
<time>2026-06-06T07:04:04Z</time>
<speed>2.226709</speed>
<trueHeading>0.000000</trueHeading>
<magneticHeading>0.000000</magneticHeading>
<gpsHeading>144.789368</gpsHeading>
<haccuracy>5.539000</haccuracy>
<vaccuracy>5.539000</vaccuracy>
<internetconnect>2</internetconnect>
</trkpt>
<trkpt lat="35.849597" lon="138.995671">
<ele>943.000000</ele>
<time>2026-06-06T07:04:51Z</time>
<speed>2.228488</speed>
<trueHeading>0.000000</trueHeading>
<magneticHeading>0.000000</magneticHeading>
<gpsHeading>94.778160</gpsHeading>
<haccuracy>5.639000</haccuracy>
<vaccuracy>5.639000</vaccuracy>
<internetconnect>2</internetconnect>
</trkpt>
<trkpt lat="35.850148" lon="138.996362">
<ele>934.000000</ele>
<time>2026-06-06T07:05:42Z</time>
<speed>2.180453</speed>
<trueHeading>0.000000</trueHeading>
<magneticHeading>0.000000</magneticHeading>
<gpsHeading>45.432564</gpsHeading>
<haccuracy>5.481000</haccuracy>
<vaccuracy>5.481000</vaccuracy>
<internetconnect>2</internetconnect>
</trkpt>
<trkpt lat="35.850469" lon="138.997375">
<ele>850.333333</ele>
<time>2026-06-06T07:06:28Z</time>
<speed>2.175306</speed>
<trueHeading>0.000000</trueHeading>
<magneticHeading>0.000000</magneticHeading>
<gpsHeading>68.673363</gpsHeading>
<haccuracy>6.360000</haccuracy>
<vaccuracy>6.360000</vaccuracy>
<internetconnect>2</internetconnect>
</trkpt>
<trkpt lat="35.852639" lon="139.018778">
<ele>767.000000</ele>
<time>2026-06-06T07:45:20Z</time>
<speed>0.136095</speed>
<trueHeading>0.000000</trueHeading>
<magneticHeading>0.000000</magneticHeading>
<gpsHeading>0.000000</gpsHeading>
<haccuracy>5.671000</haccuracy>
<vaccuracy>5.671000</vaccuracy>
<internetconnect>0</internetconnect>
</trkpt>
<trkpt lat="35.852648" lon="139.018786">
<ele>683.000000</ele>
<time>2026-06-06T07:45:24Z</time>
<speed>0.061851</speed>
<trueHeading>0.000000</trueHeading>
<magneticHeading>0.000000</magneticHeading>
<gpsHeading>0.000000</gpsHeading>
<haccuracy>3.000000</haccuracy>
<vaccuracy>3.000000</vaccuracy>
<internetconnect>2</internetconnect>
</trkpt>
<trkpt lat="35.852714" lon="139.019215">
<ele>678.333333</ele>
<time>2026-06-06T07:46:07Z</time>
<speed>1.113683</speed>
<trueHeading>0.000000</trueHeading>
<magneticHeading>0.000000</magneticHeading>
<gpsHeading>78.118935</gpsHeading>
<haccuracy>3.000000</haccuracy>
<vaccuracy>3.000000</vaccuracy>
<internetconnect>0</internetconnect>
</trkpt>
<trkpt lat="35.852731" lon="139.019286">
<ele>672.666667</ele>
<time>2026-06-06T07:46:11Z</time>
<speed>1.372033</speed>
<trueHeading>0.000000</trueHeading>
<magneticHeading>0.000000</magneticHeading>
<gpsHeading>78.439148</gpsHeading>
<haccuracy>3.018000</haccuracy>
<vaccuracy>3.018000</vaccuracy>
<internetconnect>2</internetconnect>
</trkpt>
<trkpt lat="35.852703" lon="139.020023">
<ele>670.666667</ele>
<time>2026-06-06T07:46:54Z</time>
<speed>1.674519</speed>
<trueHeading>0.000000</trueHeading>
<magneticHeading>0.000000</magneticHeading>
<gpsHeading>90.936264</gpsHeading>
<haccuracy>5.788000</haccuracy>
<vaccuracy>5.788000</vaccuracy>
<internetconnect>0</internetconnect>
</trkpt>
<trkpt lat="35.852693" lon="139.020092">
<ele>676.000000</ele>
<time>2026-06-06T07:46:58Z</time>
<speed>1.686252</speed>
<trueHeading>0.000000</trueHeading>
<magneticHeading>0.000000</magneticHeading>
<gpsHeading>93.257065</gpsHeading>
<haccuracy>5.605000</haccuracy>
<vaccuracy>5.605000</vaccuracy>
<internetconnect>2</internetconnect>
</trkpt>
<trkpt lat="35.852451" lon="139.020778">
<ele>682.666667</ele>
<time>2026-06-06T07:47:41Z</time>
<speed>1.572411</speed>
<trueHeading>0.000000</trueHeading>
<magneticHeading>0.000000</magneticHeading>
<gpsHeading>112.352501</gpsHeading>
<haccuracy>5.455000</haccuracy>
<vaccuracy>5.455000</vaccuracy>
<internetconnect>0</internetconnect>
</trkpt>
<trkpt lat="35.852462" lon="139.020827">
<ele>683.000000</ele>
<time>2026-06-06T07:47:45Z</time>
<speed>1.413571</speed>
<trueHeading>0.000000</trueHeading>
<magneticHeading>0.000000</magneticHeading>
<gpsHeading>111.274078</gpsHeading>
<haccuracy>6.012000</haccuracy>
<vaccuracy>6.012000</vaccuracy>
<internetconnect>2</internetconnect>
</trkpt>
<trkpt lat="35.852534" lon="139.021491">
<ele>683.333333</ele>
<time>2026-06-06T07:48:28Z</time>
<speed>1.752206</speed>
<trueHeading>0.000000</trueHeading>
<magneticHeading>0.000000</magneticHeading>
<gpsHeading>81.860184</gpsHeading>
<haccuracy>4.280000</haccuracy>
<vaccuracy>4.280000</vaccuracy>
<internetconnect>0</internetconnect>
</trkpt>
<trkpt lat="35.852455" lon="139.021522">
<ele>684.666667</ele>
<time>2026-06-06T07:48:32Z</time>
<speed>1.725866</speed>
<trueHeading>0.000000</trueHeading>
<magneticHeading>0.000000</magneticHeading>
<gpsHeading>90.630135</gpsHeading>
<haccuracy>4.995000</haccuracy>
<vaccuracy>4.995000</vaccuracy>
<internetconnect>2</internetconnect>
</trkpt>
<trkpt lat="35.852315" lon="139.022301">
<ele>691.333333</ele>
<time>2026-06-06T07:49:15Z</time>
<speed>1.644298</speed>
<trueHeading>0.000000</trueHeading>
<magneticHeading>0.000000</magneticHeading>
<gpsHeading>108.426727</gpsHeading>
<haccuracy>6.328000</haccuracy>
<vaccuracy>6.328000</vaccuracy>
<internetconnect>0</internetconnect>
</trkpt>
<trkpt lat="35.852281" lon="139.022376">
<ele>698.000000</ele>
<time>2026-06-06T07:49:20Z</time>
<speed>1.690522</speed>
<trueHeading>0.000000</trueHeading>
<magneticHeading>0.000000</magneticHeading>
<gpsHeading>104.160454</gpsHeading>
<haccuracy>5.941000</haccuracy>
<vaccuracy>5.941000</vaccuracy>
<internetconnect>2</internetconnect>
</trkpt>
<trkpt lat="35.852107" lon="139.023084">
<ele>703.333333</ele>
<time>2026-06-06T07:50:01Z</time>
<speed>1.672606</speed>
<trueHeading>0.000000</trueHeading>
<magneticHeading>0.000000</magneticHeading>
<gpsHeading>108.150993</gpsHeading>
<haccuracy>5.751000</haccuracy>
<vaccuracy>5.751000</vaccuracy>
<internetconnect>0</internetconnect>
</trkpt>
<trkpt lat="35.852104" lon="139.023171">
<ele>714.666667</ele>
<time>2026-06-06T07:50:06Z</time>
<speed>1.669736</speed>
<trueHeading>0.000000</trueHeading>
<magneticHeading>0.000000</magneticHeading>
<gpsHeading>105.366859</gpsHeading>
<haccuracy>5.953000</haccuracy>
<vaccuracy>5.953000</vaccuracy>
<internetconnect>2</internetconnect>
</trkpt>
<trkpt lat="35.851944" lon="139.023885">
<ele>720.333333</ele>
<time>2026-06-06T07:50:49Z</time>
<speed>1.707453</speed>
<trueHeading>0.000000</trueHeading>
<magneticHeading>0.000000</magneticHeading>
<gpsHeading>104.096703</gpsHeading>
<haccuracy>6.095000</haccuracy>
<vaccuracy>6.095000</vaccuracy>
<internetconnect>2</internetconnect>
</trkpt>
<trkpt lat="35.851926" lon="139.023960">
<ele>729.333333</ele>
<time>2026-06-06T07:50:54Z</time>
<speed>1.659805</speed>
<trueHeading>0.000000</trueHeading>
<magneticHeading>0.000000</magneticHeading>
<gpsHeading>105.499428</gpsHeading>
<haccuracy>6.052000</haccuracy>
<vaccuracy>6.052000</vaccuracy>
<internetconnect>2</internetconnect>
</trkpt>
<trkpt lat="35.852046" lon="139.024715">
<ele>732.000000</ele>
<time>2026-06-06T07:51:37Z</time>
<speed>1.689641</speed>
<trueHeading>0.000000</trueHeading>
<magneticHeading>0.000000</magneticHeading>
<gpsHeading>81.357826</gpsHeading>
<haccuracy>8.994000</haccuracy>
<vaccuracy>8.994000</vaccuracy>
<internetconnect>2</internetconnect>
</trkpt>
<trkpt lat="35.852025" lon="139.024811">
<ele>726.000000</ele>
<time>2026-06-06T07:51:41Z</time>
<speed>1.664188</speed>
<trueHeading>0.000000</trueHeading>
<magneticHeading>0.000000</magneticHeading>
<gpsHeading>81.866707</gpsHeading>
<haccuracy>5.799000</haccuracy>
<vaccuracy>5.799000</vaccuracy>
<internetconnect>2</internetconnect>
</trkpt>
<trkpt lat="35.851788" lon="139.025454">
<ele>716.666667</ele>
<time>2026-06-06T07:52:24Z</time>
<speed>1.705958</speed>
<trueHeading>0.000000</trueHeading>
<magneticHeading>0.000000</magneticHeading>
<gpsHeading>113.291695</gpsHeading>
<haccuracy>5.115000</haccuracy>
<vaccuracy>5.115000</vaccuracy>
<internetconnect>2</internetconnect>
</trkpt>
<trkpt lat="35.851779" lon="139.025534">
<ele>698.333333</ele>
<time>2026-06-06T07:52:29Z</time>
<speed>1.700213</speed>
<trueHeading>0.000000</trueHeading>
<magneticHeading>0.000000</magneticHeading>
<gpsHeading>112.741447</gpsHeading>
<haccuracy>5.942000</haccuracy>
<vaccuracy>5.942000</vaccuracy>
<internetconnect>2</internetconnect>
</trkpt>
<trkpt lat="35.851512" lon="139.026215">
<ele>687.666667</ele>
<time>2026-06-06T07:53:15Z</time>
<speed>1.653969</speed>
<trueHeading>0.000000</trueHeading>
<magneticHeading>0.000000</magneticHeading>
<gpsHeading>114.075531</gpsHeading>
<haccuracy>5.634000</haccuracy>
<vaccuracy>5.634000</vaccuracy>
<internetconnect>2</internetconnect>
</trkpt>
<trkpt lat="35.851512" lon="139.026215">
<ele>672.000000</ele>
<time>2026-06-06T07:53:15Z</time>
<speed>1.653969</speed>
<trueHeading>0.000000</trueHeading>
<magneticHeading>0.000000</magneticHeading>
<gpsHeading>115.807266</gpsHeading>
<haccuracy>5.634000</haccuracy>
<vaccuracy>5.634000</vaccuracy>
<internetconnect>2</internetconnect>
</trkpt>
<trkpt lat="35.851266" lon="139.026996">
<ele>667.000000</ele>
<time>2026-06-06T07:54:05Z</time>
<speed>1.643384</speed>
<trueHeading>0.000000</trueHeading>
<magneticHeading>0.000000</magneticHeading>
<gpsHeading>111.254662</gpsHeading>
<haccuracy>5.634000</haccuracy>
<vaccuracy>5.634000</vaccuracy>
<internetconnect>2</internetconnect>
</trkpt>
<trkpt lat="35.851266" lon="139.026996">
<ele>666.333333</ele>
<time>2026-06-06T07:54:05Z</time>
<speed>1.643384</speed>
<trueHeading>0.000000</trueHeading>
<magneticHeading>0.000000</magneticHeading>
<gpsHeading>111.254662</gpsHeading>
<haccuracy>5.634000</haccuracy>
<vaccuracy>5.634000</vaccuracy>
<internetconnect>2</internetconnect>
</trkpt>
<trkpt lat="35.850735" lon="139.027026">
<ele>670.666667</ele>
<time>2026-06-06T07:54:52Z</time>
<speed>1.722673</speed>
<trueHeading>0.000000</trueHeading>
<magneticHeading>0.000000</magneticHeading>
<gpsHeading>177.442047</gpsHeading>
<haccuracy>6.104000</haccuracy>
<vaccuracy>6.104000</vaccuracy>
<internetconnect>2</internetconnect>
</trkpt>
<trkpt lat="35.850735" lon="139.027026">
<ele>675.000000</ele>
<time>2026-06-06T07:54:52Z</time>
<speed>1.722673</speed>
<trueHeading>0.000000</trueHeading>
<magneticHeading>0.000000</magneticHeading>
<gpsHeading>177.442047</gpsHeading>
<haccuracy>6.104000</haccuracy>
<vaccuracy>6.104000</vaccuracy>
<internetconnect>2</internetconnect>
</trkpt>
<trkpt lat="35.850481" lon="139.027822">
<ele>675.000000</ele>
<time>2026-06-06T07:55:38Z</time>
<speed>1.686413</speed>
<trueHeading>0.000000</trueHeading>
<magneticHeading>0.000000</magneticHeading>
<gpsHeading>111.460556</gpsHeading>
<haccuracy>5.922000</haccuracy>
<vaccuracy>5.922000</vaccuracy>
<internetconnect>2</internetconnect>
</trkpt>
<trkpt lat="35.850481" lon="139.027822">
<ele>672.333333</ele>
<time>2026-06-06T07:55:38Z</time>
<speed>1.686413</speed>
<trueHeading>0.000000</trueHeading>
<magneticHeading>0.000000</magneticHeading>
<gpsHeading>111.460556</gpsHeading>
<haccuracy>5.922000</haccuracy>
<vaccuracy>5.922000</vaccuracy>
<internetconnect>2</internetconnect>
</trkpt>
<trkpt lat="35.850692" lon="139.028600">
<ele>669.666667</ele>
<time>2026-06-06T07:56:25Z</time>
<speed>1.666209</speed>
<trueHeading>0.000000</trueHeading>
<magneticHeading>0.000000</magneticHeading>
<gpsHeading>71.498985</gpsHeading>
<haccuracy>5.703000</haccuracy>
<vaccuracy>5.703000</vaccuracy>
<internetconnect>2</internetconnect>
</trkpt>
<trkpt lat="35.850692" lon="139.028600">
<ele>659.333333</ele>
<time>2026-06-06T07:56:25Z</time>
<speed>1.666209</speed>
<trueHeading>0.000000</trueHeading>
<magneticHeading>0.000000</magneticHeading>
<gpsHeading>71.498985</gpsHeading>
<haccuracy>5.703000</haccuracy>
<vaccuracy>5.703000</vaccuracy>
<internetconnect>2</internetconnect>
</trkpt>
<trkpt lat="35.850771" lon="139.029309">
<ele>651.666667</ele>
<time>2026-06-06T07:57:15Z</time>
<speed>1.678723</speed>
<trueHeading>0.000000</trueHeading>
<magneticHeading>0.000000</magneticHeading>
<gpsHeading>82.175934</gpsHeading>
<haccuracy>5.457000</haccuracy>
<vaccuracy>5.457000</vaccuracy>
<internetconnect>2</internetconnect>
</trkpt>
<trkpt lat="35.850771" lon="139.029309">
<ele>639.000000</ele>
<time>2026-06-06T07:57:15Z</time>
<speed>1.678723</speed>
<trueHeading>0.000000</trueHeading>
<magneticHeading>0.000000</magneticHeading>
<gpsHeading>82.175934</gpsHeading>
<haccuracy>5.457000</haccuracy>
<vaccuracy>5.457000</vaccuracy>
<internetconnect>2</internetconnect>
</trkpt>
<trkpt lat="35.850248" lon="139.029651">
<ele>634.000000</ele>
<time>2026-06-06T07:58:02Z</time>
<speed>1.648188</speed>
<trueHeading>0.000000</trueHeading>
<magneticHeading>0.000000</magneticHeading>
<gpsHeading>152.058929</gpsHeading>
<haccuracy>5.652000</haccuracy>
<vaccuracy>5.652000</vaccuracy>
<internetconnect>2</internetconnect>
</trkpt>
<trkpt lat="35.850248" lon="139.029651">
<ele>625.333333</ele>
<time>2026-06-06T07:58:02Z</time>
<speed>1.648188</speed>
<trueHeading>0.000000</trueHeading>
<magneticHeading>0.000000</magneticHeading>
<gpsHeading>152.058929</gpsHeading>
<haccuracy>5.652000</haccuracy>
<vaccuracy>5.652000</vaccuracy>
<internetconnect>2</internetconnect>
</trkpt>
<trkpt lat="35.850114" lon="139.030457">
<ele>621.666667</ele>
<time>2026-06-06T07:58:48Z</time>
<speed>1.648383</speed>
<trueHeading>0.000000</trueHeading>
<magneticHeading>0.000000</magneticHeading>
<gpsHeading>101.573006</gpsHeading>
<haccuracy>5.756000</haccuracy>
<vaccuracy>5.756000</vaccuracy>
<internetconnect>2</internetconnect>
</trkpt>
<trkpt lat="35.850114" lon="139.030457">
<ele>617.000000</ele>
<time>2026-06-06T07:58:48Z</time>
<speed>1.648383</speed>
<trueHeading>0.000000</trueHeading>
<magneticHeading>0.000000</magneticHeading>
<gpsHeading>101.573006</gpsHeading>
<haccuracy>5.756000</haccuracy>
<vaccuracy>5.756000</vaccuracy>
<internetconnect>2</internetconnect>
</trkpt>
<trkpt lat="35.849813" lon="139.031110">
<ele>616.000000</ele>
<time>2026-06-06T07:59:34Z</time>
<speed>1.667553</speed>
<trueHeading>0.000000</trueHeading>
<magneticHeading>0.000000</magneticHeading>
<gpsHeading>119.627510</gpsHeading>
<haccuracy>5.669000</haccuracy>
<vaccuracy>5.669000</vaccuracy>
<internetconnect>2</internetconnect>
</trkpt>
<trkpt lat="35.849813" lon="139.031110">
<ele>615.000000</ele>
<time>2026-06-06T07:59:34Z</time>
<speed>1.667553</speed>
<trueHeading>0.000000</trueHeading>
<magneticHeading>0.000000</magneticHeading>
<gpsHeading>119.627510</gpsHeading>
<haccuracy>5.669000</haccuracy>
<vaccuracy>5.669000</vaccuracy>
<internetconnect>2</internetconnect>
</trkpt>
<trkpt lat="35.849484" lon="139.031803">
<ele>615.000000</ele>
<time>2026-06-06T08:00:21Z</time>
<speed>1.697219</speed>
<trueHeading>0.000000</trueHeading>
<magneticHeading>0.000000</magneticHeading>
<gpsHeading>120.391716</gpsHeading>
<haccuracy>6.216000</haccuracy>
<vaccuracy>6.216000</vaccuracy>
<internetconnect>2</internetconnect>
</trkpt>
<trkpt lat="35.849484" lon="139.031803">
<ele>614.666667</ele>
<time>2026-06-06T08:00:21Z</time>
<speed>1.697219</speed>
<trueHeading>0.000000</trueHeading>
<magneticHeading>0.000000</magneticHeading>
<gpsHeading>120.391716</gpsHeading>
<haccuracy>6.216000</haccuracy>
<vaccuracy>6.216000</vaccuracy>
<internetconnect>2</internetconnect>
</trkpt>
<trkpt lat="35.849217" lon="139.032525">
<ele>614.333333</ele>
<time>2026-06-06T08:01:07Z</time>
<speed>1.571136</speed>
<trueHeading>0.000000</trueHeading>
<magneticHeading>0.000000</magneticHeading>
<gpsHeading>114.550255</gpsHeading>
<haccuracy>5.610000</haccuracy>
<vaccuracy>5.610000</vaccuracy>
<internetconnect>2</internetconnect>
</trkpt>
<trkpt lat="35.849217" lon="139.032525">
<ele>617.000000</ele>
<time>2026-06-06T08:01:07Z</time>
<speed>1.571136</speed>
<trueHeading>0.000000</trueHeading>
<magneticHeading>0.000000</magneticHeading>
<gpsHeading>114.550255</gpsHeading>
<haccuracy>5.610000</haccuracy>
<vaccuracy>5.610000</vaccuracy>
<internetconnect>2</internetconnect>
</trkpt>
<trkpt lat="35.849271" lon="139.033342">
<ele>620.000000</ele>
<time>2026-06-06T08:01:54Z</time>
<speed>1.681168</speed>
<trueHeading>0.000000</trueHeading>
<magneticHeading>0.000000</magneticHeading>
<gpsHeading>85.282112</gpsHeading>
<haccuracy>5.504000</haccuracy>
<vaccuracy>5.504000</vaccuracy>
<internetconnect>2</internetconnect>
</trkpt>
<trkpt lat="35.849271" lon="139.033342">
<ele>625.000000</ele>
<time>2026-06-06T08:01:54Z</time>
<speed>1.681168</speed>
<trueHeading>0.000000</trueHeading>
<magneticHeading>0.000000</magneticHeading>
<gpsHeading>85.282112</gpsHeading>
<haccuracy>5.504000</haccuracy>
<vaccuracy>5.504000</vaccuracy>
<internetconnect>2</internetconnect>
</trkpt>
<trkpt lat="35.849444" lon="139.034095">
<ele>627.000000</ele>
<time>2026-06-06T08:02:40Z</time>
<speed>1.649343</speed>
<trueHeading>0.000000</trueHeading>
<magneticHeading>0.000000</magneticHeading>
<gpsHeading>74.217896</gpsHeading>
<haccuracy>5.805000</haccuracy>
<vaccuracy>5.805000</vaccuracy>
<internetconnect>2</internetconnect>
</trkpt>
<trkpt lat="35.849444" lon="139.034095">
<ele>625.000000</ele>
<time>2026-06-06T08:02:40Z</time>
<speed>1.649343</speed>
<trueHeading>0.000000</trueHeading>
<magneticHeading>0.000000</magneticHeading>
<gpsHeading>74.217896</gpsHeading>
<haccuracy>5.805000</haccuracy>
<vaccuracy>5.805000</vaccuracy>
<internetconnect>2</internetconnect>
</trkpt>
<trkpt lat="35.849181" lon="139.034858">
<ele>621.000000</ele>
<time>2026-06-06T08:03:27Z</time>
<speed>1.674643</speed>
<trueHeading>0.000000</trueHeading>
<magneticHeading>0.000000</magneticHeading>
<gpsHeading>113.016609</gpsHeading>
<haccuracy>6.332000</haccuracy>
<vaccuracy>6.332000</vaccuracy>
<internetconnect>2</internetconnect>
</trkpt>
<trkpt lat="35.849181" lon="139.034858">
<ele>618.000000</ele>
<time>2026-06-06T08:03:27Z</time>
<speed>1.674643</speed>
<trueHeading>0.000000</trueHeading>
<magneticHeading>0.000000</magneticHeading>
<gpsHeading>113.016609</gpsHeading>
<haccuracy>6.332000</haccuracy>
<vaccuracy>6.332000</vaccuracy>
<internetconnect>2</internetconnect>
</trkpt>
<trkpt lat="35.849098" lon="139.035507">
<ele>619.000000</ele>
<time>2026-06-06T08:04:13Z</time>
<speed>1.651974</speed>
<trueHeading>0.000000</trueHeading>
<magneticHeading>0.000000</magneticHeading>
<gpsHeading>98.946220</gpsHeading>
<haccuracy>6.659000</haccuracy>
<vaccuracy>6.659000</vaccuracy>
<internetconnect>2</internetconnect>
</trkpt>
<trkpt lat="35.849098" lon="139.035507">
<ele>619.333333</ele>
<time>2026-06-06T08:04:13Z</time>
<speed>1.651974</speed>
<trueHeading>0.000000</trueHeading>
<magneticHeading>0.000000</magneticHeading>
<gpsHeading>98.946220</gpsHeading>
<haccuracy>6.659000</haccuracy>
<vaccuracy>6.659000</vaccuracy>
<internetconnect>2</internetconnect>
</trkpt>
<trkpt lat="35.848953" lon="139.036387">
<ele>618.666667</ele>
<time>2026-06-06T08:05:04Z</time>
<speed>1.662433</speed>
<trueHeading>0.000000</trueHeading>
<magneticHeading>0.000000</magneticHeading>
<gpsHeading>101.475288</gpsHeading>
<haccuracy>5.205000</haccuracy>
<vaccuracy>5.205000</vaccuracy>
<internetconnect>2</internetconnect>
</trkpt>
<trkpt lat="35.848953" lon="139.036387">
<ele>616.333333</ele>
<time>2026-06-06T08:05:04Z</time>
<speed>1.662433</speed>
<trueHeading>0.000000</trueHeading>
<magneticHeading>0.000000</magneticHeading>
<gpsHeading>101.475288</gpsHeading>
<haccuracy>5.205000</haccuracy>
<vaccuracy>5.205000</vaccuracy>
<internetconnect>2</internetconnect>
</trkpt>
<trkpt lat="35.848919" lon="139.037183">
<ele>614.666667</ele>
<time>2026-06-06T08:05:50Z</time>
<speed>1.617696</speed>
<trueHeading>0.000000</trueHeading>
<magneticHeading>0.000000</magneticHeading>
<gpsHeading>93.042274</gpsHeading>
<haccuracy>6.226000</haccuracy>
<vaccuracy>6.226000</vaccuracy>
<internetconnect>2</internetconnect>
</trkpt>
<trkpt lat="35.848919" lon="139.037183">
<ele>607.666667</ele>
<time>2026-06-06T08:05:50Z</time>
<speed>1.617696</speed>
<trueHeading>0.000000</trueHeading>
<magneticHeading>0.000000</magneticHeading>
<gpsHeading>93.042274</gpsHeading>
<haccuracy>6.226000</haccuracy>
<vaccuracy>6.226000</vaccuracy>
<internetconnect>2</internetconnect>
</trkpt>
<trkpt lat="35.848401" lon="139.037559">
<ele>602.333333</ele>
<time>2026-06-06T08:06:36Z</time>
<speed>1.648014</speed>
<trueHeading>0.000000</trueHeading>
<magneticHeading>0.000000</magneticHeading>
<gpsHeading>149.550095</gpsHeading>
<haccuracy>5.614000</haccuracy>
<vaccuracy>5.614000</vaccuracy>
<internetconnect>2</internetconnect>
</trkpt>
<trkpt lat="35.848401" lon="139.037559">
<ele>598.666667</ele>
<time>2026-06-06T08:06:36Z</time>
<speed>1.648014</speed>
<trueHeading>0.000000</trueHeading>
<magneticHeading>0.000000</magneticHeading>
<gpsHeading>149.550095</gpsHeading>
<haccuracy>5.614000</haccuracy>
<vaccuracy>5.614000</vaccuracy>
<internetconnect>2</internetconnect>
</trkpt>
<trkpt lat="35.847786" lon="139.037799">
<ele>600.333333</ele>
<time>2026-06-06T08:07:23Z</time>
<speed>1.623037</speed>
<trueHeading>0.000000</trueHeading>
<magneticHeading>0.000000</magneticHeading>
<gpsHeading>162.437531</gpsHeading>
<haccuracy>5.631000</haccuracy>
<vaccuracy>5.631000</vaccuracy>
<internetconnect>2</internetconnect>
</trkpt>
<trkpt lat="35.847786" lon="139.037799">
<ele>603.000000</ele>
<time>2026-06-06T08:07:23Z</time>
<speed>1.623037</speed>
<trueHeading>0.000000</trueHeading>
<magneticHeading>0.000000</magneticHeading>
<gpsHeading>162.437531</gpsHeading>
<haccuracy>5.631000</haccuracy>
<vaccuracy>5.631000</vaccuracy>
<internetconnect>2</internetconnect>
</trkpt>
<trkpt lat="35.847318" lon="139.038414">
<ele>604.000000</ele>
<time>2026-06-06T08:08:09Z</time>
<speed>1.642452</speed>
<trueHeading>0.000000</trueHeading>
<magneticHeading>0.000000</magneticHeading>
<gpsHeading>133.192184</gpsHeading>
<haccuracy>6.657000</haccuracy>
<vaccuracy>6.657000</vaccuracy>
<internetconnect>2</internetconnect>
</trkpt>
<trkpt lat="35.847318" lon="139.038414">
<ele>605.666667</ele>
<time>2026-06-06T08:08:09Z</time>
<speed>1.642452</speed>
<trueHeading>0.000000</trueHeading>
<magneticHeading>0.000000</magneticHeading>
<gpsHeading>133.192184</gpsHeading>
<haccuracy>6.657000</haccuracy>
<vaccuracy>6.657000</vaccuracy>
<internetconnect>2</internetconnect>
</trkpt>
<trkpt lat="35.846766" lon="139.038656">
<ele>606.333333</ele>
<time>2026-06-06T08:08:56Z</time>
<speed>1.616102</speed>
<trueHeading>0.000000</trueHeading>
<magneticHeading>0.000000</magneticHeading>
<gpsHeading>160.463699</gpsHeading>
<haccuracy>5.559000</haccuracy>
<vaccuracy>5.559000</vaccuracy>
<internetconnect>2</internetconnect>
</trkpt>
<trkpt lat="35.846766" lon="139.038656">
<ele>606.333333</ele>
<time>2026-06-06T08:08:56Z</time>
<speed>1.616102</speed>
<trueHeading>0.000000</trueHeading>
<magneticHeading>0.000000</magneticHeading>
<gpsHeading>160.463699</gpsHeading>
<haccuracy>5.559000</haccuracy>
<vaccuracy>5.559000</vaccuracy>
<internetconnect>2</internetconnect>
</trkpt>
<trkpt lat="35.846096" lon="139.038664">
<ele>605.666667</ele>
<time>2026-06-06T08:09:43Z</time>
<speed>1.641123</speed>
<trueHeading>0.000000</trueHeading>
<magneticHeading>0.000000</magneticHeading>
<gpsHeading>179.452072</gpsHeading>
<haccuracy>5.556000</haccuracy>
<vaccuracy>5.556000</vaccuracy>
<internetconnect>2</internetconnect>
</trkpt>
<trkpt lat="35.846096" lon="139.038664">
<ele>605.000000</ele>
<time>2026-06-06T08:09:43Z</time>
<speed>1.641123</speed>
<trueHeading>0.000000</trueHeading>
<magneticHeading>0.000000</magneticHeading>
<gpsHeading>179.452072</gpsHeading>
<haccuracy>5.556000</haccuracy>
<vaccuracy>5.556000</vaccuracy>
<internetconnect>2</internetconnect>
</trkpt>
<trkpt lat="35.845516" lon="139.038980">
<ele>605.000000</ele>
<time>2026-06-06T08:10:30Z</time>
<speed>1.625503</speed>
<trueHeading>0.000000</trueHeading>
<magneticHeading>0.000000</magneticHeading>
<gpsHeading>156.185471</gpsHeading>
<haccuracy>5.541000</haccuracy>
<vaccuracy>5.541000</vaccuracy>
<internetconnect>2</internetconnect>
</trkpt>
<trkpt lat="35.845516" lon="139.038980">
<ele>604.333333</ele>
<time>2026-06-06T08:10:30Z</time>
<speed>1.625503</speed>
<trueHeading>0.000000</trueHeading>
<magneticHeading>0.000000</magneticHeading>
<gpsHeading>156.185471</gpsHeading>
<haccuracy>5.541000</haccuracy>
<vaccuracy>5.541000</vaccuracy>
<internetconnect>2</internetconnect>
</trkpt>
<trkpt lat="35.844891" lon="139.039056">
<ele>603.666667</ele>
<time>2026-06-06T08:11:16Z</time>
<speed>1.675215</speed>
<trueHeading>0.000000</trueHeading>
<magneticHeading>0.000000</magneticHeading>
<gpsHeading>174.373276</gpsHeading>
<haccuracy>5.400000</haccuracy>
<vaccuracy>5.400000</vaccuracy>
<internetconnect>2</internetconnect>
</trkpt>
<trkpt lat="35.844891" lon="139.039056">
<ele>601.666667</ele>
<time>2026-06-06T08:11:16Z</time>
<speed>1.675215</speed>
<trueHeading>0.000000</trueHeading>
<magneticHeading>0.000000</magneticHeading>
<gpsHeading>174.373276</gpsHeading>
<haccuracy>5.400000</haccuracy>
<vaccuracy>5.400000</vaccuracy>
<internetconnect>2</internetconnect>
</trkpt>
<trkpt lat="35.844299" lon="139.038691">
<ele>600.333333</ele>
<time>2026-06-06T08:12:03Z</time>
<speed>1.642740</speed>
<trueHeading>0.000000</trueHeading>
<magneticHeading>0.000000</magneticHeading>
<gpsHeading>206.563416</gpsHeading>
<haccuracy>5.447000</haccuracy>
<vaccuracy>5.447000</vaccuracy>
<internetconnect>2</internetconnect>
</trkpt>
<trkpt lat="35.844299" lon="139.038691">
<ele>591.333333</ele>
<time>2026-06-06T08:12:03Z</time>
<speed>1.642740</speed>
<trueHeading>0.000000</trueHeading>
<magneticHeading>0.000000</magneticHeading>
<gpsHeading>206.563416</gpsHeading>
<haccuracy>5.447000</haccuracy>
<vaccuracy>5.447000</vaccuracy>
<internetconnect>2</internetconnect>
</trkpt>
<trkpt lat="35.843746" lon="139.038321">
<ele>583.666667</ele>
<time>2026-06-06T08:12:50Z</time>
<speed>1.655776</speed>
<trueHeading>0.000000</trueHeading>
<magneticHeading>0.000000</magneticHeading>
<gpsHeading>208.475906</gpsHeading>
<haccuracy>5.469000</haccuracy>
<vaccuracy>5.469000</vaccuracy>
<internetconnect>2</internetconnect>
</trkpt>
<trkpt lat="35.843746" lon="139.038321">
<ele>595.333333</ele>
<time>2026-06-06T08:12:50Z</time>
<speed>1.655776</speed>
<trueHeading>0.000000</trueHeading>
<magneticHeading>0.000000</magneticHeading>
<gpsHeading>208.475906</gpsHeading>
<haccuracy>5.469000</haccuracy>
<vaccuracy>5.469000</vaccuracy>
<internetconnect>2</internetconnect>
</trkpt>
<trkpt lat="35.843208" lon="139.038631">
<ele>614.666667</ele>
<time>2026-06-06T08:13:36Z</time>
<speed>1.655860</speed>
<trueHeading>0.000000</trueHeading>
<magneticHeading>0.000000</magneticHeading>
<gpsHeading>154.942963</gpsHeading>
<haccuracy>5.801000</haccuracy>
<vaccuracy>5.801000</vaccuracy>
<internetconnect>2</internetconnect>
</trkpt>
<trkpt lat="35.843208" lon="139.038631">
<ele>626.666667</ele>
<time>2026-06-06T08:13:36Z</time>
<speed>1.655860</speed>
<trueHeading>0.000000</trueHeading>
<magneticHeading>0.000000</magneticHeading>
<gpsHeading>154.942963</gpsHeading>
<haccuracy>5.801000</haccuracy>
<vaccuracy>5.801000</vaccuracy>
<internetconnect>2</internetconnect>
</trkpt>
<trkpt lat="35.842660" lon="139.038122">
<ele>619.333333</ele>
<time>2026-06-06T08:14:22Z</time>
<speed>1.653605</speed>
<trueHeading>0.000000</trueHeading>
<magneticHeading>0.000000</magneticHeading>
<gpsHeading>216.910568</gpsHeading>
<haccuracy>5.540000</haccuracy>
<vaccuracy>5.540000</vaccuracy>
<internetconnect>2</internetconnect>
</trkpt>
<trkpt lat="35.842660" lon="139.038122">
<ele>614.666667</ele>
<time>2026-06-06T08:14:22Z</time>
<speed>1.653605</speed>
<trueHeading>0.000000</trueHeading>
<magneticHeading>0.000000</magneticHeading>
<gpsHeading>216.910568</gpsHeading>
<haccuracy>5.540000</haccuracy>
<vaccuracy>5.540000</vaccuracy>
<internetconnect>2</internetconnect>
</trkpt>
<trkpt lat="35.842180" lon="139.038532">
<ele>617.333333</ele>
<time>2026-06-06T08:15:09Z</time>
<speed>1.371742</speed>
<trueHeading>0.000000</trueHeading>
<magneticHeading>0.000000</magneticHeading>
<gpsHeading>145.283981</gpsHeading>
<haccuracy>8.429000</haccuracy>
<vaccuracy>8.429000</vaccuracy>
<internetconnect>2</internetconnect>
</trkpt>
<trkpt lat="35.842180" lon="139.038532">
<ele>619.000000</ele>
<time>2026-06-06T08:15:09Z</time>
<speed>1.371742</speed>
<trueHeading>0.000000</trueHeading>
<magneticHeading>0.000000</magneticHeading>
<gpsHeading>145.283981</gpsHeading>
<haccuracy>8.429000</haccuracy>
<vaccuracy>8.429000</vaccuracy>
<internetconnect>2</internetconnect>
</trkpt>
<trkpt lat="35.841755" lon="139.039102">
<ele>618.000000</ele>
<time>2026-06-06T08:15:56Z</time>
<speed>1.400174</speed>
<trueHeading>0.000000</trueHeading>
<magneticHeading>0.000000</magneticHeading>
<gpsHeading>132.622559</gpsHeading>
<haccuracy>7.719000</haccuracy>
<vaccuracy>7.719000</vaccuracy>
<internetconnect>2</internetconnect>
</trkpt>
<trkpt lat="35.841755" lon="139.039102">
<ele>616.666667</ele>
<time>2026-06-06T08:15:56Z</time>
<speed>1.400174</speed>
<trueHeading>0.000000</trueHeading>
<magneticHeading>0.000000</magneticHeading>
<gpsHeading>132.622559</gpsHeading>
<haccuracy>7.719000</haccuracy>
<vaccuracy>7.719000</vaccuracy>
<internetconnect>2</internetconnect>
</trkpt>
<trkpt lat="35.841308" lon="139.039619">
<ele>616.333333</ele>
<time>2026-06-06T08:16:44Z</time>
<speed>1.080393</speed>
<trueHeading>0.000000</trueHeading>
<magneticHeading>0.000000</magneticHeading>
<gpsHeading>136.839478</gpsHeading>
<haccuracy>4.254000</haccuracy>
<vaccuracy>4.254000</vaccuracy>
<internetconnect>2</internetconnect>
</trkpt>
<trkpt lat="35.841308" lon="139.039619">
<ele>615.333333</ele>
<time>2026-06-06T08:16:44Z</time>
<speed>1.080393</speed>
<trueHeading>0.000000</trueHeading>
<magneticHeading>0.000000</magneticHeading>
<gpsHeading>136.839478</gpsHeading>
<haccuracy>4.254000</haccuracy>
<vaccuracy>4.254000</vaccuracy>
<internetconnect>2</internetconnect>
</trkpt>
<trkpt lat="35.841103" lon="139.040275">
<ele>614.666667</ele>
<time>2026-06-06T08:17:31Z</time>
<speed>1.673944</speed>
<trueHeading>0.000000</trueHeading>
<magneticHeading>0.000000</magneticHeading>
<gpsHeading>111.033951</gpsHeading>
<haccuracy>5.973000</haccuracy>
<vaccuracy>5.973000</vaccuracy>
<internetconnect>2</internetconnect>
</trkpt>
<trkpt lat="35.841103" lon="139.040275">
<ele>614.666667</ele>
<time>2026-06-06T08:17:31Z</time>
<speed>1.673944</speed>
<trueHeading>0.000000</trueHeading>
<magneticHeading>0.000000</magneticHeading>
<gpsHeading>111.033951</gpsHeading>
<haccuracy>5.973000</haccuracy>
<vaccuracy>5.973000</vaccuracy>
<internetconnect>2</internetconnect>
</trkpt>
<trkpt lat="35.841044" lon="139.041143">
<ele>615.333333</ele>
<time>2026-06-06T08:18:17Z</time>
<speed>1.647243</speed>
<trueHeading>0.000000</trueHeading>
<magneticHeading>0.000000</magneticHeading>
<gpsHeading>94.822601</gpsHeading>
<haccuracy>7.206000</haccuracy>
<vaccuracy>7.206000</vaccuracy>
<internetconnect>2</internetconnect>
</trkpt>
<trkpt lat="35.841044" lon="139.041143">
<ele>615.000000</ele>
<time>2026-06-06T08:18:17Z</time>
<speed>1.647243</speed>
<trueHeading>0.000000</trueHeading>
<magneticHeading>0.000000</magneticHeading>
<gpsHeading>94.822601</gpsHeading>
<haccuracy>7.206000</haccuracy>
<vaccuracy>7.206000</vaccuracy>
<internetconnect>2</internetconnect>
</trkpt>
<trkpt lat="35.841071" lon="139.042035">
<ele>614.000000</ele>
<time>2026-06-06T08:19:07Z</time>
<speed>1.638994</speed>
<trueHeading>0.000000</trueHeading>
<magneticHeading>0.000000</magneticHeading>
<gpsHeading>87.838341</gpsHeading>
<haccuracy>5.686000</haccuracy>
<vaccuracy>5.686000</vaccuracy>
<internetconnect>2</internetconnect>
</trkpt>
<trkpt lat="35.841071" lon="139.042035">
<ele>614.333333</ele>
<time>2026-06-06T08:19:07Z</time>
<speed>1.638994</speed>
<trueHeading>0.000000</trueHeading>
<magneticHeading>0.000000</magneticHeading>
<gpsHeading>87.838341</gpsHeading>
<haccuracy>5.686000</haccuracy>
<vaccuracy>5.686000</vaccuracy>
<internetconnect>2</internetconnect>
</trkpt>
<trkpt lat="35.841381" lon="139.042669">
<ele>615.666667</ele>
<time>2026-06-06T08:19:54Z</time>
<speed>1.645709</speed>
<trueHeading>0.000000</trueHeading>
<magneticHeading>0.000000</magneticHeading>
<gpsHeading>58.886875</gpsHeading>
<haccuracy>6.430000</haccuracy>
<vaccuracy>6.430000</vaccuracy>
<internetconnect>2</internetconnect>
</trkpt>
<trkpt lat="35.841381" lon="139.042669">
<ele>616.333333</ele>
<time>2026-06-06T08:19:54Z</time>
<speed>1.645709</speed>
<trueHeading>0.000000</trueHeading>
<magneticHeading>0.000000</magneticHeading>
<gpsHeading>58.886875</gpsHeading>
<haccuracy>6.430000</haccuracy>
<vaccuracy>6.430000</vaccuracy>
<internetconnect>2</internetconnect>
</trkpt>
<trkpt lat="35.841215" lon="139.043406">
<ele>615.666667</ele>
<time>2026-06-06T08:20:41Z</time>
<speed>1.658683</speed>
<trueHeading>0.000000</trueHeading>
<magneticHeading>0.000000</magneticHeading>
<gpsHeading>105.581390</gpsHeading>
<haccuracy>5.693000</haccuracy>
<vaccuracy>5.693000</vaccuracy>
<internetconnect>2</internetconnect>
</trkpt>
<trkpt lat="35.841215" lon="139.043406">
<ele>616.333333</ele>
<time>2026-06-06T08:20:41Z</time>
<speed>1.658683</speed>
<trueHeading>0.000000</trueHeading>
<magneticHeading>0.000000</magneticHeading>
<gpsHeading>105.581390</gpsHeading>
<haccuracy>5.693000</haccuracy>
<vaccuracy>5.693000</vaccuracy>
<internetconnect>2</internetconnect>
</trkpt>
<trkpt lat="35.841555" lon="139.043913">
<ele>617.666667</ele>
<time>2026-06-06T08:21:27Z</time>
<speed>1.429127</speed>
<trueHeading>0.000000</trueHeading>
<magneticHeading>0.000000</magneticHeading>
<gpsHeading>50.348049</gpsHeading>
<haccuracy>13.136000</haccuracy>
<vaccuracy>13.136000</vaccuracy>
<internetconnect>2</internetconnect>
</trkpt>
<trkpt lat="35.841555" lon="139.043913">
<ele>619.000000</ele>
<time>2026-06-06T08:21:27Z</time>
<speed>1.429127</speed>
<trueHeading>0.000000</trueHeading>
<magneticHeading>0.000000</magneticHeading>
<gpsHeading>50.348049</gpsHeading>
<haccuracy>13.136000</haccuracy>
<vaccuracy>13.136000</vaccuracy>
<internetconnect>2</internetconnect>
</trkpt>
<trkpt lat="35.841613" lon="139.043987">
<ele>619.000000</ele>
<time>2026-06-06T08:23:30Z</time>
<speed>0.980673</speed>
<trueHeading>0.000000</trueHeading>
<magneticHeading>0.000000</magneticHeading>
<gpsHeading>46.555183</gpsHeading>
<haccuracy>8.256000</haccuracy>
<vaccuracy>8.256000</vaccuracy>
<internetconnect>2</internetconnect>
</trkpt>
<trkpt lat="35.841613" lon="139.043987">
<ele>619.000000</ele>
<time>2026-06-06T08:23:30Z</time>
<speed>0.980673</speed>
<trueHeading>0.000000</trueHeading>
<magneticHeading>0.000000</magneticHeading>
<gpsHeading>46.555183</gpsHeading>
<haccuracy>8.256000</haccuracy>
<vaccuracy>8.256000</vaccuracy>
<internetconnect>2</internetconnect>
</trkpt>
</trkseg></trk>
<trk>
<name>20260606</name>
<trkseg>
<trkpt lat="35.841831" lon="139.044539">
<ele>625.000000</ele>
<time>2026-06-06T08:24:19Z</time>
<speed>1.284387</speed>
<trueHeading>0.000000</trueHeading>
<magneticHeading>0.000000</magneticHeading>
<gpsHeading>63.938881</gpsHeading>
<haccuracy>3.015000</haccuracy>
<vaccuracy>3.015000</vaccuracy>
<internetconnect>2</internetconnect>
</trkpt>
<trkpt lat="35.841764" lon="139.044587">
<ele>620.000000</ele>
<time>2026-06-06T08:30:40Z</time>
<speed>0.230828</speed>
<trueHeading>0.000000</trueHeading>
<magneticHeading>0.000000</magneticHeading>
<gpsHeading>150.120377</gpsHeading>
<haccuracy>5.556000</haccuracy>
<vaccuracy>5.556000</vaccuracy>
<internetconnect>2</internetconnect>
</trkpt>
<trkpt lat="35.841768" lon="139.044952">
<ele>619.000000</ele>
<time>2026-06-06T08:31:28Z</time>
<speed>4.898201</speed>
<trueHeading>0.000000</trueHeading>
<magneticHeading>0.000000</magneticHeading>
<gpsHeading>89.225899</gpsHeading>
<haccuracy>8.628000</haccuracy>
<vaccuracy>8.628000</vaccuracy>
<internetconnect>2</internetconnect>
</trkpt>
</trkseg></trk></gpx>
